image	response
../dataset/datasets/cub/5shot/train/Black_footed_Albatross/5.jpg	A bird soars with wings spread wide.
../dataset/datasets/cub/5shot/train/Black_footed_Albatross/40.jpg	A bird soars with wings spread wide.
../dataset/datasets/cub/5shot/train/Black_footed_Albatross/55.jpg	A bird is swimming with wings spread.
../dataset/datasets/cub/5shot/train/Black_footed_Albatross/42.jpg	A bird is gliding over water with wings spread wide.
../dataset/datasets/cub/5shot/train/Black_footed_Albatross/20.jpg	A bird is in flight, wings spread wide.
../dataset/datasets/cub/5shot/train/Laysan_Albatross/99.jpg	A bird is diving into water with wings spread, holding prey in its beak.
../dataset/datasets/cub/5shot/train/Laysan_Albatross/69.jpg	A bird soars with wings spread wide.
../dataset/datasets/cub/5shot/train/Laysan_Albatross/115.jpg	A bird soars with wings spread wide.
../dataset/datasets/cub/5shot/train/Laysan_Albatross/81.jpg	A bird is lying down with its head raised.
../dataset/datasets/cub/5shot/train/Laysan_Albatross/74.jpg	A bird soars with wings spread wide.
../dataset/datasets/cub/5shot/train/Sooty_Albatross/127.jpg	A bird soars with wings spread wide over the ocean.
../dataset/datasets/cub/5shot/train/Sooty_Albatross/124.jpg	A bird soars gracefully over water.
../dataset/datasets/cub/5shot/train/Sooty_Albatross/153.jpg	A bird soars gracefully with wings spread wide.
../dataset/datasets/cub/5shot/train/Sooty_Albatross/131.jpg	A bird stands on rocks, head tilted upwards.
../dataset/datasets/cub/5shot/train/Sooty_Albatross/138.jpg	A bird stands upright with head slightly turned.
../dataset/datasets/cub/5shot/train/Groove_billed_Ani/206.jpg	A bird perches on branch, head slightly tilted.
../dataset/datasets/cub/5shot/train/Groove_billed_Ani/221.jpg	A bird perches on a branch, head turned slightly.
../dataset/datasets/cub/5shot/train/Groove_billed_Ani/230.jpg	A bird perches on branch, head down.
../dataset/datasets/cub/5shot/train/Groove_billed_Ani/196.jpg	A bird perches on barbed wire.
../dataset/datasets/cub/5shot/train/Groove_billed_Ani/218.jpg	A bird perches on a branch, head slightly tilted.
../dataset/datasets/cub/5shot/train/Crested_Auklet/266.jpg	A bird stands upright, head slightly tilted.
../dataset/datasets/cub/5shot/train/Crested_Auklet/250.jpg	A bird stands upright on a rock, facing right.
../dataset/datasets/cub/5shot/train/Crested_Auklet/261.jpg	A bird perches on rock, head turned.
../dataset/datasets/cub/5shot/train/Crested_Auklet/257.jpg	A bird perched, head tilted upward.
../dataset/datasets/cub/5shot/train/Crested_Auklet/254.jpg	A bird stands on a rock, head slightly tilted.
../dataset/datasets/cub/5shot/train/Least_Auklet/283.jpg	A bird perches on rock, head slightly tilted.
../dataset/datasets/cub/5shot/train/Least_Auklet/293.jpg	A bird perches on rock, head tilted upward.
../dataset/datasets/cub/5shot/train/Least_Auklet/287.jpg	A bird perched on rock, head tilted upward.
../dataset/datasets/cub/5shot/train/Least_Auklet/302.jpg	A bird perches on rock, head slightly tilted.
../dataset/datasets/cub/5shot/train/Least_Auklet/307.jpg	A bird perches on rock, mouth open.
../dataset/datasets/cub/5shot/train/Parakeet_Auklet/345.jpg	a bird perched on rock, head slightly tilted.
../dataset/datasets/cub/5shot/train/Parakeet_Auklet/336.jpg	A bird perched, wings slightly spread.
../dataset/datasets/cub/5shot/train/Parakeet_Auklet/361.jpg	A bird perches on rock, head slightly tilted.
../dataset/datasets/cub/5shot/train/Parakeet_Auklet/326.jpg	A bird perches on rock, head turned slightly.
../dataset/datasets/cub/5shot/train/Parakeet_Auklet/332.jpg	A bird perches on rocks, head slightly tilted.
../dataset/datasets/cub/5shot/train/Rhinoceros_Auklet/421.jpg	A bird is resting on a rock, head slightly tilted.
../dataset/datasets/cub/5shot/train/Rhinoceros_Auklet/380.jpg	A bird is floating on water, head slightly tilted.
../dataset/datasets/cub/5shot/train/Rhinoceros_Auklet/395.jpg	A bird soars with fish in beak, wings spread wide.
../dataset/datasets/cub/5shot/train/Rhinoceros_Auklet/415.jpg	A bird is in flight, wings spread.
../dataset/datasets/cub/5shot/train/Rhinoceros_Auklet/423.jpg	A bird stands still, head slightly tilted.
../dataset/datasets/cub/5shot/train/Brewer_Blackbird/461.jpg	A bird perches among leaves, head slightly turned.
../dataset/datasets/cub/5shot/train/Brewer_Blackbird/479.jpg	A bird stands upright on a rock.
../dataset/datasets/cub/5shot/train/Brewer_Blackbird/465.jpg	a bird perched on fence, head turned.
../dataset/datasets/cub/5shot/train/Brewer_Blackbird/428.jpg	A bird perches on a rock, facing right.
../dataset/datasets/cub/5shot/train/Brewer_Blackbird/470.jpg	A bird perches on branch, head slightly tilted.
../dataset/datasets/cub/5shot/train/Red_winged_Blackbird/523.jpg	A bird perches on a stick, head slightly tilted.
../dataset/datasets/cub/5shot/train/Red_winged_Blackbird/511.jpg	A bird perches on a chain, facing right.
../dataset/datasets/cub/5shot/train/Red_winged_Blackbird/535.jpg	A bird perched on thorny branch, facing left.
../dataset/datasets/cub/5shot/train/Red_winged_Blackbird/496.jpg	A bird perches on branch, head slightly tilted.
../dataset/datasets/cub/5shot/train/Red_winged_Blackbird/520.jpg	A bird perched, head raised, wings slightly spread.
../dataset/datasets/cub/5shot/train/Rusty_Blackbird/581.jpg	A bird perches on branch, head slightly tilted.
../dataset/datasets/cub/5shot/train/Rusty_Blackbird/570.jpg	A bird stands alert, head slightly tilted.
../dataset/datasets/cub/5shot/train/Rusty_Blackbird/574.jpg	A bird perches on a branch, facing right.
../dataset/datasets/cub/5shot/train/Rusty_Blackbird/561.jpg	A bird perches on a branch, facing left.
../dataset/datasets/cub/5shot/train/Rusty_Blackbird/598.jpg	A bird stands on snowy ground, head slightly tilted.
../dataset/datasets/cub/5shot/train/Yellow_headed_Blackbird/645.jpg	A bird perched on reeds, facing right.
../dataset/datasets/cub/5shot/train/Yellow_headed_Blackbird/630.jpg	A bird perches on reeds, head slightly turned.
../dataset/datasets/cub/5shot/train/Yellow_headed_Blackbird/612.jpg	A bird perches on a branch, facing right.
../dataset/datasets/cub/5shot/train/Yellow_headed_Blackbird/611.jpg	A bird perches on reeds, facing left.
../dataset/datasets/cub/5shot/train/Yellow_headed_Blackbird/606.jpg	A bird perches on branch, head raised.
../dataset/datasets/cub/5shot/train/Bobolink/682.jpg	A bird perches on a plant, facing left.
../dataset/datasets/cub/5shot/train/Bobolink/677.jpg	A bird perched on wire, head raised.
../dataset/datasets/cub/5shot/train/Bobolink/710.jpg	A bird perches on twig, head slightly tilted.
../dataset/datasets/cub/5shot/train/Bobolink/669.jpg	A bird perches on a plant, facing left.
../dataset/datasets/cub/5shot/train/Bobolink/706.jpg	A bird perches on branch, facing right.
../dataset/datasets/cub/5shot/train/Indigo_Bunting/768.jpg	A bird perched on branch, facing left.
../dataset/datasets/cub/5shot/train/Indigo_Bunting/776.jpg	A bird stands on ground, head slightly turned.
../dataset/datasets/cub/5shot/train/Indigo_Bunting/740.jpg	A bird perched on branch, head tilted upward.
../dataset/datasets/cub/5shot/train/Indigo_Bunting/756.jpg	A bird perched on branch, facing right.
../dataset/datasets/cub/5shot/train/Indigo_Bunting/754.jpg	A bird perched on branch, facing right.
../dataset/datasets/cub/5shot/train/Lazuli_Bunting/782.jpg	A bird perched on branch, facing right.
../dataset/datasets/cub/5shot/train/Lazuli_Bunting/822.jpg	A bird perched on branch, facing right.
../dataset/datasets/cub/5shot/train/Lazuli_Bunting/835.jpg	A bird perched on branch, facing left.
../dataset/datasets/cub/5shot/train/Lazuli_Bunting/780.jpg	A bird perches on log, head slightly turned.
../dataset/datasets/cub/5shot/train/Lazuli_Bunting/792.jpg	A bird perched on branch, slightly open beak.
../dataset/datasets/cub/5shot/train/Painted_Bunting/884.jpg	A bird perches on edge, facing right.
../dataset/datasets/cub/5shot/train/Painted_Bunting/860.jpg	A bird stands on ground, head slightly tilted.
../dataset/datasets/cub/5shot/train/Painted_Bunting/889.jpg	A bird perches on curved metal, facing left.
../dataset/datasets/cub/5shot/train/Painted_Bunting/895.jpg	A bird perches on birdbath.
../dataset/datasets/cub/5shot/train/Painted_Bunting/877.jpg	A bird perched on branch, facing left.
../dataset/datasets/cub/5shot/train/Cardinal/898.jpg	A bird perched on branch, head slightly tilted.
../dataset/datasets/cub/5shot/train/Cardinal/922.jpg	A bird perches with open beak, standing on edge.
../dataset/datasets/cub/5shot/train/Cardinal/900.jpg	A bird lying on its side in snow.
../dataset/datasets/cub/5shot/train/Cardinal/941.jpg	A bird perches on flower, facing right.
../dataset/datasets/cub/5shot/train/Cardinal/943.jpg	A bird perched on branch, facing right.
../dataset/datasets/cub/5shot/train/Spotted_Catbird/985.jpg	A bird perches on branch, facing right.
../dataset/datasets/cub/5shot/train/Spotted_Catbird/974.jpg	A bird perches on branch, head slightly tilted.
../dataset/datasets/cub/5shot/train/Spotted_Catbird/955.jpg	A bird perched on branch, wings slightly spread.
../dataset/datasets/cub/5shot/train/Spotted_Catbird/991.jpg	A bird perched on branch, facing right.
../dataset/datasets/cub/5shot/train/Spotted_Catbird/992.jpg	A bird perched, wings slightly spread.
../dataset/datasets/cub/5shot/train/Gray_Catbird/1000.jpg	A bird perches on wire, tail slightly raised.
../dataset/datasets/cub/5shot/train/Gray_Catbird/1007.jpg	A bird perches on a branch, facing left.
../dataset/datasets/cub/5shot/train/Gray_Catbird/1048.jpg	A bird perches on a stick, tail fanned out.
../dataset/datasets/cub/5shot/train/Gray_Catbird/1056.jpg	A bird stands on one leg, head slightly tilted.
../dataset/datasets/cub/5shot/train/Gray_Catbird/1042.jpg	A bird perches on branch, tail extended.
../dataset/datasets/cub/5shot/train/Yellow_breasted_Chat/1114.jpg	A bird perches on plant stem, facing right.
../dataset/datasets/cub/5shot/train/Yellow_breasted_Chat/1101.jpg	A bird perches on branch, head slightly turned.
../dataset/datasets/cub/5shot/train/Yellow_breasted_Chat/1111.jpg	A bird perches on branch, facing right.
../dataset/datasets/cub/5shot/train/Yellow_breasted_Chat/1098.jpg	A bird perches on a black object, facing left.
../dataset/datasets/cub/5shot/train/Yellow_breasted_Chat/1074.jpg	A bird perched on branch, head slightly tilted.
../dataset/datasets/cub/5shot/train/Eastern_Towhee/1147.jpg	A bird perches on a branch, facing right.
../dataset/datasets/cub/5shot/train/Eastern_Towhee/1126.jpg	A bird stands on snowy ground, tail raised.
../dataset/datasets/cub/5shot/train/Eastern_Towhee/1157.jpg	A bird perches on branch, facing left.
../dataset/datasets/cub/5shot/train/Eastern_Towhee/1166.jpg	A bird perches on branch, head turned slightly.
../dataset/datasets/cub/5shot/train/Eastern_Towhee/1165.jpg	A bird perches on branch, head slightly tilted.
../dataset/datasets/cub/5shot/train/Chuck_will_Widow/1196.jpg	a bird lying on ground, camouflaged among leaves.
../dataset/datasets/cub/5shot/train/Chuck_will_Widow/1214.jpg	a bird is camouflaged on forest floor.
../dataset/datasets/cub/5shot/train/Chuck_will_Widow/1207.jpg	A bird perched on a branch, facing left.
../dataset/datasets/cub/5shot/train/Chuck_will_Widow/1191.jpg	A bird is perched on a person's hand, wings slightly spread.
../dataset/datasets/cub/5shot/train/Chuck_will_Widow/1229.jpg	A bird is perched on a person's hand, wings slightly spread.
../dataset/datasets/cub/5shot/train/Brandt_Cormorant/1248.jpg	A bird stands still, head slightly tilted.
../dataset/datasets/cub/5shot/train/Brandt_Cormorant/1290.jpg	A bird is flying with wings spread wide over water.
../dataset/datasets/cub/5shot/train/Brandt_Cormorant/1260.jpg	Bird takes off from water, wings spread.
../dataset/datasets/cub/5shot/train/Brandt_Cormorant/1287.jpg	A bird flapping wings in water.
../dataset/datasets/cub/5shot/train/Brandt_Cormorant/1236.jpg	A bird stands upright on a rock, head slightly tilted.
../dataset/datasets/cub/5shot/train/Red_faced_Cormorant/1332.jpg	A bird stands upright, head slightly tilted.
../dataset/datasets/cub/5shot/train/Red_faced_Cormorant/1311.jpg	A bird perched on rock, head slightly tilted.
../dataset/datasets/cub/5shot/train/Red_faced_Cormorant/1338.jpg	A bird stands on nest, head tilted upward.
../dataset/datasets/cub/5shot/train/Red_faced_Cormorant/1337.jpg	A bird stands on rocks, head turned.
../dataset/datasets/cub/5shot/train/Red_faced_Cormorant/1308.jpg	A bird is in flight, wings spread wide.
../dataset/datasets/cub/5shot/train/Pelagic_Cormorant/1368.jpg	A bird is taking off from water with wings spread wide.
../dataset/datasets/cub/5shot/train/Pelagic_Cormorant/1374.jpg	A bird is swimming with its head tilted back.
../dataset/datasets/cub/5shot/train/Pelagic_Cormorant/1378.jpg	A bird takes flight, wings spread wide.
../dataset/datasets/cub/5shot/train/Pelagic_Cormorant/1360.jpg	A bird stands upright, head slightly tilted.
../dataset/datasets/cub/5shot/train/Pelagic_Cormorant/1349.jpg	A bird spreads its wings wide, perched on rocks.
../dataset/datasets/cub/5shot/train/Bronzed_Cowbird/1445.jpg	A bird perched, head slightly tilted.
../dataset/datasets/cub/5shot/train/Bronzed_Cowbird/1461.jpg	A bird perches on branch, head slightly tilted.
../dataset/datasets/cub/5shot/train/Bronzed_Cowbird/1453.jpg	A bird stands on grass, head slightly tilted.
../dataset/datasets/cub/5shot/train/Bronzed_Cowbird/1440.jpg	A bird stands alert, head slightly tilted.
../dataset/datasets/cub/5shot/train/Bronzed_Cowbird/1405.jpg	A bird perches on a feeder, beak open.
../dataset/datasets/cub/5shot/train/Shiny_Cowbird/1468.jpg	A bird stands on grass, head slightly turned.
../dataset/datasets/cub/5shot/train/Shiny_Cowbird/1476.jpg	A bird perches on branch, facing left.
../dataset/datasets/cub/5shot/train/Shiny_Cowbird/1493.jpg	A bird perches on a wooden stump.
../dataset/datasets/cub/5shot/train/Shiny_Cowbird/1470.jpg	A bird perched on wire, head turned slightly.
../dataset/datasets/cub/5shot/train/Shiny_Cowbird/1512.jpg	A bird perched, head turned.
../dataset/datasets/cub/5shot/train/Brown_Creeper/1569.jpg	A bird perches on tree trunk, clinging with feet and beak.
../dataset/datasets/cub/5shot/train/Brown_Creeper/1565.jpg	A bird perches vertically on tree trunk, head tilted upward.
../dataset/datasets/cub/5shot/train/Brown_Creeper/1527.jpg	A bird perches on tree trunk, holding food in beak.
../dataset/datasets/cub/5shot/train/Brown_Creeper/1567.jpg	A bird perches on branch, head tilted upward.
../dataset/datasets/cub/5shot/train/Brown_Creeper/1528.jpg	A bird perches vertically on tree trunk, head tilted upward.
../dataset/datasets/cub/5shot/train/American_Crow/1624.jpg	A bird perched on branch, head slightly tilted.
../dataset/datasets/cub/5shot/train/American_Crow/1591.jpg	A bird stands on grass, head slightly turned.
../dataset/datasets/cub/5shot/train/American_Crow/1587.jpg	A bird perches on edge, beak open, holding food.
../dataset/datasets/cub/5shot/train/American_Crow/1585.jpg	A bird stands with prey in its beak.
../dataset/datasets/cub/5shot/train/American_Crow/1599.jpg	A bird stands with worm in beak, legs spread.
../dataset/datasets/cub/5shot/train/Fish_Crow/1701.jpg	A bird stands on sandy ground, head slightly tilted.
../dataset/datasets/cub/5shot/train/Fish_Crow/1677.jpg	A bird perched on branch, head turned slightly.
../dataset/datasets/cub/5shot/train/Fish_Crow/1688.jpg	A bird perched on railing, head turned.
../dataset/datasets/cub/5shot/train/Fish_Crow/1699.jpg	A bird perched, head turned.
../dataset/datasets/cub/5shot/train/Fish_Crow/1681.jpg	A bird stands upright, facing right.
../dataset/datasets/cub/5shot/train/Black_billed_Cuckoo/1744.jpg	A bird perches on a branch, facing left.
../dataset/datasets/cub/5shot/train/Black_billed_Cuckoo/1740.jpg	A bird perches on branch, head slightly tilted.
../dataset/datasets/cub/5shot/train/Black_billed_Cuckoo/1711.jpg	A bird perched on branch, facing right.
../dataset/datasets/cub/5shot/train/Black_billed_Cuckoo/1724.jpg	A bird perched on hand, head tilted.
../dataset/datasets/cub/5shot/train/Black_billed_Cuckoo/1720.jpg	A bird perches on branch, head slightly tilted.
../dataset/datasets/cub/5shot/train/Mangrove_Cuckoo/1802.jpg	A bird perches on branch, head slightly tilted.
../dataset/datasets/cub/5shot/train/Mangrove_Cuckoo/1812.jpg	A bird perches on branch, tail fanned out.
../dataset/datasets/cub/5shot/train/Mangrove_Cuckoo/1769.jpg	A bird perched on branch, facing right.
../dataset/datasets/cub/5shot/train/Mangrove_Cuckoo/1781.jpg	A bird perches on branch, head slightly tilted.
../dataset/datasets/cub/5shot/train/Mangrove_Cuckoo/1809.jpg	A bird perches on a branch, facing right.
../dataset/datasets/cub/5shot/train/Yellow_billed_Cuckoo/1852.jpg	A bird perches on a branch, facing left.
../dataset/datasets/cub/5shot/train/Yellow_billed_Cuckoo/1817.jpg	A bird perched on a branch, facing left.
../dataset/datasets/cub/5shot/train/Yellow_billed_Cuckoo/1855.jpg	A bird perched on branch, head slightly tilted.
../dataset/datasets/cub/5shot/train/Yellow_billed_Cuckoo/1841.jpg	a bird perched, head slightly turned.
../dataset/datasets/cub/5shot/train/Yellow_billed_Cuckoo/1821.jpg	A bird perches on branch, tail fanned out.
../dataset/datasets/cub/5shot/train/Gray_crowned_Rosy_Finch/1883.jpg	A bird perched, head slightly tilted.
../dataset/datasets/cub/5shot/train/Gray_crowned_Rosy_Finch/1929.jpg	A bird perched on snow, head slightly tilted.
../dataset/datasets/cub/5shot/train/Gray_crowned_Rosy_Finch/1905.jpg	A bird perches on twig, head slightly tilted.
../dataset/datasets/cub/5shot/train/Gray_crowned_Rosy_Finch/1930.jpg	A bird is perched on ice, head slightly lowered.
../dataset/datasets/cub/5shot/train/Gray_crowned_Rosy_Finch/1903.jpg	a bird perched on rock, facing left.
../dataset/datasets/cub/5shot/train/Purple_Finch/1963.jpg	A bird perched on branch, facing left.
../dataset/datasets/cub/5shot/train/Purple_Finch/1974.jpg	A bird perches on seeds, facing right.
../dataset/datasets/cub/5shot/train/Purple_Finch/1982.jpg	A bird perched on branch, facing left.
../dataset/datasets/cub/5shot/train/Purple_Finch/1945.jpg	A bird perched on branch, head turned slightly.
../dataset/datasets/cub/5shot/train/Purple_Finch/1961.jpg	A bird perches on curved metal, facing left.
../dataset/datasets/cub/5shot/train/Northern_Flicker/2007.jpg	a bird perched on branch, head turned slightly.
../dataset/datasets/cub/5shot/train/Northern_Flicker/2003.jpg	A bird perches on tree trunk, head slightly tilted.
../dataset/datasets/cub/5shot/train/Northern_Flicker/2019.jpg	a bird perched on umbrella.
../dataset/datasets/cub/5shot/train/Northern_Flicker/2002.jpg	a bird perched on branch.
../dataset/datasets/cub/5shot/train/Northern_Flicker/2017.jpg	A bird perches on branch, head slightly turned.
../dataset/datasets/cub/5shot/train/Acadian_Flycatcher/2110.jpg	A bird perched on branch, facing left.
../dataset/datasets/cub/5shot/train/Acadian_Flycatcher/2068.jpg	A bird perches on branch, beak open.
../dataset/datasets/cub/5shot/train/Acadian_Flycatcher/2055.jpg	A bird perches on a branch, facing left.
../dataset/datasets/cub/5shot/train/Acadian_Flycatcher/2089.jpg	A bird perches on branch, facing right.
../dataset/datasets/cub/5shot/train/Acadian_Flycatcher/2071.jpg	A bird perched on branch, facing left.
../dataset/datasets/cub/5shot/train/Great_Crested_Flycatcher/2125.jpg	A bird perches on a branch, facing left.
../dataset/datasets/cub/5shot/train/Great_Crested_Flycatcher/2138.jpg	A bird perches on branch, head slightly tilted.
../dataset/datasets/cub/5shot/train/Great_Crested_Flycatcher/2166.jpg	a bird perched on branch, facing right.
../dataset/datasets/cub/5shot/train/Great_Crested_Flycatcher/2165.jpg	A bird perches on a branch, facing left.
../dataset/datasets/cub/5shot/train/Great_Crested_Flycatcher/2121.jpg	a bird perched on branch, facing right.
../dataset/datasets/cub/5shot/train/Least_Flycatcher/2174.jpg	A bird perches on a branch, facing left.
../dataset/datasets/cub/5shot/train/Least_Flycatcher/2196.jpg	A bird perches on a branch, facing slightly right.
../dataset/datasets/cub/5shot/train/Least_Flycatcher/2181.jpg	A bird perches on branch, head slightly tilted.
../dataset/datasets/cub/5shot/train/Least_Flycatcher/2224.jpg	a bird perched on edge, facing right.
../dataset/datasets/cub/5shot/train/Least_Flycatcher/2173.jpg	A bird perches on branch, head slightly tilted.
../dataset/datasets/cub/5shot/train/Olive_sided_Flycatcher/2259.jpg	A bird perches on a branch, facing right.
../dataset/datasets/cub/5shot/train/Olive_sided_Flycatcher/2237.jpg	A bird perches on branch, facing right.
../dataset/datasets/cub/5shot/train/Olive_sided_Flycatcher/2272.jpg	A bird perches on branch, head slightly tilted.
../dataset/datasets/cub/5shot/train/Olive_sided_Flycatcher/2240.jpg	A bird perches on a branch, facing slightly right.
../dataset/datasets/cub/5shot/train/Olive_sided_Flycatcher/2235.jpg	A bird perches on branch, facing left.
../dataset/datasets/cub/5shot/train/Scissor_tailed_Flycatcher/2343.jpg	A bird perches on plant, tail fanned out.
../dataset/datasets/cub/5shot/train/Scissor_tailed_Flycatcher/2326.jpg	a bird stands still, tail extended.
../dataset/datasets/cub/5shot/train/Scissor_tailed_Flycatcher/2313.jpg	A bird perches on wire, tail fanned out.
../dataset/datasets/cub/5shot/train/Scissor_tailed_Flycatcher/2334.jpg	A bird perches on wire, tail fanned out.
../dataset/datasets/cub/5shot/train/Scissor_tailed_Flycatcher/2337.jpg	a bird perched on branch, facing right.
../dataset/datasets/cub/5shot/train/Vermilion_Flycatcher/2396.jpg	A bird perches on branch, head slightly tilted.
../dataset/datasets/cub/5shot/train/Vermilion_Flycatcher/2395.jpg	A bird perches on branch, head slightly turned.
../dataset/datasets/cub/5shot/train/Vermilion_Flycatcher/2388.jpg	A bird perches on branch, head slightly tilted.
../dataset/datasets/cub/5shot/train/Vermilion_Flycatcher/2408.jpg	a bird perched on post, head slightly tilted.
../dataset/datasets/cub/5shot/train/Vermilion_Flycatcher/2369.jpg	A bird perches on branch, head slightly tilted.
../dataset/datasets/cub/5shot/train/Yellow_bellied_Flycatcher/2469.jpg	A bird perched on edge, head slightly turned.
../dataset/datasets/cub/5shot/train/Yellow_bellied_Flycatcher/2465.jpg	A bird perches on branch, head slightly tilted.
../dataset/datasets/cub/5shot/train/Yellow_bellied_Flycatcher/2446.jpg	A bird perches on a branch, facing left.
../dataset/datasets/cub/5shot/train/Yellow_bellied_Flycatcher/2424.jpg	A bird perches on branch, facing slightly left.
../dataset/datasets/cub/5shot/train/Yellow_bellied_Flycatcher/2440.jpg	A bird perches on branch, facing slightly left.
../dataset/datasets/cub/5shot/train/Frigatebird/2515.jpg	A bird perched, head tilted back, red gular pouch inflated.
../dataset/datasets/cub/5shot/train/Frigatebird/2490.jpg	A bird soars with outstretched wings.
../dataset/datasets/cub/5shot/train/Frigatebird/2478.jpg	A bird perches on a rusted structure, head slightly tilted.
../dataset/datasets/cub/5shot/train/Frigatebird/2509.jpg	A bird perches on wire, wings slightly spread.
../dataset/datasets/cub/5shot/train/Frigatebird/2504.jpg	A bird soars with wings spread wide.
../dataset/datasets/cub/5shot/train/Northern_Fulmar/2534.jpg	A bird soars with wings spread, gliding over water.
../dataset/datasets/cub/5shot/train/Northern_Fulmar/2562.jpg	A bird is floating calmly on water.
../dataset/datasets/cub/5shot/train/Northern_Fulmar/2587.jpg	A bird is flying with wings spread.
../dataset/datasets/cub/5shot/train/Northern_Fulmar/2555.jpg	A bird soars with wings spread wide.
../dataset/datasets/cub/5shot/train/Northern_Fulmar/2585.jpg	A bird is flying with wings spread, holding an object in its beak.
../dataset/datasets/cub/5shot/train/Gadwall/2605.jpg	A bird is swimming with its head slightly tilted.
../dataset/datasets/cub/5shot/train/Gadwall/2597.jpg	A bird swims calmly on water.
../dataset/datasets/cub/5shot/train/Gadwall/2629.jpg	A bird spreads its wings while standing in water.
../dataset/datasets/cub/5shot/train/Gadwall/2626.jpg	A bird is swimming calmly on water.
../dataset/datasets/cub/5shot/train/Gadwall/2616.jpg	A bird is swimming calmly on water.
../dataset/datasets/cub/5shot/train/American_Goldfinch/2672.jpg	A bird perches on branch, head slightly tilted.
../dataset/datasets/cub/5shot/train/American_Goldfinch/2686.jpg	A bird perches on branch, facing left.
../dataset/datasets/cub/5shot/train/American_Goldfinch/2666.jpg	A bird perches on a branch, facing right.
../dataset/datasets/cub/5shot/train/American_Goldfinch/2708.jpg	A bird stands on ground, head slightly tilted.
../dataset/datasets/cub/5shot/train/American_Goldfinch/2692.jpg	A bird perches on branch, head slightly tilted.
../dataset/datasets/cub/5shot/train/European_Goldfinch/2757.jpg	A bird perched on branch, facing right.
../dataset/datasets/cub/5shot/train/European_Goldfinch/2741.jpg	A bird perched on wire, facing right.
../dataset/datasets/cub/5shot/train/European_Goldfinch/2723.jpg	A bird perches on plant, head slightly tilted.
../dataset/datasets/cub/5shot/train/European_Goldfinch/2728.jpg	A bird perches on a branch, facing right.
../dataset/datasets/cub/5shot/train/European_Goldfinch/2743.jpg	A bird is in flight, wings spread.
../dataset/datasets/cub/5shot/train/Boat_tailed_Grackle/2788.jpg	A bird stands on one leg, beak open.
../dataset/datasets/cub/5shot/train/Boat_tailed_Grackle/2786.jpg	A bird perched, open beak.
../dataset/datasets/cub/5shot/train/Boat_tailed_Grackle/2775.jpg	A bird perched on a branch, facing left.
../dataset/datasets/cub/5shot/train/Boat_tailed_Grackle/2827.jpg	A bird stands on one leg, head slightly tilted.
../dataset/datasets/cub/5shot/train/Boat_tailed_Grackle/2809.jpg	A bird perches on wooden bench.
../dataset/datasets/cub/5shot/train/Eared_Grebe/2832.jpg	A bird is floating calmly on water.
../dataset/datasets/cub/5shot/train/Eared_Grebe/2860.jpg	A bird is swimming calmly on water.
../dataset/datasets/cub/5shot/train/Eared_Grebe/2833.jpg	A bird swims calmly, head slightly tilted.
../dataset/datasets/cub/5shot/train/Eared_Grebe/2876.jpg	A bird is swimming with its head slightly tilted.
../dataset/datasets/cub/5shot/train/Eared_Grebe/2872.jpg	A bird is swimming with its head turned to the side.
../dataset/datasets/cub/5shot/train/Horned_Grebe/2903.jpg	A bird is swimming with its head slightly tilted.
../dataset/datasets/cub/5shot/train/Horned_Grebe/2905.jpg	A bird is swimming with its head slightly tilted.
../dataset/datasets/cub/5shot/train/Horned_Grebe/2946.jpg	A bird is swimming with its head turned slightly to the side.
../dataset/datasets/cub/5shot/train/Horned_Grebe/2914.jpg	A bird is floating on water, head slightly tilted.
../dataset/datasets/cub/5shot/train/Horned_Grebe/2894.jpg	A bird swims with a fish in its beak.
../dataset/datasets/cub/5shot/train/Pied_billed_Grebe/2955.jpg	A bird is swimming with its head turned to the side.
../dataset/datasets/cub/5shot/train/Pied_billed_Grebe/2990.jpg	A bird is swimming with its head slightly raised.
../dataset/datasets/cub/5shot/train/Pied_billed_Grebe/2976.jpg	A bird is sitting with its head slightly tilted and beak open.
../dataset/datasets/cub/5shot/train/Pied_billed_Grebe/2994.jpg	A bird is floating on water, head slightly tilted.
../dataset/datasets/cub/5shot/train/Pied_billed_Grebe/2964.jpg	A bird is floating on water, head slightly tilted.
../dataset/datasets/cub/5shot/train/Western_Grebe/3030.jpg	A bird diving into water.
../dataset/datasets/cub/5shot/train/Western_Grebe/3052.jpg	A bird swims calmly, head slightly tilted.
../dataset/datasets/cub/5shot/train/Western_Grebe/3028.jpg	A bird swims calmly, head slightly tilted.
../dataset/datasets/cub/5shot/train/Western_Grebe/3016.jpg	A bird is swimming with its head slightly tilted back.
../dataset/datasets/cub/5shot/train/Western_Grebe/3049.jpg	A bird stands on sand, head tilted back.
../dataset/datasets/cub/5shot/train/Blue_Grosbeak/3093.jpg	A bird stands on wooden surface, beak open.
../dataset/datasets/cub/5shot/train/Blue_Grosbeak/3096.jpg	A bird perches on barbed wire, facing right.
../dataset/datasets/cub/5shot/train/Blue_Grosbeak/3088.jpg	A bird perches on a twig, facing right.
../dataset/datasets/cub/5shot/train/Blue_Grosbeak/3089.jpg	A bird perched on a post, facing right.
../dataset/datasets/cub/5shot/train/Blue_Grosbeak/3070.jpg	A bird perched on branch, facing right.
../dataset/datasets/cub/5shot/train/Evening_Grosbeak/3160.jpg	A bird stands on gravel, head slightly turned.
../dataset/datasets/cub/5shot/train/Evening_Grosbeak/3175.jpg	A bird perched on branch, head slightly tilted.
../dataset/datasets/cub/5shot/train/Evening_Grosbeak/3158.jpg	A bird perched on branch, facing left.
../dataset/datasets/cub/5shot/train/Evening_Grosbeak/3141.jpg	A bird perches on wooden post, facing left.
../dataset/datasets/cub/5shot/train/Evening_Grosbeak/3143.jpg	A bird perches on feeder, head turned slightly.
../dataset/datasets/cub/5shot/train/Pine_Grosbeak/3194.jpg	A bird perches on branch, facing right.
../dataset/datasets/cub/5shot/train/Pine_Grosbeak/3209.jpg	A bird perches on branch, facing right.
../dataset/datasets/cub/5shot/train/Pine_Grosbeak/3221.jpg	A bird perched on branch, holding food in beak.
../dataset/datasets/cub/5shot/train/Pine_Grosbeak/3236.jpg	A bird perches on branch, facing right.
../dataset/datasets/cub/5shot/train/Pine_Grosbeak/3208.jpg	A bird perches on branch, facing right.
../dataset/datasets/cub/5shot/train/Rose_breasted_Grosbeak/3270.jpg	A bird perches on feeder, head tilted slightly.
../dataset/datasets/cub/5shot/train/Rose_breasted_Grosbeak/3283.jpg	A bird perches on feeder, head slightly tilted.
../dataset/datasets/cub/5shot/train/Rose_breasted_Grosbeak/3306.jpg	A bird perches on branch, facing left.
../dataset/datasets/cub/5shot/train/Rose_breasted_Grosbeak/3271.jpg	A bird perches on branch, head slightly tilted.
../dataset/datasets/cub/5shot/train/Rose_breasted_Grosbeak/3250.jpg	A bird perched on a hand, facing forward.
../dataset/datasets/cub/5shot/train/Pigeon_Guillemot/3348.jpg	A bird is standing on water with wings slightly raised and tail feathers fanned out.
../dataset/datasets/cub/5shot/train/Pigeon_Guillemot/3333.jpg	A bird perches on wood, facing left.
../dataset/datasets/cub/5shot/train/Pigeon_Guillemot/3336.jpg	A bird stands on a rock, facing right.
../dataset/datasets/cub/5shot/train/Pigeon_Guillemot/3310.jpg	A bird is diving into water with wings spread and legs extended.
../dataset/datasets/cub/5shot/train/Pigeon_Guillemot/3360.jpg	A bird stands on one leg, head slightly lowered.
../dataset/datasets/cub/5shot/train/California_Gull/3394.jpg	A bird stands on a rock, facing right.
../dataset/datasets/cub/5shot/train/California_Gull/3371.jpg	A bird soars with wings spread, feet tucked in.
../dataset/datasets/cub/5shot/train/California_Gull/3426.jpg	A bird stands perched on a box, facing left.
../dataset/datasets/cub/5shot/train/California_Gull/3373.jpg	a bird walks on wet sand.
../dataset/datasets/cub/5shot/train/California_Gull/3382.jpg	A bird stands on one leg, head turned slightly.
../dataset/datasets/cub/5shot/train/Glaucous_winged_Gull/3467.jpg	A bird is in flight, wings spread wide.
../dataset/datasets/cub/5shot/train/Glaucous_winged_Gull/3435.jpg	A bird perches calmly on a post.
../dataset/datasets/cub/5shot/train/Glaucous_winged_Gull/3447.jpg	A bird stands on rocks, facing right.
../dataset/datasets/cub/5shot/train/Glaucous_winged_Gull/3437.jpg	A bird stands on one leg, head slightly tilted.
../dataset/datasets/cub/5shot/train/Glaucous_winged_Gull/3462.jpg	A bird stands on one leg, preening.
../dataset/datasets/cub/5shot/train/Heermann_Gull/3546.jpg	A bird is in flight, wings spread wide.
../dataset/datasets/cub/5shot/train/Heermann_Gull/3520.jpg	A bird stands on nest, head turned slightly.
../dataset/datasets/cub/5shot/train/Heermann_Gull/3539.jpg	A bird stands on rocks, head turned slightly.
../dataset/datasets/cub/5shot/train/Heermann_Gull/3532.jpg	A bird stands upright on sandy ground.
../dataset/datasets/cub/5shot/train/Heermann_Gull/3540.jpg	A bird stands perched on a concrete ledge.
../dataset/datasets/cub/5shot/train/Herring_Gull/3574.jpg	A bird spreads wings, perched on railing.
../dataset/datasets/cub/5shot/train/Herring_Gull/3583.jpg	A bird is flying with wings spread and legs tucked in.
../dataset/datasets/cub/5shot/train/Herring_Gull/3588.jpg	A bird stands on one leg, perched.
../dataset/datasets/cub/5shot/train/Herring_Gull/3567.jpg	A bird stands on a rock, head slightly turned.
../dataset/datasets/cub/5shot/train/Herring_Gull/3559.jpg	A bird stands perched on a post, facing left.
../dataset/datasets/cub/5shot/train/Ivory_Gull/3657.jpg	A bird is in flight, wings spread wide.
../dataset/datasets/cub/5shot/train/Ivory_Gull/3658.jpg	A bird stands near a fish, head lowered.
../dataset/datasets/cub/5shot/train/Ivory_Gull/3618.jpg	A bird stands still, facing left.
../dataset/datasets/cub/5shot/train/Ivory_Gull/3621.jpg	A bird stands on a rock, facing right.
../dataset/datasets/cub/5shot/train/Ivory_Gull/3653.jpg	A bird is in flight, landing on sandy ground.
../dataset/datasets/cub/5shot/train/Ring_billed_Gull/3693.jpg	A bird soars with wings spread wide.
../dataset/datasets/cub/5shot/train/Ring_billed_Gull/3709.jpg	A bird stands upright, facing left.
../dataset/datasets/cub/5shot/train/Ring_billed_Gull/3724.jpg	A bird stands upright on one leg.
../dataset/datasets/cub/5shot/train/Ring_billed_Gull/3710.jpg	A bird stands upright, facing right.
../dataset/datasets/cub/5shot/train/Ring_billed_Gull/3695.jpg	A bird stands on one leg, head slightly tilted.
../dataset/datasets/cub/5shot/train/Slaty_backed_Gull/3738.jpg	A bird is in flight, wings spread wide.
../dataset/datasets/cub/5shot/train/Slaty_backed_Gull/3765.jpg	A bird spreads its wings wide, standing on one leg.
../dataset/datasets/cub/5shot/train/Slaty_backed_Gull/3730.jpg	A bird is flying low over water with wings spread wide and beak open.
../dataset/datasets/cub/5shot/train/Slaty_backed_Gull/3737.jpg	A bird is in flight, wings spread wide.
../dataset/datasets/cub/5shot/train/Slaty_backed_Gull/3741.jpg	A bird stands on rocks, head turned slightly.
../dataset/datasets/cub/5shot/train/Western_Gull/3818.jpg	A bird is in flight, wings spread wide.
../dataset/datasets/cub/5shot/train/Western_Gull/3811.jpg	A bird stands perched on a rock, facing left.
../dataset/datasets/cub/5shot/train/Western_Gull/3784.jpg	A bird stands on railing, head slightly turned.
../dataset/datasets/cub/5shot/train/Western_Gull/3835.jpg	A bird stands on a rock, head turned slightly.
../dataset/datasets/cub/5shot/train/Western_Gull/3781.jpg	A bird stands upright on a ledge, facing left.
../dataset/datasets/cub/5shot/train/Anna_Hummingbird/3868.jpg	A bird perches on branch, head tilted slightly.
../dataset/datasets/cub/5shot/train/Anna_Hummingbird/3890.jpg	A bird is hovering near red flowers, wings slightly spread.
../dataset/datasets/cub/5shot/train/Anna_Hummingbird/3850.jpg	A bird perches on feeder, beak near liquid.
../dataset/datasets/cub/5shot/train/Anna_Hummingbird/3887.jpg	A bird is hovering near a flower, wings spread.
../dataset/datasets/cub/5shot/train/Anna_Hummingbird/3848.jpg	A bird perches on branch, wings slightly spread.
../dataset/datasets/cub/5shot/train/Ruby_throated_Hummingbird/3912.jpg	A bird is hovering near an orange feeder.
../dataset/datasets/cub/5shot/train/Ruby_throated_Hummingbird/3932.jpg	A bird is hovering near an orange feeder.
../dataset/datasets/cub/5shot/train/Ruby_throated_Hummingbird/3913.jpg	A bird perches on red structure, facing right.
../dataset/datasets/cub/5shot/train/Ruby_throated_Hummingbird/3906.jpg	A bird perches on feeder.
../dataset/datasets/cub/5shot/train/Ruby_throated_Hummingbird/3897.jpg	A bird is hovering near flowers.
../dataset/datasets/cub/5shot/train/Rufous_Hummingbird/3996.jpg	A bird is hovering mid-flight with wings blurred.
../dataset/datasets/cub/5shot/train/Rufous_Hummingbird/3997.jpg	A bird perches on branch, head turned slightly.
../dataset/datasets/cub/5shot/train/Rufous_Hummingbird/3990.jpg	A bird is hovering with wings spread.
../dataset/datasets/cub/5shot/train/Rufous_Hummingbird/4011.jpg	A bird is hovering with wings spread.
../dataset/datasets/cub/5shot/train/Rufous_Hummingbird/4015.jpg	A bird perches on feeder, beak near nectar.
../dataset/datasets/cub/5shot/train/Green_Violetear/4031.jpg	A bird perches on leaf, wings slightly spread.
../dataset/datasets/cub/5shot/train/Green_Violetear/4039.jpg	A bird perches on branch, head slightly tilted.
../dataset/datasets/cub/5shot/train/Green_Violetear/4074.jpg	A bird perches on branch, facing left.
../dataset/datasets/cub/5shot/train/Green_Violetear/4076.jpg	A bird perched on branch, facing left.
../dataset/datasets/cub/5shot/train/Green_Violetear/4018.jpg	A bird perched on branch, facing right.
../dataset/datasets/cub/5shot/train/Long_tailed_Jaeger/4131.jpg	A bird is flying with wings spread.
../dataset/datasets/cub/5shot/train/Long_tailed_Jaeger/4127.jpg	A bird soars with outstretched wings.
../dataset/datasets/cub/5shot/train/Long_tailed_Jaeger/4092.jpg	A bird soars with outstretched wings and trailing tail feathers.
../dataset/datasets/cub/5shot/train/Long_tailed_Jaeger/4114.jpg	A bird stands upright, facing left.
../dataset/datasets/cub/5shot/train/Long_tailed_Jaeger/4095.jpg	A bird is flying with wings spread wide.
../dataset/datasets/cub/5shot/train/Pomarine_Jaeger/4171.jpg	A bird floats calmly on water.
../dataset/datasets/cub/5shot/train/Pomarine_Jaeger/4146.jpg	A bird soars with wings spread wide.
../dataset/datasets/cub/5shot/train/Pomarine_Jaeger/4174.jpg	A bird soars with wings spread wide.
../dataset/datasets/cub/5shot/train/Pomarine_Jaeger/4156.jpg	A bird soars with wings spread wide.
../dataset/datasets/cub/5shot/train/Pomarine_Jaeger/4184.jpg	A bird soars with wings spread wide against a clear blue sky.
../dataset/datasets/cub/5shot/train/Blue_Jay/4221.jpg	A bird perches on fence, head slightly tilted.
../dataset/datasets/cub/5shot/train/Blue_Jay/4201.jpg	A bird perched on wooden lattice.
../dataset/datasets/cub/5shot/train/Blue_Jay/4230.jpg	A bird perched on rock, facing left.
../dataset/datasets/cub/5shot/train/Blue_Jay/4241.jpg	A bird perched on branch, head slightly tilted.
../dataset/datasets/cub/5shot/train/Blue_Jay/4199.jpg	A bird perched on a post, facing left.
../dataset/datasets/cub/5shot/train/Florida_Jay/4306.jpg	A bird perches on post, head slightly turned.
../dataset/datasets/cub/5shot/train/Florida_Jay/4290.jpg	A bird stands upright on grass.
../dataset/datasets/cub/5shot/train/Florida_Jay/4273.jpg	A bird perched on branch, head slightly tilted.
../dataset/datasets/cub/5shot/train/Florida_Jay/4271.jpg	A bird perched, holding food in its beak.
../dataset/datasets/cub/5shot/train/Florida_Jay/4259.jpg	A bird perches on branch, head turned slightly.
../dataset/datasets/cub/5shot/train/Green_Jay/4343.jpg	A bird perches on a branch, facing right.
../dataset/datasets/cub/5shot/train/Green_Jay/4331.jpg	A bird perched on branch, head slightly tilted.
../dataset/datasets/cub/5shot/train/Green_Jay/4362.jpg	A bird perched on branch, head turned slightly.
../dataset/datasets/cub/5shot/train/Green_Jay/4324.jpg	A bird perches on branch, head slightly tilted.
../dataset/datasets/cub/5shot/train/Green_Jay/4325.jpg	A bird perched on branch, head turned slightly.
../dataset/datasets/cub/5shot/train/Dark_eyed_Junco/4391.jpg	a bird perched on branch.
../dataset/datasets/cub/5shot/train/Dark_eyed_Junco/4387.jpg	A bird perches calmly on a branch.
../dataset/datasets/cub/5shot/train/Dark_eyed_Junco/4407.jpg	A bird stands on snow, facing right.
../dataset/datasets/cub/5shot/train/Dark_eyed_Junco/4426.jpg	A bird perches on branch, facing left.
../dataset/datasets/cub/5shot/train/Dark_eyed_Junco/4405.jpg	A bird perched on rock, facing left.
../dataset/datasets/cub/5shot/train/Tropical_Kingbird/4484.jpg	a bird perched on branch, head slightly turned.
../dataset/datasets/cub/5shot/train/Tropical_Kingbird/4475.jpg	A bird perched on branch, facing left.
../dataset/datasets/cub/5shot/train/Tropical_Kingbird/4482.jpg	A bird perches on branch, facing left.
../dataset/datasets/cub/5shot/train/Tropical_Kingbird/4473.jpg	a bird perched on wire, facing right.
../dataset/datasets/cub/5shot/train/Tropical_Kingbird/4437.jpg	a bird perched on wire, facing left.
../dataset/datasets/cub/5shot/train/Gray_Kingbird/4510.jpg	A bird perches on a wire, facing left.
../dataset/datasets/cub/5shot/train/Gray_Kingbird/4513.jpg	A bird perches on a branch, facing right.
../dataset/datasets/cub/5shot/train/Gray_Kingbird/4495.jpg	a bird perched on branch, facing right.
../dataset/datasets/cub/5shot/train/Gray_Kingbird/4511.jpg	A bird perches on branch, facing left.
../dataset/datasets/cub/5shot/train/Gray_Kingbird/4541.jpg	A bird perches on a wire, holding food in its beak.
../dataset/datasets/cub/5shot/train/Belted_Kingfisher/4557.jpg	A bird perches on post, head turned.
../dataset/datasets/cub/5shot/train/Belted_Kingfisher/4562.jpg	A bird perches on a branch, facing right.
../dataset/datasets/cub/5shot/train/Belted_Kingfisher/4554.jpg	A bird perched on wire, facing left.
../dataset/datasets/cub/5shot/train/Belted_Kingfisher/4567.jpg	A bird perched on wire, head slightly tilted.
../dataset/datasets/cub/5shot/train/Belted_Kingfisher/4599.jpg	A bird perches on branch, head turned slightly.
../dataset/datasets/cub/5shot/train/Green_Kingfisher/4661.jpg	A bird perched on branch, facing right.
../dataset/datasets/cub/5shot/train/Green_Kingfisher/4616.jpg	A bird perches on branch, head turned.
../dataset/datasets/cub/5shot/train/Green_Kingfisher/4654.jpg	A bird perched on railing, head turned slightly.
../dataset/datasets/cub/5shot/train/Green_Kingfisher/4656.jpg	A bird perches on branch, head slightly tilted.
../dataset/datasets/cub/5shot/train/Green_Kingfisher/4657.jpg	A bird perches on branch, head turned slightly.
../dataset/datasets/cub/5shot/train/Pied_Kingfisher/4717.jpg	A bird perches on a branch, facing left.
../dataset/datasets/cub/5shot/train/Pied_Kingfisher/4723.jpg	A bird perched on branch, head turned slightly.
../dataset/datasets/cub/5shot/train/Pied_Kingfisher/4727.jpg	A bird perches on a branch, facing right.
../dataset/datasets/cub/5shot/train/Pied_Kingfisher/4714.jpg	A bird perched, head turned, beak open.
../dataset/datasets/cub/5shot/train/Pied_Kingfisher/4691.jpg	A bird perched, head slightly tilted.
../dataset/datasets/cub/5shot/train/Ringed_Kingfisher/4738.jpg	A bird perches on wire, head slightly tilted.
../dataset/datasets/cub/5shot/train/Ringed_Kingfisher/4762.jpg	A bird perches on branch, head slightly tilted.
../dataset/datasets/cub/5shot/train/Ringed_Kingfisher/4779.jpg	A bird perches on a branch, facing right.
../dataset/datasets/cub/5shot/train/Ringed_Kingfisher/4765.jpg	A bird perches on a branch, facing left.
../dataset/datasets/cub/5shot/train/Ringed_Kingfisher/4757.jpg	A bird perched on branch, facing left.
../dataset/datasets/cub/5shot/train/White_breasted_Kingfisher/4835.jpg	A bird perched on rock, facing right.
../dataset/datasets/cub/5shot/train/White_breasted_Kingfisher/4851.jpg	A bird perched, head slightly turned.
../dataset/datasets/cub/5shot/train/White_breasted_Kingfisher/4814.jpg	A bird perched on branch, facing right.
../dataset/datasets/cub/5shot/train/White_breasted_Kingfisher/4820.jpg	A bird perches on branch, facing right.
../dataset/datasets/cub/5shot/train/White_breasted_Kingfisher/4849.jpg	A bird perched on branch, beak open.
../dataset/datasets/cub/5shot/train/Red_legged_Kittiwake/4895.jpg	A bird is looking to the left.
../dataset/datasets/cub/5shot/train/Red_legged_Kittiwake/4880.jpg	A bird perches on nest, head slightly tilted.
../dataset/datasets/cub/5shot/train/Red_legged_Kittiwake/4897.jpg	A bird stands on rocks, head slightly tilted.
../dataset/datasets/cub/5shot/train/Red_legged_Kittiwake/4886.jpg	A bird perches on a wooden post.
../dataset/datasets/cub/5shot/train/Red_legged_Kittiwake/4898.jpg	A bird soars with wings spread wide, feet tucked close.
../dataset/datasets/cub/5shot/train/Horned_Lark/4952.jpg	A bird perches on barbed wire.
../dataset/datasets/cub/5shot/train/Horned_Lark/4938.jpg	A bird perches on a post, facing left.
../dataset/datasets/cub/5shot/train/Horned_Lark/4937.jpg	A bird stands upright on snow, facing forward.
../dataset/datasets/cub/5shot/train/Horned_Lark/4959.jpg	A bird stands on snow, head slightly tilted.
../dataset/datasets/cub/5shot/train/Horned_Lark/4922.jpg	A bird stands upright on snow.
../dataset/datasets/cub/5shot/train/Pacific_Loon/4985.jpg	A bird with head raised, neck stretched.
../dataset/datasets/cub/5shot/train/Pacific_Loon/5011.jpg	A bird is swimming with its head tilted upward.
../dataset/datasets/cub/5shot/train/Pacific_Loon/5008.jpg	A bird is swimming with its head slightly raised.
../dataset/datasets/cub/5shot/train/Pacific_Loon/5023.jpg	A bird is swimming with its head slightly tilted upward.
../dataset/datasets/cub/5shot/train/Pacific_Loon/5001.jpg	A bird is resting on water, head down.
../dataset/datasets/cub/5shot/train/Mallard/5067.jpg	A bird is swimming with its head slightly raised.
../dataset/datasets/cub/5shot/train/Mallard/5065.jpg	A bird is swimming with its head slightly tilted.
../dataset/datasets/cub/5shot/train/Mallard/5048.jpg	A bird is floating calmly on water, wings slightly spread.
../dataset/datasets/cub/5shot/train/Mallard/5073.jpg	A bird stands on one leg, head slightly tilted forward.
../dataset/datasets/cub/5shot/train/Mallard/5083.jpg	A bird is floating calmly on water.
../dataset/datasets/cub/5shot/train/Western_Meadowlark/5092.jpg	A bird stands upright on grass, facing left.
../dataset/datasets/cub/5shot/train/Western_Meadowlark/5093.jpg	A bird perches on branch, head slightly tilted.
../dataset/datasets/cub/5shot/train/Western_Meadowlark/5114.jpg	A bird perched, head raised, beak open.
../dataset/datasets/cub/5shot/train/Western_Meadowlark/5131.jpg	A bird perches on a post, facing left.
../dataset/datasets/cub/5shot/train/Western_Meadowlark/5135.jpg	A bird perches on a twig, facing right.
../dataset/datasets/cub/5shot/train/Hooded_Merganser/5159.jpg	A bird is swimming with its head slightly tilted back.
../dataset/datasets/cub/5shot/train/Hooded_Merganser/5204.jpg	A bird swims calmly on water.
../dataset/datasets/cub/5shot/train/Hooded_Merganser/5175.jpg	A bird is in flight, wings spread wide.
../dataset/datasets/cub/5shot/train/Hooded_Merganser/5163.jpg	A bird in flight, wings spread.
../dataset/datasets/cub/5shot/train/Hooded_Merganser/5200.jpg	A bird is swimming with its head slightly tilted.
../dataset/datasets/cub/5shot/train/Red_breasted_Merganser/5255.jpg	A bird swimming with head tilted back.
../dataset/datasets/cub/5shot/train/Red_breasted_Merganser/5237.jpg	A bird is swimming calmly on water.
../dataset/datasets/cub/5shot/train/Red_breasted_Merganser/5249.jpg	A bird is swimming with its head slightly raised.
../dataset/datasets/cub/5shot/train/Red_breasted_Merganser/5217.jpg	A bird is swimming with its head slightly tilted.
../dataset/datasets/cub/5shot/train/Red_breasted_Merganser/5233.jpg	A bird is swimming with its head turned to the side.
../dataset/datasets/cub/5shot/train/Mockingbird/5302.jpg	A bird perched on branch, facing left.
../dataset/datasets/cub/5shot/train/Mockingbird/5300.jpg	A bird perches on edge, head slightly tilted.
../dataset/datasets/cub/5shot/train/Mockingbird/5315.jpg	A bird stands on sandy ground with seaweed nearby, head slightly tilted.
../dataset/datasets/cub/5shot/train/Mockingbird/5310.jpg	A bird perches on branch, head slightly tilted.
../dataset/datasets/cub/5shot/train/Mockingbird/5292.jpg	A bird perched on a beam, facing right.
../dataset/datasets/cub/5shot/train/Nighthawk/5370.jpg	A bird is flying with wings spread.
../dataset/datasets/cub/5shot/train/Nighthawk/5368.jpg	A bird perches on a green surface, head slightly tilted.
../dataset/datasets/cub/5shot/train/Nighthawk/5356.jpg	A bird is flying with wings spread wide.
../dataset/datasets/cub/5shot/train/Nighthawk/5382.jpg	A bird perches calmly on a wooden post.
../dataset/datasets/cub/5shot/train/Nighthawk/5345.jpg	a bird perched, head slightly tilted.
../dataset/datasets/cub/5shot/train/Clark_Nutcracker/5439.jpg	A bird perches on a feeder, holding food in its beak.
../dataset/datasets/cub/5shot/train/Clark_Nutcracker/5392.jpg	A bird perched on rock, head slightly tilted.
../dataset/datasets/cub/5shot/train/Clark_Nutcracker/5420.jpg	A bird perched on branch, facing right.
../dataset/datasets/cub/5shot/train/Clark_Nutcracker/5443.jpg	A bird is standing near water, drinking.
../dataset/datasets/cub/5shot/train/Clark_Nutcracker/5424.jpg	A bird perched on edge, legs spread.
../dataset/datasets/cub/5shot/train/White_breasted_Nuthatch/5463.jpg	A bird perches on branch, holding food in beak.
../dataset/datasets/cub/5shot/train/White_breasted_Nuthatch/5473.jpg	A bird perches on tree trunk, head down.
../dataset/datasets/cub/5shot/train/White_breasted_Nuthatch/5469.jpg	A bird perched on branch, head slightly tilted.
../dataset/datasets/cub/5shot/train/White_breasted_Nuthatch/5498.jpg	A bird perches on tree trunk, head turned sideways.
../dataset/datasets/cub/5shot/train/White_breasted_Nuthatch/5500.jpg	A bird perches on tree trunk, head down.
../dataset/datasets/cub/5shot/train/Baltimore_Oriole/5554.jpg	A bird perched on branch, facing right.
../dataset/datasets/cub/5shot/train/Baltimore_Oriole/5563.jpg	A bird perches on branch, near orange slice.
../dataset/datasets/cub/5shot/train/Baltimore_Oriole/5535.jpg	A bird perched on branch, facing right.
../dataset/datasets/cub/5shot/train/Baltimore_Oriole/5522.jpg	A bird perched on branch, facing right.
../dataset/datasets/cub/5shot/train/Baltimore_Oriole/5558.jpg	A bird perched on branch, facing right.
../dataset/datasets/cub/5shot/train/Hooded_Oriole/5583.jpg	A bird perched on branch, facing left.
../dataset/datasets/cub/5shot/train/Hooded_Oriole/5600.jpg	A bird perched, beak open.
../dataset/datasets/cub/5shot/train/Hooded_Oriole/5606.jpg	A bird perches on thorny branch, head slightly tilted.
../dataset/datasets/cub/5shot/train/Hooded_Oriole/5611.jpg	a bird perched on feeder.
../dataset/datasets/cub/5shot/train/Hooded_Oriole/5595.jpg	A bird perches on feeder, facing left.
../dataset/datasets/cub/5shot/train/Orchard_Oriole/5629.jpg	A bird perches on curved metal, facing right.
../dataset/datasets/cub/5shot/train/Orchard_Oriole/5684.jpg	A bird perches on a branch, facing right.
../dataset/datasets/cub/5shot/train/Orchard_Oriole/5630.jpg	A bird perches on a branch, facing left.
../dataset/datasets/cub/5shot/train/Orchard_Oriole/5628.jpg	A bird perches on a branch, facing right.
../dataset/datasets/cub/5shot/train/Orchard_Oriole/5651.jpg	A bird perches on branch, head slightly tilted.
../dataset/datasets/cub/5shot/train/Scott_Oriole/5709.jpg	A bird perched, head turned, feet gripping.
../dataset/datasets/cub/5shot/train/Scott_Oriole/5696.jpg	A bird perches on branch, head slightly tilted.
../dataset/datasets/cub/5shot/train/Scott_Oriole/5724.jpg	A bird perched, head raised, wings slightly spread.
../dataset/datasets/cub/5shot/train/Scott_Oriole/5726.jpg	A bird perches on branch, head slightly tilted.
../dataset/datasets/cub/5shot/train/Scott_Oriole/5710.jpg	A bird perches on branch, head slightly tilted.
../dataset/datasets/cub/5shot/train/Ovenbird/5804.jpg	a bird stands on ground, head slightly raised.
../dataset/datasets/cub/5shot/train/Ovenbird/5771.jpg	A bird perches on a branch, facing right.
../dataset/datasets/cub/5shot/train/Ovenbird/5780.jpg	A bird stands still, facing left.
../dataset/datasets/cub/5shot/train/Ovenbird/5754.jpg	A bird stands on one leg, head slightly tilted.
../dataset/datasets/cub/5shot/train/Ovenbird/5790.jpg	A bird stands on sandy ground, slightly tilted forward.
../dataset/datasets/cub/5shot/train/Brown_Pelican/5839.jpg	A bird stands on one leg, head slightly tilted.
../dataset/datasets/cub/5shot/train/Brown_Pelican/5832.jpg	A bird stands on one leg, head slightly tilted.
../dataset/datasets/cub/5shot/train/Brown_Pelican/5811.jpg	A bird stands with wings slightly folded, head turned to side.
../dataset/datasets/cub/5shot/train/Brown_Pelican/5840.jpg	Bird landing with wings spread.
../dataset/datasets/cub/5shot/train/Brown_Pelican/5844.jpg	A bird stands on rocks, head slightly tilted.
../dataset/datasets/cub/5shot/train/White_Pelican/5883.jpg	A bird is flying low over water with wings extended.
../dataset/datasets/cub/5shot/train/White_Pelican/5875.jpg	A bird is diving into water with wings spread.
../dataset/datasets/cub/5shot/train/White_Pelican/5891.jpg	A bird is flying with wings spread wide.
../dataset/datasets/cub/5shot/train/White_Pelican/5887.jpg	A bird is resting with its head tucked close to its body.
../dataset/datasets/cub/5shot/train/White_Pelican/5872.jpg	A bird stands upright, head slightly tilted forward.
../dataset/datasets/cub/5shot/train/Western_Wood_Pewee/5950.jpg	A bird perched on wire fence.
../dataset/datasets/cub/5shot/train/Western_Wood_Pewee/5956.jpg	A bird perches on branch, facing left.
../dataset/datasets/cub/5shot/train/Western_Wood_Pewee/5960.jpg	a bird perched on a branch.
../dataset/datasets/cub/5shot/train/Western_Wood_Pewee/5930.jpg	a bird perched with wings slightly spread.
../dataset/datasets/cub/5shot/train/Western_Wood_Pewee/5947.jpg	a bird perched on branch, facing left.
../dataset/datasets/cub/5shot/train/Sayornis/6017.jpg	a bird perched on branch, facing left.
../dataset/datasets/cub/5shot/train/Sayornis/6025.jpg	A bird perches on branch, facing right.
../dataset/datasets/cub/5shot/train/Sayornis/6024.jpg	a bird in flight, wings spread.
../dataset/datasets/cub/5shot/train/Sayornis/6020.jpg	a bird perched on branch, facing right.
../dataset/datasets/cub/5shot/train/Sayornis/6003.jpg	a bird perched on branch, facing left.
../dataset/datasets/cub/5shot/train/American_Pipit/6053.jpg	A bird stands on snow, legs spread, head slightly tilted.
../dataset/datasets/cub/5shot/train/American_Pipit/6075.jpg	a bird stands on ground, head slightly tilted.
../dataset/datasets/cub/5shot/train/American_Pipit/6063.jpg	A bird stands on rocky ground, slightly hunched.
../dataset/datasets/cub/5shot/train/American_Pipit/6080.jpg	A bird stands on rocks, facing right.
../dataset/datasets/cub/5shot/train/American_Pipit/6079.jpg	A bird stands perched on a rock, facing right.
../dataset/datasets/cub/5shot/train/Whip_poor_Will/6111.jpg	a bird perched on a post.
../dataset/datasets/cub/5shot/train/Whip_poor_Will/6122.jpg	A bird is being held, wings spread.
../dataset/datasets/cub/5shot/train/Whip_poor_Will/6124.jpg	a bird lying down.
../dataset/datasets/cub/5shot/train/Whip_poor_Will/6139.jpg	A bird perches on branch, wings slightly spread.
../dataset/datasets/cub/5shot/train/Whip_poor_Will/6132.jpg	a bird perched, head tucked in.
../dataset/datasets/cub/5shot/train/Horned_Puffin/6183.jpg	A bird holds fish in its beak.
../dataset/datasets/cub/5shot/train/Horned_Puffin/6184.jpg	A bird spreads its wings.
../dataset/datasets/cub/5shot/train/Horned_Puffin/6194.jpg	A bird is looking upwards.
../dataset/datasets/cub/5shot/train/Horned_Puffin/6181.jpg	a bird is resting on rocks, legs spread out.
../dataset/datasets/cub/5shot/train/Horned_Puffin/6179.jpg	A bird perches on driftwood, head turned slightly.
../dataset/datasets/cub/5shot/train/Common_Raven/6258.jpg	A bird perched, holding red object in beak.
../dataset/datasets/cub/5shot/train/Common_Raven/6235.jpg	A bird stands on grass, head turned slightly.
../dataset/datasets/cub/5shot/train/Common_Raven/6208.jpg	A bird perched on rock, head turned.
../dataset/datasets/cub/5shot/train/Common_Raven/6213.jpg	A bird perches on fence post.
../dataset/datasets/cub/5shot/train/Common_Raven/6257.jpg	A bird perches with spread wings and alert posture.
../dataset/datasets/cub/5shot/train/White_necked_Raven/6280.jpg	A bird stands on rock, head turned slightly left.
../dataset/datasets/cub/5shot/train/White_necked_Raven/6290.jpg	A bird stands on rock, head raised.
../dataset/datasets/cub/5shot/train/White_necked_Raven/6302.jpg	A bird perched, wings slightly spread.
../dataset/datasets/cub/5shot/train/White_necked_Raven/6265.jpg	A bird perched, head tilted upward.
../dataset/datasets/cub/5shot/train/White_necked_Raven/6283.jpg	A bird stands upright, head slightly tilted.
../dataset/datasets/cub/5shot/train/American_Redstart/6330.jpg	a bird stands on ground, head slightly tilted.
../dataset/datasets/cub/5shot/train/American_Redstart/6348.jpg	A bird lies on its side, partially obscured by grass.
../dataset/datasets/cub/5shot/train/American_Redstart/6326.jpg	A bird perches on branch, head slightly tilted.
../dataset/datasets/cub/5shot/train/American_Redstart/6337.jpg	A bird perched on a branch, facing left.
../dataset/datasets/cub/5shot/train/American_Redstart/6377.jpg	A bird perched on branch, facing right.
../dataset/datasets/cub/5shot/train/Geococcyx/6391.jpg	A bird stands with head raised, holding prey in beak.
../dataset/datasets/cub/5shot/train/Geococcyx/6407.jpg	A bird runs with a snake in its beak.
../dataset/datasets/cub/5shot/train/Geococcyx/6399.jpg	A bird stands alert, head slightly tilted.
../dataset/datasets/cub/5shot/train/Geococcyx/6417.jpg	A bird stands on a log, tail raised.
../dataset/datasets/cub/5shot/train/Geococcyx/6387.jpg	A bird stands with raised tail feathers.
../dataset/datasets/cub/5shot/train/Loggerhead_Shrike/6483.jpg	A bird perches on edge, head turned slightly.
../dataset/datasets/cub/5shot/train/Loggerhead_Shrike/6464.jpg	A bird perches on thorny branch, facing left.
../dataset/datasets/cub/5shot/train/Loggerhead_Shrike/6471.jpg	A bird perches on wood, facing left.
../dataset/datasets/cub/5shot/train/Loggerhead_Shrike/6461.jpg	A bird perches on branch, head slightly tilted.
../dataset/datasets/cub/5shot/train/Loggerhead_Shrike/6455.jpg	A bird perches on fence, facing left.
../dataset/datasets/cub/5shot/train/Great_Grey_Shrike/6547.jpg	A bird perches on a branch, facing right.
../dataset/datasets/cub/5shot/train/Great_Grey_Shrike/6555.jpg	A bird perched on branch, facing left.
../dataset/datasets/cub/5shot/train/Great_Grey_Shrike/6539.jpg	A bird perches on branch, head turned slightly.
../dataset/datasets/cub/5shot/train/Great_Grey_Shrike/6529.jpg	A bird perches on branch, head slightly tilted.
../dataset/datasets/cub/5shot/train/Great_Grey_Shrike/6510.jpg	A bird perches on branch, head slightly tilted.
../dataset/datasets/cub/5shot/train/Baird_Sparrow/6611.jpg	A bird perches on thorny branch, head slightly tilted.
../dataset/datasets/cub/5shot/train/Baird_Sparrow/6592.jpg	A bird perches on branch, head raised.
../dataset/datasets/cub/5shot/train/Baird_Sparrow/6567.jpg	A bird stands alert on dry grass.
../dataset/datasets/cub/5shot/train/Baird_Sparrow/6573.jpg	A bird perches on plant, head slightly turned.
../dataset/datasets/cub/5shot/train/Baird_Sparrow/6564.jpg	A bird perched, head raised, mouth open.
../dataset/datasets/cub/5shot/train/Black_throated_Sparrow/6664.jpg	A bird stands on bricks, head slightly tilted.
../dataset/datasets/cub/5shot/train/Black_throated_Sparrow/6635.jpg	A bird perched on rock, facing left.
../dataset/datasets/cub/5shot/train/Black_throated_Sparrow/6649.jpg	A bird perches on a branch, facing slightly right.
../dataset/datasets/cub/5shot/train/Black_throated_Sparrow/6629.jpg	A bird perches on branch, head slightly tilted.
../dataset/datasets/cub/5shot/train/Black_throated_Sparrow/6632.jpg	A bird perches on plant stem, head slightly tilted.
../dataset/datasets/cub/5shot/train/Brewer_Sparrow/6690.jpg	A bird perches upright on plant.
../dataset/datasets/cub/5shot/train/Brewer_Sparrow/6730.jpg	A bird perches on a branch, facing left.
../dataset/datasets/cub/5shot/train/Brewer_Sparrow/6705.jpg	A bird perches on branch, facing left.
../dataset/datasets/cub/5shot/train/Brewer_Sparrow/6706.jpg	A bird perched, head raised, beak open.
../dataset/datasets/cub/5shot/train/Brewer_Sparrow/6698.jpg	A bird perches on branch, head slightly tilted.
../dataset/datasets/cub/5shot/train/Chipping_Sparrow/6734.jpg	A bird stands on ground, head slightly raised.
../dataset/datasets/cub/5shot/train/Chipping_Sparrow/6772.jpg	A bird perches on feeder, holding seed in beak.
../dataset/datasets/cub/5shot/train/Chipping_Sparrow/6768.jpg	A bird perches on feeder, beak open.
../dataset/datasets/cub/5shot/train/Chipping_Sparrow/6741.jpg	A bird perches on branch, facing slightly right.
../dataset/datasets/cub/5shot/train/Chipping_Sparrow/6757.jpg	A bird perches calmly on a feeder.
../dataset/datasets/cub/5shot/train/Clay_colored_Sparrow/6838.jpg	A bird perched on branch, head slightly tilted.
../dataset/datasets/cub/5shot/train/Clay_colored_Sparrow/6834.jpg	A bird perches on branch, facing left.
../dataset/datasets/cub/5shot/train/Clay_colored_Sparrow/6840.jpg	a bird perched on branch, head slightly tilted.
../dataset/datasets/cub/5shot/train/Clay_colored_Sparrow/6835.jpg	A bird perches on branch, head slightly tilted.
../dataset/datasets/cub/5shot/train/Clay_colored_Sparrow/6832.jpg	A bird perches on branch, tail extended.
../dataset/datasets/cub/5shot/train/House_Sparrow/6873.jpg	A bird perches on a branch.
../dataset/datasets/cub/5shot/train/House_Sparrow/6878.jpg	A bird perches on edge, facing left.
../dataset/datasets/cub/5shot/train/House_Sparrow/6886.jpg	A bird perched on wire, facing left.
../dataset/datasets/cub/5shot/train/House_Sparrow/6854.jpg	A bird perched, holding seed in beak.
../dataset/datasets/cub/5shot/train/House_Sparrow/6892.jpg	A bird perched on tree branch, facing left.
../dataset/datasets/cub/5shot/train/Field_Sparrow/6961.jpg	A bird perches on branch, tail extended.
../dataset/datasets/cub/5shot/train/Field_Sparrow/6925.jpg	A bird perches on branch, wings slightly spread.
../dataset/datasets/cub/5shot/train/Field_Sparrow/6956.jpg	A bird perches on a branch, facing left.
../dataset/datasets/cub/5shot/train/Field_Sparrow/6915.jpg	A bird perches on barbed wire.
../dataset/datasets/cub/5shot/train/Field_Sparrow/6946.jpg	A bird perched on branch, facing left.
../dataset/datasets/cub/5shot/train/Fox_Sparrow/7014.jpg	A bird stands on grass, looking slightly to its right.
../dataset/datasets/cub/5shot/train/Fox_Sparrow/7006.jpg	A bird stands on snow, facing right.
../dataset/datasets/cub/5shot/train/Fox_Sparrow/6985.jpg	A bird stands on snow, head slightly tilted.
../dataset/datasets/cub/5shot/train/Fox_Sparrow/7024.jpg	A bird perched on branch, facing left.
../dataset/datasets/cub/5shot/train/Fox_Sparrow/6986.jpg	A bird stands on ground, head slightly tilted.
../dataset/datasets/cub/5shot/train/Grasshopper_Sparrow/7076.jpg	A bird perches on barbed wire.
../dataset/datasets/cub/5shot/train/Grasshopper_Sparrow/7079.jpg	A bird perched, mouth open.
../dataset/datasets/cub/5shot/train/Grasshopper_Sparrow/7086.jpg	A bird is perched on a person's hand with wings slightly spread.
../dataset/datasets/cub/5shot/train/Grasshopper_Sparrow/7080.jpg	A bird perched on wire, feet gripping tightly.
../dataset/datasets/cub/5shot/train/Grasshopper_Sparrow/7071.jpg	A bird perches on branch, holding green insect.
../dataset/datasets/cub/5shot/train/Harris_Sparrow/7097.jpg	a bird stands on ground, head slightly tilted.
../dataset/datasets/cub/5shot/train/Harris_Sparrow/7143.jpg	A bird perches with head down, possibly pecking.
../dataset/datasets/cub/5shot/train/Harris_Sparrow/7099.jpg	A bird perched on branch, facing right.
../dataset/datasets/cub/5shot/train/Harris_Sparrow/7132.jpg	A bird perched on hand, feet spread.
../dataset/datasets/cub/5shot/train/Harris_Sparrow/7123.jpg	A bird perches on branch, facing right.
../dataset/datasets/cub/5shot/train/Henslow_Sparrow/7207.jpg	A bird perches on reed, head slightly tilted.
../dataset/datasets/cub/5shot/train/Henslow_Sparrow/7156.jpg	A bird perches on branch, head slightly tilted.
../dataset/datasets/cub/5shot/train/Henslow_Sparrow/7195.jpg	A bird perches on branch, facing left.
../dataset/datasets/cub/5shot/train/Henslow_Sparrow/7186.jpg	A bird stands on ground, head slightly tilted.
../dataset/datasets/cub/5shot/train/Henslow_Sparrow/7194.jpg	A bird perches on a slender stem, facing right.
../dataset/datasets/cub/5shot/train/Le_Conte_Sparrow/7215.jpg	A bird perches on grass, tail extended.
../dataset/datasets/cub/5shot/train/Le_Conte_Sparrow/7262.jpg	A bird perches on reeds, facing left.
../dataset/datasets/cub/5shot/train/Le_Conte_Sparrow/7250.jpg	A bird perched on branch, facing left.
../dataset/datasets/cub/5shot/train/Le_Conte_Sparrow/7234.jpg	A bird perched on branch, facing left.
../dataset/datasets/cub/5shot/train/Le_Conte_Sparrow/7268.jpg	A bird perches on rock, head turned slightly.
../dataset/datasets/cub/5shot/train/Lincoln_Sparrow/7325.jpg	A bird perches on a branch, facing left.
../dataset/datasets/cub/5shot/train/Lincoln_Sparrow/7312.jpg	A bird perches on branch, head slightly tilted.
../dataset/datasets/cub/5shot/train/Lincoln_Sparrow/7298.jpg	A bird stands on muddy ground, looking down.
../dataset/datasets/cub/5shot/train/Lincoln_Sparrow/7324.jpg	A bird perches on branch, facing forward.
../dataset/datasets/cub/5shot/train/Lincoln_Sparrow/7274.jpg	A bird perched on branch, facing left.
../dataset/datasets/cub/5shot/train/Nelson_Sharp_tailed_Sparrow/7371.jpg	A bird perches on branch, head slightly tilted.
../dataset/datasets/cub/5shot/train/Nelson_Sharp_tailed_Sparrow/7375.jpg	A bird perches on a branch, facing left.
../dataset/datasets/cub/5shot/train/Nelson_Sharp_tailed_Sparrow/7336.jpg	A bird perched on branch, facing left.
../dataset/datasets/cub/5shot/train/Nelson_Sharp_tailed_Sparrow/7363.jpg	A bird perches on sticks, beak open.
../dataset/datasets/cub/5shot/train/Nelson_Sharp_tailed_Sparrow/7370.jpg	A bird perches on reeds, head slightly tilted.
../dataset/datasets/cub/5shot/train/Savannah_Sparrow/7427.jpg	A bird stands on grass, head slightly tilted.
../dataset/datasets/cub/5shot/train/Savannah_Sparrow/7437.jpg	A bird perches on plant, beak open.
../dataset/datasets/cub/5shot/train/Savannah_Sparrow/7419.jpg	A bird perches on rock, head raised.
../dataset/datasets/cub/5shot/train/Savannah_Sparrow/7411.jpg	A bird perches on branch, facing right.
../dataset/datasets/cub/5shot/train/Savannah_Sparrow/7397.jpg	A bird perches on branch, head slightly tilted.
../dataset/datasets/cub/5shot/train/Seaside_Sparrow/7460.jpg	A bird spreads its wings.
../dataset/datasets/cub/5shot/train/Seaside_Sparrow/7472.jpg	A bird perches on grass, head slightly tilted.
../dataset/datasets/cub/5shot/train/Seaside_Sparrow/7503.jpg	A bird perched on a branch, slightly open beak.
../dataset/datasets/cub/5shot/train/Seaside_Sparrow/7468.jpg	A bird perches on a branch, facing left.
../dataset/datasets/cub/5shot/train/Seaside_Sparrow/7480.jpg	A bird perches on branch, facing right.
../dataset/datasets/cub/5shot/train/Song_Sparrow/7517.jpg	A bird perches on wood, head slightly tilted.
../dataset/datasets/cub/5shot/train/Song_Sparrow/7542.jpg	A bird perched on branch, facing left.
../dataset/datasets/cub/5shot/train/Song_Sparrow/7535.jpg	A bird perched, mouth open.
../dataset/datasets/cub/5shot/train/Song_Sparrow/7547.jpg	A bird perches on twig, holding insect.
../dataset/datasets/cub/5shot/train/Song_Sparrow/7513.jpg	A bird stands on gravel, head slightly tilted.
../dataset/datasets/cub/5shot/train/Tree_Sparrow/7605.jpg	A bird stands on snow, head slightly tilted.
../dataset/datasets/cub/5shot/train/Tree_Sparrow/7571.jpg	A bird perches on wire, head slightly tilted.
../dataset/datasets/cub/5shot/train/Tree_Sparrow/7626.jpg	A bird perches on edge, feet spread.
../dataset/datasets/cub/5shot/train/Tree_Sparrow/7624.jpg	A bird stands upright, head slightly tilted.
../dataset/datasets/cub/5shot/train/Tree_Sparrow/7590.jpg	A bird perches on branch, head slightly tilted.
../dataset/datasets/cub/5shot/train/Vesper_Sparrow/7673.jpg	A bird perches on dried plant.
../dataset/datasets/cub/5shot/train/Vesper_Sparrow/7666.jpg	A bird stands on ground, head slightly tilted.
../dataset/datasets/cub/5shot/train/Vesper_Sparrow/7641.jpg	A bird perches on a branch, facing right.
../dataset/datasets/cub/5shot/train/Vesper_Sparrow/7653.jpg	A bird perches on barbed wire.
../dataset/datasets/cub/5shot/train/Vesper_Sparrow/7664.jpg	A bird perches on post, facing right.
../dataset/datasets/cub/5shot/train/White_crowned_Sparrow/7698.jpg	a bird stands on gravel, facing right.
../dataset/datasets/cub/5shot/train/White_crowned_Sparrow/7700.jpg	A bird stands on ground, head slightly tilted.
../dataset/datasets/cub/5shot/train/White_crowned_Sparrow/7740.jpg	A bird perched on wood, facing right.
../dataset/datasets/cub/5shot/train/White_crowned_Sparrow/7688.jpg	A bird perches on wood, tail extended.
../dataset/datasets/cub/5shot/train/White_crowned_Sparrow/7702.jpg	A bird perched on dried plant.
../dataset/datasets/cub/5shot/train/White_throated_Sparrow/7788.jpg	A bird perches on branch, head slightly tilted.
../dataset/datasets/cub/5shot/train/White_throated_Sparrow/7791.jpg	A bird perched, head slightly tilted.
../dataset/datasets/cub/5shot/train/White_throated_Sparrow/7758.jpg	A bird stands on seeds, head slightly lowered.
../dataset/datasets/cub/5shot/train/White_throated_Sparrow/7763.jpg	A bird perched on branch, facing left.
../dataset/datasets/cub/5shot/train/White_throated_Sparrow/7767.jpg	a bird stands upright on ground.
../dataset/datasets/cub/5shot/train/Cape_Glossy_Starling/7843.jpg	A bird perched on a post, facing left.
../dataset/datasets/cub/5shot/train/Cape_Glossy_Starling/7850.jpg	A bird stands on one leg, head slightly tilted.
../dataset/datasets/cub/5shot/train/Cape_Glossy_Starling/7855.jpg	A bird stands on rocks, head raised.
../dataset/datasets/cub/5shot/train/Cape_Glossy_Starling/7818.jpg	A bird stands on bricks, head slightly tilted.
../dataset/datasets/cub/5shot/train/Cape_Glossy_Starling/7832.jpg	A bird stands on ground, head slightly tilted.
../dataset/datasets/cub/5shot/train/Bank_Swallow/7890.jpg	A bird perched on wire, facing right.
../dataset/datasets/cub/5shot/train/Bank_Swallow/7868.jpg	a bird stands upright near a hole.
../dataset/datasets/cub/5shot/train/Bank_Swallow/7876.jpg	A bird perches on a wooden post.
../dataset/datasets/cub/5shot/train/Bank_Swallow/7921.jpg	A bird perches on a branch, tail feathers extended.
../dataset/datasets/cub/5shot/train/Bank_Swallow/7881.jpg	a bird perched on barbed wire.
../dataset/datasets/cub/5shot/train/Barn_Swallow/7945.jpg	A bird perched on wood, facing left.
../dataset/datasets/cub/5shot/train/Barn_Swallow/7961.jpg	A bird perches on edge, head slightly tilted.
../dataset/datasets/cub/5shot/train/Barn_Swallow/7983.jpg	A bird perched, head turned.
../dataset/datasets/cub/5shot/train/Barn_Swallow/7969.jpg	A bird perches on a wire, facing left.
../dataset/datasets/cub/5shot/train/Barn_Swallow/7938.jpg	A bird perches on wire fence.
../dataset/datasets/cub/5shot/train/Cliff_Swallow/8004.jpg	A bird perches on a branch, facing right.
../dataset/datasets/cub/5shot/train/Cliff_Swallow/8024.jpg	A bird is landing with wings spread.
../dataset/datasets/cub/5shot/train/Cliff_Swallow/8020.jpg	A bird perches on barbed wire, wings slightly spread.
../dataset/datasets/cub/5shot/train/Cliff_Swallow/8023.jpg	A bird perches on barbed wire.
../dataset/datasets/cub/5shot/train/Cliff_Swallow/8014.jpg	A bird is flying with wings spread, upside down.
../dataset/datasets/cub/5shot/train/Tree_Swallow/8047.jpg	A bird perches on wood, head slightly tilted.
../dataset/datasets/cub/5shot/train/Tree_Swallow/8075.jpg	A bird perches on a stick, facing left.
../dataset/datasets/cub/5shot/train/Tree_Swallow/8048.jpg	A bird perches on a rusted pole.
../dataset/datasets/cub/5shot/train/Tree_Swallow/8089.jpg	A bird perched on a post, facing left.
../dataset/datasets/cub/5shot/train/Tree_Swallow/8104.jpg	A bird perches on a white object, wings slightly spread.
../dataset/datasets/cub/5shot/train/Scarlet_Tanager/8145.jpg	A bird perches on branch, facing right.
../dataset/datasets/cub/5shot/train/Scarlet_Tanager/8160.jpg	A bird perches on a branch, head slightly tilted.
../dataset/datasets/cub/5shot/train/Scarlet_Tanager/8107.jpg	A bird perches on branch, facing right.
../dataset/datasets/cub/5shot/train/Scarlet_Tanager/8158.jpg	A bird perched on branch, facing left.
../dataset/datasets/cub/5shot/train/Scarlet_Tanager/8153.jpg	A bird perches on branch, facing left.
../dataset/datasets/cub/5shot/train/Summer_Tanager/8208.jpg	A bird perches on feeder, head slightly tilted.
../dataset/datasets/cub/5shot/train/Summer_Tanager/8221.jpg	A bird perched on branch, facing left.
../dataset/datasets/cub/5shot/train/Summer_Tanager/8180.jpg	A bird perches on edge of red bowl.
../dataset/datasets/cub/5shot/train/Summer_Tanager/8206.jpg	A bird perched on branch, facing left.
../dataset/datasets/cub/5shot/train/Summer_Tanager/8187.jpg	A bird stands on one leg, perched.
../dataset/datasets/cub/5shot/train/Artic_Tern/8231.jpg	A bird soars with wings spread wide, facing forward.
../dataset/datasets/cub/5shot/train/Artic_Tern/8240.jpg	A bird is in flight, wings spread wide.
../dataset/datasets/cub/5shot/train/Artic_Tern/8274.jpg	A bird perches on rock, holding fish in beak.
../dataset/datasets/cub/5shot/train/Artic_Tern/8230.jpg	A bird stands upright on grass.
../dataset/datasets/cub/5shot/train/Artic_Tern/8264.jpg	A bird perches on a post, head turned slightly.
../dataset/datasets/cub/5shot/train/Black_Tern/8312.jpg	a bird in flight
../dataset/datasets/cub/5shot/train/Black_Tern/8292.jpg	A bird stands perched, facing right.
../dataset/datasets/cub/5shot/train/Black_Tern/8294.jpg	A bird perched, head slightly tilted.
../dataset/datasets/cub/5shot/train/Black_Tern/8302.jpg	A bird stands perched, facing right.
../dataset/datasets/cub/5shot/train/Black_Tern/8289.jpg	A bird is flying with wings spread.
../dataset/datasets/cub/5shot/train/Caspian_Tern/8401.jpg	A bird soars with wings spread wide.
../dataset/datasets/cub/5shot/train/Caspian_Tern/8398.jpg	A bird stands on one leg, head slightly tilted.
../dataset/datasets/cub/5shot/train/Caspian_Tern/8361.jpg	A bird stands with open beak, head tilted back.
../dataset/datasets/cub/5shot/train/Caspian_Tern/8392.jpg	A bird stands with open beak, head tilted back.
../dataset/datasets/cub/5shot/train/Caspian_Tern/8403.jpg	A bird stands with one leg raised, head slightly tilted.
../dataset/datasets/cub/5shot/train/Common_Tern/8407.jpg	A bird is flying with wings spread, facing right.
../dataset/datasets/cub/5shot/train/Common_Tern/8406.jpg	A bird stands on sand, head slightly tilted.
../dataset/datasets/cub/5shot/train/Common_Tern/8453.jpg	A bird perches on post, head slightly tilted.
../dataset/datasets/cub/5shot/train/Common_Tern/8449.jpg	A bird perches on rock, head turned slightly.
../dataset/datasets/cub/5shot/train/Common_Tern/8415.jpg	A bird is in flight, wings spread wide.
../dataset/datasets/cub/5shot/train/Elegant_Tern/8472.jpg	A bird soars gracefully with wings spread wide.
../dataset/datasets/cub/5shot/train/Elegant_Tern/8502.jpg	A bird soars gracefully with wings spread wide.
../dataset/datasets/cub/5shot/train/Elegant_Tern/8486.jpg	A bird soars with wings spread wide.
../dataset/datasets/cub/5shot/train/Elegant_Tern/8520.jpg	A bird is in flight, wings spread wide.
../dataset/datasets/cub/5shot/train/Elegant_Tern/8479.jpg	A bird perches on post, head tilted back.
../dataset/datasets/cub/5shot/train/Forsters_Tern/8553.jpg	A bird is in flight, wings spread wide.
../dataset/datasets/cub/5shot/train/Forsters_Tern/8550.jpg	A bird is flying low over water with wings spread wide.
../dataset/datasets/cub/5shot/train/Forsters_Tern/8574.jpg	A bird stands with wings slightly spread, balancing on water.
../dataset/datasets/cub/5shot/train/Forsters_Tern/8545.jpg	A bird is in flight, wings spread, head down.
../dataset/datasets/cub/5shot/train/Forsters_Tern/8572.jpg	A bird perches on post, beak open.
../dataset/datasets/cub/5shot/train/Least_Tern/8603.jpg	A bird stands on sand, head slightly turned.
../dataset/datasets/cub/5shot/train/Least_Tern/8614.jpg	A bird stands with wings spread wide, beak open.
../dataset/datasets/cub/5shot/train/Least_Tern/8605.jpg	A bird stands on sand, head slightly tilted.
../dataset/datasets/cub/5shot/train/Least_Tern/8643.jpg	A bird soars with wings spread wide.
../dataset/datasets/cub/5shot/train/Least_Tern/8632.jpg	A bird stands in shallow water, legs slightly apart.
../dataset/datasets/cub/5shot/train/Green_tailed_Towhee/8647.jpg	A bird perched on a stump.
../dataset/datasets/cub/5shot/train/Green_tailed_Towhee/8657.jpg	A bird perches on branch, head slightly tilted.
../dataset/datasets/cub/5shot/train/Green_tailed_Towhee/8688.jpg	a bird stands on ground, head slightly tilted.
../dataset/datasets/cub/5shot/train/Green_tailed_Towhee/8648.jpg	A bird perches on branch, tail slightly raised.
../dataset/datasets/cub/5shot/train/Green_tailed_Towhee/8681.jpg	A bird stands on rocks, head slightly tilted.
../dataset/datasets/cub/5shot/train/Brown_Thrasher/8751.jpg	A bird perches on branch, head turned slightly.
../dataset/datasets/cub/5shot/train/Brown_Thrasher/8724.jpg	A bird stands on ground, head slightly tilted.
../dataset/datasets/cub/5shot/train/Brown_Thrasher/8745.jpg	A bird perches on feeder, beak open.
../dataset/datasets/cub/5shot/train/Brown_Thrasher/8738.jpg	A bird stands alert, tail fanned out.
../dataset/datasets/cub/5shot/train/Brown_Thrasher/8733.jpg	A bird stands on grass, head slightly turned.
../dataset/datasets/cub/5shot/train/Sage_Thrasher/8764.jpg	A bird perches on a wooden post, facing right.
../dataset/datasets/cub/5shot/train/Sage_Thrasher/8772.jpg	A bird perches on a wooden post, facing left.
../dataset/datasets/cub/5shot/train/Sage_Thrasher/8815.jpg	A bird stands on a log, facing left.
../dataset/datasets/cub/5shot/train/Sage_Thrasher/8773.jpg	A bird perched on branch, head slightly tilted.
../dataset/datasets/cub/5shot/train/Sage_Thrasher/8805.jpg	A bird perched on branch, facing right.
../dataset/datasets/cub/5shot/train/Black_capped_Vireo/8845.jpg	A bird perches on branch, head slightly tilted.
../dataset/datasets/cub/5shot/train/Black_capped_Vireo/8871.jpg	A bird perched on branch, head turned slightly.
../dataset/datasets/cub/5shot/train/Black_capped_Vireo/8847.jpg	A bird perched on branch, facing left.
../dataset/datasets/cub/5shot/train/Black_capped_Vireo/8842.jpg	A bird is perched, head slightly tilted.
../dataset/datasets/cub/5shot/train/Black_capped_Vireo/8869.jpg	A bird perched on branch, head turned slightly.
../dataset/datasets/cub/5shot/train/Blue_headed_Vireo/8896.jpg	A bird perches on branch, facing left.
../dataset/datasets/cub/5shot/train/Blue_headed_Vireo/8907.jpg	a bird perched on branch, facing right.
../dataset/datasets/cub/5shot/train/Blue_headed_Vireo/8886.jpg	A bird perched, head slightly tilted.
../dataset/datasets/cub/5shot/train/Blue_headed_Vireo/8875.jpg	A bird perched on branch, facing right.
../dataset/datasets/cub/5shot/train/Blue_headed_Vireo/8916.jpg	a bird perched on branch, head slightly tilted.
../dataset/datasets/cub/5shot/train/Philadelphia_Vireo/8975.jpg	A bird perched on branch, facing left.
../dataset/datasets/cub/5shot/train/Philadelphia_Vireo/8982.jpg	A bird perched on branch, facing right.
../dataset/datasets/cub/5shot/train/Philadelphia_Vireo/8961.jpg	A bird perches on branch, head slightly tilted.
../dataset/datasets/cub/5shot/train/Philadelphia_Vireo/8987.jpg	A bird perches on branch, wings slightly spread.
../dataset/datasets/cub/5shot/train/Philadelphia_Vireo/8991.jpg	A bird perches on branch, head slightly tilted.
../dataset/datasets/cub/5shot/train/Red_eyed_Vireo/9032.jpg	A bird perched on branch, head tilted back, beak open.
../dataset/datasets/cub/5shot/train/Red_eyed_Vireo/9030.jpg	A bird perched on branch, facing left.
../dataset/datasets/cub/5shot/train/Red_eyed_Vireo/9000.jpg	A bird perched on branch, head slightly tilted.
../dataset/datasets/cub/5shot/train/Red_eyed_Vireo/9012.jpg	A bird perches on branch, facing left.
../dataset/datasets/cub/5shot/train/Red_eyed_Vireo/9021.jpg	a bird perched on branch.
../dataset/datasets/cub/5shot/train/Warbling_Vireo/9086.jpg	A bird perches on cattail.
../dataset/datasets/cub/5shot/train/Warbling_Vireo/9112.jpg	A bird perched on branch, head slightly tilted.
../dataset/datasets/cub/5shot/train/Warbling_Vireo/9078.jpg	A bird perched on branch, head slightly tilted.
../dataset/datasets/cub/5shot/train/Warbling_Vireo/9070.jpg	A bird perches on a branch, facing left.
../dataset/datasets/cub/5shot/train/Warbling_Vireo/9062.jpg	A bird perches on branch, holding insect in beak.
../dataset/datasets/cub/5shot/train/White_eyed_Vireo/9118.jpg	A bird perches on branch, facing left.
../dataset/datasets/cub/5shot/train/White_eyed_Vireo/9160.jpg	A bird perched on branch, facing left.
../dataset/datasets/cub/5shot/train/White_eyed_Vireo/9163.jpg	A bird perched on branch, facing right.
../dataset/datasets/cub/5shot/train/White_eyed_Vireo/9142.jpg	A bird perches on branch, head slightly tilted.
../dataset/datasets/cub/5shot/train/White_eyed_Vireo/9134.jpg	A bird perches on branch, wings slightly spread.
../dataset/datasets/cub/5shot/train/Yellow_throated_Vireo/9218.jpg	A bird perches on a branch.
../dataset/datasets/cub/5shot/train/Yellow_throated_Vireo/9209.jpg	A bird perches on branch, facing right.
../dataset/datasets/cub/5shot/train/Yellow_throated_Vireo/9207.jpg	A bird perches on branch, head slightly tilted.
../dataset/datasets/cub/5shot/train/Yellow_throated_Vireo/9202.jpg	A bird perched on branch, facing right.
../dataset/datasets/cub/5shot/train/Yellow_throated_Vireo/9225.jpg	a bird stands on sandy ground, looking to the right.
../dataset/datasets/cub/5shot/train/Bay_breasted_Warbler/9273.jpg	A bird perches on branch, facing left.
../dataset/datasets/cub/5shot/train/Bay_breasted_Warbler/9247.jpg	A bird perches on branch, facing right.
../dataset/datasets/cub/5shot/train/Bay_breasted_Warbler/9256.jpg	A bird perched on branch, head slightly tilted.
../dataset/datasets/cub/5shot/train/Bay_breasted_Warbler/9255.jpg	A bird perched on branch, facing left.
../dataset/datasets/cub/5shot/train/Bay_breasted_Warbler/9283.jpg	A bird perched on branch, facing left.
../dataset/datasets/cub/5shot/train/Black_and_white_Warbler/9337.jpg	A bird perches on tree bark, head slightly tilted.
../dataset/datasets/cub/5shot/train/Black_and_white_Warbler/9351.jpg	A bird perched on branch, head turned slightly.
../dataset/datasets/cub/5shot/train/Black_and_white_Warbler/9302.jpg	A bird perched on a branch.
../dataset/datasets/cub/5shot/train/Black_and_white_Warbler/9311.jpg	A bird perched, mouth open, singing.
../dataset/datasets/cub/5shot/train/Black_and_white_Warbler/9322.jpg	A bird perches on mossy branch, head tilted upward.
../dataset/datasets/cub/5shot/train/Black_throated_Blue_Warbler/9402.jpg	A bird perches on branch, head slightly tilted.
../dataset/datasets/cub/5shot/train/Black_throated_Blue_Warbler/9382.jpg	A bird perches on branch, facing right.
../dataset/datasets/cub/5shot/train/Black_throated_Blue_Warbler/9388.jpg	A bird perches on branch, head slightly lowered.
../dataset/datasets/cub/5shot/train/Black_throated_Blue_Warbler/9393.jpg	A bird perched on branch, facing left.
../dataset/datasets/cub/5shot/train/Black_throated_Blue_Warbler/9408.jpg	A bird perches on branch, head slightly tilted.
../dataset/datasets/cub/5shot/train/Blue_winged_Warbler/9430.jpg	A bird perched, singing.
../dataset/datasets/cub/5shot/train/Blue_winged_Warbler/9446.jpg	a bird perched on branch, facing left.
../dataset/datasets/cub/5shot/train/Blue_winged_Warbler/9445.jpg	A bird perches on ground, head slightly tilted.
../dataset/datasets/cub/5shot/train/Blue_winged_Warbler/9442.jpg	A bird perches on branch, facing right.
../dataset/datasets/cub/5shot/train/Blue_winged_Warbler/9427.jpg	A bird perched, head slightly tilted.
../dataset/datasets/cub/5shot/train/Canada_Warbler/9530.jpg	A bird perches on branch, head slightly tilted.
../dataset/datasets/cub/5shot/train/Canada_Warbler/9502.jpg	A bird perches on a branch, facing slightly right.
../dataset/datasets/cub/5shot/train/Canada_Warbler/9497.jpg	A bird perched on a finger.
../dataset/datasets/cub/5shot/train/Canada_Warbler/9515.jpg	A bird perches on branch, facing left.
../dataset/datasets/cub/5shot/train/Canada_Warbler/9496.jpg	A bird perches on a branch, facing left.
../dataset/datasets/cub/5shot/train/Cape_May_Warbler/9589.jpg	A bird perches on branch, head slightly tilted.
../dataset/datasets/cub/5shot/train/Cape_May_Warbler/9583.jpg	A bird perched on branch, head turned slightly.
../dataset/datasets/cub/5shot/train/Cape_May_Warbler/9590.jpg	A bird perches on branch, wings slightly spread.
../dataset/datasets/cub/5shot/train/Cape_May_Warbler/9559.jpg	A bird perches on a branch, facing left.
../dataset/datasets/cub/5shot/train/Cape_May_Warbler/9570.jpg	A bird perched on branch, facing left.
../dataset/datasets/cub/5shot/train/Cerulean_Warbler/9638.jpg	A bird perched on branch, open beak.
../dataset/datasets/cub/5shot/train/Cerulean_Warbler/9626.jpg	A bird perches on branch, head slightly tilted.
../dataset/datasets/cub/5shot/train/Cerulean_Warbler/9592.jpg	A bird perched on a hand, facing right.
../dataset/datasets/cub/5shot/train/Cerulean_Warbler/9617.jpg	A bird perched on branch, head slightly tilted.
../dataset/datasets/cub/5shot/train/Cerulean_Warbler/9646.jpg	A bird perched on hand, facing right.
../dataset/datasets/cub/5shot/train/Chestnut_sided_Warbler/9709.jpg	A bird perches on branch, facing right.
../dataset/datasets/cub/5shot/train/Chestnut_sided_Warbler/9670.jpg	a bird perched on branch, facing right.
../dataset/datasets/cub/5shot/train/Chestnut_sided_Warbler/9703.jpg	A bird perches on branch, facing left.
../dataset/datasets/cub/5shot/train/Chestnut_sided_Warbler/9657.jpg	A bird perches on branch, head slightly tilted.
../dataset/datasets/cub/5shot/train/Chestnut_sided_Warbler/9680.jpg	A bird stands on ground, beak open.
../dataset/datasets/cub/5shot/train/Golden_winged_Warbler/9723.jpg	A bird perched on a hand, wings slightly spread.
../dataset/datasets/cub/5shot/train/Golden_winged_Warbler/9741.jpg	A bird perched, head raised, singing.
../dataset/datasets/cub/5shot/train/Golden_winged_Warbler/9729.jpg	A bird perched on a finger.
../dataset/datasets/cub/5shot/train/Golden_winged_Warbler/9753.jpg	A bird perched on branch, facing left.
../dataset/datasets/cub/5shot/train/Golden_winged_Warbler/9734.jpg	A bird perches on branch, head slightly tilted.
../dataset/datasets/cub/5shot/train/Hooded_Warbler/9801.jpg	A bird perches on a branch.
../dataset/datasets/cub/5shot/train/Hooded_Warbler/9784.jpg	A bird perched on branch, facing left.
../dataset/datasets/cub/5shot/train/Hooded_Warbler/9779.jpg	A bird perches on branch, head slightly tilted.
../dataset/datasets/cub/5shot/train/Hooded_Warbler/9794.jpg	A bird perches on a branch, facing left.
../dataset/datasets/cub/5shot/train/Hooded_Warbler/9808.jpg	A bird perches on branch, head slightly tilted.
../dataset/datasets/cub/5shot/train/Kentucky_Warbler/9859.jpg	A bird perches on branch, head tilted upward.
../dataset/datasets/cub/5shot/train/Kentucky_Warbler/9858.jpg	A bird perches on edge, facing left.
../dataset/datasets/cub/5shot/train/Kentucky_Warbler/9867.jpg	A bird perched on branch, facing left.
../dataset/datasets/cub/5shot/train/Kentucky_Warbler/9862.jpg	A bird perches on branch, facing left.
../dataset/datasets/cub/5shot/train/Kentucky_Warbler/9840.jpg	A bird perches on a branch, facing right.
../dataset/datasets/cub/5shot/train/Magnolia_Warbler/9947.jpg	A bird perches on branch, facing right.
../dataset/datasets/cub/5shot/train/Magnolia_Warbler/9930.jpg	a bird perched on branch, tail fanned out.
../dataset/datasets/cub/5shot/train/Magnolia_Warbler/9923.jpg	A bird perches on branch, head slightly tilted.
../dataset/datasets/cub/5shot/train/Magnolia_Warbler/9946.jpg	A bird perches on edge of bowl.
../dataset/datasets/cub/5shot/train/Magnolia_Warbler/9926.jpg	A bird perched on branch, facing left.
../dataset/datasets/cub/5shot/train/Mourning_Warbler/9965.jpg	A bird perched on branch, facing left.
../dataset/datasets/cub/5shot/train/Mourning_Warbler/9969.jpg	A bird perches on branch, facing left.
../dataset/datasets/cub/5shot/train/Mourning_Warbler/9960.jpg	A bird perched on branch.
../dataset/datasets/cub/5shot/train/Mourning_Warbler/9979.jpg	A bird perches on branch, head slightly tilted.
../dataset/datasets/cub/5shot/train/Mourning_Warbler/9951.jpg	a bird perched on branch, facing left.
../dataset/datasets/cub/5shot/train/Myrtle_Warbler/10060.jpg	A bird perches on snowy feeder.
../dataset/datasets/cub/5shot/train/Myrtle_Warbler/10026.jpg	A bird perched on branch, facing left.
../dataset/datasets/cub/5shot/train/Myrtle_Warbler/10049.jpg	A bird perched on branch, facing left.
../dataset/datasets/cub/5shot/train/Myrtle_Warbler/10067.jpg	a bird perched on branch.
../dataset/datasets/cub/5shot/train/Myrtle_Warbler/10016.jpg	a bird perched on branch, facing right.
../dataset/datasets/cub/5shot/train/Nashville_Warbler/10120.jpg	A bird perches on branch, facing left.
../dataset/datasets/cub/5shot/train/Nashville_Warbler/10075.jpg	A bird perches on branch, facing left.
../dataset/datasets/cub/5shot/train/Nashville_Warbler/10102.jpg	A bird perched on branch, facing right.
../dataset/datasets/cub/5shot/train/Nashville_Warbler/10086.jpg	A bird perches on branch, facing right.
../dataset/datasets/cub/5shot/train/Nashville_Warbler/10126.jpg	A bird stands on ground, head slightly tilted.
../dataset/datasets/cub/5shot/train/Orange_crowned_Warbler/10179.jpg	A bird perched on branch, facing left.
../dataset/datasets/cub/5shot/train/Orange_crowned_Warbler/10146.jpg	A bird perches on branch, head slightly tilted.
../dataset/datasets/cub/5shot/train/Orange_crowned_Warbler/10156.jpg	A bird perches on branch, facing left.
../dataset/datasets/cub/5shot/train/Orange_crowned_Warbler/10155.jpg	a bird perched on branch, facing left.
../dataset/datasets/cub/5shot/train/Orange_crowned_Warbler/10153.jpg	A bird perches on branch, facing right.
../dataset/datasets/cub/5shot/train/Palm_Warbler/10214.jpg	A bird perches on branch, facing left.
../dataset/datasets/cub/5shot/train/Palm_Warbler/10215.jpg	A bird stands perched on a branch, facing left.
../dataset/datasets/cub/5shot/train/Palm_Warbler/10190.jpg	A bird perched on bricks, facing right.
../dataset/datasets/cub/5shot/train/Palm_Warbler/10223.jpg	A bird stands on one leg, head slightly tilted.
../dataset/datasets/cub/5shot/train/Palm_Warbler/10236.jpg	A bird perched on branch, facing left.
../dataset/datasets/cub/5shot/train/Pine_Warbler/10260.jpg	A bird perches on wood, facing left.
../dataset/datasets/cub/5shot/train/Pine_Warbler/10305.jpg	A bird perches on leaf, facing left.
../dataset/datasets/cub/5shot/train/Pine_Warbler/10270.jpg	A bird stands on ground, slightly tilted head.
../dataset/datasets/cub/5shot/train/Pine_Warbler/10264.jpg	A bird perches on feeder, head slightly tilted.
../dataset/datasets/cub/5shot/train/Pine_Warbler/10306.jpg	A bird perches on branch, head slightly tilted.
../dataset/datasets/cub/5shot/train/Prairie_Warbler/10322.jpg	A bird perched on branch, facing left.
../dataset/datasets/cub/5shot/train/Prairie_Warbler/10311.jpg	A bird perches on pine branch, head slightly tilted.
../dataset/datasets/cub/5shot/train/Prairie_Warbler/10335.jpg	A bird perches on branch, head slightly tilted.
../dataset/datasets/cub/5shot/train/Prairie_Warbler/10324.jpg	A bird perches on a branch, facing left.
../dataset/datasets/cub/5shot/train/Prairie_Warbler/10350.jpg	A bird perched on branch, facing right.
../dataset/datasets/cub/5shot/train/Prothonotary_Warbler/10413.jpg	A bird perches on branch, facing right.
../dataset/datasets/cub/5shot/train/Prothonotary_Warbler/10388.jpg	A bird perches on branch, facing left.
../dataset/datasets/cub/5shot/train/Prothonotary_Warbler/10420.jpg	A bird perches on branch, head slightly lowered.
../dataset/datasets/cub/5shot/train/Prothonotary_Warbler/10414.jpg	A bird perches on branch, facing left.
../dataset/datasets/cub/5shot/train/Prothonotary_Warbler/10395.jpg	A bird perches on a branch.
../dataset/datasets/cub/5shot/train/Swainson_Warbler/10467.jpg	a bird stands on branch, head turned left.
../dataset/datasets/cub/5shot/train/Swainson_Warbler/10448.jpg	A bird perches on branch, facing left.
../dataset/datasets/cub/5shot/train/Swainson_Warbler/10430.jpg	A bird perched on hand, wings slightly spread.
../dataset/datasets/cub/5shot/train/Swainson_Warbler/10440.jpg	A bird perched on a hand, wings slightly spread.
../dataset/datasets/cub/5shot/train/Swainson_Warbler/10458.jpg	A bird perches on branch, head slightly tilted.
../dataset/datasets/cub/5shot/train/Tennessee_Warbler/10507.jpg	A bird perched on branch, facing left.
../dataset/datasets/cub/5shot/train/Tennessee_Warbler/10495.jpg	A bird perches on branch, head slightly tilted.
../dataset/datasets/cub/5shot/train/Tennessee_Warbler/10531.jpg	A bird perches on branch, head slightly tilted.
../dataset/datasets/cub/5shot/train/Tennessee_Warbler/10539.jpg	A bird perches on a branch, facing right.
../dataset/datasets/cub/5shot/train/Tennessee_Warbler/10498.jpg	A bird perches on branch, facing left.
../dataset/datasets/cub/5shot/train/Wilson_Warbler/10571.jpg	A bird perches on branch, head slightly tilted.
../dataset/datasets/cub/5shot/train/Wilson_Warbler/10590.jpg	A bird perches on branch, head slightly tilted.
../dataset/datasets/cub/5shot/train/Wilson_Warbler/10582.jpg	A bird perches on branch, facing left.
../dataset/datasets/cub/5shot/train/Wilson_Warbler/10583.jpg	A bird perches on branch, facing right.
../dataset/datasets/cub/5shot/train/Wilson_Warbler/10574.jpg	A bird perches on branch, facing right.
../dataset/datasets/cub/5shot/train/Worm_eating_Warbler/10657.jpg	A bird perches on branch, head slightly tilted.
../dataset/datasets/cub/5shot/train/Worm_eating_Warbler/10628.jpg	A bird perches on branch, head slightly tilted.
../dataset/datasets/cub/5shot/train/Worm_eating_Warbler/10640.jpg	A bird perches on branch, head slightly tilted.
../dataset/datasets/cub/5shot/train/Worm_eating_Warbler/10660.jpg	A bird perches on branch, head slightly tilted.
../dataset/datasets/cub/5shot/train/Worm_eating_Warbler/10603.jpg	A bird perches on branch, head slightly tilted.
../dataset/datasets/cub/5shot/train/Yellow_Warbler/10696.jpg	A bird stands on sand, head slightly turned.
../dataset/datasets/cub/5shot/train/Yellow_Warbler/10690.jpg	A bird perches on branch, facing right.
../dataset/datasets/cub/5shot/train/Yellow_Warbler/10683.jpg	A bird perched on branch, facing left.
../dataset/datasets/cub/5shot/train/Yellow_Warbler/10701.jpg	A bird perches on branch, facing right.
../dataset/datasets/cub/5shot/train/Yellow_Warbler/10674.jpg	A bird perched on branch, facing right.
../dataset/datasets/cub/5shot/train/Northern_Waterthrush/10741.jpg	A bird perches on branch, head slightly tilted.
../dataset/datasets/cub/5shot/train/Northern_Waterthrush/10774.jpg	A bird perched on branch, facing right.
../dataset/datasets/cub/5shot/train/Northern_Waterthrush/10727.jpg	A bird perched on branch, facing left.
../dataset/datasets/cub/5shot/train/Northern_Waterthrush/10764.jpg	A bird perches on branch, head slightly tilted.
../dataset/datasets/cub/5shot/train/Northern_Waterthrush/10738.jpg	A bird perches on branch, head slightly tilted.
../dataset/datasets/cub/5shot/train/Louisiana_Waterthrush/10790.jpg	A bird perches on branch, head slightly tilted.
../dataset/datasets/cub/5shot/train/Louisiana_Waterthrush/10788.jpg	A bird perches on rock, head slightly lowered.
../dataset/datasets/cub/5shot/train/Louisiana_Waterthrush/10805.jpg	A bird is perched on a rock, facing right.
../dataset/datasets/cub/5shot/train/Louisiana_Waterthrush/10800.jpg	A bird perches on a branch, facing right.
../dataset/datasets/cub/5shot/train/Louisiana_Waterthrush/10814.jpg	A bird stands on a log, facing right.
../dataset/datasets/cub/5shot/train/Bohemian_Waxwing/10894.jpg	A bird perches on branch, facing right.
../dataset/datasets/cub/5shot/train/Bohemian_Waxwing/10880.jpg	A bird perches on branch, beak open.
../dataset/datasets/cub/5shot/train/Bohemian_Waxwing/10885.jpg	A bird perched on branch, wings slightly spread.
../dataset/datasets/cub/5shot/train/Bohemian_Waxwing/10854.jpg	A bird perches on branch, facing right.
../dataset/datasets/cub/5shot/train/Bohemian_Waxwing/10859.jpg	A bird perches on branch, holding berry in beak.
../dataset/datasets/cub/5shot/train/Cedar_Waxwing/10924.jpg	A bird perched on branch, facing right.
../dataset/datasets/cub/5shot/train/Cedar_Waxwing/10944.jpg	A bird perches on a branch, facing left.
../dataset/datasets/cub/5shot/train/Cedar_Waxwing/10948.jpg	A bird perches on branch, head slightly tilted.
../dataset/datasets/cub/5shot/train/Cedar_Waxwing/10920.jpg	A bird perches on leaf, head slightly tilted.
../dataset/datasets/cub/5shot/train/Cedar_Waxwing/10940.jpg	A bird perches on branch, facing right.
../dataset/datasets/cub/5shot/train/American_Three_toed_Woodpecker/10979.jpg	A bird perches on tree trunk, head slightly tilted.
../dataset/datasets/cub/5shot/train/American_Three_toed_Woodpecker/10978.jpg	A bird perches on tree trunk, head slightly tilted.
../dataset/datasets/cub/5shot/train/American_Three_toed_Woodpecker/10967.jpg	A bird perches on tree trunk, head slightly tilted.
../dataset/datasets/cub/5shot/train/American_Three_toed_Woodpecker/10999.jpg	A bird perches on tree trunk, head tilted upward.
../dataset/datasets/cub/5shot/train/American_Three_toed_Woodpecker/10997.jpg	A bird perches on tree trunk, head slightly tilted.
../dataset/datasets/cub/5shot/train/Pileated_Woodpecker/11015.jpg	A bird perched on tree trunk, head turned slightly.
../dataset/datasets/cub/5shot/train/Pileated_Woodpecker/11050.jpg	A bird perches on wood, head tilted upward.
../dataset/datasets/cub/5shot/train/Pileated_Woodpecker/11056.jpg	A bird perches upside down.
../dataset/datasets/cub/5shot/train/Pileated_Woodpecker/11044.jpg	A bird perches on a tree trunk, head turned slightly.
../dataset/datasets/cub/5shot/train/Pileated_Woodpecker/11038.jpg	A bird perches on tree trunk, head tilted upward.
../dataset/datasets/cub/5shot/train/Red_bellied_Woodpecker/11093.jpg	A bird perched on tree trunk, head turned slightly.
../dataset/datasets/cub/5shot/train/Red_bellied_Woodpecker/11076.jpg	A bird stands on one leg, head tilted upward.
../dataset/datasets/cub/5shot/train/Red_bellied_Woodpecker/11101.jpg	A bird perches on feeder, head tilted.
../dataset/datasets/cub/5shot/train/Red_bellied_Woodpecker/11116.jpg	A bird perches on feeder, head turned slightly.
../dataset/datasets/cub/5shot/train/Red_bellied_Woodpecker/11106.jpg	A bird perches on a seed feeder, beak open.
../dataset/datasets/cub/5shot/train/Red_cockaded_Woodpecker/11185.jpg	A bird perches on tree trunk, beak near wood.
../dataset/datasets/cub/5shot/train/Red_cockaded_Woodpecker/11159.jpg	A bird perches at tree hole entrance.
../dataset/datasets/cub/5shot/train/Red_cockaded_Woodpecker/11179.jpg	A bird perches on tree trunk, beak near hole.
../dataset/datasets/cub/5shot/train/Red_cockaded_Woodpecker/11134.jpg	A bird perches on tree branch, head tilted upward.
../dataset/datasets/cub/5shot/train/Red_cockaded_Woodpecker/11154.jpg	A bird perches on tree trunk, beak near hole.
../dataset/datasets/cub/5shot/train/Red_headed_Woodpecker/11215.jpg	A bird perches on a tree branch.
../dataset/datasets/cub/5shot/train/Red_headed_Woodpecker/11226.jpg	A bird perches on a tree stump, head slightly turned.
../dataset/datasets/cub/5shot/train/Red_headed_Woodpecker/11210.jpg	A bird perched on a stone, facing left.
../dataset/datasets/cub/5shot/train/Red_headed_Woodpecker/11235.jpg	A bird perches on branch, head tilted upward.
../dataset/datasets/cub/5shot/train/Red_headed_Woodpecker/11211.jpg	A bird perches on feeder, head tilted slightly.
../dataset/datasets/cub/5shot/train/Downy_Woodpecker/11256.jpg	A bird perches on a feeder, facing left.
../dataset/datasets/cub/5shot/train/Downy_Woodpecker/11261.jpg	A bird perches on tree trunk, head turned slightly.
../dataset/datasets/cub/5shot/train/Downy_Woodpecker/11300.jpg	A bird perched, facing left.
../dataset/datasets/cub/5shot/train/Downy_Woodpecker/11264.jpg	a bird perched on wood, head turned slightly.
../dataset/datasets/cub/5shot/train/Downy_Woodpecker/11272.jpg	A bird perches on tree trunk, head turned slightly.
../dataset/datasets/cub/5shot/train/Bewick_Wren/11322.jpg	A bird perches on railing, head slightly tilted.
../dataset/datasets/cub/5shot/train/Bewick_Wren/11347.jpg	A bird perched, head slightly tilted.
../dataset/datasets/cub/5shot/train/Bewick_Wren/11350.jpg	A bird perched, feet spread, head slightly raised.
../dataset/datasets/cub/5shot/train/Bewick_Wren/11364.jpg	A bird perches on branch, head slightly tilted.
../dataset/datasets/cub/5shot/train/Bewick_Wren/11345.jpg	A bird perches on edge, head slightly tilted.
../dataset/datasets/cub/5shot/train/Cactus_Wren/11414.jpg	A bird stands on one leg, head tilted.
../dataset/datasets/cub/5shot/train/Cactus_Wren/11428.jpg	A bird perches on branch, head tilted upward.
../dataset/datasets/cub/5shot/train/Cactus_Wren/11403.jpg	A bird perches on a branch, tail extended.
../dataset/datasets/cub/5shot/train/Cactus_Wren/11375.jpg	A bird perched, head raised, beak open.
../dataset/datasets/cub/5shot/train/Cactus_Wren/11408.jpg	A bird stands on ground, head lowered.
../dataset/datasets/cub/5shot/train/Carolina_Wren/11474.jpg	A bird perches on a surface, head slightly tilted.
../dataset/datasets/cub/5shot/train/Carolina_Wren/11466.jpg	A bird perched on wicker chair.
../dataset/datasets/cub/5shot/train/Carolina_Wren/11465.jpg	A bird perched, head raised.
../dataset/datasets/cub/5shot/train/Carolina_Wren/11473.jpg	A bird perches on a post, head slightly tilted.
../dataset/datasets/cub/5shot/train/Carolina_Wren/11456.jpg	A bird perched, head slightly tilted.
../dataset/datasets/cub/5shot/train/House_Wren/11545.jpg	A bird perched, head slightly tilted.
../dataset/datasets/cub/5shot/train/House_Wren/11512.jpg	A bird perches on branch, tail fanned out.
../dataset/datasets/cub/5shot/train/House_Wren/11524.jpg	A bird perches on wire, facing right.
../dataset/datasets/cub/5shot/train/House_Wren/11508.jpg	A bird perches on branch, beak open.
../dataset/datasets/cub/5shot/train/House_Wren/11546.jpg	A bird perches on branch, head slightly tilted.
../dataset/datasets/cub/5shot/train/Marsh_Wren/11580.jpg	A bird perches on branch, beak open.
../dataset/datasets/cub/5shot/train/Marsh_Wren/11558.jpg	A bird perches on a reed, beak open.
../dataset/datasets/cub/5shot/train/Marsh_Wren/11572.jpg	A bird perches on reeds, head slightly tilted.
../dataset/datasets/cub/5shot/train/Marsh_Wren/11552.jpg	A bird perches on reeds, facing left.
../dataset/datasets/cub/5shot/train/Marsh_Wren/11590.jpg	A bird perches on branch, head slightly tilted.
../dataset/datasets/cub/5shot/train/Rock_Wren/11624.jpg	A bird stands on ground, head slightly tilted.
../dataset/datasets/cub/5shot/train/Rock_Wren/11640.jpg	A bird perches on a rock.
../dataset/datasets/cub/5shot/train/Rock_Wren/11636.jpg	A bird stands upright on rocks.
../dataset/datasets/cub/5shot/train/Rock_Wren/11627.jpg	A bird perched on rock, head slightly tilted.
../dataset/datasets/cub/5shot/train/Rock_Wren/11634.jpg	A bird stands perched, legs spread.
../dataset/datasets/cub/5shot/train/Winter_Wren/11696.jpg	A bird perches on snow-covered branch, head slightly tilted.
../dataset/datasets/cub/5shot/train/Winter_Wren/11717.jpg	A bird perched on branch, facing right.
../dataset/datasets/cub/5shot/train/Winter_Wren/11685.jpg	A bird perches on railing, head slightly tilted.
../dataset/datasets/cub/5shot/train/Winter_Wren/11694.jpg	A bird perches on a branch, facing right.
../dataset/datasets/cub/5shot/train/Winter_Wren/11706.jpg	A bird perches on branch, head raised.
../dataset/datasets/cub/5shot/train/Common_Yellowthroat/11767.jpg	A bird stands on grass, wings slightly raised.
../dataset/datasets/cub/5shot/train/Common_Yellowthroat/11743.jpg	A bird perched, head raised, mouth open.
../dataset/datasets/cub/5shot/train/Common_Yellowthroat/11734.jpg	A bird perches on a branch, facing right.
../dataset/datasets/cub/5shot/train/Common_Yellowthroat/11763.jpg	A bird perches on branch, head slightly turned.
../dataset/datasets/cub/5shot/train/Common_Yellowthroat/11750.jpg	A bird perches on a leaf, facing right.