image	response
/n/fs/wy-project/Diff-II/datasets/imb_flower_0.1/seed0/pink_primrose/1485.jpg	The background is blurred, with earthy tones.
/n/fs/wy-project/Diff-II/datasets/imb_flower_0.1/seed0/pink_primrose/1487.jpg	The background is grassy and blurred.
/n/fs/wy-project/Diff-II/datasets/imb_flower_0.1/seed0/pink_primrose/1486.jpg	Green grass and soil.
/n/fs/wy-project/Diff-II/datasets/imb_flower_0.1/seed0/pink_primrose/1488.jpg	Green leaves and stems.
/n/fs/wy-project/Diff-II/datasets/imb_flower_0.1/seed0/pink_primrose/1489.jpg	Dark and blurred.
/n/fs/wy-project/Diff-II/datasets/imb_flower_0.1/seed0/hard-leaved_pocket_orchid/1255.jpg	The background is blurred green foliage.
/n/fs/wy-project/Diff-II/datasets/imb_flower_0.1/seed0/hard-leaved_pocket_orchid/1257.jpg	The background is dark and blurred.
/n/fs/wy-project/Diff-II/datasets/imb_flower_0.1/seed0/hard-leaved_pocket_orchid/1258.jpg	The background is black.
/n/fs/wy-project/Diff-II/datasets/imb_flower_0.1/seed0/hard-leaved_pocket_orchid/1259.jpg	The background is black.
/n/fs/wy-project/Diff-II/datasets/imb_flower_0.1/seed0/hard-leaved_pocket_orchid/1253.jpg	Green plants, blurred background.
/n/fs/wy-project/Diff-II/datasets/imb_flower_0.1/seed0/hard-leaved_pocket_orchid/1254.jpg	The background is black.
/n/fs/wy-project/Diff-II/datasets/imb_flower_0.1/seed0/hard-leaved_pocket_orchid/1256.jpg	The background is dark blue.
/n/fs/wy-project/Diff-II/datasets/imb_flower_0.1/seed0/hard-leaved_pocket_orchid/1250.jpg	Dark green, blurred.
/n/fs/wy-project/Diff-II/datasets/imb_flower_0.1/seed0/hard-leaved_pocket_orchid/1251.jpg	A flower against a dark blue background.
/n/fs/wy-project/Diff-II/datasets/imb_flower_0.1/seed0/hard-leaved_pocket_orchid/1252.jpg	The background is black.
/n/fs/wy-project/Diff-II/datasets/imb_flower_0.1/seed0/canterbury_bells/1491.jpg	A flower is surrounded by green foliage and a white wall.
/n/fs/wy-project/Diff-II/datasets/imb_flower_0.1/seed0/canterbury_bells/1493.jpg	The background is blurred green foliage.
/n/fs/wy-project/Diff-II/datasets/imb_flower_0.1/seed0/canterbury_bells/1490.jpg	Dark, shadowy background.
/n/fs/wy-project/Diff-II/datasets/imb_flower_0.1/seed0/canterbury_bells/1492.jpg	Green, blurred background.
/n/fs/wy-project/Diff-II/datasets/imb_flower_0.1/seed0/sweet_pea/1318.jpg	Soft, blurred, natural.
/n/fs/wy-project/Diff-II/datasets/imb_flower_0.1/seed0/sweet_pea/1323.jpg	Soft, blurred greens and whites.
/n/fs/wy-project/Diff-II/datasets/imb_flower_0.1/seed0/sweet_pea/1322.jpg	The background is a soft, light sky.
/n/fs/wy-project/Diff-II/datasets/imb_flower_0.1/seed0/sweet_pea/1320.jpg	The background is blurred greenery.
/n/fs/wy-project/Diff-II/datasets/imb_flower_0.1/seed0/sweet_pea/1324.jpg	The background is dark.
/n/fs/wy-project/Diff-II/datasets/imb_flower_0.1/seed0/sweet_pea/1325.jpg	Green leaves and blurred background.
/n/fs/wy-project/Diff-II/datasets/imb_flower_0.1/seed0/sweet_pea/1317.jpg	Dark, blurred greenery.
/n/fs/wy-project/Diff-II/datasets/imb_flower_0.1/seed0/sweet_pea/1321.jpg	The background is plain and neutral.
/n/fs/wy-project/Diff-II/datasets/imb_flower_0.1/seed0/sweet_pea/1319.jpg	The background is black.
/n/fs/wy-project/Diff-II/datasets/imb_flower_0.1/seed0/english_marigold/1198.jpg	Green leaves and blurred background.
/n/fs/wy-project/Diff-II/datasets/imb_flower_0.1/seed0/english_marigold/1204.jpg	A flower is surrounded by green foliage and other yellow flowers.
/n/fs/wy-project/Diff-II/datasets/imb_flower_0.1/seed0/english_marigold/1195.jpg	Green leaves and blurred flowers.
/n/fs/wy-project/Diff-II/datasets/imb_flower_0.1/seed0/english_marigold/1203.jpg	The background is blurred, with indistinct shapes and colors.
/n/fs/wy-project/Diff-II/datasets/imb_flower_0.1/seed0/english_marigold/1196.jpg	Dark green, blurred.
/n/fs/wy-project/Diff-II/datasets/imb_flower_0.1/seed0/english_marigold/1197.jpg	Green leaves.
/n/fs/wy-project/Diff-II/datasets/imb_flower_0.1/seed0/english_marigold/1199.jpg	The background is green foliage and soil.
/n/fs/wy-project/Diff-II/datasets/imb_flower_0.1/seed0/english_marigold/1205.jpg	Dark, blurred background.
/n/fs/wy-project/Diff-II/datasets/imb_flower_0.1/seed0/english_marigold/1200.jpg	The background is green and blurred.
/n/fs/wy-project/Diff-II/datasets/imb_flower_0.1/seed0/english_marigold/1201.jpg	Green leaves, blurred.
/n/fs/wy-project/Diff-II/datasets/imb_flower_0.1/seed0/english_marigold/1206.jpg	Green leaves, pebbles, soil.
/n/fs/wy-project/Diff-II/datasets/imb_flower_0.1/seed0/english_marigold/1202.jpg	The background consists of green leaves and soil.
/n/fs/wy-project/Diff-II/datasets/imb_flower_0.1/seed0/tiger_lily/1458.jpg	Green foliage.
/n/fs/wy-project/Diff-II/datasets/imb_flower_0.1/seed0/tiger_lily/1457.jpg	Green foliage, wooden fence.
/n/fs/wy-project/Diff-II/datasets/imb_flower_0.1/seed0/tiger_lily/1456.jpg	Green grass.
/n/fs/wy-project/Diff-II/datasets/imb_flower_0.1/seed0/tiger_lily/1459.jpg	Green foliage, blurred background.
/n/fs/wy-project/Diff-II/datasets/imb_flower_0.1/seed0/tiger_lily/1455.jpg	White textured wall.
/n/fs/wy-project/Diff-II/datasets/imb_flower_0.1/seed0/moon_orchid/1495.jpg	Dark, blurred.
/n/fs/wy-project/Diff-II/datasets/imb_flower_0.1/seed0/moon_orchid/1496.jpg	The background is dark and blurred, with green foliage and hanging roots.
/n/fs/wy-project/Diff-II/datasets/imb_flower_0.1/seed0/moon_orchid/1494.jpg	Dark, shadowy background.
/n/fs/wy-project/Diff-II/datasets/imb_flower_0.1/seed0/moon_orchid/1497.jpg	The background is dark.
/n/fs/wy-project/Diff-II/datasets/imb_flower_0.1/seed0/bird_of_paradise/898.jpg	Dark, blurred leaves.
/n/fs/wy-project/Diff-II/datasets/imb_flower_0.1/seed0/bird_of_paradise/911.jpg	Green grass, blurred background.
/n/fs/wy-project/Diff-II/datasets/imb_flower_0.1/seed0/bird_of_paradise/897.jpg	The background is green foliage.
/n/fs/wy-project/Diff-II/datasets/imb_flower_0.1/seed0/bird_of_paradise/900.jpg	Blurred green leaves, bright sky.
/n/fs/wy-project/Diff-II/datasets/imb_flower_0.1/seed0/bird_of_paradise/902.jpg	Blurred green foliage.
/n/fs/wy-project/Diff-II/datasets/imb_flower_0.1/seed0/bird_of_paradise/905.jpg	Dark, leafy background.
/n/fs/wy-project/Diff-II/datasets/imb_flower_0.1/seed0/bird_of_paradise/908.jpg	Blurred green foliage.
/n/fs/wy-project/Diff-II/datasets/imb_flower_0.1/seed0/bird_of_paradise/896.jpg	The background is green foliage.
/n/fs/wy-project/Diff-II/datasets/imb_flower_0.1/seed0/bird_of_paradise/904.jpg	The background is lush with green foliage and trees.
/n/fs/wy-project/Diff-II/datasets/imb_flower_0.1/seed0/bird_of_paradise/912.jpg	Green leaves.
/n/fs/wy-project/Diff-II/datasets/imb_flower_0.1/seed0/bird_of_paradise/906.jpg	The background is lush green foliage.
/n/fs/wy-project/Diff-II/datasets/imb_flower_0.1/seed0/bird_of_paradise/895.jpg	Green leaves.
/n/fs/wy-project/Diff-II/datasets/imb_flower_0.1/seed0/bird_of_paradise/907.jpg	Green foliage, blurred background.
/n/fs/wy-project/Diff-II/datasets/imb_flower_0.1/seed0/bird_of_paradise/901.jpg	Blurred green and brown.
/n/fs/wy-project/Diff-II/datasets/imb_flower_0.1/seed0/bird_of_paradise/913.jpg	The background is blurred green foliage.
/n/fs/wy-project/Diff-II/datasets/imb_flower_0.1/seed0/bird_of_paradise/910.jpg	Blurred green foliage.
/n/fs/wy-project/Diff-II/datasets/imb_flower_0.1/seed0/bird_of_paradise/909.jpg	Green leaves, brick building.
/n/fs/wy-project/Diff-II/datasets/imb_flower_0.1/seed0/bird_of_paradise/903.jpg	Green reeds.
/n/fs/wy-project/Diff-II/datasets/imb_flower_0.1/seed0/bird_of_paradise/899.jpg	The background is dark.
/n/fs/wy-project/Diff-II/datasets/imb_flower_0.1/seed0/monkshood/1442.jpg	The background is dark.
/n/fs/wy-project/Diff-II/datasets/imb_flower_0.1/seed0/monkshood/1443.jpg	Green, blurred leaves.
/n/fs/wy-project/Diff-II/datasets/imb_flower_0.1/seed0/monkshood/1439.jpg	The background is blurred green foliage.
/n/fs/wy-project/Diff-II/datasets/imb_flower_0.1/seed0/monkshood/1440.jpg	The background is blurred green foliage.
/n/fs/wy-project/Diff-II/datasets/imb_flower_0.1/seed0/monkshood/1441.jpg	The background is blurred green.
/n/fs/wy-project/Diff-II/datasets/imb_flower_0.1/seed0/monkshood/1438.jpg	Green foliage, blurred background.
/n/fs/wy-project/Diff-II/datasets/imb_flower_0.1/seed0/globe_thistle/1462.jpg	Blurred green background.
/n/fs/wy-project/Diff-II/datasets/imb_flower_0.1/seed0/globe_thistle/1461.jpg	Green, blurred background.
/n/fs/wy-project/Diff-II/datasets/imb_flower_0.1/seed0/globe_thistle/1463.jpg	Green, blurred leaves.
/n/fs/wy-project/Diff-II/datasets/imb_flower_0.1/seed0/globe_thistle/1464.jpg	Blurred green foliage.
/n/fs/wy-project/Diff-II/datasets/imb_flower_0.1/seed0/globe_thistle/1460.jpg	Blurred greenery.
/n/fs/wy-project/Diff-II/datasets/imb_flower_0.1/seed0/snapdragon/841.jpg	A flower against a rocky backdrop.
/n/fs/wy-project/Diff-II/datasets/imb_flower_0.1/seed0/snapdragon/847.jpg	Blurred green and brown.
/n/fs/wy-project/Diff-II/datasets/imb_flower_0.1/seed0/snapdragon/838.jpg	The background is blurred with earthy tones.
/n/fs/wy-project/Diff-II/datasets/imb_flower_0.1/seed0/snapdragon/844.jpg	The background is green and blurred.
/n/fs/wy-project/Diff-II/datasets/imb_flower_0.1/seed0/snapdragon/852.jpg	The background is blurred green foliage.
/n/fs/wy-project/Diff-II/datasets/imb_flower_0.1/seed0/snapdragon/848.jpg	Green foliage.
/n/fs/wy-project/Diff-II/datasets/imb_flower_0.1/seed0/snapdragon/853.jpg	Green foliage.
/n/fs/wy-project/Diff-II/datasets/imb_flower_0.1/seed0/snapdragon/850.jpg	The background is dark and blurred.
/n/fs/wy-project/Diff-II/datasets/imb_flower_0.1/seed0/snapdragon/846.jpg	Dark green foliage.
/n/fs/wy-project/Diff-II/datasets/imb_flower_0.1/seed0/snapdragon/855.jpg	A flower against a blurred brown background.
/n/fs/wy-project/Diff-II/datasets/imb_flower_0.1/seed0/snapdragon/837.jpg	The background is blurred with green and yellow hues.
/n/fs/wy-project/Diff-II/datasets/imb_flower_0.1/seed0/snapdragon/840.jpg	The background is green foliage with blurred flowers.
/n/fs/wy-project/Diff-II/datasets/imb_flower_0.1/seed0/snapdragon/843.jpg	The background is green foliage.
/n/fs/wy-project/Diff-II/datasets/imb_flower_0.1/seed0/snapdragon/856.jpg	The background is green foliage.
/n/fs/wy-project/Diff-II/datasets/imb_flower_0.1/seed0/snapdragon/849.jpg	Dark green, blurred.
/n/fs/wy-project/Diff-II/datasets/imb_flower_0.1/seed0/snapdragon/839.jpg	Green foliage.
/n/fs/wy-project/Diff-II/datasets/imb_flower_0.1/seed0/snapdragon/851.jpg	The background is dark.
/n/fs/wy-project/Diff-II/datasets/imb_flower_0.1/seed0/snapdragon/845.jpg	The background is a blur of green and yellow foliage.
/n/fs/wy-project/Diff-II/datasets/imb_flower_0.1/seed0/snapdragon/854.jpg	Green leaves and blurred background.
/n/fs/wy-project/Diff-II/datasets/imb_flower_0.1/seed0/snapdragon/842.jpg	The background is soft and blurred, with muted colors.
/n/fs/wy-project/Diff-II/datasets/imb_flower_0.1/seed0/colt's_foot/870.jpg	The background is dark and blurred.
/n/fs/wy-project/Diff-II/datasets/imb_flower_0.1/seed0/colt's_foot/867.jpg	The background is blurred with green and brown tones.
/n/fs/wy-project/Diff-II/datasets/imb_flower_0.1/seed0/colt's_foot/858.jpg	The background is blurred, with muted browns and grays.
/n/fs/wy-project/Diff-II/datasets/imb_flower_0.1/seed0/colt's_foot/865.jpg	Blurred, natural setting.
/n/fs/wy-project/Diff-II/datasets/imb_flower_0.1/seed0/colt's_foot/859.jpg	The background is dry, brown grass and leaves.
/n/fs/wy-project/Diff-II/datasets/imb_flower_0.1/seed0/colt's_foot/871.jpg	The background is blurred with green and brown tones.
/n/fs/wy-project/Diff-II/datasets/imb_flower_0.1/seed0/colt's_foot/869.jpg	Blurred green and brown.
/n/fs/wy-project/Diff-II/datasets/imb_flower_0.1/seed0/colt's_foot/860.jpg	The background consists of dried leaves and soil.
/n/fs/wy-project/Diff-II/datasets/imb_flower_0.1/seed0/colt's_foot/872.jpg	The background is blurred, with muted earth tones and hints of green.
/n/fs/wy-project/Diff-II/datasets/imb_flower_0.1/seed0/colt's_foot/861.jpg	The background is blurred with green and brown tones.
/n/fs/wy-project/Diff-II/datasets/imb_flower_0.1/seed0/colt's_foot/875.jpg	Brown leaves.
/n/fs/wy-project/Diff-II/datasets/imb_flower_0.1/seed0/colt's_foot/866.jpg	Blurred, earthy tones.
/n/fs/wy-project/Diff-II/datasets/imb_flower_0.1/seed0/colt's_foot/862.jpg	The background is blurred, with muted earth tones.
/n/fs/wy-project/Diff-II/datasets/imb_flower_0.1/seed0/colt's_foot/873.jpg	A flower on ice.
/n/fs/wy-project/Diff-II/datasets/imb_flower_0.1/seed0/colt's_foot/874.jpg	The background is dry, brown grass.
/n/fs/wy-project/Diff-II/datasets/imb_flower_0.1/seed0/colt's_foot/868.jpg	The background consists of soil, rocks, and sparse vegetation.
/n/fs/wy-project/Diff-II/datasets/imb_flower_0.1/seed0/colt's_foot/857.jpg	Blurred green and brown.
/n/fs/wy-project/Diff-II/datasets/imb_flower_0.1/seed0/colt's_foot/863.jpg	Green grass and blurred stems.
/n/fs/wy-project/Diff-II/datasets/imb_flower_0.1/seed0/colt's_foot/864.jpg	The background is blurred, dark, and out of focus.
/n/fs/wy-project/Diff-II/datasets/imb_flower_0.1/seed0/king_protea/1394.jpg	The background is dark and blurred, with hints of greenery.
/n/fs/wy-project/Diff-II/datasets/imb_flower_0.1/seed0/king_protea/1396.jpg	The background is blurred blue sky.
/n/fs/wy-project/Diff-II/datasets/imb_flower_0.1/seed0/king_protea/1397.jpg	Blurred greenery.
/n/fs/wy-project/Diff-II/datasets/imb_flower_0.1/seed0/king_protea/1398.jpg	The background is green foliage.
/n/fs/wy-project/Diff-II/datasets/imb_flower_0.1/seed0/king_protea/1395.jpg	Green leaves and blurred background.
/n/fs/wy-project/Diff-II/datasets/imb_flower_0.1/seed0/king_protea/1400.jpg	Green leaves.
/n/fs/wy-project/Diff-II/datasets/imb_flower_0.1/seed0/king_protea/1399.jpg	The background is dark and blurred.
/n/fs/wy-project/Diff-II/datasets/imb_flower_0.1/seed0/spear_thistle/1401.jpg	Green foliage.
/n/fs/wy-project/Diff-II/datasets/imb_flower_0.1/seed0/spear_thistle/1402.jpg	Blurred, earthy tones.
/n/fs/wy-project/Diff-II/datasets/imb_flower_0.1/seed0/spear_thistle/1403.jpg	Blurred greenery.
/n/fs/wy-project/Diff-II/datasets/imb_flower_0.1/seed0/spear_thistle/1406.jpg	Green, blurred.
/n/fs/wy-project/Diff-II/datasets/imb_flower_0.1/seed0/spear_thistle/1405.jpg	Green, blurred background.
/n/fs/wy-project/Diff-II/datasets/imb_flower_0.1/seed0/spear_thistle/1407.jpg	Green, spiky, blurred.
/n/fs/wy-project/Diff-II/datasets/imb_flower_0.1/seed0/spear_thistle/1404.jpg	Blurred green and brown.
/n/fs/wy-project/Diff-II/datasets/imb_flower_0.1/seed0/yellow_iris/1413.jpg	The background is blurred with shades of blue and green.
/n/fs/wy-project/Diff-II/datasets/imb_flower_0.1/seed0/yellow_iris/1409.jpg	Dark, blurred green leaves.
/n/fs/wy-project/Diff-II/datasets/imb_flower_0.1/seed0/yellow_iris/1408.jpg	Green foliage.
/n/fs/wy-project/Diff-II/datasets/imb_flower_0.1/seed0/yellow_iris/1412.jpg	Green grass.
/n/fs/wy-project/Diff-II/datasets/imb_flower_0.1/seed0/yellow_iris/1411.jpg	The background consists of green grass and leaves.
/n/fs/wy-project/Diff-II/datasets/imb_flower_0.1/seed0/yellow_iris/1410.jpg	A flower is set against a blurred, dark water backdrop.
/n/fs/wy-project/Diff-II/datasets/imb_flower_0.1/seed0/globe-flower/1500.jpg	Green foliage, blurred background.
/n/fs/wy-project/Diff-II/datasets/imb_flower_0.1/seed0/globe-flower/1498.jpg	Green leaves.
/n/fs/wy-project/Diff-II/datasets/imb_flower_0.1/seed0/globe-flower/1499.jpg	The background is blurred green foliage.
/n/fs/wy-project/Diff-II/datasets/imb_flower_0.1/seed0/globe-flower/1501.jpg	Dark green leaves.
/n/fs/wy-project/Diff-II/datasets/imb_flower_0.1/seed0/purple_coneflower/919.jpg	Green leaves and blurred background.
/n/fs/wy-project/Diff-II/datasets/imb_flower_0.1/seed0/purple_coneflower/926.jpg	Blurred greenery and sunlight.
/n/fs/wy-project/Diff-II/datasets/imb_flower_0.1/seed0/purple_coneflower/922.jpg	Green foliage, blurred background.
/n/fs/wy-project/Diff-II/datasets/imb_flower_0.1/seed0/purple_coneflower/916.jpg	Green grass and blurred leaves.
/n/fs/wy-project/Diff-II/datasets/imb_flower_0.1/seed0/purple_coneflower/918.jpg	The background is blurred with green and pink hues.
/n/fs/wy-project/Diff-II/datasets/imb_flower_0.1/seed0/purple_coneflower/917.jpg	A flower against a blue sky with white clouds.
/n/fs/wy-project/Diff-II/datasets/imb_flower_0.1/seed0/purple_coneflower/928.jpg	Wooden fence.
/n/fs/wy-project/Diff-II/datasets/imb_flower_0.1/seed0/purple_coneflower/915.jpg	The background consists of green foliage and soil.
/n/fs/wy-project/Diff-II/datasets/imb_flower_0.1/seed0/purple_coneflower/931.jpg	Green leaves, blurred background.
/n/fs/wy-project/Diff-II/datasets/imb_flower_0.1/seed0/purple_coneflower/923.jpg	The background consists of soil, twigs, and green leaves.
/n/fs/wy-project/Diff-II/datasets/imb_flower_0.1/seed0/purple_coneflower/920.jpg	Blurred, soft pink tones.
/n/fs/wy-project/Diff-II/datasets/imb_flower_0.1/seed0/purple_coneflower/924.jpg	Green leaves and buds.
/n/fs/wy-project/Diff-II/datasets/imb_flower_0.1/seed0/purple_coneflower/914.jpg	Green, blurred foliage.
/n/fs/wy-project/Diff-II/datasets/imb_flower_0.1/seed0/purple_coneflower/921.jpg	The background is blurred greenery and yellow flowers.
/n/fs/wy-project/Diff-II/datasets/imb_flower_0.1/seed0/purple_coneflower/927.jpg	Green leaves and brown branches.
/n/fs/wy-project/Diff-II/datasets/imb_flower_0.1/seed0/purple_coneflower/925.jpg	The background is green and blurred.
/n/fs/wy-project/Diff-II/datasets/imb_flower_0.1/seed0/purple_coneflower/929.jpg	A flower with blurred greenery and sky.
/n/fs/wy-project/Diff-II/datasets/imb_flower_0.1/seed0/purple_coneflower/930.jpg	Green leaves.
/n/fs/wy-project/Diff-II/datasets/imb_flower_0.1/seed0/peruvian_lily/983.jpg	The background is green and blurred.
/n/fs/wy-project/Diff-II/datasets/imb_flower_0.1/seed0/peruvian_lily/975.jpg	The background is blurred green and blue.
/n/fs/wy-project/Diff-II/datasets/imb_flower_0.1/seed0/peruvian_lily/978.jpg	The background is blurred with green leaves and red elements.
/n/fs/wy-project/Diff-II/datasets/imb_flower_0.1/seed0/peruvian_lily/972.jpg	The background is blurred greenery and earth tones.
/n/fs/wy-project/Diff-II/datasets/imb_flower_0.1/seed0/peruvian_lily/970.jpg	Blurred green background.
/n/fs/wy-project/Diff-II/datasets/imb_flower_0.1/seed0/peruvian_lily/968.jpg	Soft, blurred pink hues.
/n/fs/wy-project/Diff-II/datasets/imb_flower_0.1/seed0/peruvian_lily/979.jpg	A flower with white petals and yellow center, surrounded by green leaves and buds, set against a brick wall.
/n/fs/wy-project/Diff-II/datasets/imb_flower_0.1/seed0/peruvian_lily/971.jpg	The background is dark.
/n/fs/wy-project/Diff-II/datasets/imb_flower_0.1/seed0/peruvian_lily/973.jpg	The background is blurred, with soft pink and green hues.
/n/fs/wy-project/Diff-II/datasets/imb_flower_0.1/seed0/peruvian_lily/969.jpg	The background is green foliage.
/n/fs/wy-project/Diff-II/datasets/imb_flower_0.1/seed0/peruvian_lily/982.jpg	The background is dark.
/n/fs/wy-project/Diff-II/datasets/imb_flower_0.1/seed0/peruvian_lily/980.jpg	Dark green.
/n/fs/wy-project/Diff-II/datasets/imb_flower_0.1/seed0/peruvian_lily/981.jpg	Green foliage.
/n/fs/wy-project/Diff-II/datasets/imb_flower_0.1/seed0/peruvian_lily/974.jpg	Green foliage, blurred background.
/n/fs/wy-project/Diff-II/datasets/imb_flower_0.1/seed0/peruvian_lily/976.jpg	Green leaves and blurred background.
/n/fs/wy-project/Diff-II/datasets/imb_flower_0.1/seed0/peruvian_lily/967.jpg	The background is green foliage.
/n/fs/wy-project/Diff-II/datasets/imb_flower_0.1/seed0/peruvian_lily/977.jpg	Green foliage.
/n/fs/wy-project/Diff-II/datasets/imb_flower_0.1/seed0/balloon_flower/1414.jpg	Green foliage, blurred background.
/n/fs/wy-project/Diff-II/datasets/imb_flower_0.1/seed0/balloon_flower/1417.jpg	Green, blurred background.
/n/fs/wy-project/Diff-II/datasets/imb_flower_0.1/seed0/balloon_flower/1416.jpg	The background is green foliage.
/n/fs/wy-project/Diff-II/datasets/imb_flower_0.1/seed0/balloon_flower/1418.jpg	Dark, blurred green leaves.
/n/fs/wy-project/Diff-II/datasets/imb_flower_0.1/seed0/balloon_flower/1415.jpg	Green leaves and stems.
/n/fs/wy-project/Diff-II/datasets/imb_flower_0.1/seed0/balloon_flower/1419.jpg	The background is blurred green foliage.
/n/fs/wy-project/Diff-II/datasets/imb_flower_0.1/seed0/giant_white_arum_lily/1332.jpg	The background is green foliage.
/n/fs/wy-project/Diff-II/datasets/imb_flower_0.1/seed0/giant_white_arum_lily/1333.jpg	Dark soil and green leaves.
/n/fs/wy-project/Diff-II/datasets/imb_flower_0.1/seed0/giant_white_arum_lily/1330.jpg	Blurred greenery and bokeh lights.
/n/fs/wy-project/Diff-II/datasets/imb_flower_0.1/seed0/giant_white_arum_lily/1327.jpg	Dark green leaves.
/n/fs/wy-project/Diff-II/datasets/imb_flower_0.1/seed0/giant_white_arum_lily/1329.jpg	A flower is set against a backdrop of water and greenery, with a lily pad visible in the pond.
/n/fs/wy-project/Diff-II/datasets/imb_flower_0.1/seed0/giant_white_arum_lily/1326.jpg	Dark and shadowy.
/n/fs/wy-project/Diff-II/datasets/imb_flower_0.1/seed0/giant_white_arum_lily/1328.jpg	The background is dark and grassy.
/n/fs/wy-project/Diff-II/datasets/imb_flower_0.1/seed0/giant_white_arum_lily/1331.jpg	Green leaves.
/n/fs/wy-project/Diff-II/datasets/imb_flower_0.1/seed0/fire_lily/1505.jpg	Blurred green.
/n/fs/wy-project/Diff-II/datasets/imb_flower_0.1/seed0/fire_lily/1502.jpg	Blurred green foliage.
/n/fs/wy-project/Diff-II/datasets/imb_flower_0.1/seed0/fire_lily/1504.jpg	Green leaves, blurred background.
/n/fs/wy-project/Diff-II/datasets/imb_flower_0.1/seed0/fire_lily/1503.jpg	The background is black.
/n/fs/wy-project/Diff-II/datasets/imb_flower_0.1/seed0/pincushion_flower/1285.jpg	Green grass.
/n/fs/wy-project/Diff-II/datasets/imb_flower_0.1/seed0/pincushion_flower/1283.jpg	A flower with blurred green and yellow background.
/n/fs/wy-project/Diff-II/datasets/imb_flower_0.1/seed0/pincushion_flower/1281.jpg	Green leaves and blurred background.
/n/fs/wy-project/Diff-II/datasets/imb_flower_0.1/seed0/pincushion_flower/1288.jpg	Green, blurred.
/n/fs/wy-project/Diff-II/datasets/imb_flower_0.1/seed0/pincushion_flower/1289.jpg	The background is blurred with green leaves and brown soil.
/n/fs/wy-project/Diff-II/datasets/imb_flower_0.1/seed0/pincushion_flower/1280.jpg	The background is green and blurred.
/n/fs/wy-project/Diff-II/datasets/imb_flower_0.1/seed0/pincushion_flower/1282.jpg	The background is blurred with earthy tones.
/n/fs/wy-project/Diff-II/datasets/imb_flower_0.1/seed0/pincushion_flower/1287.jpg	Blurred green foliage.
/n/fs/wy-project/Diff-II/datasets/imb_flower_0.1/seed0/pincushion_flower/1284.jpg	The background is dark green foliage.
/n/fs/wy-project/Diff-II/datasets/imb_flower_0.1/seed0/pincushion_flower/1286.jpg	The background is dark.
/n/fs/wy-project/Diff-II/datasets/imb_flower_0.1/seed0/fritillary/805.jpg	The background is green foliage and soil.
/n/fs/wy-project/Diff-II/datasets/imb_flower_0.1/seed0/fritillary/815.jpg	Blurred, natural setting.
/n/fs/wy-project/Diff-II/datasets/imb_flower_0.1/seed0/fritillary/802.jpg	Green grass.
/n/fs/wy-project/Diff-II/datasets/imb_flower_0.1/seed0/fritillary/811.jpg	The background is dark and blurred, possibly a fence or wall.
/n/fs/wy-project/Diff-II/datasets/imb_flower_0.1/seed0/fritillary/806.jpg	The background is blurred green foliage.
/n/fs/wy-project/Diff-II/datasets/imb_flower_0.1/seed0/fritillary/800.jpg	The background is blurred with green and brown tones.
/n/fs/wy-project/Diff-II/datasets/imb_flower_0.1/seed0/fritillary/804.jpg	Green, blurred, natural.
/n/fs/wy-project/Diff-II/datasets/imb_flower_0.1/seed0/fritillary/810.jpg	The background is blurred green.
/n/fs/wy-project/Diff-II/datasets/imb_flower_0.1/seed0/fritillary/798.jpg	A flower with a blurred, light background.
/n/fs/wy-project/Diff-II/datasets/imb_flower_0.1/seed0/fritillary/803.jpg	The background is blurred with green and brown tones.
/n/fs/wy-project/Diff-II/datasets/imb_flower_0.1/seed0/fritillary/807.jpg	Blurred green and brown grass.
/n/fs/wy-project/Diff-II/datasets/imb_flower_0.1/seed0/fritillary/816.jpg	A flower with a blurred green background.
/n/fs/wy-project/Diff-II/datasets/imb_flower_0.1/seed0/fritillary/801.jpg	The background is blurred with greenery and a dark fence.
/n/fs/wy-project/Diff-II/datasets/imb_flower_0.1/seed0/fritillary/797.jpg	Blurred, earthy tones.
/n/fs/wy-project/Diff-II/datasets/imb_flower_0.1/seed0/fritillary/813.jpg	The background is blurred green foliage.
/n/fs/wy-project/Diff-II/datasets/imb_flower_0.1/seed0/fritillary/796.jpg	The background is blurred green.
/n/fs/wy-project/Diff-II/datasets/imb_flower_0.1/seed0/fritillary/814.jpg	The background is blurred, with muted earth tones.
/n/fs/wy-project/Diff-II/datasets/imb_flower_0.1/seed0/fritillary/808.jpg	The background is blurred, with earthy tones and greenery.
/n/fs/wy-project/Diff-II/datasets/imb_flower_0.1/seed0/fritillary/809.jpg	Green, blurred background.
/n/fs/wy-project/Diff-II/datasets/imb_flower_0.1/seed0/fritillary/799.jpg	The background is blurred greenery and rocks.
/n/fs/wy-project/Diff-II/datasets/imb_flower_0.1/seed0/fritillary/812.jpg	The background is green foliage.
/n/fs/wy-project/Diff-II/datasets/imb_flower_0.1/seed0/red_ginger/1473.jpg	The background is grassy and blurred.
/n/fs/wy-project/Diff-II/datasets/imb_flower_0.1/seed0/red_ginger/1472.jpg	Green, blurred.
/n/fs/wy-project/Diff-II/datasets/imb_flower_0.1/seed0/red_ginger/1474.jpg	Green leaves, blurred background.
/n/fs/wy-project/Diff-II/datasets/imb_flower_0.1/seed0/red_ginger/1470.jpg	Green leaves, blurred background.
/n/fs/wy-project/Diff-II/datasets/imb_flower_0.1/seed0/red_ginger/1471.jpg	Green foliage.
/n/fs/wy-project/Diff-II/datasets/imb_flower_0.1/seed0/grape_hyacinth/1507.jpg	Green and blurred.
/n/fs/wy-project/Diff-II/datasets/imb_flower_0.1/seed0/grape_hyacinth/1509.jpg	Green foliage.
/n/fs/wy-project/Diff-II/datasets/imb_flower_0.1/seed0/grape_hyacinth/1506.jpg	The background is blurred with green stems and brown soil.
/n/fs/wy-project/Diff-II/datasets/imb_flower_0.1/seed0/grape_hyacinth/1508.jpg	Soft, blurred greens and pinks.
/n/fs/wy-project/Diff-II/datasets/imb_flower_0.1/seed0/corn_poppy/1513.jpg	Green grass.
/n/fs/wy-project/Diff-II/datasets/imb_flower_0.1/seed0/corn_poppy/1510.jpg	A flower is surrounded by green foliage and blurred yellow flowers.
/n/fs/wy-project/Diff-II/datasets/imb_flower_0.1/seed0/corn_poppy/1511.jpg	Green stems and leaves.
/n/fs/wy-project/Diff-II/datasets/imb_flower_0.1/seed0/corn_poppy/1512.jpg	Green, blurred background.
/n/fs/wy-project/Diff-II/datasets/imb_flower_0.1/seed0/prince_of_wales_feathers/1515.jpg	Green leaves and sunlight.
/n/fs/wy-project/Diff-II/datasets/imb_flower_0.1/seed0/prince_of_wales_feathers/1516.jpg	The background is green foliage with blurred colors.
/n/fs/wy-project/Diff-II/datasets/imb_flower_0.1/seed0/prince_of_wales_feathers/1514.jpg	Green leaves and soil.
/n/fs/wy-project/Diff-II/datasets/imb_flower_0.1/seed0/prince_of_wales_feathers/1517.jpg	Green leaves and soil.
/n/fs/wy-project/Diff-II/datasets/imb_flower_0.1/seed0/stemless_gentian/1108.jpg	The background consists of green grass, red leaves, and blurred rocks.
/n/fs/wy-project/Diff-II/datasets/imb_flower_0.1/seed0/stemless_gentian/1119.jpg	Rocky, pebbled ground.
/n/fs/wy-project/Diff-II/datasets/imb_flower_0.1/seed0/stemless_gentian/1114.jpg	A flower with a rocky, blurred background.
/n/fs/wy-project/Diff-II/datasets/imb_flower_0.1/seed0/stemless_gentian/1113.jpg	Green and blurred.
/n/fs/wy-project/Diff-II/datasets/imb_flower_0.1/seed0/stemless_gentian/1112.jpg	Green grass and soil.
/n/fs/wy-project/Diff-II/datasets/imb_flower_0.1/seed0/stemless_gentian/1118.jpg	The background consists of rocks and pebbles.
/n/fs/wy-project/Diff-II/datasets/imb_flower_0.1/seed0/stemless_gentian/1109.jpg	The background consists of small, multicolored rocks.
/n/fs/wy-project/Diff-II/datasets/imb_flower_0.1/seed0/stemless_gentian/1111.jpg	A flower with blurred rocks and greenery.
/n/fs/wy-project/Diff-II/datasets/imb_flower_0.1/seed0/stemless_gentian/1116.jpg	Green, blurred grass.
/n/fs/wy-project/Diff-II/datasets/imb_flower_0.1/seed0/stemless_gentian/1117.jpg	Green grass and blurred background.
/n/fs/wy-project/Diff-II/datasets/imb_flower_0.1/seed0/stemless_gentian/1107.jpg	The background consists of rocks and greenery.
/n/fs/wy-project/Diff-II/datasets/imb_flower_0.1/seed0/stemless_gentian/1115.jpg	A flower is surrounded by rocks and soil.
/n/fs/wy-project/Diff-II/datasets/imb_flower_0.1/seed0/stemless_gentian/1106.jpg	Green grass and soil.
/n/fs/wy-project/Diff-II/datasets/imb_flower_0.1/seed0/stemless_gentian/1110.jpg	Grass and plants.
/n/fs/wy-project/Diff-II/datasets/imb_flower_0.1/seed0/artichoke/1024.jpg	The background is green with red flowers.
/n/fs/wy-project/Diff-II/datasets/imb_flower_0.1/seed0/artichoke/1032.jpg	Green leaves and stems.
/n/fs/wy-project/Diff-II/datasets/imb_flower_0.1/seed0/artichoke/1020.jpg	Green grass and foliage.
/n/fs/wy-project/Diff-II/datasets/imb_flower_0.1/seed0/artichoke/1023.jpg	The background is blurred with green and brown tones.
/n/fs/wy-project/Diff-II/datasets/imb_flower_0.1/seed0/artichoke/1031.jpg	The background is blurred green.
/n/fs/wy-project/Diff-II/datasets/imb_flower_0.1/seed0/artichoke/1019.jpg	The background is blurred green foliage.
/n/fs/wy-project/Diff-II/datasets/imb_flower_0.1/seed0/artichoke/1022.jpg	Metal mesh background.
/n/fs/wy-project/Diff-II/datasets/imb_flower_0.1/seed0/artichoke/1026.jpg	The background is green foliage.
/n/fs/wy-project/Diff-II/datasets/imb_flower_0.1/seed0/artichoke/1021.jpg	Green grass.
/n/fs/wy-project/Diff-II/datasets/imb_flower_0.1/seed0/artichoke/1030.jpg	Green foliage.
/n/fs/wy-project/Diff-II/datasets/imb_flower_0.1/seed0/artichoke/1028.jpg	Blurred greenery.
/n/fs/wy-project/Diff-II/datasets/imb_flower_0.1/seed0/artichoke/1018.jpg	White wall, green ground.
/n/fs/wy-project/Diff-II/datasets/imb_flower_0.1/seed0/artichoke/1029.jpg	The background is blurred earth tones.
/n/fs/wy-project/Diff-II/datasets/imb_flower_0.1/seed0/artichoke/1027.jpg	Green leaves, blurred grass.
/n/fs/wy-project/Diff-II/datasets/imb_flower_0.1/seed0/artichoke/1025.jpg	The background is green and brown.
/n/fs/wy-project/Diff-II/datasets/imb_flower_0.1/seed0/artichoke/1017.jpg	Green foliage, blurred.
/n/fs/wy-project/Diff-II/datasets/imb_flower_0.1/seed0/sweet_william/933.jpg	The background is blurred green foliage.
/n/fs/wy-project/Diff-II/datasets/imb_flower_0.1/seed0/sweet_william/945.jpg	The background is blurred green foliage.
/n/fs/wy-project/Diff-II/datasets/imb_flower_0.1/seed0/sweet_william/946.jpg	Green foliage.
/n/fs/wy-project/Diff-II/datasets/imb_flower_0.1/seed0/sweet_william/936.jpg	The background is blurred green foliage.
/n/fs/wy-project/Diff-II/datasets/imb_flower_0.1/seed0/sweet_william/947.jpg	Green foliage.
/n/fs/wy-project/Diff-II/datasets/imb_flower_0.1/seed0/sweet_william/941.jpg	The background is blurred green foliage.
/n/fs/wy-project/Diff-II/datasets/imb_flower_0.1/seed0/sweet_william/942.jpg	Green foliage.
/n/fs/wy-project/Diff-II/datasets/imb_flower_0.1/seed0/sweet_william/948.jpg	The background is blurred green foliage.
/n/fs/wy-project/Diff-II/datasets/imb_flower_0.1/seed0/sweet_william/949.jpg	The background is green foliage.
/n/fs/wy-project/Diff-II/datasets/imb_flower_0.1/seed0/sweet_william/938.jpg	The background is blurred, with hints of green and gray tones.
/n/fs/wy-project/Diff-II/datasets/imb_flower_0.1/seed0/sweet_william/944.jpg	The background is dark.
/n/fs/wy-project/Diff-II/datasets/imb_flower_0.1/seed0/sweet_william/935.jpg	The background is dark and blurred.
/n/fs/wy-project/Diff-II/datasets/imb_flower_0.1/seed0/sweet_william/937.jpg	Green leaves and buds.
/n/fs/wy-project/Diff-II/datasets/imb_flower_0.1/seed0/sweet_william/943.jpg	The background is dark.
/n/fs/wy-project/Diff-II/datasets/imb_flower_0.1/seed0/sweet_william/940.jpg	The background is blurred with more flowers.
/n/fs/wy-project/Diff-II/datasets/imb_flower_0.1/seed0/sweet_william/932.jpg	Green, blurred, natural.
/n/fs/wy-project/Diff-II/datasets/imb_flower_0.1/seed0/sweet_william/939.jpg	The background is green foliage.
/n/fs/wy-project/Diff-II/datasets/imb_flower_0.1/seed0/sweet_william/934.jpg	The background is green foliage.
/n/fs/wy-project/Diff-II/datasets/imb_flower_0.1/seed0/carnation/1377.jpg	A flower is set against a plain, solid brown background.
/n/fs/wy-project/Diff-II/datasets/imb_flower_0.1/seed0/carnation/1376.jpg	A flower with a blurred background.
/n/fs/wy-project/Diff-II/datasets/imb_flower_0.1/seed0/carnation/1374.jpg	The background is blurred with red and green elements.
/n/fs/wy-project/Diff-II/datasets/imb_flower_0.1/seed0/carnation/1378.jpg	The background is blurred green foliage.
/n/fs/wy-project/Diff-II/datasets/imb_flower_0.1/seed0/carnation/1379.jpg	Green foliage and buds surround 'a flower'.
/n/fs/wy-project/Diff-II/datasets/imb_flower_0.1/seed0/carnation/1375.jpg	The background is plain and light-colored.
/n/fs/wy-project/Diff-II/datasets/imb_flower_0.1/seed0/carnation/1373.jpg	The background is dark and blurred, highlighting the flower.
/n/fs/wy-project/Diff-II/datasets/imb_flower_0.1/seed0/garden_phlox/1468.jpg	The background is blurred green.
/n/fs/wy-project/Diff-II/datasets/imb_flower_0.1/seed0/garden_phlox/1467.jpg	The background is green and blurred.
/n/fs/wy-project/Diff-II/datasets/imb_flower_0.1/seed0/garden_phlox/1466.jpg	Green foliage.
/n/fs/wy-project/Diff-II/datasets/imb_flower_0.1/seed0/garden_phlox/1465.jpg	The background consists of dried leaves and twigs.
/n/fs/wy-project/Diff-II/datasets/imb_flower_0.1/seed0/garden_phlox/1469.jpg	The background is blurred, showing soil and other plants.
/n/fs/wy-project/Diff-II/datasets/imb_flower_0.1/seed0/love_in_the_mist/1445.jpg	Green foliage.
/n/fs/wy-project/Diff-II/datasets/imb_flower_0.1/seed0/love_in_the_mist/1448.jpg	Green, blurred foliage.
/n/fs/wy-project/Diff-II/datasets/imb_flower_0.1/seed0/love_in_the_mist/1447.jpg	Blurred green grass.
/n/fs/wy-project/Diff-II/datasets/imb_flower_0.1/seed0/love_in_the_mist/1449.jpg	The background is green foliage.
/n/fs/wy-project/Diff-II/datasets/imb_flower_0.1/seed0/love_in_the_mist/1444.jpg	Blurred green and brown.
/n/fs/wy-project/Diff-II/datasets/imb_flower_0.1/seed0/love_in_the_mist/1446.jpg	Green foliage.
/n/fs/wy-project/Diff-II/datasets/imb_flower_0.1/seed0/mexican_aster/1520.jpg	The background is blurred green foliage.
/n/fs/wy-project/Diff-II/datasets/imb_flower_0.1/seed0/mexican_aster/1518.jpg	The background is blurred with more flowers.
/n/fs/wy-project/Diff-II/datasets/imb_flower_0.1/seed0/mexican_aster/1521.jpg	Blurred greenery.
/n/fs/wy-project/Diff-II/datasets/imb_flower_0.1/seed0/mexican_aster/1519.jpg	Green foliage.
/n/fs/wy-project/Diff-II/datasets/imb_flower_0.1/seed0/alpine_sea_holly/1476.jpg	The background is blurred, showing earthy tones.
/n/fs/wy-project/Diff-II/datasets/imb_flower_0.1/seed0/alpine_sea_holly/1478.jpg	The background is green foliage.
/n/fs/wy-project/Diff-II/datasets/imb_flower_0.1/seed0/alpine_sea_holly/1479.jpg	Blurred green and purple.
/n/fs/wy-project/Diff-II/datasets/imb_flower_0.1/seed0/alpine_sea_holly/1477.jpg	Blurred greenery and yellow flowers.
/n/fs/wy-project/Diff-II/datasets/imb_flower_0.1/seed0/alpine_sea_holly/1475.jpg	Green and blurred.
/n/fs/wy-project/Diff-II/datasets/imb_flower_0.1/seed0/ruby-lipped_cattleya/1065.jpg	The background is dark.
/n/fs/wy-project/Diff-II/datasets/imb_flower_0.1/seed0/ruby-lipped_cattleya/1077.jpg	The background is black.
/n/fs/wy-project/Diff-II/datasets/imb_flower_0.1/seed0/ruby-lipped_cattleya/1064.jpg	The background is blurred with green foliage and hints of other flowers.
/n/fs/wy-project/Diff-II/datasets/imb_flower_0.1/seed0/ruby-lipped_cattleya/1070.jpg	The background is black.
/n/fs/wy-project/Diff-II/datasets/imb_flower_0.1/seed0/ruby-lipped_cattleya/1066.jpg	The background is black.
/n/fs/wy-project/Diff-II/datasets/imb_flower_0.1/seed0/ruby-lipped_cattleya/1067.jpg	A flower against a cloudy sky.
/n/fs/wy-project/Diff-II/datasets/imb_flower_0.1/seed0/ruby-lipped_cattleya/1068.jpg	Dark, blurred.
/n/fs/wy-project/Diff-II/datasets/imb_flower_0.1/seed0/ruby-lipped_cattleya/1063.jpg	The background is black.
/n/fs/wy-project/Diff-II/datasets/imb_flower_0.1/seed0/ruby-lipped_cattleya/1076.jpg	The background is blurred, with hints of brick and concrete.
/n/fs/wy-project/Diff-II/datasets/imb_flower_0.1/seed0/ruby-lipped_cattleya/1072.jpg	Dark, blurred background.
/n/fs/wy-project/Diff-II/datasets/imb_flower_0.1/seed0/ruby-lipped_cattleya/1073.jpg	The background is dark green foliage.
/n/fs/wy-project/Diff-II/datasets/imb_flower_0.1/seed0/ruby-lipped_cattleya/1071.jpg	The background is dark.
/n/fs/wy-project/Diff-II/datasets/imb_flower_0.1/seed0/ruby-lipped_cattleya/1075.jpg	The background is dark.
/n/fs/wy-project/Diff-II/datasets/imb_flower_0.1/seed0/ruby-lipped_cattleya/1069.jpg	The background is blurred green.
/n/fs/wy-project/Diff-II/datasets/imb_flower_0.1/seed0/ruby-lipped_cattleya/1074.jpg	The background is black.
/n/fs/wy-project/Diff-II/datasets/imb_flower_0.1/seed0/cape_flower/563.jpg	The background is a plain, textured surface.
/n/fs/wy-project/Diff-II/datasets/imb_flower_0.1/seed0/cape_flower/581.jpg	The background is green foliage.
/n/fs/wy-project/Diff-II/datasets/imb_flower_0.1/seed0/cape_flower/567.jpg	The background is soil and green leaves.
/n/fs/wy-project/Diff-II/datasets/imb_flower_0.1/seed0/cape_flower/582.jpg	The background is blurred green.
/n/fs/wy-project/Diff-II/datasets/imb_flower_0.1/seed0/cape_flower/570.jpg	The background is a mix of brown and green, likely dried leaves and stems.
/n/fs/wy-project/Diff-II/datasets/imb_flower_0.1/seed0/cape_flower/576.jpg	Blurred greenery and pink flowers.
/n/fs/wy-project/Diff-II/datasets/imb_flower_0.1/seed0/cape_flower/559.jpg	The background is blurred, showing earthy tones.
/n/fs/wy-project/Diff-II/datasets/imb_flower_0.1/seed0/cape_flower/583.jpg	Green leaves.
/n/fs/wy-project/Diff-II/datasets/imb_flower_0.1/seed0/cape_flower/578.jpg	The background is dark and rocky.
/n/fs/wy-project/Diff-II/datasets/imb_flower_0.1/seed0/cape_flower/562.jpg	Dark, blurred soil.
/n/fs/wy-project/Diff-II/datasets/imb_flower_0.1/seed0/cape_flower/580.jpg	The background is blurred, sandy.
/n/fs/wy-project/Diff-II/datasets/imb_flower_0.1/seed0/cape_flower/571.jpg	The background is dark and blurred, with green foliage.
/n/fs/wy-project/Diff-II/datasets/imb_flower_0.1/seed0/cape_flower/569.jpg	Blurred greenery.
/n/fs/wy-project/Diff-II/datasets/imb_flower_0.1/seed0/cape_flower/575.jpg	Green, blurred background.
/n/fs/wy-project/Diff-II/datasets/imb_flower_0.1/seed0/cape_flower/574.jpg	The background is soil and green stems.
/n/fs/wy-project/Diff-II/datasets/imb_flower_0.1/seed0/cape_flower/572.jpg	Blurred, neutral tones.
/n/fs/wy-project/Diff-II/datasets/imb_flower_0.1/seed0/cape_flower/573.jpg	The background is blurred, showing soft, muted colors.
/n/fs/wy-project/Diff-II/datasets/imb_flower_0.1/seed0/cape_flower/564.jpg	Blurred greenery.
/n/fs/wy-project/Diff-II/datasets/imb_flower_0.1/seed0/cape_flower/577.jpg	The background is blurred, with muted tones and out-of-focus elements.
/n/fs/wy-project/Diff-II/datasets/imb_flower_0.1/seed0/cape_flower/561.jpg	The background is blurred, with muted earth tones.
/n/fs/wy-project/Diff-II/datasets/imb_flower_0.1/seed0/cape_flower/565.jpg	The background is blurred green foliage.
/n/fs/wy-project/Diff-II/datasets/imb_flower_0.1/seed0/cape_flower/566.jpg	The background is a textured, neutral stone wall.
/n/fs/wy-project/Diff-II/datasets/imb_flower_0.1/seed0/cape_flower/568.jpg	The background is green and blurred.
/n/fs/wy-project/Diff-II/datasets/imb_flower_0.1/seed0/cape_flower/558.jpg	The background is blurred, with earthy tones and dried leaves.
/n/fs/wy-project/Diff-II/datasets/imb_flower_0.1/seed0/cape_flower/560.jpg	The background is dark.
/n/fs/wy-project/Diff-II/datasets/imb_flower_0.1/seed0/cape_flower/579.jpg	The background is blurred green foliage.
/n/fs/wy-project/Diff-II/datasets/imb_flower_0.1/seed0/great_masterwort/1341.jpg	The background is blurred green foliage.
/n/fs/wy-project/Diff-II/datasets/imb_flower_0.1/seed0/great_masterwort/1339.jpg	The background is green foliage.
/n/fs/wy-project/Diff-II/datasets/imb_flower_0.1/seed0/great_masterwort/1338.jpg	Dark, blurred background.
/n/fs/wy-project/Diff-II/datasets/imb_flower_0.1/seed0/great_masterwort/1336.jpg	Green, blurred background.
/n/fs/wy-project/Diff-II/datasets/imb_flower_0.1/seed0/great_masterwort/1337.jpg	Green and blurred.
/n/fs/wy-project/Diff-II/datasets/imb_flower_0.1/seed0/great_masterwort/1340.jpg	Green foliage.
/n/fs/wy-project/Diff-II/datasets/imb_flower_0.1/seed0/great_masterwort/1334.jpg	Green leaves and blurred background.
/n/fs/wy-project/Diff-II/datasets/imb_flower_0.1/seed0/great_masterwort/1335.jpg	Blurred green leaves.
/n/fs/wy-project/Diff-II/datasets/imb_flower_0.1/seed0/siam_tulip/1523.jpg	Green grass.
/n/fs/wy-project/Diff-II/datasets/imb_flower_0.1/seed0/siam_tulip/1525.jpg	The background is blurred green foliage.
/n/fs/wy-project/Diff-II/datasets/imb_flower_0.1/seed0/siam_tulip/1522.jpg	The background is dark and blurred.
/n/fs/wy-project/Diff-II/datasets/imb_flower_0.1/seed0/siam_tulip/1524.jpg	The background is wooden.
/n/fs/wy-project/Diff-II/datasets/imb_flower_0.1/seed0/lenten_rose/1132.jpg	The background is green foliage and soil.
/n/fs/wy-project/Diff-II/datasets/imb_flower_0.1/seed0/lenten_rose/1124.jpg	The background is green foliage.
/n/fs/wy-project/Diff-II/datasets/imb_flower_0.1/seed0/lenten_rose/1125.jpg	The background is blurred green foliage.
/n/fs/wy-project/Diff-II/datasets/imb_flower_0.1/seed0/lenten_rose/1129.jpg	The background is blurred green foliage.
/n/fs/wy-project/Diff-II/datasets/imb_flower_0.1/seed0/lenten_rose/1130.jpg	The background is blurred green foliage.
/n/fs/wy-project/Diff-II/datasets/imb_flower_0.1/seed0/lenten_rose/1122.jpg	The background is green foliage.
/n/fs/wy-project/Diff-II/datasets/imb_flower_0.1/seed0/lenten_rose/1128.jpg	The background is blurred greenery.
/n/fs/wy-project/Diff-II/datasets/imb_flower_0.1/seed0/lenten_rose/1120.jpg	The background is blurred green foliage.
/n/fs/wy-project/Diff-II/datasets/imb_flower_0.1/seed0/lenten_rose/1121.jpg	The background is blurred green foliage and blue sky.
/n/fs/wy-project/Diff-II/datasets/imb_flower_0.1/seed0/lenten_rose/1126.jpg	The background is green and earthy.
/n/fs/wy-project/Diff-II/datasets/imb_flower_0.1/seed0/lenten_rose/1131.jpg	The background is green foliage.
/n/fs/wy-project/Diff-II/datasets/imb_flower_0.1/seed0/lenten_rose/1123.jpg	The background is blurred greenery.
/n/fs/wy-project/Diff-II/datasets/imb_flower_0.1/seed0/lenten_rose/1127.jpg	The background is blurred green foliage.
/n/fs/wy-project/Diff-II/datasets/imb_flower_0.1/seed0/barbeton_daisy/461.jpg	Green leaves and pot.
/n/fs/wy-project/Diff-II/datasets/imb_flower_0.1/seed0/barbeton_daisy/468.jpg	Green leaves and dew.
/n/fs/wy-project/Diff-II/datasets/imb_flower_0.1/seed0/barbeton_daisy/474.jpg	Blurred green and brown.
/n/fs/wy-project/Diff-II/datasets/imb_flower_0.1/seed0/barbeton_daisy/458.jpg	The background is blurred green.
/n/fs/wy-project/Diff-II/datasets/imb_flower_0.1/seed0/barbeton_daisy/463.jpg	Green leaves and blurred background.
/n/fs/wy-project/Diff-II/datasets/imb_flower_0.1/seed0/barbeton_daisy/459.jpg	Dark green leaves.
/n/fs/wy-project/Diff-II/datasets/imb_flower_0.1/seed0/barbeton_daisy/471.jpg	The background is blurred with green foliage and brown leaves.
/n/fs/wy-project/Diff-II/datasets/imb_flower_0.1/seed0/barbeton_daisy/465.jpg	Dark green foliage.
/n/fs/wy-project/Diff-II/datasets/imb_flower_0.1/seed0/barbeton_daisy/456.jpg	The background is blurred with greenery and sunlight.
/n/fs/wy-project/Diff-II/datasets/imb_flower_0.1/seed0/barbeton_daisy/451.jpg	The background is green and blurred.
/n/fs/wy-project/Diff-II/datasets/imb_flower_0.1/seed0/barbeton_daisy/466.jpg	Green grass.
/n/fs/wy-project/Diff-II/datasets/imb_flower_0.1/seed0/barbeton_daisy/453.jpg	Dark, blurred greenery.
/n/fs/wy-project/Diff-II/datasets/imb_flower_0.1/seed0/barbeton_daisy/446.jpg	Green leaves and soil.
/n/fs/wy-project/Diff-II/datasets/imb_flower_0.1/seed0/barbeton_daisy/469.jpg	Green leaves and blurred yellow flowers.
/n/fs/wy-project/Diff-II/datasets/imb_flower_0.1/seed0/barbeton_daisy/460.jpg	The background is black.
/n/fs/wy-project/Diff-II/datasets/imb_flower_0.1/seed0/barbeton_daisy/462.jpg	Green grass.
/n/fs/wy-project/Diff-II/datasets/imb_flower_0.1/seed0/barbeton_daisy/450.jpg	Green leaves and brown soil.
/n/fs/wy-project/Diff-II/datasets/imb_flower_0.1/seed0/barbeton_daisy/455.jpg	Brick wall, green leaves.
/n/fs/wy-project/Diff-II/datasets/imb_flower_0.1/seed0/barbeton_daisy/467.jpg	The background is green foliage.
/n/fs/wy-project/Diff-II/datasets/imb_flower_0.1/seed0/barbeton_daisy/448.jpg	The background is green foliage with a yellow tag.
/n/fs/wy-project/Diff-II/datasets/imb_flower_0.1/seed0/barbeton_daisy/473.jpg	The background consists of green leaves and a white pot.
/n/fs/wy-project/Diff-II/datasets/imb_flower_0.1/seed0/barbeton_daisy/470.jpg	The background includes wooden slats and other plants.
/n/fs/wy-project/Diff-II/datasets/imb_flower_0.1/seed0/barbeton_daisy/447.jpg	Green leaves and blurred flowers.
/n/fs/wy-project/Diff-II/datasets/imb_flower_0.1/seed0/barbeton_daisy/452.jpg	Dark and blurred.
/n/fs/wy-project/Diff-II/datasets/imb_flower_0.1/seed0/barbeton_daisy/454.jpg	Green leaves, mulch, blurred background.
/n/fs/wy-project/Diff-II/datasets/imb_flower_0.1/seed0/barbeton_daisy/464.jpg	The background is green foliage.
/n/fs/wy-project/Diff-II/datasets/imb_flower_0.1/seed0/barbeton_daisy/449.jpg	A flower with red petals and yellow center, set against a blurred green and white background.
/n/fs/wy-project/Diff-II/datasets/imb_flower_0.1/seed0/barbeton_daisy/457.jpg	The background is blurred, suggesting a soft, out-of-focus setting.
/n/fs/wy-project/Diff-II/datasets/imb_flower_0.1/seed0/barbeton_daisy/472.jpg	The background is blurred with greenery and soil.
/n/fs/wy-project/Diff-II/datasets/imb_flower_0.1/seed0/daffodil/1292.jpg	The background is dark.
/n/fs/wy-project/Diff-II/datasets/imb_flower_0.1/seed0/daffodil/1295.jpg	A flower with trees and sky.
/n/fs/wy-project/Diff-II/datasets/imb_flower_0.1/seed0/daffodil/1290.jpg	The background is plain white.
/n/fs/wy-project/Diff-II/datasets/imb_flower_0.1/seed0/daffodil/1293.jpg	The background consists of dark, textured pebbles and green foliage.
/n/fs/wy-project/Diff-II/datasets/imb_flower_0.1/seed0/daffodil/1291.jpg	Green grass and leaves.
/n/fs/wy-project/Diff-II/datasets/imb_flower_0.1/seed0/daffodil/1296.jpg	The background is blurred with earthy tones and other flowers.
/n/fs/wy-project/Diff-II/datasets/imb_flower_0.1/seed0/daffodil/1294.jpg	Blurred greenery and brown structure.
/n/fs/wy-project/Diff-II/datasets/imb_flower_0.1/seed0/daffodil/1297.jpg	Blurred greenery and soft focus.
/n/fs/wy-project/Diff-II/datasets/imb_flower_0.1/seed0/daffodil/1298.jpg	The background is green foliage.
/n/fs/wy-project/Diff-II/datasets/imb_flower_0.1/seed0/sword_lily/373.jpg	Green leaves and sunlight.
/n/fs/wy-project/Diff-II/datasets/imb_flower_0.1/seed0/sword_lily/368.jpg	Green foliage, red flowers.
/n/fs/wy-project/Diff-II/datasets/imb_flower_0.1/seed0/sword_lily/359.jpg	A flower against a textured wall.
/n/fs/wy-project/Diff-II/datasets/imb_flower_0.1/seed0/sword_lily/371.jpg	Green foliage, blurred background.
/n/fs/wy-project/Diff-II/datasets/imb_flower_0.1/seed0/sword_lily/378.jpg	Dark green leaves.
/n/fs/wy-project/Diff-II/datasets/imb_flower_0.1/seed0/sword_lily/356.jpg	The background consists of green leaves and stems.
/n/fs/wy-project/Diff-II/datasets/imb_flower_0.1/seed0/sword_lily/360.jpg	Background: blurred greenery, white wall.
/n/fs/wy-project/Diff-II/datasets/imb_flower_0.1/seed0/sword_lily/366.jpg	Green, blurred background.
/n/fs/wy-project/Diff-II/datasets/imb_flower_0.1/seed0/sword_lily/377.jpg	Blurred, earthy tones.
/n/fs/wy-project/Diff-II/datasets/imb_flower_0.1/seed0/sword_lily/355.jpg	A flower against a brick wall.
/n/fs/wy-project/Diff-II/datasets/imb_flower_0.1/seed0/sword_lily/376.jpg	A flower against wooden backdrop.
/n/fs/wy-project/Diff-II/datasets/imb_flower_0.1/seed0/sword_lily/383.jpg	A flower with green leaves and a fence behind it.
/n/fs/wy-project/Diff-II/datasets/imb_flower_0.1/seed0/sword_lily/372.jpg	Green foliage and red berries.
/n/fs/wy-project/Diff-II/datasets/imb_flower_0.1/seed0/sword_lily/364.jpg	A flower against a brick wall.
/n/fs/wy-project/Diff-II/datasets/imb_flower_0.1/seed0/sword_lily/362.jpg	A flower with white petals and green leaves, set against a backdrop of a blue wall and outdoor elements like grass and toys.
/n/fs/wy-project/Diff-II/datasets/imb_flower_0.1/seed0/sword_lily/385.jpg	The background is dark green foliage.
/n/fs/wy-project/Diff-II/datasets/imb_flower_0.1/seed0/sword_lily/379.jpg	The background is black.
/n/fs/wy-project/Diff-II/datasets/imb_flower_0.1/seed0/sword_lily/363.jpg	Green foliage and blue sky.
/n/fs/wy-project/Diff-II/datasets/imb_flower_0.1/seed0/sword_lily/370.jpg	The background is dark and blurred, with hints of green foliage.
/n/fs/wy-project/Diff-II/datasets/imb_flower_0.1/seed0/sword_lily/374.jpg	Green foliage, blurred grass.
/n/fs/wy-project/Diff-II/datasets/imb_flower_0.1/seed0/sword_lily/380.jpg	Green grass and blurred plants.
/n/fs/wy-project/Diff-II/datasets/imb_flower_0.1/seed0/sword_lily/369.jpg	Green grass, fence, building, trees.
/n/fs/wy-project/Diff-II/datasets/imb_flower_0.1/seed0/sword_lily/382.jpg	Dark, blurred greenery.
/n/fs/wy-project/Diff-II/datasets/imb_flower_0.1/seed0/sword_lily/367.jpg	Blurred trees and pathway.
/n/fs/wy-project/Diff-II/datasets/imb_flower_0.1/seed0/sword_lily/357.jpg	Dark, textured wall.
/n/fs/wy-project/Diff-II/datasets/imb_flower_0.1/seed0/sword_lily/365.jpg	Green foliage.
/n/fs/wy-project/Diff-II/datasets/imb_flower_0.1/seed0/sword_lily/361.jpg	The background is green and blurred.
/n/fs/wy-project/Diff-II/datasets/imb_flower_0.1/seed0/sword_lily/358.jpg	Green foliage and blurred rocks.
/n/fs/wy-project/Diff-II/datasets/imb_flower_0.1/seed0/sword_lily/384.jpg	Green foliage.
/n/fs/wy-project/Diff-II/datasets/imb_flower_0.1/seed0/sword_lily/381.jpg	Green foliage, blurred background.
/n/fs/wy-project/Diff-II/datasets/imb_flower_0.1/seed0/sword_lily/375.jpg	Green foliage, blurred background.
/n/fs/wy-project/Diff-II/datasets/imb_flower_0.1/seed0/poinsettia/747.jpg	Snowy, wooden fence.
/n/fs/wy-project/Diff-II/datasets/imb_flower_0.1/seed0/poinsettia/752.jpg	The background is blurred green foliage.
/n/fs/wy-project/Diff-II/datasets/imb_flower_0.1/seed0/poinsettia/746.jpg	The background is green foliage.
/n/fs/wy-project/Diff-II/datasets/imb_flower_0.1/seed0/poinsettia/743.jpg	Dark, blurred background.
/n/fs/wy-project/Diff-II/datasets/imb_flower_0.1/seed0/poinsettia/740.jpg	The background is filled with green leaves and other pink flowers.
/n/fs/wy-project/Diff-II/datasets/imb_flower_0.1/seed0/poinsettia/744.jpg	The background is white.
/n/fs/wy-project/Diff-II/datasets/imb_flower_0.1/seed0/poinsettia/731.jpg	The background is dark and blurred.
/n/fs/wy-project/Diff-II/datasets/imb_flower_0.1/seed0/poinsettia/741.jpg	The background is blurred green foliage.
/n/fs/wy-project/Diff-II/datasets/imb_flower_0.1/seed0/poinsettia/748.jpg	The background is filled with green leaves.
/n/fs/wy-project/Diff-II/datasets/imb_flower_0.1/seed0/poinsettia/750.jpg	Dark green leaves.
/n/fs/wy-project/Diff-II/datasets/imb_flower_0.1/seed0/poinsettia/732.jpg	The background is filled with red poinsettia leaves.
/n/fs/wy-project/Diff-II/datasets/imb_flower_0.1/seed0/poinsettia/749.jpg	The background is plain green.
/n/fs/wy-project/Diff-II/datasets/imb_flower_0.1/seed0/poinsettia/734.jpg	The background is blurred, with indistinct shapes and colors.
/n/fs/wy-project/Diff-II/datasets/imb_flower_0.1/seed0/poinsettia/739.jpg	Dark green leaves.
/n/fs/wy-project/Diff-II/datasets/imb_flower_0.1/seed0/poinsettia/736.jpg	The background is blurred, with hints of green and brown.
/n/fs/wy-project/Diff-II/datasets/imb_flower_0.1/seed0/poinsettia/737.jpg	Dark green leaves.
/n/fs/wy-project/Diff-II/datasets/imb_flower_0.1/seed0/poinsettia/733.jpg	The background is plain white.
/n/fs/wy-project/Diff-II/datasets/imb_flower_0.1/seed0/poinsettia/735.jpg	The background is filled with more pink flowers and green leaves.
/n/fs/wy-project/Diff-II/datasets/imb_flower_0.1/seed0/poinsettia/745.jpg	The background is green foliage and sunlight.
/n/fs/wy-project/Diff-II/datasets/imb_flower_0.1/seed0/poinsettia/751.jpg	The background is blurred, with hints of musical instruments and a neutral setting.
/n/fs/wy-project/Diff-II/datasets/imb_flower_0.1/seed0/poinsettia/742.jpg	Dark green leaves.
/n/fs/wy-project/Diff-II/datasets/imb_flower_0.1/seed0/poinsettia/738.jpg	Dark, blurred background.
/n/fs/wy-project/Diff-II/datasets/imb_flower_0.1/seed0/bolero_deep_blue/1527.jpg	Green leaves, white pot.
/n/fs/wy-project/Diff-II/datasets/imb_flower_0.1/seed0/bolero_deep_blue/1526.jpg	The background is green foliage.
/n/fs/wy-project/Diff-II/datasets/imb_flower_0.1/seed0/bolero_deep_blue/1528.jpg	Green grass and blurred background.
/n/fs/wy-project/Diff-II/datasets/imb_flower_0.1/seed0/wallflower/102.jpg	Green grass, blurred leaves.
/n/fs/wy-project/Diff-II/datasets/imb_flower_0.1/seed0/wallflower/97.jpg	The background is blurred soil and greenery.
/n/fs/wy-project/Diff-II/datasets/imb_flower_0.1/seed0/wallflower/99.jpg	The background is soil and green leaves.
/n/fs/wy-project/Diff-II/datasets/imb_flower_0.1/seed0/wallflower/96.jpg	A flower with blurred red and orange hues.
/n/fs/wy-project/Diff-II/datasets/imb_flower_0.1/seed0/wallflower/110.jpg	The background is blurred soil and green leaves.
/n/fs/wy-project/Diff-II/datasets/imb_flower_0.1/seed0/wallflower/98.jpg	Blurred green foliage.
/n/fs/wy-project/Diff-II/datasets/imb_flower_0.1/seed0/wallflower/108.jpg	Blurred green leaves.
/n/fs/wy-project/Diff-II/datasets/imb_flower_0.1/seed0/wallflower/84.jpg	The background is blurred green foliage.
/n/fs/wy-project/Diff-II/datasets/imb_flower_0.1/seed0/wallflower/87.jpg	The background is soil and greenery.
/n/fs/wy-project/Diff-II/datasets/imb_flower_0.1/seed0/wallflower/103.jpg	Green leaves, blurred background.
/n/fs/wy-project/Diff-II/datasets/imb_flower_0.1/seed0/wallflower/78.jpg	Blurred green leaves and brown soil.
/n/fs/wy-project/Diff-II/datasets/imb_flower_0.1/seed0/wallflower/82.jpg	Green, blurred leaves.
/n/fs/wy-project/Diff-II/datasets/imb_flower_0.1/seed0/wallflower/83.jpg	Green leaves and blurred background.
/n/fs/wy-project/Diff-II/datasets/imb_flower_0.1/seed0/wallflower/85.jpg	The background is green foliage.
/n/fs/wy-project/Diff-II/datasets/imb_flower_0.1/seed0/wallflower/106.jpg	Blurred greenery.
/n/fs/wy-project/Diff-II/datasets/imb_flower_0.1/seed0/wallflower/101.jpg	Green leaves and blurred flowers.
/n/fs/wy-project/Diff-II/datasets/imb_flower_0.1/seed0/wallflower/88.jpg	Blurred green foliage.
/n/fs/wy-project/Diff-II/datasets/imb_flower_0.1/seed0/wallflower/107.jpg	Blurred green and yellow.
/n/fs/wy-project/Diff-II/datasets/imb_flower_0.1/seed0/wallflower/105.jpg	Blurred green foliage.
/n/fs/wy-project/Diff-II/datasets/imb_flower_0.1/seed0/wallflower/95.jpg	The background is soil and grass.
/n/fs/wy-project/Diff-II/datasets/imb_flower_0.1/seed0/wallflower/104.jpg	Green leaves, blurred background.
/n/fs/wy-project/Diff-II/datasets/imb_flower_0.1/seed0/wallflower/90.jpg	Green leaves and blurred background.
/n/fs/wy-project/Diff-II/datasets/imb_flower_0.1/seed0/wallflower/77.jpg	Green, blurred leaves.
/n/fs/wy-project/Diff-II/datasets/imb_flower_0.1/seed0/wallflower/114.jpg	Blurred green and yellow.
/n/fs/wy-project/Diff-II/datasets/imb_flower_0.1/seed0/wallflower/91.jpg	Blurred green leaves and brown soil.
/n/fs/wy-project/Diff-II/datasets/imb_flower_0.1/seed0/wallflower/112.jpg	Blurred green foliage.
/n/fs/wy-project/Diff-II/datasets/imb_flower_0.1/seed0/wallflower/93.jpg	Blurred greenery.
/n/fs/wy-project/Diff-II/datasets/imb_flower_0.1/seed0/wallflower/92.jpg	The background is blurred green foliage.
/n/fs/wy-project/Diff-II/datasets/imb_flower_0.1/seed0/wallflower/94.jpg	Green, blurred background.
/n/fs/wy-project/Diff-II/datasets/imb_flower_0.1/seed0/wallflower/81.jpg	Blurred green foliage.
/n/fs/wy-project/Diff-II/datasets/imb_flower_0.1/seed0/wallflower/109.jpg	Blurred green foliage.
/n/fs/wy-project/Diff-II/datasets/imb_flower_0.1/seed0/wallflower/100.jpg	Green foliage.
/n/fs/wy-project/Diff-II/datasets/imb_flower_0.1/seed0/wallflower/80.jpg	Blurred green and yellow.
/n/fs/wy-project/Diff-II/datasets/imb_flower_0.1/seed0/wallflower/111.jpg	Green leaves and blurred background.
/n/fs/wy-project/Diff-II/datasets/imb_flower_0.1/seed0/wallflower/113.jpg	Blurred green leaves.
/n/fs/wy-project/Diff-II/datasets/imb_flower_0.1/seed0/wallflower/86.jpg	Green leaves and blurred background.
/n/fs/wy-project/Diff-II/datasets/imb_flower_0.1/seed0/wallflower/79.jpg	Green leaves blurred.
/n/fs/wy-project/Diff-II/datasets/imb_flower_0.1/seed0/wallflower/89.jpg	Green leaves.
/n/fs/wy-project/Diff-II/datasets/imb_flower_0.1/seed0/marigold/1139.jpg	The background is dark green foliage.
/n/fs/wy-project/Diff-II/datasets/imb_flower_0.1/seed0/marigold/1141.jpg	The background is green foliage and soil.
/n/fs/wy-project/Diff-II/datasets/imb_flower_0.1/seed0/marigold/1133.jpg	Green leaves.
/n/fs/wy-project/Diff-II/datasets/imb_flower_0.1/seed0/marigold/1137.jpg	The background is green foliage with hints of orange flowers.
/n/fs/wy-project/Diff-II/datasets/imb_flower_0.1/seed0/marigold/1134.jpg	Green leaves.
/n/fs/wy-project/Diff-II/datasets/imb_flower_0.1/seed0/marigold/1140.jpg	Dark green leaves.
/n/fs/wy-project/Diff-II/datasets/imb_flower_0.1/seed0/marigold/1142.jpg	Green leaves and soil.
/n/fs/wy-project/Diff-II/datasets/imb_flower_0.1/seed0/marigold/1135.jpg	Green leaves, blurred background.
/n/fs/wy-project/Diff-II/datasets/imb_flower_0.1/seed0/marigold/1136.jpg	Green leaves and blurred background.
/n/fs/wy-project/Diff-II/datasets/imb_flower_0.1/seed0/marigold/1145.jpg	The background is dark and blurred, with green foliage.
/n/fs/wy-project/Diff-II/datasets/imb_flower_0.1/seed0/marigold/1143.jpg	The background is green foliage.
/n/fs/wy-project/Diff-II/datasets/imb_flower_0.1/seed0/marigold/1138.jpg	Dark soil and green leaves.
/n/fs/wy-project/Diff-II/datasets/imb_flower_0.1/seed0/marigold/1144.jpg	Dark green leaves.
/n/fs/wy-project/Diff-II/datasets/imb_flower_0.1/seed0/buttercup/1083.jpg	Green, blurred background.
/n/fs/wy-project/Diff-II/datasets/imb_flower_0.1/seed0/buttercup/1078.jpg	A flower against a blurred blue sky.
/n/fs/wy-project/Diff-II/datasets/imb_flower_0.1/seed0/buttercup/1084.jpg	Green, blurred background.
/n/fs/wy-project/Diff-II/datasets/imb_flower_0.1/seed0/buttercup/1082.jpg	Green, blurred, natural.
/n/fs/wy-project/Diff-II/datasets/imb_flower_0.1/seed0/buttercup/1088.jpg	The background is green and blurred.
/n/fs/wy-project/Diff-II/datasets/imb_flower_0.1/seed0/buttercup/1080.jpg	The background is blurred with green and brown tones, suggesting a natural setting.
/n/fs/wy-project/Diff-II/datasets/imb_flower_0.1/seed0/buttercup/1085.jpg	Green leaves.
/n/fs/wy-project/Diff-II/datasets/imb_flower_0.1/seed0/buttercup/1079.jpg	Green, blurred, natural.
/n/fs/wy-project/Diff-II/datasets/imb_flower_0.1/seed0/buttercup/1087.jpg	A flower with a blurred, purple background.
/n/fs/wy-project/Diff-II/datasets/imb_flower_0.1/seed0/buttercup/1091.jpg	Green, blurred.
/n/fs/wy-project/Diff-II/datasets/imb_flower_0.1/seed0/buttercup/1086.jpg	The background is blurred greenery.
/n/fs/wy-project/Diff-II/datasets/imb_flower_0.1/seed0/buttercup/1090.jpg	Blurred green and brown.
/n/fs/wy-project/Diff-II/datasets/imb_flower_0.1/seed0/buttercup/1081.jpg	The background is blurred green and brown.
/n/fs/wy-project/Diff-II/datasets/imb_flower_0.1/seed0/buttercup/1089.jpg	Dark, blurred background.
/n/fs/wy-project/Diff-II/datasets/imb_flower_0.1/seed0/oxeye_daisy/1424.jpg	Blurred green and white.
/n/fs/wy-project/Diff-II/datasets/imb_flower_0.1/seed0/oxeye_daisy/1423.jpg	The background is brown and grassy.
/n/fs/wy-project/Diff-II/datasets/imb_flower_0.1/seed0/oxeye_daisy/1425.jpg	Dark, blurred background.
/n/fs/wy-project/Diff-II/datasets/imb_flower_0.1/seed0/oxeye_daisy/1420.jpg	Green leaves, blurred background.
/n/fs/wy-project/Diff-II/datasets/imb_flower_0.1/seed0/oxeye_daisy/1421.jpg	Green leaves and grass.
/n/fs/wy-project/Diff-II/datasets/imb_flower_0.1/seed0/oxeye_daisy/1422.jpg	Green grass and leaves.
/n/fs/wy-project/Diff-II/datasets/imb_flower_0.1/seed0/common_dandelion/765.jpg	Green grass and leaves.
/n/fs/wy-project/Diff-II/datasets/imb_flower_0.1/seed0/common_dandelion/762.jpg	The background is green and blurred.
/n/fs/wy-project/Diff-II/datasets/imb_flower_0.1/seed0/common_dandelion/771.jpg	Blurred green and yellow.
/n/fs/wy-project/Diff-II/datasets/imb_flower_0.1/seed0/common_dandelion/768.jpg	Green, blurred background.
/n/fs/wy-project/Diff-II/datasets/imb_flower_0.1/seed0/common_dandelion/770.jpg	The background is green and blurred.
/n/fs/wy-project/Diff-II/datasets/imb_flower_0.1/seed0/common_dandelion/763.jpg	Green, blurred leaves.
/n/fs/wy-project/Diff-II/datasets/imb_flower_0.1/seed0/common_dandelion/767.jpg	The background is dry, brown foliage.
/n/fs/wy-project/Diff-II/datasets/imb_flower_0.1/seed0/common_dandelion/761.jpg	Green leaves and blurred background.
/n/fs/wy-project/Diff-II/datasets/imb_flower_0.1/seed0/common_dandelion/773.jpg	Green grass.
/n/fs/wy-project/Diff-II/datasets/imb_flower_0.1/seed0/common_dandelion/760.jpg	Green foliage.
/n/fs/wy-project/Diff-II/datasets/imb_flower_0.1/seed0/common_dandelion/758.jpg	Green leaves and grass.
/n/fs/wy-project/Diff-II/datasets/imb_flower_0.1/seed0/common_dandelion/759.jpg	Green grass and soil.
/n/fs/wy-project/Diff-II/datasets/imb_flower_0.1/seed0/common_dandelion/756.jpg	Green leaves and blurred background.
/n/fs/wy-project/Diff-II/datasets/imb_flower_0.1/seed0/common_dandelion/757.jpg	Green, blurred grass.
/n/fs/wy-project/Diff-II/datasets/imb_flower_0.1/seed0/common_dandelion/755.jpg	Dark, blurred, natural setting.
/n/fs/wy-project/Diff-II/datasets/imb_flower_0.1/seed0/common_dandelion/754.jpg	Green, blurred background.
/n/fs/wy-project/Diff-II/datasets/imb_flower_0.1/seed0/common_dandelion/774.jpg	Green grass and other flowers.
/n/fs/wy-project/Diff-II/datasets/imb_flower_0.1/seed0/common_dandelion/766.jpg	Green leaves and blurred background.
/n/fs/wy-project/Diff-II/datasets/imb_flower_0.1/seed0/common_dandelion/772.jpg	Green, blurred leaves.
/n/fs/wy-project/Diff-II/datasets/imb_flower_0.1/seed0/common_dandelion/764.jpg	The background is black.
/n/fs/wy-project/Diff-II/datasets/imb_flower_0.1/seed0/common_dandelion/753.jpg	Green grass and blurred background.
/n/fs/wy-project/Diff-II/datasets/imb_flower_0.1/seed0/common_dandelion/769.jpg	Green grass and leaves.
/n/fs/wy-project/Diff-II/datasets/imb_flower_0.1/seed0/petunia/5.jpg	Green leaves and petals.
/n/fs/wy-project/Diff-II/datasets/imb_flower_0.1/seed0/petunia/7.jpg	The background is blurred green foliage and white surface.
/n/fs/wy-project/Diff-II/datasets/imb_flower_0.1/seed0/petunia/17.jpg	Dark green and blurred.
/n/fs/wy-project/Diff-II/datasets/imb_flower_0.1/seed0/petunia/10.jpg	The background is blurred green foliage.
/n/fs/wy-project/Diff-II/datasets/imb_flower_0.1/seed0/petunia/31.jpg	Green leaves and other flowers.
/n/fs/wy-project/Diff-II/datasets/imb_flower_0.1/seed0/petunia/18.jpg	The background consists of green leaves.
/n/fs/wy-project/Diff-II/datasets/imb_flower_0.1/seed0/petunia/26.jpg	The background is green foliage.
/n/fs/wy-project/Diff-II/datasets/imb_flower_0.1/seed0/petunia/15.jpg	The background is mulch and greenery.
/n/fs/wy-project/Diff-II/datasets/imb_flower_0.1/seed0/petunia/22.jpg	Green leaves, soil.
/n/fs/wy-project/Diff-II/datasets/imb_flower_0.1/seed0/petunia/12.jpg	Green leaves and petals.
/n/fs/wy-project/Diff-II/datasets/imb_flower_0.1/seed0/petunia/13.jpg	Green foliage, blurred background.
/n/fs/wy-project/Diff-II/datasets/imb_flower_0.1/seed0/petunia/33.jpg	The background is blurred with green and purple hues.
/n/fs/wy-project/Diff-II/datasets/imb_flower_0.1/seed0/petunia/32.jpg	Green foliage.
/n/fs/wy-project/Diff-II/datasets/imb_flower_0.1/seed0/petunia/35.jpg	Green leaves, blurred background.
/n/fs/wy-project/Diff-II/datasets/imb_flower_0.1/seed0/petunia/36.jpg	Green leaves and blurred flowers.
/n/fs/wy-project/Diff-II/datasets/imb_flower_0.1/seed0/petunia/27.jpg	The background is soil and greenery.
/n/fs/wy-project/Diff-II/datasets/imb_flower_0.1/seed0/petunia/30.jpg	Green leaves, blurred background.
/n/fs/wy-project/Diff-II/datasets/imb_flower_0.1/seed0/petunia/2.jpg	The background is green foliage.
/n/fs/wy-project/Diff-II/datasets/imb_flower_0.1/seed0/petunia/8.jpg	The background is blurred with green foliage and hints of other flowers.
/n/fs/wy-project/Diff-II/datasets/imb_flower_0.1/seed0/petunia/0.jpg	Green leaves and soil.
/n/fs/wy-project/Diff-II/datasets/imb_flower_0.1/seed0/petunia/29.jpg	Green leaves, blurred background.
/n/fs/wy-project/Diff-II/datasets/imb_flower_0.1/seed0/petunia/34.jpg	The background is green and blurred.
/n/fs/wy-project/Diff-II/datasets/imb_flower_0.1/seed0/petunia/4.jpg	Green leaves, blurred soil.
/n/fs/wy-project/Diff-II/datasets/imb_flower_0.1/seed0/petunia/3.jpg	Green foliage.
/n/fs/wy-project/Diff-II/datasets/imb_flower_0.1/seed0/petunia/28.jpg	Green leaves and blurred flowers.
/n/fs/wy-project/Diff-II/datasets/imb_flower_0.1/seed0/petunia/16.jpg	Green leaves and blurred background.
/n/fs/wy-project/Diff-II/datasets/imb_flower_0.1/seed0/petunia/25.jpg	The background is dark soil with green leaves and a dried leaf.
/n/fs/wy-project/Diff-II/datasets/imb_flower_0.1/seed0/petunia/9.jpg	Green leaves and blurred background.
/n/fs/wy-project/Diff-II/datasets/imb_flower_0.1/seed0/petunia/6.jpg	Green leaves and blurred background.
/n/fs/wy-project/Diff-II/datasets/imb_flower_0.1/seed0/petunia/14.jpg	Green leaves.
/n/fs/wy-project/Diff-II/datasets/imb_flower_0.1/seed0/petunia/24.jpg	The background is green foliage.
/n/fs/wy-project/Diff-II/datasets/imb_flower_0.1/seed0/petunia/11.jpg	White lattice, green grass.
/n/fs/wy-project/Diff-II/datasets/imb_flower_0.1/seed0/petunia/19.jpg	Green leaves and blurred background.
/n/fs/wy-project/Diff-II/datasets/imb_flower_0.1/seed0/petunia/21.jpg	The background is blurred, showing soil and greenery.
/n/fs/wy-project/Diff-II/datasets/imb_flower_0.1/seed0/petunia/1.jpg	Green foliage.
/n/fs/wy-project/Diff-II/datasets/imb_flower_0.1/seed0/petunia/23.jpg	The background is green foliage and soil.
/n/fs/wy-project/Diff-II/datasets/imb_flower_0.1/seed0/petunia/37.jpg	The background is green foliage.
/n/fs/wy-project/Diff-II/datasets/imb_flower_0.1/seed0/petunia/38.jpg	Green leaves and stems.
/n/fs/wy-project/Diff-II/datasets/imb_flower_0.1/seed0/petunia/20.jpg	Green leaves and stems.
/n/fs/wy-project/Diff-II/datasets/imb_flower_0.1/seed0/wild_pansy/962.jpg	The background is dark green.
/n/fs/wy-project/Diff-II/datasets/imb_flower_0.1/seed0/wild_pansy/959.jpg	The background is green foliage.
/n/fs/wy-project/Diff-II/datasets/imb_flower_0.1/seed0/wild_pansy/952.jpg	Green grassy field.
/n/fs/wy-project/Diff-II/datasets/imb_flower_0.1/seed0/wild_pansy/961.jpg	Green, blurred background.
/n/fs/wy-project/Diff-II/datasets/imb_flower_0.1/seed0/wild_pansy/950.jpg	Green leaves and blurred flowers.
/n/fs/wy-project/Diff-II/datasets/imb_flower_0.1/seed0/wild_pansy/953.jpg	Blurred green.
/n/fs/wy-project/Diff-II/datasets/imb_flower_0.1/seed0/wild_pansy/957.jpg	Green foliage.
/n/fs/wy-project/Diff-II/datasets/imb_flower_0.1/seed0/wild_pansy/965.jpg	The background is blurred earth tones.
/n/fs/wy-project/Diff-II/datasets/imb_flower_0.1/seed0/wild_pansy/963.jpg	Blurred green leaves.
/n/fs/wy-project/Diff-II/datasets/imb_flower_0.1/seed0/wild_pansy/966.jpg	Green leaves and blurred flowers.
/n/fs/wy-project/Diff-II/datasets/imb_flower_0.1/seed0/wild_pansy/960.jpg	Green foliage.
/n/fs/wy-project/Diff-II/datasets/imb_flower_0.1/seed0/wild_pansy/951.jpg	The background is blurred green foliage and brown twigs.
/n/fs/wy-project/Diff-II/datasets/imb_flower_0.1/seed0/wild_pansy/954.jpg	Green leaves and blurred flowers.
/n/fs/wy-project/Diff-II/datasets/imb_flower_0.1/seed0/wild_pansy/956.jpg	Blurred green leaves.
/n/fs/wy-project/Diff-II/datasets/imb_flower_0.1/seed0/wild_pansy/955.jpg	Blurred green foliage.
/n/fs/wy-project/Diff-II/datasets/imb_flower_0.1/seed0/wild_pansy/964.jpg	The background is green foliage.
/n/fs/wy-project/Diff-II/datasets/imb_flower_0.1/seed0/wild_pansy/958.jpg	The background is green foliage.
/n/fs/wy-project/Diff-II/datasets/imb_flower_0.1/seed0/primula/794.jpg	Green leaves and stems.
/n/fs/wy-project/Diff-II/datasets/imb_flower_0.1/seed0/primula/782.jpg	Green leaves.
/n/fs/wy-project/Diff-II/datasets/imb_flower_0.1/seed0/primula/776.jpg	The background consists of green leaves.
/n/fs/wy-project/Diff-II/datasets/imb_flower_0.1/seed0/primula/781.jpg	Green leaves, red berries.
/n/fs/wy-project/Diff-II/datasets/imb_flower_0.1/seed0/primula/786.jpg	A flower is set against a warm, blurred background.
/n/fs/wy-project/Diff-II/datasets/imb_flower_0.1/seed0/primula/787.jpg	Green leaves and soil.
/n/fs/wy-project/Diff-II/datasets/imb_flower_0.1/seed0/primula/777.jpg	Green leaves and soil.
/n/fs/wy-project/Diff-II/datasets/imb_flower_0.1/seed0/primula/785.jpg	Green leaves.
/n/fs/wy-project/Diff-II/datasets/imb_flower_0.1/seed0/primula/778.jpg	The background is dark.
/n/fs/wy-project/Diff-II/datasets/imb_flower_0.1/seed0/primula/780.jpg	The background is soil and green leaves.
/n/fs/wy-project/Diff-II/datasets/imb_flower_0.1/seed0/primula/789.jpg	Green leaves.
/n/fs/wy-project/Diff-II/datasets/imb_flower_0.1/seed0/primula/792.jpg	Green leaves and soil.
/n/fs/wy-project/Diff-II/datasets/imb_flower_0.1/seed0/primula/788.jpg	Green leaves, blurred soil.
/n/fs/wy-project/Diff-II/datasets/imb_flower_0.1/seed0/primula/783.jpg	The background is blurred and neutral.
/n/fs/wy-project/Diff-II/datasets/imb_flower_0.1/seed0/primula/791.jpg	The background is soil and green leaves.
/n/fs/wy-project/Diff-II/datasets/imb_flower_0.1/seed0/primula/790.jpg	Green leaves.
/n/fs/wy-project/Diff-II/datasets/imb_flower_0.1/seed0/primula/795.jpg	Dark soil and green leaves.
/n/fs/wy-project/Diff-II/datasets/imb_flower_0.1/seed0/primula/779.jpg	Green leaves.
/n/fs/wy-project/Diff-II/datasets/imb_flower_0.1/seed0/primula/793.jpg	Green grass.
/n/fs/wy-project/Diff-II/datasets/imb_flower_0.1/seed0/primula/784.jpg	Green leaves and grass.
/n/fs/wy-project/Diff-II/datasets/imb_flower_0.1/seed0/primula/775.jpg	Green leaves and soil.
/n/fs/wy-project/Diff-II/datasets/imb_flower_0.1/seed0/sunflower/1263.jpg	The background is green foliage.
/n/fs/wy-project/Diff-II/datasets/imb_flower_0.1/seed0/sunflower/1260.jpg	Green leaves surround 'a flower'.
/n/fs/wy-project/Diff-II/datasets/imb_flower_0.1/seed0/sunflower/1266.jpg	The background is a mix of green foliage and a clear blue sky.
/n/fs/wy-project/Diff-II/datasets/imb_flower_0.1/seed0/sunflower/1261.jpg	The background is blurred green foliage.
/n/fs/wy-project/Diff-II/datasets/imb_flower_0.1/seed0/sunflower/1267.jpg	A flower against a blue sky.
/n/fs/wy-project/Diff-II/datasets/imb_flower_0.1/seed0/sunflower/1268.jpg	The background consists of green leaves and stems.
/n/fs/wy-project/Diff-II/datasets/imb_flower_0.1/seed0/sunflower/1265.jpg	A flower against a blue sky.
/n/fs/wy-project/Diff-II/datasets/imb_flower_0.1/seed0/sunflower/1264.jpg	A flower against a clear blue sky.
/n/fs/wy-project/Diff-II/datasets/imb_flower_0.1/seed0/sunflower/1269.jpg	A flower with blurred yellow and purple hues.
/n/fs/wy-project/Diff-II/datasets/imb_flower_0.1/seed0/sunflower/1262.jpg	Green leaves, blurred yellow flowers.
/n/fs/wy-project/Diff-II/datasets/imb_flower_0.1/seed0/pelargonium/1099.jpg	The background is blurred green foliage.
/n/fs/wy-project/Diff-II/datasets/imb_flower_0.1/seed0/pelargonium/1095.jpg	The background is green foliage.
/n/fs/wy-project/Diff-II/datasets/imb_flower_0.1/seed0/pelargonium/1097.jpg	Green grass and blurred ground.
/n/fs/wy-project/Diff-II/datasets/imb_flower_0.1/seed0/pelargonium/1101.jpg	Blurred green foliage.
/n/fs/wy-project/Diff-II/datasets/imb_flower_0.1/seed0/pelargonium/1094.jpg	Green foliage.
/n/fs/wy-project/Diff-II/datasets/imb_flower_0.1/seed0/pelargonium/1092.jpg	Green leaves and blurred background.
/n/fs/wy-project/Diff-II/datasets/imb_flower_0.1/seed0/pelargonium/1105.jpg	Green foliage.
/n/fs/wy-project/Diff-II/datasets/imb_flower_0.1/seed0/pelargonium/1103.jpg	Green, blurred foliage.
/n/fs/wy-project/Diff-II/datasets/imb_flower_0.1/seed0/pelargonium/1100.jpg	The background is soil and green leaves.
/n/fs/wy-project/Diff-II/datasets/imb_flower_0.1/seed0/pelargonium/1096.jpg	The background is green foliage and soil.
/n/fs/wy-project/Diff-II/datasets/imb_flower_0.1/seed0/pelargonium/1098.jpg	The background is green foliage.
/n/fs/wy-project/Diff-II/datasets/imb_flower_0.1/seed0/pelargonium/1093.jpg	Green leaves and blurred background.
/n/fs/wy-project/Diff-II/datasets/imb_flower_0.1/seed0/pelargonium/1102.jpg	Green leaves and buds.
/n/fs/wy-project/Diff-II/datasets/imb_flower_0.1/seed0/pelargonium/1104.jpg	Green leaves and buds.
/n/fs/wy-project/Diff-II/datasets/imb_flower_0.1/seed0/bishop_of_llandaff/587.jpg	Dark green leaves.
/n/fs/wy-project/Diff-II/datasets/imb_flower_0.1/seed0/bishop_of_llandaff/588.jpg	Dark green leaves and buds.
/n/fs/wy-project/Diff-II/datasets/imb_flower_0.1/seed0/bishop_of_llandaff/584.jpg	Dark, blurred leaves.
/n/fs/wy-project/Diff-II/datasets/imb_flower_0.1/seed0/bishop_of_llandaff/596.jpg	Dark green and blurred.
/n/fs/wy-project/Diff-II/datasets/imb_flower_0.1/seed0/bishop_of_llandaff/604.jpg	Dark, blurred.
/n/fs/wy-project/Diff-II/datasets/imb_flower_0.1/seed0/bishop_of_llandaff/592.jpg	Dark green leaves.
/n/fs/wy-project/Diff-II/datasets/imb_flower_0.1/seed0/bishop_of_llandaff/585.jpg	The background is blurred green foliage.
/n/fs/wy-project/Diff-II/datasets/imb_flower_0.1/seed0/bishop_of_llandaff/597.jpg	Blurred green and yellow.
/n/fs/wy-project/Diff-II/datasets/imb_flower_0.1/seed0/bishop_of_llandaff/593.jpg	Green leaves and stems.
/n/fs/wy-project/Diff-II/datasets/imb_flower_0.1/seed0/bishop_of_llandaff/601.jpg	Dark green leaves.
/n/fs/wy-project/Diff-II/datasets/imb_flower_0.1/seed0/bishop_of_llandaff/594.jpg	The background is blurred with red and green hues.
/n/fs/wy-project/Diff-II/datasets/imb_flower_0.1/seed0/bishop_of_llandaff/595.jpg	The background is green foliage.
/n/fs/wy-project/Diff-II/datasets/imb_flower_0.1/seed0/bishop_of_llandaff/603.jpg	The background is blurred with muted colors.
/n/fs/wy-project/Diff-II/datasets/imb_flower_0.1/seed0/bishop_of_llandaff/602.jpg	Dark green leaves.
/n/fs/wy-project/Diff-II/datasets/imb_flower_0.1/seed0/bishop_of_llandaff/591.jpg	Blurred green leaves.
/n/fs/wy-project/Diff-II/datasets/imb_flower_0.1/seed0/bishop_of_llandaff/607.jpg	Blurred green leaves.
/n/fs/wy-project/Diff-II/datasets/imb_flower_0.1/seed0/bishop_of_llandaff/599.jpg	Dark green leaves.
/n/fs/wy-project/Diff-II/datasets/imb_flower_0.1/seed0/bishop_of_llandaff/609.jpg	The background is blurred with red and green hues.
/n/fs/wy-project/Diff-II/datasets/imb_flower_0.1/seed0/bishop_of_llandaff/590.jpg	Blurred green foliage.
/n/fs/wy-project/Diff-II/datasets/imb_flower_0.1/seed0/bishop_of_llandaff/589.jpg	Blurred green leaves.
/n/fs/wy-project/Diff-II/datasets/imb_flower_0.1/seed0/bishop_of_llandaff/608.jpg	The background is blurred with green and brown tones.
/n/fs/wy-project/Diff-II/datasets/imb_flower_0.1/seed0/bishop_of_llandaff/598.jpg	Blurred green leaves.
/n/fs/wy-project/Diff-II/datasets/imb_flower_0.1/seed0/bishop_of_llandaff/600.jpg	Blurred green leaves.
/n/fs/wy-project/Diff-II/datasets/imb_flower_0.1/seed0/bishop_of_llandaff/586.jpg	Blurred greenery.
/n/fs/wy-project/Diff-II/datasets/imb_flower_0.1/seed0/bishop_of_llandaff/606.jpg	Blurred green leaves.
/n/fs/wy-project/Diff-II/datasets/imb_flower_0.1/seed0/bishop_of_llandaff/605.jpg	Dark, blurred leaves.
/n/fs/wy-project/Diff-II/datasets/imb_flower_0.1/seed0/gaura/1156.jpg	Green foliage, blurred background.
/n/fs/wy-project/Diff-II/datasets/imb_flower_0.1/seed0/gaura/1154.jpg	A flower against a blurred green backdrop.
/n/fs/wy-project/Diff-II/datasets/imb_flower_0.1/seed0/gaura/1151.jpg	Blurred green and blue.
/n/fs/wy-project/Diff-II/datasets/imb_flower_0.1/seed0/gaura/1153.jpg	Green, blurred background.
/n/fs/wy-project/Diff-II/datasets/imb_flower_0.1/seed0/gaura/1150.jpg	The background is green foliage.
/n/fs/wy-project/Diff-II/datasets/imb_flower_0.1/seed0/gaura/1158.jpg	Blurred greenery.
/n/fs/wy-project/Diff-II/datasets/imb_flower_0.1/seed0/gaura/1147.jpg	Blurred green foliage.
/n/fs/wy-project/Diff-II/datasets/imb_flower_0.1/seed0/gaura/1149.jpg	Blurred green field.
/n/fs/wy-project/Diff-II/datasets/imb_flower_0.1/seed0/gaura/1146.jpg	Green, blurred background.
/n/fs/wy-project/Diff-II/datasets/imb_flower_0.1/seed0/gaura/1148.jpg	Green, blurred, natural.
/n/fs/wy-project/Diff-II/datasets/imb_flower_0.1/seed0/gaura/1157.jpg	The background is blurred, with soft green and pink hues.
/n/fs/wy-project/Diff-II/datasets/imb_flower_0.1/seed0/gaura/1152.jpg	Blurred green grass.
/n/fs/wy-project/Diff-II/datasets/imb_flower_0.1/seed0/gaura/1155.jpg	The background is blurred green foliage.
/n/fs/wy-project/Diff-II/datasets/imb_flower_0.1/seed0/geranium/523.jpg	The background consists of green leaves and a palm frond.
/n/fs/wy-project/Diff-II/datasets/imb_flower_0.1/seed0/geranium/508.jpg	Dark green leaves.
/n/fs/wy-project/Diff-II/datasets/imb_flower_0.1/seed0/geranium/516.jpg	Green leaves.
/n/fs/wy-project/Diff-II/datasets/imb_flower_0.1/seed0/geranium/521.jpg	Dark green leaves.
/n/fs/wy-project/Diff-II/datasets/imb_flower_0.1/seed0/geranium/512.jpg	Dark green leaves.
/n/fs/wy-project/Diff-II/datasets/imb_flower_0.1/seed0/geranium/506.jpg	Green leaves.
/n/fs/wy-project/Diff-II/datasets/imb_flower_0.1/seed0/geranium/526.jpg	Dark green leaves.
/n/fs/wy-project/Diff-II/datasets/imb_flower_0.1/seed0/geranium/519.jpg	Green leaves.
/n/fs/wy-project/Diff-II/datasets/imb_flower_0.1/seed0/geranium/511.jpg	Dark green leaves.
/n/fs/wy-project/Diff-II/datasets/imb_flower_0.1/seed0/geranium/525.jpg	Dark green leaves surround 'a flower'.
/n/fs/wy-project/Diff-II/datasets/imb_flower_0.1/seed0/geranium/504.jpg	Dark green leaves.
/n/fs/wy-project/Diff-II/datasets/imb_flower_0.1/seed0/geranium/518.jpg	Dark green leaves.
/n/fs/wy-project/Diff-II/datasets/imb_flower_0.1/seed0/geranium/514.jpg	Dark green leaves.
/n/fs/wy-project/Diff-II/datasets/imb_flower_0.1/seed0/geranium/528.jpg	Dark green leaves.
/n/fs/wy-project/Diff-II/datasets/imb_flower_0.1/seed0/geranium/513.jpg	Green leaves.
/n/fs/wy-project/Diff-II/datasets/imb_flower_0.1/seed0/geranium/517.jpg	Green leaves.
/n/fs/wy-project/Diff-II/datasets/imb_flower_0.1/seed0/geranium/505.jpg	Dark green leaves.
/n/fs/wy-project/Diff-II/datasets/imb_flower_0.1/seed0/geranium/530.jpg	Dark green leaves.
/n/fs/wy-project/Diff-II/datasets/imb_flower_0.1/seed0/geranium/509.jpg	Green leaves.
/n/fs/wy-project/Diff-II/datasets/imb_flower_0.1/seed0/geranium/524.jpg	The background is green foliage.
/n/fs/wy-project/Diff-II/datasets/imb_flower_0.1/seed0/geranium/522.jpg	Dark green leaves.
/n/fs/wy-project/Diff-II/datasets/imb_flower_0.1/seed0/geranium/510.jpg	Dark green leaves.
/n/fs/wy-project/Diff-II/datasets/imb_flower_0.1/seed0/geranium/507.jpg	Dark green leaves.
/n/fs/wy-project/Diff-II/datasets/imb_flower_0.1/seed0/geranium/503.jpg	Green leaves.
/n/fs/wy-project/Diff-II/datasets/imb_flower_0.1/seed0/geranium/529.jpg	The background is green foliage.
/n/fs/wy-project/Diff-II/datasets/imb_flower_0.1/seed0/geranium/515.jpg	Green leaves.
/n/fs/wy-project/Diff-II/datasets/imb_flower_0.1/seed0/geranium/520.jpg	Green leaves.
/n/fs/wy-project/Diff-II/datasets/imb_flower_0.1/seed0/geranium/527.jpg	The background is green foliage.
/n/fs/wy-project/Diff-II/datasets/imb_flower_0.1/seed0/orange_dahlia/1159.jpg	Green leaves.
/n/fs/wy-project/Diff-II/datasets/imb_flower_0.1/seed0/orange_dahlia/1162.jpg	Dark green leaves.
/n/fs/wy-project/Diff-II/datasets/imb_flower_0.1/seed0/orange_dahlia/1169.jpg	The background is green foliage.
/n/fs/wy-project/Diff-II/datasets/imb_flower_0.1/seed0/orange_dahlia/1160.jpg	Green leaves and stems.
/n/fs/wy-project/Diff-II/datasets/imb_flower_0.1/seed0/orange_dahlia/1168.jpg	Green leaves.
/n/fs/wy-project/Diff-II/datasets/imb_flower_0.1/seed0/orange_dahlia/1164.jpg	Dark green leaves.
/n/fs/wy-project/Diff-II/datasets/imb_flower_0.1/seed0/orange_dahlia/1167.jpg	The background is green and blurred.
/n/fs/wy-project/Diff-II/datasets/imb_flower_0.1/seed0/orange_dahlia/1161.jpg	Green leaves.
/n/fs/wy-project/Diff-II/datasets/imb_flower_0.1/seed0/orange_dahlia/1170.jpg	Green leaves and stems.
/n/fs/wy-project/Diff-II/datasets/imb_flower_0.1/seed0/orange_dahlia/1166.jpg	Dark green leaves.
/n/fs/wy-project/Diff-II/datasets/imb_flower_0.1/seed0/orange_dahlia/1163.jpg	Green leaves and stems.
/n/fs/wy-project/Diff-II/datasets/imb_flower_0.1/seed0/orange_dahlia/1165.jpg	The background is green foliage.
/n/fs/wy-project/Diff-II/datasets/imb_flower_0.1/seed0/pink-yellow_dahlia/610.jpg	Dark green foliage.
/n/fs/wy-project/Diff-II/datasets/imb_flower_0.1/seed0/pink-yellow_dahlia/620.jpg	Green leaves and buds.
/n/fs/wy-project/Diff-II/datasets/imb_flower_0.1/seed0/pink-yellow_dahlia/626.jpg	Green leaves.
/n/fs/wy-project/Diff-II/datasets/imb_flower_0.1/seed0/pink-yellow_dahlia/634.jpg	Green leaves and buds surround 'a flower'.
/n/fs/wy-project/Diff-II/datasets/imb_flower_0.1/seed0/pink-yellow_dahlia/622.jpg	Green leaves.
/n/fs/wy-project/Diff-II/datasets/imb_flower_0.1/seed0/pink-yellow_dahlia/621.jpg	Green leaves.
/n/fs/wy-project/Diff-II/datasets/imb_flower_0.1/seed0/pink-yellow_dahlia/630.jpg	Green leaves.
/n/fs/wy-project/Diff-II/datasets/imb_flower_0.1/seed0/pink-yellow_dahlia/613.jpg	Green leaves and buds.
/n/fs/wy-project/Diff-II/datasets/imb_flower_0.1/seed0/pink-yellow_dahlia/628.jpg	Green leaves, blurred background.
/n/fs/wy-project/Diff-II/datasets/imb_flower_0.1/seed0/pink-yellow_dahlia/614.jpg	Green leaves surround a flower.
/n/fs/wy-project/Diff-II/datasets/imb_flower_0.1/seed0/pink-yellow_dahlia/625.jpg	Green leaves and buds surround 'a flower'.
/n/fs/wy-project/Diff-II/datasets/imb_flower_0.1/seed0/pink-yellow_dahlia/616.jpg	Green leaves, soil.
/n/fs/wy-project/Diff-II/datasets/imb_flower_0.1/seed0/pink-yellow_dahlia/627.jpg	Dark green leaves.
/n/fs/wy-project/Diff-II/datasets/imb_flower_0.1/seed0/pink-yellow_dahlia/619.jpg	Green foliage.
/n/fs/wy-project/Diff-II/datasets/imb_flower_0.1/seed0/pink-yellow_dahlia/612.jpg	Green leaves, blurred background.
/n/fs/wy-project/Diff-II/datasets/imb_flower_0.1/seed0/pink-yellow_dahlia/629.jpg	Green leaves and brown, dried flower.
/n/fs/wy-project/Diff-II/datasets/imb_flower_0.1/seed0/pink-yellow_dahlia/611.jpg	Green leaves.
/n/fs/wy-project/Diff-II/datasets/imb_flower_0.1/seed0/pink-yellow_dahlia/624.jpg	Dark green leaves.
/n/fs/wy-project/Diff-II/datasets/imb_flower_0.1/seed0/pink-yellow_dahlia/623.jpg	Green leaves.
/n/fs/wy-project/Diff-II/datasets/imb_flower_0.1/seed0/pink-yellow_dahlia/633.jpg	Green leaves surround a flower.
/n/fs/wy-project/Diff-II/datasets/imb_flower_0.1/seed0/pink-yellow_dahlia/618.jpg	Dark green leaves.
/n/fs/wy-project/Diff-II/datasets/imb_flower_0.1/seed0/pink-yellow_dahlia/632.jpg	Green leaves and buds surround 'a flower'.
/n/fs/wy-project/Diff-II/datasets/imb_flower_0.1/seed0/pink-yellow_dahlia/617.jpg	Green leaves surround a flower.
/n/fs/wy-project/Diff-II/datasets/imb_flower_0.1/seed0/pink-yellow_dahlia/631.jpg	Green leaves and buds surround 'a flower'.
/n/fs/wy-project/Diff-II/datasets/imb_flower_0.1/seed0/pink-yellow_dahlia/615.jpg	Green leaves.
/n/fs/wy-project/Diff-II/datasets/imb_flower_0.1/seed0/cautleya_spicata/1391.jpg	The background is blurred green foliage.
/n/fs/wy-project/Diff-II/datasets/imb_flower_0.1/seed0/cautleya_spicata/1393.jpg	The background is blurred green foliage.
/n/fs/wy-project/Diff-II/datasets/imb_flower_0.1/seed0/cautleya_spicata/1387.jpg	The background is blurred, with green leaves and brown stems.
/n/fs/wy-project/Diff-II/datasets/imb_flower_0.1/seed0/cautleya_spicata/1388.jpg	The background is earthy with green leaves and brown stems.
/n/fs/wy-project/Diff-II/datasets/imb_flower_0.1/seed0/cautleya_spicata/1392.jpg	The background is blurred green foliage.
/n/fs/wy-project/Diff-II/datasets/imb_flower_0.1/seed0/cautleya_spicata/1389.jpg	The background is lush green foliage.
/n/fs/wy-project/Diff-II/datasets/imb_flower_0.1/seed0/cautleya_spicata/1390.jpg	Blurred green foliage.
/n/fs/wy-project/Diff-II/datasets/imb_flower_0.1/seed0/japanese_anemone/1345.jpg	The background is green foliage.
/n/fs/wy-project/Diff-II/datasets/imb_flower_0.1/seed0/japanese_anemone/1344.jpg	Dark, blurred greenery.
/n/fs/wy-project/Diff-II/datasets/imb_flower_0.1/seed0/japanese_anemone/1342.jpg	A flower with blurred yellow and green hues.
/n/fs/wy-project/Diff-II/datasets/imb_flower_0.1/seed0/japanese_anemone/1348.jpg	The background consists of green foliage and small plants.
/n/fs/wy-project/Diff-II/datasets/imb_flower_0.1/seed0/japanese_anemone/1347.jpg	The background is dark green foliage.
/n/fs/wy-project/Diff-II/datasets/imb_flower_0.1/seed0/japanese_anemone/1343.jpg	A flower with a blurred green background.
/n/fs/wy-project/Diff-II/datasets/imb_flower_0.1/seed0/japanese_anemone/1349.jpg	Blurred green foliage.
/n/fs/wy-project/Diff-II/datasets/imb_flower_0.1/seed0/japanese_anemone/1346.jpg	The background is green foliage.
/n/fs/wy-project/Diff-II/datasets/imb_flower_0.1/seed0/black-eyed_susan/1352.jpg	Blurred green leaves.
/n/fs/wy-project/Diff-II/datasets/imb_flower_0.1/seed0/black-eyed_susan/1357.jpg	Green foliage.
/n/fs/wy-project/Diff-II/datasets/imb_flower_0.1/seed0/black-eyed_susan/1356.jpg	Blurred green leaves.
/n/fs/wy-project/Diff-II/datasets/imb_flower_0.1/seed0/black-eyed_susan/1353.jpg	The background is blurred, with shades of green and brown.
/n/fs/wy-project/Diff-II/datasets/imb_flower_0.1/seed0/black-eyed_susan/1351.jpg	Blurred green and yellow.
/n/fs/wy-project/Diff-II/datasets/imb_flower_0.1/seed0/black-eyed_susan/1355.jpg	Blurred green grass.
/n/fs/wy-project/Diff-II/datasets/imb_flower_0.1/seed0/black-eyed_susan/1350.jpg	Green leaves and blurred background.
/n/fs/wy-project/Diff-II/datasets/imb_flower_0.1/seed0/black-eyed_susan/1354.jpg	Green leaves and blurred background.
/n/fs/wy-project/Diff-II/datasets/imb_flower_0.1/seed0/silverbush/1382.jpg	The background is green foliage.
/n/fs/wy-project/Diff-II/datasets/imb_flower_0.1/seed0/silverbush/1386.jpg	The background is blurred green foliage.
/n/fs/wy-project/Diff-II/datasets/imb_flower_0.1/seed0/silverbush/1381.jpg	Green foliage, blurred.
/n/fs/wy-project/Diff-II/datasets/imb_flower_0.1/seed0/silverbush/1380.jpg	Green foliage.
/n/fs/wy-project/Diff-II/datasets/imb_flower_0.1/seed0/silverbush/1383.jpg	Green leaves.
/n/fs/wy-project/Diff-II/datasets/imb_flower_0.1/seed0/silverbush/1384.jpg	Dark green foliage.
/n/fs/wy-project/Diff-II/datasets/imb_flower_0.1/seed0/silverbush/1385.jpg	Green leaves.
/n/fs/wy-project/Diff-II/datasets/imb_flower_0.1/seed0/californian_poppy/705.jpg	Blurred yellow flowers.
/n/fs/wy-project/Diff-II/datasets/imb_flower_0.1/seed0/californian_poppy/689.jpg	Green foliage.
/n/fs/wy-project/Diff-II/datasets/imb_flower_0.1/seed0/californian_poppy/684.jpg	Green leaves, blurred background.
/n/fs/wy-project/Diff-II/datasets/imb_flower_0.1/seed0/californian_poppy/687.jpg	Green, blurred background.
/n/fs/wy-project/Diff-II/datasets/imb_flower_0.1/seed0/californian_poppy/699.jpg	Green foliage.
/n/fs/wy-project/Diff-II/datasets/imb_flower_0.1/seed0/californian_poppy/695.jpg	Green foliage, blurred.
/n/fs/wy-project/Diff-II/datasets/imb_flower_0.1/seed0/californian_poppy/690.jpg	Green, blurred leaves.
/n/fs/wy-project/Diff-II/datasets/imb_flower_0.1/seed0/californian_poppy/697.jpg	Green foliage.
/n/fs/wy-project/Diff-II/datasets/imb_flower_0.1/seed0/californian_poppy/691.jpg	Green foliage.
/n/fs/wy-project/Diff-II/datasets/imb_flower_0.1/seed0/californian_poppy/696.jpg	Green foliage.
/n/fs/wy-project/Diff-II/datasets/imb_flower_0.1/seed0/californian_poppy/694.jpg	Green foliage, blurred background.
/n/fs/wy-project/Diff-II/datasets/imb_flower_0.1/seed0/californian_poppy/703.jpg	Green foliage, blurred.
/n/fs/wy-project/Diff-II/datasets/imb_flower_0.1/seed0/californian_poppy/685.jpg	Green leaves and buds.
/n/fs/wy-project/Diff-II/datasets/imb_flower_0.1/seed0/californian_poppy/704.jpg	Green foliage, blurred.
/n/fs/wy-project/Diff-II/datasets/imb_flower_0.1/seed0/californian_poppy/698.jpg	Green foliage.
/n/fs/wy-project/Diff-II/datasets/imb_flower_0.1/seed0/californian_poppy/686.jpg	The background is blurred, with green moss and brown soil.
/n/fs/wy-project/Diff-II/datasets/imb_flower_0.1/seed0/californian_poppy/688.jpg	Green leaves and blurred background.
/n/fs/wy-project/Diff-II/datasets/imb_flower_0.1/seed0/californian_poppy/700.jpg	Blurred green foliage.
/n/fs/wy-project/Diff-II/datasets/imb_flower_0.1/seed0/californian_poppy/706.jpg	Green foliage.
/n/fs/wy-project/Diff-II/datasets/imb_flower_0.1/seed0/californian_poppy/701.jpg	Green foliage.
/n/fs/wy-project/Diff-II/datasets/imb_flower_0.1/seed0/californian_poppy/707.jpg	Green, blurred leaves.
/n/fs/wy-project/Diff-II/datasets/imb_flower_0.1/seed0/californian_poppy/692.jpg	Green leaves and blurred background.
/n/fs/wy-project/Diff-II/datasets/imb_flower_0.1/seed0/californian_poppy/693.jpg	Green foliage.
/n/fs/wy-project/Diff-II/datasets/imb_flower_0.1/seed0/californian_poppy/702.jpg	Blurred green foliage.
/n/fs/wy-project/Diff-II/datasets/imb_flower_0.1/seed0/osteospermum/1272.jpg	Blurred green and brown.
/n/fs/wy-project/Diff-II/datasets/imb_flower_0.1/seed0/osteospermum/1275.jpg	The background is blurred green foliage.
/n/fs/wy-project/Diff-II/datasets/imb_flower_0.1/seed0/osteospermum/1270.jpg	Green leaves, blurred background.
/n/fs/wy-project/Diff-II/datasets/imb_flower_0.1/seed0/osteospermum/1271.jpg	Green leaves.
/n/fs/wy-project/Diff-II/datasets/imb_flower_0.1/seed0/osteospermum/1273.jpg	The background is blurred green foliage.
/n/fs/wy-project/Diff-II/datasets/imb_flower_0.1/seed0/osteospermum/1276.jpg	Green leaves and blurred background.
/n/fs/wy-project/Diff-II/datasets/imb_flower_0.1/seed0/osteospermum/1279.jpg	Green leaves and blurred background.
/n/fs/wy-project/Diff-II/datasets/imb_flower_0.1/seed0/osteospermum/1277.jpg	The background is blurred, with shades of green and brown.
/n/fs/wy-project/Diff-II/datasets/imb_flower_0.1/seed0/osteospermum/1278.jpg	The background is blurred, with green foliage and brown earth tones.
/n/fs/wy-project/Diff-II/datasets/imb_flower_0.1/seed0/osteospermum/1274.jpg	Green foliage.
/n/fs/wy-project/Diff-II/datasets/imb_flower_0.1/seed0/spring_crocus/1481.jpg	Green grass and blurred background.
/n/fs/wy-project/Diff-II/datasets/imb_flower_0.1/seed0/spring_crocus/1482.jpg	The background is blurred, with earthy tones and hints of other flowers.
/n/fs/wy-project/Diff-II/datasets/imb_flower_0.1/seed0/spring_crocus/1483.jpg	Green grass.
/n/fs/wy-project/Diff-II/datasets/imb_flower_0.1/seed0/spring_crocus/1480.jpg	The background is blurred, with earthy tones and greenery.
/n/fs/wy-project/Diff-II/datasets/imb_flower_0.1/seed0/spring_crocus/1484.jpg	Green grass and soil.
/n/fs/wy-project/Diff-II/datasets/imb_flower_0.1/seed0/bearded_iris/1362.jpg	Green grass.
/n/fs/wy-project/Diff-II/datasets/imb_flower_0.1/seed0/bearded_iris/1359.jpg	Green grass.
/n/fs/wy-project/Diff-II/datasets/imb_flower_0.1/seed0/bearded_iris/1361.jpg	Green grass.
/n/fs/wy-project/Diff-II/datasets/imb_flower_0.1/seed0/bearded_iris/1363.jpg	Dark, blurred background.
/n/fs/wy-project/Diff-II/datasets/imb_flower_0.1/seed0/bearded_iris/1364.jpg	Green grass.
/n/fs/wy-project/Diff-II/datasets/imb_flower_0.1/seed0/bearded_iris/1365.jpg	Green grass.
/n/fs/wy-project/Diff-II/datasets/imb_flower_0.1/seed0/bearded_iris/1360.jpg	Green grass.
/n/fs/wy-project/Diff-II/datasets/imb_flower_0.1/seed0/bearded_iris/1358.jpg	Green grass.
/n/fs/wy-project/Diff-II/datasets/imb_flower_0.1/seed0/windflower/1370.jpg	The background consists of green leaves and brown, dried foliage.
/n/fs/wy-project/Diff-II/datasets/imb_flower_0.1/seed0/windflower/1369.jpg	The background is green foliage.
/n/fs/wy-project/Diff-II/datasets/imb_flower_0.1/seed0/windflower/1368.jpg	The background is blurred green.
/n/fs/wy-project/Diff-II/datasets/imb_flower_0.1/seed0/windflower/1372.jpg	The background is dark and blurred, with hints of brown and green.
/n/fs/wy-project/Diff-II/datasets/imb_flower_0.1/seed0/windflower/1366.jpg	Green leaves, blurred background.
/n/fs/wy-project/Diff-II/datasets/imb_flower_0.1/seed0/windflower/1371.jpg	The background is blurred green.
/n/fs/wy-project/Diff-II/datasets/imb_flower_0.1/seed0/windflower/1367.jpg	The background is green and blurred.
/n/fs/wy-project/Diff-II/datasets/imb_flower_0.1/seed0/tree_poppy/1208.jpg	The background is blurred greenery.
/n/fs/wy-project/Diff-II/datasets/imb_flower_0.1/seed0/tree_poppy/1213.jpg	Green, blurred, natural setting.
/n/fs/wy-project/Diff-II/datasets/imb_flower_0.1/seed0/tree_poppy/1217.jpg	The background is green foliage.
/n/fs/wy-project/Diff-II/datasets/imb_flower_0.1/seed0/tree_poppy/1214.jpg	Blurred green and brown.
/n/fs/wy-project/Diff-II/datasets/imb_flower_0.1/seed0/tree_poppy/1207.jpg	Dark, blurred.
/n/fs/wy-project/Diff-II/datasets/imb_flower_0.1/seed0/tree_poppy/1215.jpg	A flower with white petals and yellow center, surrounded by green foliage and blurred background.
/n/fs/wy-project/Diff-II/datasets/imb_flower_0.1/seed0/tree_poppy/1210.jpg	The background is green foliage.
/n/fs/wy-project/Diff-II/datasets/imb_flower_0.1/seed0/tree_poppy/1212.jpg	Green foliage.
/n/fs/wy-project/Diff-II/datasets/imb_flower_0.1/seed0/tree_poppy/1211.jpg	Green foliage.
/n/fs/wy-project/Diff-II/datasets/imb_flower_0.1/seed0/tree_poppy/1209.jpg	The background is blurred green foliage.
/n/fs/wy-project/Diff-II/datasets/imb_flower_0.1/seed0/tree_poppy/1216.jpg	The background is blurred with earthy tones and greenery.
/n/fs/wy-project/Diff-II/datasets/imb_flower_0.1/seed0/gazania/1045.jpg	Dark green leaves.
/n/fs/wy-project/Diff-II/datasets/imb_flower_0.1/seed0/gazania/1036.jpg	Green leaves and other flowers.
/n/fs/wy-project/Diff-II/datasets/imb_flower_0.1/seed0/gazania/1040.jpg	Green leaves and blurred background.
/n/fs/wy-project/Diff-II/datasets/imb_flower_0.1/seed0/gazania/1041.jpg	Green leaves and soil.
/n/fs/wy-project/Diff-II/datasets/imb_flower_0.1/seed0/gazania/1034.jpg	Dark green leaves.
/n/fs/wy-project/Diff-II/datasets/imb_flower_0.1/seed0/gazania/1038.jpg	Green leaves and soil.
/n/fs/wy-project/Diff-II/datasets/imb_flower_0.1/seed0/gazania/1046.jpg	Green leaves, blurred background.
/n/fs/wy-project/Diff-II/datasets/imb_flower_0.1/seed0/gazania/1044.jpg	Green leaves.
/n/fs/wy-project/Diff-II/datasets/imb_flower_0.1/seed0/gazania/1042.jpg	Green foliage.
/n/fs/wy-project/Diff-II/datasets/imb_flower_0.1/seed0/gazania/1047.jpg	Green grass and leaves.
/n/fs/wy-project/Diff-II/datasets/imb_flower_0.1/seed0/gazania/1033.jpg	Dark green foliage.
/n/fs/wy-project/Diff-II/datasets/imb_flower_0.1/seed0/gazania/1037.jpg	The background is green foliage.
/n/fs/wy-project/Diff-II/datasets/imb_flower_0.1/seed0/gazania/1035.jpg	Green leaves and brown soil.
/n/fs/wy-project/Diff-II/datasets/imb_flower_0.1/seed0/gazania/1039.jpg	Green leaves, soil, pebbles.
/n/fs/wy-project/Diff-II/datasets/imb_flower_0.1/seed0/gazania/1043.jpg	Green foliage, blurred background.
/n/fs/wy-project/Diff-II/datasets/imb_flower_0.1/seed0/azalea/720.jpg	Green leaves and blurred background.
/n/fs/wy-project/Diff-II/datasets/imb_flower_0.1/seed0/azalea/713.jpg	The background is blurred with green leaves and pink flowers.
/n/fs/wy-project/Diff-II/datasets/imb_flower_0.1/seed0/azalea/725.jpg	The background is green foliage.
/n/fs/wy-project/Diff-II/datasets/imb_flower_0.1/seed0/azalea/717.jpg	The background is blurred, with warm tones.
/n/fs/wy-project/Diff-II/datasets/imb_flower_0.1/seed0/azalea/714.jpg	The background is green foliage.
/n/fs/wy-project/Diff-II/datasets/imb_flower_0.1/seed0/azalea/728.jpg	The background is green foliage.
/n/fs/wy-project/Diff-II/datasets/imb_flower_0.1/seed0/azalea/712.jpg	The background is blurred green.
/n/fs/wy-project/Diff-II/datasets/imb_flower_0.1/seed0/azalea/722.jpg	The background is blurred green foliage.
/n/fs/wy-project/Diff-II/datasets/imb_flower_0.1/seed0/azalea/719.jpg	Green leaves, white wall, tree branches.
/n/fs/wy-project/Diff-II/datasets/imb_flower_0.1/seed0/azalea/710.jpg	The background is blurred green foliage.
/n/fs/wy-project/Diff-II/datasets/imb_flower_0.1/seed0/azalea/708.jpg	The background is blurred, with green foliage and a hint of brick wall.
/n/fs/wy-project/Diff-II/datasets/imb_flower_0.1/seed0/azalea/727.jpg	Blurred green and brown.
/n/fs/wy-project/Diff-II/datasets/imb_flower_0.1/seed0/azalea/726.jpg	The background includes green leaves and a white structure.
/n/fs/wy-project/Diff-II/datasets/imb_flower_0.1/seed0/azalea/715.jpg	The background is dark and blurred, emphasizing the flower.
/n/fs/wy-project/Diff-II/datasets/imb_flower_0.1/seed0/azalea/724.jpg	The background is green foliage.
/n/fs/wy-project/Diff-II/datasets/imb_flower_0.1/seed0/azalea/721.jpg	The background is blurred green foliage.
/n/fs/wy-project/Diff-II/datasets/imb_flower_0.1/seed0/azalea/711.jpg	The background is blurred green foliage.
/n/fs/wy-project/Diff-II/datasets/imb_flower_0.1/seed0/azalea/718.jpg	The background is green foliage.
/n/fs/wy-project/Diff-II/datasets/imb_flower_0.1/seed0/azalea/716.jpg	The background is blurred green foliage.
/n/fs/wy-project/Diff-II/datasets/imb_flower_0.1/seed0/azalea/723.jpg	Green foliage and blurred flowers.
/n/fs/wy-project/Diff-II/datasets/imb_flower_0.1/seed0/azalea/730.jpg	Green leaves and blurred background.
/n/fs/wy-project/Diff-II/datasets/imb_flower_0.1/seed0/azalea/729.jpg	The background is blurred with green leaves and rocks.
/n/fs/wy-project/Diff-II/datasets/imb_flower_0.1/seed0/azalea/709.jpg	The background is filled with more pink flowers and green leaves.
/n/fs/wy-project/Diff-II/datasets/imb_flower_0.1/seed0/water_lily/147.jpg	Water, plants, rocks.
/n/fs/wy-project/Diff-II/datasets/imb_flower_0.1/seed0/water_lily/134.jpg	Dark and shadowy.
/n/fs/wy-project/Diff-II/datasets/imb_flower_0.1/seed0/water_lily/127.jpg	Dark water with green leaves.
/n/fs/wy-project/Diff-II/datasets/imb_flower_0.1/seed0/water_lily/148.jpg	Green leaves and water.
/n/fs/wy-project/Diff-II/datasets/imb_flower_0.1/seed0/water_lily/132.jpg	The background is dark water with green leaves.
/n/fs/wy-project/Diff-II/datasets/imb_flower_0.1/seed0/water_lily/145.jpg	Green lily pads and water.
/n/fs/wy-project/Diff-II/datasets/imb_flower_0.1/seed0/water_lily/130.jpg	The background consists of dark green leaves with some yellow and brown spots.
/n/fs/wy-project/Diff-II/datasets/imb_flower_0.1/seed0/water_lily/139.jpg	Dark water with green leaves.
/n/fs/wy-project/Diff-II/datasets/imb_flower_0.1/seed0/water_lily/116.jpg	Green leaves and water.
/n/fs/wy-project/Diff-II/datasets/imb_flower_0.1/seed0/water_lily/146.jpg	Dark green leaves and water.
/n/fs/wy-project/Diff-II/datasets/imb_flower_0.1/seed0/water_lily/125.jpg	Dark water with lily pads.
/n/fs/wy-project/Diff-II/datasets/imb_flower_0.1/seed0/water_lily/121.jpg	Dark water with reflections.
/n/fs/wy-project/Diff-II/datasets/imb_flower_0.1/seed0/water_lily/118.jpg	Dark water with lily pads.
/n/fs/wy-project/Diff-II/datasets/imb_flower_0.1/seed0/water_lily/133.jpg	Dark green leaves.
/n/fs/wy-project/Diff-II/datasets/imb_flower_0.1/seed0/water_lily/151.jpg	Dark, green leaves.
/n/fs/wy-project/Diff-II/datasets/imb_flower_0.1/seed0/water_lily/122.jpg	The background is dark and leafy.
/n/fs/wy-project/Diff-II/datasets/imb_flower_0.1/seed0/water_lily/143.jpg	Water lily pads and water.
/n/fs/wy-project/Diff-II/datasets/imb_flower_0.1/seed0/water_lily/141.jpg	The background is green and water-like.
/n/fs/wy-project/Diff-II/datasets/imb_flower_0.1/seed0/water_lily/119.jpg	The background consists of green leaves and water.
/n/fs/wy-project/Diff-II/datasets/imb_flower_0.1/seed0/water_lily/144.jpg	Green lily pads on water.
/n/fs/wy-project/Diff-II/datasets/imb_flower_0.1/seed0/water_lily/124.jpg	Green leaves with water droplets.
/n/fs/wy-project/Diff-II/datasets/imb_flower_0.1/seed0/water_lily/135.jpg	Dark, green leaves.
/n/fs/wy-project/Diff-II/datasets/imb_flower_0.1/seed0/water_lily/149.jpg	Green leaves, water.
/n/fs/wy-project/Diff-II/datasets/imb_flower_0.1/seed0/water_lily/136.jpg	Green leaves, dark water.
/n/fs/wy-project/Diff-II/datasets/imb_flower_0.1/seed0/water_lily/150.jpg	Dark water with lily pads.
/n/fs/wy-project/Diff-II/datasets/imb_flower_0.1/seed0/water_lily/117.jpg	Green leaves, dark water.
/n/fs/wy-project/Diff-II/datasets/imb_flower_0.1/seed0/water_lily/140.jpg	Green leaves, water.
/n/fs/wy-project/Diff-II/datasets/imb_flower_0.1/seed0/water_lily/115.jpg	Water and lily pads.
/n/fs/wy-project/Diff-II/datasets/imb_flower_0.1/seed0/water_lily/123.jpg	The background is dark water with green leaves.
/n/fs/wy-project/Diff-II/datasets/imb_flower_0.1/seed0/water_lily/120.jpg	Water and leaves.
/n/fs/wy-project/Diff-II/datasets/imb_flower_0.1/seed0/water_lily/129.jpg	Dark water, green leaves.
/n/fs/wy-project/Diff-II/datasets/imb_flower_0.1/seed0/water_lily/131.jpg	Dark green leaves.
/n/fs/wy-project/Diff-II/datasets/imb_flower_0.1/seed0/water_lily/128.jpg	Dark, water-like surface.
/n/fs/wy-project/Diff-II/datasets/imb_flower_0.1/seed0/water_lily/138.jpg	Dark, blurred background.
/n/fs/wy-project/Diff-II/datasets/imb_flower_0.1/seed0/water_lily/137.jpg	Green leaves, water.
/n/fs/wy-project/Diff-II/datasets/imb_flower_0.1/seed0/water_lily/142.jpg	Dark green leaves and black background.
/n/fs/wy-project/Diff-II/datasets/imb_flower_0.1/seed0/water_lily/126.jpg	Dark water with green leaves.
/n/fs/wy-project/Diff-II/datasets/imb_flower_0.1/seed0/rose/205.jpg	Green leaves, blurred background.
/n/fs/wy-project/Diff-II/datasets/imb_flower_0.1/seed0/rose/214.jpg	Blurred greenery and soft focus.
/n/fs/wy-project/Diff-II/datasets/imb_flower_0.1/seed0/rose/209.jpg	A flower is set against a blurred, colorful background with hints of blue and white.
/n/fs/wy-project/Diff-II/datasets/imb_flower_0.1/seed0/rose/200.jpg	A flower with green leaves and a blurred brick wall.
/n/fs/wy-project/Diff-II/datasets/imb_flower_0.1/seed0/rose/206.jpg	Blurred, out-of-focus green and brown.
/n/fs/wy-project/Diff-II/datasets/imb_flower_0.1/seed0/rose/210.jpg	Green foliage.
/n/fs/wy-project/Diff-II/datasets/imb_flower_0.1/seed0/rose/213.jpg	Blurred green leaves.
/n/fs/wy-project/Diff-II/datasets/imb_flower_0.1/seed0/rose/202.jpg	Blurred, earthy tones.
/n/fs/wy-project/Diff-II/datasets/imb_flower_0.1/seed0/rose/192.jpg	Dark and blurred.
/n/fs/wy-project/Diff-II/datasets/imb_flower_0.1/seed0/rose/194.jpg	The background is blurred greenery and a concrete surface.
/n/fs/wy-project/Diff-II/datasets/imb_flower_0.1/seed0/rose/208.jpg	A flower against a brick wall.
/n/fs/wy-project/Diff-II/datasets/imb_flower_0.1/seed0/rose/188.jpg	Dark, blurred leaves.
/n/fs/wy-project/Diff-II/datasets/imb_flower_0.1/seed0/rose/219.jpg	Blurred green and brown.
/n/fs/wy-project/Diff-II/datasets/imb_flower_0.1/seed0/rose/221.jpg	Green, blurred background.
/n/fs/wy-project/Diff-II/datasets/imb_flower_0.1/seed0/rose/212.jpg	A flower against a brick wall with green leaves.
/n/fs/wy-project/Diff-II/datasets/imb_flower_0.1/seed0/rose/199.jpg	Dark, blurred background.
/n/fs/wy-project/Diff-II/datasets/imb_flower_0.1/seed0/rose/215.jpg	Blurred greenery and other flowers.
/n/fs/wy-project/Diff-II/datasets/imb_flower_0.1/seed0/rose/191.jpg	Dark, blurred.
/n/fs/wy-project/Diff-II/datasets/imb_flower_0.1/seed0/rose/222.jpg	Blurred green foliage.
/n/fs/wy-project/Diff-II/datasets/imb_flower_0.1/seed0/rose/201.jpg	Green leaves, blurred background.
/n/fs/wy-project/Diff-II/datasets/imb_flower_0.1/seed0/rose/220.jpg	Blurred green and red.
/n/fs/wy-project/Diff-II/datasets/imb_flower_0.1/seed0/rose/196.jpg	Blurred green leaves.
/n/fs/wy-project/Diff-II/datasets/imb_flower_0.1/seed0/rose/211.jpg	The background is blurred green foliage.
/n/fs/wy-project/Diff-II/datasets/imb_flower_0.1/seed0/rose/204.jpg	The background is blurred, dark, and out of focus.
/n/fs/wy-project/Diff-II/datasets/imb_flower_0.1/seed0/rose/193.jpg	Green, blurred background.
/n/fs/wy-project/Diff-II/datasets/imb_flower_0.1/seed0/rose/217.jpg	Dark, blurred green leaves.
/n/fs/wy-project/Diff-II/datasets/imb_flower_0.1/seed0/rose/189.jpg	The background is blurred and indistinct.
/n/fs/wy-project/Diff-II/datasets/imb_flower_0.1/seed0/rose/207.jpg	Blurred greenery.
/n/fs/wy-project/Diff-II/datasets/imb_flower_0.1/seed0/rose/218.jpg	The background is blurred and dark.
/n/fs/wy-project/Diff-II/datasets/imb_flower_0.1/seed0/rose/190.jpg	Blurred green foliage.
/n/fs/wy-project/Diff-II/datasets/imb_flower_0.1/seed0/rose/197.jpg	Blurred, reddish-brown.
/n/fs/wy-project/Diff-II/datasets/imb_flower_0.1/seed0/rose/203.jpg	Green leaves and stems.
/n/fs/wy-project/Diff-II/datasets/imb_flower_0.1/seed0/rose/216.jpg	Green leaves and blurred background.
/n/fs/wy-project/Diff-II/datasets/imb_flower_0.1/seed0/rose/198.jpg	A flower is surrounded by green foliage and blurred pink blossoms.
/n/fs/wy-project/Diff-II/datasets/imb_flower_0.1/seed0/rose/195.jpg	The background is black.
/n/fs/wy-project/Diff-II/datasets/imb_flower_0.1/seed0/thorn_apple/480.jpg	Green leaves, brick path.
/n/fs/wy-project/Diff-II/datasets/imb_flower_0.1/seed0/thorn_apple/493.jpg	A flower against a brick wall with green foliage.
/n/fs/wy-project/Diff-II/datasets/imb_flower_0.1/seed0/thorn_apple/479.jpg	Dark, wooden fence.
/n/fs/wy-project/Diff-II/datasets/imb_flower_0.1/seed0/thorn_apple/477.jpg	The background is dark.
/n/fs/wy-project/Diff-II/datasets/imb_flower_0.1/seed0/thorn_apple/500.jpg	Dark green leaves.
/n/fs/wy-project/Diff-II/datasets/imb_flower_0.1/seed0/thorn_apple/486.jpg	The background is earthy and natural, with green leaves and brown soil.
/n/fs/wy-project/Diff-II/datasets/imb_flower_0.1/seed0/thorn_apple/502.jpg	Green leaves and stems.
/n/fs/wy-project/Diff-II/datasets/imb_flower_0.1/seed0/thorn_apple/490.jpg	The background is a mix of green leaves, brown twigs, and soil.
/n/fs/wy-project/Diff-II/datasets/imb_flower_0.1/seed0/thorn_apple/492.jpg	Green leaves.
/n/fs/wy-project/Diff-II/datasets/imb_flower_0.1/seed0/thorn_apple/494.jpg	Green leaves, dark soil.
/n/fs/wy-project/Diff-II/datasets/imb_flower_0.1/seed0/thorn_apple/483.jpg	Green foliage, dewy leaves.
/n/fs/wy-project/Diff-II/datasets/imb_flower_0.1/seed0/thorn_apple/499.jpg	Dark green leaves surround 'a flower'.
/n/fs/wy-project/Diff-II/datasets/imb_flower_0.1/seed0/thorn_apple/476.jpg	Green leaves and wooden structure.
/n/fs/wy-project/Diff-II/datasets/imb_flower_0.1/seed0/thorn_apple/475.jpg	Dark green foliage.
/n/fs/wy-project/Diff-II/datasets/imb_flower_0.1/seed0/thorn_apple/491.jpg	The background includes green foliage and a white lattice fence.
/n/fs/wy-project/Diff-II/datasets/imb_flower_0.1/seed0/thorn_apple/488.jpg	The background consists of green leaves and stems.
/n/fs/wy-project/Diff-II/datasets/imb_flower_0.1/seed0/thorn_apple/478.jpg	The background is green foliage with some yellow flowers.
/n/fs/wy-project/Diff-II/datasets/imb_flower_0.1/seed0/thorn_apple/498.jpg	Dark green leaves.
/n/fs/wy-project/Diff-II/datasets/imb_flower_0.1/seed0/thorn_apple/481.jpg	A flower against a brick wall.
/n/fs/wy-project/Diff-II/datasets/imb_flower_0.1/seed0/thorn_apple/489.jpg	The background is dark.
/n/fs/wy-project/Diff-II/datasets/imb_flower_0.1/seed0/thorn_apple/497.jpg	Dark green foliage.
/n/fs/wy-project/Diff-II/datasets/imb_flower_0.1/seed0/thorn_apple/501.jpg	Dark green leaves.
/n/fs/wy-project/Diff-II/datasets/imb_flower_0.1/seed0/thorn_apple/487.jpg	Green leaves and stems.
/n/fs/wy-project/Diff-II/datasets/imb_flower_0.1/seed0/thorn_apple/495.jpg	Dark, leafy background.
/n/fs/wy-project/Diff-II/datasets/imb_flower_0.1/seed0/thorn_apple/496.jpg	Green leaves and sunlight.
/n/fs/wy-project/Diff-II/datasets/imb_flower_0.1/seed0/thorn_apple/482.jpg	Green foliage, brick path.
/n/fs/wy-project/Diff-II/datasets/imb_flower_0.1/seed0/thorn_apple/484.jpg	The background is green foliage and soil.
/n/fs/wy-project/Diff-II/datasets/imb_flower_0.1/seed0/thorn_apple/485.jpg	The background is dark and earthy.
/n/fs/wy-project/Diff-II/datasets/imb_flower_0.1/seed0/morning_glory/645.jpg	Green leaves and sunlight.
/n/fs/wy-project/Diff-II/datasets/imb_flower_0.1/seed0/morning_glory/659.jpg	Green leaves surround a flower.
/n/fs/wy-project/Diff-II/datasets/imb_flower_0.1/seed0/morning_glory/648.jpg	Blurred green and brown.
/n/fs/wy-project/Diff-II/datasets/imb_flower_0.1/seed0/morning_glory/647.jpg	Green leaves.
/n/fs/wy-project/Diff-II/datasets/imb_flower_0.1/seed0/morning_glory/649.jpg	Green grass and leaves.
/n/fs/wy-project/Diff-II/datasets/imb_flower_0.1/seed0/morning_glory/641.jpg	The background is soil and twigs.
/n/fs/wy-project/Diff-II/datasets/imb_flower_0.1/seed0/morning_glory/642.jpg	A flower with a blurred green and brown background.
/n/fs/wy-project/Diff-II/datasets/imb_flower_0.1/seed0/morning_glory/654.jpg	A flower with a blurred, light-filled background.
/n/fs/wy-project/Diff-II/datasets/imb_flower_0.1/seed0/morning_glory/637.jpg	Green leaves and blurred background.
/n/fs/wy-project/Diff-II/datasets/imb_flower_0.1/seed0/morning_glory/646.jpg	Green leaves.
/n/fs/wy-project/Diff-II/datasets/imb_flower_0.1/seed0/morning_glory/651.jpg	Green foliage.
/n/fs/wy-project/Diff-II/datasets/imb_flower_0.1/seed0/morning_glory/639.jpg	Green leaves and stems.
/n/fs/wy-project/Diff-II/datasets/imb_flower_0.1/seed0/morning_glory/644.jpg	Green leaves and sunlight.
/n/fs/wy-project/Diff-II/datasets/imb_flower_0.1/seed0/morning_glory/643.jpg	Green foliage, blurred background.
/n/fs/wy-project/Diff-II/datasets/imb_flower_0.1/seed0/morning_glory/655.jpg	Green leaves.
/n/fs/wy-project/Diff-II/datasets/imb_flower_0.1/seed0/morning_glory/635.jpg	Green leaves surround a flower.
/n/fs/wy-project/Diff-II/datasets/imb_flower_0.1/seed0/morning_glory/640.jpg	Green leaves and vines.
/n/fs/wy-project/Diff-II/datasets/imb_flower_0.1/seed0/morning_glory/638.jpg	Green leaves, blurred background.
/n/fs/wy-project/Diff-II/datasets/imb_flower_0.1/seed0/morning_glory/657.jpg	The background is blurred, with green and dark tones.
/n/fs/wy-project/Diff-II/datasets/imb_flower_0.1/seed0/morning_glory/652.jpg	A flower with a wooden backdrop.
/n/fs/wy-project/Diff-II/datasets/imb_flower_0.1/seed0/morning_glory/636.jpg	The background is blurred green foliage.
/n/fs/wy-project/Diff-II/datasets/imb_flower_0.1/seed0/morning_glory/650.jpg	Green foliage and blurred background.
/n/fs/wy-project/Diff-II/datasets/imb_flower_0.1/seed0/morning_glory/658.jpg	Green leaves, yellow flowers.
/n/fs/wy-project/Diff-II/datasets/imb_flower_0.1/seed0/morning_glory/653.jpg	The background consists of green leaves and another purple flower.
/n/fs/wy-project/Diff-II/datasets/imb_flower_0.1/seed0/morning_glory/656.jpg	Green foliage, rusty metal.
/n/fs/wy-project/Diff-II/datasets/imb_flower_0.1/seed0/passion_flower/61.jpg	The background is blurred, with hints of greenery and a hint of red.
/n/fs/wy-project/Diff-II/datasets/imb_flower_0.1/seed0/passion_flower/70.jpg	Green leaves and blurred background.
/n/fs/wy-project/Diff-II/datasets/imb_flower_0.1/seed0/passion_flower/51.jpg	Green leaves, blurred background.
/n/fs/wy-project/Diff-II/datasets/imb_flower_0.1/seed0/passion_flower/40.jpg	The background is green and blurred.
/n/fs/wy-project/Diff-II/datasets/imb_flower_0.1/seed0/passion_flower/41.jpg	Green leaves, white lattice.
/n/fs/wy-project/Diff-II/datasets/imb_flower_0.1/seed0/passion_flower/55.jpg	The background consists of green leaves and soil.
/n/fs/wy-project/Diff-II/datasets/imb_flower_0.1/seed0/passion_flower/66.jpg	Green leaves.
/n/fs/wy-project/Diff-II/datasets/imb_flower_0.1/seed0/passion_flower/53.jpg	The background is green foliage.
/n/fs/wy-project/Diff-II/datasets/imb_flower_0.1/seed0/passion_flower/54.jpg	Green leaves, blurred background.
/n/fs/wy-project/Diff-II/datasets/imb_flower_0.1/seed0/passion_flower/52.jpg	Green leaves.
/n/fs/wy-project/Diff-II/datasets/imb_flower_0.1/seed0/passion_flower/69.jpg	The background is green foliage.
/n/fs/wy-project/Diff-II/datasets/imb_flower_0.1/seed0/passion_flower/72.jpg	A flower against a clear blue sky.
/n/fs/wy-project/Diff-II/datasets/imb_flower_0.1/seed0/passion_flower/59.jpg	Green leaves and soil.
/n/fs/wy-project/Diff-II/datasets/imb_flower_0.1/seed0/passion_flower/68.jpg	Green leaves and buds.
/n/fs/wy-project/Diff-II/datasets/imb_flower_0.1/seed0/passion_flower/60.jpg	Green leaves and blurred background.
/n/fs/wy-project/Diff-II/datasets/imb_flower_0.1/seed0/passion_flower/39.jpg	Green leaves and vines.
/n/fs/wy-project/Diff-II/datasets/imb_flower_0.1/seed0/passion_flower/67.jpg	The background is dark green foliage.
/n/fs/wy-project/Diff-II/datasets/imb_flower_0.1/seed0/passion_flower/48.jpg	A flower with green leaves and blurred background.
/n/fs/wy-project/Diff-II/datasets/imb_flower_0.1/seed0/passion_flower/71.jpg	A flower with green leaves and red brick wall.
/n/fs/wy-project/Diff-II/datasets/imb_flower_0.1/seed0/passion_flower/57.jpg	Green leaves and vines.
/n/fs/wy-project/Diff-II/datasets/imb_flower_0.1/seed0/passion_flower/49.jpg	The background is blurred, with hints of green and brown.
/n/fs/wy-project/Diff-II/datasets/imb_flower_0.1/seed0/passion_flower/62.jpg	The background is green foliage.
/n/fs/wy-project/Diff-II/datasets/imb_flower_0.1/seed0/passion_flower/42.jpg	A flower with green leaves and a white lattice backdrop.
/n/fs/wy-project/Diff-II/datasets/imb_flower_0.1/seed0/passion_flower/47.jpg	Blurred green leaves and brown stems.
/n/fs/wy-project/Diff-II/datasets/imb_flower_0.1/seed0/passion_flower/46.jpg	Green leaves and blurred background.
/n/fs/wy-project/Diff-II/datasets/imb_flower_0.1/seed0/passion_flower/45.jpg	Green leaves and blurred background.
/n/fs/wy-project/Diff-II/datasets/imb_flower_0.1/seed0/passion_flower/58.jpg	Green leaves, blurred background.
/n/fs/wy-project/Diff-II/datasets/imb_flower_0.1/seed0/passion_flower/65.jpg	The background is green foliage.
/n/fs/wy-project/Diff-II/datasets/imb_flower_0.1/seed0/passion_flower/76.jpg	The background consists of green leaves and stems.
/n/fs/wy-project/Diff-II/datasets/imb_flower_0.1/seed0/passion_flower/43.jpg	Green leaves.
/n/fs/wy-project/Diff-II/datasets/imb_flower_0.1/seed0/passion_flower/44.jpg	The background is dark and out of focus, highlighting the flower.
/n/fs/wy-project/Diff-II/datasets/imb_flower_0.1/seed0/passion_flower/50.jpg	A flower with green leaves and a wooden structure behind it.
/n/fs/wy-project/Diff-II/datasets/imb_flower_0.1/seed0/passion_flower/75.jpg	The background consists of green leaves and stems.
/n/fs/wy-project/Diff-II/datasets/imb_flower_0.1/seed0/passion_flower/63.jpg	Green leaves.
/n/fs/wy-project/Diff-II/datasets/imb_flower_0.1/seed0/passion_flower/73.jpg	Green leaves and grass.
/n/fs/wy-project/Diff-II/datasets/imb_flower_0.1/seed0/passion_flower/74.jpg	Green leaves and blurred background.
/n/fs/wy-project/Diff-II/datasets/imb_flower_0.1/seed0/passion_flower/64.jpg	The background is blurred, with hints of green and beige tones.
/n/fs/wy-project/Diff-II/datasets/imb_flower_0.1/seed0/passion_flower/56.jpg	The background is blurred greenery.
/n/fs/wy-project/Diff-II/datasets/imb_flower_0.1/seed0/lotus/331.jpg	Green grass and leaves.
/n/fs/wy-project/Diff-II/datasets/imb_flower_0.1/seed0/lotus/346.jpg	The background consists of green leaves.
/n/fs/wy-project/Diff-II/datasets/imb_flower_0.1/seed0/lotus/325.jpg	Green leaves, blurred background.
/n/fs/wy-project/Diff-II/datasets/imb_flower_0.1/seed0/lotus/349.jpg	Cloudy sky.
/n/fs/wy-project/Diff-II/datasets/imb_flower_0.1/seed0/lotus/335.jpg	Blurred green and brown.
/n/fs/wy-project/Diff-II/datasets/imb_flower_0.1/seed0/lotus/324.jpg	A flower is surrounded by green leaves and water.
/n/fs/wy-project/Diff-II/datasets/imb_flower_0.1/seed0/lotus/330.jpg	The background consists of green leaves and stems.
/n/fs/wy-project/Diff-II/datasets/imb_flower_0.1/seed0/lotus/347.jpg	Clear blue sky.
/n/fs/wy-project/Diff-II/datasets/imb_flower_0.1/seed0/lotus/352.jpg	The background is blurred green leaves.
/n/fs/wy-project/Diff-II/datasets/imb_flower_0.1/seed0/lotus/345.jpg	Blurred green and brown.
/n/fs/wy-project/Diff-II/datasets/imb_flower_0.1/seed0/lotus/329.jpg	Blurred green and brown.
/n/fs/wy-project/Diff-II/datasets/imb_flower_0.1/seed0/lotus/343.jpg	Blurred green leaves and soft focus.
/n/fs/wy-project/Diff-II/datasets/imb_flower_0.1/seed0/lotus/336.jpg	A flower with blurred greenery and hills.
/n/fs/wy-project/Diff-II/datasets/imb_flower_0.1/seed0/lotus/323.jpg	The background is blurred green foliage.
/n/fs/wy-project/Diff-II/datasets/imb_flower_0.1/seed0/lotus/354.jpg	The background is green foliage.
/n/fs/wy-project/Diff-II/datasets/imb_flower_0.1/seed0/lotus/348.jpg	The background consists of green leaves and stems.
/n/fs/wy-project/Diff-II/datasets/imb_flower_0.1/seed0/lotus/353.jpg	Blurred green leaves.
/n/fs/wy-project/Diff-II/datasets/imb_flower_0.1/seed0/lotus/342.jpg	The background is blurred green foliage.
/n/fs/wy-project/Diff-II/datasets/imb_flower_0.1/seed0/lotus/338.jpg	Green leaves and blurred background.
/n/fs/wy-project/Diff-II/datasets/imb_flower_0.1/seed0/lotus/327.jpg	Green leaves and grass.
/n/fs/wy-project/Diff-II/datasets/imb_flower_0.1/seed0/lotus/340.jpg	A flower with green leaves and water.
/n/fs/wy-project/Diff-II/datasets/imb_flower_0.1/seed0/lotus/326.jpg	The background consists of green leaves.
/n/fs/wy-project/Diff-II/datasets/imb_flower_0.1/seed0/lotus/350.jpg	The background is blurred green foliage.
/n/fs/wy-project/Diff-II/datasets/imb_flower_0.1/seed0/lotus/339.jpg	The background is green foliage.
/n/fs/wy-project/Diff-II/datasets/imb_flower_0.1/seed0/lotus/344.jpg	Blurred green leaves.
/n/fs/wy-project/Diff-II/datasets/imb_flower_0.1/seed0/lotus/333.jpg	Green leaves and water.
/n/fs/wy-project/Diff-II/datasets/imb_flower_0.1/seed0/lotus/337.jpg	Green leaves and stems.
/n/fs/wy-project/Diff-II/datasets/imb_flower_0.1/seed0/lotus/332.jpg	The background is green and blurred, with leaves surrounding 'a flower'.
/n/fs/wy-project/Diff-II/datasets/imb_flower_0.1/seed0/lotus/334.jpg	Green leaves.
/n/fs/wy-project/Diff-II/datasets/imb_flower_0.1/seed0/lotus/351.jpg	Blurred green leaves.
/n/fs/wy-project/Diff-II/datasets/imb_flower_0.1/seed0/lotus/328.jpg	Green leaves.
/n/fs/wy-project/Diff-II/datasets/imb_flower_0.1/seed0/lotus/341.jpg	Green leaves.
/n/fs/wy-project/Diff-II/datasets/imb_flower_0.1/seed0/toad_lily/1531.jpg	Green leaves and blurred background.
/n/fs/wy-project/Diff-II/datasets/imb_flower_0.1/seed0/toad_lily/1529.jpg	The background is green and blurred.
/n/fs/wy-project/Diff-II/datasets/imb_flower_0.1/seed0/toad_lily/1530.jpg	A flower with spotted petals and a green stem is held in a hand.
/n/fs/wy-project/Diff-II/datasets/imb_flower_0.1/seed0/anthurium/673.jpg	The background consists of green leaves and stems.
/n/fs/wy-project/Diff-II/datasets/imb_flower_0.1/seed0/anthurium/668.jpg	Dark, blurred leaves.
/n/fs/wy-project/Diff-II/datasets/imb_flower_0.1/seed0/anthurium/661.jpg	Green leaves and sunlight.
/n/fs/wy-project/Diff-II/datasets/imb_flower_0.1/seed0/anthurium/682.jpg	Green leaves, blurred background.
/n/fs/wy-project/Diff-II/datasets/imb_flower_0.1/seed0/anthurium/677.jpg	Dark, blurred leaves.
/n/fs/wy-project/Diff-II/datasets/imb_flower_0.1/seed0/anthurium/674.jpg	Green leaves and red flowers.
/n/fs/wy-project/Diff-II/datasets/imb_flower_0.1/seed0/anthurium/667.jpg	A flower is set against a backdrop of trees and foliage, suggesting a natural, forested environment.
/n/fs/wy-project/Diff-II/datasets/imb_flower_0.1/seed0/anthurium/666.jpg	The background consists of green leaves and a wooden surface.
/n/fs/wy-project/Diff-II/datasets/imb_flower_0.1/seed0/anthurium/671.jpg	The background is green foliage.
/n/fs/wy-project/Diff-II/datasets/imb_flower_0.1/seed0/anthurium/662.jpg	The background is green foliage.
/n/fs/wy-project/Diff-II/datasets/imb_flower_0.1/seed0/anthurium/679.jpg	Dark, blurred background.
/n/fs/wy-project/Diff-II/datasets/imb_flower_0.1/seed0/anthurium/665.jpg	The background is green foliage.
/n/fs/wy-project/Diff-II/datasets/imb_flower_0.1/seed0/anthurium/664.jpg	The background consists of green leaves.
/n/fs/wy-project/Diff-II/datasets/imb_flower_0.1/seed0/anthurium/676.jpg	The background is plain white.
/n/fs/wy-project/Diff-II/datasets/imb_flower_0.1/seed0/anthurium/681.jpg	Green leaves and brown pots.
/n/fs/wy-project/Diff-II/datasets/imb_flower_0.1/seed0/anthurium/669.jpg	Green leaves and blurred red flowers.
/n/fs/wy-project/Diff-II/datasets/imb_flower_0.1/seed0/anthurium/672.jpg	Green leaves and blurred background.
/n/fs/wy-project/Diff-II/datasets/imb_flower_0.1/seed0/anthurium/675.jpg	Green leaves.
/n/fs/wy-project/Diff-II/datasets/imb_flower_0.1/seed0/anthurium/683.jpg	The background consists of dark green leaves.
/n/fs/wy-project/Diff-II/datasets/imb_flower_0.1/seed0/anthurium/680.jpg	Dark green leaves.
/n/fs/wy-project/Diff-II/datasets/imb_flower_0.1/seed0/anthurium/678.jpg	The flower is set against a blue textured background.
/n/fs/wy-project/Diff-II/datasets/imb_flower_0.1/seed0/anthurium/670.jpg	Blurred greenery and pathway.
/n/fs/wy-project/Diff-II/datasets/imb_flower_0.1/seed0/anthurium/660.jpg	Green foliage.
/n/fs/wy-project/Diff-II/datasets/imb_flower_0.1/seed0/anthurium/663.jpg	The background is plain white.
/n/fs/wy-project/Diff-II/datasets/imb_flower_0.1/seed0/frangipani/251.jpg	The background is blurred green foliage.
/n/fs/wy-project/Diff-II/datasets/imb_flower_0.1/seed0/frangipani/234.jpg	Green leaves and blurred background.
/n/fs/wy-project/Diff-II/datasets/imb_flower_0.1/seed0/frangipani/240.jpg	The background is green foliage.
/n/fs/wy-project/Diff-II/datasets/imb_flower_0.1/seed0/frangipani/248.jpg	Dark green leaves and blurred flowers.
/n/fs/wy-project/Diff-II/datasets/imb_flower_0.1/seed0/frangipani/245.jpg	A flower on a dark blue background.
/n/fs/wy-project/Diff-II/datasets/imb_flower_0.1/seed0/frangipani/242.jpg	The background is grassy with blurred flowers.
/n/fs/wy-project/Diff-II/datasets/imb_flower_0.1/seed0/frangipani/224.jpg	The background is green foliage.
/n/fs/wy-project/Diff-II/datasets/imb_flower_0.1/seed0/frangipani/241.jpg	The background is green foliage.
/n/fs/wy-project/Diff-II/datasets/imb_flower_0.1/seed0/frangipani/227.jpg	The background is blurred green foliage.
/n/fs/wy-project/Diff-II/datasets/imb_flower_0.1/seed0/frangipani/253.jpg	Green leaves and blurred background.
/n/fs/wy-project/Diff-II/datasets/imb_flower_0.1/seed0/frangipani/235.jpg	Green leaves and blurred foliage.
/n/fs/wy-project/Diff-II/datasets/imb_flower_0.1/seed0/frangipani/236.jpg	The background is blurred green foliage.
/n/fs/wy-project/Diff-II/datasets/imb_flower_0.1/seed0/frangipani/250.jpg	A flower against a clear blue sky.
/n/fs/wy-project/Diff-II/datasets/imb_flower_0.1/seed0/frangipani/244.jpg	Dark green leaves.
/n/fs/wy-project/Diff-II/datasets/imb_flower_0.1/seed0/frangipani/238.jpg	The background is green foliage.
/n/fs/wy-project/Diff-II/datasets/imb_flower_0.1/seed0/frangipani/225.jpg	The background is blurred green foliage.
/n/fs/wy-project/Diff-II/datasets/imb_flower_0.1/seed0/frangipani/233.jpg	The background is blurred with greenery and flowers.
/n/fs/wy-project/Diff-II/datasets/imb_flower_0.1/seed0/frangipani/247.jpg	The background consists of green leaves and stems.
/n/fs/wy-project/Diff-II/datasets/imb_flower_0.1/seed0/frangipani/255.jpg	The background is green foliage.
/n/fs/wy-project/Diff-II/datasets/imb_flower_0.1/seed0/frangipani/243.jpg	Green leaves and branches.
/n/fs/wy-project/Diff-II/datasets/imb_flower_0.1/seed0/frangipani/230.jpg	Green leaves and stems.
/n/fs/wy-project/Diff-II/datasets/imb_flower_0.1/seed0/frangipani/237.jpg	The background is dark and blurred, highlighting the flower.
/n/fs/wy-project/Diff-II/datasets/imb_flower_0.1/seed0/frangipani/246.jpg	Green foliage.
/n/fs/wy-project/Diff-II/datasets/imb_flower_0.1/seed0/frangipani/231.jpg	Dark green and blurred.
/n/fs/wy-project/Diff-II/datasets/imb_flower_0.1/seed0/frangipani/223.jpg	Green leaves.
/n/fs/wy-project/Diff-II/datasets/imb_flower_0.1/seed0/frangipani/256.jpg	The background consists of green leaves and a tree trunk.
/n/fs/wy-project/Diff-II/datasets/imb_flower_0.1/seed0/frangipani/229.jpg	Dark green leaves.
/n/fs/wy-project/Diff-II/datasets/imb_flower_0.1/seed0/frangipani/254.jpg	The background is green foliage.
/n/fs/wy-project/Diff-II/datasets/imb_flower_0.1/seed0/frangipani/226.jpg	Green leaves with dew.
/n/fs/wy-project/Diff-II/datasets/imb_flower_0.1/seed0/frangipani/252.jpg	The background is green foliage.
/n/fs/wy-project/Diff-II/datasets/imb_flower_0.1/seed0/frangipani/232.jpg	The background is green foliage and branches.
/n/fs/wy-project/Diff-II/datasets/imb_flower_0.1/seed0/frangipani/249.jpg	The background is green foliage.
/n/fs/wy-project/Diff-II/datasets/imb_flower_0.1/seed0/frangipani/228.jpg	The background is blurred with green and brown tones.
/n/fs/wy-project/Diff-II/datasets/imb_flower_0.1/seed0/frangipani/239.jpg	The background consists of green leaves and branches.
/n/fs/wy-project/Diff-II/datasets/imb_flower_0.1/seed0/clematis/531.jpg	Green leaves and buds.
/n/fs/wy-project/Diff-II/datasets/imb_flower_0.1/seed0/clematis/557.jpg	Green leaves, blurred background.
/n/fs/wy-project/Diff-II/datasets/imb_flower_0.1/seed0/clematis/540.jpg	Green leaves and blurred background.
/n/fs/wy-project/Diff-II/datasets/imb_flower_0.1/seed0/clematis/542.jpg	Green leaves and blurred background.
/n/fs/wy-project/Diff-II/datasets/imb_flower_0.1/seed0/clematis/537.jpg	Dark green leaves.
/n/fs/wy-project/Diff-II/datasets/imb_flower_0.1/seed0/clematis/549.jpg	Green leaves and vines.
/n/fs/wy-project/Diff-II/datasets/imb_flower_0.1/seed0/clematis/556.jpg	A flower with green leaves and a wooden fence.
/n/fs/wy-project/Diff-II/datasets/imb_flower_0.1/seed0/clematis/543.jpg	The background is green foliage.
/n/fs/wy-project/Diff-II/datasets/imb_flower_0.1/seed0/clematis/554.jpg	The background is green foliage.
/n/fs/wy-project/Diff-II/datasets/imb_flower_0.1/seed0/clematis/534.jpg	The background is green foliage.
/n/fs/wy-project/Diff-II/datasets/imb_flower_0.1/seed0/clematis/548.jpg	Green leaves and blurred wall.
/n/fs/wy-project/Diff-II/datasets/imb_flower_0.1/seed0/clematis/538.jpg	The background is green foliage and dark soil.
/n/fs/wy-project/Diff-II/datasets/imb_flower_0.1/seed0/clematis/550.jpg	The background consists of green leaves and a wooden structure.
/n/fs/wy-project/Diff-II/datasets/imb_flower_0.1/seed0/clematis/552.jpg	The background is blurred with green leaves and brown tones.
/n/fs/wy-project/Diff-II/datasets/imb_flower_0.1/seed0/clematis/535.jpg	The background is a green pot with soil and leaves.
/n/fs/wy-project/Diff-II/datasets/imb_flower_0.1/seed0/clematis/532.jpg	A flower against a brick wall.
/n/fs/wy-project/Diff-II/datasets/imb_flower_0.1/seed0/clematis/546.jpg	The background is blurred greenery.
/n/fs/wy-project/Diff-II/datasets/imb_flower_0.1/seed0/clematis/541.jpg	A flower with green leaves and fence.
/n/fs/wy-project/Diff-II/datasets/imb_flower_0.1/seed0/clematis/536.jpg	Green leaves and blurred background.
/n/fs/wy-project/Diff-II/datasets/imb_flower_0.1/seed0/clematis/539.jpg	The background is dark green foliage.
/n/fs/wy-project/Diff-II/datasets/imb_flower_0.1/seed0/clematis/553.jpg	Green leaves.
/n/fs/wy-project/Diff-II/datasets/imb_flower_0.1/seed0/clematis/547.jpg	The background is green foliage.
/n/fs/wy-project/Diff-II/datasets/imb_flower_0.1/seed0/clematis/551.jpg	A flower is set against a wooden lattice backdrop with green leaves.
/n/fs/wy-project/Diff-II/datasets/imb_flower_0.1/seed0/clematis/533.jpg	The background consists of green leaves and soil.
/n/fs/wy-project/Diff-II/datasets/imb_flower_0.1/seed0/clematis/555.jpg	A flower against wooden backdrop.
/n/fs/wy-project/Diff-II/datasets/imb_flower_0.1/seed0/clematis/545.jpg	Wooden fence, green leaves.
/n/fs/wy-project/Diff-II/datasets/imb_flower_0.1/seed0/clematis/544.jpg	Green leaves and soil.
/n/fs/wy-project/Diff-II/datasets/imb_flower_0.1/seed0/hibiscus/405.jpg	Green leaves and sunlight.
/n/fs/wy-project/Diff-II/datasets/imb_flower_0.1/seed0/hibiscus/394.jpg	Green leaves and blurred flowers.
/n/fs/wy-project/Diff-II/datasets/imb_flower_0.1/seed0/hibiscus/390.jpg	The background is blurred green foliage.
/n/fs/wy-project/Diff-II/datasets/imb_flower_0.1/seed0/hibiscus/413.jpg	The background is blurred with greenery and earth tones.
/n/fs/wy-project/Diff-II/datasets/imb_flower_0.1/seed0/hibiscus/402.jpg	Green leaves and blurred background.
/n/fs/wy-project/Diff-II/datasets/imb_flower_0.1/seed0/hibiscus/407.jpg	Dark green foliage, soil, white object.
/n/fs/wy-project/Diff-II/datasets/imb_flower_0.1/seed0/hibiscus/401.jpg	Green leaves.
/n/fs/wy-project/Diff-II/datasets/imb_flower_0.1/seed0/hibiscus/400.jpg	Green leaves and blurred background.
/n/fs/wy-project/Diff-II/datasets/imb_flower_0.1/seed0/hibiscus/396.jpg	Dark green leaves.
/n/fs/wy-project/Diff-II/datasets/imb_flower_0.1/seed0/hibiscus/399.jpg	The background is blurred green foliage.
/n/fs/wy-project/Diff-II/datasets/imb_flower_0.1/seed0/hibiscus/392.jpg	The background is dark with green leaves.
/n/fs/wy-project/Diff-II/datasets/imb_flower_0.1/seed0/hibiscus/389.jpg	Green leaves, pink wall.
/n/fs/wy-project/Diff-II/datasets/imb_flower_0.1/seed0/hibiscus/403.jpg	Blurred greenery and flowers.
/n/fs/wy-project/Diff-II/datasets/imb_flower_0.1/seed0/hibiscus/410.jpg	Green leaves and buds surround 'a flower'.
/n/fs/wy-project/Diff-II/datasets/imb_flower_0.1/seed0/hibiscus/412.jpg	Green leaves and blurred background.
/n/fs/wy-project/Diff-II/datasets/imb_flower_0.1/seed0/hibiscus/411.jpg	Green leaves, blurred background.
/n/fs/wy-project/Diff-II/datasets/imb_flower_0.1/seed0/hibiscus/404.jpg	The background is green foliage and blurred structures.
/n/fs/wy-project/Diff-II/datasets/imb_flower_0.1/seed0/hibiscus/414.jpg	Green foliage and buds surround 'a flower'.
/n/fs/wy-project/Diff-II/datasets/imb_flower_0.1/seed0/hibiscus/397.jpg	Blurred green and yellow.
/n/fs/wy-project/Diff-II/datasets/imb_flower_0.1/seed0/hibiscus/391.jpg	Green leaves, blurred background.
/n/fs/wy-project/Diff-II/datasets/imb_flower_0.1/seed0/hibiscus/406.jpg	The background is green foliage.
/n/fs/wy-project/Diff-II/datasets/imb_flower_0.1/seed0/hibiscus/395.jpg	Green leaves and stems.
/n/fs/wy-project/Diff-II/datasets/imb_flower_0.1/seed0/hibiscus/408.jpg	The background is green foliage.
/n/fs/wy-project/Diff-II/datasets/imb_flower_0.1/seed0/hibiscus/415.jpg	The background is green foliage and branches.
/n/fs/wy-project/Diff-II/datasets/imb_flower_0.1/seed0/hibiscus/388.jpg	A flower with green leaves and blurred background.
/n/fs/wy-project/Diff-II/datasets/imb_flower_0.1/seed0/hibiscus/409.jpg	Green leaves surround a flower.
/n/fs/wy-project/Diff-II/datasets/imb_flower_0.1/seed0/hibiscus/393.jpg	Green leaves and branches.
/n/fs/wy-project/Diff-II/datasets/imb_flower_0.1/seed0/hibiscus/386.jpg	Dark green leaves.
/n/fs/wy-project/Diff-II/datasets/imb_flower_0.1/seed0/hibiscus/387.jpg	Green leaves, blurred background.
/n/fs/wy-project/Diff-II/datasets/imb_flower_0.1/seed0/hibiscus/398.jpg	A flower is set against a backdrop of green foliage and white wooden slats.
/n/fs/wy-project/Diff-II/datasets/imb_flower_0.1/seed0/columbine/894.jpg	Green leaves.
/n/fs/wy-project/Diff-II/datasets/imb_flower_0.1/seed0/columbine/891.jpg	Green leaves and blurred flowers.
/n/fs/wy-project/Diff-II/datasets/imb_flower_0.1/seed0/columbine/884.jpg	The background is dark and blurred.
/n/fs/wy-project/Diff-II/datasets/imb_flower_0.1/seed0/columbine/886.jpg	The background is black.
/n/fs/wy-project/Diff-II/datasets/imb_flower_0.1/seed0/columbine/878.jpg	A flower with red and white petals, yellow stamen, and green stem.
/n/fs/wy-project/Diff-II/datasets/imb_flower_0.1/seed0/columbine/881.jpg	The background is green foliage and wooden fence.
/n/fs/wy-project/Diff-II/datasets/imb_flower_0.1/seed0/columbine/882.jpg	The background is blurred green foliage.
/n/fs/wy-project/Diff-II/datasets/imb_flower_0.1/seed0/columbine/889.jpg	A flower against a wooden backdrop.
/n/fs/wy-project/Diff-II/datasets/imb_flower_0.1/seed0/columbine/879.jpg	The background is blurred with other flowers and greenery.
/n/fs/wy-project/Diff-II/datasets/imb_flower_0.1/seed0/columbine/876.jpg	A flower with green leaves and blurred background.
/n/fs/wy-project/Diff-II/datasets/imb_flower_0.1/seed0/columbine/888.jpg	Green foliage.
/n/fs/wy-project/Diff-II/datasets/imb_flower_0.1/seed0/columbine/892.jpg	The background is dark and blurred.
/n/fs/wy-project/Diff-II/datasets/imb_flower_0.1/seed0/columbine/883.jpg	The background is blurred with earthy tones and greenery.
/n/fs/wy-project/Diff-II/datasets/imb_flower_0.1/seed0/columbine/887.jpg	The background is blurred greenery.
/n/fs/wy-project/Diff-II/datasets/imb_flower_0.1/seed0/columbine/880.jpg	Green leaves.
/n/fs/wy-project/Diff-II/datasets/imb_flower_0.1/seed0/columbine/890.jpg	The background is blurred green foliage.
/n/fs/wy-project/Diff-II/datasets/imb_flower_0.1/seed0/columbine/893.jpg	Rocky, green foliage.
/n/fs/wy-project/Diff-II/datasets/imb_flower_0.1/seed0/columbine/885.jpg	Green foliage.
/n/fs/wy-project/Diff-II/datasets/imb_flower_0.1/seed0/columbine/877.jpg	Blurred, earthy tones.
/n/fs/wy-project/Diff-II/datasets/imb_flower_0.1/seed0/desert-rose/1218.jpg	The background is dark.
/n/fs/wy-project/Diff-II/datasets/imb_flower_0.1/seed0/desert-rose/1219.jpg	Blurred green leaves and brown stems.
/n/fs/wy-project/Diff-II/datasets/imb_flower_0.1/seed0/desert-rose/1220.jpg	Dark, textured surface.
/n/fs/wy-project/Diff-II/datasets/imb_flower_0.1/seed0/desert-rose/1224.jpg	The background is green foliage.
/n/fs/wy-project/Diff-II/datasets/imb_flower_0.1/seed0/desert-rose/1227.jpg	The background is green and blurred, with cacti visible.
/n/fs/wy-project/Diff-II/datasets/imb_flower_0.1/seed0/desert-rose/1223.jpg	The background consists of green leaves and small white pebbles.
/n/fs/wy-project/Diff-II/datasets/imb_flower_0.1/seed0/desert-rose/1222.jpg	The background is dark and blurred.
/n/fs/wy-project/Diff-II/datasets/imb_flower_0.1/seed0/desert-rose/1228.jpg	A flower with green leaves and an orange wall behind it.
/n/fs/wy-project/Diff-II/datasets/imb_flower_0.1/seed0/desert-rose/1221.jpg	The background is blurred greenery.
/n/fs/wy-project/Diff-II/datasets/imb_flower_0.1/seed0/desert-rose/1226.jpg	The background is sandy and blurred.
/n/fs/wy-project/Diff-II/datasets/imb_flower_0.1/seed0/desert-rose/1225.jpg	A flower is set against a backdrop of green grass and colorful flowers.
/n/fs/wy-project/Diff-II/datasets/imb_flower_0.1/seed0/tree_mallow/1306.jpg	Green leaves and blurred background.
/n/fs/wy-project/Diff-II/datasets/imb_flower_0.1/seed0/tree_mallow/1300.jpg	The background is green foliage with other flowers.
/n/fs/wy-project/Diff-II/datasets/imb_flower_0.1/seed0/tree_mallow/1299.jpg	Dark, blurred greenery.
/n/fs/wy-project/Diff-II/datasets/imb_flower_0.1/seed0/tree_mallow/1307.jpg	The background is blurred green foliage.
/n/fs/wy-project/Diff-II/datasets/imb_flower_0.1/seed0/tree_mallow/1304.jpg	Green foliage.
/n/fs/wy-project/Diff-II/datasets/imb_flower_0.1/seed0/tree_mallow/1302.jpg	Green leaves and stems.
/n/fs/wy-project/Diff-II/datasets/imb_flower_0.1/seed0/tree_mallow/1305.jpg	The background is blurred green foliage and soil.
/n/fs/wy-project/Diff-II/datasets/imb_flower_0.1/seed0/tree_mallow/1303.jpg	The background is blurred with pink and green hues.
/n/fs/wy-project/Diff-II/datasets/imb_flower_0.1/seed0/tree_mallow/1301.jpg	Green foliage.
/n/fs/wy-project/Diff-II/datasets/imb_flower_0.1/seed0/magnolia/1239.jpg	Green foliage, blurred background.
/n/fs/wy-project/Diff-II/datasets/imb_flower_0.1/seed0/magnolia/1230.jpg	Green foliage, branches.
/n/fs/wy-project/Diff-II/datasets/imb_flower_0.1/seed0/magnolia/1238.jpg	Green foliage and small white flowers.
/n/fs/wy-project/Diff-II/datasets/imb_flower_0.1/seed0/magnolia/1231.jpg	Green foliage, blurred background.
/n/fs/wy-project/Diff-II/datasets/imb_flower_0.1/seed0/magnolia/1237.jpg	A flower with white petals and pink center, set against a backdrop of trees and a pond with a fountain.
/n/fs/wy-project/Diff-II/datasets/imb_flower_0.1/seed0/magnolia/1232.jpg	The background is blurred with other flowers and greenery.
/n/fs/wy-project/Diff-II/datasets/imb_flower_0.1/seed0/magnolia/1233.jpg	The background is blurred with other flowers and trees.
/n/fs/wy-project/Diff-II/datasets/imb_flower_0.1/seed0/magnolia/1234.jpg	A flower with blurred greenery and blue sky.
/n/fs/wy-project/Diff-II/datasets/imb_flower_0.1/seed0/magnolia/1235.jpg	The background is blurred with green and brown tones.
/n/fs/wy-project/Diff-II/datasets/imb_flower_0.1/seed0/magnolia/1229.jpg	The background consists of brown soil and green bushes.
/n/fs/wy-project/Diff-II/datasets/imb_flower_0.1/seed0/magnolia/1236.jpg	The background is blurred greenery and stone wall.
/n/fs/wy-project/Diff-II/datasets/imb_flower_0.1/seed0/cyclamen_/294.jpg	The background is wooden and blurred.
/n/fs/wy-project/Diff-II/datasets/imb_flower_0.1/seed0/cyclamen_/319.jpg	A flower with blurred rocks and trees.
/n/fs/wy-project/Diff-II/datasets/imb_flower_0.1/seed0/cyclamen_/320.jpg	The background is green foliage.
/n/fs/wy-project/Diff-II/datasets/imb_flower_0.1/seed0/cyclamen_/290.jpg	The background is blurred, with muted earth tones.
/n/fs/wy-project/Diff-II/datasets/imb_flower_0.1/seed0/cyclamen_/293.jpg	The background is blurred, with soft green and blue tones.
/n/fs/wy-project/Diff-II/datasets/imb_flower_0.1/seed0/cyclamen_/313.jpg	The background is blurred green foliage.
/n/fs/wy-project/Diff-II/datasets/imb_flower_0.1/seed0/cyclamen_/295.jpg	Dark, blurred foliage.
/n/fs/wy-project/Diff-II/datasets/imb_flower_0.1/seed0/cyclamen_/305.jpg	A flower is set against a blurred outdoor backdrop with a window frame visible on the right side.
/n/fs/wy-project/Diff-II/datasets/imb_flower_0.1/seed0/cyclamen_/310.jpg	The background is blurred, with green leaves and a white wall.
/n/fs/wy-project/Diff-II/datasets/imb_flower_0.1/seed0/cyclamen_/311.jpg	Blurred, earthy tones.
/n/fs/wy-project/Diff-II/datasets/imb_flower_0.1/seed0/cyclamen_/315.jpg	The background is black.
/n/fs/wy-project/Diff-II/datasets/imb_flower_0.1/seed0/cyclamen_/308.jpg	Green leaves, blurred background.
/n/fs/wy-project/Diff-II/datasets/imb_flower_0.1/seed0/cyclamen_/322.jpg	Blurred green.
/n/fs/wy-project/Diff-II/datasets/imb_flower_0.1/seed0/cyclamen_/291.jpg	The background is blurred with greenery and soft focus.
/n/fs/wy-project/Diff-II/datasets/imb_flower_0.1/seed0/cyclamen_/314.jpg	The background is blurred with brown tones.
/n/fs/wy-project/Diff-II/datasets/imb_flower_0.1/seed0/cyclamen_/296.jpg	The background is blurred, with soft white and green tones.
/n/fs/wy-project/Diff-II/datasets/imb_flower_0.1/seed0/cyclamen_/306.jpg	Dark green leaves.
/n/fs/wy-project/Diff-II/datasets/imb_flower_0.1/seed0/cyclamen_/299.jpg	The background is blurred, showing a natural setting with muted colors.
/n/fs/wy-project/Diff-II/datasets/imb_flower_0.1/seed0/cyclamen_/302.jpg	The background is green foliage.
/n/fs/wy-project/Diff-II/datasets/imb_flower_0.1/seed0/cyclamen_/300.jpg	The background is green foliage.
/n/fs/wy-project/Diff-II/datasets/imb_flower_0.1/seed0/cyclamen_/303.jpg	Blurred green and brown.
/n/fs/wy-project/Diff-II/datasets/imb_flower_0.1/seed0/cyclamen_/298.jpg	Blurred green leaves.
/n/fs/wy-project/Diff-II/datasets/imb_flower_0.1/seed0/cyclamen_/304.jpg	A flower is set against a window with a blurred outdoor view.
/n/fs/wy-project/Diff-II/datasets/imb_flower_0.1/seed0/cyclamen_/318.jpg	A flower with a blurred, light background.
/n/fs/wy-project/Diff-II/datasets/imb_flower_0.1/seed0/cyclamen_/321.jpg	The background is blurred green foliage.
/n/fs/wy-project/Diff-II/datasets/imb_flower_0.1/seed0/cyclamen_/309.jpg	The background is blurred green.
/n/fs/wy-project/Diff-II/datasets/imb_flower_0.1/seed0/cyclamen_/316.jpg	The background is blurred with green leaves and white light.
/n/fs/wy-project/Diff-II/datasets/imb_flower_0.1/seed0/cyclamen_/307.jpg	The background is green foliage.
/n/fs/wy-project/Diff-II/datasets/imb_flower_0.1/seed0/cyclamen_/317.jpg	The background is black.
/n/fs/wy-project/Diff-II/datasets/imb_flower_0.1/seed0/cyclamen_/312.jpg	The background is blurred with green leaves and white flowers.
/n/fs/wy-project/Diff-II/datasets/imb_flower_0.1/seed0/cyclamen_/301.jpg	Green leaves.
/n/fs/wy-project/Diff-II/datasets/imb_flower_0.1/seed0/cyclamen_/297.jpg	The background is green and leafy, suggesting an outdoor or garden setting.
/n/fs/wy-project/Diff-II/datasets/imb_flower_0.1/seed0/cyclamen_/292.jpg	The background is blurred green foliage.
/n/fs/wy-project/Diff-II/datasets/imb_flower_0.1/seed0/watercress/185.jpg	Green leaves and blurred background.
/n/fs/wy-project/Diff-II/datasets/imb_flower_0.1/seed0/watercress/168.jpg	The background is blurred green foliage.
/n/fs/wy-project/Diff-II/datasets/imb_flower_0.1/seed0/watercress/172.jpg	Green leaves.
/n/fs/wy-project/Diff-II/datasets/imb_flower_0.1/seed0/watercress/166.jpg	The background is blurred, with vertical lines suggesting a fence or railing.
/n/fs/wy-project/Diff-II/datasets/imb_flower_0.1/seed0/watercress/163.jpg	Green leaves.
/n/fs/wy-project/Diff-II/datasets/imb_flower_0.1/seed0/watercress/170.jpg	Green leaves.
/n/fs/wy-project/Diff-II/datasets/imb_flower_0.1/seed0/watercress/161.jpg	Green leaves and sunlight.
/n/fs/wy-project/Diff-II/datasets/imb_flower_0.1/seed0/watercress/167.jpg	The background is green foliage and a dark structure.
/n/fs/wy-project/Diff-II/datasets/imb_flower_0.1/seed0/watercress/181.jpg	Green leaves with water droplets.
/n/fs/wy-project/Diff-II/datasets/imb_flower_0.1/seed0/watercress/175.jpg	The background is green foliage.
/n/fs/wy-project/Diff-II/datasets/imb_flower_0.1/seed0/watercress/154.jpg	Green leaves, brown branches.
/n/fs/wy-project/Diff-II/datasets/imb_flower_0.1/seed0/watercress/160.jpg	Green leaves.
/n/fs/wy-project/Diff-II/datasets/imb_flower_0.1/seed0/watercress/152.jpg	A flower with a blurred stone background.
/n/fs/wy-project/Diff-II/datasets/imb_flower_0.1/seed0/watercress/187.jpg	A flower against a blurred, neutral backdrop.
/n/fs/wy-project/Diff-II/datasets/imb_flower_0.1/seed0/watercress/156.jpg	The background is blurred, with hints of green leaves and brown woven texture.
/n/fs/wy-project/Diff-II/datasets/imb_flower_0.1/seed0/watercress/174.jpg	Green leaves and blurred background.
/n/fs/wy-project/Diff-II/datasets/imb_flower_0.1/seed0/watercress/171.jpg	The background is green foliage.
/n/fs/wy-project/Diff-II/datasets/imb_flower_0.1/seed0/watercress/176.jpg	Dark green leaves.
/n/fs/wy-project/Diff-II/datasets/imb_flower_0.1/seed0/watercress/184.jpg	A flower against a textured wall.
/n/fs/wy-project/Diff-II/datasets/imb_flower_0.1/seed0/watercress/179.jpg	Dark green leaves and blurred red flowers.
/n/fs/wy-project/Diff-II/datasets/imb_flower_0.1/seed0/watercress/182.jpg	The background is blurred green foliage.
/n/fs/wy-project/Diff-II/datasets/imb_flower_0.1/seed0/watercress/169.jpg	Green leaves, blurred background.
/n/fs/wy-project/Diff-II/datasets/imb_flower_0.1/seed0/watercress/162.jpg	Green leaves.
/n/fs/wy-project/Diff-II/datasets/imb_flower_0.1/seed0/watercress/158.jpg	The background is a blurred stone wall.
/n/fs/wy-project/Diff-II/datasets/imb_flower_0.1/seed0/watercress/159.jpg	Green leaves.
/n/fs/wy-project/Diff-II/datasets/imb_flower_0.1/seed0/watercress/173.jpg	The background is blurred with greenery and structures.
/n/fs/wy-project/Diff-II/datasets/imb_flower_0.1/seed0/watercress/165.jpg	Green leaves.
/n/fs/wy-project/Diff-II/datasets/imb_flower_0.1/seed0/watercress/164.jpg	Green leaves with white veins.
/n/fs/wy-project/Diff-II/datasets/imb_flower_0.1/seed0/watercress/177.jpg	Green leaves.
/n/fs/wy-project/Diff-II/datasets/imb_flower_0.1/seed0/watercress/153.jpg	The background consists of green leaves and brown twigs.
/n/fs/wy-project/Diff-II/datasets/imb_flower_0.1/seed0/watercress/186.jpg	Green leaves and blurred background.
/n/fs/wy-project/Diff-II/datasets/imb_flower_0.1/seed0/watercress/180.jpg	Green leaves and stems.
/n/fs/wy-project/Diff-II/datasets/imb_flower_0.1/seed0/watercress/183.jpg	The background consists of green leaves and stems.
/n/fs/wy-project/Diff-II/datasets/imb_flower_0.1/seed0/watercress/178.jpg	Green leaves, white fence.
/n/fs/wy-project/Diff-II/datasets/imb_flower_0.1/seed0/watercress/155.jpg	Green leaves, blurred background.
/n/fs/wy-project/Diff-II/datasets/imb_flower_0.1/seed0/watercress/157.jpg	Green leaves.
/n/fs/wy-project/Diff-II/datasets/imb_flower_0.1/seed0/canna_lily/985.jpg	Dark green leaves.
/n/fs/wy-project/Diff-II/datasets/imb_flower_0.1/seed0/canna_lily/1000.jpg	The background is blurred greenery.
/n/fs/wy-project/Diff-II/datasets/imb_flower_0.1/seed0/canna_lily/993.jpg	The background is dark blue.
/n/fs/wy-project/Diff-II/datasets/imb_flower_0.1/seed0/canna_lily/995.jpg	The background is blurred with green and dark tones.
/n/fs/wy-project/Diff-II/datasets/imb_flower_0.1/seed0/canna_lily/994.jpg	Blurred, earthy tones.
/n/fs/wy-project/Diff-II/datasets/imb_flower_0.1/seed0/canna_lily/999.jpg	The background is green and blurred.
/n/fs/wy-project/Diff-II/datasets/imb_flower_0.1/seed0/canna_lily/997.jpg	A flower with yellow and orange petals, held by a hand against a gray siding wall and chain-link fence.
/n/fs/wy-project/Diff-II/datasets/imb_flower_0.1/seed0/canna_lily/986.jpg	Blurred greenery and earth tones.
/n/fs/wy-project/Diff-II/datasets/imb_flower_0.1/seed0/canna_lily/988.jpg	Blurred green foliage.
/n/fs/wy-project/Diff-II/datasets/imb_flower_0.1/seed0/canna_lily/984.jpg	A flower with green leaves and blue sky.
/n/fs/wy-project/Diff-II/datasets/imb_flower_0.1/seed0/canna_lily/990.jpg	Dark, blurred green and purple.
/n/fs/wy-project/Diff-II/datasets/imb_flower_0.1/seed0/canna_lily/987.jpg	Green leaves, white lattice.
/n/fs/wy-project/Diff-II/datasets/imb_flower_0.1/seed0/canna_lily/991.jpg	Blue, blurred background.
/n/fs/wy-project/Diff-II/datasets/imb_flower_0.1/seed0/canna_lily/989.jpg	Green leaves, blurred background.
/n/fs/wy-project/Diff-II/datasets/imb_flower_0.1/seed0/canna_lily/992.jpg	The background is green foliage with blurred flowers.
/n/fs/wy-project/Diff-II/datasets/imb_flower_0.1/seed0/canna_lily/996.jpg	The background is blurred and light-colored.
/n/fs/wy-project/Diff-II/datasets/imb_flower_0.1/seed0/canna_lily/998.jpg	The background is blurred green foliage.
/n/fs/wy-project/Diff-II/datasets/imb_flower_0.1/seed0/hippeastrum_/1049.jpg	Green foliage.
/n/fs/wy-project/Diff-II/datasets/imb_flower_0.1/seed0/hippeastrum_/1053.jpg	A flower against a light blue, horizontal slat background.
/n/fs/wy-project/Diff-II/datasets/imb_flower_0.1/seed0/hippeastrum_/1061.jpg	The background is plain and neutral.
/n/fs/wy-project/Diff-II/datasets/imb_flower_0.1/seed0/hippeastrum_/1054.jpg	The background is plain and light-colored.
/n/fs/wy-project/Diff-II/datasets/imb_flower_0.1/seed0/hippeastrum_/1059.jpg	The background is dark and blurred, with hints of green foliage.
/n/fs/wy-project/Diff-II/datasets/imb_flower_0.1/seed0/hippeastrum_/1048.jpg	The background is tiled with white and blue patterns.
/n/fs/wy-project/Diff-II/datasets/imb_flower_0.1/seed0/hippeastrum_/1056.jpg	The background includes other plants and wooden structures.
/n/fs/wy-project/Diff-II/datasets/imb_flower_0.1/seed0/hippeastrum_/1055.jpg	A flower on a plain, light-colored surface.
/n/fs/wy-project/Diff-II/datasets/imb_flower_0.1/seed0/hippeastrum_/1062.jpg	White tiled wall.
/n/fs/wy-project/Diff-II/datasets/imb_flower_0.1/seed0/hippeastrum_/1060.jpg	The background is dark and leafy.
/n/fs/wy-project/Diff-II/datasets/imb_flower_0.1/seed0/hippeastrum_/1057.jpg	The background is plain gray.
/n/fs/wy-project/Diff-II/datasets/imb_flower_0.1/seed0/hippeastrum_/1058.jpg	The background is plain and neutral.
/n/fs/wy-project/Diff-II/datasets/imb_flower_0.1/seed0/hippeastrum_/1051.jpg	The background is plain and neutral.
/n/fs/wy-project/Diff-II/datasets/imb_flower_0.1/seed0/hippeastrum_/1052.jpg	The background is green foliage and a light-colored wall.
/n/fs/wy-project/Diff-II/datasets/imb_flower_0.1/seed0/hippeastrum_/1050.jpg	The background is blurred with other flowers and greenery.
/n/fs/wy-project/Diff-II/datasets/imb_flower_0.1/seed0/bee_balm/1173.jpg	Green, blurred background.
/n/fs/wy-project/Diff-II/datasets/imb_flower_0.1/seed0/bee_balm/1175.jpg	The background is blurred green foliage.
/n/fs/wy-project/Diff-II/datasets/imb_flower_0.1/seed0/bee_balm/1179.jpg	Green, blurred leaves.
/n/fs/wy-project/Diff-II/datasets/imb_flower_0.1/seed0/bee_balm/1174.jpg	Blurred greenery.
/n/fs/wy-project/Diff-II/datasets/imb_flower_0.1/seed0/bee_balm/1177.jpg	Green and blurred.
/n/fs/wy-project/Diff-II/datasets/imb_flower_0.1/seed0/bee_balm/1171.jpg	Soft pink and green blur.
/n/fs/wy-project/Diff-II/datasets/imb_flower_0.1/seed0/bee_balm/1178.jpg	Green foliage, blurred background.
/n/fs/wy-project/Diff-II/datasets/imb_flower_0.1/seed0/bee_balm/1176.jpg	Green foliage, purple flowers.
/n/fs/wy-project/Diff-II/datasets/imb_flower_0.1/seed0/bee_balm/1182.jpg	Green foliage.
/n/fs/wy-project/Diff-II/datasets/imb_flower_0.1/seed0/bee_balm/1181.jpg	Green leaves, blurred background.
/n/fs/wy-project/Diff-II/datasets/imb_flower_0.1/seed0/bee_balm/1180.jpg	Blurred greenery.
/n/fs/wy-project/Diff-II/datasets/imb_flower_0.1/seed0/bee_balm/1172.jpg	Blurred green leaves and wooden fence.
/n/fs/wy-project/Diff-II/datasets/imb_flower_0.1/seed0/ball_moss/1450.jpg	The background is green foliage.
/n/fs/wy-project/Diff-II/datasets/imb_flower_0.1/seed0/ball_moss/1453.jpg	Blurred green foliage.
/n/fs/wy-project/Diff-II/datasets/imb_flower_0.1/seed0/ball_moss/1452.jpg	The background consists of green foliage and small plants.
/n/fs/wy-project/Diff-II/datasets/imb_flower_0.1/seed0/ball_moss/1451.jpg	The background consists of green foliage and a blurred brown object.
/n/fs/wy-project/Diff-II/datasets/imb_flower_0.1/seed0/ball_moss/1454.jpg	The background is dark and simple, with a door visible behind the flower.
/n/fs/wy-project/Diff-II/datasets/imb_flower_0.1/seed0/foxglove/272.jpg	Blurred green foliage.
/n/fs/wy-project/Diff-II/datasets/imb_flower_0.1/seed0/foxglove/262.jpg	Green foliage, blurred trees.
/n/fs/wy-project/Diff-II/datasets/imb_flower_0.1/seed0/foxglove/269.jpg	A flower against a stone wall.
/n/fs/wy-project/Diff-II/datasets/imb_flower_0.1/seed0/foxglove/283.jpg	Blurred greenery and brick wall.
/n/fs/wy-project/Diff-II/datasets/imb_flower_0.1/seed0/foxglove/264.jpg	Blurred green foliage.
/n/fs/wy-project/Diff-II/datasets/imb_flower_0.1/seed0/foxglove/279.jpg	The background is plain white.
/n/fs/wy-project/Diff-II/datasets/imb_flower_0.1/seed0/foxglove/266.jpg	Dark, blurred.
/n/fs/wy-project/Diff-II/datasets/imb_flower_0.1/seed0/foxglove/282.jpg	The background is green foliage.
/n/fs/wy-project/Diff-II/datasets/imb_flower_0.1/seed0/foxglove/281.jpg	Green foliage, blurred background.
/n/fs/wy-project/Diff-II/datasets/imb_flower_0.1/seed0/foxglove/260.jpg	Green, blurred foliage.
/n/fs/wy-project/Diff-II/datasets/imb_flower_0.1/seed0/foxglove/287.jpg	Green leaves and blurred background.
/n/fs/wy-project/Diff-II/datasets/imb_flower_0.1/seed0/foxglove/258.jpg	The background is green foliage.
/n/fs/wy-project/Diff-II/datasets/imb_flower_0.1/seed0/foxglove/263.jpg	Green, blurred background.
/n/fs/wy-project/Diff-II/datasets/imb_flower_0.1/seed0/foxglove/268.jpg	A flower with a blurred brick wall and sunlight.
/n/fs/wy-project/Diff-II/datasets/imb_flower_0.1/seed0/foxglove/274.jpg	Dark, blurred background.
/n/fs/wy-project/Diff-II/datasets/imb_flower_0.1/seed0/foxglove/286.jpg	The background is blurred, with a hint of a black metal structure and a light-colored wall.
/n/fs/wy-project/Diff-II/datasets/imb_flower_0.1/seed0/foxglove/265.jpg	Green leaves and blurred background.
/n/fs/wy-project/Diff-II/datasets/imb_flower_0.1/seed0/foxglove/278.jpg	Green foliage, blurred background.
/n/fs/wy-project/Diff-II/datasets/imb_flower_0.1/seed0/foxglove/271.jpg	The background is green foliage and yellow buds.
/n/fs/wy-project/Diff-II/datasets/imb_flower_0.1/seed0/foxglove/289.jpg	A flower against a blue sky with white clouds.
/n/fs/wy-project/Diff-II/datasets/imb_flower_0.1/seed0/foxglove/277.jpg	Green leaves and stems.
/n/fs/wy-project/Diff-II/datasets/imb_flower_0.1/seed0/foxglove/284.jpg	Blurred green foliage.
/n/fs/wy-project/Diff-II/datasets/imb_flower_0.1/seed0/foxglove/273.jpg	Dark, blurred greenery.
/n/fs/wy-project/Diff-II/datasets/imb_flower_0.1/seed0/foxglove/261.jpg	Green foliage, blurred brick wall.
/n/fs/wy-project/Diff-II/datasets/imb_flower_0.1/seed0/foxglove/275.jpg	Blurred green foliage.
/n/fs/wy-project/Diff-II/datasets/imb_flower_0.1/seed0/foxglove/257.jpg	A flower with pink petals and red speckles, set against a brick wall backdrop.
/n/fs/wy-project/Diff-II/datasets/imb_flower_0.1/seed0/foxglove/270.jpg	Dark, blurred background.
/n/fs/wy-project/Diff-II/datasets/imb_flower_0.1/seed0/foxglove/259.jpg	Green, blurred background.
/n/fs/wy-project/Diff-II/datasets/imb_flower_0.1/seed0/foxglove/267.jpg	Green leaves.
/n/fs/wy-project/Diff-II/datasets/imb_flower_0.1/seed0/foxglove/276.jpg	The background consists of green foliage and mulch.
/n/fs/wy-project/Diff-II/datasets/imb_flower_0.1/seed0/foxglove/285.jpg	Blurred greenery.
/n/fs/wy-project/Diff-II/datasets/imb_flower_0.1/seed0/foxglove/280.jpg	Dark green foliage.
/n/fs/wy-project/Diff-II/datasets/imb_flower_0.1/seed0/foxglove/288.jpg	The background is blurred greenery.
/n/fs/wy-project/Diff-II/datasets/imb_flower_0.1/seed0/bougainvillea/419.jpg	Green leaves.
/n/fs/wy-project/Diff-II/datasets/imb_flower_0.1/seed0/bougainvillea/420.jpg	Green, blurred leaves.
/n/fs/wy-project/Diff-II/datasets/imb_flower_0.1/seed0/bougainvillea/426.jpg	Green leaves and blurred background.
/n/fs/wy-project/Diff-II/datasets/imb_flower_0.1/seed0/bougainvillea/421.jpg	The background is blurred green foliage.
/n/fs/wy-project/Diff-II/datasets/imb_flower_0.1/seed0/bougainvillea/425.jpg	The background is green and blurred.
/n/fs/wy-project/Diff-II/datasets/imb_flower_0.1/seed0/bougainvillea/445.jpg	The background is blurred, with green leaves and a hint of a stone surface.
/n/fs/wy-project/Diff-II/datasets/imb_flower_0.1/seed0/bougainvillea/444.jpg	The background is white and blurred.
/n/fs/wy-project/Diff-II/datasets/imb_flower_0.1/seed0/bougainvillea/422.jpg	Blurred green foliage.
/n/fs/wy-project/Diff-II/datasets/imb_flower_0.1/seed0/bougainvillea/438.jpg	The background is green foliage.
/n/fs/wy-project/Diff-II/datasets/imb_flower_0.1/seed0/bougainvillea/416.jpg	The background is blurred green foliage.
/n/fs/wy-project/Diff-II/datasets/imb_flower_0.1/seed0/bougainvillea/440.jpg	The background is blurred with green and pink hues.
/n/fs/wy-project/Diff-II/datasets/imb_flower_0.1/seed0/bougainvillea/441.jpg	Blurred greenery and wall.
/n/fs/wy-project/Diff-II/datasets/imb_flower_0.1/seed0/bougainvillea/443.jpg	The background is blurred with green foliage and hints of pink flowers.
/n/fs/wy-project/Diff-II/datasets/imb_flower_0.1/seed0/bougainvillea/435.jpg	Green leaves.
/n/fs/wy-project/Diff-II/datasets/imb_flower_0.1/seed0/bougainvillea/434.jpg	The background is blurred with green foliage and other flowers.
/n/fs/wy-project/Diff-II/datasets/imb_flower_0.1/seed0/bougainvillea/417.jpg	Green leaves.
/n/fs/wy-project/Diff-II/datasets/imb_flower_0.1/seed0/bougainvillea/427.jpg	Green leaves and blurred background.
/n/fs/wy-project/Diff-II/datasets/imb_flower_0.1/seed0/bougainvillea/437.jpg	Blurred green and pink.
/n/fs/wy-project/Diff-II/datasets/imb_flower_0.1/seed0/bougainvillea/439.jpg	Green, blurred leaves.
/n/fs/wy-project/Diff-II/datasets/imb_flower_0.1/seed0/bougainvillea/428.jpg	The background is green foliage.
/n/fs/wy-project/Diff-II/datasets/imb_flower_0.1/seed0/bougainvillea/431.jpg	The background is green foliage.
/n/fs/wy-project/Diff-II/datasets/imb_flower_0.1/seed0/bougainvillea/432.jpg	Green grass and blurred background.
/n/fs/wy-project/Diff-II/datasets/imb_flower_0.1/seed0/bougainvillea/433.jpg	Blurred green leaves and soft focus.
/n/fs/wy-project/Diff-II/datasets/imb_flower_0.1/seed0/bougainvillea/430.jpg	The background is plain white.
/n/fs/wy-project/Diff-II/datasets/imb_flower_0.1/seed0/bougainvillea/436.jpg	A flower is set against a backdrop of green foliage and stone.
/n/fs/wy-project/Diff-II/datasets/imb_flower_0.1/seed0/bougainvillea/424.jpg	The background is blurred with green foliage and pink flowers.
/n/fs/wy-project/Diff-II/datasets/imb_flower_0.1/seed0/bougainvillea/423.jpg	The background is blurred green foliage.
/n/fs/wy-project/Diff-II/datasets/imb_flower_0.1/seed0/bougainvillea/429.jpg	The background is blurred green foliage.
/n/fs/wy-project/Diff-II/datasets/imb_flower_0.1/seed0/bougainvillea/418.jpg	Green foliage.
/n/fs/wy-project/Diff-II/datasets/imb_flower_0.1/seed0/bougainvillea/442.jpg	Clear blue sky.
/n/fs/wy-project/Diff-II/datasets/imb_flower_0.1/seed0/camellia/827.jpg	A flower is set against a blurred greenhouse structure with white panels and green leaves.
/n/fs/wy-project/Diff-II/datasets/imb_flower_0.1/seed0/camellia/817.jpg	A flower against wooden fence.
/n/fs/wy-project/Diff-II/datasets/imb_flower_0.1/seed0/camellia/828.jpg	Green leaves and blurred background.
/n/fs/wy-project/Diff-II/datasets/imb_flower_0.1/seed0/camellia/836.jpg	The background is blurred with red and green hues.
/n/fs/wy-project/Diff-II/datasets/imb_flower_0.1/seed0/camellia/825.jpg	Green foliage.
/n/fs/wy-project/Diff-II/datasets/imb_flower_0.1/seed0/camellia/822.jpg	The background is filled with green leaves and other red flowers.
/n/fs/wy-project/Diff-II/datasets/imb_flower_0.1/seed0/camellia/832.jpg	The background is green foliage.
/n/fs/wy-project/Diff-II/datasets/imb_flower_0.1/seed0/camellia/835.jpg	The background consists of green leaves and branches.
/n/fs/wy-project/Diff-II/datasets/imb_flower_0.1/seed0/camellia/820.jpg	The background is dark green foliage.
/n/fs/wy-project/Diff-II/datasets/imb_flower_0.1/seed0/camellia/818.jpg	The background is blurred greenery.
/n/fs/wy-project/Diff-II/datasets/imb_flower_0.1/seed0/camellia/819.jpg	The background is green foliage.
/n/fs/wy-project/Diff-II/datasets/imb_flower_0.1/seed0/camellia/829.jpg	A flower with a brick wall and green leaves behind it.
/n/fs/wy-project/Diff-II/datasets/imb_flower_0.1/seed0/camellia/821.jpg	Green leaves and blurred background.
/n/fs/wy-project/Diff-II/datasets/imb_flower_0.1/seed0/camellia/833.jpg	Green leaves, blurred background.
/n/fs/wy-project/Diff-II/datasets/imb_flower_0.1/seed0/camellia/834.jpg	Green leaves and sunlight.
/n/fs/wy-project/Diff-II/datasets/imb_flower_0.1/seed0/camellia/826.jpg	The background is blurred, with green leaves and a hint of blue.
/n/fs/wy-project/Diff-II/datasets/imb_flower_0.1/seed0/camellia/830.jpg	The background is neutral and blurred.
/n/fs/wy-project/Diff-II/datasets/imb_flower_0.1/seed0/camellia/824.jpg	The background is green foliage.
/n/fs/wy-project/Diff-II/datasets/imb_flower_0.1/seed0/camellia/823.jpg	Dark and shadowy.
/n/fs/wy-project/Diff-II/datasets/imb_flower_0.1/seed0/camellia/831.jpg	The background is green foliage and soil.
/n/fs/wy-project/Diff-II/datasets/imb_flower_0.1/seed0/mallow/1193.jpg	The background is blurred green foliage.
/n/fs/wy-project/Diff-II/datasets/imb_flower_0.1/seed0/mallow/1189.jpg	The background is a plain, light-colored wall with a dark wooden frame.
/n/fs/wy-project/Diff-II/datasets/imb_flower_0.1/seed0/mallow/1187.jpg	A flower with green leaves and blurred background.
/n/fs/wy-project/Diff-II/datasets/imb_flower_0.1/seed0/mallow/1186.jpg	The background is blurred green foliage.
/n/fs/wy-project/Diff-II/datasets/imb_flower_0.1/seed0/mallow/1185.jpg	The background is blurred with green leaves and soft light.
/n/fs/wy-project/Diff-II/datasets/imb_flower_0.1/seed0/mallow/1190.jpg	The background is dark and blurred, with green leaves visible.
/n/fs/wy-project/Diff-II/datasets/imb_flower_0.1/seed0/mallow/1183.jpg	The background is green foliage and sunlight.
/n/fs/wy-project/Diff-II/datasets/imb_flower_0.1/seed0/mallow/1184.jpg	The background consists of blurred earthy tones and foliage.
/n/fs/wy-project/Diff-II/datasets/imb_flower_0.1/seed0/mallow/1192.jpg	The background is green foliage and a light-colored wall.
/n/fs/wy-project/Diff-II/datasets/imb_flower_0.1/seed0/mallow/1188.jpg	The background is green foliage and a wooden pole.
/n/fs/wy-project/Diff-II/datasets/imb_flower_0.1/seed0/mallow/1194.jpg	Green leaves, blurred background.
/n/fs/wy-project/Diff-II/datasets/imb_flower_0.1/seed0/mallow/1191.jpg	The background is green and blurred.
/n/fs/wy-project/Diff-II/datasets/imb_flower_0.1/seed0/mexican_petunia/1005.jpg	Green leaves, dark background.
/n/fs/wy-project/Diff-II/datasets/imb_flower_0.1/seed0/mexican_petunia/1007.jpg	The background is green foliage and brown soil.
/n/fs/wy-project/Diff-II/datasets/imb_flower_0.1/seed0/mexican_petunia/1002.jpg	The background is green and blurred.
/n/fs/wy-project/Diff-II/datasets/imb_flower_0.1/seed0/mexican_petunia/1008.jpg	The background is green foliage.
/n/fs/wy-project/Diff-II/datasets/imb_flower_0.1/seed0/mexican_petunia/1009.jpg	The background is a solid light blue.
/n/fs/wy-project/Diff-II/datasets/imb_flower_0.1/seed0/mexican_petunia/1011.jpg	Green foliage, blurred.
/n/fs/wy-project/Diff-II/datasets/imb_flower_0.1/seed0/mexican_petunia/1015.jpg	Green leaves, blurred background.
/n/fs/wy-project/Diff-II/datasets/imb_flower_0.1/seed0/mexican_petunia/1006.jpg	Green foliage.
/n/fs/wy-project/Diff-II/datasets/imb_flower_0.1/seed0/mexican_petunia/1003.jpg	The background is dark green foliage.
/n/fs/wy-project/Diff-II/datasets/imb_flower_0.1/seed0/mexican_petunia/1004.jpg	Green foliage, blurred background.
/n/fs/wy-project/Diff-II/datasets/imb_flower_0.1/seed0/mexican_petunia/1016.jpg	Green leaves.
/n/fs/wy-project/Diff-II/datasets/imb_flower_0.1/seed0/mexican_petunia/1001.jpg	The background is blurred greenery.
/n/fs/wy-project/Diff-II/datasets/imb_flower_0.1/seed0/mexican_petunia/1012.jpg	The background is green foliage.
/n/fs/wy-project/Diff-II/datasets/imb_flower_0.1/seed0/mexican_petunia/1014.jpg	Blurred, dark green.
/n/fs/wy-project/Diff-II/datasets/imb_flower_0.1/seed0/mexican_petunia/1013.jpg	Green leaves, blurred background.
/n/fs/wy-project/Diff-II/datasets/imb_flower_0.1/seed0/mexican_petunia/1010.jpg	Green foliage.
/n/fs/wy-project/Diff-II/datasets/imb_flower_0.1/seed0/bromelia/1247.jpg	Dark green leaves surround a vibrant red flower.
/n/fs/wy-project/Diff-II/datasets/imb_flower_0.1/seed0/bromelia/1242.jpg	The background is dark and rocky.
/n/fs/wy-project/Diff-II/datasets/imb_flower_0.1/seed0/bromelia/1246.jpg	Dark green leaves.
/n/fs/wy-project/Diff-II/datasets/imb_flower_0.1/seed0/bromelia/1248.jpg	Green leaves and blurred background.
/n/fs/wy-project/Diff-II/datasets/imb_flower_0.1/seed0/bromelia/1245.jpg	Green leaves.
/n/fs/wy-project/Diff-II/datasets/imb_flower_0.1/seed0/bromelia/1240.jpg	Green leaves and plastic wrap.
/n/fs/wy-project/Diff-II/datasets/imb_flower_0.1/seed0/bromelia/1244.jpg	White tiled wall.
/n/fs/wy-project/Diff-II/datasets/imb_flower_0.1/seed0/bromelia/1249.jpg	The background is plain white.
/n/fs/wy-project/Diff-II/datasets/imb_flower_0.1/seed0/bromelia/1243.jpg	Dark green leaves.
/n/fs/wy-project/Diff-II/datasets/imb_flower_0.1/seed0/bromelia/1241.jpg	Green leaves.
/n/fs/wy-project/Diff-II/datasets/imb_flower_0.1/seed0/blanket_flower/1430.jpg	Green leaves.
/n/fs/wy-project/Diff-II/datasets/imb_flower_0.1/seed0/blanket_flower/1431.jpg	Green foliage.
/n/fs/wy-project/Diff-II/datasets/imb_flower_0.1/seed0/blanket_flower/1427.jpg	Green leaves and blurred background.
/n/fs/wy-project/Diff-II/datasets/imb_flower_0.1/seed0/blanket_flower/1426.jpg	Green foliage, blurred background.
/n/fs/wy-project/Diff-II/datasets/imb_flower_0.1/seed0/blanket_flower/1429.jpg	Green leaves.
/n/fs/wy-project/Diff-II/datasets/imb_flower_0.1/seed0/blanket_flower/1428.jpg	The background is dry, with muted earth tones and scattered leaves.
/n/fs/wy-project/Diff-II/datasets/imb_flower_0.1/seed0/trumpet_creeper/1310.jpg	A flower with a textured white wall and green leaves in the background.
/n/fs/wy-project/Diff-II/datasets/imb_flower_0.1/seed0/trumpet_creeper/1311.jpg	Green leaves and blurred background.
/n/fs/wy-project/Diff-II/datasets/imb_flower_0.1/seed0/trumpet_creeper/1314.jpg	Green leaves, wooden fence.
/n/fs/wy-project/Diff-II/datasets/imb_flower_0.1/seed0/trumpet_creeper/1316.jpg	Dark green, blurred.
/n/fs/wy-project/Diff-II/datasets/imb_flower_0.1/seed0/trumpet_creeper/1315.jpg	Green foliage, blurred background.
/n/fs/wy-project/Diff-II/datasets/imb_flower_0.1/seed0/trumpet_creeper/1312.jpg	The background is blurred green foliage and a textured wall.
/n/fs/wy-project/Diff-II/datasets/imb_flower_0.1/seed0/trumpet_creeper/1309.jpg	Green leaves.
/n/fs/wy-project/Diff-II/datasets/imb_flower_0.1/seed0/trumpet_creeper/1313.jpg	A flower against a clear blue sky.
/n/fs/wy-project/Diff-II/datasets/imb_flower_0.1/seed0/trumpet_creeper/1308.jpg	Dark green, blurred.
/n/fs/wy-project/Diff-II/datasets/imb_flower_0.1/seed0/blackberry_lily/1437.jpg	Blurred green background.
/n/fs/wy-project/Diff-II/datasets/imb_flower_0.1/seed0/blackberry_lily/1432.jpg	The background is blurred green.
/n/fs/wy-project/Diff-II/datasets/imb_flower_0.1/seed0/blackberry_lily/1434.jpg	Green leaves and blurred background.
/n/fs/wy-project/Diff-II/datasets/imb_flower_0.1/seed0/blackberry_lily/1433.jpg	The background is dark.
/n/fs/wy-project/Diff-II/datasets/imb_flower_0.1/seed0/blackberry_lily/1436.jpg	Green leaves and stems.
/n/fs/wy-project/Diff-II/datasets/imb_flower_0.1/seed0/blackberry_lily/1435.jpg	Blurred green and white.