image	response
../dataset/datasets/imb_flower_0.1/train/pink_primrose/1485.jpg	A flower stands upright with petals spread open.
../dataset/datasets/imb_flower_0.1/train/pink_primrose/1487.jpg	A flower stands upright with petals spread open.
../dataset/datasets/imb_flower_0.1/train/pink_primrose/1486.jpg	A flower held gently between fingers.
../dataset/datasets/imb_flower_0.1/train/pink_primrose/1488.jpg	A flower stands upright with petals spread open.
../dataset/datasets/imb_flower_0.1/train/pink_primrose/1489.jpg	A flower stands upright with petals spread open.
../dataset/datasets/imb_flower_0.1/train/hard-leaved_pocket_orchid/1255.jpg	A flower stands upright with petals spread.
../dataset/datasets/imb_flower_0.1/train/hard-leaved_pocket_orchid/1257.jpg	A flower hangs upside down.
../dataset/datasets/imb_flower_0.1/train/hard-leaved_pocket_orchid/1258.jpg	A flower stands upright with petals spread open.
../dataset/datasets/imb_flower_0.1/train/hard-leaved_pocket_orchid/1259.jpg	A flower stands upright with petals spread.
../dataset/datasets/imb_flower_0.1/train/hard-leaved_pocket_orchid/1253.jpg	A flower stands upright with petals spread open.
../dataset/datasets/imb_flower_0.1/train/hard-leaved_pocket_orchid/1254.jpg	A flower stands upright with petals spread.
../dataset/datasets/imb_flower_0.1/train/hard-leaved_pocket_orchid/1256.jpg	A flower stands upright with petals spread open.
../dataset/datasets/imb_flower_0.1/train/hard-leaved_pocket_orchid/1250.jpg	A flower stands upright with petals spread.
../dataset/datasets/imb_flower_0.1/train/hard-leaved_pocket_orchid/1251.jpg	A flower stands upright with petals spread open.
../dataset/datasets/imb_flower_0.1/train/hard-leaved_pocket_orchid/1252.jpg	A flower stands upright with petals spread.
../dataset/datasets/imb_flower_0.1/train/canterbury_bells/1491.jpg	A flower stands upright, bell-shaped petals drooping slightly.
../dataset/datasets/imb_flower_0.1/train/canterbury_bells/1493.jpg	A flower stands upright with petals spread open.
../dataset/datasets/imb_flower_0.1/train/canterbury_bells/1490.jpg	A flower stands upright with petals spread open.
../dataset/datasets/imb_flower_0.1/train/canterbury_bells/1492.jpg	A flower is drooping.
../dataset/datasets/imb_flower_0.1/train/sweet_pea/1318.jpg	A flower stands gracefully, petals slightly curled.
../dataset/datasets/imb_flower_0.1/train/sweet_pea/1323.jpg	A flower is drooping.
../dataset/datasets/imb_flower_0.1/train/sweet_pea/1322.jpg	A flower stands upright, petals spread wide.
../dataset/datasets/imb_flower_0.1/train/sweet_pea/1320.jpg	A flower is drooping.
../dataset/datasets/imb_flower_0.1/train/sweet_pea/1324.jpg	A flower stands upright, petals slightly curved.
../dataset/datasets/imb_flower_0.1/train/sweet_pea/1325.jpg	A flower is drooping.
../dataset/datasets/imb_flower_0.1/train/sweet_pea/1317.jpg	A flower stands upright with petals spread open.
../dataset/datasets/imb_flower_0.1/train/sweet_pea/1321.jpg	A flower is slightly tilted, petals spread open.
../dataset/datasets/imb_flower_0.1/train/sweet_pea/1319.jpg	A flower leans slightly, petals open.
../dataset/datasets/imb_flower_0.1/train/english_marigold/1198.jpg	A flower stands upright with petals fully open.
../dataset/datasets/imb_flower_0.1/train/english_marigold/1204.jpg	A flower stands upright.
../dataset/datasets/imb_flower_0.1/train/english_marigold/1195.jpg	A flower stands upright with petals fully open.
../dataset/datasets/imb_flower_0.1/train/english_marigold/1203.jpg	A flower held gently between fingers.
../dataset/datasets/imb_flower_0.1/train/english_marigold/1196.jpg	A flower stands open, facing forward.
../dataset/datasets/imb_flower_0.1/train/english_marigold/1197.jpg	A flower stands upright with petals spread.
../dataset/datasets/imb_flower_0.1/train/english_marigold/1199.jpg	A flower stands upright, fully bloomed.
../dataset/datasets/imb_flower_0.1/train/english_marigold/1205.jpg	A flower stands upright, petals spread wide.
../dataset/datasets/imb_flower_0.1/train/english_marigold/1200.jpg	A flower stands upright, fully bloomed.
../dataset/datasets/imb_flower_0.1/train/english_marigold/1201.jpg	A flower stands upright with petals fully unfurled.
../dataset/datasets/imb_flower_0.1/train/english_marigold/1206.jpg	A flower stands upright.
../dataset/datasets/imb_flower_0.1/train/english_marigold/1202.jpg	A flower stands upright with petals fully open.
../dataset/datasets/imb_flower_0.1/train/tiger_lily/1458.jpg	A flower stands upright with petals spread.
../dataset/datasets/imb_flower_0.1/train/tiger_lily/1457.jpg	A flower is leaning against a wooden fence.
../dataset/datasets/imb_flower_0.1/train/tiger_lily/1456.jpg	A flower stands upright with petals spread open.
../dataset/datasets/imb_flower_0.1/train/tiger_lily/1459.jpg	A flower stands upright with petals spread.
../dataset/datasets/imb_flower_0.1/train/tiger_lily/1455.jpg	A flower stands upright with petals spread open.
../dataset/datasets/imb_flower_0.1/train/moon_orchid/1495.jpg	A flower is drooping.
../dataset/datasets/imb_flower_0.1/train/moon_orchid/1496.jpg	A flower is slightly drooping.
../dataset/datasets/imb_flower_0.1/train/moon_orchid/1494.jpg	A flower is slightly drooping.
../dataset/datasets/imb_flower_0.1/train/moon_orchid/1497.jpg	A flower is open, displaying its petals and center.
../dataset/datasets/imb_flower_0.1/train/bird_of_paradise/898.jpg	A flower stands upright with petals spread wide.
../dataset/datasets/imb_flower_0.1/train/bird_of_paradise/911.jpg	A flower stands upright with vibrant petals spread wide.
../dataset/datasets/imb_flower_0.1/train/bird_of_paradise/897.jpg	A flower stands upright, petals spread.
../dataset/datasets/imb_flower_0.1/train/bird_of_paradise/900.jpg	A flower stands upright, petals spread wide.
../dataset/datasets/imb_flower_0.1/train/bird_of_paradise/902.jpg	A flower stands upright with petals spread.
../dataset/datasets/imb_flower_0.1/train/bird_of_paradise/905.jpg	A flower stands upright, petals spread wide.
../dataset/datasets/imb_flower_0.1/train/bird_of_paradise/908.jpg	A flower stands upright, petals spread wide.
../dataset/datasets/imb_flower_0.1/train/bird_of_paradise/896.jpg	A flower stands upright with petals spread.
../dataset/datasets/imb_flower_0.1/train/bird_of_paradise/904.jpg	A flower stands upright with vibrant petals spread wide.
../dataset/datasets/imb_flower_0.1/train/bird_of_paradise/912.jpg	A flower stands upright with vibrant petals spread wide.
../dataset/datasets/imb_flower_0.1/train/bird_of_paradise/906.jpg	A flower stands upright with vibrant petals spread wide.
../dataset/datasets/imb_flower_0.1/train/bird_of_paradise/895.jpg	A flower stands upright, petals spread.
../dataset/datasets/imb_flower_0.1/train/bird_of_paradise/907.jpg	A flower stands upright, petals spread wide.
../dataset/datasets/imb_flower_0.1/train/bird_of_paradise/901.jpg	A flower stands upright with vibrant petals spread wide.
../dataset/datasets/imb_flower_0.1/train/bird_of_paradise/913.jpg	A flower stands upright with vibrant petals.
../dataset/datasets/imb_flower_0.1/train/bird_of_paradise/910.jpg	A flower stands upright with petals spread wide.
../dataset/datasets/imb_flower_0.1/train/bird_of_paradise/909.jpg	A flower stands upright with vibrant petals spread wide.
../dataset/datasets/imb_flower_0.1/train/bird_of_paradise/903.jpg	A flower stands tall, leaning slightly to the right.
../dataset/datasets/imb_flower_0.1/train/bird_of_paradise/899.jpg	A flower stands upright, petals spread wide.
../dataset/datasets/imb_flower_0.1/train/monkshood/1442.jpg	A flower droops gracefully.
../dataset/datasets/imb_flower_0.1/train/monkshood/1443.jpg	A flower stands upright, slightly tilted.
../dataset/datasets/imb_flower_0.1/train/monkshood/1439.jpg	A flower stands upright, slightly drooping petals.
../dataset/datasets/imb_flower_0.1/train/monkshood/1440.jpg	A flower stands upright with petals spread open.
../dataset/datasets/imb_flower_0.1/train/monkshood/1441.jpg	A flower stands upright with petals spread open.
../dataset/datasets/imb_flower_0.1/train/monkshood/1438.jpg	A flower hangs downward.
../dataset/datasets/imb_flower_0.1/train/globe_thistle/1462.jpg	A flower stands upright, petals fanned out.
../dataset/datasets/imb_flower_0.1/train/globe_thistle/1461.jpg	A flower stands upright, displaying its spiky petals.
../dataset/datasets/imb_flower_0.1/train/globe_thistle/1463.jpg	A flower stands upright, fully bloomed.
../dataset/datasets/imb_flower_0.1/train/globe_thistle/1464.jpg	A flower stands upright, fully bloomed.
../dataset/datasets/imb_flower_0.1/train/globe_thistle/1460.jpg	A flower stands upright, spherical and spiky.
../dataset/datasets/imb_flower_0.1/train/snapdragon/841.jpg	A flower leans slightly forward.
../dataset/datasets/imb_flower_0.1/train/snapdragon/847.jpg	A flower stands upright with petals spread open.
../dataset/datasets/imb_flower_0.1/train/snapdragon/838.jpg	A flower stands upright with petals slightly curled.
../dataset/datasets/imb_flower_0.1/train/snapdragon/844.jpg	A flower stands upright with petals slightly spread.
../dataset/datasets/imb_flower_0.1/train/snapdragon/852.jpg	A flower stands upright with petals spread open.
../dataset/datasets/imb_flower_0.1/train/snapdragon/848.jpg	A flower stands upright, blooming vividly.
../dataset/datasets/imb_flower_0.1/train/snapdragon/853.jpg	A flower stands upright with petals spread open.
../dataset/datasets/imb_flower_0.1/train/snapdragon/850.jpg	A flower stands upright with petals fanning outwards.
../dataset/datasets/imb_flower_0.1/train/snapdragon/846.jpg	A flower stands upright with petals slightly curved.
../dataset/datasets/imb_flower_0.1/train/snapdragon/855.jpg	A flower stands upright with vibrant petals.
../dataset/datasets/imb_flower_0.1/train/snapdragon/837.jpg	A flower stands upright with vibrant petals.
../dataset/datasets/imb_flower_0.1/train/snapdragon/840.jpg	A flower stands upright, slightly curved.
../dataset/datasets/imb_flower_0.1/train/snapdragon/843.jpg	A flower stands upright, slightly drooping at the edges.
../dataset/datasets/imb_flower_0.1/train/snapdragon/856.jpg	A flower stands upright with petals slightly spread.
../dataset/datasets/imb_flower_0.1/train/snapdragon/849.jpg	A flower stands upright with droplets clinging to its petals.
../dataset/datasets/imb_flower_0.1/train/snapdragon/839.jpg	A flower stands upright with petals slightly spread.
../dataset/datasets/imb_flower_0.1/train/snapdragon/851.jpg	A flower stands upright with droplets on petals.
../dataset/datasets/imb_flower_0.1/train/snapdragon/845.jpg	A flower stands upright with petals slightly curved.
../dataset/datasets/imb_flower_0.1/train/snapdragon/854.jpg	A flower stands upright, droplets cling to its petals.
../dataset/datasets/imb_flower_0.1/train/snapdragon/842.jpg	A flower stands upright with petals spread open.
../dataset/datasets/imb_flower_0.1/train/colt's_foot/870.jpg	A flower stands upright, radiating vibrant yellow petals.
../dataset/datasets/imb_flower_0.1/train/colt's_foot/867.jpg	A flower stands upright, displaying vibrant yellow petals and a central cluster.
../dataset/datasets/imb_flower_0.1/train/colt's_foot/858.jpg	A flower stands upright with vibrant yellow petals spread wide.
../dataset/datasets/imb_flower_0.1/train/colt's_foot/865.jpg	A flower is open and facing forward.
../dataset/datasets/imb_flower_0.1/train/colt's_foot/859.jpg	A flower stands upright with its petals spread open.
../dataset/datasets/imb_flower_0.1/train/colt's_foot/871.jpg	A flower stands upright with its petals fully unfurled.
../dataset/datasets/imb_flower_0.1/train/colt's_foot/869.jpg	A flower stands upright with vibrant yellow petals spread outwards.
../dataset/datasets/imb_flower_0.1/train/colt's_foot/860.jpg	A flower stands upright with its petals slightly curled.
../dataset/datasets/imb_flower_0.1/train/colt's_foot/872.jpg	A flower stands upright with its petals fully unfurled.
../dataset/datasets/imb_flower_0.1/train/colt's_foot/861.jpg	A flower stands upright with vibrant yellow petals.
../dataset/datasets/imb_flower_0.1/train/colt's_foot/875.jpg	A flower stands upright with vibrant yellow petals fanning outwards.
../dataset/datasets/imb_flower_0.1/train/colt's_foot/866.jpg	A flower stands upright with petals fully unfurled.
../dataset/datasets/imb_flower_0.1/train/colt's_foot/862.jpg	A flower stands upright with vibrant yellow petals radiating outward.
../dataset/datasets/imb_flower_0.1/train/colt's_foot/873.jpg	A flower stands resiliently amidst ice.
../dataset/datasets/imb_flower_0.1/train/colt's_foot/874.jpg	A flower stands upright with its petals fully unfurled.
../dataset/datasets/imb_flower_0.1/train/colt's_foot/868.jpg	A flower stands upright with petals spread open.
../dataset/datasets/imb_flower_0.1/train/colt's_foot/857.jpg	A flower stands upright with vibrant yellow petals spread outwards.
../dataset/datasets/imb_flower_0.1/train/colt's_foot/863.jpg	A flower stands upright with its petals spread open.
../dataset/datasets/imb_flower_0.1/train/colt's_foot/864.jpg	A flower stands upright with its petals spread open.
../dataset/datasets/imb_flower_0.1/train/king_protea/1394.jpg	A flower stands upright with petals fanned out.
../dataset/datasets/imb_flower_0.1/train/king_protea/1396.jpg	A flower stands upright with petals spread.
../dataset/datasets/imb_flower_0.1/train/king_protea/1397.jpg	A flower stands upright with petals spread.
../dataset/datasets/imb_flower_0.1/train/king_protea/1398.jpg	A flower stands upright, petals spread wide.
../dataset/datasets/imb_flower_0.1/train/king_protea/1395.jpg	A flower stands upright with vibrant petals spread.
../dataset/datasets/imb_flower_0.1/train/king_protea/1400.jpg	A flower stands upright with petals spread.
../dataset/datasets/imb_flower_0.1/train/king_protea/1399.jpg	A flower stands upright, petals spread wide.
../dataset/datasets/imb_flower_0.1/train/spear_thistle/1401.jpg	A flower stands upright with spiky leaves.
../dataset/datasets/imb_flower_0.1/train/spear_thistle/1402.jpg	A flower stands upright with spiky petals.
../dataset/datasets/imb_flower_0.1/train/spear_thistle/1403.jpg	A flower stands upright, displaying its vibrant purple bloom.
../dataset/datasets/imb_flower_0.1/train/spear_thistle/1406.jpg	A flower stands upright with spiky green base and vibrant purple bloom.
../dataset/datasets/imb_flower_0.1/train/spear_thistle/1405.jpg	A flower stands upright with vibrant pink petals.
../dataset/datasets/imb_flower_0.1/train/spear_thistle/1407.jpg	A flower stands upright with spiky green leaves and a vibrant purple bloom.
../dataset/datasets/imb_flower_0.1/train/spear_thistle/1404.jpg	A flower stands upright with a vibrant purple bloom and spiky green stem.
../dataset/datasets/imb_flower_0.1/train/yellow_iris/1413.jpg	A flower stands upright with petals spread open.
../dataset/datasets/imb_flower_0.1/train/yellow_iris/1409.jpg	A flower is drooping.
../dataset/datasets/imb_flower_0.1/train/yellow_iris/1408.jpg	A flower stands upright with petals spread open.
../dataset/datasets/imb_flower_0.1/train/yellow_iris/1412.jpg	A flower stands upright, petals spread open.
../dataset/datasets/imb_flower_0.1/train/yellow_iris/1411.jpg	A flower stands upright amidst greenery.
../dataset/datasets/imb_flower_0.1/train/yellow_iris/1410.jpg	A flower stands upright, petals spread wide.
../dataset/datasets/imb_flower_0.1/train/globe-flower/1500.jpg	A flower stands upright, slightly leaning forward.
../dataset/datasets/imb_flower_0.1/train/globe-flower/1498.jpg	A flower stands upright with its petals slightly curled.
../dataset/datasets/imb_flower_0.1/train/globe-flower/1499.jpg	A flower is slightly open, revealing its center.
../dataset/datasets/imb_flower_0.1/train/globe-flower/1501.jpg	A flower stands upright with petals slightly curled.
../dataset/datasets/imb_flower_0.1/train/purple_coneflower/919.jpg	A flower stands upright with petals spread.
../dataset/datasets/imb_flower_0.1/train/purple_coneflower/926.jpg	A flower stands upright with petals spread.
../dataset/datasets/imb_flower_0.1/train/purple_coneflower/922.jpg	A flower stands upright with petals spread.
../dataset/datasets/imb_flower_0.1/train/purple_coneflower/916.jpg	A flower stands upright with petals spread.
../dataset/datasets/imb_flower_0.1/train/purple_coneflower/918.jpg	A flower leans slightly to the left.
../dataset/datasets/imb_flower_0.1/train/purple_coneflower/917.jpg	A flower stands tall against a blue sky.
../dataset/datasets/imb_flower_0.1/train/purple_coneflower/928.jpg	A flower stands upright with petals spread.
../dataset/datasets/imb_flower_0.1/train/purple_coneflower/915.jpg	A flower stands upright with petals spread wide.
../dataset/datasets/imb_flower_0.1/train/purple_coneflower/931.jpg	A flower stands upright with petals spread.
../dataset/datasets/imb_flower_0.1/train/purple_coneflower/923.jpg	A flower stands upright with petals spread.
../dataset/datasets/imb_flower_0.1/train/purple_coneflower/920.jpg	A flower leans slightly to the side.
../dataset/datasets/imb_flower_0.1/train/purple_coneflower/924.jpg	A flower stands upright with petals spread wide.
../dataset/datasets/imb_flower_0.1/train/purple_coneflower/914.jpg	A flower stands upright with petals spread.
../dataset/datasets/imb_flower_0.1/train/purple_coneflower/921.jpg	A flower stands upright with petals spread.
../dataset/datasets/imb_flower_0.1/train/purple_coneflower/927.jpg	A flower stands upright with petals spread.
../dataset/datasets/imb_flower_0.1/train/purple_coneflower/925.jpg	A flower stands upright with petals spread.
../dataset/datasets/imb_flower_0.1/train/purple_coneflower/929.jpg	A flower is leaning slightly to the left.
../dataset/datasets/imb_flower_0.1/train/purple_coneflower/930.jpg	A flower stands upright with petals spread.
../dataset/datasets/imb_flower_0.1/train/peruvian_lily/983.jpg	A flower stands open, displaying vibrant petals and intricate stamens.
../dataset/datasets/imb_flower_0.1/train/peruvian_lily/975.jpg	A flower stands upright with petals spread open.
../dataset/datasets/imb_flower_0.1/train/peruvian_lily/978.jpg	A flower is slightly drooping.
../dataset/datasets/imb_flower_0.1/train/peruvian_lily/972.jpg	A flower stands upright with petals fully open.
../dataset/datasets/imb_flower_0.1/train/peruvian_lily/970.jpg	A flower stands upright with petals spread open.
../dataset/datasets/imb_flower_0.1/train/peruvian_lily/968.jpg	A flower stands upright, petals slightly spread.
../dataset/datasets/imb_flower_0.1/train/peruvian_lily/979.jpg	A flower stands upright with petals fully open.
../dataset/datasets/imb_flower_0.1/train/peruvian_lily/971.jpg	A flower stands upright with petals spread open.
../dataset/datasets/imb_flower_0.1/train/peruvian_lily/973.jpg	A flower stands upright with petals spread open.
../dataset/datasets/imb_flower_0.1/train/peruvian_lily/969.jpg	A flower stands upright with petals spread open.
../dataset/datasets/imb_flower_0.1/train/peruvian_lily/982.jpg	A flower stands upright with petals spread open.
../dataset/datasets/imb_flower_0.1/train/peruvian_lily/980.jpg	A flower stands open, petals spread.
../dataset/datasets/imb_flower_0.1/train/peruvian_lily/981.jpg	A flower stands upright with petals spread open.
../dataset/datasets/imb_flower_0.1/train/peruvian_lily/974.jpg	A flower stands upright with petals spread wide.
../dataset/datasets/imb_flower_0.1/train/peruvian_lily/976.jpg	A flower stands upright with petals spread open.
../dataset/datasets/imb_flower_0.1/train/peruvian_lily/967.jpg	A flower stands upright, petals spread wide.
../dataset/datasets/imb_flower_0.1/train/peruvian_lily/977.jpg	A flower stands upright, slightly angled.
../dataset/datasets/imb_flower_0.1/train/balloon_flower/1414.jpg	A flower stands upright with petals spread open.
../dataset/datasets/imb_flower_0.1/train/balloon_flower/1417.jpg	A flower stands upright, slightly tilted.
../dataset/datasets/imb_flower_0.1/train/balloon_flower/1416.jpg	A flower stands upright with petals spread wide.
../dataset/datasets/imb_flower_0.1/train/balloon_flower/1418.jpg	A flower stands upright with petals spread open.
../dataset/datasets/imb_flower_0.1/train/balloon_flower/1415.jpg	A flower leans slightly to the left.
../dataset/datasets/imb_flower_0.1/train/balloon_flower/1419.jpg	A flower stands open, displaying its vibrant petals and intricate center.
../dataset/datasets/imb_flower_0.1/train/giant_white_arum_lily/1332.jpg	A flower stands upright with petals slightly open.
../dataset/datasets/imb_flower_0.1/train/giant_white_arum_lily/1333.jpg	A flower stands upright with droplets.
../dataset/datasets/imb_flower_0.1/train/giant_white_arum_lily/1330.jpg	A flower stands upright, slightly curved at the top.
../dataset/datasets/imb_flower_0.1/train/giant_white_arum_lily/1327.jpg	A flower is open, revealing its center.
../dataset/datasets/imb_flower_0.1/train/giant_white_arum_lily/1329.jpg	A flower stands upright near water.
../dataset/datasets/imb_flower_0.1/train/giant_white_arum_lily/1326.jpg	A flower stands upright with petals slightly curved.
../dataset/datasets/imb_flower_0.1/train/giant_white_arum_lily/1328.jpg	A flower leans slightly to the side.
../dataset/datasets/imb_flower_0.1/train/giant_white_arum_lily/1331.jpg	A flower stands upright with its petals fully open.
../dataset/datasets/imb_flower_0.1/train/fire_lily/1505.jpg	A flower stands upright, petals spread.
../dataset/datasets/imb_flower_0.1/train/fire_lily/1502.jpg	A flower stands upright, petals slightly curved.
../dataset/datasets/imb_flower_0.1/train/fire_lily/1504.jpg	A flower stands upright with petals spread wide.
../dataset/datasets/imb_flower_0.1/train/fire_lily/1503.jpg	A flower stands gracefully, petals unfurled.
../dataset/datasets/imb_flower_0.1/train/pincushion_flower/1285.jpg	A flower stands upright, slightly leaning forward.
../dataset/datasets/imb_flower_0.1/train/pincushion_flower/1283.jpg	A flower stands upright, fully bloomed.
../dataset/datasets/imb_flower_0.1/train/pincushion_flower/1281.jpg	A flower stands upright with petals spread.
../dataset/datasets/imb_flower_0.1/train/pincushion_flower/1288.jpg	A flower stands upright.
../dataset/datasets/imb_flower_0.1/train/pincushion_flower/1289.jpg	A flower stands upright with petals spread.
../dataset/datasets/imb_flower_0.1/train/pincushion_flower/1280.jpg	A flower stands upright with delicate petals and numerous stamens extending upwards.
../dataset/datasets/imb_flower_0.1/train/pincushion_flower/1282.jpg	A flower stands upright.
../dataset/datasets/imb_flower_0.1/train/pincushion_flower/1287.jpg	A flower stands upright.
../dataset/datasets/imb_flower_0.1/train/pincushion_flower/1284.jpg	A flower stands upright with petals spread open.
../dataset/datasets/imb_flower_0.1/train/pincushion_flower/1286.jpg	A flower stands upright with petals spread.
../dataset/datasets/imb_flower_0.1/train/fritillary/805.jpg	A flower droops downward.
../dataset/datasets/imb_flower_0.1/train/fritillary/815.jpg	A flower droops downward.
../dataset/datasets/imb_flower_0.1/train/fritillary/802.jpg	a flower droops downward.
../dataset/datasets/imb_flower_0.1/train/fritillary/811.jpg	A flower droops downward.
../dataset/datasets/imb_flower_0.1/train/fritillary/806.jpg	A flower hangs downward.
../dataset/datasets/imb_flower_0.1/train/fritillary/800.jpg	A flower droops downward.
../dataset/datasets/imb_flower_0.1/train/fritillary/804.jpg	A flower hangs downward.
../dataset/datasets/imb_flower_0.1/train/fritillary/810.jpg	A flower hangs downward, drooping.
../dataset/datasets/imb_flower_0.1/train/fritillary/798.jpg	A flower droops downward.
../dataset/datasets/imb_flower_0.1/train/fritillary/803.jpg	A flower hangs downward, slightly curved.
../dataset/datasets/imb_flower_0.1/train/fritillary/807.jpg	A flower hangs downward.
../dataset/datasets/imb_flower_0.1/train/fritillary/816.jpg	A flower hangs downward, drooping slightly.
../dataset/datasets/imb_flower_0.1/train/fritillary/801.jpg	A flower droops downward.
../dataset/datasets/imb_flower_0.1/train/fritillary/797.jpg	A flower hangs downward, drooping.
../dataset/datasets/imb_flower_0.1/train/fritillary/813.jpg	A flower hangs downward.
../dataset/datasets/imb_flower_0.1/train/fritillary/796.jpg	A flower droops downward.
../dataset/datasets/imb_flower_0.1/train/fritillary/814.jpg	A flower droops downward.
../dataset/datasets/imb_flower_0.1/train/fritillary/808.jpg	A flower droops downward.
../dataset/datasets/imb_flower_0.1/train/fritillary/809.jpg	A flower droops gracefully.
../dataset/datasets/imb_flower_0.1/train/fritillary/799.jpg	A flower droops gracefully.
../dataset/datasets/imb_flower_0.1/train/fritillary/812.jpg	A flower hangs upside down.
../dataset/datasets/imb_flower_0.1/train/red_ginger/1473.jpg	A flower stands upright with vibrant red petals.
../dataset/datasets/imb_flower_0.1/train/red_ginger/1472.jpg	A flower stands upright with vibrant red petals.
../dataset/datasets/imb_flower_0.1/train/red_ginger/1474.jpg	A flower stands upright with vibrant red petals.
../dataset/datasets/imb_flower_0.1/train/red_ginger/1470.jpg	A flower stands upright, vibrant red petals reaching skyward.
../dataset/datasets/imb_flower_0.1/train/red_ginger/1471.jpg	A flower stands upright, blooming.
../dataset/datasets/imb_flower_0.1/train/grape_hyacinth/1507.jpg	A flower is in bloom, with its petals spread open.
../dataset/datasets/imb_flower_0.1/train/grape_hyacinth/1509.jpg	A flower stands upright with drooping petals.
../dataset/datasets/imb_flower_0.1/train/grape_hyacinth/1506.jpg	A flower stands upright, slightly drooping at the bottom.
../dataset/datasets/imb_flower_0.1/train/grape_hyacinth/1508.jpg	A flower stands upright, slightly drooping at the tips.
../dataset/datasets/imb_flower_0.1/train/corn_poppy/1513.jpg	A flower stands upright with petals spread open.
../dataset/datasets/imb_flower_0.1/train/corn_poppy/1510.jpg	A flower stands upright, fully bloomed.
../dataset/datasets/imb_flower_0.1/train/corn_poppy/1511.jpg	A flower stands upright, petals spread wide.
../dataset/datasets/imb_flower_0.1/train/corn_poppy/1512.jpg	A flower stands upright with petals fully unfurled.
../dataset/datasets/imb_flower_0.1/train/prince_of_wales_feathers/1515.jpg	A flower stands upright with vibrant red petals.
../dataset/datasets/imb_flower_0.1/train/prince_of_wales_feathers/1516.jpg	A flower stands upright, vibrant pink petals fanned out.
../dataset/datasets/imb_flower_0.1/train/prince_of_wales_feathers/1514.jpg	A flower stands upright, vibrant red.
../dataset/datasets/imb_flower_0.1/train/prince_of_wales_feathers/1517.jpg	A flower stands upright, blooming vibrantly.
../dataset/datasets/imb_flower_0.1/train/stemless_gentian/1108.jpg	A flower stands upright, slightly leaning forward.
../dataset/datasets/imb_flower_0.1/train/stemless_gentian/1119.jpg	A flower stands upright with petals spread open.
../dataset/datasets/imb_flower_0.1/train/stemless_gentian/1114.jpg	A flower stands upright with petals spread open.
../dataset/datasets/imb_flower_0.1/train/stemless_gentian/1113.jpg	A flower stands upright with petals spread open.
../dataset/datasets/imb_flower_0.1/train/stemless_gentian/1112.jpg	A flower stands upright amidst greenery.
../dataset/datasets/imb_flower_0.1/train/stemless_gentian/1118.jpg	A flower stands upright with petals spread open.
../dataset/datasets/imb_flower_0.1/train/stemless_gentian/1109.jpg	A flower stands upright with petals spread open.
../dataset/datasets/imb_flower_0.1/train/stemless_gentian/1111.jpg	A flower stands upright with petals slightly spread.
../dataset/datasets/imb_flower_0.1/train/stemless_gentian/1116.jpg	A flower stands upright with petals spread open.
../dataset/datasets/imb_flower_0.1/train/stemless_gentian/1117.jpg	A flower stands upright, petals spread open.
../dataset/datasets/imb_flower_0.1/train/stemless_gentian/1107.jpg	A flower stands upright with petals spread open.
../dataset/datasets/imb_flower_0.1/train/stemless_gentian/1115.jpg	A flower stands upright, petals spread open.
../dataset/datasets/imb_flower_0.1/train/stemless_gentian/1106.jpg	A flower stands upright amidst greenery.
../dataset/datasets/imb_flower_0.1/train/stemless_gentian/1110.jpg	A flower stands upright amidst grass.
../dataset/datasets/imb_flower_0.1/train/artichoke/1024.jpg	A flower stands upright with its petals spread outwards.
../dataset/datasets/imb_flower_0.1/train/artichoke/1032.jpg	A flower stands upright with spiky petals.
../dataset/datasets/imb_flower_0.1/train/artichoke/1020.jpg	A flower stands upright with its petals spread open.
../dataset/datasets/imb_flower_0.1/train/artichoke/1023.jpg	A flower stands upright, displaying its spiky petals.
../dataset/datasets/imb_flower_0.1/train/artichoke/1031.jpg	A flower stands upright, fully bloomed.
../dataset/datasets/imb_flower_0.1/train/artichoke/1019.jpg	A flower stands upright with spiky petals.
../dataset/datasets/imb_flower_0.1/train/artichoke/1022.jpg	A flower stands upright, slightly leaning forward.
../dataset/datasets/imb_flower_0.1/train/artichoke/1026.jpg	A flower stands upright with petals spread.
../dataset/datasets/imb_flower_0.1/train/artichoke/1021.jpg	A flower stands upright with petals spread.
../dataset/datasets/imb_flower_0.1/train/artichoke/1030.jpg	A flower stands upright with its vibrant purple bloom facing forward.
../dataset/datasets/imb_flower_0.1/train/artichoke/1028.jpg	A flower stands upright with its petals spread out.
../dataset/datasets/imb_flower_0.1/train/artichoke/1018.jpg	A flower stands upright with spiky petals.
../dataset/datasets/imb_flower_0.1/train/artichoke/1029.jpg	A flower stands upright with its petals spread open.
../dataset/datasets/imb_flower_0.1/train/artichoke/1027.jpg	A flower stands upright with its petals spread open.
../dataset/datasets/imb_flower_0.1/train/artichoke/1025.jpg	A flower stands upright, fully bloomed.
../dataset/datasets/imb_flower_0.1/train/artichoke/1017.jpg	A flower stands upright with its petals spread.
../dataset/datasets/imb_flower_0.1/train/sweet_william/933.jpg	A flower stands upright with petals spread open.
../dataset/datasets/imb_flower_0.1/train/sweet_william/945.jpg	A flower is fully bloomed with vibrant red and white petals.
../dataset/datasets/imb_flower_0.1/train/sweet_william/946.jpg	A flower stands upright with petals spread open.
../dataset/datasets/imb_flower_0.1/train/sweet_william/936.jpg	A flower stands upright, displaying its vibrant petals.
../dataset/datasets/imb_flower_0.1/train/sweet_william/947.jpg	A flower stands upright with petals spread open.
../dataset/datasets/imb_flower_0.1/train/sweet_william/941.jpg	A flower stands upright, petals spread open.
../dataset/datasets/imb_flower_0.1/train/sweet_william/942.jpg	A flower stands upright with petals spread open.
../dataset/datasets/imb_flower_0.1/train/sweet_william/948.jpg	A flower is slightly tilted, showcasing its delicate petals and vibrant colors.
../dataset/datasets/imb_flower_0.1/train/sweet_william/949.jpg	A flower stands upright with petals spread open.
../dataset/datasets/imb_flower_0.1/train/sweet_william/938.jpg	A flower is slightly tilted upwards.
../dataset/datasets/imb_flower_0.1/train/sweet_william/944.jpg	A flower is slightly tilted, showcasing its vibrant petals.
../dataset/datasets/imb_flower_0.1/train/sweet_william/935.jpg	A flower stands upright, petals fully unfurled.
../dataset/datasets/imb_flower_0.1/train/sweet_william/937.jpg	A flower is slightly drooping.
../dataset/datasets/imb_flower_0.1/train/sweet_william/943.jpg	A flower stands upright, petals spread open.
../dataset/datasets/imb_flower_0.1/train/sweet_william/940.jpg	A flower stands upright with petals spread open.
../dataset/datasets/imb_flower_0.1/train/sweet_william/932.jpg	A flower stands upright, fully bloomed.
../dataset/datasets/imb_flower_0.1/train/sweet_william/939.jpg	A flower stands upright with petals spread open.
../dataset/datasets/imb_flower_0.1/train/sweet_william/934.jpg	A flower stands upright, fully bloomed.
../dataset/datasets/imb_flower_0.1/train/carnation/1377.jpg	A flower lies flat, slightly overlapping another.
../dataset/datasets/imb_flower_0.1/train/carnation/1376.jpg	A flower stands upright, slightly tilted forward.
../dataset/datasets/imb_flower_0.1/train/carnation/1374.jpg	A flower stands upright, fully bloomed.
../dataset/datasets/imb_flower_0.1/train/carnation/1378.jpg	A flower stands upright, fully bloomed.
../dataset/datasets/imb_flower_0.1/train/carnation/1379.jpg	A flower stands upright, fully bloomed.
../dataset/datasets/imb_flower_0.1/train/carnation/1375.jpg	A flower stands upright with petals fully unfurled.
../dataset/datasets/imb_flower_0.1/train/carnation/1373.jpg	A flower stands upright, petals unfurled.
../dataset/datasets/imb_flower_0.1/train/garden_phlox/1468.jpg	A flower stands upright with petals fully open.
../dataset/datasets/imb_flower_0.1/train/garden_phlox/1467.jpg	A flower is slightly tilted.
../dataset/datasets/imb_flower_0.1/train/garden_phlox/1466.jpg	A flower stands upright, slightly drooping at the edges.
../dataset/datasets/imb_flower_0.1/train/garden_phlox/1465.jpg	A flower stands upright with petals fully open.
../dataset/datasets/imb_flower_0.1/train/garden_phlox/1469.jpg	A flower stands upright, slightly drooping at the edges.
../dataset/datasets/imb_flower_0.1/train/love_in_the_mist/1445.jpg	A flower stands upright, petals spread wide.
../dataset/datasets/imb_flower_0.1/train/love_in_the_mist/1448.jpg	A flower stands upright with delicate petals and spiky stamens.
../dataset/datasets/imb_flower_0.1/train/love_in_the_mist/1447.jpg	A flower stands upright with delicate petals and spiky stamens.
../dataset/datasets/imb_flower_0.1/train/love_in_the_mist/1449.jpg	A flower stands upright with vibrant blue petals and green center.
../dataset/datasets/imb_flower_0.1/train/love_in_the_mist/1444.jpg	A flower stands upright with delicate petals and spiky stamens.
../dataset/datasets/imb_flower_0.1/train/love_in_the_mist/1446.jpg	A flower stands upright with petals spread.
../dataset/datasets/imb_flower_0.1/train/mexican_aster/1520.jpg	A flower stands upright with petals spread open.
../dataset/datasets/imb_flower_0.1/train/mexican_aster/1518.jpg	A flower stands upright with petals spread open.
../dataset/datasets/imb_flower_0.1/train/mexican_aster/1521.jpg	A flower is held gently between fingers.
../dataset/datasets/imb_flower_0.1/train/mexican_aster/1519.jpg	A flower stands upright with petals fully open.
../dataset/datasets/imb_flower_0.1/train/alpine_sea_holly/1476.jpg	A flower stands upright with spiky petals.
../dataset/datasets/imb_flower_0.1/train/alpine_sea_holly/1478.jpg	A flower stands upright with spiky petals.
../dataset/datasets/imb_flower_0.1/train/alpine_sea_holly/1479.jpg	A flower stands upright with spiky leaves.
../dataset/datasets/imb_flower_0.1/train/alpine_sea_holly/1477.jpg	A flower stands upright with spiky purple petals.
../dataset/datasets/imb_flower_0.1/train/alpine_sea_holly/1475.jpg	A flower stands upright with spiky leaves.
../dataset/datasets/imb_flower_0.1/train/ruby-lipped_cattleya/1065.jpg	A flower is slightly tilted.
../dataset/datasets/imb_flower_0.1/train/ruby-lipped_cattleya/1077.jpg	A flower stands gracefully, petals slightly spread.
../dataset/datasets/imb_flower_0.1/train/ruby-lipped_cattleya/1064.jpg	A flower stands upright with petals spread open.
../dataset/datasets/imb_flower_0.1/train/ruby-lipped_cattleya/1070.jpg	A flower stands gracefully, petals slightly curled.
../dataset/datasets/imb_flower_0.1/train/ruby-lipped_cattleya/1066.jpg	A flower is slightly tilted, showcasing its delicate petals.
../dataset/datasets/imb_flower_0.1/train/ruby-lipped_cattleya/1067.jpg	A flower stands gracefully, petals unfurled.
../dataset/datasets/imb_flower_0.1/train/ruby-lipped_cattleya/1068.jpg	A flower stands upright with petals spread open.
../dataset/datasets/imb_flower_0.1/train/ruby-lipped_cattleya/1063.jpg	A flower stands upright with petals spread open.
../dataset/datasets/imb_flower_0.1/train/ruby-lipped_cattleya/1076.jpg	A flower stands upright with petals spread open.
../dataset/datasets/imb_flower_0.1/train/ruby-lipped_cattleya/1072.jpg	A flower stands upright with petals spread open.
../dataset/datasets/imb_flower_0.1/train/ruby-lipped_cattleya/1073.jpg	A flower leans slightly, petals spread.
../dataset/datasets/imb_flower_0.1/train/ruby-lipped_cattleya/1071.jpg	A flower stands upright with petals spread open.
../dataset/datasets/imb_flower_0.1/train/ruby-lipped_cattleya/1075.jpg	A flower is slightly drooping.
../dataset/datasets/imb_flower_0.1/train/ruby-lipped_cattleya/1069.jpg	A flower is drooping slightly.
../dataset/datasets/imb_flower_0.1/train/ruby-lipped_cattleya/1074.jpg	A flower is slightly tilted.
../dataset/datasets/imb_flower_0.1/train/cape_flower/563.jpg	A flower leans slightly to the left.
../dataset/datasets/imb_flower_0.1/train/cape_flower/581.jpg	A flower is drooping.
../dataset/datasets/imb_flower_0.1/train/cape_flower/567.jpg	A flower is drooping.
../dataset/datasets/imb_flower_0.1/train/cape_flower/582.jpg	A flower leans gracefully, petals unfurled.
../dataset/datasets/imb_flower_0.1/train/cape_flower/570.jpg	A flower leans slightly to the side.
../dataset/datasets/imb_flower_0.1/train/cape_flower/576.jpg	A flower stands gracefully, petals unfurled.
../dataset/datasets/imb_flower_0.1/train/cape_flower/559.jpg	A flower leans slightly to the side.
../dataset/datasets/imb_flower_0.1/train/cape_flower/583.jpg	A flower stands gracefully, petals unfurled.
../dataset/datasets/imb_flower_0.1/train/cape_flower/578.jpg	A flower droops gracefully.
../dataset/datasets/imb_flower_0.1/train/cape_flower/562.jpg	A flower stands upright with petals slightly curved.
../dataset/datasets/imb_flower_0.1/train/cape_flower/580.jpg	A flower stands upright with petals spread.
../dataset/datasets/imb_flower_0.1/train/cape_flower/571.jpg	A flower hangs downward.
../dataset/datasets/imb_flower_0.1/train/cape_flower/569.jpg	A flower stands gracefully, petals unfurled.
../dataset/datasets/imb_flower_0.1/train/cape_flower/575.jpg	A flower stands upright with petals spread.
../dataset/datasets/imb_flower_0.1/train/cape_flower/574.jpg	A flower leans slightly to the side.
../dataset/datasets/imb_flower_0.1/train/cape_flower/572.jpg	A flower stands gracefully, petals slightly curled.
../dataset/datasets/imb_flower_0.1/train/cape_flower/573.jpg	A flower stands gracefully, petals unfurled.
../dataset/datasets/imb_flower_0.1/train/cape_flower/564.jpg	A flower stands gracefully, petals slightly curled.
../dataset/datasets/imb_flower_0.1/train/cape_flower/577.jpg	A flower leans gracefully, petals unfurled.
../dataset/datasets/imb_flower_0.1/train/cape_flower/561.jpg	A flower leans gracefully, petals unfurled.
../dataset/datasets/imb_flower_0.1/train/cape_flower/565.jpg	A flower leans gracefully, petals unfurled.
../dataset/datasets/imb_flower_0.1/train/cape_flower/566.jpg	A flower leans gracefully.
../dataset/datasets/imb_flower_0.1/train/cape_flower/568.jpg	A flower droops gracefully.
../dataset/datasets/imb_flower_0.1/train/cape_flower/558.jpg	A flower is drooping.
../dataset/datasets/imb_flower_0.1/train/cape_flower/560.jpg	A flower stands upright with petals spread.
../dataset/datasets/imb_flower_0.1/train/cape_flower/579.jpg	A flower leans slightly to the side.
../dataset/datasets/imb_flower_0.1/train/great_masterwort/1341.jpg	A flower stands upright with petals spread open.
../dataset/datasets/imb_flower_0.1/train/great_masterwort/1339.jpg	A flower stands upright with petals spread open.
../dataset/datasets/imb_flower_0.1/train/great_masterwort/1338.jpg	A flower stands upright with delicate petals and numerous stamens.
../dataset/datasets/imb_flower_0.1/train/great_masterwort/1336.jpg	A flower stands upright with petals spread wide.
../dataset/datasets/imb_flower_0.1/train/great_masterwort/1337.jpg	A flower stands upright with petals spread outwards.
../dataset/datasets/imb_flower_0.1/train/great_masterwort/1340.jpg	A flower stands upright with delicate petals spread.
../dataset/datasets/imb_flower_0.1/train/great_masterwort/1334.jpg	A flower stands upright with petals spread wide.
../dataset/datasets/imb_flower_0.1/train/great_masterwort/1335.jpg	A flower stands upright with petals spread.
../dataset/datasets/imb_flower_0.1/train/siam_tulip/1523.jpg	A flower stands upright amidst green grass.
../dataset/datasets/imb_flower_0.1/train/siam_tulip/1525.jpg	A flower stands upright, slightly tilted.
../dataset/datasets/imb_flower_0.1/train/siam_tulip/1522.jpg	A flower is slightly tilted, showcasing its delicate petals.
../dataset/datasets/imb_flower_0.1/train/siam_tulip/1524.jpg	A flower is in full bloom, upright and open.
../dataset/datasets/imb_flower_0.1/train/lenten_rose/1132.jpg	A flower stands upright with petals spread open.
../dataset/datasets/imb_flower_0.1/train/lenten_rose/1124.jpg	A flower stands open, displaying its vibrant petals and central stamen.
../dataset/datasets/imb_flower_0.1/train/lenten_rose/1125.jpg	A flower is open, revealing its center.
../dataset/datasets/imb_flower_0.1/train/lenten_rose/1129.jpg	A flower droops slightly.
../dataset/datasets/imb_flower_0.1/train/lenten_rose/1130.jpg	A flower is open and facing forward.
../dataset/datasets/imb_flower_0.1/train/lenten_rose/1122.jpg	A flower stands upright with petals slightly spread.
../dataset/datasets/imb_flower_0.1/train/lenten_rose/1128.jpg	A flower is drooping.
../dataset/datasets/imb_flower_0.1/train/lenten_rose/1120.jpg	A flower hangs downward.
../dataset/datasets/imb_flower_0.1/train/lenten_rose/1121.jpg	A flower is drooping.
../dataset/datasets/imb_flower_0.1/train/lenten_rose/1126.jpg	A flower held gently.
../dataset/datasets/imb_flower_0.1/train/lenten_rose/1131.jpg	A flower stands upright with petals fully open.
../dataset/datasets/imb_flower_0.1/train/lenten_rose/1123.jpg	A flower stands upright with petals spread open.
../dataset/datasets/imb_flower_0.1/train/lenten_rose/1127.jpg	A flower stands upright with petals slightly spread.
../dataset/datasets/imb_flower_0.1/train/barbeton_daisy/461.jpg	A flower stands upright with petals fully open.
../dataset/datasets/imb_flower_0.1/train/barbeton_daisy/468.jpg	A flower stands upright with dewdrops glistening on its petals.
../dataset/datasets/imb_flower_0.1/train/barbeton_daisy/474.jpg	A flower stands upright with petals spread wide.
../dataset/datasets/imb_flower_0.1/train/barbeton_daisy/458.jpg	A flower stands upright with petals fully open.
../dataset/datasets/imb_flower_0.1/train/barbeton_daisy/463.jpg	A flower stands open, facing forward.
../dataset/datasets/imb_flower_0.1/train/barbeton_daisy/459.jpg	A flower stands upright with petals spread wide.
../dataset/datasets/imb_flower_0.1/train/barbeton_daisy/471.jpg	A flower stands upright with petals fully spread.
../dataset/datasets/imb_flower_0.1/train/barbeton_daisy/465.jpg	A flower stands upright with petals fully open.
../dataset/datasets/imb_flower_0.1/train/barbeton_daisy/456.jpg	A flower stands upright with petals fully unfurled.
../dataset/datasets/imb_flower_0.1/train/barbeton_daisy/451.jpg	A flower stands upright with petals spread wide.
../dataset/datasets/imb_flower_0.1/train/barbeton_daisy/466.jpg	A flower stands upright, fully bloomed.
../dataset/datasets/imb_flower_0.1/train/barbeton_daisy/453.jpg	A flower stands upright with petals spread open.
../dataset/datasets/imb_flower_0.1/train/barbeton_daisy/446.jpg	A flower stands upright with vibrant petals spread open.
../dataset/datasets/imb_flower_0.1/train/barbeton_daisy/469.jpg	A flower stands upright with petals spread wide.
../dataset/datasets/imb_flower_0.1/train/barbeton_daisy/460.jpg	A flower stands upright, fully bloomed.
../dataset/datasets/imb_flower_0.1/train/barbeton_daisy/462.jpg	A flower stands upright with petals spread open.
../dataset/datasets/imb_flower_0.1/train/barbeton_daisy/450.jpg	A flower stands upright with petals fully unfurled.
../dataset/datasets/imb_flower_0.1/train/barbeton_daisy/455.jpg	A flower stands upright with petals fully unfurled.
../dataset/datasets/imb_flower_0.1/train/barbeton_daisy/467.jpg	A flower stands upright with petals fully open.
../dataset/datasets/imb_flower_0.1/train/barbeton_daisy/448.jpg	A flower stands upright with petals fully open.
../dataset/datasets/imb_flower_0.1/train/barbeton_daisy/473.jpg	A flower stands upright with vibrant orange petals spread wide.
../dataset/datasets/imb_flower_0.1/train/barbeton_daisy/470.jpg	A flower stands upright with petals spread open.
../dataset/datasets/imb_flower_0.1/train/barbeton_daisy/447.jpg	A flower stands upright with petals fully unfurled.
../dataset/datasets/imb_flower_0.1/train/barbeton_daisy/452.jpg	A flower stands upright, fully bloomed.
../dataset/datasets/imb_flower_0.1/train/barbeton_daisy/454.jpg	A flower stands upright with petals fully open.
../dataset/datasets/imb_flower_0.1/train/barbeton_daisy/464.jpg	A flower stands upright with petals fully unfurled.
../dataset/datasets/imb_flower_0.1/train/barbeton_daisy/449.jpg	A flower stands upright, fully bloomed.
../dataset/datasets/imb_flower_0.1/train/barbeton_daisy/457.jpg	A flower stands upright, petals fanned out.
../dataset/datasets/imb_flower_0.1/train/barbeton_daisy/472.jpg	A flower stands upright with petals spread open.
../dataset/datasets/imb_flower_0.1/train/daffodil/1292.jpg	A flower stands upright with petals fully open.
../dataset/datasets/imb_flower_0.1/train/daffodil/1295.jpg	A flower stands upright, facing forward.
../dataset/datasets/imb_flower_0.1/train/daffodil/1290.jpg	A flower is slightly tilted, with petals spread open.
../dataset/datasets/imb_flower_0.1/train/daffodil/1293.jpg	A flower stands upright with petals spread open.
../dataset/datasets/imb_flower_0.1/train/daffodil/1291.jpg	A flower stands upright with petals spread open.
../dataset/datasets/imb_flower_0.1/train/daffodil/1296.jpg	A flower stands upright with petals spread open.
../dataset/datasets/imb_flower_0.1/train/daffodil/1294.jpg	A flower stands upright with petals fully open.
../dataset/datasets/imb_flower_0.1/train/daffodil/1297.jpg	A flower stands upright with petals slightly spread.
../dataset/datasets/imb_flower_0.1/train/daffodil/1298.jpg	A flower leans slightly to the left.
../dataset/datasets/imb_flower_0.1/train/sword_lily/373.jpg	A flower stands upright with petals spread open.
../dataset/datasets/imb_flower_0.1/train/sword_lily/368.jpg	A flower stands upright with petals spread open.
../dataset/datasets/imb_flower_0.1/train/sword_lily/359.jpg	A flower stands upright, slightly leaning forward.
../dataset/datasets/imb_flower_0.1/train/sword_lily/371.jpg	A flower stands upright, slightly curved.
../dataset/datasets/imb_flower_0.1/train/sword_lily/378.jpg	A flower stands upright with petals slightly curled.
../dataset/datasets/imb_flower_0.1/train/sword_lily/356.jpg	A flower stands upright with petals slightly spread.
../dataset/datasets/imb_flower_0.1/train/sword_lily/360.jpg	A flower stands upright, slightly leaning forward.
../dataset/datasets/imb_flower_0.1/train/sword_lily/366.jpg	A flower stands upright with petals spread open.
../dataset/datasets/imb_flower_0.1/train/sword_lily/377.jpg	A flower stands upright, slightly angled.
../dataset/datasets/imb_flower_0.1/train/sword_lily/355.jpg	A flower stands upright with petals slightly curved.
../dataset/datasets/imb_flower_0.1/train/sword_lily/376.jpg	A flower stands upright, slightly drooping at the tips.
../dataset/datasets/imb_flower_0.1/train/sword_lily/383.jpg	A flower stands upright with petals slightly curled.
../dataset/datasets/imb_flower_0.1/train/sword_lily/372.jpg	A flower stands upright with petals spread open.
../dataset/datasets/imb_flower_0.1/train/sword_lily/364.jpg	A flower leans gracefully against a brick wall.
../dataset/datasets/imb_flower_0.1/train/sword_lily/362.jpg	A flower stands upright, petals open.
../dataset/datasets/imb_flower_0.1/train/sword_lily/385.jpg	A flower stands upright, petals spread open.
../dataset/datasets/imb_flower_0.1/train/sword_lily/379.jpg	A flower stands upright with petals slightly spread.
../dataset/datasets/imb_flower_0.1/train/sword_lily/363.jpg	A flower stands upright, slightly leaning forward.
../dataset/datasets/imb_flower_0.1/train/sword_lily/370.jpg	A flower stands upright with petals spread open.
../dataset/datasets/imb_flower_0.1/train/sword_lily/374.jpg	A flower stands upright with petals fanned out.
../dataset/datasets/imb_flower_0.1/train/sword_lily/380.jpg	A flower stands upright, slightly leaning forward.
../dataset/datasets/imb_flower_0.1/train/sword_lily/369.jpg	A flower stands upright, leaning slightly forward.
../dataset/datasets/imb_flower_0.1/train/sword_lily/382.jpg	A flower is slightly open, facing forward.
../dataset/datasets/imb_flower_0.1/train/sword_lily/367.jpg	A flower stands upright, slightly angled.
../dataset/datasets/imb_flower_0.1/train/sword_lily/357.jpg	A flower stands upright with petals slightly unfurled.
../dataset/datasets/imb_flower_0.1/train/sword_lily/365.jpg	A flower stands upright, slightly angled.
../dataset/datasets/imb_flower_0.1/train/sword_lily/361.jpg	A flower stands upright, slightly angled.
../dataset/datasets/imb_flower_0.1/train/sword_lily/358.jpg	A flower stands upright with petals spread open.
../dataset/datasets/imb_flower_0.1/train/sword_lily/384.jpg	A flower stands upright with petals spread open.
../dataset/datasets/imb_flower_0.1/train/sword_lily/381.jpg	A flower stands upright with petals spread open.
../dataset/datasets/imb_flower_0.1/train/sword_lily/375.jpg	A flower stands upright with petals spread open.
../dataset/datasets/imb_flower_0.1/train/poinsettia/747.jpg	A flower stands upright, vibrant red petals facing forward.
../dataset/datasets/imb_flower_0.1/train/poinsettia/752.jpg	A flower stands upright with vibrant pink petals and green leaves.
../dataset/datasets/imb_flower_0.1/train/poinsettia/746.jpg	A flower stands upright with vibrant petals.
../dataset/datasets/imb_flower_0.1/train/poinsettia/743.jpg	A flower stands upright with vibrant pink and white leaves.
../dataset/datasets/imb_flower_0.1/train/poinsettia/740.jpg	A flower stands upright with vibrant pink petals and green center.
../dataset/datasets/imb_flower_0.1/train/poinsettia/744.jpg	A flower stands upright with vibrant red petals and green leaves.
../dataset/datasets/imb_flower_0.1/train/poinsettia/731.jpg	A flower stands upright with vibrant red petals.
../dataset/datasets/imb_flower_0.1/train/poinsettia/741.jpg	A flower stands upright with vibrant red petals and green leaves.
../dataset/datasets/imb_flower_0.1/train/poinsettia/748.jpg	A flower stands upright with vibrant red and green leaves.
../dataset/datasets/imb_flower_0.1/train/poinsettia/750.jpg	A flower stands upright with vibrant red petals and green center.
../dataset/datasets/imb_flower_0.1/train/poinsettia/732.jpg	A flower stands upright with petals spread wide.
../dataset/datasets/imb_flower_0.1/train/poinsettia/749.jpg	A flower stands upright with vibrant red petals and green leaves.
../dataset/datasets/imb_flower_0.1/train/poinsettia/734.jpg	A flower stands upright with vibrant, variegated leaves.
../dataset/datasets/imb_flower_0.1/train/poinsettia/739.jpg	A flower is drooping.
../dataset/datasets/imb_flower_0.1/train/poinsettia/736.jpg	A flower stands upright with vibrant red petals and green center.
../dataset/datasets/imb_flower_0.1/train/poinsettia/737.jpg	A flower stands upright with vibrant red petals.
../dataset/datasets/imb_flower_0.1/train/poinsettia/733.jpg	A flower stands upright with vibrant red bracts.
../dataset/datasets/imb_flower_0.1/train/poinsettia/735.jpg	A flower stands upright with vibrant pink petals and green leaves.
../dataset/datasets/imb_flower_0.1/train/poinsettia/745.jpg	A flower stands upright with vibrant red petals.
../dataset/datasets/imb_flower_0.1/train/poinsettia/751.jpg	A flower stands upright with petals spread open.
../dataset/datasets/imb_flower_0.1/train/poinsettia/742.jpg	A flower stands upright with petals spread out.
../dataset/datasets/imb_flower_0.1/train/poinsettia/738.jpg	A flower stands upright with vibrant pink and white leaves.
../dataset/datasets/imb_flower_0.1/train/bolero_deep_blue/1527.jpg	A flower is drooping.
../dataset/datasets/imb_flower_0.1/train/bolero_deep_blue/1526.jpg	A flower is slightly drooping.
../dataset/datasets/imb_flower_0.1/train/bolero_deep_blue/1528.jpg	A flower stands upright, fully bloomed.
../dataset/datasets/imb_flower_0.1/train/wallflower/102.jpg	A flower stands upright with vibrant petals.
../dataset/datasets/imb_flower_0.1/train/wallflower/97.jpg	A flower stands upright with vibrant red petals.
../dataset/datasets/imb_flower_0.1/train/wallflower/99.jpg	A flower stands upright with vibrant petals.
../dataset/datasets/imb_flower_0.1/train/wallflower/96.jpg	A flower stands upright, slightly leaning.
../dataset/datasets/imb_flower_0.1/train/wallflower/110.jpg	A flower stands upright with petals spread open.
../dataset/datasets/imb_flower_0.1/train/wallflower/98.jpg	A flower stands upright with vibrant petals.
../dataset/datasets/imb_flower_0.1/train/wallflower/108.jpg	A flower is drooping slightly.
../dataset/datasets/imb_flower_0.1/train/wallflower/84.jpg	A flower stands upright with petals spread open.
../dataset/datasets/imb_flower_0.1/train/wallflower/87.jpg	A flower stands upright with vibrant petals.
../dataset/datasets/imb_flower_0.1/train/wallflower/103.jpg	A flower stands upright with petals spread.
../dataset/datasets/imb_flower_0.1/train/wallflower/78.jpg	A flower stands upright with vibrant yellow petals and a central cluster of buds.
../dataset/datasets/imb_flower_0.1/train/wallflower/82.jpg	A flower stands upright with vibrant petals.
../dataset/datasets/imb_flower_0.1/train/wallflower/83.jpg	A flower stands upright with vibrant petals.
../dataset/datasets/imb_flower_0.1/train/wallflower/85.jpg	A flower stands upright with petals spread open.
../dataset/datasets/imb_flower_0.1/train/wallflower/106.jpg	A flower stands upright with vibrant petals and a central bud.
../dataset/datasets/imb_flower_0.1/train/wallflower/101.jpg	A flower stands upright with petals spread open.
../dataset/datasets/imb_flower_0.1/train/wallflower/88.jpg	A flower is slightly tilted.
../dataset/datasets/imb_flower_0.1/train/wallflower/107.jpg	A flower stands upright with petals spread open.
../dataset/datasets/imb_flower_0.1/train/wallflower/105.jpg	A flower stands upright with petals spread open.
../dataset/datasets/imb_flower_0.1/train/wallflower/95.jpg	A flower stands upright with vibrant yellow petals.
../dataset/datasets/imb_flower_0.1/train/wallflower/104.jpg	A flower stands upright with vibrant petals.
../dataset/datasets/imb_flower_0.1/train/wallflower/90.jpg	A flower stands upright with vibrant yellow petals.
../dataset/datasets/imb_flower_0.1/train/wallflower/77.jpg	A flower is slightly drooping.
../dataset/datasets/imb_flower_0.1/train/wallflower/114.jpg	A flower stands upright, slightly tilted.
../dataset/datasets/imb_flower_0.1/train/wallflower/91.jpg	A flower stands upright with vibrant petals.
../dataset/datasets/imb_flower_0.1/train/wallflower/112.jpg	A flower stands upright with petals spread open.
../dataset/datasets/imb_flower_0.1/train/wallflower/93.jpg	A flower stands upright with petals slightly spread.
../dataset/datasets/imb_flower_0.1/train/wallflower/92.jpg	A flower stands upright with vibrant yellow petals and a central cluster of buds.
../dataset/datasets/imb_flower_0.1/train/wallflower/94.jpg	A flower stands upright, slightly angled.
../dataset/datasets/imb_flower_0.1/train/wallflower/81.jpg	A flower stands upright with petals spread open.
../dataset/datasets/imb_flower_0.1/train/wallflower/109.jpg	A flower stands upright with vibrant petals.
../dataset/datasets/imb_flower_0.1/train/wallflower/100.jpg	A flower stands upright with petals spread open.
../dataset/datasets/imb_flower_0.1/train/wallflower/80.jpg	A flower stands upright with vibrant petals.
../dataset/datasets/imb_flower_0.1/train/wallflower/111.jpg	A flower stands upright with vibrant petals.
../dataset/datasets/imb_flower_0.1/train/wallflower/113.jpg	A flower stands upright with petals spread open.
../dataset/datasets/imb_flower_0.1/train/wallflower/86.jpg	A flower stands upright with vibrant red petals and a central cluster of buds.
../dataset/datasets/imb_flower_0.1/train/wallflower/79.jpg	A flower stands upright with vibrant yellow petals.
../dataset/datasets/imb_flower_0.1/train/wallflower/89.jpg	A flower stands upright with petals spread open.
../dataset/datasets/imb_flower_0.1/train/marigold/1139.jpg	A flower stands upright, fully bloomed.
../dataset/datasets/imb_flower_0.1/train/marigold/1141.jpg	A flower stands upright with petals fully open.
../dataset/datasets/imb_flower_0.1/train/marigold/1133.jpg	A flower stands upright with vibrant petals.
../dataset/datasets/imb_flower_0.1/train/marigold/1137.jpg	A flower stands upright with petals fully unfurled.
../dataset/datasets/imb_flower_0.1/train/marigold/1134.jpg	A flower stands upright, fully bloomed.
../dataset/datasets/imb_flower_0.1/train/marigold/1140.jpg	A flower stands upright, fully bloomed.
../dataset/datasets/imb_flower_0.1/train/marigold/1142.jpg	A flower stands upright with petals fully unfurled.
../dataset/datasets/imb_flower_0.1/train/marigold/1135.jpg	A flower stands upright with vibrant petals.
../dataset/datasets/imb_flower_0.1/train/marigold/1136.jpg	A flower stands upright, slightly leaning forward.
../dataset/datasets/imb_flower_0.1/train/marigold/1145.jpg	A flower stands upright with petals fully unfurled.
../dataset/datasets/imb_flower_0.1/train/marigold/1143.jpg	A flower stands upright with petals fully unfurled.
../dataset/datasets/imb_flower_0.1/train/marigold/1138.jpg	A flower stands upright with petals fully unfurled.
../dataset/datasets/imb_flower_0.1/train/marigold/1144.jpg	A flower stands upright, fully bloomed.
../dataset/datasets/imb_flower_0.1/train/buttercup/1083.jpg	A flower stands upright, fully bloomed.
../dataset/datasets/imb_flower_0.1/train/buttercup/1078.jpg	A flower stands upright, petals spread wide.
../dataset/datasets/imb_flower_0.1/train/buttercup/1084.jpg	A flower stands upright.
../dataset/datasets/imb_flower_0.1/train/buttercup/1082.jpg	A flower stands upright.
../dataset/datasets/imb_flower_0.1/train/buttercup/1088.jpg	A flower stands upright, fully bloomed.
../dataset/datasets/imb_flower_0.1/train/buttercup/1080.jpg	A flower stands upright.
../dataset/datasets/imb_flower_0.1/train/buttercup/1085.jpg	A flower stands upright, fully bloomed.
../dataset/datasets/imb_flower_0.1/train/buttercup/1079.jpg	A flower stands upright, slightly tilted.
../dataset/datasets/imb_flower_0.1/train/buttercup/1087.jpg	A flower stands upright.
../dataset/datasets/imb_flower_0.1/train/buttercup/1091.jpg	A flower leans slightly to the left.
../dataset/datasets/imb_flower_0.1/train/buttercup/1086.jpg	A flower stands upright, petals spread open.
../dataset/datasets/imb_flower_0.1/train/buttercup/1090.jpg	A flower stands upright, petals slightly curled.
../dataset/datasets/imb_flower_0.1/train/buttercup/1081.jpg	A flower stands upright, petals spread wide.
../dataset/datasets/imb_flower_0.1/train/buttercup/1089.jpg	A flower stands upright with petals spread open.
../dataset/datasets/imb_flower_0.1/train/oxeye_daisy/1424.jpg	A flower stands upright with dew-covered petals.
../dataset/datasets/imb_flower_0.1/train/oxeye_daisy/1423.jpg	A flower stands upright with petals fully spread.
../dataset/datasets/imb_flower_0.1/train/oxeye_daisy/1425.jpg	A flower stands fully open, facing forward.
../dataset/datasets/imb_flower_0.1/train/oxeye_daisy/1420.jpg	A flower stands upright with petals fully open.
../dataset/datasets/imb_flower_0.1/train/oxeye_daisy/1421.jpg	A flower stands upright with petals fully spread.
../dataset/datasets/imb_flower_0.1/train/oxeye_daisy/1422.jpg	A flower stands upright with petals fully spread.
../dataset/datasets/imb_flower_0.1/train/common_dandelion/765.jpg	A flower stands upright amidst greenery.
../dataset/datasets/imb_flower_0.1/train/common_dandelion/762.jpg	A flower stands upright with petals fully open.
../dataset/datasets/imb_flower_0.1/train/common_dandelion/771.jpg	A flower stands upright with vibrant yellow petals.
../dataset/datasets/imb_flower_0.1/train/common_dandelion/768.jpg	A flower stands upright with petals fully unfurled.
../dataset/datasets/imb_flower_0.1/train/common_dandelion/770.jpg	A flower is fully bloomed with petals spread wide.
../dataset/datasets/imb_flower_0.1/train/common_dandelion/763.jpg	A flower stands upright, fully bloomed.
../dataset/datasets/imb_flower_0.1/train/common_dandelion/767.jpg	A flower stands upright, fully bloomed.
../dataset/datasets/imb_flower_0.1/train/common_dandelion/761.jpg	A flower stands upright with petals fully open.
../dataset/datasets/imb_flower_0.1/train/common_dandelion/773.jpg	A flower stands upright, fully bloomed.
../dataset/datasets/imb_flower_0.1/train/common_dandelion/760.jpg	A flower stands upright with its petals fully open.
../dataset/datasets/imb_flower_0.1/train/common_dandelion/758.jpg	A flower stands upright with petals fully open.
../dataset/datasets/imb_flower_0.1/train/common_dandelion/759.jpg	A flower stands upright among greenery.
../dataset/datasets/imb_flower_0.1/train/common_dandelion/756.jpg	A flower stands upright with petals spread.
../dataset/datasets/imb_flower_0.1/train/common_dandelion/757.jpg	A flower stands upright, fully bloomed.
../dataset/datasets/imb_flower_0.1/train/common_dandelion/755.jpg	A flower stands upright, petals spread wide.
../dataset/datasets/imb_flower_0.1/train/common_dandelion/754.jpg	A flower stands upright, fully bloomed.
../dataset/datasets/imb_flower_0.1/train/common_dandelion/774.jpg	A flower is fully bloomed with a bee on it.
../dataset/datasets/imb_flower_0.1/train/common_dandelion/766.jpg	A flower stands upright with petals fully open.
../dataset/datasets/imb_flower_0.1/train/common_dandelion/772.jpg	A flower stands upright, fully bloomed.
../dataset/datasets/imb_flower_0.1/train/common_dandelion/764.jpg	A flower stands upright.
../dataset/datasets/imb_flower_0.1/train/common_dandelion/753.jpg	A flower stands upright, fully bloomed.
../dataset/datasets/imb_flower_0.1/train/common_dandelion/769.jpg	A flower stands upright, fully bloomed.
../dataset/datasets/imb_flower_0.1/train/petunia/5.jpg	A flower is open, facing forward.
../dataset/datasets/imb_flower_0.1/train/petunia/7.jpg	A flower is drooping.
../dataset/datasets/imb_flower_0.1/train/petunia/17.jpg	A flower is fully bloomed and facing forward.
../dataset/datasets/imb_flower_0.1/train/petunia/10.jpg	A flower stands upright.
../dataset/datasets/imb_flower_0.1/train/petunia/31.jpg	A flower is fully bloomed and upright.
../dataset/datasets/imb_flower_0.1/train/petunia/18.jpg	A flower is drooping.
../dataset/datasets/imb_flower_0.1/train/petunia/26.jpg	A flower is fully bloomed, facing forward.
../dataset/datasets/imb_flower_0.1/train/petunia/15.jpg	A flower is open and facing upwards.
../dataset/datasets/imb_flower_0.1/train/petunia/22.jpg	A flower is fully open, facing slightly downward.
../dataset/datasets/imb_flower_0.1/train/petunia/12.jpg	A flower stands upright among leaves.
../dataset/datasets/imb_flower_0.1/train/petunia/13.jpg	A flower stands upright.
../dataset/datasets/imb_flower_0.1/train/petunia/33.jpg	A flower stands upright.
../dataset/datasets/imb_flower_0.1/train/petunia/32.jpg	A flower stands upright with petals spread open.
../dataset/datasets/imb_flower_0.1/train/petunia/35.jpg	A flower stands upright.
../dataset/datasets/imb_flower_0.1/train/petunia/36.jpg	A flower is drooping slightly.
../dataset/datasets/imb_flower_0.1/train/petunia/27.jpg	A flower stands upright with petals fully open.
../dataset/datasets/imb_flower_0.1/train/petunia/30.jpg	A flower is slightly drooping.
../dataset/datasets/imb_flower_0.1/train/petunia/2.jpg	A flower is open and facing forward.
../dataset/datasets/imb_flower_0.1/train/petunia/8.jpg	A flower is open and facing forward.
../dataset/datasets/imb_flower_0.1/train/petunia/0.jpg	A flower is fully open, displaying vibrant petals.
../dataset/datasets/imb_flower_0.1/train/petunia/29.jpg	A flower stands upright with petals spread open.
../dataset/datasets/imb_flower_0.1/train/petunia/34.jpg	A flower stands upright with petals spread open.
../dataset/datasets/imb_flower_0.1/train/petunia/4.jpg	A flower stands upright with petals fully open.
../dataset/datasets/imb_flower_0.1/train/petunia/3.jpg	A flower is fully bloomed and upright.
../dataset/datasets/imb_flower_0.1/train/petunia/28.jpg	A flower stands upright with petals fully unfurled.
../dataset/datasets/imb_flower_0.1/train/petunia/16.jpg	A flower stands upright, fully bloomed.
../dataset/datasets/imb_flower_0.1/train/petunia/25.jpg	A flower is slightly drooping.
../dataset/datasets/imb_flower_0.1/train/petunia/9.jpg	A flower stands upright with petals fully open.
../dataset/datasets/imb_flower_0.1/train/petunia/6.jpg	A flower is slightly drooping.
../dataset/datasets/imb_flower_0.1/train/petunia/14.jpg	A flower stands upright with petals spread open.
../dataset/datasets/imb_flower_0.1/train/petunia/24.jpg	A flower is fully bloomed, facing forward.
../dataset/datasets/imb_flower_0.1/train/petunia/11.jpg	A flower is fully bloomed and facing forward.
../dataset/datasets/imb_flower_0.1/train/petunia/19.jpg	A flower stands upright.
../dataset/datasets/imb_flower_0.1/train/petunia/21.jpg	A flower stands upright.
../dataset/datasets/imb_flower_0.1/train/petunia/1.jpg	A flower stands upright.
../dataset/datasets/imb_flower_0.1/train/petunia/23.jpg	A flower is fully bloomed and facing forward.
../dataset/datasets/imb_flower_0.1/train/petunia/37.jpg	A flower stands upright with petals spread open.
../dataset/datasets/imb_flower_0.1/train/petunia/38.jpg	A flower is slightly drooping.
../dataset/datasets/imb_flower_0.1/train/petunia/20.jpg	A flower is slightly tilted downward.
../dataset/datasets/imb_flower_0.1/train/wild_pansy/962.jpg	A flower is slightly tilted.
../dataset/datasets/imb_flower_0.1/train/wild_pansy/959.jpg	A flower stands upright with petals spread open.
../dataset/datasets/imb_flower_0.1/train/wild_pansy/952.jpg	A flower stands upright with petals spread open.
../dataset/datasets/imb_flower_0.1/train/wild_pansy/961.jpg	A flower stands upright with petals spread open.
../dataset/datasets/imb_flower_0.1/train/wild_pansy/950.jpg	A flower stands upright with petals spread open.
../dataset/datasets/imb_flower_0.1/train/wild_pansy/953.jpg	A flower is drooping downwards.
../dataset/datasets/imb_flower_0.1/train/wild_pansy/957.jpg	A flower stands upright with petals spread open.
../dataset/datasets/imb_flower_0.1/train/wild_pansy/965.jpg	A flower stands upright with petals spread open.
../dataset/datasets/imb_flower_0.1/train/wild_pansy/963.jpg	A flower stands upright with petals spread open.
../dataset/datasets/imb_flower_0.1/train/wild_pansy/966.jpg	A flower stands upright with petals spread open.
../dataset/datasets/imb_flower_0.1/train/wild_pansy/960.jpg	A flower stands upright with petals spread open.
../dataset/datasets/imb_flower_0.1/train/wild_pansy/951.jpg	A flower is drooping.
../dataset/datasets/imb_flower_0.1/train/wild_pansy/954.jpg	A flower stands upright with petals spread open.
../dataset/datasets/imb_flower_0.1/train/wild_pansy/956.jpg	A flower stands upright, petals spread open.
../dataset/datasets/imb_flower_0.1/train/wild_pansy/955.jpg	A flower stands upright with petals spread open.
../dataset/datasets/imb_flower_0.1/train/wild_pansy/964.jpg	A flower is slightly tilted.
../dataset/datasets/imb_flower_0.1/train/wild_pansy/958.jpg	A flower stands upright with petals spread open.
../dataset/datasets/imb_flower_0.1/train/primula/794.jpg	A flower stands upright, slightly leaning forward.
../dataset/datasets/imb_flower_0.1/train/primula/782.jpg	A flower is fully bloomed, displaying its petals outward.
../dataset/datasets/imb_flower_0.1/train/primula/776.jpg	A flower stands upright with petals fully open.
../dataset/datasets/imb_flower_0.1/train/primula/781.jpg	A flower stands upright.
../dataset/datasets/imb_flower_0.1/train/primula/786.jpg	A flower is upright and fully bloomed.
../dataset/datasets/imb_flower_0.1/train/primula/787.jpg	A flower is drooping.
../dataset/datasets/imb_flower_0.1/train/primula/777.jpg	A flower stands upright with petals spread open.
../dataset/datasets/imb_flower_0.1/train/primula/785.jpg	A flower is fully bloomed, facing upwards.
../dataset/datasets/imb_flower_0.1/train/primula/778.jpg	A flower stands upright with delicate petals.
../dataset/datasets/imb_flower_0.1/train/primula/780.jpg	A flower stands upright with vibrant yellow petals.
../dataset/datasets/imb_flower_0.1/train/primula/789.jpg	A flower is held gently between fingers.
../dataset/datasets/imb_flower_0.1/train/primula/792.jpg	A flower stands upright, blooming brightly.
../dataset/datasets/imb_flower_0.1/train/primula/788.jpg	A flower stands upright with vibrant red petals and yellow centers.
../dataset/datasets/imb_flower_0.1/train/primula/783.jpg	A flower is fully bloomed with vibrant yellow petals.
../dataset/datasets/imb_flower_0.1/train/primula/791.jpg	A flower stands upright with vibrant red petals and yellow centers.
../dataset/datasets/imb_flower_0.1/train/primula/790.jpg	A flower stands upright with petals spread open.
../dataset/datasets/imb_flower_0.1/train/primula/795.jpg	A flower is fully bloomed with petals spread out.
../dataset/datasets/imb_flower_0.1/train/primula/779.jpg	A flower is fully bloomed with petals spread open.
../dataset/datasets/imb_flower_0.1/train/primula/793.jpg	A flower is fully bloomed with petals spread open.
../dataset/datasets/imb_flower_0.1/train/primula/784.jpg	A flower stands upright with petals spread open.
../dataset/datasets/imb_flower_0.1/train/primula/775.jpg	A flower is fully bloomed, facing forward.
../dataset/datasets/imb_flower_0.1/train/sunflower/1263.jpg	A flower stands upright, facing forward.
../dataset/datasets/imb_flower_0.1/train/sunflower/1260.jpg	A flower stands upright, fully bloomed.
../dataset/datasets/imb_flower_0.1/train/sunflower/1266.jpg	A flower is leaning slightly to the left.
../dataset/datasets/imb_flower_0.1/train/sunflower/1261.jpg	A flower stands upright.
../dataset/datasets/imb_flower_0.1/train/sunflower/1267.jpg	A flower stands upright, facing forward.
../dataset/datasets/imb_flower_0.1/train/sunflower/1268.jpg	A flower stands upright with petals fully open.
../dataset/datasets/imb_flower_0.1/train/sunflower/1265.jpg	A flower stands upright against a blue sky.
../dataset/datasets/imb_flower_0.1/train/sunflower/1264.jpg	A flower stands upright against a blue sky.
../dataset/datasets/imb_flower_0.1/train/sunflower/1269.jpg	A flower stands upright, facing forward.
../dataset/datasets/imb_flower_0.1/train/sunflower/1262.jpg	A flower stands upright.
../dataset/datasets/imb_flower_0.1/train/pelargonium/1099.jpg	A flower stands upright.
../dataset/datasets/imb_flower_0.1/train/pelargonium/1095.jpg	A flower stands upright with petals fully unfurled.
../dataset/datasets/imb_flower_0.1/train/pelargonium/1097.jpg	A flower stands upright.
../dataset/datasets/imb_flower_0.1/train/pelargonium/1101.jpg	A flower stands upright with petals fully open.
../dataset/datasets/imb_flower_0.1/train/pelargonium/1094.jpg	A flower stands upright with petals slightly unfurled.
../dataset/datasets/imb_flower_0.1/train/pelargonium/1092.jpg	A flower stands upright with petals spread open.
../dataset/datasets/imb_flower_0.1/train/pelargonium/1105.jpg	A flower stands upright.
../dataset/datasets/imb_flower_0.1/train/pelargonium/1103.jpg	A flower stands upright with petals spread open.
../dataset/datasets/imb_flower_0.1/train/pelargonium/1100.jpg	A flower is slightly open, facing forward.
../dataset/datasets/imb_flower_0.1/train/pelargonium/1096.jpg	A flower stands upright.
../dataset/datasets/imb_flower_0.1/train/pelargonium/1098.jpg	A flower stands upright with petals fully unfurled.
../dataset/datasets/imb_flower_0.1/train/pelargonium/1093.jpg	A flower stands upright with petals spread open.
../dataset/datasets/imb_flower_0.1/train/pelargonium/1102.jpg	A flower is open and facing forward.
../dataset/datasets/imb_flower_0.1/train/pelargonium/1104.jpg	A flower stands upright with petals fully open.
../dataset/datasets/imb_flower_0.1/train/bishop_of_llandaff/587.jpg	A flower stands upright with vibrant red petals and a yellow center.
../dataset/datasets/imb_flower_0.1/train/bishop_of_llandaff/588.jpg	A flower stands upright with vibrant red petals and a yellow center.
../dataset/datasets/imb_flower_0.1/train/bishop_of_llandaff/584.jpg	A flower stands upright with petals fully open.
../dataset/datasets/imb_flower_0.1/train/bishop_of_llandaff/596.jpg	A flower stands upright with vibrant red petals and yellow center.
../dataset/datasets/imb_flower_0.1/train/bishop_of_llandaff/604.jpg	A flower stands upright with petals spread wide.
../dataset/datasets/imb_flower_0.1/train/bishop_of_llandaff/592.jpg	A flower stands upright with petals fully open.
../dataset/datasets/imb_flower_0.1/train/bishop_of_llandaff/585.jpg	A flower hangs downward.
../dataset/datasets/imb_flower_0.1/train/bishop_of_llandaff/597.jpg	A flower stands upright with vibrant red petals and yellow center.
../dataset/datasets/imb_flower_0.1/train/bishop_of_llandaff/593.jpg	A flower stands upright with petals fully unfurled.
../dataset/datasets/imb_flower_0.1/train/bishop_of_llandaff/601.jpg	A flower stands upright with petals fully open.
../dataset/datasets/imb_flower_0.1/train/bishop_of_llandaff/594.jpg	A flower stands upright, fully bloomed.
../dataset/datasets/imb_flower_0.1/train/bishop_of_llandaff/595.jpg	A flower stands upright with petals spread open.
../dataset/datasets/imb_flower_0.1/train/bishop_of_llandaff/603.jpg	A flower stands upright with petals spread open.
../dataset/datasets/imb_flower_0.1/train/bishop_of_llandaff/602.jpg	A flower stands upright, fully bloomed.
../dataset/datasets/imb_flower_0.1/train/bishop_of_llandaff/591.jpg	A flower stands upright.
../dataset/datasets/imb_flower_0.1/train/bishop_of_llandaff/607.jpg	A flower stands upright.
../dataset/datasets/imb_flower_0.1/train/bishop_of_llandaff/599.jpg	A flower stands upright with vibrant red petals and a yellow center.
../dataset/datasets/imb_flower_0.1/train/bishop_of_llandaff/609.jpg	A flower stands upright, fully bloomed.
../dataset/datasets/imb_flower_0.1/train/bishop_of_llandaff/590.jpg	A flower stands upright with petals spread open.
../dataset/datasets/imb_flower_0.1/train/bishop_of_llandaff/589.jpg	A flower stands upright, slightly tilted.
../dataset/datasets/imb_flower_0.1/train/bishop_of_llandaff/608.jpg	A flower stands upright with vibrant red petals and a yellow center.
../dataset/datasets/imb_flower_0.1/train/bishop_of_llandaff/598.jpg	A flower stands upright, fully bloomed.
../dataset/datasets/imb_flower_0.1/train/bishop_of_llandaff/600.jpg	A flower is fully bloomed, facing forward.
../dataset/datasets/imb_flower_0.1/train/bishop_of_llandaff/586.jpg	A flower stands upright.
../dataset/datasets/imb_flower_0.1/train/bishop_of_llandaff/606.jpg	A flower stands upright.
../dataset/datasets/imb_flower_0.1/train/bishop_of_llandaff/605.jpg	A flower stands upright, fully bloomed.
../dataset/datasets/imb_flower_0.1/train/gaura/1156.jpg	A flower stands upright with delicate petals and stamens extending outward.
../dataset/datasets/imb_flower_0.1/train/gaura/1154.jpg	A flower leans gracefully.
../dataset/datasets/imb_flower_0.1/train/gaura/1151.jpg	A flower hangs downward.
../dataset/datasets/imb_flower_0.1/train/gaura/1153.jpg	A flower stands upright with delicate petals and extended stamens.
../dataset/datasets/imb_flower_0.1/train/gaura/1150.jpg	A flower stands upright with petals spread open.
../dataset/datasets/imb_flower_0.1/train/gaura/1158.jpg	A flower stands upright with petals spread open.
../dataset/datasets/imb_flower_0.1/train/gaura/1147.jpg	A flower leans gracefully, petals unfurled.
../dataset/datasets/imb_flower_0.1/train/gaura/1149.jpg	A flower stands gracefully, slightly tilted.
../dataset/datasets/imb_flower_0.1/train/gaura/1146.jpg	A flower stands upright with delicate petals and prominent stamens.
../dataset/datasets/imb_flower_0.1/train/gaura/1148.jpg	A flower stands upright, slightly angled.
../dataset/datasets/imb_flower_0.1/train/gaura/1157.jpg	A flower stands upright, slightly angled.
../dataset/datasets/imb_flower_0.1/train/gaura/1152.jpg	A flower hangs downward.
../dataset/datasets/imb_flower_0.1/train/gaura/1155.jpg	A flower stands upright with petals spread open.
../dataset/datasets/imb_flower_0.1/train/geranium/523.jpg	A flower stands upright, blooming vibrantly.
../dataset/datasets/imb_flower_0.1/train/geranium/508.jpg	A flower stands upright amidst green leaves.
../dataset/datasets/imb_flower_0.1/train/geranium/516.jpg	A flower is drooping.
../dataset/datasets/imb_flower_0.1/train/geranium/521.jpg	A flower is drooping.
../dataset/datasets/imb_flower_0.1/train/geranium/512.jpg	A flower stands upright amidst greenery.
../dataset/datasets/imb_flower_0.1/train/geranium/506.jpg	A flower stands upright amidst green leaves.
../dataset/datasets/imb_flower_0.1/train/geranium/526.jpg	A flower stands upright, vibrant red petals spread open.
../dataset/datasets/imb_flower_0.1/train/geranium/519.jpg	A flower stands upright, slightly drooping.
../dataset/datasets/imb_flower_0.1/train/geranium/511.jpg	A flower is drooping slightly.
../dataset/datasets/imb_flower_0.1/train/geranium/525.jpg	A flower stands upright, slightly drooping at edges.
../dataset/datasets/imb_flower_0.1/train/geranium/504.jpg	A flower is drooping.
../dataset/datasets/imb_flower_0.1/train/geranium/518.jpg	A flower is slightly drooping.
../dataset/datasets/imb_flower_0.1/train/geranium/514.jpg	A flower stands upright, slightly drooping.
../dataset/datasets/imb_flower_0.1/train/geranium/528.jpg	A flower stands upright, slightly drooping at edges.
../dataset/datasets/imb_flower_0.1/train/geranium/513.jpg	A flower is fully bloomed and upright.
../dataset/datasets/imb_flower_0.1/train/geranium/517.jpg	A flower is drooping.
../dataset/datasets/imb_flower_0.1/train/geranium/505.jpg	A flower stands upright, blooming.
../dataset/datasets/imb_flower_0.1/train/geranium/530.jpg	A flower stands upright, vibrant red petals clustered together.
../dataset/datasets/imb_flower_0.1/train/geranium/509.jpg	A flower stands upright, slightly tilted.
../dataset/datasets/imb_flower_0.1/train/geranium/524.jpg	A flower stands upright among green leaves.
../dataset/datasets/imb_flower_0.1/train/geranium/522.jpg	A flower stands upright, slightly drooping.
../dataset/datasets/imb_flower_0.1/train/geranium/510.jpg	A flower is drooping slightly.
../dataset/datasets/imb_flower_0.1/train/geranium/507.jpg	A flower stands upright, slightly drooping at edges.
../dataset/datasets/imb_flower_0.1/train/geranium/503.jpg	A flower stands upright, blooming.
../dataset/datasets/imb_flower_0.1/train/geranium/529.jpg	A flower stands upright, blooming vibrantly.
../dataset/datasets/imb_flower_0.1/train/geranium/515.jpg	A flower stands upright among green leaves.
../dataset/datasets/imb_flower_0.1/train/geranium/520.jpg	A flower stands upright, slightly leaning forward.
../dataset/datasets/imb_flower_0.1/train/geranium/527.jpg	A flower is fully bloomed and upright.
../dataset/datasets/imb_flower_0.1/train/orange_dahlia/1159.jpg	A flower stands upright with petals spread open.
../dataset/datasets/imb_flower_0.1/train/orange_dahlia/1162.jpg	A flower stands upright with vibrant petals spread open.
../dataset/datasets/imb_flower_0.1/train/orange_dahlia/1169.jpg	A flower stands upright with vibrant petals spread open.
../dataset/datasets/imb_flower_0.1/train/orange_dahlia/1160.jpg	A flower stands upright with vibrant petals spread open.
../dataset/datasets/imb_flower_0.1/train/orange_dahlia/1168.jpg	A flower stands upright with petals spread open.
../dataset/datasets/imb_flower_0.1/train/orange_dahlia/1164.jpg	A flower stands upright with vibrant petals and a bright yellow center.
../dataset/datasets/imb_flower_0.1/train/orange_dahlia/1167.jpg	A flower stands upright with vibrant orange petals and a bright yellow center.
../dataset/datasets/imb_flower_0.1/train/orange_dahlia/1161.jpg	A flower stands upright with petals spread open.
../dataset/datasets/imb_flower_0.1/train/orange_dahlia/1170.jpg	A flower stands upright with vibrant petals spread open.
../dataset/datasets/imb_flower_0.1/train/orange_dahlia/1166.jpg	A flower stands upright with vibrant petals spread wide.
../dataset/datasets/imb_flower_0.1/train/orange_dahlia/1163.jpg	A flower stands upright with petals spread wide.
../dataset/datasets/imb_flower_0.1/train/orange_dahlia/1165.jpg	A flower stands upright with petals spread open.
../dataset/datasets/imb_flower_0.1/train/pink-yellow_dahlia/610.jpg	A flower stands upright with petals spread open.
../dataset/datasets/imb_flower_0.1/train/pink-yellow_dahlia/620.jpg	A flower stands upright among green leaves.
../dataset/datasets/imb_flower_0.1/train/pink-yellow_dahlia/626.jpg	A flower stands upright, fully bloomed.
../dataset/datasets/imb_flower_0.1/train/pink-yellow_dahlia/634.jpg	A flower stands upright with petals spread open.
../dataset/datasets/imb_flower_0.1/train/pink-yellow_dahlia/622.jpg	A flower stands upright with petals spread open.
../dataset/datasets/imb_flower_0.1/train/pink-yellow_dahlia/621.jpg	A flower stands upright amidst greenery.
../dataset/datasets/imb_flower_0.1/train/pink-yellow_dahlia/630.jpg	A flower stands upright among leaves.
../dataset/datasets/imb_flower_0.1/train/pink-yellow_dahlia/613.jpg	A flower stands upright amidst greenery.
../dataset/datasets/imb_flower_0.1/train/pink-yellow_dahlia/628.jpg	A flower stands upright with petals spread open.
../dataset/datasets/imb_flower_0.1/train/pink-yellow_dahlia/614.jpg	A flower stands upright, fully bloomed.
../dataset/datasets/imb_flower_0.1/train/pink-yellow_dahlia/625.jpg	A flower stands upright amidst green foliage.
../dataset/datasets/imb_flower_0.1/train/pink-yellow_dahlia/616.jpg	A flower stands upright amidst greenery.
../dataset/datasets/imb_flower_0.1/train/pink-yellow_dahlia/627.jpg	A flower stands upright with petals spread open.
../dataset/datasets/imb_flower_0.1/train/pink-yellow_dahlia/619.jpg	A flower stands upright amidst greenery.
../dataset/datasets/imb_flower_0.1/train/pink-yellow_dahlia/612.jpg	A flower leans slightly to the side.
../dataset/datasets/imb_flower_0.1/train/pink-yellow_dahlia/629.jpg	A flower stands upright with petals spread open.
../dataset/datasets/imb_flower_0.1/train/pink-yellow_dahlia/611.jpg	A flower stands upright among leaves.
../dataset/datasets/imb_flower_0.1/train/pink-yellow_dahlia/624.jpg	A flower stands upright with petals fully unfurled.
../dataset/datasets/imb_flower_0.1/train/pink-yellow_dahlia/623.jpg	A flower stands upright with petals fully unfurled.
../dataset/datasets/imb_flower_0.1/train/pink-yellow_dahlia/633.jpg	A flower stands upright among leaves.
../dataset/datasets/imb_flower_0.1/train/pink-yellow_dahlia/618.jpg	A flower stands upright with petals spread open.
../dataset/datasets/imb_flower_0.1/train/pink-yellow_dahlia/632.jpg	A flower stands upright amidst greenery.
../dataset/datasets/imb_flower_0.1/train/pink-yellow_dahlia/617.jpg	A flower stands upright among leaves.
../dataset/datasets/imb_flower_0.1/train/pink-yellow_dahlia/631.jpg	A flower stands upright with petals fully unfurled.
../dataset/datasets/imb_flower_0.1/train/pink-yellow_dahlia/615.jpg	A flower stands upright with petals spread.
../dataset/datasets/imb_flower_0.1/train/cautleya_spicata/1391.jpg	A flower leans slightly to the right.
../dataset/datasets/imb_flower_0.1/train/cautleya_spicata/1393.jpg	A flower droops downward.
../dataset/datasets/imb_flower_0.1/train/cautleya_spicata/1387.jpg	A flower is drooping.
../dataset/datasets/imb_flower_0.1/train/cautleya_spicata/1388.jpg	A flower stands upright with vibrant petals.
../dataset/datasets/imb_flower_0.1/train/cautleya_spicata/1392.jpg	A flower hangs downward, drooping slightly.
../dataset/datasets/imb_flower_0.1/train/cautleya_spicata/1389.jpg	A flower stands upright with vibrant petals.
../dataset/datasets/imb_flower_0.1/train/cautleya_spicata/1390.jpg	A flower stands upright with yellow petals and reddish-brown sepals.
../dataset/datasets/imb_flower_0.1/train/japanese_anemone/1345.jpg	A flower stands upright with petals spread open.
../dataset/datasets/imb_flower_0.1/train/japanese_anemone/1344.jpg	A flower stands upright with petals slightly unfurled.
../dataset/datasets/imb_flower_0.1/train/japanese_anemone/1342.jpg	A flower stands upright with petals spread open.
../dataset/datasets/imb_flower_0.1/train/japanese_anemone/1348.jpg	A flower stands upright with petals spread open.
../dataset/datasets/imb_flower_0.1/train/japanese_anemone/1347.jpg	A flower stands upright with petals spread open.
../dataset/datasets/imb_flower_0.1/train/japanese_anemone/1343.jpg	A flower stands upright with petals slightly spread.
../dataset/datasets/imb_flower_0.1/train/japanese_anemone/1349.jpg	A flower stands upright with petals spread open.
../dataset/datasets/imb_flower_0.1/train/japanese_anemone/1346.jpg	A flower stands upright with petals spread open.
../dataset/datasets/imb_flower_0.1/train/black-eyed_susan/1352.jpg	A flower stands upright with petals spread open.
../dataset/datasets/imb_flower_0.1/train/black-eyed_susan/1357.jpg	A flower stands upright with petals spread wide.
../dataset/datasets/imb_flower_0.1/train/black-eyed_susan/1356.jpg	A flower stands upright with petals spread.
../dataset/datasets/imb_flower_0.1/train/black-eyed_susan/1353.jpg	A flower stands upright.
../dataset/datasets/imb_flower_0.1/train/black-eyed_susan/1351.jpg	A flower stands upright.
../dataset/datasets/imb_flower_0.1/train/black-eyed_susan/1355.jpg	A flower stands upright with petals spread.
../dataset/datasets/imb_flower_0.1/train/black-eyed_susan/1350.jpg	A flower stands upright with petals spread.
../dataset/datasets/imb_flower_0.1/train/black-eyed_susan/1354.jpg	A flower stands upright with petals spread wide.
../dataset/datasets/imb_flower_0.1/train/silverbush/1382.jpg	A flower stands upright with petals fully open.
../dataset/datasets/imb_flower_0.1/train/silverbush/1386.jpg	A flower stands upright with petals spread open.
../dataset/datasets/imb_flower_0.1/train/silverbush/1381.jpg	A flower stands upright with petals fully open.
../dataset/datasets/imb_flower_0.1/train/silverbush/1380.jpg	A flower stands upright.
../dataset/datasets/imb_flower_0.1/train/silverbush/1383.jpg	A flower is fully open, displaying its petals and center.
../dataset/datasets/imb_flower_0.1/train/silverbush/1384.jpg	A flower is drooping.
../dataset/datasets/imb_flower_0.1/train/silverbush/1385.jpg	A flower stands upright with petals spread wide.
../dataset/datasets/imb_flower_0.1/train/californian_poppy/705.jpg	A flower stands upright, fully bloomed.
../dataset/datasets/imb_flower_0.1/train/californian_poppy/689.jpg	A flower leans slightly to the right.
../dataset/datasets/imb_flower_0.1/train/californian_poppy/684.jpg	A flower stands upright.
../dataset/datasets/imb_flower_0.1/train/californian_poppy/687.jpg	A flower stands upright with petals fully open.
../dataset/datasets/imb_flower_0.1/train/californian_poppy/699.jpg	A flower stands upright.
../dataset/datasets/imb_flower_0.1/train/californian_poppy/695.jpg	A flower stands upright with petals spread open.
../dataset/datasets/imb_flower_0.1/train/californian_poppy/690.jpg	A flower stands upright with petals spread open.
../dataset/datasets/imb_flower_0.1/train/californian_poppy/697.jpg	A flower stands upright with petals spread open.
../dataset/datasets/imb_flower_0.1/train/californian_poppy/691.jpg	A flower stands upright with petals spread open.
../dataset/datasets/imb_flower_0.1/train/californian_poppy/696.jpg	A flower stands upright with petals spread open.
../dataset/datasets/imb_flower_0.1/train/californian_poppy/694.jpg	A flower stands upright with petals spread open.
../dataset/datasets/imb_flower_0.1/train/californian_poppy/703.jpg	A flower stands upright with petals spread open.
../dataset/datasets/imb_flower_0.1/train/californian_poppy/685.jpg	A flower stands upright with petals fully open.
../dataset/datasets/imb_flower_0.1/train/californian_poppy/704.jpg	A flower stands upright, slightly angled.
../dataset/datasets/imb_flower_0.1/train/californian_poppy/698.jpg	A flower stands upright with petals spread open.
../dataset/datasets/imb_flower_0.1/train/californian_poppy/686.jpg	A flower stands upright.
../dataset/datasets/imb_flower_0.1/train/californian_poppy/688.jpg	A flower stands upright with petals spread open.
../dataset/datasets/imb_flower_0.1/train/californian_poppy/700.jpg	A flower stands upright with petals slightly open.
../dataset/datasets/imb_flower_0.1/train/californian_poppy/706.jpg	A flower stands upright with petals spread open.
../dataset/datasets/imb_flower_0.1/train/californian_poppy/701.jpg	A flower stands upright with petals spread open.
../dataset/datasets/imb_flower_0.1/train/californian_poppy/707.jpg	A flower stands upright with petals spread open.
../dataset/datasets/imb_flower_0.1/train/californian_poppy/692.jpg	A flower stands upright with petals fully open.
../dataset/datasets/imb_flower_0.1/train/californian_poppy/693.jpg	A flower stands upright.
../dataset/datasets/imb_flower_0.1/train/californian_poppy/702.jpg	A flower stands upright with petals spread open.
../dataset/datasets/imb_flower_0.1/train/osteospermum/1272.jpg	A flower stands upright.
../dataset/datasets/imb_flower_0.1/train/osteospermum/1275.jpg	A flower stands upright with vibrant petals spread wide.
../dataset/datasets/imb_flower_0.1/train/osteospermum/1270.jpg	A flower stands upright with petals fully open.
../dataset/datasets/imb_flower_0.1/train/osteospermum/1271.jpg	A flower stands upright with petals fully open.
../dataset/datasets/imb_flower_0.1/train/osteospermum/1273.jpg	A flower stands upright with petals spread open.
../dataset/datasets/imb_flower_0.1/train/osteospermum/1276.jpg	A flower stands upright with petals fully open.
../dataset/datasets/imb_flower_0.1/train/osteospermum/1279.jpg	A flower stands upright with petals spread open.
../dataset/datasets/imb_flower_0.1/train/osteospermum/1277.jpg	A flower stands upright.
../dataset/datasets/imb_flower_0.1/train/osteospermum/1278.jpg	A flower stands upright with petals spread open.
../dataset/datasets/imb_flower_0.1/train/osteospermum/1274.jpg	A flower stands upright with petals spread open.
../dataset/datasets/imb_flower_0.1/train/spring_crocus/1481.jpg	A flower stands upright amidst grass.
../dataset/datasets/imb_flower_0.1/train/spring_crocus/1482.jpg	A flower stands upright with petals slightly curled.
../dataset/datasets/imb_flower_0.1/train/spring_crocus/1483.jpg	A flower stands upright with petals spread open.
../dataset/datasets/imb_flower_0.1/train/spring_crocus/1480.jpg	A flower stands upright with petals slightly spread.
../dataset/datasets/imb_flower_0.1/train/spring_crocus/1484.jpg	A flower is slightly open, revealing its vibrant center.
../dataset/datasets/imb_flower_0.1/train/bearded_iris/1362.jpg	A flower stands upright with petals spread open.
../dataset/datasets/imb_flower_0.1/train/bearded_iris/1359.jpg	A flower stands upright with petals spread.
../dataset/datasets/imb_flower_0.1/train/bearded_iris/1361.jpg	A flower stands upright, petals spread.
../dataset/datasets/imb_flower_0.1/train/bearded_iris/1363.jpg	A flower stands upright with petals spread open.
../dataset/datasets/imb_flower_0.1/train/bearded_iris/1364.jpg	A flower stands upright with petals spread open.
../dataset/datasets/imb_flower_0.1/train/bearded_iris/1365.jpg	A flower stands upright with petals spread open.
../dataset/datasets/imb_flower_0.1/train/bearded_iris/1360.jpg	A flower stands upright with petals spread open.
../dataset/datasets/imb_flower_0.1/train/bearded_iris/1358.jpg	A flower stands upright with petals spread wide.
../dataset/datasets/imb_flower_0.1/train/windflower/1370.jpg	A flower stands upright with petals fully open.
../dataset/datasets/imb_flower_0.1/train/windflower/1369.jpg	A flower stands upright with petals spread open.
../dataset/datasets/imb_flower_0.1/train/windflower/1368.jpg	A flower stands upright with petals fully unfurled.
../dataset/datasets/imb_flower_0.1/train/windflower/1372.jpg	A flower stands upright with petals fully open.
../dataset/datasets/imb_flower_0.1/train/windflower/1366.jpg	A flower stands upright with petals spread open.
../dataset/datasets/imb_flower_0.1/train/windflower/1371.jpg	A flower stands upright with petals fully open.
../dataset/datasets/imb_flower_0.1/train/windflower/1367.jpg	A flower stands upright with petals spread open.
../dataset/datasets/imb_flower_0.1/train/tree_poppy/1208.jpg	A flower stands upright with petals spread wide.
../dataset/datasets/imb_flower_0.1/train/tree_poppy/1213.jpg	A flower stands upright with petals fully open.
../dataset/datasets/imb_flower_0.1/train/tree_poppy/1217.jpg	A flower stands upright with petals spread wide.
../dataset/datasets/imb_flower_0.1/train/tree_poppy/1214.jpg	A flower stands upright with petals spread open.
../dataset/datasets/imb_flower_0.1/train/tree_poppy/1207.jpg	A flower stands upright with petals spread wide.
../dataset/datasets/imb_flower_0.1/train/tree_poppy/1215.jpg	A flower stands upright with petals spread wide.
../dataset/datasets/imb_flower_0.1/train/tree_poppy/1210.jpg	A flower stands upright amidst greenery.
../dataset/datasets/imb_flower_0.1/train/tree_poppy/1212.jpg	A flower stands upright with petals spread open.
../dataset/datasets/imb_flower_0.1/train/tree_poppy/1211.jpg	A flower stands upright with petals spread open.
../dataset/datasets/imb_flower_0.1/train/tree_poppy/1209.jpg	A flower stands open, displaying its delicate petals and vibrant center.
../dataset/datasets/imb_flower_0.1/train/tree_poppy/1216.jpg	A flower stands upright with petals fully open.
../dataset/datasets/imb_flower_0.1/train/gazania/1045.jpg	A flower stands upright with vibrant petals spread wide.
../dataset/datasets/imb_flower_0.1/train/gazania/1036.jpg	A flower stands upright with vibrant petals spread open.
../dataset/datasets/imb_flower_0.1/train/gazania/1040.jpg	A flower stands upright with vibrant petals spread wide.
../dataset/datasets/imb_flower_0.1/train/gazania/1041.jpg	A flower stands upright with vibrant petals spread wide.
../dataset/datasets/imb_flower_0.1/train/gazania/1034.jpg	A flower stands upright with vibrant petals spread open.
../dataset/datasets/imb_flower_0.1/train/gazania/1038.jpg	A flower stands upright with petals spread wide.
../dataset/datasets/imb_flower_0.1/train/gazania/1046.jpg	A flower stands upright, fully bloomed.
../dataset/datasets/imb_flower_0.1/train/gazania/1044.jpg	A flower stands upright with petals spread wide.
../dataset/datasets/imb_flower_0.1/train/gazania/1042.jpg	A flower stands upright with petals spread wide.
../dataset/datasets/imb_flower_0.1/train/gazania/1047.jpg	A flower stands upright with vibrant petals spread open.
../dataset/datasets/imb_flower_0.1/train/gazania/1033.jpg	A flower stands upright, fully bloomed.
../dataset/datasets/imb_flower_0.1/train/gazania/1037.jpg	A flower stands upright, radiating vibrant colors.
../dataset/datasets/imb_flower_0.1/train/gazania/1035.jpg	A flower stands upright, fully bloomed.
../dataset/datasets/imb_flower_0.1/train/gazania/1039.jpg	A flower stands upright with petals spread wide.
../dataset/datasets/imb_flower_0.1/train/gazania/1043.jpg	A flower stands upright with petals spread wide.
../dataset/datasets/imb_flower_0.1/train/azalea/720.jpg	A flower stands upright with petals spread open.
../dataset/datasets/imb_flower_0.1/train/azalea/713.jpg	A flower stands upright, fully bloomed.
../dataset/datasets/imb_flower_0.1/train/azalea/725.jpg	A flower stands open, displaying its delicate petals and stamens.
../dataset/datasets/imb_flower_0.1/train/azalea/717.jpg	A flower stands upright, slightly angled.
../dataset/datasets/imb_flower_0.1/train/azalea/714.jpg	A flower stands upright, fully bloomed.
../dataset/datasets/imb_flower_0.1/train/azalea/728.jpg	A flower stands upright with petals spread open.
../dataset/datasets/imb_flower_0.1/train/azalea/712.jpg	A flower stands upright, petals spread open.
../dataset/datasets/imb_flower_0.1/train/azalea/722.jpg	A flower stands upright, petals fully unfurled.
../dataset/datasets/imb_flower_0.1/train/azalea/719.jpg	A flower stands upright, fully bloomed.
../dataset/datasets/imb_flower_0.1/train/azalea/710.jpg	A flower stands upright, blooming brightly.
../dataset/datasets/imb_flower_0.1/train/azalea/708.jpg	A flower stands upright with petals spread open.
../dataset/datasets/imb_flower_0.1/train/azalea/727.jpg	A flower stands upright with petals fully open.
../dataset/datasets/imb_flower_0.1/train/azalea/726.jpg	A flower is fully bloomed, displaying vibrant pink petals with dark spots.
../dataset/datasets/imb_flower_0.1/train/azalea/715.jpg	A flower stands open, facing forward.
../dataset/datasets/imb_flower_0.1/train/azalea/724.jpg	A flower stands open, petals spread wide.
../dataset/datasets/imb_flower_0.1/train/azalea/721.jpg	A flower stands upright with dewdrops glistening on its petals.
../dataset/datasets/imb_flower_0.1/train/azalea/711.jpg	A flower stands open, displaying its delicate petals and stamens.
../dataset/datasets/imb_flower_0.1/train/azalea/718.jpg	A flower stands open, displaying vibrant petals and intricate stamens.
../dataset/datasets/imb_flower_0.1/train/azalea/716.jpg	A flower is fully bloomed, displaying its delicate petals and stamens.
../dataset/datasets/imb_flower_0.1/train/azalea/723.jpg	A flower stands upright with petals spread open.
../dataset/datasets/imb_flower_0.1/train/azalea/730.jpg	A flower is open and facing forward.
../dataset/datasets/imb_flower_0.1/train/azalea/729.jpg	A flower stands upright with petals spread open.
../dataset/datasets/imb_flower_0.1/train/azalea/709.jpg	A flower stands open, displaying vibrant petals.
../dataset/datasets/imb_flower_0.1/train/water_lily/147.jpg	A flower floats gracefully on water, petals slightly curled.
../dataset/datasets/imb_flower_0.1/train/water_lily/134.jpg	A flower stands open, facing forward.
../dataset/datasets/imb_flower_0.1/train/water_lily/127.jpg	A flower floats gracefully on water.
../dataset/datasets/imb_flower_0.1/train/water_lily/148.jpg	A flower stands open, petals spread wide.
../dataset/datasets/imb_flower_0.1/train/water_lily/132.jpg	A flower floats gracefully on water.
../dataset/datasets/imb_flower_0.1/train/water_lily/145.jpg	A flower floats gracefully on water.
../dataset/datasets/imb_flower_0.1/train/water_lily/130.jpg	A flower floats gracefully on water.
../dataset/datasets/imb_flower_0.1/train/water_lily/139.jpg	A flower floats gracefully on water.
../dataset/datasets/imb_flower_0.1/train/water_lily/116.jpg	A flower stands upright with petals spread wide.
../dataset/datasets/imb_flower_0.1/train/water_lily/146.jpg	A flower is fully bloomed.
../dataset/datasets/imb_flower_0.1/train/water_lily/125.jpg	A flower floats gracefully on water.
../dataset/datasets/imb_flower_0.1/train/water_lily/121.jpg	A flower floats gracefully on water.
../dataset/datasets/imb_flower_0.1/train/water_lily/118.jpg	A flower floats gracefully on water.
../dataset/datasets/imb_flower_0.1/train/water_lily/133.jpg	A flower is fully bloomed.
../dataset/datasets/imb_flower_0.1/train/water_lily/151.jpg	A flower is fully bloomed.
../dataset/datasets/imb_flower_0.1/train/water_lily/122.jpg	A flower stands upright with petals fully open.
../dataset/datasets/imb_flower_0.1/train/water_lily/143.jpg	A flower floats gracefully on water, surrounded by lily pads.
../dataset/datasets/imb_flower_0.1/train/water_lily/141.jpg	A flower stands upright on lily pads.
../dataset/datasets/imb_flower_0.1/train/water_lily/119.jpg	A flower is fully bloomed, floating on water.
../dataset/datasets/imb_flower_0.1/train/water_lily/144.jpg	A flower floats gracefully on water.
../dataset/datasets/imb_flower_0.1/train/water_lily/124.jpg	A flower floats gracefully on water.
../dataset/datasets/imb_flower_0.1/train/water_lily/135.jpg	A flower floats gracefully on water.
../dataset/datasets/imb_flower_0.1/train/water_lily/149.jpg	A flower stands upright, petals spread wide.
../dataset/datasets/imb_flower_0.1/train/water_lily/136.jpg	A flower floats gracefully on water.
../dataset/datasets/imb_flower_0.1/train/water_lily/150.jpg	A flower floats gracefully on water, surrounded by lily pads.
../dataset/datasets/imb_flower_0.1/train/water_lily/117.jpg	A flower floats gracefully on water, surrounded by lily pads.
../dataset/datasets/imb_flower_0.1/train/water_lily/140.jpg	A flower is open and floating on water.
../dataset/datasets/imb_flower_0.1/train/water_lily/115.jpg	A flower floats gracefully on water, surrounded by lily pads.
../dataset/datasets/imb_flower_0.1/train/water_lily/123.jpg	A flower floats gracefully on water.
../dataset/datasets/imb_flower_0.1/train/water_lily/120.jpg	A flower is floating on water with its petals fully open.
../dataset/datasets/imb_flower_0.1/train/water_lily/129.jpg	A flower stands upright with petals spread open.
../dataset/datasets/imb_flower_0.1/train/water_lily/131.jpg	A flower is fully bloomed.
../dataset/datasets/imb_flower_0.1/train/water_lily/128.jpg	A flower floats gracefully on water.
../dataset/datasets/imb_flower_0.1/train/water_lily/138.jpg	A flower stands upright with petals spread open.
../dataset/datasets/imb_flower_0.1/train/water_lily/137.jpg	A flower is open and facing upwards.
../dataset/datasets/imb_flower_0.1/train/water_lily/142.jpg	A flower stands upright with petals spread open.
../dataset/datasets/imb_flower_0.1/train/water_lily/126.jpg	A flower floats gracefully on water.
../dataset/datasets/imb_flower_0.1/train/rose/205.jpg	A flower is in full bloom, slightly tilted.
../dataset/datasets/imb_flower_0.1/train/rose/214.jpg	A flower stands upright, slightly curved.
../dataset/datasets/imb_flower_0.1/train/rose/209.jpg	A flower is fully bloomed, displaying vibrant petals.
../dataset/datasets/imb_flower_0.1/train/rose/200.jpg	A flower stands upright, slightly open.
../dataset/datasets/imb_flower_0.1/train/rose/206.jpg	A flower stands upright, slightly open.
../dataset/datasets/imb_flower_0.1/train/rose/210.jpg	A flower stands upright with petals slightly unfurled.
../dataset/datasets/imb_flower_0.1/train/rose/213.jpg	A flower stands upright, slightly curved.
../dataset/datasets/imb_flower_0.1/train/rose/202.jpg	A flower stands upright with petals slightly curled.
../dataset/datasets/imb_flower_0.1/train/rose/192.jpg	A flower is in full bloom, petals unfurled.
../dataset/datasets/imb_flower_0.1/train/rose/194.jpg	A flower stands upright, slightly leaning forward.
../dataset/datasets/imb_flower_0.1/train/rose/208.jpg	A flower stands upright against a brick wall.
../dataset/datasets/imb_flower_0.1/train/rose/188.jpg	A flower stands upright, slightly open.
../dataset/datasets/imb_flower_0.1/train/rose/219.jpg	A flower is slightly open, facing forward.
../dataset/datasets/imb_flower_0.1/train/rose/221.jpg	A flower stands upright, slightly curved.
../dataset/datasets/imb_flower_0.1/train/rose/212.jpg	A flower leans against a brick wall.
../dataset/datasets/imb_flower_0.1/train/rose/199.jpg	A flower is slightly open, facing upward.
../dataset/datasets/imb_flower_0.1/train/rose/215.jpg	A flower stands open, fully bloomed.
../dataset/datasets/imb_flower_0.1/train/rose/191.jpg	A flower is in full bloom, slightly tilted.
../dataset/datasets/imb_flower_0.1/train/rose/222.jpg	A flower is in full bloom, slightly tilted.
../dataset/datasets/imb_flower_0.1/train/rose/201.jpg	A flower stands upright, petals slightly curled.
../dataset/datasets/imb_flower_0.1/train/rose/220.jpg	A flower is drooping.
../dataset/datasets/imb_flower_0.1/train/rose/196.jpg	A flower is in a closed bud position.
../dataset/datasets/imb_flower_0.1/train/rose/211.jpg	A flower is slightly open, leaning to one side.
../dataset/datasets/imb_flower_0.1/train/rose/204.jpg	A flower stands upright, slightly curved.
../dataset/datasets/imb_flower_0.1/train/rose/193.jpg	A flower stands upright with petals slightly curled.
../dataset/datasets/imb_flower_0.1/train/rose/217.jpg	A flower is fully bloomed, displaying vibrant pink petals.
../dataset/datasets/imb_flower_0.1/train/rose/189.jpg	A flower stands upright with petals slightly unfurled.
../dataset/datasets/imb_flower_0.1/train/rose/207.jpg	A flower stands upright, fully bloomed.
../dataset/datasets/imb_flower_0.1/train/rose/218.jpg	A flower stands upright with dewdrops glistening on its petals.
../dataset/datasets/imb_flower_0.1/train/rose/190.jpg	A flower stands upright with petals slightly curled.
../dataset/datasets/imb_flower_0.1/train/rose/197.jpg	A flower is drooping.
../dataset/datasets/imb_flower_0.1/train/rose/203.jpg	A flower stands upright, fully bloomed.
../dataset/datasets/imb_flower_0.1/train/rose/216.jpg	A flower stands upright, slightly open.
../dataset/datasets/imb_flower_0.1/train/rose/198.jpg	A flower stands gracefully, petals unfurled.
../dataset/datasets/imb_flower_0.1/train/rose/195.jpg	A flower stands upright with petals fully unfurled.
../dataset/datasets/imb_flower_0.1/train/thorn_apple/480.jpg	A flower is drooping.
../dataset/datasets/imb_flower_0.1/train/thorn_apple/493.jpg	A flower stands upright with petals slightly spread.
../dataset/datasets/imb_flower_0.1/train/thorn_apple/479.jpg	A flower stands upright with petals spread open.
../dataset/datasets/imb_flower_0.1/train/thorn_apple/477.jpg	A flower stands upright, petals spread wide.
../dataset/datasets/imb_flower_0.1/train/thorn_apple/500.jpg	A flower stands upright with petals spread wide.
../dataset/datasets/imb_flower_0.1/train/thorn_apple/486.jpg	A flower is open and facing forward.
../dataset/datasets/imb_flower_0.1/train/thorn_apple/502.jpg	A flower stands upright with petals spread wide.
../dataset/datasets/imb_flower_0.1/train/thorn_apple/490.jpg	A flower lies flat on the ground.
../dataset/datasets/imb_flower_0.1/train/thorn_apple/492.jpg	A flower stands upright with petals spread wide.
../dataset/datasets/imb_flower_0.1/train/thorn_apple/494.jpg	A flower is open and facing forward.
../dataset/datasets/imb_flower_0.1/train/thorn_apple/483.jpg	A flower is drooping.
../dataset/datasets/imb_flower_0.1/train/thorn_apple/499.jpg	A flower is open and facing upwards.
../dataset/datasets/imb_flower_0.1/train/thorn_apple/476.jpg	A flower stands upright with petals spread wide.
../dataset/datasets/imb_flower_0.1/train/thorn_apple/475.jpg	A flower stands upright with petals spread wide.
../dataset/datasets/imb_flower_0.1/train/thorn_apple/491.jpg	A flower is drooping.
../dataset/datasets/imb_flower_0.1/train/thorn_apple/488.jpg	A flower stands upright with petals spread open.
../dataset/datasets/imb_flower_0.1/train/thorn_apple/478.jpg	A flower stands upright with petals fully unfurled.
../dataset/datasets/imb_flower_0.1/train/thorn_apple/498.jpg	A flower is fully open, displaying its petals.
../dataset/datasets/imb_flower_0.1/train/thorn_apple/481.jpg	A flower hangs downward, petals spread wide.
../dataset/datasets/imb_flower_0.1/train/thorn_apple/489.jpg	A flower is fully open, facing upwards.
../dataset/datasets/imb_flower_0.1/train/thorn_apple/497.jpg	A flower stands upright with petals spread wide.
../dataset/datasets/imb_flower_0.1/train/thorn_apple/501.jpg	A flower stands upright with petals spread wide.
../dataset/datasets/imb_flower_0.1/train/thorn_apple/487.jpg	A flower is drooping.
../dataset/datasets/imb_flower_0.1/train/thorn_apple/495.jpg	A flower stands upright with petals spread open.
../dataset/datasets/imb_flower_0.1/train/thorn_apple/496.jpg	A flower is drooping.
../dataset/datasets/imb_flower_0.1/train/thorn_apple/482.jpg	A flower stands upright with petals spread open.
../dataset/datasets/imb_flower_0.1/train/thorn_apple/484.jpg	A flower stands upright, petals unfurled.
../dataset/datasets/imb_flower_0.1/train/thorn_apple/485.jpg	A flower is open, facing forward.
../dataset/datasets/imb_flower_0.1/train/morning_glory/645.jpg	A flower stands open, facing the sun.
../dataset/datasets/imb_flower_0.1/train/morning_glory/659.jpg	A flower stands upright, fully bloomed.
../dataset/datasets/imb_flower_0.1/train/morning_glory/648.jpg	A flower stands upright, facing forward.
../dataset/datasets/imb_flower_0.1/train/morning_glory/647.jpg	A flower is open and facing forward.
../dataset/datasets/imb_flower_0.1/train/morning_glory/649.jpg	a flower lies flat on grass.
../dataset/datasets/imb_flower_0.1/train/morning_glory/641.jpg	A flower stands upright with petals spread wide.
../dataset/datasets/imb_flower_0.1/train/morning_glory/642.jpg	A flower stands upright.
../dataset/datasets/imb_flower_0.1/train/morning_glory/654.jpg	A flower is open and facing forward.
../dataset/datasets/imb_flower_0.1/train/morning_glory/637.jpg	A flower stands upright with petals spread wide.
../dataset/datasets/imb_flower_0.1/train/morning_glory/646.jpg	A flower is open and facing forward.
../dataset/datasets/imb_flower_0.1/train/morning_glory/651.jpg	A flower stands open, petals spread wide.
../dataset/datasets/imb_flower_0.1/train/morning_glory/639.jpg	A flower stands upright.
../dataset/datasets/imb_flower_0.1/train/morning_glory/644.jpg	A flower stands upright, petals spread wide.
../dataset/datasets/imb_flower_0.1/train/morning_glory/643.jpg	A flower is open and facing forward.
../dataset/datasets/imb_flower_0.1/train/morning_glory/655.jpg	A flower is open and facing forward.
../dataset/datasets/imb_flower_0.1/train/morning_glory/635.jpg	A flower stands upright.
../dataset/datasets/imb_flower_0.1/train/morning_glory/640.jpg	A flower stands upright among leaves.
../dataset/datasets/imb_flower_0.1/train/morning_glory/638.jpg	A flower hangs gracefully, petals unfurled.
../dataset/datasets/imb_flower_0.1/train/morning_glory/657.jpg	A flower is leaning against a wire fence.
../dataset/datasets/imb_flower_0.1/train/morning_glory/652.jpg	A flower is fully bloomed, facing forward.
../dataset/datasets/imb_flower_0.1/train/morning_glory/636.jpg	A flower is open and facing forward.
../dataset/datasets/imb_flower_0.1/train/morning_glory/650.jpg	A flower is slightly drooping.
../dataset/datasets/imb_flower_0.1/train/morning_glory/658.jpg	A flower is open and facing forward.
../dataset/datasets/imb_flower_0.1/train/morning_glory/653.jpg	A flower stands upright with petals spread wide.
../dataset/datasets/imb_flower_0.1/train/morning_glory/656.jpg	A flower stands upright.
../dataset/datasets/imb_flower_0.1/train/passion_flower/61.jpg	A flower stands upright, petals spread.
../dataset/datasets/imb_flower_0.1/train/passion_flower/70.jpg	A flower stands upright with petals spread wide.
../dataset/datasets/imb_flower_0.1/train/passion_flower/51.jpg	A flower stands upright with petals spread.
../dataset/datasets/imb_flower_0.1/train/passion_flower/40.jpg	A flower stands open, displaying its intricate structure.
../dataset/datasets/imb_flower_0.1/train/passion_flower/41.jpg	A flower stands upright with petals spread wide.
../dataset/datasets/imb_flower_0.1/train/passion_flower/55.jpg	A flower stands upright with petals spread wide.
../dataset/datasets/imb_flower_0.1/train/passion_flower/66.jpg	A flower stands open, displaying its intricate stamens and petals.
../dataset/datasets/imb_flower_0.1/train/passion_flower/53.jpg	A flower stands upright with its petals spread open.
../dataset/datasets/imb_flower_0.1/train/passion_flower/54.jpg	A flower stands open, displaying vibrant petals and intricate stamens.
../dataset/datasets/imb_flower_0.1/train/passion_flower/52.jpg	A flower stands upright with petals and stamens spread out.
../dataset/datasets/imb_flower_0.1/train/passion_flower/69.jpg	A flower stands upright with petals spread wide.
../dataset/datasets/imb_flower_0.1/train/passion_flower/72.jpg	A flower stands upright, petals spread wide.
../dataset/datasets/imb_flower_0.1/train/passion_flower/59.jpg	A flower stands upright with petals spread wide.
../dataset/datasets/imb_flower_0.1/train/passion_flower/68.jpg	A flower stands upright with petals spread wide.
../dataset/datasets/imb_flower_0.1/train/passion_flower/60.jpg	A flower stands open, displaying its intricate center and vibrant petals.
../dataset/datasets/imb_flower_0.1/train/passion_flower/39.jpg	A flower stands open, displaying its vibrant petals and intricate stamens.
../dataset/datasets/imb_flower_0.1/train/passion_flower/67.jpg	A flower stands upright with petals spread open.
../dataset/datasets/imb_flower_0.1/train/passion_flower/48.jpg	A flower is held gently, showcasing its intricate details.
../dataset/datasets/imb_flower_0.1/train/passion_flower/71.jpg	A flower stands open, displaying its intricate center and vibrant petals.
../dataset/datasets/imb_flower_0.1/train/passion_flower/57.jpg	A flower stands upright with petals spread.
../dataset/datasets/imb_flower_0.1/train/passion_flower/49.jpg	A flower stands upright with petals spread.
../dataset/datasets/imb_flower_0.1/train/passion_flower/62.jpg	A flower stands open, displaying its intricate structure.
../dataset/datasets/imb_flower_0.1/train/passion_flower/42.jpg	A flower stands upright with petals spread wide.
../dataset/datasets/imb_flower_0.1/train/passion_flower/47.jpg	A flower hangs downward.
../dataset/datasets/imb_flower_0.1/train/passion_flower/46.jpg	A flower stands upright with petals spread wide.
../dataset/datasets/imb_flower_0.1/train/passion_flower/45.jpg	A flower stands upright with petals spread.
../dataset/datasets/imb_flower_0.1/train/passion_flower/58.jpg	A flower hangs gracefully.
../dataset/datasets/imb_flower_0.1/train/passion_flower/65.jpg	A flower stands upright, petals spread wide.
../dataset/datasets/imb_flower_0.1/train/passion_flower/76.jpg	A flower stands upright with petals spread.
../dataset/datasets/imb_flower_0.1/train/passion_flower/43.jpg	A flower stands open, displaying its intricate structure.
../dataset/datasets/imb_flower_0.1/train/passion_flower/44.jpg	A flower stands upright with petals spread open.
../dataset/datasets/imb_flower_0.1/train/passion_flower/50.jpg	A flower is open and facing forward.
../dataset/datasets/imb_flower_0.1/train/passion_flower/75.jpg	A flower stands upright with petals spread.
../dataset/datasets/imb_flower_0.1/train/passion_flower/63.jpg	A flower stands upright with petals spread.
../dataset/datasets/imb_flower_0.1/train/passion_flower/73.jpg	A flower stands upright with petals spread wide.
../dataset/datasets/imb_flower_0.1/train/passion_flower/74.jpg	A flower hangs downward, displaying its vibrant petals and intricate center.
../dataset/datasets/imb_flower_0.1/train/passion_flower/64.jpg	A flower stands upright, displaying its intricate petals and stamens.
../dataset/datasets/imb_flower_0.1/train/passion_flower/56.jpg	A flower hangs gracefully, petals spread.
../dataset/datasets/imb_flower_0.1/train/lotus/331.jpg	A flower stands upright with petals spread open.
../dataset/datasets/imb_flower_0.1/train/lotus/346.jpg	A flower stands upright with petals fully open.
../dataset/datasets/imb_flower_0.1/train/lotus/325.jpg	A flower stands upright with petals spread open.
../dataset/datasets/imb_flower_0.1/train/lotus/349.jpg	A flower stands tall, petals spread wide.
../dataset/datasets/imb_flower_0.1/train/lotus/335.jpg	A flower stands open, petals spread wide.
../dataset/datasets/imb_flower_0.1/train/lotus/324.jpg	A flower stands open, facing forward.
../dataset/datasets/imb_flower_0.1/train/lotus/330.jpg	A flower stands upright amidst greenery.
../dataset/datasets/imb_flower_0.1/train/lotus/347.jpg	A flower stands upright against a blue sky.
../dataset/datasets/imb_flower_0.1/train/lotus/352.jpg	A flower stands open, petals spread wide.
../dataset/datasets/imb_flower_0.1/train/lotus/345.jpg	A flower stands open, displaying its petals and center.
../dataset/datasets/imb_flower_0.1/train/lotus/329.jpg	A flower stands open, displaying its petals and center.
../dataset/datasets/imb_flower_0.1/train/lotus/343.jpg	A flower stands open, petals spread wide.
../dataset/datasets/imb_flower_0.1/train/lotus/336.jpg	A flower stands upright, petals spread wide.
../dataset/datasets/imb_flower_0.1/train/lotus/323.jpg	A flower stands open, petals spread.
../dataset/datasets/imb_flower_0.1/train/lotus/354.jpg	A flower stands upright, petals spread open.
../dataset/datasets/imb_flower_0.1/train/lotus/348.jpg	A flower stands upright, petals fully open.
../dataset/datasets/imb_flower_0.1/train/lotus/353.jpg	A flower stands upright with petals spread open.
../dataset/datasets/imb_flower_0.1/train/lotus/342.jpg	A flower stands upright with petals spread open.
../dataset/datasets/imb_flower_0.1/train/lotus/338.jpg	A flower stands upright, petals fully unfurled.
../dataset/datasets/imb_flower_0.1/train/lotus/327.jpg	A flower stands upright with petals spread open.
../dataset/datasets/imb_flower_0.1/train/lotus/340.jpg	A flower stands upright with petals spread open.
../dataset/datasets/imb_flower_0.1/train/lotus/326.jpg	A flower stands upright with petals spread open.
../dataset/datasets/imb_flower_0.1/train/lotus/350.jpg	A flower stands upright, petals spread open.
../dataset/datasets/imb_flower_0.1/train/lotus/339.jpg	A flower stands upright with petals spread open.
../dataset/datasets/imb_flower_0.1/train/lotus/344.jpg	A flower stands open, petals spread.
../dataset/datasets/imb_flower_0.1/train/lotus/333.jpg	A flower stands upright, petals fully open.
../dataset/datasets/imb_flower_0.1/train/lotus/337.jpg	A flower stands upright.
../dataset/datasets/imb_flower_0.1/train/lotus/332.jpg	A flower is slightly open, facing right.
../dataset/datasets/imb_flower_0.1/train/lotus/334.jpg	A flower stands upright with petals slightly unfurled.
../dataset/datasets/imb_flower_0.1/train/lotus/351.jpg	A flower stands open, petals spread.
../dataset/datasets/imb_flower_0.1/train/lotus/328.jpg	A flower stands upright with petals fully unfurled.
../dataset/datasets/imb_flower_0.1/train/lotus/341.jpg	A flower stands open, displaying its petals and center.
../dataset/datasets/imb_flower_0.1/train/toad_lily/1531.jpg	A flower stands upright with petals spread open.
../dataset/datasets/imb_flower_0.1/train/toad_lily/1529.jpg	A flower stands upright with petals spread.
../dataset/datasets/imb_flower_0.1/train/toad_lily/1530.jpg	A flower is held gently in a hand.
../dataset/datasets/imb_flower_0.1/train/anthurium/673.jpg	A flower stands upright with its petals spread wide.
../dataset/datasets/imb_flower_0.1/train/anthurium/668.jpg	A flower stands upright with a prominent central structure.
../dataset/datasets/imb_flower_0.1/train/anthurium/661.jpg	A flower stands upright, heart-shaped bloom facing forward.
../dataset/datasets/imb_flower_0.1/train/anthurium/682.jpg	A flower stands upright with a curved petal.
../dataset/datasets/imb_flower_0.1/train/anthurium/677.jpg	A flower leans slightly downward.
../dataset/datasets/imb_flower_0.1/train/anthurium/674.jpg	A flower is upright and open.
../dataset/datasets/imb_flower_0.1/train/anthurium/667.jpg	A flower leans against a tree trunk.
../dataset/datasets/imb_flower_0.1/train/anthurium/666.jpg	A flower stands upright with vibrant red petals and a white, yellow-striped spathe.
../dataset/datasets/imb_flower_0.1/train/anthurium/671.jpg	A flower stands upright with petals spread open.
../dataset/datasets/imb_flower_0.1/train/anthurium/662.jpg	A flower stands upright with a vibrant red petal and a white, yellow-tipped spadix.
../dataset/datasets/imb_flower_0.1/train/anthurium/679.jpg	A flower is upright and open, displaying vibrant red bracts with yellow spadixes.
../dataset/datasets/imb_flower_0.1/train/anthurium/665.jpg	A flower stands upright with a vibrant pink spathe and a dark, textured spadix.
../dataset/datasets/imb_flower_0.1/train/anthurium/664.jpg	A flower stands upright with petals spread wide.
../dataset/datasets/imb_flower_0.1/train/anthurium/676.jpg	A flower stands upright with a vibrant red spathe and green spadix.
../dataset/datasets/imb_flower_0.1/train/anthurium/681.jpg	A flower leans gracefully, petals spread wide.
../dataset/datasets/imb_flower_0.1/train/anthurium/669.jpg	A flower stands upright with its petals spread wide.
../dataset/datasets/imb_flower_0.1/train/anthurium/672.jpg	A flower stands upright with its petals spread open.
../dataset/datasets/imb_flower_0.1/train/anthurium/675.jpg	A flower stands upright with a curved petal.
../dataset/datasets/imb_flower_0.1/train/anthurium/683.jpg	A flower stands upright with a prominent stem.
../dataset/datasets/imb_flower_0.1/train/anthurium/680.jpg	A flower is open, displaying its petal and spadix.
../dataset/datasets/imb_flower_0.1/train/anthurium/678.jpg	A flower is upright with a curved petal.
../dataset/datasets/imb_flower_0.1/train/anthurium/670.jpg	A flower stands upright with a prominent spadix.
../dataset/datasets/imb_flower_0.1/train/anthurium/660.jpg	A flower stands upright with petals spread open.
../dataset/datasets/imb_flower_0.1/train/anthurium/663.jpg	A flower stands upright with a vibrant red spathe and a prominent spadix.
../dataset/datasets/imb_flower_0.1/train/frangipani/251.jpg	A flower is open and facing forward.
../dataset/datasets/imb_flower_0.1/train/frangipani/234.jpg	A flower is open and droplets are visible on its petals.
../dataset/datasets/imb_flower_0.1/train/frangipani/240.jpg	A flower stands upright with petals fully open.
../dataset/datasets/imb_flower_0.1/train/frangipani/248.jpg	A flower is open and facing forward.
../dataset/datasets/imb_flower_0.1/train/frangipani/245.jpg	A flower lies flat, petals spread.
../dataset/datasets/imb_flower_0.1/train/frangipani/242.jpg	A flower stands upright with petals fully open.
../dataset/datasets/imb_flower_0.1/train/frangipani/224.jpg	A flower is fully bloomed with petals spread open.
../dataset/datasets/imb_flower_0.1/train/frangipani/241.jpg	A flower is open and facing forward.
../dataset/datasets/imb_flower_0.1/train/frangipani/227.jpg	A flower is fully bloomed, displaying its petals outward.
../dataset/datasets/imb_flower_0.1/train/frangipani/253.jpg	A flower is open and facing forward.
../dataset/datasets/imb_flower_0.1/train/frangipani/235.jpg	A flower is slightly drooping.
../dataset/datasets/imb_flower_0.1/train/frangipani/236.jpg	A flower stands upright with petals spread open.
../dataset/datasets/imb_flower_0.1/train/frangipani/250.jpg	A flower is open and facing forward.
../dataset/datasets/imb_flower_0.1/train/frangipani/244.jpg	A flower stands upright with petals fully open.
../dataset/datasets/imb_flower_0.1/train/frangipani/238.jpg	A flower is open and facing forward.
../dataset/datasets/imb_flower_0.1/train/frangipani/225.jpg	A flower is fully bloomed with petals spread open.
../dataset/datasets/imb_flower_0.1/train/frangipani/233.jpg	A flower is held gently, slightly tilted.
../dataset/datasets/imb_flower_0.1/train/frangipani/247.jpg	A flower is slightly drooping.
../dataset/datasets/imb_flower_0.1/train/frangipani/255.jpg	A flower is drooping slightly.
../dataset/datasets/imb_flower_0.1/train/frangipani/243.jpg	A flower is open and blooming.
../dataset/datasets/imb_flower_0.1/train/frangipani/230.jpg	A flower stands upright, petals fully open.
../dataset/datasets/imb_flower_0.1/train/frangipani/237.jpg	A flower is fully bloomed, displaying its vibrant petals.
../dataset/datasets/imb_flower_0.1/train/frangipani/246.jpg	A flower is open and facing forward.
../dataset/datasets/imb_flower_0.1/train/frangipani/231.jpg	A flower is fully open, displaying its petals.
../dataset/datasets/imb_flower_0.1/train/frangipani/223.jpg	A flower is open and facing forward.
../dataset/datasets/imb_flower_0.1/train/frangipani/256.jpg	A flower stands upright, slightly tilted.
../dataset/datasets/imb_flower_0.1/train/frangipani/229.jpg	A flower is fully bloomed, displaying its petals outward.
../dataset/datasets/imb_flower_0.1/train/frangipani/254.jpg	A flower is fully bloomed, displaying its vibrant petals.
../dataset/datasets/imb_flower_0.1/train/frangipani/226.jpg	A flower stands upright with petals spread open.
../dataset/datasets/imb_flower_0.1/train/frangipani/252.jpg	A flower is open and facing forward.
../dataset/datasets/imb_flower_0.1/train/frangipani/232.jpg	A flower stands upright, slightly angled.
../dataset/datasets/imb_flower_0.1/train/frangipani/249.jpg	A flower is open and facing forward.
../dataset/datasets/imb_flower_0.1/train/frangipani/228.jpg	A flower is fully bloomed, displaying vibrant yellow and white petals.
../dataset/datasets/imb_flower_0.1/train/frangipani/239.jpg	A flower is fully bloomed with vibrant petals.
../dataset/datasets/imb_flower_0.1/train/clematis/531.jpg	A flower stands upright with petals fully open.
../dataset/datasets/imb_flower_0.1/train/clematis/557.jpg	A flower stands upright with petals spread open.
../dataset/datasets/imb_flower_0.1/train/clematis/540.jpg	A flower is fully bloomed, displaying its petals and center.
../dataset/datasets/imb_flower_0.1/train/clematis/542.jpg	A flower stands upright with petals spread open.
../dataset/datasets/imb_flower_0.1/train/clematis/537.jpg	A flower stands upright with petals spread wide.
../dataset/datasets/imb_flower_0.1/train/clematis/549.jpg	A flower is fully bloomed, facing forward.
../dataset/datasets/imb_flower_0.1/train/clematis/556.jpg	A flower stands upright with petals spread open.
../dataset/datasets/imb_flower_0.1/train/clematis/543.jpg	A flower is fully bloomed, displaying vibrant petals and intricate stamens.
../dataset/datasets/imb_flower_0.1/train/clematis/554.jpg	A flower stands upright with petals spread open.
../dataset/datasets/imb_flower_0.1/train/clematis/534.jpg	A flower is fully bloomed with petals spread wide.
../dataset/datasets/imb_flower_0.1/train/clematis/548.jpg	A flower stands upright with petals spread open.
../dataset/datasets/imb_flower_0.1/train/clematis/538.jpg	A flower stands upright with petals spread wide.
../dataset/datasets/imb_flower_0.1/train/clematis/550.jpg	A flower stands upright with petals fully open.
../dataset/datasets/imb_flower_0.1/train/clematis/552.jpg	A flower is fully bloomed, displaying vibrant petals and a central stamen.
../dataset/datasets/imb_flower_0.1/train/clematis/535.jpg	A flower stands upright, fully bloomed.
../dataset/datasets/imb_flower_0.1/train/clematis/532.jpg	A flower stands open, displaying vibrant petals and intricate stamens.
../dataset/datasets/imb_flower_0.1/train/clematis/546.jpg	A flower stands upright, petals fully unfurled.
../dataset/datasets/imb_flower_0.1/train/clematis/541.jpg	A flower is open and facing forward.
../dataset/datasets/imb_flower_0.1/train/clematis/536.jpg	A flower stands upright with petals spread wide.
../dataset/datasets/imb_flower_0.1/train/clematis/539.jpg	A flower is drooping.
../dataset/datasets/imb_flower_0.1/train/clematis/553.jpg	A flower stands upright with petals spread open.
../dataset/datasets/imb_flower_0.1/train/clematis/547.jpg	A flower is open and facing forward.
../dataset/datasets/imb_flower_0.1/train/clematis/551.jpg	A flower is hanging from a trellis.
../dataset/datasets/imb_flower_0.1/train/clematis/533.jpg	A flower stands upright with petals spread open.
../dataset/datasets/imb_flower_0.1/train/clematis/555.jpg	A flower is drooping.
../dataset/datasets/imb_flower_0.1/train/clematis/545.jpg	A flower is hanging upside down.
../dataset/datasets/imb_flower_0.1/train/clematis/544.jpg	A flower stands upright with petals spread open.
../dataset/datasets/imb_flower_0.1/train/hibiscus/405.jpg	A flower stands open, displaying vibrant petals.
../dataset/datasets/imb_flower_0.1/train/hibiscus/394.jpg	A flower stands upright with petals spread wide.
../dataset/datasets/imb_flower_0.1/train/hibiscus/390.jpg	A flower stands upright with petals spread open.
../dataset/datasets/imb_flower_0.1/train/hibiscus/413.jpg	A flower stands upright with petals spread open.
../dataset/datasets/imb_flower_0.1/train/hibiscus/402.jpg	A flower stands upright with petals spread open.
../dataset/datasets/imb_flower_0.1/train/hibiscus/407.jpg	A flower stands open, facing forward.
../dataset/datasets/imb_flower_0.1/train/hibiscus/401.jpg	A flower stands open, facing forward.
../dataset/datasets/imb_flower_0.1/train/hibiscus/400.jpg	A flower stands upright, fully bloomed.
../dataset/datasets/imb_flower_0.1/train/hibiscus/396.jpg	A flower stands open, displaying its vibrant petals and central stamen.
../dataset/datasets/imb_flower_0.1/train/hibiscus/399.jpg	A flower is open and facing forward.
../dataset/datasets/imb_flower_0.1/train/hibiscus/392.jpg	A flower stands open, facing slightly downward.
../dataset/datasets/imb_flower_0.1/train/hibiscus/389.jpg	A flower stands upright with petals spread open.
../dataset/datasets/imb_flower_0.1/train/hibiscus/403.jpg	A flower stands open, displaying its vibrant petals and central stamen.
../dataset/datasets/imb_flower_0.1/train/hibiscus/410.jpg	A flower stands upright with petals spread open.
../dataset/datasets/imb_flower_0.1/train/hibiscus/412.jpg	A flower stands upright with petals spread open.
../dataset/datasets/imb_flower_0.1/train/hibiscus/411.jpg	A flower stands open, facing forward.
../dataset/datasets/imb_flower_0.1/train/hibiscus/404.jpg	A flower stands upright with petals spread open.
../dataset/datasets/imb_flower_0.1/train/hibiscus/414.jpg	A flower stands open, displaying its petals and stamen.
../dataset/datasets/imb_flower_0.1/train/hibiscus/397.jpg	A flower stands open, facing forward.
../dataset/datasets/imb_flower_0.1/train/hibiscus/391.jpg	A flower stands upright with petals spread wide.
../dataset/datasets/imb_flower_0.1/train/hibiscus/406.jpg	A flower stands upright with petals spread open.
../dataset/datasets/imb_flower_0.1/train/hibiscus/395.jpg	A flower stands upright with petals fully open.
../dataset/datasets/imb_flower_0.1/train/hibiscus/408.jpg	A flower is open and facing forward.
../dataset/datasets/imb_flower_0.1/train/hibiscus/415.jpg	A flower stands open, facing forward.
../dataset/datasets/imb_flower_0.1/train/hibiscus/388.jpg	A flower stands upright, facing slightly left.
../dataset/datasets/imb_flower_0.1/train/hibiscus/409.jpg	A flower stands upright, fully bloomed.
../dataset/datasets/imb_flower_0.1/train/hibiscus/393.jpg	A flower stands open, facing slightly to the right.
../dataset/datasets/imb_flower_0.1/train/hibiscus/386.jpg	A flower stands upright with petals spread open.
../dataset/datasets/imb_flower_0.1/train/hibiscus/387.jpg	A flower stands upright, petals spread wide.
../dataset/datasets/imb_flower_0.1/train/hibiscus/398.jpg	A flower stands upright, facing forward.
../dataset/datasets/imb_flower_0.1/train/columbine/894.jpg	A flower stands upright with petals spread.
../dataset/datasets/imb_flower_0.1/train/columbine/891.jpg	A flower stands upright with petals spread open.
../dataset/datasets/imb_flower_0.1/train/columbine/884.jpg	A flower stands upright with petals spread.
../dataset/datasets/imb_flower_0.1/train/columbine/886.jpg	A flower is slightly drooping.
../dataset/datasets/imb_flower_0.1/train/columbine/878.jpg	A flower leans gracefully, petals unfurled.
../dataset/datasets/imb_flower_0.1/train/columbine/881.jpg	A flower stands upright with petals spread open.
../dataset/datasets/imb_flower_0.1/train/columbine/882.jpg	A flower leans gracefully.
../dataset/datasets/imb_flower_0.1/train/columbine/889.jpg	A flower stands upright with petals spread.
../dataset/datasets/imb_flower_0.1/train/columbine/879.jpg	A flower stands upright with petals spread open.
../dataset/datasets/imb_flower_0.1/train/columbine/876.jpg	A flower stands upright with petals spread open.
../dataset/datasets/imb_flower_0.1/train/columbine/888.jpg	A flower stands upright with petals spread open.
../dataset/datasets/imb_flower_0.1/train/columbine/892.jpg	A flower stands upright with petals spread open.
../dataset/datasets/imb_flower_0.1/train/columbine/883.jpg	A flower stands upright with petals spread open.
../dataset/datasets/imb_flower_0.1/train/columbine/887.jpg	A flower stands upright with petals spread open.
../dataset/datasets/imb_flower_0.1/train/columbine/880.jpg	A flower stands upright with petals slightly spread.
../dataset/datasets/imb_flower_0.1/train/columbine/890.jpg	A flower stands upright with petals spread open.
../dataset/datasets/imb_flower_0.1/train/columbine/893.jpg	A flower stands upright, slightly angled.
../dataset/datasets/imb_flower_0.1/train/columbine/885.jpg	A flower stands upright with petals spread open.
../dataset/datasets/imb_flower_0.1/train/columbine/877.jpg	A flower stands upright, slightly angled.
../dataset/datasets/imb_flower_0.1/train/desert-rose/1218.jpg	A flower is open and facing forward.
../dataset/datasets/imb_flower_0.1/train/desert-rose/1219.jpg	A flower hangs gracefully.
../dataset/datasets/imb_flower_0.1/train/desert-rose/1220.jpg	A flower stands upright with petals spread open.
../dataset/datasets/imb_flower_0.1/train/desert-rose/1224.jpg	A flower stands upright with petals spread open.
../dataset/datasets/imb_flower_0.1/train/desert-rose/1227.jpg	A flower stands upright with petals spread open.
../dataset/datasets/imb_flower_0.1/train/desert-rose/1223.jpg	A flower stands upright with petals spread open.
../dataset/datasets/imb_flower_0.1/train/desert-rose/1222.jpg	A flower stands upright with petals spread open.
../dataset/datasets/imb_flower_0.1/train/desert-rose/1228.jpg	A flower stands upright with petals spread open.
../dataset/datasets/imb_flower_0.1/train/desert-rose/1221.jpg	A flower stands open, facing forward.
../dataset/datasets/imb_flower_0.1/train/desert-rose/1226.jpg	A flower stands upright with vibrant petals.
../dataset/datasets/imb_flower_0.1/train/desert-rose/1225.jpg	A flower leans slightly to the side.
../dataset/datasets/imb_flower_0.1/train/tree_mallow/1306.jpg	A flower stands upright with petals spread open.
../dataset/datasets/imb_flower_0.1/train/tree_mallow/1300.jpg	A flower stands upright with petals spread open.
../dataset/datasets/imb_flower_0.1/train/tree_mallow/1299.jpg	A flower stands upright.
../dataset/datasets/imb_flower_0.1/train/tree_mallow/1307.jpg	A flower stands upright, petals spread wide.
../dataset/datasets/imb_flower_0.1/train/tree_mallow/1304.jpg	A flower stands upright with petals spread open.
../dataset/datasets/imb_flower_0.1/train/tree_mallow/1302.jpg	A flower stands upright with petals fully unfurled.
../dataset/datasets/imb_flower_0.1/train/tree_mallow/1305.jpg	A flower stands upright with petals spread open.
../dataset/datasets/imb_flower_0.1/train/tree_mallow/1303.jpg	A flower stands open, facing forward.
../dataset/datasets/imb_flower_0.1/train/tree_mallow/1301.jpg	A flower stands upright with petals spread open.
../dataset/datasets/imb_flower_0.1/train/magnolia/1239.jpg	A flower stands open, petals unfurled.
../dataset/datasets/imb_flower_0.1/train/magnolia/1230.jpg	A flower is slightly drooping.
../dataset/datasets/imb_flower_0.1/train/magnolia/1238.jpg	A flower is slightly drooping.
../dataset/datasets/imb_flower_0.1/train/magnolia/1231.jpg	A flower is partially open, revealing its delicate petals.
../dataset/datasets/imb_flower_0.1/train/magnolia/1237.jpg	A flower is open and facing forward.
../dataset/datasets/imb_flower_0.1/train/magnolia/1232.jpg	A flower is fully bloomed, facing slightly upward.
../dataset/datasets/imb_flower_0.1/train/magnolia/1233.jpg	A flower stands open, petals spread wide.
../dataset/datasets/imb_flower_0.1/train/magnolia/1234.jpg	A flower stands open, petals spread wide.
../dataset/datasets/imb_flower_0.1/train/magnolia/1235.jpg	A flower stands open, petals spread wide.
../dataset/datasets/imb_flower_0.1/train/magnolia/1229.jpg	A flower stands open, petals spread wide.
../dataset/datasets/imb_flower_0.1/train/magnolia/1236.jpg	A flower is open and facing slightly downward.
../dataset/datasets/imb_flower_0.1/train/cyclamen_/294.jpg	A flower stands upright with petals slightly open.
../dataset/datasets/imb_flower_0.1/train/cyclamen_/319.jpg	A flower hangs downward, petals slightly spread.
../dataset/datasets/imb_flower_0.1/train/cyclamen_/320.jpg	A flower leans slightly to the side.
../dataset/datasets/imb_flower_0.1/train/cyclamen_/290.jpg	A flower stands upright with delicate petals.
../dataset/datasets/imb_flower_0.1/train/cyclamen_/293.jpg	A flower stands upright with petals slightly open.
../dataset/datasets/imb_flower_0.1/train/cyclamen_/313.jpg	A flower is slightly tilted.
../dataset/datasets/imb_flower_0.1/train/cyclamen_/295.jpg	A flower leans gracefully.
../dataset/datasets/imb_flower_0.1/train/cyclamen_/305.jpg	A flower stands upright with petals spread open.
../dataset/datasets/imb_flower_0.1/train/cyclamen_/310.jpg	A flower is drooping.
../dataset/datasets/imb_flower_0.1/train/cyclamen_/311.jpg	A flower droops downward.
../dataset/datasets/imb_flower_0.1/train/cyclamen_/315.jpg	A flower leans slightly, petals spread.
../dataset/datasets/imb_flower_0.1/train/cyclamen_/308.jpg	A flower stands upright with petals slightly open.
../dataset/datasets/imb_flower_0.1/train/cyclamen_/322.jpg	A flower stands upright with petals slightly spread.
../dataset/datasets/imb_flower_0.1/train/cyclamen_/291.jpg	A flower hangs downward, petals spread slightly.
../dataset/datasets/imb_flower_0.1/train/cyclamen_/314.jpg	A flower is drooping.
../dataset/datasets/imb_flower_0.1/train/cyclamen_/296.jpg	A flower is slightly tilted, with petals overlapping.
../dataset/datasets/imb_flower_0.1/train/cyclamen_/306.jpg	A flower stands gracefully, petals slightly curved.
../dataset/datasets/imb_flower_0.1/train/cyclamen_/299.jpg	A flower leans slightly to the side.
../dataset/datasets/imb_flower_0.1/train/cyclamen_/302.jpg	A flower is slightly drooping.
../dataset/datasets/imb_flower_0.1/train/cyclamen_/300.jpg	A flower is slightly tilted.
../dataset/datasets/imb_flower_0.1/train/cyclamen_/303.jpg	A flower leans slightly to the side.
../dataset/datasets/imb_flower_0.1/train/cyclamen_/298.jpg	A flower stands gracefully, droplets glistening on its petals.
../dataset/datasets/imb_flower_0.1/train/cyclamen_/304.jpg	A flower stands upright with slightly drooping petals.
../dataset/datasets/imb_flower_0.1/train/cyclamen_/318.jpg	A flower stands gracefully, petals slightly curled.
../dataset/datasets/imb_flower_0.1/train/cyclamen_/321.jpg	A flower stands upright with petals slightly spread.
../dataset/datasets/imb_flower_0.1/train/cyclamen_/309.jpg	A flower stands upright with petals slightly spread.
../dataset/datasets/imb_flower_0.1/train/cyclamen_/316.jpg	A flower is slightly tilted upwards.
../dataset/datasets/imb_flower_0.1/train/cyclamen_/307.jpg	A flower is drooping.
../dataset/datasets/imb_flower_0.1/train/cyclamen_/317.jpg	A flower is slightly open, facing forward.
../dataset/datasets/imb_flower_0.1/train/cyclamen_/312.jpg	A flower is leaning slightly to the left.
../dataset/datasets/imb_flower_0.1/train/cyclamen_/301.jpg	A flower is slightly open, petals unfurled.
../dataset/datasets/imb_flower_0.1/train/cyclamen_/297.jpg	A flower stands upright with petals spread open.
../dataset/datasets/imb_flower_0.1/train/cyclamen_/292.jpg	A flower stands upright with petals slightly curved.
../dataset/datasets/imb_flower_0.1/train/watercress/185.jpg	A flower stands upright with petals spread open.
../dataset/datasets/imb_flower_0.1/train/watercress/168.jpg	A flower is open and facing upwards.
../dataset/datasets/imb_flower_0.1/train/watercress/172.jpg	A flower stands open, facing forward.
../dataset/datasets/imb_flower_0.1/train/watercress/166.jpg	A flower stands upright with vibrant petals spread open.
../dataset/datasets/imb_flower_0.1/train/watercress/163.jpg	A flower stands upright, facing forward.
../dataset/datasets/imb_flower_0.1/train/watercress/170.jpg	A flower is fully bloomed, displaying vibrant petals and stamens.
../dataset/datasets/imb_flower_0.1/train/watercress/161.jpg	A flower stands upright with petals spread open.
../dataset/datasets/imb_flower_0.1/train/watercress/167.jpg	A flower stands upright with vibrant petals spread open.
../dataset/datasets/imb_flower_0.1/train/watercress/181.jpg	A flower stands upright, petals spread wide.
../dataset/datasets/imb_flower_0.1/train/watercress/175.jpg	A flower is open and facing upwards.
../dataset/datasets/imb_flower_0.1/train/watercress/154.jpg	A flower is open and facing forward.
../dataset/datasets/imb_flower_0.1/train/watercress/160.jpg	A flower stands upright with petals spread wide.
../dataset/datasets/imb_flower_0.1/train/watercress/152.jpg	A flower stands upright with petals spread open.
../dataset/datasets/imb_flower_0.1/train/watercress/187.jpg	A flower is open and facing upwards.
../dataset/datasets/imb_flower_0.1/train/watercress/156.jpg	A flower stands upright with vibrant petals spread open.
../dataset/datasets/imb_flower_0.1/train/watercress/174.jpg	A flower is fully bloomed, displaying vibrant red petals and yellow center.
../dataset/datasets/imb_flower_0.1/train/watercress/171.jpg	A flower stands upright, fully bloomed.
../dataset/datasets/imb_flower_0.1/train/watercress/176.jpg	A flower stands upright, petals fully open.
../dataset/datasets/imb_flower_0.1/train/watercress/184.jpg	A flower stands upright with petals spread open.
../dataset/datasets/imb_flower_0.1/train/watercress/179.jpg	A flower stands open, facing forward.
../dataset/datasets/imb_flower_0.1/train/watercress/182.jpg	A flower stands upright with petals spread open.
../dataset/datasets/imb_flower_0.1/train/watercress/169.jpg	A flower stands upright, fully bloomed.
../dataset/datasets/imb_flower_0.1/train/watercress/162.jpg	A flower stands upright with petals spread open.
../dataset/datasets/imb_flower_0.1/train/watercress/158.jpg	A flower is open and facing forward.
../dataset/datasets/imb_flower_0.1/train/watercress/159.jpg	A flower is open and facing upwards.
../dataset/datasets/imb_flower_0.1/train/watercress/173.jpg	A flower stands upright, facing forward.
../dataset/datasets/imb_flower_0.1/train/watercress/165.jpg	A flower stands upright with vibrant red petals.
../dataset/datasets/imb_flower_0.1/train/watercress/164.jpg	A flower stands upright with vibrant petals spread open.
../dataset/datasets/imb_flower_0.1/train/watercress/177.jpg	A flower stands upright with vibrant petals.
../dataset/datasets/imb_flower_0.1/train/watercress/153.jpg	A flower is open and facing upwards.
../dataset/datasets/imb_flower_0.1/train/watercress/186.jpg	A flower stands upright with petals spread open.
../dataset/datasets/imb_flower_0.1/train/watercress/180.jpg	A flower stands upright among leaves.
../dataset/datasets/imb_flower_0.1/train/watercress/183.jpg	A flower stands upright with vibrant petals spread open.
../dataset/datasets/imb_flower_0.1/train/watercress/178.jpg	A flower stands upright with vibrant petals spread open.
../dataset/datasets/imb_flower_0.1/train/watercress/155.jpg	A flower stands upright with petals spread open.
../dataset/datasets/imb_flower_0.1/train/watercress/157.jpg	A flower stands upright with petals fully open.
../dataset/datasets/imb_flower_0.1/train/canna_lily/985.jpg	A flower is slightly tilted, with petals spread out.
../dataset/datasets/imb_flower_0.1/train/canna_lily/1000.jpg	A flower stands upright, slightly leaning forward.
../dataset/datasets/imb_flower_0.1/train/canna_lily/993.jpg	A flower is slightly tilted, facing right.
../dataset/datasets/imb_flower_0.1/train/canna_lily/995.jpg	A flower stands upright, petals slightly curved.
../dataset/datasets/imb_flower_0.1/train/canna_lily/994.jpg	A flower is open and facing forward.
../dataset/datasets/imb_flower_0.1/train/canna_lily/999.jpg	A flower stands upright with petals spread open.
../dataset/datasets/imb_flower_0.1/train/canna_lily/997.jpg	A flower is held upright.
../dataset/datasets/imb_flower_0.1/train/canna_lily/986.jpg	A flower is drooping.
../dataset/datasets/imb_flower_0.1/train/canna_lily/988.jpg	A flower is open and facing forward.
../dataset/datasets/imb_flower_0.1/train/canna_lily/984.jpg	A flower stands upright, slightly leaning forward.
../dataset/datasets/imb_flower_0.1/train/canna_lily/990.jpg	A flower stands upright, petals spread open.
../dataset/datasets/imb_flower_0.1/train/canna_lily/987.jpg	A flower stands upright, slightly open.
../dataset/datasets/imb_flower_0.1/train/canna_lily/991.jpg	A flower stands upright with petals spread open.
../dataset/datasets/imb_flower_0.1/train/canna_lily/989.jpg	A flower stands upright, slightly leaning forward.
../dataset/datasets/imb_flower_0.1/train/canna_lily/992.jpg	A flower is slightly drooping.
../dataset/datasets/imb_flower_0.1/train/canna_lily/996.jpg	A flower is slightly tilted, with petals spread open.
../dataset/datasets/imb_flower_0.1/train/canna_lily/998.jpg	A flower stands upright, petals slightly spread.
../dataset/datasets/imb_flower_0.1/train/hippeastrum_/1049.jpg	A flower stands upright, petals spread wide.
../dataset/datasets/imb_flower_0.1/train/hippeastrum_/1053.jpg	A flower stands upright with petals spread open.
../dataset/datasets/imb_flower_0.1/train/hippeastrum_/1061.jpg	A flower stands upright with petals fully unfurled.
../dataset/datasets/imb_flower_0.1/train/hippeastrum_/1054.jpg	A flower stands upright with petals spread open.
../dataset/datasets/imb_flower_0.1/train/hippeastrum_/1059.jpg	A flower stands upright, petals fully unfurled.
../dataset/datasets/imb_flower_0.1/train/hippeastrum_/1048.jpg	A flower is drooping slightly.
../dataset/datasets/imb_flower_0.1/train/hippeastrum_/1056.jpg	A flower stands upright, petals spread wide.
../dataset/datasets/imb_flower_0.1/train/hippeastrum_/1055.jpg	A flower stands upright, petals spread open.
../dataset/datasets/imb_flower_0.1/train/hippeastrum_/1062.jpg	A flower is slightly drooping.
../dataset/datasets/imb_flower_0.1/train/hippeastrum_/1060.jpg	A flower stands upright with petals spread open.
../dataset/datasets/imb_flower_0.1/train/hippeastrum_/1057.jpg	A flower stands upright with petals slightly open.
../dataset/datasets/imb_flower_0.1/train/hippeastrum_/1058.jpg	A flower stands upright, petals slightly spread.
../dataset/datasets/imb_flower_0.1/train/hippeastrum_/1051.jpg	A flower stands upright, fully bloomed.
../dataset/datasets/imb_flower_0.1/train/hippeastrum_/1052.jpg	A flower stands upright with petals spread open.
../dataset/datasets/imb_flower_0.1/train/hippeastrum_/1050.jpg	A flower stands upright, petals slightly spread.
../dataset/datasets/imb_flower_0.1/train/bee_balm/1173.jpg	A flower stands upright with vibrant purple petals and slender stamens extending outward.
../dataset/datasets/imb_flower_0.1/train/bee_balm/1175.jpg	A flower stands upright with petals spread.
../dataset/datasets/imb_flower_0.1/train/bee_balm/1179.jpg	A flower stands upright with delicate petals and prominent stamens.
../dataset/datasets/imb_flower_0.1/train/bee_balm/1174.jpg	A flower stands upright with vibrant red petals spread outwards.
../dataset/datasets/imb_flower_0.1/train/bee_balm/1177.jpg	A flower stands upright with vibrant red petals spread out.
../dataset/datasets/imb_flower_0.1/train/bee_balm/1171.jpg	A flower stands upright with vibrant pink petals and a green stem.
../dataset/datasets/imb_flower_0.1/train/bee_balm/1178.jpg	A flower stands upright with vibrant red petals spread outward.
../dataset/datasets/imb_flower_0.1/train/bee_balm/1176.jpg	A flower stands upright with vibrant red petals spread outward.
../dataset/datasets/imb_flower_0.1/train/bee_balm/1182.jpg	A flower stands upright with petals spread.
../dataset/datasets/imb_flower_0.1/train/bee_balm/1181.jpg	A flower stands upright with vibrant red petals spread outward.
../dataset/datasets/imb_flower_0.1/train/bee_balm/1180.jpg	A flower stands upright with petals spread.
../dataset/datasets/imb_flower_0.1/train/bee_balm/1172.jpg	A flower stands upright with vibrant red petals extending outward.
../dataset/datasets/imb_flower_0.1/train/ball_moss/1450.jpg	A flower stands upright with vibrant red bracts and a purple bloom.
../dataset/datasets/imb_flower_0.1/train/ball_moss/1453.jpg	A flower stands upright, slightly tilted.
../dataset/datasets/imb_flower_0.1/train/ball_moss/1452.jpg	A flower stands upright with petals fanned out.
../dataset/datasets/imb_flower_0.1/train/ball_moss/1451.jpg	A flower hangs downward, partially obscured by leaves.
../dataset/datasets/imb_flower_0.1/train/ball_moss/1454.jpg	A flower stands upright with a pink ribbon tied around its base.
../dataset/datasets/imb_flower_0.1/train/foxglove/272.jpg	A flower stands upright, drooping slightly at the bottom.
../dataset/datasets/imb_flower_0.1/train/foxglove/262.jpg	A flower stands upright, drooping slightly at the tips.
../dataset/datasets/imb_flower_0.1/train/foxglove/269.jpg	A flower stands upright, drooping slightly at the bottom.
../dataset/datasets/imb_flower_0.1/train/foxglove/283.jpg	A flower stands upright, drooping slightly at the bottom.
../dataset/datasets/imb_flower_0.1/train/foxglove/264.jpg	A flower stands upright, droplets cling to its petals.
../dataset/datasets/imb_flower_0.1/train/foxglove/279.jpg	A flower hangs downward.
../dataset/datasets/imb_flower_0.1/train/foxglove/266.jpg	A flower stands upright, drooping slightly at the tips.
../dataset/datasets/imb_flower_0.1/train/foxglove/282.jpg	A flower stands upright, petals spread open.
../dataset/datasets/imb_flower_0.1/train/foxglove/281.jpg	A flower stands upright, drooping slightly at the edges.
../dataset/datasets/imb_flower_0.1/train/foxglove/260.jpg	A flower stands upright, drooping slightly at the bottom.
../dataset/datasets/imb_flower_0.1/train/foxglove/287.jpg	A flower hangs downward, slightly curved.
../dataset/datasets/imb_flower_0.1/train/foxglove/258.jpg	A flower hangs downward.
../dataset/datasets/imb_flower_0.1/train/foxglove/263.jpg	A flower stands upright, drooping slightly at the tips.
../dataset/datasets/imb_flower_0.1/train/foxglove/268.jpg	A flower hangs downward.
../dataset/datasets/imb_flower_0.1/train/foxglove/274.jpg	A flower stands upright, drooping slightly at the tips.
../dataset/datasets/imb_flower_0.1/train/foxglove/286.jpg	A flower stands upright, drooping slightly at the edges.
../dataset/datasets/imb_flower_0.1/train/foxglove/265.jpg	A flower stands upright with petals slightly curled.
../dataset/datasets/imb_flower_0.1/train/foxglove/278.jpg	A flower stands upright, drooping slightly at the tips.
../dataset/datasets/imb_flower_0.1/train/foxglove/271.jpg	A flower hangs downward, drooping slightly.
../dataset/datasets/imb_flower_0.1/train/foxglove/289.jpg	A flower stands tall against the sky.
../dataset/datasets/imb_flower_0.1/train/foxglove/277.jpg	A flower stands upright, slightly angled.
../dataset/datasets/imb_flower_0.1/train/foxglove/284.jpg	A flower stands upright, blooming.
../dataset/datasets/imb_flower_0.1/train/foxglove/273.jpg	A flower hangs downward, bell-shaped.
../dataset/datasets/imb_flower_0.1/train/foxglove/261.jpg	A flower stands upright, drooping slightly at the tips.
../dataset/datasets/imb_flower_0.1/train/foxglove/275.jpg	A flower stands upright, slightly open.
../dataset/datasets/imb_flower_0.1/train/foxglove/257.jpg	A flower stands upright, slightly curved.
../dataset/datasets/imb_flower_0.1/train/foxglove/270.jpg	A flower stands upright, drooping slightly at the tips.
../dataset/datasets/imb_flower_0.1/train/foxglove/259.jpg	A flower stands upright, drooping slightly at the tips.
../dataset/datasets/imb_flower_0.1/train/foxglove/267.jpg	A flower hangs downward.
../dataset/datasets/imb_flower_0.1/train/foxglove/276.jpg	A flower stands upright, drooping slightly at the tips.
../dataset/datasets/imb_flower_0.1/train/foxglove/285.jpg	A flower stands upright, drooping slightly at the tips.
../dataset/datasets/imb_flower_0.1/train/foxglove/280.jpg	A flower hangs downward, bell-shaped blooms clustered together.
../dataset/datasets/imb_flower_0.1/train/foxglove/288.jpg	A flower stands upright, slightly leaning forward.
../dataset/datasets/imb_flower_0.1/train/bougainvillea/419.jpg	A flower is drooping slightly.
../dataset/datasets/imb_flower_0.1/train/bougainvillea/420.jpg	A flower stands upright with petals spread open.
../dataset/datasets/imb_flower_0.1/train/bougainvillea/426.jpg	A flower is open and vibrant, showcasing its petals fully.
../dataset/datasets/imb_flower_0.1/train/bougainvillea/421.jpg	A flower stands upright with petals spread open.
../dataset/datasets/imb_flower_0.1/train/bougainvillea/425.jpg	A flower stands upright with petals spread open.
../dataset/datasets/imb_flower_0.1/train/bougainvillea/445.jpg	A flower is slightly tilted.
../dataset/datasets/imb_flower_0.1/train/bougainvillea/444.jpg	A flower leans gracefully.
../dataset/datasets/imb_flower_0.1/train/bougainvillea/422.jpg	A flower stands upright with petals spread open.
../dataset/datasets/imb_flower_0.1/train/bougainvillea/438.jpg	A flower stands upright with petals spread open.
../dataset/datasets/imb_flower_0.1/train/bougainvillea/416.jpg	A flower stands upright with petals spread open.
../dataset/datasets/imb_flower_0.1/train/bougainvillea/440.jpg	A flower stands upright with petals spread open.
../dataset/datasets/imb_flower_0.1/train/bougainvillea/441.jpg	A flower stands upright with petals spread open.
../dataset/datasets/imb_flower_0.1/train/bougainvillea/443.jpg	A flower stands upright with petals spread open.
../dataset/datasets/imb_flower_0.1/train/bougainvillea/435.jpg	A flower stands upright with petals spread open.
../dataset/datasets/imb_flower_0.1/train/bougainvillea/434.jpg	A flower is open, displaying its vibrant petals and central yellow bloom.
../dataset/datasets/imb_flower_0.1/train/bougainvillea/417.jpg	A flower stands upright with petals spread.
../dataset/datasets/imb_flower_0.1/train/bougainvillea/427.jpg	A flower hangs downward.
../dataset/datasets/imb_flower_0.1/train/bougainvillea/437.jpg	A flower stands open, petals spread wide.
../dataset/datasets/imb_flower_0.1/train/bougainvillea/439.jpg	A flower stands upright with petals slightly open.
../dataset/datasets/imb_flower_0.1/train/bougainvillea/428.jpg	A flower is slightly drooping.
../dataset/datasets/imb_flower_0.1/train/bougainvillea/431.jpg	A flower stands upright with petals spread open.
../dataset/datasets/imb_flower_0.1/train/bougainvillea/432.jpg	A flower stands upright with petals spread open.
../dataset/datasets/imb_flower_0.1/train/bougainvillea/433.jpg	A flower stands upright with petals spread open.
../dataset/datasets/imb_flower_0.1/train/bougainvillea/430.jpg	A flower is leaning slightly to the right.
../dataset/datasets/imb_flower_0.1/train/bougainvillea/436.jpg	A flower is leaning slightly to the left.
../dataset/datasets/imb_flower_0.1/train/bougainvillea/424.jpg	A flower is slightly drooping.
../dataset/datasets/imb_flower_0.1/train/bougainvillea/423.jpg	A flower stands upright with petals spread open.
../dataset/datasets/imb_flower_0.1/train/bougainvillea/429.jpg	A flower is open and facing forward.
../dataset/datasets/imb_flower_0.1/train/bougainvillea/418.jpg	A flower stands upright with petals spread open.
../dataset/datasets/imb_flower_0.1/train/bougainvillea/442.jpg	A flower stands upright against a blue sky.
../dataset/datasets/imb_flower_0.1/train/camellia/827.jpg	A flower is fully bloomed, facing forward.
../dataset/datasets/imb_flower_0.1/train/camellia/817.jpg	A flower stands upright, fully bloomed.
../dataset/datasets/imb_flower_0.1/train/camellia/828.jpg	A flower stands upright with petals fully unfurled.
../dataset/datasets/imb_flower_0.1/train/camellia/836.jpg	A flower stands upright, fully bloomed.
../dataset/datasets/imb_flower_0.1/train/camellia/825.jpg	A flower stands upright with petals fully open.
../dataset/datasets/imb_flower_0.1/train/camellia/822.jpg	A flower is fully bloomed, facing forward.
../dataset/datasets/imb_flower_0.1/train/camellia/832.jpg	A flower is fully bloomed, facing slightly upward.
../dataset/datasets/imb_flower_0.1/train/camellia/835.jpg	A flower is fully bloomed, facing forward.
../dataset/datasets/imb_flower_0.1/train/camellia/820.jpg	A flower stands upright with petals fully open.
../dataset/datasets/imb_flower_0.1/train/camellia/818.jpg	A flower stands open, facing forward.
../dataset/datasets/imb_flower_0.1/train/camellia/819.jpg	A flower stands upright with petals fully unfurled.
../dataset/datasets/imb_flower_0.1/train/camellia/829.jpg	A flower stands open, displaying vibrant petals and central stamens.
../dataset/datasets/imb_flower_0.1/train/camellia/821.jpg	A flower stands open, displaying vibrant petals and yellow stamens.
../dataset/datasets/imb_flower_0.1/train/camellia/833.jpg	A flower stands upright with petals fully unfurled.
../dataset/datasets/imb_flower_0.1/train/camellia/834.jpg	A flower is fully bloomed, facing slightly upward.
../dataset/datasets/imb_flower_0.1/train/camellia/826.jpg	A flower is drooping.
../dataset/datasets/imb_flower_0.1/train/camellia/830.jpg	A flower is slightly tilted.
../dataset/datasets/imb_flower_0.1/train/camellia/824.jpg	A flower is fully bloomed, facing forward.
../dataset/datasets/imb_flower_0.1/train/camellia/823.jpg	A flower stands upright with petals spread open.
../dataset/datasets/imb_flower_0.1/train/camellia/831.jpg	A flower stands upright with petals fully open.
../dataset/datasets/imb_flower_0.1/train/mallow/1193.jpg	A flower droops slightly.
../dataset/datasets/imb_flower_0.1/train/mallow/1189.jpg	A flower is drooping slightly.
../dataset/datasets/imb_flower_0.1/train/mallow/1187.jpg	A flower leans slightly to one side.
../dataset/datasets/imb_flower_0.1/train/mallow/1186.jpg	A flower is open, revealing its inner parts.
../dataset/datasets/imb_flower_0.1/train/mallow/1185.jpg	A flower hangs downward, petals spread.
../dataset/datasets/imb_flower_0.1/train/mallow/1190.jpg	A flower hangs downward, slightly open.
../dataset/datasets/imb_flower_0.1/train/mallow/1183.jpg	A flower hangs downward.
../dataset/datasets/imb_flower_0.1/train/mallow/1184.jpg	A flower hangs downward.
../dataset/datasets/imb_flower_0.1/train/mallow/1192.jpg	A flower is open and facing forward.
../dataset/datasets/imb_flower_0.1/train/mallow/1188.jpg	A flower is drooping.
../dataset/datasets/imb_flower_0.1/train/mallow/1194.jpg	A flower stands upright with petals spread open.
../dataset/datasets/imb_flower_0.1/train/mallow/1191.jpg	A flower is drooping.
../dataset/datasets/imb_flower_0.1/train/mexican_petunia/1005.jpg	A flower stands upright.
../dataset/datasets/imb_flower_0.1/train/mexican_petunia/1007.jpg	A flower leans slightly to the right.
../dataset/datasets/imb_flower_0.1/train/mexican_petunia/1002.jpg	A flower stands upright with petals spread open.
../dataset/datasets/imb_flower_0.1/train/mexican_petunia/1008.jpg	A flower stands upright with petals spread open.
../dataset/datasets/imb_flower_0.1/train/mexican_petunia/1009.jpg	A flower is open and facing forward.
../dataset/datasets/imb_flower_0.1/train/mexican_petunia/1011.jpg	A flower is open and facing upwards.
../dataset/datasets/imb_flower_0.1/train/mexican_petunia/1015.jpg	A flower stands upright with petals spread open.
../dataset/datasets/imb_flower_0.1/train/mexican_petunia/1006.jpg	A flower is slightly tilted upward.
../dataset/datasets/imb_flower_0.1/train/mexican_petunia/1003.jpg	A flower stands upright with petals spread open.
../dataset/datasets/imb_flower_0.1/train/mexican_petunia/1004.jpg	A flower stands upright with petals spread open.
../dataset/datasets/imb_flower_0.1/train/mexican_petunia/1016.jpg	A flower is open and facing forward.
../dataset/datasets/imb_flower_0.1/train/mexican_petunia/1001.jpg	A flower stands upright, slightly angled.
../dataset/datasets/imb_flower_0.1/train/mexican_petunia/1012.jpg	A flower is slightly tilted.
../dataset/datasets/imb_flower_0.1/train/mexican_petunia/1014.jpg	A flower stands upright with petals spread open.
../dataset/datasets/imb_flower_0.1/train/mexican_petunia/1013.jpg	A flower stands upright.
../dataset/datasets/imb_flower_0.1/train/mexican_petunia/1010.jpg	A flower leans slightly to the right.
../dataset/datasets/imb_flower_0.1/train/bromelia/1247.jpg	A flower stands upright, petals spread wide.
../dataset/datasets/imb_flower_0.1/train/bromelia/1242.jpg	A flower stands upright, petals unfurled.
../dataset/datasets/imb_flower_0.1/train/bromelia/1246.jpg	A flower stands upright with vibrant petals spread open.
../dataset/datasets/imb_flower_0.1/train/bromelia/1248.jpg	A flower stands upright, vibrant red petals spread open.
../dataset/datasets/imb_flower_0.1/train/bromelia/1245.jpg	A flower stands upright with vibrant red petals.
../dataset/datasets/imb_flower_0.1/train/bromelia/1240.jpg	A flower stands upright, petals spread wide.
../dataset/datasets/imb_flower_0.1/train/bromelia/1244.jpg	A flower stands upright with vibrant red petals.
../dataset/datasets/imb_flower_0.1/train/bromelia/1249.jpg	A flower stands upright with vibrant red petals and green leaves.
../dataset/datasets/imb_flower_0.1/train/bromelia/1243.jpg	A flower stands upright, petals spread wide.
../dataset/datasets/imb_flower_0.1/train/bromelia/1241.jpg	A flower stands upright, petals spread wide.
../dataset/datasets/imb_flower_0.1/train/blanket_flower/1430.jpg	A flower stands upright with vibrant petals spread open.
../dataset/datasets/imb_flower_0.1/train/blanket_flower/1431.jpg	A flower stands upright with petals spread open.
../dataset/datasets/imb_flower_0.1/train/blanket_flower/1427.jpg	A flower stands upright with petals spread wide.
../dataset/datasets/imb_flower_0.1/train/blanket_flower/1426.jpg	A flower is open, displaying vibrant petals.
../dataset/datasets/imb_flower_0.1/train/blanket_flower/1429.jpg	A flower stands upright with vibrant petals spread open.
../dataset/datasets/imb_flower_0.1/train/blanket_flower/1428.jpg	A flower stands upright with petals fully open.
../dataset/datasets/imb_flower_0.1/train/trumpet_creeper/1310.jpg	A flower stands upright with petals spread open.
../dataset/datasets/imb_flower_0.1/train/trumpet_creeper/1311.jpg	A flower is drooping.
../dataset/datasets/imb_flower_0.1/train/trumpet_creeper/1314.jpg	A flower stands upright, slightly curved.
../dataset/datasets/imb_flower_0.1/train/trumpet_creeper/1316.jpg	A flower stands upright, petals spread open.
../dataset/datasets/imb_flower_0.1/train/trumpet_creeper/1315.jpg	A flower stands upright, fully bloomed.
../dataset/datasets/imb_flower_0.1/train/trumpet_creeper/1312.jpg	A flower hangs downward.
../dataset/datasets/imb_flower_0.1/train/trumpet_creeper/1309.jpg	A flower is leaning slightly to the left.
../dataset/datasets/imb_flower_0.1/train/trumpet_creeper/1313.jpg	A flower stands upright against a blue sky.
../dataset/datasets/imb_flower_0.1/train/trumpet_creeper/1308.jpg	A flower stands upright with petals spread open.
../dataset/datasets/imb_flower_0.1/train/blackberry_lily/1437.jpg	A flower stands upright with petals spread open.
../dataset/datasets/imb_flower_0.1/train/blackberry_lily/1432.jpg	A flower stands upright with petals spread open.
../dataset/datasets/imb_flower_0.1/train/blackberry_lily/1434.jpg	A flower is drooping slightly.
../dataset/datasets/imb_flower_0.1/train/blackberry_lily/1433.jpg	A flower stands upright with petals spread open.
../dataset/datasets/imb_flower_0.1/train/blackberry_lily/1436.jpg	A flower stands upright with vibrant petals.
../dataset/datasets/imb_flower_0.1/train/blackberry_lily/1435.jpg	A flower stands upright, petals spread open.