image	response
/home/whx/Dataset/fungitastic-m/train/720p/0-2238497171.JPG	a fungus in grass.
/home/whx/Dataset/fungitastic-m/train/720p/0-2608811697.JPG	The background is plain white.
/home/whx/Dataset/fungitastic-m/train/720p/0-2238468067.JPG	The background of the fungus is a light, translucent gray.
/home/whx/Dataset/fungitastic-m/train/720p/1-2238468067.JPG	The background is a plain, light-colored surface.
/home/whx/Dataset/fungitastic-m/train/720p/2-2238468067.JPG	The background is plain white.
/home/whx/Dataset/fungitastic-m/train/720p/0-2237960183.JPG	Grass.
/home/whx/Dataset/fungitastic-m/train/720p/1-2237960183.JPG	The background of the fungus is described as "on a tree trunk."
/home/whx/Dataset/fungitastic-m/train/720p/0-3324329343.JPG	Grass and soil.
/home/whx/Dataset/fungitastic-m/train/720p/2-3327300305.JPG	Grass and clover.
/home/whx/Dataset/fungitastic-m/test/720p/0-4465898713.JPG	The background of the fungus consists of soil, leaves, and grass.
/home/whx/Dataset/fungitastic-m/test/720p/1-4465898713.JPG	The background of the fungus is a mix of soil, leaves, and green vegetation.
/home/whx/Dataset/fungitastic-m/test/720p/1-4465860512.JPG	A fungus on mossy grass.
/home/whx/Dataset/fungitastic-m/train/720p/1-2238469708.JPG	The background of the fungus is a plain white surface.
/home/whx/Dataset/fungitastic-m/train/720p/0-2238219862.JPG	A fungus on a gravel surface.
/home/whx/Dataset/fungitastic-m/train/720p/0-2238559702.JPG	A fungus grows on soil with green leaves and wood.
/home/whx/Dataset/fungitastic-m/train/720p/0-2238198540.JPG	Grass and soil.
/home/whx/Dataset/fungitastic-m/train/720p/1-2238219862.JPG	a fungus on grass.
/home/whx/Dataset/fungitastic-m/train/720p/2-3332302304.JPG	The background is a light, uniform color with faint, scattered particles.
/home/whx/Dataset/fungitastic-m/train/720p/0-2238221416.JPG	A fungus rests on grass and moss.
/home/whx/Dataset/fungitastic-m/train/720p/0-2238469708.JPG	The background is plain white.
/home/whx/Dataset/fungitastic-m/test/720p/0-4465860512.JPG	The background of the fungus is a light, neutral gray with scattered particles.
/home/whx/Dataset/fungitastic-m/train/720p/4-3332302304.JPG	A fungus grows amidst grass and fallen leaves.
/home/whx/Dataset/fungitastic-m/train/720p/0-2238337943.JPG	A fungus on asphalt.
/home/whx/Dataset/fungitastic-m/train/720p/0-2238498525.JPG	Grass.
/home/whx/Dataset/fungitastic-m/train/720p/0-2413149300.JPG	A fungus on a wooden surface.
/home/whx/Dataset/fungitastic-m/test/720p/3-4465860512.JPG	A fungus on moss.
/home/whx/Dataset/fungitastic-m/train/720p/3-3332302304.JPG	The background is a light, speckled white.
/home/whx/Dataset/fungitastic-m/train/720p/1-3392608301.JPG	The background of the fungus is dark with green moss.
/home/whx/Dataset/fungitastic-m/val/720p/0-3922621612.JPG	The background of the fungus is a forest floor with fallen leaves and grass.
/home/whx/Dataset/fungitastic-m/test/720p/0-4169768323.JPG	The background of the fungus consists of dried leaves and twigs on the forest floor.
/home/whx/Dataset/fungitastic-m/test/720p/1-4465887388.JPG	The background of the fungus is a forest floor covered in dry leaves and twigs.
/home/whx/Dataset/fungitastic-m/val/720p/1-3922621612.JPG	A fungus in a forest setting with leaves and grass.
/home/whx/Dataset/fungitastic-m/train/720p/0-2238472721.JPG	A fungus on a weathered wooden surface.
/home/whx/Dataset/fungitastic-m/train/720p/0-2238514417.JPG	A fungus grows amidst clover and fallen leaves.
/home/whx/Dataset/fungitastic-m/train/720p/0-2251781141.JPG	A fungus is surrounded by moss, leaves, and soil.
/home/whx/Dataset/fungitastic-m/train/720p/1-2238530172.JPG	A fungus on forest floor with leaves and debris.
/home/whx/Dataset/fungitastic-m/train/720p/2-2238530172.JPG	The background of the fungus is a complex network of filaments and structures.
/home/whx/Dataset/fungitastic-m/val/720p/2-3962113377.JPG	A fungus rests on autumn leaves.
/home/whx/Dataset/fungitastic-m/train/720p/0-3392608301.JPG	The background of the fungus is a pale yellowish hue with scattered debris.
/home/whx/Dataset/fungitastic-m/train/720p/2-3392608301.JPG	A fungus on mossy ground.
/home/whx/Dataset/fungitastic-m/train/720p/0-2238229690.JPG	The background is a plain, dark surface.
/home/whx/Dataset/fungitastic-m/train/720p/0-2238530172.JPG	The background of the fungus appears to be a dense, fibrous matrix.
/home/whx/Dataset/fungitastic-m/train/720p/0-2351007181.JPG	A fungus grows amidst moss and fallen leaves.
/home/whx/Dataset/fungitastic-m/val/720p/2-3970589491.JPG	Moist, mossy ground.
/home/whx/Dataset/fungitastic-m/train/720p/0-2238416945.JPG	A fungus on a green leaf.
/home/whx/Dataset/fungitastic-m/val/720p/2-3922622638.JPG	The background of the fungus is a blurred mix of green and brown hues, suggesting a forest floor.
/home/whx/Dataset/fungitastic-m/val/720p/0-3922627551.JPG	A fungus grows amidst green moss.
/home/whx/Dataset/fungitastic-m/val/720p/1-3948715319.JPG	A fungus is nestled among green moss.
/home/whx/Dataset/fungitastic-m/train/720p/0-2238517623.JPG	A fungus grows amidst dark, mossy, and decaying wood.
/home/whx/Dataset/fungitastic-m/val/720p/0-3970589504.JPG	The background of the fungus is a blurred mix of dark, earthy tones with hints of green moss and a dried leaf.
/home/whx/Dataset/fungitastic-m/train/720p/1-3382564307.JPG	Blurred, earthy tones.
/home/whx/Dataset/fungitastic-m/test/720p/0-4465887848.JPG	A fungus on a leaf.
/home/whx/Dataset/fungitastic-m/train/720p/0-2238524895.JPG	The background of the fungus is a mix of green moss and brown leaves.
/home/whx/Dataset/fungitastic-m/train/720p/1-2238558360.JPG	Green mossy background.
/home/whx/Dataset/fungitastic-m/train/720p/0-2238558360.JPG	A fungus is surrounded by green moss.
/home/whx/Dataset/fungitastic-m/val/720p/1-3970589504.JPG	The background of the fungus is a forest floor with moss, leaves, and decaying wood.
/home/whx/Dataset/fungitastic-m/train/720p/0-2238566918.JPG	A fungus grows on moss.
/home/whx/Dataset/fungitastic-m/train/720p/0-2238525857.JPG	The background is blurred, with green and brown hues.
/home/whx/Dataset/fungitastic-m/train/720p/1-2238566918.JPG	A fungus grows on moss.
/home/whx/Dataset/fungitastic-m/train/720p/1-3380899397.JPG	A fungus is on forest floor with grass and pine needles.
/home/whx/Dataset/fungitastic-m/val/720p/0-3916264372.JPG	The background of the fungus is dark.
/home/whx/Dataset/fungitastic-m/test/720p/0-4465882913.JPG	A fungus in grass.
/home/whx/Dataset/fungitastic-m/train/720p/1-2238574449.JPG	A fungus on mossy ground.
/home/whx/Dataset/fungitastic-m/train/720p/0-2237962574.JPG	The background is blurred, showing other fungi.
/home/whx/Dataset/fungitastic-m/train/720p/1-3386477389.JPG	A fungus rests on mossy ground.
/home/whx/Dataset/fungitastic-m/train/720p/4-2821598339.JPG	A fungus in grass and moss.
/home/whx/Dataset/fungitastic-m/train/720p/0-2238574449.JPG	The background is gray.
/home/whx/Dataset/fungitastic-m/train/720p/2-2821598339.JPG	A fungus on grass.
/home/whx/Dataset/fungitastic-m/train/720p/0-2238379917.JPG	A fungus on a tiled surface.
/home/whx/Dataset/fungitastic-m/val/720p/1-3916264372.JPG	A fungus in a forest setting with grass and pine needles.
/home/whx/Dataset/fungitastic-m/test/720p/1-4465882913.JPG	A fungus rests on grass.
/home/whx/Dataset/fungitastic-m/train/720p/0-2821598339.JPG	A fungus rests on mossy ground.
/home/whx/Dataset/fungitastic-m/train/720p/0-3380899397.JPG	A fungus in a grassy, forested area.
/home/whx/Dataset/fungitastic-m/train/720p/0-3386477389.JPG	The background of the fungus is a gradient of white to dark blue.
/home/whx/Dataset/fungitastic-m/train/720p/1-3380893355.JPG	A fungus is surrounded by green grass and moss.
/home/whx/Dataset/fungitastic-m/train/720p/0-2238500683.JPG	A fungus is surrounded by grass and moss.
/home/whx/Dataset/fungitastic-m/train/720p/0-2825701306.JPG	a fungus on a wooden surface.
/home/whx/Dataset/fungitastic-m/train/720p/0-2238497275.JPG	A fungus grows amidst green grass and clover.
/home/whx/Dataset/fungitastic-m/train/720p/0-3340172438.JPG	A fungus in grass with clover.
/home/whx/Dataset/fungitastic-m/test/720p/0-4465878309.JPG	The background of the fungus is a forest floor with moss, twigs, and fallen leaves.
/home/whx/Dataset/fungitastic-m/val/720p/2-3948709311.JPG	Grassy field.
/home/whx/Dataset/fungitastic-m/train/720p/2-3324329335.JPG	A fungus in a forest with moss-covered ground and fallen branches.
/home/whx/Dataset/fungitastic-m/val/720p/0-3948709311.JPG	A fungus on grass.
/home/whx/Dataset/fungitastic-m/train/720p/1-3324329335.JPG	A fungus in a forest setting with moss and fallen leaves.
/home/whx/Dataset/fungitastic-m/train/720p/0-3332297343.JPG	A fungus on grass.
/home/whx/Dataset/fungitastic-m/train/720p/1-2238497275.JPG	A fungus in a grassy, mossy area with clover.
/home/whx/Dataset/fungitastic-m/train/720p/1-2825701306.JPG	A fungus on a wooden surface.
/home/whx/Dataset/fungitastic-m/train/720p/3-3324329335.JPG	A fungus grows amidst moss-covered logs and forest debris.
/home/whx/Dataset/fungitastic-m/test/720p/1-4465864285.JPG	A fungus on mossy ground.
/home/whx/Dataset/fungitastic-m/train/720p/2-2608812132.JPG	A fungus with a yellow cap and white spots, held against a blurred background.
/home/whx/Dataset/fungitastic-m/test/720p/0-4465864285.JPG	A fungus in a mossy forest setting.
/home/whx/Dataset/fungitastic-m/train/720p/0-2238478973.JPG	Blurred, earthy tones.
/home/whx/Dataset/fungitastic-m/train/720p/1-2984629348.JPG	The background is blurred, with earthy tones and a dark, organic surface.
/home/whx/Dataset/fungitastic-m/train/720p/0-3410047338.JPG	The background is a blurred mix of brown and orange hues, suggesting a forest floor.
/home/whx/Dataset/fungitastic-m/val/720p/0-3948713720.JPG	A fungus rests on a bed of brown, autumn leaves.
/home/whx/Dataset/fungitastic-m/train/720p/2-2238363229.JPG	The background is dark and out of focus.
/home/whx/Dataset/fungitastic-m/train/720p/0-2238437333.JPG	The background is blurred, with earthy tones.
/home/whx/Dataset/fungitastic-m/test/720p/1-4465909660.JPG	A fungus on a leaf with a blurred background.
/home/whx/Dataset/fungitastic-m/train/720p/0-3410053318.JPG	A fungus is surrounded by dark, mossy vegetation.
/home/whx/Dataset/fungitastic-m/train/720p/1-2238363229.JPG	The background of the fungus is a mix of brown and dried leaves.
/home/whx/Dataset/fungitastic-m/train/720p/0-3410058307.JPG	The background is a dark, textured surface with scattered white spots.
/home/whx/Dataset/fungitastic-m/train/720p/1-2238530980.JPG	The background of the fungus is a textured, earthy surface.
/home/whx/Dataset/fungitastic-m/train/720p/0-2238530980.JPG	The background of the fungus is a dried, brown leaf.
/home/whx/Dataset/fungitastic-m/train/720p/0-2238451133.JPG	The fungus is on a green background.
/home/whx/Dataset/fungitastic-m/train/720p/0-2238581030.JPG	Dark, wet, organic.
/home/whx/Dataset/fungitastic-m/train/720p/0-2238578686.JPG	Blurred green and brown.
/home/whx/Dataset/fungitastic-m/train/720p/2-2238402929.JPG	Brown, blurred, leafy.
/home/whx/Dataset/fungitastic-m/val/720p/0-3964842483.JPG	A fungus on a wet, brown leaf.
/home/whx/Dataset/fungitastic-m/train/720p/0-2427873692.JPG	The background of the fungus is a dark, textured surface with a leaf and soil.
/home/whx/Dataset/fungitastic-m/test/720p/1-4100093286.JPG	The background of the fungus is a light, translucent, and slightly granular texture.
/home/whx/Dataset/fungitastic-m/train/720p/3-2427873692.JPG	The background is blurred, dark, and earthy.
/home/whx/Dataset/fungitastic-m/train/720p/0-2460548035.JPG	Dark and blurred.
/home/whx/Dataset/fungitastic-m/train/720p/1-2460548035.JPG	Dark and blurred.
/home/whx/Dataset/fungitastic-m/train/720p/0-2449442616.JPG	The background of the fungus is a close-up of a hand holding a piece of decaying wood.
/home/whx/Dataset/fungitastic-m/val/720p/1-4100095837.JPG	The background is blurry and gray.
/home/whx/Dataset/fungitastic-m/train/720p/2-2981241399.JPG	A fungus on a leaf with a blurred green background.
/home/whx/Dataset/fungitastic-m/train/720p/1-2238483457.JPG	The background is blurred, with earthy tones.
/home/whx/Dataset/fungitastic-m/val/720p/0-4100089855.JPG	The background of the fungus appears to be a dense, granular, and slightly translucent matrix.
/home/whx/Dataset/fungitastic-m/train/720p/2-2238353483.JPG	Dark, textured surface.
/home/whx/Dataset/fungitastic-m/train/720p/0-2238184404.JPG	A fungus on a leaf in a green container.
/home/whx/Dataset/fungitastic-m/val/720p/1-3964842483.JPG	Dark, textured surface.
/home/whx/Dataset/fungitastic-m/val/720p/2-4100089855.JPG	The background of the fungus is a dried, brown leaf.
/home/whx/Dataset/fungitastic-m/val/720p/1-4100089855.JPG	The background of the fungus is a light, uniform color.
/home/whx/Dataset/fungitastic-m/train/720p/1-4847352207.JPG	A fungus is surrounded by dried leaves and twigs.
/home/whx/Dataset/fungitastic-m/train/720p/0-4847352207.JPG	A fungus in a forest with fallen leaves and branches.
/home/whx/Dataset/fungitastic-m/train/720p/1-2238514874.JPG	A fungus is surrounded by fallen leaves and moss.
/home/whx/Dataset/fungitastic-m/train/720p/0-4847350273.JPG	A fungus on weathered wood.
/home/whx/Dataset/fungitastic-m/train/720p/0-4100094333.JPG	A fungus on a wooden surface.
/home/whx/Dataset/fungitastic-m/train/720p/0-2874312523.JPG	A fungus is surrounded by fallen leaves and twigs.
/home/whx/Dataset/fungitastic-m/test/720p/0-4465893604.JPG	A fungus is surrounded by dried leaves and twigs.
/home/whx/Dataset/fungitastic-m/train/720p/3-3412515319.JPG	A fungus is surrounded by green moss and scattered autumn leaves.
/home/whx/Dataset/fungitastic-m/train/720p/0-3412515319.JPG	A fungus on a textured, light-colored surface.
/home/whx/Dataset/fungitastic-m/test/720p/0-4465863988.JPG	A fungus is surrounded by fallen leaves and moss.
/home/whx/Dataset/fungitastic-m/test/720p/2-4465883614.JPG	The background of the fungus consists of grass, leaves, and dried plant material.
/home/whx/Dataset/fungitastic-m/train/720p/0-2238514874.JPG	The background of the fungus consists of brown leaves and forest debris.
/home/whx/Dataset/fungitastic-m/train/720p/2-2238514874.JPG	A fungus is surrounded by moss and fallen leaves.
/home/whx/Dataset/fungitastic-m/train/720p/0-4847340478.JPG	A fungus is surrounded by dark, wet leaves.
/home/whx/Dataset/fungitastic-m/train/720p/0-2421821128.JPG	The background of the fungus consists of dried leaves and soil.
/home/whx/Dataset/fungitastic-m/train/720p/1-3412515319.JPG	A fungus is surrounded by grass and moss.
/home/whx/Dataset/fungitastic-m/train/720p/5-2238527213.JPG	A fungus is surrounded by green foliage.
/home/whx/Dataset/fungitastic-m/train/720p/1-2981232390.JPG	A fungus is surrounded by green moss and grass.
/home/whx/Dataset/fungitastic-m/train/720p/2-2238403240.JPG	A fungus is placed on a transparent ruler with a blue background.
/home/whx/Dataset/fungitastic-m/train/720p/0-2238403240.JPG	A fungus on a clear plastic surface.
/home/whx/Dataset/fungitastic-m/train/720p/0-2425492834.JPG	A fungus on moss in a clear container.
/home/whx/Dataset/fungitastic-m/train/720p/0-2981232390.JPG	A fungus is surrounded by green grass and moss.
/home/whx/Dataset/fungitastic-m/train/720p/0-2238402194.JPG	A fungus on a white surface.
/home/whx/Dataset/fungitastic-m/train/720p/1-2238402194.JPG	A fungus on a plain, light-colored surface.
/home/whx/Dataset/fungitastic-m/train/720p/1-2238403240.JPG	A fungus is on a blue background.
/home/whx/Dataset/fungitastic-m/train/720p/0-3395915315.JPG	Grass, leaves, soil.
/home/whx/Dataset/fungitastic-m/train/720p/1-2901939352.JPG	A fungus in grass.
/home/whx/Dataset/fungitastic-m/train/720p/3-2238527213.JPG	A fungus grows amidst green moss and grass.
/home/whx/Dataset/fungitastic-m/train/720p/0-2238353525.JPG	A fungus is on a white surface.
/home/whx/Dataset/fungitastic-m/train/720p/1-2238353525.JPG	The background of the fungus is a light, speckled gray.
/home/whx/Dataset/fungitastic-m/train/720p/0-2238527213.JPG	A fungus is surrounded by green foliage.
/home/whx/Dataset/fungitastic-m/val/720p/0-3944339523.JPG	Grass and twigs.
/home/whx/Dataset/fungitastic-m/train/720p/0-2238337686.JPG	A fungus is surrounded by fallen leaves and twigs.
/home/whx/Dataset/fungitastic-m/test/720p/0-4465888838.JPG	The background of the fungus consists of dark, decaying leaves and soil.
/home/whx/Dataset/fungitastic-m/train/720p/0-2238178334.JPG	The background of the fungus is a mix of soil, leaves, and decaying organic matter.
/home/whx/Dataset/fungitastic-m/val/720p/0-3925718319.JPG	A fungus rests on moss and fallen leaves.
/home/whx/Dataset/fungitastic-m/val/720p/0-3925717612.JPG	A fungus is surrounded by leaves, twigs, and soil.
/home/whx/Dataset/fungitastic-m/test/720p/0-4465878990.JPG	A fungus is surrounded by green moss and leaves.
/home/whx/Dataset/fungitastic-m/val/720p/0-3925718404.JPG	A fungus rests on moss.
/home/whx/Dataset/fungitastic-m/train/720p/0-2238345845.JPG	The background of the fungus is a mix of soil, leaves, and grass.
/home/whx/Dataset/fungitastic-m/train/720p/0-2237931434.JPG	The background of the fungus is a wet, leafy forest floor.
/home/whx/Dataset/fungitastic-m/train/720p/0-2981241316.JPG	The background of the fungus is dark, muddy soil with some dried leaves.
/home/whx/Dataset/fungitastic-m/train/720p/0-2238344269.JPG	A fungus is surrounded by fallen leaves and twigs on the forest floor.
/home/whx/Dataset/fungitastic-m/train/720p/1-2883260308.JPG	a fungus on forest floor with leaves and soil.
/home/whx/Dataset/fungitastic-m/train/720p/1-3345605339.JPG	A fungus on a light wooden surface.
/home/whx/Dataset/fungitastic-m/train/720p/0-2238362618.JPG	A fungus is surrounded by moss and fallen leaves.
/home/whx/Dataset/fungitastic-m/train/720p/0-2238220908.JPG	A fungus on moss.
/home/whx/Dataset/fungitastic-m/train/720p/0-3345605339.JPG	A fungus on a wooden surface with a ruler for scale.
/home/whx/Dataset/fungitastic-m/train/720p/1-2238387372.JPG	A fungus in grass.
/home/whx/Dataset/fungitastic-m/train/720p/0-2238387372.JPG	Green grass.
/home/whx/Dataset/fungitastic-m/train/720p/6-2999559322.JPG	A fungus rests on brown leaves.
/home/whx/Dataset/fungitastic-m/train/720p/0-2238468608.JPG	The background of the fungus is a light, cloudy white.
/home/whx/Dataset/fungitastic-m/train/720p/1-3345615392.JPG	The background of the fungus is a mix of soil, leaves, and debris.
/home/whx/Dataset/fungitastic-m/train/720p/1-2238242548.JPG	A fungus in a forest setting with green moss and grass.
/home/whx/Dataset/fungitastic-m/train/720p/0-3345615392.JPG	The background of the fungus consists of soil and scattered leaves.
/home/whx/Dataset/fungitastic-m/train/720p/0-2238342986.JPG	A fungus on a gray surface.
/home/whx/Dataset/fungitastic-m/train/720p/1-2238342986.JPG	A fungus on a concrete surface.
/home/whx/Dataset/fungitastic-m/train/720p/0-2999559322.JPG	A fungus is set against a pale blue background.
/home/whx/Dataset/fungitastic-m/train/720p/0-2238202921.JPG	The background of the fungus is a mix of brown and green, likely soil and grass.
/home/whx/Dataset/fungitastic-m/train/720p/1-2238217137.JPG	The background of the fungus is a mix of soil and small rocks.
/home/whx/Dataset/fungitastic-m/train/720p/0-2238512839.JPG	The background of the fungus is a forest floor with leaves and soil.
/home/whx/Dataset/fungitastic-m/train/720p/2-2812993304.JPG	A fungus on a textured, earthy surface.
/home/whx/Dataset/fungitastic-m/train/720p/0-2238237335.JPG	A fungus on a wooden surface.
/home/whx/Dataset/fungitastic-m/train/720p/4-2238468608.JPG	The background of the fungus is a light, cloudy, and slightly granular texture.
/home/whx/Dataset/fungitastic-m/train/720p/1-2238583087.JPG	A fungus is in a grassy field with a body of water and cloudy sky in the background.
/home/whx/Dataset/fungitastic-m/val/720p/0-3948712760.JPG	A fungus grows amidst grass and moss.
/home/whx/Dataset/fungitastic-m/train/720p/2-2238583087.JPG	A fungus is surrounded by green moss and small plants.
/home/whx/Dataset/fungitastic-m/test/720p/0-4465902719.JPG	The background of the fungus is a mix of clear and translucent areas with some small, round, and irregularly shaped structures.
/home/whx/Dataset/fungitastic-m/test/720p/3-4465902719.JPG	The background of the fungus is a light, almost white, with small particles scattered throughout.
/home/whx/Dataset/fungitastic-m/test/720p/5-4465902719.JPG	Grass and debris.
/home/whx/Dataset/fungitastic-m/train/720p/0-2238583087.JPG	Grass and dried leaves.
/home/whx/Dataset/fungitastic-m/train/720p/2-3052842305.JPG	A fungus is surrounded by grass, sand, and small plants.
/home/whx/Dataset/fungitastic-m/test/720p/4-4465902719.JPG	The background of the fungus is a light gray, with some red and pinkish hues.
/home/whx/Dataset/fungitastic-m/train/720p/3-2238583087.JPG	The background of the fungus consists of grass, leaves, and soil.
/home/whx/Dataset/fungitastic-m/test/720p/1-4465900652.JPG	The background of the fungus is a mix of soil, twigs, and green moss.
/home/whx/Dataset/fungitastic-m/test/720p/1-4465904447.JPG	A fungus grows amidst moss and grass.
/home/whx/Dataset/fungitastic-m/train/720p/0-3410044418.JPG	The background of the fungus is a mix of soil, moss, and small twigs.
/home/whx/Dataset/fungitastic-m/train/720p/4-3052842305.JPG	The background of the fungus is a light, cloudy, and somewhat translucent surface with scattered bubbles and small particles.
/home/whx/Dataset/fungitastic-m/train/720p/0-3052842305.JPG	The background of the fungus is a pale, light-colored, and slightly translucent medium.
/home/whx/Dataset/fungitastic-m/train/720p/0-2238397408.JPG	The background consists of dried grass and leaves.
/home/whx/Dataset/fungitastic-m/train/720p/0-3380890423.JPG	The background of the fungus is a light, uniform color with faint, scattered circular patterns.
/home/whx/Dataset/fungitastic-m/test/720p/1-4465870508.JPG	A fungus rests on mossy forest floor.
/home/whx/Dataset/fungitastic-m/train/720p/1-2238374753.JPG	The background of the fungus is a forest floor with moss, leaves, and twigs.
/home/whx/Dataset/fungitastic-m/train/720p/0-2874304379.JPG	The background of the fungus is a light, translucent pinkish hue.
/home/whx/Dataset/fungitastic-m/train/720p/0-2238421933.JPG	The background of the fungus is a plain, light-colored surface.
/home/whx/Dataset/fungitastic-m/train/720p/2-2238421933.JPG	The background of the fungus is a plain, light-colored surface.
/home/whx/Dataset/fungitastic-m/train/720p/1-2238475021.JPG	A fungus rests on mossy forest floor.
/home/whx/Dataset/fungitastic-m/train/720p/1-2238474331.JPG	A fungus rests on a bed of moss and fallen leaves.
/home/whx/Dataset/fungitastic-m/train/720p/0-2238475021.JPG	The background of the fungus is a mix of green moss and brown leaves.
/home/whx/Dataset/fungitastic-m/test/720p/0-4465870508.JPG	A fungus is on mossy ground.
/home/whx/Dataset/fungitastic-m/train/720p/0-2238480820.JPG	A fungus rests on moss and fallen leaves.
/home/whx/Dataset/fungitastic-m/train/720p/0-2238472015.JPG	A fungus is surrounded by moss and greenery.
/home/whx/Dataset/fungitastic-m/train/720p/4-2238421933.JPG	The background of the fungus is a plain, light-colored surface.
/home/whx/Dataset/fungitastic-m/train/720p/0-3355982311.JPG	A fungus is surrounded by fallen leaves and moss.
/home/whx/Dataset/fungitastic-m/test/720p/2-4465877487.JPG	A fungus is surrounded by green moss and leaves.
/home/whx/Dataset/fungitastic-m/train/720p/1-2874304379.JPG	A fungus is surrounded by green moss and fallen leaves.
/home/whx/Dataset/fungitastic-m/test/720p/1-4465876482.JPG	The background of the fungus is a forest floor with dried leaves and twigs.
/home/whx/Dataset/fungitastic-m/train/720p/0-2981244328.JPG	The background is a dark, textured surface.
/home/whx/Dataset/fungitastic-m/train/720p/0-2238161513.JPG	A fungus on a wooden surface.
/home/whx/Dataset/fungitastic-m/train/720p/1-2238568439.JPG	A fungus lies on a cracked, gray concrete surface.
/home/whx/Dataset/fungitastic-m/train/720p/0-2238220584.JPG	A fungus rests on green moss.
/home/whx/Dataset/fungitastic-m/val/720p/1-3909141319.JPG	The background is a plain, light-colored surface.
/home/whx/Dataset/fungitastic-m/val/720p/3-3909141319.JPG	A fungus is surrounded by green moss.
/home/whx/Dataset/fungitastic-m/train/720p/0-2238568439.JPG	The background of the fungus is a forest floor with pine needles and fallen leaves.
/home/whx/Dataset/fungitastic-m/train/720p/0-2237962849.JPG	A fungus is surrounded by brown leaves on the forest floor.
/home/whx/Dataset/fungitastic-m/train/720p/0-2238345330.JPG	A fungus is surrounded by grass, leaves, and soil.
/home/whx/Dataset/fungitastic-m/train/720p/0-2238286685.JPG	A fungus is surrounded by green moss and small plants.
/home/whx/Dataset/fungitastic-m/val/720p/2-3909141319.JPG	A fungus on mossy forest floor.
/home/whx/Dataset/fungitastic-m/train/720p/0-2237884186.JPG	A fungus is on a white surface with a ruler for scale.
/home/whx/Dataset/fungitastic-m/train/720p/2-2598727401.JPG	A fungus in grass.
/home/whx/Dataset/fungitastic-m/train/720p/0-2238219934.JPG	a fungus on moss.
/home/whx/Dataset/fungitastic-m/train/720p/0-2238569586.JPG	The background of the fungus is a mix of dried grass, pine needles, and patches of lichen.
/home/whx/Dataset/fungitastic-m/train/720p/0-2981238381.JPG	A fungus on a wooden surface.
/home/whx/Dataset/fungitastic-m/train/720p/0-2238033436.JPG	The background is a blurred mix of earthy tones.
/home/whx/Dataset/fungitastic-m/train/720p/3-2868470345.JPG	The background of the fungus is a light blue sky.
/home/whx/Dataset/fungitastic-m/train/720p/1-2868470345.JPG	Dry grass.
/home/whx/Dataset/fungitastic-m/train/720p/0-2237973755.JPG	A fungus rests on weathered wooden planks.
/home/whx/Dataset/fungitastic-m/val/720p/3-3968583473.JPG	The background is blurred and gray.
/home/whx/Dataset/fungitastic-m/val/720p/2-3968583473.JPG	The background of the fungus is dark and blurry.
/home/whx/Dataset/fungitastic-m/train/720p/0-2868470345.JPG	A fungus in a grassy, natural setting.
/home/whx/Dataset/fungitastic-m/train/720p/0-2238476495.JPG	The background is a plain, muted brown.
/home/whx/Dataset/fungitastic-m/train/720p/2-2868470345.JPG	A fungus on a branch, blurred background.
/home/whx/Dataset/fungitastic-m/train/720p/0-2981240301.JPG	Dark, blurry, indistinct.
/home/whx/Dataset/fungitastic-m/train/720p/1-2238327128.JPG	The background consists of brown and green plant material.
/home/whx/Dataset/fungitastic-m/train/720p/0-2238374547.JPG	A fungus on a plant stem with a blurred green background.
/home/whx/Dataset/fungitastic-m/train/720p/0-3410062337.JPG	A fungus is on a stick, with a dark, blurry background.
/home/whx/Dataset/fungitastic-m/train/720p/1-2331571135.JPG	The background consists of brown, dried plant stems and green leaves.
/home/whx/Dataset/fungitastic-m/train/720p/0-2984632363.JPG	A fungus on a stick against a blue fabric background.
/home/whx/Dataset/fungitastic-m/train/720p/2-2238506890.JPG	The background of the fungus consists of grass, leaves, and moss.
/home/whx/Dataset/fungitastic-m/train/720p/6-2238497590.JPG	The background of the fungus consists of soil, leaves, and grass.
/home/whx/Dataset/fungitastic-m/train/720p/1-2237967942.JPG	A fungus rests on grass and fallen leaves.
/home/whx/Dataset/fungitastic-m/train/720p/2-2238497590.JPG	The background of the fungus is a light, blurry, and somewhat granular texture.
/home/whx/Dataset/fungitastic-m/train/720p/0-2237967942.JPG	The background of the fungus is soil and dried grass.
/home/whx/Dataset/fungitastic-m/train/720p/1-2238497590.JPG	The background of the fungus is a blurry, light grayish-white.
/home/whx/Dataset/fungitastic-m/train/720p/0-2238506890.JPG	The background is a light, uniform color.
/home/whx/Dataset/fungitastic-m/train/720p/2-2237920867.JPG	A fungus on grass.
/home/whx/Dataset/fungitastic-m/test/720p/1-4465879269.JPG	The background of the fungus is a light, cloudy white with scattered small particles.
/home/whx/Dataset/fungitastic-m/train/720p/4-2238497590.JPG	The background of the fungus is a light, cloudy, and slightly granular texture.
/home/whx/Dataset/fungitastic-m/train/720p/1-2238506890.JPG	The background of the fungus is a mix of grass, leaves, and soil.
/home/whx/Dataset/fungitastic-m/train/720p/1-3332291321.JPG	The background of the fungus is dark.
/home/whx/Dataset/fungitastic-m/train/720p/0-2237920867.JPG	A fungus rests on grass and moss.
/home/whx/Dataset/fungitastic-m/train/720p/0-3329734332.JPG	The background of the fungus is a mix of dark soil, leaves, and twigs.
/home/whx/Dataset/fungitastic-m/train/720p/0-2238226767.JPG	A fungus on mossy ground.
/home/whx/Dataset/fungitastic-m/train/720p/0-3332309342.JPG	A fungus is surrounded by soil, rocks, and grass.
/home/whx/Dataset/fungitastic-m/train/720p/1-2812993305.JPG	A fungus is surrounded by green grass and moss.
/home/whx/Dataset/fungitastic-m/train/720p/9-2238426722.JPG	A fungus is surrounded by green moss and fallen leaves.
/home/whx/Dataset/fungitastic-m/val/720p/1-4100088441.JPG	A fungus lies on forest floor, surrounded by pine needles and moss.
/home/whx/Dataset/fungitastic-m/train/720p/0-2238432616.JPG	The background of the fungus is a light, cloudy, and somewhat blurry environment.
/home/whx/Dataset/fungitastic-m/train/720p/7-2238432616.JPG	A fungus is surrounded by green moss and forest floor debris.
/home/whx/Dataset/fungitastic-m/train/720p/0-2812993305.JPG	A fungus with light brown streaks on a white background.
/home/whx/Dataset/fungitastic-m/train/720p/10-2238426722.JPG	A fungus rests on mossy ground.
/home/whx/Dataset/fungitastic-m/train/720p/2-2883254312.JPG	The background of the fungus is orange.
/home/whx/Dataset/fungitastic-m/val/720p/0-4100088441.JPG	The background of the fungus is a uniform, orange-brown hue.
/home/whx/Dataset/fungitastic-m/train/720p/0-2883254312.JPG	A fungus on a white surface.
/home/whx/Dataset/fungitastic-m/train/720p/7-2238426722.JPG	The background of the fungus is a light, translucent, and slightly granular texture.
/home/whx/Dataset/fungitastic-m/train/720p/0-2238426722.JPG	The background is plain and light-colored.
/home/whx/Dataset/fungitastic-m/train/720p/6-2238426722.JPG	A fungus rests on mossy ground.
/home/whx/Dataset/fungitastic-m/train/720p/2-2238432616.JPG	A fungus is surrounded by green moss and brown leaves.
/home/whx/Dataset/fungitastic-m/train/720p/8-2238426722.JPG	The background of the fungus is a light, cloudy gray with scattered dark spots.
/home/whx/Dataset/fungitastic-m/train/720p/3-2238426722.JPG	A fungus is on a white surface.
/home/whx/Dataset/fungitastic-m/train/720p/0-2238570510.JPG	The background of the fungus is dark and earthy.
/home/whx/Dataset/fungitastic-m/train/720p/0-4847350369.JPG	The background of the fungus is a mix of earthy tones and organic debris.
/home/whx/Dataset/fungitastic-m/test/720p/0-4465898416.JPG	Decaying wood.
/home/whx/Dataset/fungitastic-m/train/720p/0-2238330865.JPG	Mossy forest floor.
/home/whx/Dataset/fungitastic-m/train/720p/0-2425494406.JPG	A fungus grows amidst moss and grass.
/home/whx/Dataset/fungitastic-m/train/720p/0-2994398328.JPG	A fungus grows on a moss-covered log.
/home/whx/Dataset/fungitastic-m/val/720p/0-3913248453.JPG	A fungus grows on a mossy, decaying log.
/home/whx/Dataset/fungitastic-m/train/720p/3-3018980314.JPG	A fungus grows on decaying wood and debris.
/home/whx/Dataset/fungitastic-m/val/720p/0-3944343631.JPG	A fungus grows on decaying wood.
/home/whx/Dataset/fungitastic-m/val/720p/0-3922625636.JPG	A fungus grows on moss, surrounded by fallen leaves.
/home/whx/Dataset/fungitastic-m/train/720p/0-2238456319.JPG	The background of the fungus consists of fallen leaves and a tree trunk.
/home/whx/Dataset/fungitastic-m/train/720p/0-2238389941.JPG	A fungus grows on moss-covered wood.
/home/whx/Dataset/fungitastic-m/train/720p/0-2238402495.JPG	A fungus grows on a mossy, decaying log.
/home/whx/Dataset/fungitastic-m/train/720p/0-2238451334.JPG	A fungus is surrounded by autumn leaves.
/home/whx/Dataset/fungitastic-m/train/720p/0-2868488475.JPG	The background of the fungus is a forest floor with fallen leaves, twigs, and moss.
/home/whx/Dataset/fungitastic-m/train/720p/0-2238570669.JPG	A fungus grows on a decaying tree trunk.
/home/whx/Dataset/fungitastic-m/train/720p/1-2238216993.JPG	A fungus on grass.
/home/whx/Dataset/fungitastic-m/train/720p/2-2864901301.JPG	The background of the fungus is a light, textured surface.
/home/whx/Dataset/fungitastic-m/train/720p/1-2860298301.JPG	The background is plain white.
/home/whx/Dataset/fungitastic-m/train/720p/1-3059596307.JPG	A fungus on a white surface.
/home/whx/Dataset/fungitastic-m/train/720p/1-2237915293.JPG	A fungus on grass.
/home/whx/Dataset/fungitastic-m/test/720p/2-4465894472.JPG	Grassy field with trees.
/home/whx/Dataset/fungitastic-m/test/720p/1-4465894472.JPG	A fungus on newspaper.
/home/whx/Dataset/fungitastic-m/train/720p/0-2238498998.JPG	A fungus is surrounded by grass and fallen leaves.
/home/whx/Dataset/fungitastic-m/train/720p/2-2238159917.JPG	A fungus lies on grass.
/home/whx/Dataset/fungitastic-m/train/720p/2-2238429225.JPG	A fungus on grass.
/home/whx/Dataset/fungitastic-m/test/720p/5-4465894472.JPG	A fungus is held against a blurred green background.
/home/whx/Dataset/fungitastic-m/train/720p/0-3059596307.JPG	A fungus on concrete.
/home/whx/Dataset/fungitastic-m/train/720p/0-2860298301.JPG	The background is plain white.
/home/whx/Dataset/fungitastic-m/train/720p/0-2238189933.JPG	A fungus on a perforated metal surface.
/home/whx/Dataset/fungitastic-m/train/720p/3-2864901301.JPG	The background of the fungus is a light, cloudy white.
/home/whx/Dataset/fungitastic-m/train/720p/0-2238216993.JPG	A fungus rests on mossy ground.
/home/whx/Dataset/fungitastic-m/train/720p/0-2238221300.JPG	The background of the fungus is a dark, mossy ground.
/home/whx/Dataset/fungitastic-m/test/720p/0-4465874031.JPG	The background of the fungus is a mix of soil, small rocks, and decaying wood.
/home/whx/Dataset/fungitastic-m/train/720p/0-2238507960.JPG	The background of the fungus is a mix of dark soil and scattered leaves.
/home/whx/Dataset/fungitastic-m/train/720p/1-2238221300.JPG	A fungus on mossy ground.
/home/whx/Dataset/fungitastic-m/test/720p/1-4169768555.JPG	The background of the fungus is a light, translucent, and slightly granular texture.
/home/whx/Dataset/fungitastic-m/train/720p/5-2238471913.JPG	A fungus is surrounded by moss and soil.
/home/whx/Dataset/fungitastic-m/train/720p/1-2238471844.JPG	The background of the fungus is a light, translucent, and somewhat blurry surface.
/home/whx/Dataset/fungitastic-m/train/720p/0-2238471913.JPG	The background of the fungus is dark, earthy, and mossy.
/home/whx/Dataset/fungitastic-m/train/720p/3-2238471844.JPG	The background of the fungus is a blurry, light-colored, and textured surface.
/home/whx/Dataset/fungitastic-m/train/720p/0-2237962455.JPG	A fungus on mossy ground.
/home/whx/Dataset/fungitastic-m/test/720p/5-4465875144.JPG	A fungus on weathered wood.
/home/whx/Dataset/fungitastic-m/test/720p/2-4465875144.JPG	The background of the fungus is a reddish-brown surface with scattered dark specks.
/home/whx/Dataset/fungitastic-m/train/720p/7-2238471844.JPG	A fungus is surrounded by dry leaves and twigs.
/home/whx/Dataset/fungitastic-m/train/720p/2-2238498663.JPG	The background of the fungus is a mix of soil, leaves, and grass.
/home/whx/Dataset/fungitastic-m/train/720p/7-2238471913.JPG	The background of the fungus is a light, uniform color with some small, scattered particles.
/home/whx/Dataset/fungitastic-m/train/720p/1-2238471913.JPG	The background of the fungus is a pale, translucent gray.
/home/whx/Dataset/fungitastic-m/train/720p/4-3358351301.JPG	The background of the fungus appears to be a light, uniform color with a slightly granular texture.
/home/whx/Dataset/fungitastic-m/train/720p/2-3024155331.JPG	A fungus on a tree trunk with a blurred green background.
/home/whx/Dataset/fungitastic-m/train/720p/3-3024155331.JPG	The background is a blurred green.
/home/whx/Dataset/fungitastic-m/test/720p/4-4100099668.JPG	A fungus on a textured, reddish-brown surface.
/home/whx/Dataset/fungitastic-m/train/720p/2-2238488324.JPG	A fungus on mossy bark.
/home/whx/Dataset/fungitastic-m/train/720p/3-3358351301.JPG	The background of the fungus is a light, uniform color.
/home/whx/Dataset/fungitastic-m/train/720p/0-3358351301.JPG	The background is a light, uniform purple.
/home/whx/Dataset/fungitastic-m/train/720p/0-2238532885.JPG	The background is blurred, with indistinct shapes and muted colors.
/home/whx/Dataset/fungitastic-m/train/720p/2-2981230374.JPG	The background of the fungus is a light, speckled area with a gradient from light to darker shades.
/home/whx/Dataset/fungitastic-m/train/720p/0-2238488324.JPG	Green mossy surface.
/home/whx/Dataset/fungitastic-m/test/720p/0-4847344674.JPG	The background of the fungus is light blue.
/home/whx/Dataset/fungitastic-m/train/720p/1-3358351301.JPG	The background of the fungus is a light purple hue.
/home/whx/Dataset/fungitastic-m/train/720p/1-2238488324.JPG	The background of the fungus is plain white.
/home/whx/Dataset/fungitastic-m/test/720p/3-4847344674.JPG	The background is a light, clear area.
/home/whx/Dataset/fungitastic-m/train/720p/2-2238538951.JPG	The background is dark and textured.
/home/whx/Dataset/fungitastic-m/train/720p/1-2238532885.JPG	A fungus on decaying wood near water.
/home/whx/Dataset/fungitastic-m/train/720p/5-2238472302.JPG	A fungus is surrounded by green grass and brown leaves.
/home/whx/Dataset/fungitastic-m/train/720p/0-2238473776.JPG	A fungus is surrounded by grass, leaves, and twigs.
/home/whx/Dataset/fungitastic-m/train/720p/0-2238475283.JPG	a fungus on forest floor with dried leaves.
/home/whx/Dataset/fungitastic-m/train/720p/3-2238472302.JPG	A fungus on a light, translucent background.
/home/whx/Dataset/fungitastic-m/val/720p/0-3861323306.JPG	The background of the fungus is a mix of green grass and brown leaves.
/home/whx/Dataset/fungitastic-m/train/720p/3-3332300302.JPG	A fungus is surrounded by fallen leaves and pine needles.
/home/whx/Dataset/fungitastic-m/train/720p/2-2238563724.JPG	The background consists of forest debris and twigs.
/home/whx/Dataset/fungitastic-m/test/720p/0-4169771409.JPG	The background is a light, blurry, and uniform white.
/home/whx/Dataset/fungitastic-m/train/720p/7-2238472302.JPG	The background of the fungus is plain white.
/home/whx/Dataset/fungitastic-m/train/720p/0-2332528083.JPG	The background of the fungus is a mix of soil, leaves, and twigs.
/home/whx/Dataset/fungitastic-m/train/720p/0-3340160402.JPG	A fungus is surrounded by fallen leaves.
/home/whx/Dataset/fungitastic-m/train/720p/2-2238475283.JPG	A fungus is surrounded by dried leaves.
/home/whx/Dataset/fungitastic-m/train/720p/0-2238468720.JPG	A fungus on moss.
/home/whx/Dataset/fungitastic-m/train/720p/1-2812985351.JPG	The background is a pale, uniform yellow.
/home/whx/Dataset/fungitastic-m/train/720p/0-2303159294.JPG	A fungus on mossy forest floor.
/home/whx/Dataset/fungitastic-m/train/720p/0-2238563724.JPG	The background of the fungus is a mix of soil, twigs, and dried leaves.
/home/whx/Dataset/fungitastic-m/test/720p/1-4465870731.JPG	A fungus rests on dried leaves.
/home/whx/Dataset/fungitastic-m/train/720p/0-2238496674.JPG	The background of the fungus is grassy.
/home/whx/Dataset/fungitastic-m/test/720p/0-4465866999.JPG	A fungus is surrounded by brown leaves and a patch of green moss.
/home/whx/Dataset/fungitastic-m/train/720p/0-2238218817.JPG	dry leaves
/home/whx/Dataset/fungitastic-m/test/720p/1-4465899404.JPG	The background of the fungus is a light, cloudy white.
/home/whx/Dataset/fungitastic-m/train/720p/4-2238504443.JPG	A fungus is surrounded by grass, moss, and fallen leaves.
/home/whx/Dataset/fungitastic-m/train/720p/1-4847334368.JPG	The background of the fungus appears to be a light, cloudy, and somewhat translucent medium.
/home/whx/Dataset/fungitastic-m/train/720p/2-2238471442.JPG	The background of the fungus is a light, cloudy, and somewhat blurry environment.
/home/whx/Dataset/fungitastic-m/train/720p/3-2238471442.JPG	The background of the fungus appears to be a light, textured surface.
/home/whx/Dataset/fungitastic-m/train/720p/5-2238471442.JPG	A fungus lies on a bed of dried leaves and twigs.
/home/whx/Dataset/fungitastic-m/val/720p/3-3861321307.JPG	The background of the fungus is a mix of dry leaves, twigs, and grass.
/home/whx/Dataset/fungitastic-m/test/720p/3-4465899404.JPG	The background of the fungus is a light, uniform color.
/home/whx/Dataset/fungitastic-m/train/720p/0-2238564056.JPG	A fungus rests on a bed of brown leaves and soil.
/home/whx/Dataset/fungitastic-m/train/720p/7-2238471442.JPG	The background of the fungus is a light, blurry, and translucent surface.
/home/whx/Dataset/fungitastic-m/test/720p/0-4465870731.JPG	A fungus rests on dried leaves.
/home/whx/Dataset/fungitastic-m/train/720p/1-3324318301.JPG	A fungus on a white surface with a yellow object and a ruler in the background.
/home/whx/Dataset/fungitastic-m/train/720p/0-3327305327.JPG	A fungus is surrounded by grass, leaves, and soil.
/home/whx/Dataset/fungitastic-m/val/720p/1-4100090927.JPG	A fungus rests on autumn leaves.
/home/whx/Dataset/fungitastic-m/train/720p/3-3345616441.JPG	A fungus is on a light, watery background.
/home/whx/Dataset/fungitastic-m/train/720p/2-2303159254.JPG	A fungus is surrounded by grass, leaves, and small twigs.
/home/whx/Dataset/fungitastic-m/train/720p/1-2238497199.JPG	The background of the fungus is a blurry, light-colored, and somewhat granular texture.
/home/whx/Dataset/fungitastic-m/test/720p/3-4169758070.JPG	The background is a light, cloudy, and somewhat granular texture.
/home/whx/Dataset/fungitastic-m/train/720p/0-2351006862.JPG	Grass, leaves, soil.
/home/whx/Dataset/fungitastic-m/train/720p/3-2238497199.JPG	The background of the fungus is a light, cloudy, and somewhat granular texture.
/home/whx/Dataset/fungitastic-m/train/720p/4-2238497199.JPG	The background of the fungus is a mix of soil, leaves, and organic debris.
/home/whx/Dataset/fungitastic-m/val/720p/2-4100090927.JPG	The background of the fungus is a light, granular texture with scattered particles.
/home/whx/Dataset/fungitastic-m/train/720p/2-2238551906.JPG	A fungus in grass with leaves.
/home/whx/Dataset/fungitastic-m/test/720p/4-4169758070.JPG	The background is a light, blurred white.
/home/whx/Dataset/fungitastic-m/train/720p/0-2238523900.JPG	A fungus rests on fallen leaves.
/home/whx/Dataset/fungitastic-m/train/720p/0-2901937472.JPG	The background is a pale, light-colored surface with scattered small particles.
/home/whx/Dataset/fungitastic-m/train/720p/1-2238551906.JPG	The background of the fungus is a mix of orange and yellow hues, with a translucent, fibrous texture.
/home/whx/Dataset/fungitastic-m/train/720p/0-2237910676.JPG	A fungus on a green background.
/home/whx/Dataset/fungitastic-m/train/720p/1-2818069339.JPG	A fungus in grass.
/home/whx/Dataset/fungitastic-m/train/720p/0-2816355340.JPG	A fungus is on grass.
/home/whx/Dataset/fungitastic-m/train/720p/0-2818064358.JPG	The background of the fungus is a mix of soil, grass, and scattered leaves.
/home/whx/Dataset/fungitastic-m/train/720p/0-2812999308.JPG	A fungus rests on green leaves and grass.
/home/whx/Dataset/fungitastic-m/train/720p/0-2818070349.JPG	A fungus is surrounded by green grass and clover.
/home/whx/Dataset/fungitastic-m/train/720p/0-2238474886.JPG	A fungus on mossy ground.
/home/whx/Dataset/fungitastic-m/train/720p/0-2821600316.JPG	A fungus in grass.
/home/whx/Dataset/fungitastic-m/test/720p/1-4465879232.JPG	A fungus in grass and clover.
/home/whx/Dataset/fungitastic-m/train/720p/2-2818070349.JPG	a fungus on grass and leaves.
/home/whx/Dataset/fungitastic-m/train/720p/0-2238474168.JPG	The background of the fungus is a mix of grass, leaves, and twigs.
/home/whx/Dataset/fungitastic-m/test/720p/1-4465877866.JPG	Grass and soil.
/home/whx/Dataset/fungitastic-m/train/720p/0-3345606451.JPG	The background of the fungus is a mix of soil, twigs, and fallen leaves.
/home/whx/Dataset/fungitastic-m/test/720p/2-4465877866.JPG	Grass and soil.
/home/whx/Dataset/fungitastic-m/test/720p/0-4465879232.JPG	A fungus rests on grass.
/home/whx/Dataset/fungitastic-m/train/720p/1-3345599312.JPG	A fungus on a rock.
/home/whx/Dataset/fungitastic-m/train/720p/1-2332527937.JPG	A fungus on grass.
/home/whx/Dataset/fungitastic-m/train/720p/0-2238370605.JPG	The background of the fungus is a mix of soil, twigs, and dried leaves.
/home/whx/Dataset/fungitastic-m/train/720p/2-2417207200.JPG	The background of the fungus consists of soil, dried leaves, and twigs.
/home/whx/Dataset/fungitastic-m/val/720p/4-3944339704.JPG	A fungus is surrounded by green grass and leaves.
/home/whx/Dataset/fungitastic-m/train/720p/2-3126932310.JPG	The background of the fungus consists of dry leaves, twigs, and wood chips.
/home/whx/Dataset/fungitastic-m/train/720p/1-2238494185.JPG	The background is dark and textured.
/home/whx/Dataset/fungitastic-m/train/720p/1-2238370347.JPG	The background of the fungus is soil and grass.
/home/whx/Dataset/fungitastic-m/train/720p/1-2238449509.JPG	Grass.
/home/whx/Dataset/fungitastic-m/train/720p/0-2238590069.JPG	A fungus on a wooden surface.
/home/whx/Dataset/fungitastic-m/train/720p/0-2239703736.JPG	Grass, leaves, dirt.
/home/whx/Dataset/fungitastic-m/train/720p/0-2417207200.JPG	A fungus on a wooden surface.
/home/whx/Dataset/fungitastic-m/train/720p/0-2238227652.JPG	A fungus is surrounded by rocks, leaves, and greenery.
/home/whx/Dataset/fungitastic-m/train/720p/3-3122828316.JPG	The background of the fungus appears to be a textured, light-colored surface with a slightly granular or fibrous appearance.
/home/whx/Dataset/fungitastic-m/train/720p/4-3122828316.JPG	The background of the fungus appears to be a light, possibly white or off-white surface with some darker specks and a textured, fibrous appearance.
/home/whx/Dataset/fungitastic-m/train/720p/0-3126932310.JPG	A fungus is in a mulched area with pine cones and a chain-link fence in the background.
/home/whx/Dataset/fungitastic-m/val/720p/6-3944339704.JPG	The background of the fungus is a light, granular texture.
/home/whx/Dataset/fungitastic-m/train/720p/0-2238370347.JPG	The background of the fungus is soil and pine needles.
/home/whx/Dataset/fungitastic-m/train/720p/0-2351006230.JPG	Grass and soil.
/home/whx/Dataset/fungitastic-m/train/720p/2-2238499248.JPG	A fungus is in grass.
/home/whx/Dataset/fungitastic-m/train/720p/0-2238475578.JPG	A fungus lies on forest floor with scattered leaves and grass.
/home/whx/Dataset/fungitastic-m/train/720p/1-2238477878.JPG	Grass and fallen leaves.
/home/whx/Dataset/fungitastic-m/train/720p/0-2238477878.JPG	A fungus lies on grass and fallen leaves.
/home/whx/Dataset/fungitastic-m/train/720p/0-2238502866.JPG	A fungus is surrounded by green clover and grass.
/home/whx/Dataset/fungitastic-m/train/720p/1-3336950363.JPG	A fungus lies on grass.
/home/whx/Dataset/fungitastic-m/train/720p/1-2238559864.JPG	A fungus on grass.
/home/whx/Dataset/fungitastic-m/test/720p/2-4465863082.JPG	A fungus on a plain, light-colored surface.
/home/whx/Dataset/fungitastic-m/train/720p/1-2238502866.JPG	A fungus in grass and soil.
/home/whx/Dataset/fungitastic-m/test/720p/2-4465867233.JPG	A fungus lies on a bed of dried leaves and grass.
/home/whx/Dataset/fungitastic-m/train/720p/1-2238423567.JPG	The fungus is on a plain, light-colored surface.
/home/whx/Dataset/fungitastic-m/test/720p/0-4465870219.JPG	A fungus rests on forest floor, surrounded by grass and fallen leaves.
/home/whx/Dataset/fungitastic-m/train/720p/2-2238559864.JPG	The background of the fungus is a rough, textured stone wall.
/home/whx/Dataset/fungitastic-m/train/720p/4-3336950363.JPG	A fungus on a white surface.
/home/whx/Dataset/fungitastic-m/train/720p/3-2238152548.JPG	Grass and leaves.
/home/whx/Dataset/fungitastic-m/train/720p/0-2868476301.JPG	The background of the fungus is a dark, leaf-strewn forest floor.
/home/whx/Dataset/fungitastic-m/train/720p/3-2804913318.JPG	The background is a light, uniform color with faint, scattered spots.
/home/whx/Dataset/fungitastic-m/train/720p/0-2238495567.JPG	The background of the fungus is a bed of dried leaves.
/home/whx/Dataset/fungitastic-m/train/720p/0-3329723354.JPG	The background of the fungus is a mix of grass, leaves, and soil.
/home/whx/Dataset/fungitastic-m/train/720p/0-2862698459.JPG	A fungus is surrounded by dried leaves and twigs.
/home/whx/Dataset/fungitastic-m/train/720p/7-2238495567.JPG	The background of the fungus is a light, pinkish hue.
/home/whx/Dataset/fungitastic-m/train/720p/3-2238495567.JPG	The background of the fungus is a light pinkish hue with a slightly granular texture.
/home/whx/Dataset/fungitastic-m/train/720p/1-2575117786.JPG	The background of the fungus is a mix of soil, leaves, and small twigs.
/home/whx/Dataset/fungitastic-m/train/720p/3-2868476301.JPG	The background of the fungus is a plain, light-colored surface.
/home/whx/Dataset/fungitastic-m/train/720p/2-2868476301.JPG	The background is a light, uniform color.
/home/whx/Dataset/fungitastic-m/train/720p/0-2825702315.JPG	The background of the fungus is a light, blurred, and uniform color.
/home/whx/Dataset/fungitastic-m/test/720p/1-4465879973.JPG	A fungus on forest floor with moss and leaves.
/home/whx/Dataset/fungitastic-m/train/720p/4-2804913318.JPG	The background of the fungus is a light, translucent area.
/home/whx/Dataset/fungitastic-m/train/720p/0-3327316303.JPG	The background is a light, speckled gray.
/home/whx/Dataset/fungitastic-m/train/720p/2-2825702315.JPG	The background of the fungus is a mix of green leaves and brown soil.
/home/whx/Dataset/fungitastic-m/train/720p/0-4847348187.JPG	The background of the fungus is a mix of grass, leaves, and soil.
/home/whx/Dataset/fungitastic-m/train/720p/0-2237949212.JPG	The background of the fungus is a mix of soil, grass, and dried leaves.
/home/whx/Dataset/fungitastic-m/train/720p/0-2238482337.JPG	The background of the fungus consists of straw and soil.
/home/whx/Dataset/fungitastic-m/train/720p/0-3414823325.JPG	Grass and leaves.
/home/whx/Dataset/fungitastic-m/test/720p/2-4847346574.JPG	The background of the fungus is a light, translucent surface with scattered small particles.
/home/whx/Dataset/fungitastic-m/train/720p/0-2449443988.JPG	The background of the fungus is a mix of soil, twigs, and small green plants.
/home/whx/Dataset/fungitastic-m/train/720p/1-4847342515.JPG	The background of the fungus consists of forest floor debris, including leaves, twigs, and soil.
/home/whx/Dataset/fungitastic-m/train/720p/1-2449443988.JPG	The background of the fungus is a mix of soil, small green plants, and decaying organic matter.
/home/whx/Dataset/fungitastic-m/test/720p/0-4847346574.JPG	A fungus on a rock amidst grass and snow.
/home/whx/Dataset/fungitastic-m/train/720p/1-2238482337.JPG	Straw and dried grass.
/home/whx/Dataset/fungitastic-m/train/720p/2-2449441757.JPG	The background of the fungus is a dark, earthy surface with some greenery.
/home/whx/Dataset/fungitastic-m/train/720p/3-4847342515.JPG	The background of the fungus is a blurred mix of earthy tones, likely indicating a forest floor.
/home/whx/Dataset/fungitastic-m/train/720p/0-2999542369.JPG	Grass and dried leaves.
/home/whx/Dataset/fungitastic-m/train/720p/1-4847344465.JPG	The background of the fungus consists of brown leaves, soil, and grass.
/home/whx/Dataset/fungitastic-m/train/720p/0-2449441761.JPG	The background of the fungus is dark and forested.
/home/whx/Dataset/fungitastic-m/train/720p/1-4847344537.JPG	The background of the fungus is a mix of dark green and brown, with some dried leaves and twigs.
/home/whx/Dataset/fungitastic-m/val/720p/2-3970594466.JPG	The fungus is on a white paper towel.
/home/whx/Dataset/fungitastic-m/train/720p/3-2851417316.JPG	The background is blurred green.
/home/whx/Dataset/fungitastic-m/val/720p/0-3922626914.JPG	A fungus is surrounded by pine needles, dried leaves, and a pine cone.
/home/whx/Dataset/fungitastic-m/train/720p/1-2851417316.JPG	A fungus grows amidst pine needles and moss.
/home/whx/Dataset/fungitastic-m/val/720p/2-4465863334.JPG	The background consists of dried, brown, fibrous material.
/home/whx/Dataset/fungitastic-m/test/720p/1-4465898574.JPG	A fungus grows amidst pine needles and moss.
/home/whx/Dataset/fungitastic-m/train/720p/1-2901943474.JPG	The background of the fungus is a forest floor with green leaves and brown debris.
/home/whx/Dataset/fungitastic-m/test/720p/0-4465898574.JPG	A fungus grows on moss and pine needles.
/home/whx/Dataset/fungitastic-m/val/720p/0-3962114647.JPG	A fungus is surrounded by pine needles, grass, and a pine cone.
/home/whx/Dataset/fungitastic-m/train/720p/2-3059597307.JPG	The background of the fungus is a mix of green grass, brown leaves, and damp earth.
/home/whx/Dataset/fungitastic-m/train/720p/4-2238556474.JPG	A fungus is surrounded by pine needles and twigs.
/home/whx/Dataset/fungitastic-m/train/720p/0-2238556474.JPG	The background of the fungus is plain white.
/home/whx/Dataset/fungitastic-m/train/720p/0-2238510645.JPG	The background is plain white.
/home/whx/Dataset/fungitastic-m/train/720p/2-2856922302.JPG	A fungus is surrounded by pine needles and moss.
/home/whx/Dataset/fungitastic-m/train/720p/0-2427873267.JPG	A fungus is surrounded by green moss.
/home/whx/Dataset/fungitastic-m/train/720p/0-2238332082.JPG	The background is plain white.
/home/whx/Dataset/fungitastic-m/train/720p/0-2851417316.JPG	The background is blurred, with shades of green and brown.
/home/whx/Dataset/fungitastic-m/train/720p/1-2274829778.JPG	A fungus is surrounded by dried leaves.
/home/whx/Dataset/fungitastic-m/train/720p/0-2238373617.JPG	A fungus lies on grass.
/home/whx/Dataset/fungitastic-m/train/720p/0-2238416114.JPG	A fungus in a grassy, wooded area.
/home/whx/Dataset/fungitastic-m/val/720p/2-3909141339.JPG	A fungus lies in grass.
/home/whx/Dataset/fungitastic-m/test/720p/1-4169762121.JPG	A fungus in a grassy area with clover.
/home/whx/Dataset/fungitastic-m/train/720p/1-2238416114.JPG	A fungus is on soil with grass and leaves.
/home/whx/Dataset/fungitastic-m/train/720p/1-2238185810.JPG	A fungus lies on green grass with scattered leaves.
/home/whx/Dataset/fungitastic-m/train/720p/0-3320503304.JPG	A fungus in grass.
/home/whx/Dataset/fungitastic-m/train/720p/0-2238469697.JPG	A fungus lies on grass with small green plants.
/home/whx/Dataset/fungitastic-m/train/720p/0-2862702376.JPG	Grassy background.
/home/whx/Dataset/fungitastic-m/val/720p/0-3828296320.JPG	A fungus in grass.
/home/whx/Dataset/fungitastic-m/val/720p/3-3828296320.JPG	A fungus lies on grass.
/home/whx/Dataset/fungitastic-m/train/720p/0-2238219217.JPG	Grassy background.
/home/whx/Dataset/fungitastic-m/train/720p/3-2238426421.JPG	Grass and weeds.
/home/whx/Dataset/fungitastic-m/train/720p/1-2238215380.JPG	A fungus on grass.
/home/whx/Dataset/fungitastic-m/train/720p/0-2238215380.JPG	Grassy background.
/home/whx/Dataset/fungitastic-m/train/720p/0-2238387950.JPG	The background of the fungus is a mix of dry grass, twigs, and patches of green moss.
/home/whx/Dataset/fungitastic-m/train/720p/0-2238577796.JPG	A fungus on sandy ground.
/home/whx/Dataset/fungitastic-m/train/720p/0-2424125409.JPG	The background of the fungus consists of forest floor debris, including leaves and twigs.
/home/whx/Dataset/fungitastic-m/train/720p/0-2238455119.JPG	A fungus on newspaper.
/home/whx/Dataset/fungitastic-m/train/720p/0-3386472305.JPG	The background of the fungus consists of dried leaves and grass.
/home/whx/Dataset/fungitastic-m/train/720p/0-2874309321.JPG	A fungus is surrounded by twigs, grass, and pine needles.
/home/whx/Dataset/fungitastic-m/train/720p/0-2238513942.JPG	The background of the fungus consists of forest floor debris, including leaves, twigs, and soil.
/home/whx/Dataset/fungitastic-m/test/720p/0-4465900177.JPG	A fungus grows amidst green moss and fallen leaves.
/home/whx/Dataset/fungitastic-m/train/720p/1-2424124525.JPG	Green grass and clovers.
/home/whx/Dataset/fungitastic-m/test/720p/0-4100091112.JPG	A fungus rests on mossy forest floor.
/home/whx/Dataset/fungitastic-m/val/720p/0-3944342322.JPG	A fungus grows on moss.
/home/whx/Dataset/fungitastic-m/train/720p/0-2901948401.JPG	A fungus is surrounded by green moss and dried leaves.
/home/whx/Dataset/fungitastic-m/test/720p/2-4465898979.JPG	The background of the fungus is a plain white surface.
/home/whx/Dataset/fungitastic-m/train/720p/0-3419923340.JPG	The background is dark blue.
/home/whx/Dataset/fungitastic-m/train/720p/0-2238451717.JPG	The background consists of wet, brown leaves.
/home/whx/Dataset/fungitastic-m/val/720p/0-3916264459.JPG	A fungus is surrounded by green moss.
/home/whx/Dataset/fungitastic-m/train/720p/0-2238385933.JPG	Dark and plain.
/home/whx/Dataset/fungitastic-m/train/720p/2-2238557432.JPG	A fungus rests on a bed of brown leaves.
/home/whx/Dataset/fungitastic-m/train/720p/1-2238469501.JPG	A fungus is on grass.
/home/whx/Dataset/fungitastic-m/train/720p/0-2238537605.JPG	The background of the fungus consists of dried leaves and grass.
/home/whx/Dataset/fungitastic-m/train/720p/0-2273188035.JPG	The background of the fungus is a mix of soil, moss, and grass.
/home/whx/Dataset/fungitastic-m/train/720p/1-2238557432.JPG	A fungus is surrounded by brown leaves.
/home/whx/Dataset/fungitastic-m/train/720p/0-2238469501.JPG	Grass and soil.
/home/whx/Dataset/fungitastic-m/train/720p/0-3355974325.JPG	The background of the fungus is a mix of brown and green forest debris.
/home/whx/Dataset/fungitastic-m/train/720p/0-3336950353.JPG	The background of the fungus appears to be a mix of brown and gray, possibly soil or decaying organic matter.
/home/whx/Dataset/fungitastic-m/train/720p/1-2238560153.JPG	The background of the fungus is a mix of soil, leaves, and small green plants.
/home/whx/Dataset/fungitastic-m/train/720p/0-2818064336.JPG	The background of the fungus is a forest floor with brown leaves and soil.
/home/whx/Dataset/fungitastic-m/train/720p/0-2238563464.JPG	A fungus rests on forest floor with leaves and grass.
/home/whx/Dataset/fungitastic-m/val/720p/0-3922625493.JPG	A fungus in a forest setting with blurred greenery and fallen leaves.
/home/whx/Dataset/fungitastic-m/train/720p/1-2238475863.JPG	A fungus rests on mossy rock, surrounded by greenery.
/home/whx/Dataset/fungitastic-m/test/720p/2-4169762024.JPG	The background of the fungus is blurred.
/home/whx/Dataset/fungitastic-m/train/720p/0-2238559237.JPG	The background of the fungus is a forest floor with leaves and twigs.
/home/whx/Dataset/fungitastic-m/train/720p/0-2237932258.JPG	A fungus is surrounded by green leaves and brown soil.
/home/whx/Dataset/fungitastic-m/test/720p/0-4465874523.JPG	a fungus on forest floor.
/home/whx/Dataset/fungitastic-m/train/720p/0-2238226493.JPG	The background is plain white.
/home/whx/Dataset/fungitastic-m/train/720p/0-2238151627.JPG	The fungus is shown against a background of grass and trees.
/home/whx/Dataset/fungitastic-m/train/720p/1-3327316318.JPG	A fungus in grass.
/home/whx/Dataset/fungitastic-m/train/720p/0-3327316318.JPG	A fungus on grass.
/home/whx/Dataset/fungitastic-m/train/720p/0-3340163333.JPG	The background is plain white.
/home/whx/Dataset/fungitastic-m/val/720p/1-3894180350.JPG	The background of the fungus is a mix of soil, grass, and decaying organic matter.
/home/whx/Dataset/fungitastic-m/test/720p/4-4465887171.JPG	The background of the fungus is dark.
/home/whx/Dataset/fungitastic-m/val/720p/0-3894180350.JPG	The background of the fungus is a mix of soil, twigs, and green moss.
/home/whx/Dataset/fungitastic-m/train/720p/0-2238348918.JPG	The background of the fungus is a mix of dark, decaying leaves and twigs.
/home/whx/Dataset/fungitastic-m/train/720p/0-2868486306.JPG	The background of the fungus is a mix of soil, small twigs, and green leaves.
/home/whx/Dataset/fungitastic-m/train/720p/2-2425492002.JPG	A fungus is surrounded by green grass and forest debris.
/home/whx/Dataset/fungitastic-m/train/720p/1-2868486306.JPG	The background of the fungus is a mix of soil, leaves, and twigs.
/home/whx/Dataset/fungitastic-m/train/720p/1-2425492002.JPG	The background of the fungus is a mix of green moss, brown leaves, and soil.
/home/whx/Dataset/fungitastic-m/train/720p/2-3358359310.JPG	A fungus rests on forest floor with leaves.
/home/whx/Dataset/fungitastic-m/train/720p/0-2238510243.JPG	The background of the fungus consists of dried leaves and soil.
/home/whx/Dataset/fungitastic-m/val/720p/0-3944340606.JPG	The background of the fungus is a mix of soil, leaves, and twigs.
/home/whx/Dataset/fungitastic-m/test/720p/2-4465880444.JPG	The background of the fungus is a mix of brown and dark brown leaves.
/home/whx/Dataset/fungitastic-m/train/720p/0-2238383808.JPG	a fungus on forest floor with dried leaves.
/home/whx/Dataset/fungitastic-m/test/720p/0-4465888024.JPG	A fungus is surrounded by leaves and soil.
/home/whx/Dataset/fungitastic-m/train/720p/0-2883261303.JPG	The background of the fungus is a forest floor with leaves and twigs.
/home/whx/Dataset/fungitastic-m/train/720p/0-2238340349.JPG	The background of the fungus is a light, granular texture.
/home/whx/Dataset/fungitastic-m/train/720p/0-2874315511.JPG	a fungus on forest floor with brown leaves.
/home/whx/Dataset/fungitastic-m/train/720p/0-2238354049.JPG	A fungus is surrounded by fallen leaves.
/home/whx/Dataset/fungitastic-m/train/720p/0-2238345117.JPG	Fall leaves and twigs.
/home/whx/Dataset/fungitastic-m/train/720p/0-2860312303.JPG	The background consists of forest debris, including twigs, leaves, and pine needles.
/home/whx/Dataset/fungitastic-m/train/720p/0-2237925879.JPG	The background is green and blurred.
/home/whx/Dataset/fungitastic-m/train/720p/0-2864910420.JPG	A fungus grows amidst fallen leaves and tree trunks.
/home/whx/Dataset/fungitastic-m/train/720p/0-2382315190.JPG	A fungus rests on a bed of brown leaves.
/home/whx/Dataset/fungitastic-m/train/720p/1-2417206059.JPG	A fungus grows amidst moss and clover.
/home/whx/Dataset/fungitastic-m/train/720p/0-2417206059.JPG	The background of the fungus is a network of thin, elongated structures.
/home/whx/Dataset/fungitastic-m/train/720p/1-2238521857.JPG	A fungus on a green background.
/home/whx/Dataset/fungitastic-m/train/720p/0-2237944957.JPG	A fungus is surrounded by pine needles and grass.
/home/whx/Dataset/fungitastic-m/train/720p/0-2238457114.JPG	A fungus grows on mossy ground with fallen leaves.
/home/whx/Dataset/fungitastic-m/train/720p/1-2238554752.JPG	A fungus is surrounded by pine needles and moss.
/home/whx/Dataset/fungitastic-m/train/720p/0-2238592075.JPG	The background of the fungus is a forest floor with moss, twigs, and scattered leaves.
/home/whx/Dataset/fungitastic-m/train/720p/1-2860299329.JPG	A fungus is surrounded by green moss.
/home/whx/Dataset/fungitastic-m/train/720p/0-2238504314.JPG	A fungus grows on mossy ground.
/home/whx/Dataset/fungitastic-m/train/720p/0-2238377255.JPG	The background is plain white.
/home/whx/Dataset/fungitastic-m/train/720p/0-2427873372.JPG	Grass and twigs.
/home/whx/Dataset/fungitastic-m/train/720p/2-2238579109.JPG	A fungus on mossy bark.
/home/whx/Dataset/fungitastic-m/train/720p/1-2883269378.JPG	A fungus grows amidst grass and moss.
/home/whx/Dataset/fungitastic-m/test/720p/0-4169772587.JPG	The background of the fungus is a mix of green moss and brown twigs.
/home/whx/Dataset/fungitastic-m/train/720p/0-2238569389.JPG	A fungus on wood.
/home/whx/Dataset/fungitastic-m/train/720p/0-2238521857.JPG	A fungus on a green background.
/home/whx/Dataset/fungitastic-m/train/720p/0-2238298334.JPG	A fungus grows amidst green moss and grass.
/home/whx/Dataset/fungitastic-m/train/720p/1-4847352311.JPG	The background of the fungus is a mix of pine needles, twigs, and fallen leaves.
/home/whx/Dataset/fungitastic-m/test/720p/0-4465877378.JPG	The background is a plain, light-colored surface.
/home/whx/Dataset/fungitastic-m/train/720p/0-2238332517.JPG	A fungus is surrounded by pine needles and grass.
/home/whx/Dataset/fungitastic-m/train/720p/0-2351006813.JPG	A fungus on mossy ground.
/home/whx/Dataset/fungitastic-m/test/720p/0-4465866875.JPG	A fungus is on mossy ground.
/home/whx/Dataset/fungitastic-m/train/720p/0-3332293341.JPG	A fungus is surrounded by green moss.
/home/whx/Dataset/fungitastic-m/train/720p/0-3345606375.JPG	The background of the fungus consists of forest floor debris, including pine cones and clover leaves.
/home/whx/Dataset/fungitastic-m/train/720p/0-2238473618.JPG	A fungus on snow.
/home/whx/Dataset/fungitastic-m/train/720p/0-2383043297.JPG	A fungus is surrounded by moss, lichen, and purple flowers.
/home/whx/Dataset/fungitastic-m/train/720p/0-3332300325.JPG	A fungus lies on mossy forest floor.
/home/whx/Dataset/fungitastic-m/train/720p/0-2238497665.JPG	The background of the fungus is a forest floor with pine needles, moss, and small twigs.
/home/whx/Dataset/fungitastic-m/train/720p/0-2424122532.JPG	A fungus rests on moss.
/home/whx/Dataset/fungitastic-m/train/720p/0-2237963884.JPG	The fungus is on a cardboard background with a ruler for scale.
/home/whx/Dataset/fungitastic-m/train/720p/0-3332298344.JPG	A fungus rests on mossy ground.
/home/whx/Dataset/fungitastic-m/train/720p/0-3340173304.JPG	A fungus is on mossy ground.
/home/whx/Dataset/fungitastic-m/train/720p/0-2238351104.JPG	A fungus on a wooden surface.
/home/whx/Dataset/fungitastic-m/val/720p/1-3916263385.JPG	A fungus in grass.
/home/whx/Dataset/fungitastic-m/train/720p/0-2238473595.JPG	A fungus on a plain white background.
/home/whx/Dataset/fungitastic-m/test/720p/1-4465887449.JPG	The background of the fungus is dark and textured.
/home/whx/Dataset/fungitastic-m/train/720p/1-3343238396.JPG	A fungus on a clear, rectangular glass slide.
/home/whx/Dataset/fungitastic-m/train/720p/6-2238473595.JPG	The background of the fungus is a light, translucent area with scattered small particles.
/home/whx/Dataset/fungitastic-m/val/720p/1-3909144599.JPG	The background of the fungus is a light, uniform white.
/home/whx/Dataset/fungitastic-m/train/720p/3-2238473595.JPG	A fungus on a plain white background.
/home/whx/Dataset/fungitastic-m/test/720p/0-4169758151.JPG	A fungus rests on grass and soil.
/home/whx/Dataset/fungitastic-m/train/720p/0-3380901347.JPG	A fungus is surrounded by green leaves and brown debris.
/home/whx/Dataset/fungitastic-m/train/720p/0-2238476507.JPG	The background of the fungus consists of soil, leaves, and twigs.
/home/whx/Dataset/fungitastic-m/train/720p/0-2821590319.JPG	A fungus is on the ground with grass and leaves.
/home/whx/Dataset/fungitastic-m/train/720p/2-2238351329.JPG	The background of the fungus is soil and fallen leaves.
/home/whx/Dataset/fungitastic-m/train/720p/1-2238351329.JPG	The background of the fungus is a clear, light-colored medium with fine, thread-like structures.
/home/whx/Dataset/fungitastic-m/train/720p/0-2237967735.JPG	A fungus on grass with a pen for scale.
/home/whx/Dataset/fungitastic-m/train/720p/1-4847336512.JPG	A fungus on mossy forest floor.
/home/whx/Dataset/fungitastic-m/val/720p/0-3909139415.JPG	A fungus rests on a bed of dried leaves and twigs.
/home/whx/Dataset/fungitastic-m/train/720p/4-3343238396.JPG	The background of the fungus is a pale, light-colored, possibly beige or cream, with some darker specks and a hint of pinkish-red in the lower right corner.
/home/whx/Dataset/fungitastic-m/train/720p/0-2238382721.JPG	Grass and leaves.
/home/whx/Dataset/fungitastic-m/train/720p/0-2238508287.JPG	The background of the fungus is a bed of dried leaves.
/home/whx/Dataset/fungitastic-m/train/720p/0-2238565864.JPG	The background of the fungus is a mix of soil, small plants, and decaying organic matter.
/home/whx/Dataset/fungitastic-m/train/720p/0-2238567222.JPG	a fungus on forest floor with leaves.
/home/whx/Dataset/fungitastic-m/train/720p/1-3358352382.JPG	A fungus rests on green moss.
/home/whx/Dataset/fungitastic-m/train/720p/0-3410061323.JPG	A fungus rests on a bed of brown autumn leaves.
/home/whx/Dataset/fungitastic-m/val/720p/0-3898075414.JPG	The background of the fungus is a mix of soil, moss, and dried leaves.
/home/whx/Dataset/fungitastic-m/train/720p/0-2238149633.JPG	A fungus rests on mossy ground.
/home/whx/Dataset/fungitastic-m/train/720p/2-2238508030.JPG	A fungus on a wooden surface.
/home/whx/Dataset/fungitastic-m/train/720p/2-2238527652.JPG	A fungus is on a grid background.
/home/whx/Dataset/fungitastic-m/train/720p/0-2238151941.JPG	The fungus is set against a plain white background.
/home/whx/Dataset/fungitastic-m/train/720p/2-2238573546.JPG	A fungus on a concrete surface.
/home/whx/Dataset/fungitastic-m/train/720p/1-2238563473.JPG	A fungus rests on a bed of brown leaves.
/home/whx/Dataset/fungitastic-m/train/720p/1-2251781242.JPG	The background of the fungus is a plain white surface.
/home/whx/Dataset/fungitastic-m/train/720p/1-2238419073.JPG	A fungus is on a grassy, mossy background.
/home/whx/Dataset/fungitastic-m/train/720p/1-2238508754.JPG	A fungus on a wooden surface.
/home/whx/Dataset/fungitastic-m/train/720p/0-2238508316.JPG	A fungus rests on mossy ground.
/home/whx/Dataset/fungitastic-m/train/720p/1-2238495645.JPG	A fungus with a light, speckled background.
/home/whx/Dataset/fungitastic-m/train/720p/1-2238497478.JPG	A fungus is surrounded by grass, pine needles, and soil.
/home/whx/Dataset/fungitastic-m/train/720p/0-2238148671.JPG	A fungus on a wooden surface.
/home/whx/Dataset/fungitastic-m/train/720p/0-3358348303.JPG	A fungus is surrounded by brown leaves and forest floor.
/home/whx/Dataset/fungitastic-m/train/720p/0-3340172332.JPG	A fungus is surrounded by fallen leaves and grass.
/home/whx/Dataset/fungitastic-m/train/720p/1-2620425301.JPG	a fungus on forest floor with dried leaves and grass.
/home/whx/Dataset/fungitastic-m/train/720p/0-3327316354.JPG	The background of the fungus is a forest floor with moss, leaves, and pine needles.
/home/whx/Dataset/fungitastic-m/train/720p/0-2238495628.JPG	The background of the fungus is a light, textured surface with dark specks scattered across it.
/home/whx/Dataset/fungitastic-m/train/720p/0-2331570874.JPG	The background of the fungus consists of forest debris, including leaves and twigs.
/home/whx/Dataset/fungitastic-m/test/720p/1-4465885555.JPG	A fungus on weathered wood.
/home/whx/Dataset/fungitastic-m/train/720p/1-2620427301.JPG	The background of the fungus is a mix of light and dark brown, with some scattered dark spots.
/home/whx/Dataset/fungitastic-m/train/720p/3-3324326311.JPG	A fungus in grass.
/home/whx/Dataset/fungitastic-m/train/720p/0-2238494744.JPG	A fungus is surrounded by brown leaves.
/home/whx/Dataset/fungitastic-m/train/720p/0-2238468176.JPG	The background of the fungus is soil and debris.
/home/whx/Dataset/fungitastic-m/train/720p/0-2238497877.JPG	The background of the fungus appears to be a textured, grayish surface.
/home/whx/Dataset/fungitastic-m/train/720p/0-3392605335.JPG	A fungus is surrounded by pine needles and forest debris.
/home/whx/Dataset/fungitastic-m/train/720p/2-3395928317.JPG	The background of the fungus consists of dried pine needles and twigs.
/home/whx/Dataset/fungitastic-m/train/720p/0-2238438425.JPG	The background of the fungus is a forest floor covered in moss and pine needles.
/home/whx/Dataset/fungitastic-m/train/720p/0-2238348490.JPG	A fungus grows amidst green moss and leaves.
/home/whx/Dataset/fungitastic-m/train/720p/0-2446760159.JPG	The background of the fungus is a forest floor with twigs, leaves, and soil.
/home/whx/Dataset/fungitastic-m/train/720p/0-2238481301.JPG	Green moss and pine needles.
/home/whx/Dataset/fungitastic-m/train/720p/0-2238052763.JPG	A fungus grows amidst green moss and pine needles.
/home/whx/Dataset/fungitastic-m/train/720p/1-2238465317.JPG	The background of the fungus is dark and textured.
/home/whx/Dataset/fungitastic-m/train/720p/0-2425493030.JPG	Green mossy background.
/home/whx/Dataset/fungitastic-m/train/720p/0-3392612447.JPG	The background of the fungus is a light, textured surface.
/home/whx/Dataset/fungitastic-m/test/720p/2-4465904660.JPG	The background of the fungus is a forest floor with brown and green debris.
/home/whx/Dataset/fungitastic-m/train/720p/1-3412515341.JPG	A fungus is surrounded by green moss.
/home/whx/Dataset/fungitastic-m/train/720p/1-2427873533.JPG	The background of the fungus is a forest floor with leaves, twigs, and moss.
/home/whx/Dataset/fungitastic-m/train/720p/0-2238526215.JPG	The background is blurred green.
/home/whx/Dataset/fungitastic-m/train/720p/0-2238191635.JPG	The background of the fungus is a mix of brown and green, likely consisting of dried leaves and grass.
/home/whx/Dataset/fungitastic-m/train/720p/6-3412515341.JPG	A fungus on a metal surface with text and an orange sticker.
/home/whx/Dataset/fungitastic-m/train/720p/0-2898618312.JPG	A fungus lies on grass and fallen leaves.
/home/whx/Dataset/fungitastic-m/train/720p/0-2816371327.JPG	The background of the fungus is a light, translucent surface with a yellowish hue.
/home/whx/Dataset/fungitastic-m/train/720p/0-2238420242.JPG	A fungus on a lichen-covered rock.
/home/whx/Dataset/fungitastic-m/train/720p/0-3395924419.JPG	A fungus on mossy ground.
/home/whx/Dataset/fungitastic-m/train/720p/0-3343246461.JPG	Amber background.
/home/whx/Dataset/fungitastic-m/test/720p/0-4169770554.JPG	A fungus in grass.
/home/whx/Dataset/fungitastic-m/test/720p/0-4465872312.JPG	A fungus in grass.
/home/whx/Dataset/fungitastic-m/test/720p/2-4169769417.JPG	Grass and leaves.
/home/whx/Dataset/fungitastic-m/train/720p/0-3343234451.JPG	A fungus is surrounded by green leaves and grass.
/home/whx/Dataset/fungitastic-m/val/720p/0-3863492332.JPG	A fungus in grass.
/home/whx/Dataset/fungitastic-m/train/720p/2-2816360324.JPG	The background of the fungus is muddy with grass.
/home/whx/Dataset/fungitastic-m/train/720p/1-3343234451.JPG	The background of the fungus is a pale yellow-green.
/home/whx/Dataset/fungitastic-m/test/720p/0-4465866476.JPG	Grass and leaves.
/home/whx/Dataset/fungitastic-m/train/720p/0-2238558527.JPG	A fungus lies on grass.
/home/whx/Dataset/fungitastic-m/val/720p/1-3863492332.JPG	Grass and leaves.
/home/whx/Dataset/fungitastic-m/train/720p/1-3320497308.JPG	A fungus in grass.
/home/whx/Dataset/fungitastic-m/train/720p/0-4847352189.JPG	A fungus is surrounded by grass and fallen leaves.
/home/whx/Dataset/fungitastic-m/train/720p/0-3070932306.JPG	A fungus on a green surface.
/home/whx/Dataset/fungitastic-m/test/720p/1-4465892708.JPG	A fungus in grass and leaves.
/home/whx/Dataset/fungitastic-m/test/720p/5-4465875050.JPG	The background of the fungus is a mix of dry leaves and grass.
/home/whx/Dataset/fungitastic-m/test/720p/3-4465863035.JPG	The background of the fungus is a mix of green moss and brown earth.
/home/whx/Dataset/fungitastic-m/val/720p/0-3925716303.JPG	A fungus rests on autumn leaves and twigs.
/home/whx/Dataset/fungitastic-m/test/720p/1-4465877058.JPG	The background of the fungus is a pale, uniform yellow.
/home/whx/Dataset/fungitastic-m/test/720p/5-4465876841.JPG	A fungus is surrounded by dry leaves, twigs, and grass.
/home/whx/Dataset/fungitastic-m/test/720p/0-4465871335.JPG	A fungus on forest floor with pine needles and moss.
/home/whx/Dataset/fungitastic-m/val/720p/1-3925716303.JPG	A fungus is surrounded by soil, leaves, and grass.
/home/whx/Dataset/fungitastic-m/train/720p/1-3424509320.JPG	A fungus is resting on a reflective, metallic surface.
/home/whx/Dataset/fungitastic-m/test/720p/2-4465881101.JPG	A fungus is surrounded by moss, leaves, and twigs.
/home/whx/Dataset/fungitastic-m/train/720p/0-3412509311.JPG	Fall leaves.
/home/whx/Dataset/fungitastic-m/test/720p/0-4465882369.JPG	The background of the fungus is a mix of dried leaves, twigs, and soil.
/home/whx/Dataset/fungitastic-m/train/720p/0-2238329327.JPG	A fungus is surrounded by brown leaves and a piece of wood.
/home/whx/Dataset/fungitastic-m/test/720p/0-4465875422.JPG	Grass and clover.
/home/whx/Dataset/fungitastic-m/train/720p/0-2238426720.JPG	A fungus grows amidst grass and fallen leaves.
/home/whx/Dataset/fungitastic-m/train/720p/0-2238578277.JPG	The background of the fungus consists of autumn leaves and twigs.
/home/whx/Dataset/fungitastic-m/train/720p/0-2575117789.JPG	The background consists of dried leaves and soil.
/home/whx/Dataset/fungitastic-m/train/720p/1-2238394337.JPG	A fungus is on a wooden surface.
/home/whx/Dataset/fungitastic-m/train/720p/0-2898627314.JPG	The background of the fungus is a mix of green moss, brown leaves, and soil.
/home/whx/Dataset/fungitastic-m/val/720p/0-3925714823.JPG	The background of the fungus is dark and earthy, with some green foliage and brown debris.
/home/whx/Dataset/fungitastic-m/train/720p/2-2831357310.JPG	Grassy field with green leaves.
/home/whx/Dataset/fungitastic-m/train/720p/0-2238115983.JPG	The background is plain white.
/home/whx/Dataset/fungitastic-m/val/720p/1-3899715309.JPG	The background of the fungus is dense green foliage.
/home/whx/Dataset/fungitastic-m/train/720p/1-2831357310.JPG	A fungus in grass and leaves.
/home/whx/Dataset/fungitastic-m/val/720p/0-3899715309.JPG	A fungus in grass.
/home/whx/Dataset/fungitastic-m/train/720p/2-2238529228.JPG	A fungus is displayed on a grid-patterned background.
/home/whx/Dataset/fungitastic-m/test/720p/4-4465876763.JPG	The background of the fungus is green and grassy.
/home/whx/Dataset/fungitastic-m/val/720p/1-3964843629.JPG	A fungus on a wooden surface.
/home/whx/Dataset/fungitastic-m/test/720p/1-4465876763.JPG	The background is plain white.
/home/whx/Dataset/fungitastic-m/train/720p/0-2831358310.JPG	The background of the fungus is grassy with some moss.
/home/whx/Dataset/fungitastic-m/train/720p/0-2351007936.JPG	A fungus on a green surface.
/home/whx/Dataset/fungitastic-m/train/720p/0-2238217521.JPG	A fungus on a wooden surface.
/home/whx/Dataset/fungitastic-m/train/720p/0-2238471992.JPG	A fungus lies on grass.
/home/whx/Dataset/fungitastic-m/train/720p/0-2382324995.JPG	a fungus on forest floor with dried leaves.
/home/whx/Dataset/fungitastic-m/train/720p/1-2238429071.JPG	The background is a light, textured surface.
/home/whx/Dataset/fungitastic-m/train/720p/3-2238383166.JPG	A fungus on a weathered log.
/home/whx/Dataset/fungitastic-m/train/720p/0-3327300327.JPG	A fungus rests on grass.
/home/whx/Dataset/fungitastic-m/train/720p/3-2238472251.JPG	The background of the fungus is a light, cloudy, and somewhat blurry environment.
/home/whx/Dataset/fungitastic-m/train/720p/2-3324323311.JPG	A fungus lies in grass.
/home/whx/Dataset/fungitastic-m/train/720p/0-2238472251.JPG	A fungus on a white surface.
/home/whx/Dataset/fungitastic-m/test/720p/1-4465862105.JPG	A fungus on a plain, light surface.
/home/whx/Dataset/fungitastic-m/train/720p/1-2238381425.JPG	A fungus on a wooden surface.
/home/whx/Dataset/fungitastic-m/test/720p/0-4169764967.JPG	A fungus in grass with leaves.
/home/whx/Dataset/fungitastic-m/train/720p/0-2238557273.JPG	A fungus is on grass.
/home/whx/Dataset/fungitastic-m/train/720p/0-2238473514.JPG	A fungus on grass.
/home/whx/Dataset/fungitastic-m/train/720p/1-3324323311.JPG	The background of the fungus is a pale, light yellowish hue with scattered small particles.
/home/whx/Dataset/fungitastic-m/train/720p/1-2238546432.JPG	A fungus is surrounded by green moss and brown leaves.
/home/whx/Dataset/fungitastic-m/train/720p/2-2237861282.JPG	A fungus stands amidst green moss and fallen branches.
/home/whx/Dataset/fungitastic-m/train/720p/1-3113017319.JPG	The background of the fungus is a light, uniform gray.
/home/whx/Dataset/fungitastic-m/train/720p/0-2237862652.JPG	A fungus is surrounded by green moss and pine needles.
/home/whx/Dataset/fungitastic-m/train/720p/3-2237861282.JPG	A fungus grows on moss-covered ground.
/home/whx/Dataset/fungitastic-m/train/720p/0-2238490350.JPG	The background of the fungus is a green, mossy surface with pine needles.
/home/whx/Dataset/fungitastic-m/train/720p/2-2238490477.JPG	A fungus grows amidst moss and twigs.
/home/whx/Dataset/fungitastic-m/train/720p/1-3052849301.JPG	A fungus grows on moss-covered wood.
/home/whx/Dataset/fungitastic-m/test/720p/0-4100108892.JPG	A fungus is surrounded by moss, leaves, and decaying wood.
/home/whx/Dataset/fungitastic-m/train/720p/2-3113013333.JPG	The background of the fungus is a light, speckled area.
/home/whx/Dataset/fungitastic-m/val/720p/0-3735647321.JPG	A fungus is nestled among green moss and decaying wood.
/home/whx/Dataset/fungitastic-m/val/720p/0-3795095316.JPG	Mossy forest floor.
/home/whx/Dataset/fungitastic-m/train/720p/2-2238490866.JPG	A fungus grows on moss-covered ground.
/home/whx/Dataset/fungitastic-m/train/720p/0-2575122919.JPG	The background of the fungus is a mix of brown leaves and green moss.
/home/whx/Dataset/fungitastic-m/val/720p/0-3795120320.JPG	A fungus grows amidst moss and grass.
/home/whx/Dataset/fungitastic-m/train/720p/1-2238446999.JPG	A fungus grows on mossy ground.
/home/whx/Dataset/fungitastic-m/train/720p/2-4847334631.JPG	A fungus rests on green moss.
/home/whx/Dataset/fungitastic-m/val/720p/1-3887946323.JPG	A fungus rests on mossy ground.
/home/whx/Dataset/fungitastic-m/train/720p/0-3332305334.JPG	The background of the fungus consists of brown, decayed leaves and twigs.
/home/whx/Dataset/fungitastic-m/train/720p/3-2238473719.JPG	The background is white.
/home/whx/Dataset/fungitastic-m/train/720p/0-2238065853.JPG	The background of the fungus is a white surface.
/home/whx/Dataset/fungitastic-m/train/720p/0-3329720304.JPG	A fungus on a wooden surface.
/home/whx/Dataset/fungitastic-m/train/720p/0-2238561798.JPG	A fungus rests on forest floor with fallen leaves and twigs.
/home/whx/Dataset/fungitastic-m/test/720p/0-4465867385.JPG	A fungus on a wooden surface.
/home/whx/Dataset/fungitastic-m/test/720p/0-4465878204.JPG	The background of the fungus is a mix of dry leaves, twigs, and soil.
/home/whx/Dataset/fungitastic-m/train/720p/0-2238195895.JPG	A fungus against a teal background.
/home/whx/Dataset/fungitastic-m/train/720p/0-2898629411.JPG	A fungus rests on autumn leaves.
/home/whx/Dataset/fungitastic-m/train/720p/2-3410063325.JPG	The background of the fungus is a mix of brown leaves and soil.
/home/whx/Dataset/fungitastic-m/train/720p/0-3345597432.JPG	A fungus rests on a bed of dried leaves and soil.
/home/whx/Dataset/fungitastic-m/train/720p/1-3332305334.JPG	The background of the fungus is a mix of brown and green debris, including leaves and pine needles.
/home/whx/Dataset/fungitastic-m/train/720p/1-2238473719.JPG	A fungus rests on a bed of wet, brown leaves.
/home/whx/Dataset/fungitastic-m/train/720p/1-4847340303.JPG	A fungus on a green fabric.
/home/whx/Dataset/fungitastic-m/train/720p/3-3386479395.JPG	A fungus is surrounded by green moss and grass.
/home/whx/Dataset/fungitastic-m/train/720p/0-2238579058.JPG	A fungus in a mossy, pine needle-filled forest floor.
/home/whx/Dataset/fungitastic-m/train/720p/2-3386484370.JPG	A fungus is surrounded by green moss and pine needles.
/home/whx/Dataset/fungitastic-m/val/720p/3-3948715471.JPG	A fungus on a tree trunk with blurred background.
/home/whx/Dataset/fungitastic-m/train/720p/1-3392612384.JPG	The background of the fungus consists of wet leaves, pine needles, and moss.
/home/whx/Dataset/fungitastic-m/train/720p/1-2413149602.JPG	The background of the fungus is a forest floor with dry leaves, twigs, and soil.
/home/whx/Dataset/fungitastic-m/train/720p/1-2898624460.JPG	A fungus is surrounded by green moss and grass.
/home/whx/Dataset/fungitastic-m/train/720p/0-2238456704.JPG	The background is white.
/home/whx/Dataset/fungitastic-m/train/720p/1-2964206306.JPG	A fungus is surrounded by green moss and brown twigs.
/home/whx/Dataset/fungitastic-m/train/720p/1-2901948568.JPG	A fungus grows on moss.
/home/whx/Dataset/fungitastic-m/train/720p/0-2238523080.JPG	A fungus on a textured surface.
/home/whx/Dataset/fungitastic-m/train/720p/0-2421823941.JPG	The background of the fungus is a forest floor with leaves, twigs, and pine needles.
/home/whx/Dataset/fungitastic-m/train/720p/1-3392615452.JPG	Green moss and pine needles.
/home/whx/Dataset/fungitastic-m/train/720p/0-3382558440.JPG	Fall leaves and pine needles.
/home/whx/Dataset/fungitastic-m/test/720p/1-4465886087.JPG	Dry twigs and grass.
/home/whx/Dataset/fungitastic-m/train/720p/0-3386487347.JPG	A fungus is surrounded by dried leaves and pine needles.
/home/whx/Dataset/fungitastic-m/test/720p/1-4465862000.JPG	A fungus rests on green grass.
/home/whx/Dataset/fungitastic-m/train/720p/4-2862690402.JPG	A fungus in a forest setting.
/home/whx/Dataset/fungitastic-m/train/720p/0-2238054194.JPG	Green grass.
/home/whx/Dataset/fungitastic-m/train/720p/4-3340175381.JPG	A fungus is held against a backdrop of asphalt and grass.
/home/whx/Dataset/fungitastic-m/train/720p/0-2238147264.JPG	A fungus lies on forest floor, surrounded by grass and fallen leaves.
/home/whx/Dataset/fungitastic-m/test/720p/1-4465862171.JPG	A fungus grows amidst green grass and small plants.
/home/whx/Dataset/fungitastic-m/train/720p/2-2864909413.JPG	The background of the fungus is muddy and grassy.
/home/whx/Dataset/fungitastic-m/test/720p/4-4465874468.JPG	A fungus lies on grass.
/home/whx/Dataset/fungitastic-m/train/720p/0-3340175381.JPG	A fungus is held against a backdrop of asphalt and greenery.
/home/whx/Dataset/fungitastic-m/train/720p/0-2864909413.JPG	The background of the fungus is dark and earthy.
/home/whx/Dataset/fungitastic-m/train/720p/0-3355980302.JPG	A fungus is surrounded by grass and soil.
/home/whx/Dataset/fungitastic-m/test/720p/3-4465898225.JPG	A fungus rests on green foliage near a concrete wall.
/home/whx/Dataset/fungitastic-m/val/720p/0-3909145520.JPG	A fungus rests on a bed of grass and fallen leaves.
/home/whx/Dataset/fungitastic-m/train/720p/0-2294394911.JPG	A fungus is surrounded by soil, grass, and fallen leaves.
/home/whx/Dataset/fungitastic-m/val/720p/0-3916262443.JPG	A fungus rests on wet, autumn leaves.
/home/whx/Dataset/fungitastic-m/train/720p/0-2237913021.JPG	A fungus rests on a reflective surface.
/home/whx/Dataset/fungitastic-m/train/720p/0-3382564383.JPG	The background of the fungus appears to be a light, frothy, and slightly granular texture.
/home/whx/Dataset/fungitastic-m/train/720p/0-2237943174.JPG	A fungus on mossy ground.
/home/whx/Dataset/fungitastic-m/train/720p/0-2238451254.JPG	A fungus grows on moss-covered wood.
/home/whx/Dataset/fungitastic-m/train/720p/0-2238404121.JPG	The background consists of dried grass and twigs.
/home/whx/Dataset/fungitastic-m/train/720p/2-2238459324.JPG	A fungus is surrounded by dense, green moss.
/home/whx/Dataset/fungitastic-m/val/720p/2-3916266564.JPG	A fungus is surrounded by moss and grass.
/home/whx/Dataset/fungitastic-m/train/720p/2-2430665019.JPG	A fungus grows on mossy bark, with blurred grass and leaves in the background.
/home/whx/Dataset/fungitastic-m/train/720p/1-2238534145.JPG	The background is blurred green.
/home/whx/Dataset/fungitastic-m/val/720p/0-3922621632.JPG	A fungus grows amidst green moss.
/home/whx/Dataset/fungitastic-m/train/720p/3-2238472308.JPG	The background of the fungus is mossy.
/home/whx/Dataset/fungitastic-m/val/720p/0-3922625735.JPG	A fungus on a dark, weathered log.
/home/whx/Dataset/fungitastic-m/train/720p/0-2238457895.JPG	The background of the fungus is a light, blurry, and speckled area.
/home/whx/Dataset/fungitastic-m/train/720p/0-2521519244.JPG	The background of the fungus is a light, blurry, and granular texture.
/home/whx/Dataset/fungitastic-m/test/720p/0-4465900564.JPG	A fungus grows on moss-covered bark.
/home/whx/Dataset/fungitastic-m/train/720p/0-3052845305.JPG	A fungus grows on a tree trunk.
/home/whx/Dataset/fungitastic-m/test/720p/2-4465895578.JPG	A fungus grows on mossy ground.
/home/whx/Dataset/fungitastic-m/train/720p/2-3327310307.JPG	The background of the fungus is a mix of soil, leaves, and twigs.
/home/whx/Dataset/fungitastic-m/train/720p/1-2238555593.JPG	Grass and soil.
/home/whx/Dataset/fungitastic-m/train/720p/1-3345611322.JPG	A fungus is nestled among moss and fallen leaves.
/home/whx/Dataset/fungitastic-m/train/720p/2-2831344306.JPG	Grass and leaves.
/home/whx/Dataset/fungitastic-m/train/720p/1-2831344306.JPG	Grass and dried leaves.
/home/whx/Dataset/fungitastic-m/train/720p/1-3332301314.JPG	A fungus rests on grass and soil.
/home/whx/Dataset/fungitastic-m/train/720p/0-2238472405.JPG	A fungus on a white surface.
/home/whx/Dataset/fungitastic-m/train/720p/2-3340171360.JPG	A fungus in grass.
/home/whx/Dataset/fungitastic-m/train/720p/3-3340171360.JPG	A fungus on a textured gray surface.
/home/whx/Dataset/fungitastic-m/train/720p/0-2238472338.JPG	The background of the fungus consists of dried leaves and soil.
/home/whx/Dataset/fungitastic-m/train/720p/0-2238220918.JPG	A fungus is surrounded by grass and fallen leaves.
/home/whx/Dataset/fungitastic-m/val/720p/1-3944343713.JPG	A fungus on a wooden surface.
/home/whx/Dataset/fungitastic-m/test/720p/0-4465861444.JPG	The background of the fungus is a mix of dark, decaying leaves and twigs.
/home/whx/Dataset/fungitastic-m/train/720p/1-2237962501.JPG	A fungus on a wooden surface with a ruler in the background.
/home/whx/Dataset/fungitastic-m/train/720p/2-3327310335.JPG	A fungus rests on grass.
/home/whx/Dataset/fungitastic-m/val/720p/0-3948716461.JPG	Grass and clover.
/home/whx/Dataset/fungitastic-m/test/720p/0-4465893971.JPG	A fungus rests on moss-covered ground.
/home/whx/Dataset/fungitastic-m/train/720p/0-2984627320.JPG	A fungus is surrounded by fallen leaves and moss.
/home/whx/Dataset/fungitastic-m/train/720p/0-4847344448.JPG	A fungus on a wooden surface with a newspaper in the background.
/home/whx/Dataset/fungitastic-m/train/720p/0-2238084270.JPG	A fungus is placed on a newspaper.
/home/whx/Dataset/fungitastic-m/test/720p/2-4465886091.JPG	The background of the fungus is a light, cloudy white.
/home/whx/Dataset/fungitastic-m/train/720p/0-2238476910.JPG	A fungus is surrounded by green moss and dry grass.
/home/whx/Dataset/fungitastic-m/train/720p/0-4847350397.JPG	A fungus is surrounded by green moss and pine needles.
/home/whx/Dataset/fungitastic-m/train/720p/0-2238484267.JPG	A fungus on a wooden surface.
/home/whx/Dataset/fungitastic-m/train/720p/0-2238176395.JPG	A fungus on a wooden surface.
/home/whx/Dataset/fungitastic-m/train/720p/0-3410044340.JPG	A fungus rests on moss.
/home/whx/Dataset/fungitastic-m/train/720p/1-2238179429.JPG	A fungus on a wooden surface.
/home/whx/Dataset/fungitastic-m/train/720p/0-3340167432.JPG	A fungus is surrounded by green moss and grass.
/home/whx/Dataset/fungitastic-m/val/720p/0-3948709549.JPG	A fungus rests on moss.
/home/whx/Dataset/fungitastic-m/test/720p/1-4465901508.JPG	The background of the fungus is a light, textured surface.
/home/whx/Dataset/fungitastic-m/val/720p/0-3970594410.JPG	A fungus rests on mossy forest floor.
/home/whx/Dataset/fungitastic-m/train/720p/0-2238066898.JPG	The background of the fungus is a white plate with a wooden surface.
/home/whx/Dataset/fungitastic-m/test/720p/1-4465878814.JPG	A fungus is surrounded by fallen leaves and green moss.
/home/whx/Dataset/fungitastic-m/train/720p/0-2238435435.JPG	A fungus in grass.
/home/whx/Dataset/fungitastic-m/train/720p/1-3332302305.JPG	A fungus is surrounded by fallen leaves and moss.
/home/whx/Dataset/fungitastic-m/train/720p/0-2238161924.JPG	A fungus rests on a bed of small, grayish stones.
/home/whx/Dataset/fungitastic-m/train/720p/0-2238162227.JPG	A fungus on a tree stump.
/home/whx/Dataset/fungitastic-m/train/720p/1-4847352103.JPG	The background of the fungus is a textured, purplish surface with scattered debris.
/home/whx/Dataset/fungitastic-m/val/720p/1-3828298307.JPG	A fungus rests on a bed of dried leaves and twigs.
/home/whx/Dataset/fungitastic-m/train/720p/0-4847352103.JPG	The background of the fungus consists of dried leaves and soil.
/home/whx/Dataset/fungitastic-m/train/720p/1-2237958905.JPG	A fungus is held against a backdrop of green foliage and a stone path.
/home/whx/Dataset/fungitastic-m/train/720p/1-2238506894.JPG	A fungus is surrounded by fallen leaves and clover.
/home/whx/Dataset/fungitastic-m/train/720p/0-2238585666.JPG	A fungus on a wooden surface.
/home/whx/Dataset/fungitastic-m/train/720p/4-2812983305.JPG	A fungus on a textured white surface.
/home/whx/Dataset/fungitastic-m/train/720p/1-4847338336.JPG	The background of the fungus is a gray, textured surface.
/home/whx/Dataset/fungitastic-m/train/720p/0-2238149243.JPG	A fungus on a wooden surface.
/home/whx/Dataset/fungitastic-m/train/720p/1-2238419154.JPG	A fungus on a white surface.
/home/whx/Dataset/fungitastic-m/train/720p/1-3380890380.JPG	A fungus rests on a bed of leaves and grass.
/home/whx/Dataset/fungitastic-m/train/720p/0-2238522635.JPG	A fungus is placed on a white surface.
/home/whx/Dataset/fungitastic-m/val/720p/0-3970587411.JPG	Grassy background.
/home/whx/Dataset/fungitastic-m/train/720p/0-2238525764.JPG	A fungus on sandy ground.
/home/whx/Dataset/fungitastic-m/train/720p/1-2989726330.JPG	A fungus is on moss.
/home/whx/Dataset/fungitastic-m/train/720p/0-2238528284.JPG	A fungus is surrounded by green moss and grass.
/home/whx/Dataset/fungitastic-m/train/720p/0-2989726330.JPG	Green, blurred grass.
/home/whx/Dataset/fungitastic-m/train/720p/2-2238400595.JPG	The background is plain white.
/home/whx/Dataset/fungitastic-m/train/720p/0-3392614301.JPG	A fungus grows amidst green moss and grass.
/home/whx/Dataset/fungitastic-m/val/720p/0-3964840445.JPG	A fungus on mossy ground.
/home/whx/Dataset/fungitastic-m/train/720p/1-2238522635.JPG	A fungus is on a white surface.
/home/whx/Dataset/fungitastic-m/test/720p/0-4465889251.JPG	A fungus is surrounded by green moss and forest debris.
/home/whx/Dataset/fungitastic-m/train/720p/1-3412512393.JPG	The background of the fungus is a mix of soil, grass, and twigs.
/home/whx/Dataset/fungitastic-m/test/720p/0-4465899209.JPG	Green grass and leaves.
/home/whx/Dataset/fungitastic-m/test/720p/0-4465900026.JPG	A fungus grows amidst green moss and grass.
/home/whx/Dataset/fungitastic-m/test/720p/1-4465888247.JPG	A fungus grows amidst grass and moss.
/home/whx/Dataset/fungitastic-m/test/720p/0-4465869343.JPG	A fungus in a green, leafy environment.
/home/whx/Dataset/fungitastic-m/train/720p/0-2238339676.JPG	A fungus rests on a bed of dried leaves.
/home/whx/Dataset/fungitastic-m/train/720p/1-2238514482.JPG	A fungus rests on a bed of brown leaves and twigs.
/home/whx/Dataset/fungitastic-m/train/720p/1-2864916441.JPG	A fungus on a white paper against a wooden surface.
/home/whx/Dataset/fungitastic-m/train/720p/1-2901949570.JPG	A fungus rests on a weathered, dark wooden surface.
/home/whx/Dataset/fungitastic-m/train/720p/0-3406478377.JPG	The background of the fungus is a mix of soil, leaves, and small rocks.
/home/whx/Dataset/fungitastic-m/train/720p/2-3340166361.JPG	A fungus rests on a bed of moss and pine needles.
/home/whx/Dataset/fungitastic-m/train/720p/0-2238179516.JPG	a fungus on forest floor with fallen leaves.
/home/whx/Dataset/fungitastic-m/test/720p/0-4169769528.JPG	A fungus in grass.
/home/whx/Dataset/fungitastic-m/test/720p/3-4465890712.JPG	The background of the fungus is a light, blurry, and uniform white.
/home/whx/Dataset/fungitastic-m/train/720p/2-2238500712.JPG	A fungus rests on moss and pine needles.
/home/whx/Dataset/fungitastic-m/train/720p/1-2424123101.JPG	A fungus lies on a bed of brown and green leaves.
/home/whx/Dataset/fungitastic-m/train/720p/0-2238525975.JPG	The fungus is on a white surface.
/home/whx/Dataset/fungitastic-m/train/720p/0-2238559065.JPG	A fungus rests on a bed of dried leaves.
/home/whx/Dataset/fungitastic-m/val/720p/0-3925712796.JPG	A fungus is surrounded by green foliage and fallen leaves.
/home/whx/Dataset/fungitastic-m/train/720p/0-2251781244.JPG	A fungus rests on a bed of pine needles and moss.
/home/whx/Dataset/fungitastic-m/train/720p/0-2901949570.JPG	A fungus rests on autumn leaves.
/home/whx/Dataset/fungitastic-m/train/720p/8-2251781243.JPG	A fungus in grass.
/home/whx/Dataset/fungitastic-m/train/720p/1-2883271374.JPG	The background of the fungus is a mix of green leaves and brown twigs.
/home/whx/Dataset/fungitastic-m/train/720p/0-2238349053.JPG	The background of the fungus is a mix of green moss, brown twigs, and dried leaves.
/home/whx/Dataset/fungitastic-m/train/720p/0-2251781243.JPG	The fungus is on a textured, dark surface.
/home/whx/Dataset/fungitastic-m/train/720p/0-2238181805.JPG	A fungus is surrounded by grass and moss.
/home/whx/Dataset/fungitastic-m/train/720p/0-2238479685.JPG	The background of the fungus is a textured, light brown surface.
/home/whx/Dataset/fungitastic-m/train/720p/0-2238402390.JPG	A fungus on a grid background.
/home/whx/Dataset/fungitastic-m/train/720p/1-2238357005.JPG	A fungus on a wooden surface.
/home/whx/Dataset/fungitastic-m/val/720p/2-3944339400.JPG	Fall leaves and forest floor.
/home/whx/Dataset/fungitastic-m/train/720p/0-2238527727.JPG	The background of the fungus is a light, uniform color.
/home/whx/Dataset/fungitastic-m/train/720p/0-4847342553.JPG	A fungus is surrounded by green plants and sandy ground.
/home/whx/Dataset/fungitastic-m/val/720p/2-3968579404.JPG	A fungus is surrounded by grass and moss.
/home/whx/Dataset/fungitastic-m/train/720p/4-2251781243.JPG	A fungus on a metallic surface.
/home/whx/Dataset/fungitastic-m/test/720p/0-4465903663.JPG	A fungus is surrounded by green moss and grass.
/home/whx/Dataset/fungitastic-m/test/720p/1-4465906669.JPG	A fungus is surrounded by moss and grass.
/home/whx/Dataset/fungitastic-m/val/720p/0-3968579404.JPG	The background of the fungus is a forested area with trees and grass.
/home/whx/Dataset/fungitastic-m/train/720p/0-3327310314.JPG	A fungus lies on green grass.
/home/whx/Dataset/fungitastic-m/train/720p/0-2238469719.JPG	Grass and soil.
/home/whx/Dataset/fungitastic-m/train/720p/0-2332528112.JPG	Grass and soil.
/home/whx/Dataset/fungitastic-m/train/720p/0-2238502211.JPG	A fungus in grass.
/home/whx/Dataset/fungitastic-m/train/720p/0-2238498286.JPG	Grass and leaves.
/home/whx/Dataset/fungitastic-m/train/720p/4-2413148150.JPG	Grass and soil.
/home/whx/Dataset/fungitastic-m/train/720p/0-2862699425.JPG	The background is a plain, light-colored surface.
/home/whx/Dataset/fungitastic-m/train/720p/0-3414830337.JPG	The background is a light, uniform gray.
/home/whx/Dataset/fungitastic-m/train/720p/2-2238219679.JPG	Grass and leaves.
/home/whx/Dataset/fungitastic-m/test/720p/1-4169763927.JPG	A fungus rests on a bed of dried leaves.
/home/whx/Dataset/fungitastic-m/train/720p/1-2238160856.JPG	A fungus on a white surface.
/home/whx/Dataset/fungitastic-m/train/720p/1-2238219679.JPG	Grass.
/home/whx/Dataset/fungitastic-m/train/720p/0-2821588335.JPG	Grass and soil.
/home/whx/Dataset/fungitastic-m/train/720p/1-2238556739.JPG	A fungus in grass.
/home/whx/Dataset/fungitastic-m/train/720p/0-3324329333.JPG	Grassy background.
/home/whx/Dataset/fungitastic-m/train/720p/0-2238495944.JPG	A fungus is surrounded by green grass and small plants.
/home/whx/Dataset/fungitastic-m/train/720p/0-2238127521.JPG	The background is plain white.
/home/whx/Dataset/fungitastic-m/train/720p/0-2427873400.JPG	A fungus rests on a bed of fallen leaves.
/home/whx/Dataset/fungitastic-m/val/720p/0-3922622434.JPG	The background of the fungus is a mix of soil, grass, and dried leaves.
/home/whx/Dataset/fungitastic-m/train/720p/1-2421822784.JPG	A fungus is surrounded by dried leaves and twigs.
/home/whx/Dataset/fungitastic-m/val/720p/1-3964847367.JPG	A fungus on a log, with green foliage in the background.
/home/whx/Dataset/fungitastic-m/train/720p/2-2608811806.JPG	A fungus rests on a bed of pine needles.
/home/whx/Dataset/fungitastic-m/test/720p/0-4465892031.JPG	The background consists of dried leaves and grass.
/home/whx/Dataset/fungitastic-m/train/720p/0-2465025945.JPG	The background of the fungus is a mix of soil, pine needles, and green leaves.
/home/whx/Dataset/fungitastic-m/val/720p/4-3964847367.JPG	A fungus on a decaying log.
/home/whx/Dataset/fungitastic-m/val/720p/0-3913250695.JPG	A fungus on a dark fabric surface.
/home/whx/Dataset/fungitastic-m/train/720p/1-2238358328.JPG	A fungus on a wooden surface.
/home/whx/Dataset/fungitastic-m/train/720p/0-2238355887.JPG	The background of the fungus consists of forest debris, including twigs, leaves, and moss.
/home/whx/Dataset/fungitastic-m/val/720p/2-3913250695.JPG	A fungus rests on a dark surface with grass in the background.
/home/whx/Dataset/fungitastic-m/train/720p/1-2238181631.JPG	A fungus on a white surface.
/home/whx/Dataset/fungitastic-m/val/720p/3-3913250695.JPG	A fungus is surrounded by grass and moss.
/home/whx/Dataset/fungitastic-m/train/720p/1-2608811806.JPG	A fungus is surrounded by pine needles and twigs.
/home/whx/Dataset/fungitastic-m/test/720p/0-4465889164.JPG	A fungus in grass and clover.
/home/whx/Dataset/fungitastic-m/train/720p/1-2238180287.JPG	A fungus on a metallic surface.
/home/whx/Dataset/fungitastic-m/train/720p/0-2238482459.JPG	Grass and soil.
/home/whx/Dataset/fungitastic-m/val/720p/1-3922625440.JPG	A fungus on a wooden surface.
/home/whx/Dataset/fungitastic-m/train/720p/0-3382559360.JPG	A fungus in grass and moss.
/home/whx/Dataset/fungitastic-m/train/720p/3-2238518637.JPG	A fungus is on a grid background.
/home/whx/Dataset/fungitastic-m/val/720p/3-3964845343.JPG	A fungus rests on green grass and small plants.
/home/whx/Dataset/fungitastic-m/train/720p/1-2898633339.JPG	The background of the fungus is grassy and earthy.
/home/whx/Dataset/fungitastic-m/train/720p/0-2238180287.JPG	The background of the fungus is a mix of green grass, moss, and soil.
/home/whx/Dataset/fungitastic-m/train/720p/1-2238183058.JPG	A fungus is on a white surface with a ruler in the background.
/home/whx/Dataset/fungitastic-m/train/720p/3-3018966315.JPG	Grass and soil.
/home/whx/Dataset/fungitastic-m/train/720p/0-3382573454.JPG	A fungus is surrounded by grass and soil.
/home/whx/Dataset/fungitastic-m/train/720p/0-2238446377.JPG	Grassy background.
/home/whx/Dataset/fungitastic-m/test/720p/1-4465889164.JPG	A fungus in grass and clover.
/home/whx/Dataset/fungitastic-m/train/720p/0-2238174617.JPG	A fungus in grass.
/home/whx/Dataset/fungitastic-m/train/720p/4-2883267306.JPG	Green grass and leaves.
/home/whx/Dataset/fungitastic-m/test/720p/1-4169763207.JPG	The background of the fungus is grass.
/home/whx/Dataset/fungitastic-m/train/720p/3-2449443345.JPG	Grass and leaves.
/home/whx/Dataset/fungitastic-m/test/720p/4-4465875803.JPG	Green grass.
/home/whx/Dataset/fungitastic-m/val/720p/3-3948712424.JPG	Grassy background.
/home/whx/Dataset/fungitastic-m/train/720p/1-2449443345.JPG	Grass and leaves.
/home/whx/Dataset/fungitastic-m/test/720p/1-4465867893.JPG	A fungus in grass.
/home/whx/Dataset/fungitastic-m/train/720p/0-2238500096.JPG	The background is dark.
/home/whx/Dataset/fungitastic-m/train/720p/2-2430665980.JPG	A fungus lies on grass.
/home/whx/Dataset/fungitastic-m/train/720p/1-2238335114.JPG	A fungus grows amidst forest debris and green foliage.
/home/whx/Dataset/fungitastic-m/test/720p/0-4465876703.JPG	Green grass, trees.
/home/whx/Dataset/fungitastic-m/test/720p/0-4465863803.JPG	A fungus with a white cap and stem, held in a hand, with green foliage and a paved path in the background.
/home/whx/Dataset/fungitastic-m/train/720p/1-2984615369.JPG	The background of the fungus is dark and leafy.
/home/whx/Dataset/fungitastic-m/train/720p/1-2238404438.JPG	a fungus on grass.
/home/whx/Dataset/fungitastic-m/train/720p/2-2427872331.JPG	The fungus is on a crumpled piece of parchment paper.
/home/whx/Dataset/fungitastic-m/test/720p/0-4465860993.JPG	The background of the fungus is a light, cloudy, and somewhat translucent matrix.
/home/whx/Dataset/fungitastic-m/train/720p/0-3355969394.JPG	A fungus is surrounded by fallen leaves and twigs on the forest floor.
/home/whx/Dataset/fungitastic-m/train/720p/0-3345609425.JPG	The background of the fungus is a forest floor with scattered leaves, twigs, and acorns.
/home/whx/Dataset/fungitastic-m/train/720p/0-2818080321.JPG	The background of the fungus is dark and soil-like.
/home/whx/Dataset/fungitastic-m/train/720p/0-2238473016.JPG	The background of the fungus consists of grass and fallen leaves.
/home/whx/Dataset/fungitastic-m/train/720p/0-3334596390.JPG	A fungus in grass.
/home/whx/Dataset/fungitastic-m/train/720p/0-3336958398.JPG	The background of the fungus is a forest floor with leaves and soil.
/home/whx/Dataset/fungitastic-m/train/720p/0-2382321404.JPG	A fungus in grass.
/home/whx/Dataset/fungitastic-m/train/720p/1-2238476093.JPG	A fungus is surrounded by fallen leaves and green foliage.
/home/whx/Dataset/fungitastic-m/val/720p/1-3909145500.JPG	The background of the fungus is a mix of grass, leaves, and soil.
/home/whx/Dataset/fungitastic-m/train/720p/2-3345609465.JPG	A fungus rests on a bed of dried leaves and twigs.
/home/whx/Dataset/fungitastic-m/train/720p/0-2868469482.JPG	The background is a plain white surface.
/home/whx/Dataset/fungitastic-m/test/720p/0-4465860511.JPG	A fungus rests on green clover.
/home/whx/Dataset/fungitastic-m/train/720p/1-2238552114.JPG	The background of the fungus is a mix of soil, dried leaves, and green grass.
/home/whx/Dataset/fungitastic-m/test/720p/1-4465867817.JPG	Grass and soil.
/home/whx/Dataset/fungitastic-m/test/720p/1-4465862801.JPG	A fungus is held against a blurred background of green foliage and earth.
/home/whx/Dataset/fungitastic-m/test/720p/2-4465862801.JPG	The background of the fungus is blurred green foliage.
/home/whx/Dataset/fungitastic-m/train/720p/0-2804904323.JPG	Grassy background.
/home/whx/Dataset/fungitastic-m/train/720p/0-2237962035.JPG	The background of the fungus is a forest floor with leaves and twigs.
/home/whx/Dataset/fungitastic-m/test/720p/1-4465874515.JPG	Grass and leaves.
/home/whx/Dataset/fungitastic-m/train/720p/0-3355968462.JPG	The background of the fungus is a blurred mix of earthy tones and green grass.
/home/whx/Dataset/fungitastic-m/train/720p/0-2238555726.JPG	The background of the fungus is a forest floor with grass, leaves, and soil.
/home/whx/Dataset/fungitastic-m/train/720p/0-2237932364.JPG	The background is a plain, light-colored surface.
/home/whx/Dataset/fungitastic-m/train/720p/0-2898631352.JPG	A fungus is surrounded by moss and fallen leaves.
/home/whx/Dataset/fungitastic-m/test/720p/0-4465862297.JPG	A fungus rests on mossy ground.
/home/whx/Dataset/fungitastic-m/train/720p/3-2238217612.JPG	The background is a neutral, textured surface.
/home/whx/Dataset/fungitastic-m/test/720p/0-4465862877.JPG	The background of the fungus is a forest floor covered with leaves and twigs.
/home/whx/Dataset/fungitastic-m/train/720p/0-2417208003.JPG	The background of the fungus is a light, neutral color.
/home/whx/Dataset/fungitastic-m/test/720p/1-4465867121.JPG	The background of the fungus is a mix of brown and earthy tones, with some dried leaves and twigs visible.
/home/whx/Dataset/fungitastic-m/train/720p/0-2238387799.JPG	The background of the fungus is grassy.
/home/whx/Dataset/fungitastic-m/train/720p/0-2883262345.JPG	The background of the fungus is grass and fallen leaves.
/home/whx/Dataset/fungitastic-m/test/720p/0-4465878544.JPG	The background of the fungus is a close-up view of its gills, showcasing a detailed pattern of white, slightly textured ridges.
/home/whx/Dataset/fungitastic-m/train/720p/0-2238329572.JPG	A fungus with concentric, ribbed texture.
/home/whx/Dataset/fungitastic-m/train/720p/1-2417208003.JPG	A fungus is surrounded by fallen leaves and a tree trunk.
/home/whx/Dataset/fungitastic-m/train/720p/3-2864902338.JPG	A fungus is surrounded by grass and twigs.
/home/whx/Dataset/fungitastic-m/train/720p/0-2383042939.JPG	A fungus is surrounded by green moss and twigs.
/home/whx/Dataset/fungitastic-m/val/720p/0-3913251650.JPG	A fungus is surrounded by green moss, pine needles, and dried leaves.
/home/whx/Dataset/fungitastic-m/train/720p/0-2901938345.JPG	A fungus is surrounded by pine needles and grass.
/home/whx/Dataset/fungitastic-m/test/720p/1-4465890171.JPG	A fungus lies on a bed of green grass and pine needles.
/home/whx/Dataset/fungitastic-m/train/720p/1-2238218200.JPG	A fungus is surrounded by pine needles and twigs.
/home/whx/Dataset/fungitastic-m/train/720p/1-2238094318.JPG	A fungus on a concrete surface.
/home/whx/Dataset/fungitastic-m/train/720p/0-2351006550.JPG	A fungus is surrounded by grass, pine needles, and small green plants.
/home/whx/Dataset/fungitastic-m/test/720p/0-4465881527.JPG	Grass, pine needles, and leaves.
/home/whx/Dataset/fungitastic-m/train/720p/1-3380894324.JPG	The background of the fungus is a light, cloudy, and slightly granular texture.
/home/whx/Dataset/fungitastic-m/train/720p/0-2238474086.JPG	A fungus grows on mossy ground.
/home/whx/Dataset/fungitastic-m/val/720p/0-3964842546.JPG	A fungus is surrounded by pine needles and grass.
/home/whx/Dataset/fungitastic-m/train/720p/0-2238347070.JPG	A fungus on a wooden surface.
/home/whx/Dataset/fungitastic-m/test/720p/2-4465881527.JPG	A fungus is surrounded by grass and soil.
/home/whx/Dataset/fungitastic-m/train/720p/0-2383043378.JPG	A fungus is surrounded by green moss and pine needles.
/home/whx/Dataset/fungitastic-m/train/720p/1-2864902338.JPG	A fungus rests on moss.
/home/whx/Dataset/fungitastic-m/val/720p/0-3948714669.JPG	A fungus in water with grass and twigs.
/home/whx/Dataset/fungitastic-m/train/720p/0-3382566363.JPG	A fungus grows amidst wet, grassy vegetation.
/home/whx/Dataset/fungitastic-m/val/720p/0-3948709416.JPG	The background of the fungus is a mix of wet leaves, twigs, and soil.
/home/whx/Dataset/fungitastic-m/train/720p/0-2984624400.JPG	A fungus is surrounded by dry, brown twigs.
/home/whx/Dataset/fungitastic-m/train/720p/3-2521519921.JPG	A fungus on a wooden surface.
/home/whx/Dataset/fungitastic-m/train/720p/0-2521519921.JPG	The background is blurred, showing earthy tones.
/home/whx/Dataset/fungitastic-m/train/720p/1-2238360260.JPG	The background is a mix of brown and green, with blurred branches and leaves.
/home/whx/Dataset/fungitastic-m/train/720p/1-2521519921.JPG	A fungus in water with wood and debris.
/home/whx/Dataset/fungitastic-m/train/720p/1-2238483402.JPG	A fungus in water with reeds.
/home/whx/Dataset/fungitastic-m/train/720p/1-2981236319.JPG	The background of the fungus is a mix of dried leaves, twigs, and moss.
/home/whx/Dataset/fungitastic-m/train/720p/0-2238580094.JPG	A fungus on a dark, textured surface.
/home/whx/Dataset/fungitastic-m/train/720p/1-3414831320.JPG	A fungus on a white surface.
/home/whx/Dataset/fungitastic-m/train/720p/0-2994393333.JPG	A fungus on decaying wood.
/home/whx/Dataset/fungitastic-m/train/720p/0-2238360260.JPG	The background of the fungus is a blurred mix of brown and green, suggesting a forest floor.
/home/whx/Dataset/fungitastic-m/train/720p/0-2238579635.JPG	A fungus is surrounded by dry grass and soil.
/home/whx/Dataset/fungitastic-m/train/720p/0-2542589859.JPG	A fungus grows on a stick amidst dried grass and green moss.
/home/whx/Dataset/fungitastic-m/test/720p/1-4465906454.JPG	A fungus grows on a tree trunk with moss.
/home/whx/Dataset/fungitastic-m/train/720p/0-2238357029.JPG	The background is blurred, with muted browns and greens.
/home/whx/Dataset/fungitastic-m/val/720p/0-3948710334.JPG	The background is blurred green.
/home/whx/Dataset/fungitastic-m/val/720p/1-3964843420.JPG	The background is blurred green.
/home/whx/Dataset/fungitastic-m/train/720p/1-2238497469.JPG	A fungus grows on a mossy, decayed branch.
/home/whx/Dataset/fungitastic-m/train/720p/0-2238486943.JPG	The background is blurred green.
/home/whx/Dataset/fungitastic-m/train/720p/0-2238195641.JPG	A fungus on moss-covered branches.
/home/whx/Dataset/fungitastic-m/val/720p/0-3962117600.JPG	A fungus on a mossy log.
/home/whx/Dataset/fungitastic-m/val/720p/3-3964843420.JPG	The background is blurred, with green and brown hues.
/home/whx/Dataset/fungitastic-m/train/720p/0-2238536541.JPG	Dark, blurred, forest floor.
/home/whx/Dataset/fungitastic-m/train/720p/0-2868474455.JPG	A fungus on a mossy branch.
/home/whx/Dataset/fungitastic-m/train/720p/0-2238133466.JPG	A fungus grows on a mossy, decaying log.
/home/whx/Dataset/fungitastic-m/test/720p/0-4465906550.JPG	Blurred green background.
/home/whx/Dataset/fungitastic-m/train/720p/2-2238452431.JPG	Blurred, forest-like.
/home/whx/Dataset/fungitastic-m/val/720p/0-4100094061.JPG	The background is blurred, with muted greens and browns.
/home/whx/Dataset/fungitastic-m/test/720p/3-4465906550.JPG	The background is blurred green.
/home/whx/Dataset/fungitastic-m/train/720p/2-3327300306.JPG	The background of the fungus is a mix of soil, grass, and scattered leaves.
/home/whx/Dataset/fungitastic-m/train/720p/2-2818065324.JPG	A fungus in grass.
/home/whx/Dataset/fungitastic-m/train/720p/0-2238508761.JPG	The background is plain and light-colored.
/home/whx/Dataset/fungitastic-m/train/720p/2-3345610454.JPG	The background of the fungus is grassy and earthy.
/home/whx/Dataset/fungitastic-m/train/720p/1-2237959268.JPG	A fungus on a wooden surface.
/home/whx/Dataset/fungitastic-m/train/720p/0-2238085629.JPG	The background of the fungus is plain white.
/home/whx/Dataset/fungitastic-m/train/720p/0-2862690368.JPG	The background of the fungus is a mix of green moss and grass.
/home/whx/Dataset/fungitastic-m/val/720p/0-3922624785.JPG	A fungus is surrounded by green moss and scattered leaves.
/home/whx/Dataset/fungitastic-m/train/720p/0-2821601309.JPG	The background is a light, speckled surface.
/home/whx/Dataset/fungitastic-m/test/720p/0-4465888384.JPG	The background of the fungus is grass and soil.
/home/whx/Dataset/fungitastic-m/train/720p/4-3327300306.JPG	The background of the fungus is a light, neutral color.
/home/whx/Dataset/fungitastic-m/train/720p/0-2238471861.JPG	Grass and soil.
/home/whx/Dataset/fungitastic-m/test/720p/0-4465904464.JPG	The background of the fungus is a dense, granular, and somewhat translucent environment with various particles and structures.
/home/whx/Dataset/fungitastic-m/train/720p/0-3334607340.JPG	A fungus on grass.
/home/whx/Dataset/fungitastic-m/train/720p/0-3327300306.JPG	The background of the fungus is a light, translucent white.
/home/whx/Dataset/fungitastic-m/test/720p/4-4169765235.JPG	The background of the fungus is a light gray, with numerous small, circular structures scattered throughout.
/home/whx/Dataset/fungitastic-m/train/720p/0-2238372769.JPG	Grass and leaves.
/home/whx/Dataset/fungitastic-m/train/720p/1-2238413140.JPG	The background of the fungus is a mix of brown leaves and green moss.
/home/whx/Dataset/fungitastic-m/train/720p/1-3311372306.JPG	The background of the fungus is dark and mossy.
/home/whx/Dataset/fungitastic-m/train/720p/0-2237921859.JPG	A fungus on a wooden surface.
/home/whx/Dataset/fungitastic-m/train/720p/1-2238475293.JPG	A fungus on a wooden surface.
/home/whx/Dataset/fungitastic-m/train/720p/1-3358353306.JPG	A fungus in grass with fallen leaves.
/home/whx/Dataset/fungitastic-m/train/720p/0-4847340330.JPG	A fungus on a white surface.
/home/whx/Dataset/fungitastic-m/val/720p/0-3948715325.JPG	A fungus rests on brown leaves.
/home/whx/Dataset/fungitastic-m/train/720p/0-2238379272.JPG	Grass and dried leaves.
/home/whx/Dataset/fungitastic-m/train/720p/0-2238158023.JPG	The background of the fungus consists of fallen leaves and soil.
/home/whx/Dataset/fungitastic-m/train/720p/1-2238354916.JPG	Fall leaves.
/home/whx/Dataset/fungitastic-m/train/720p/1-2238158023.JPG	The background of the fungus consists of fallen leaves and soil.
/home/whx/Dataset/fungitastic-m/train/720p/0-2238217490.JPG	The background of the fungus is a forest floor with scattered leaves and twigs.
/home/whx/Dataset/fungitastic-m/train/720p/0-2238164392.JPG	The background is a gray, textured surface.
/home/whx/Dataset/fungitastic-m/train/720p/0-3343236339.JPG	Grass and pine needles.
/home/whx/Dataset/fungitastic-m/test/720p/0-4169765494.JPG	A fungus lies on grass and fallen leaves.
/home/whx/Dataset/fungitastic-m/train/720p/2-3332302340.JPG	A fungus on mossy ground.
/home/whx/Dataset/fungitastic-m/train/720p/4-2273187719.JPG	The background of the fungus is a light, speckled surface.
/home/whx/Dataset/fungitastic-m/train/720p/0-2237914483.JPG	A fungus on white paper with wood in background.
/home/whx/Dataset/fungitastic-m/train/720p/1-2332527560.JPG	The background of the fungus is light gray.
/home/whx/Dataset/fungitastic-m/train/720p/1-2238502960.JPG	The background is plain white.
/home/whx/Dataset/fungitastic-m/train/720p/3-3332302340.JPG	A fungus is surrounded by moss and grass.
/home/whx/Dataset/fungitastic-m/val/720p/0-3806909319.JPG	A fungus rests on mossy ground.
/home/whx/Dataset/fungitastic-m/train/720p/3-2851420301.JPG	A fungus is held against a backdrop of green leaves and scattered debris.
/home/whx/Dataset/fungitastic-m/train/720p/0-2862699334.JPG	A fungus is surrounded by grass and soil.
/home/whx/Dataset/fungitastic-m/train/720p/1-2238556672.JPG	A fungus grows on mossy ground.
/home/whx/Dataset/fungitastic-m/test/720p/0-4169767566.JPG	A fungus rests on moss and pine needles.
/home/whx/Dataset/fungitastic-m/train/720p/0-3345599304.JPG	The background of the fungus is a mix of dried leaves and twigs.
/home/whx/Dataset/fungitastic-m/train/720p/1-2273187719.JPG	The background of the fungus is a mix of soil, small plants, and green leaves.
/home/whx/Dataset/fungitastic-m/train/720p/0-3334603304.JPG	A fungus in a forest setting with greenery and trees.
/home/whx/Dataset/fungitastic-m/train/720p/3-2862699334.JPG	A fungus is surrounded by grass and small plants.
/home/whx/Dataset/fungitastic-m/train/720p/2-2812989320.JPG	A fungus is surrounded by green moss and grass.
/home/whx/Dataset/fungitastic-m/test/720p/0-4100096839.JPG	The background is dark and textured.
/home/whx/Dataset/fungitastic-m/test/720p/6-4100098460.JPG	The background is blurred green.
/home/whx/Dataset/fungitastic-m/test/720p/4-4100098460.JPG	The background of the fungus is a light, speckled, and slightly granular texture.
/home/whx/Dataset/fungitastic-m/train/720p/0-2430667438.JPG	Dark and blurred.
/home/whx/Dataset/fungitastic-m/train/720p/1-2901938369.JPG	A fungus is surrounded by dark, mossy ground.
/home/whx/Dataset/fungitastic-m/val/720p/1-3962115420.JPG	A fungus on tree bark.
/home/whx/Dataset/fungitastic-m/train/720p/0-2238438121.JPG	Dark, rocky surface.
/home/whx/Dataset/fungitastic-m/train/720p/1-2238530347.JPG	Decaying wood.
/home/whx/Dataset/fungitastic-m/train/720p/1-2238526727.JPG	The background of the fungus is a blurred mix of earthy tones and green moss.
/home/whx/Dataset/fungitastic-m/val/720p/5-3948716580.JPG	The background is blurred, with hints of green and brown.
/home/whx/Dataset/fungitastic-m/train/720p/1-2238404775.JPG	A fungus on dark, textured surface with blurred background.
/home/whx/Dataset/fungitastic-m/train/720p/0-2237944714.JPG	A fungus grows on moss-covered bark.
/home/whx/Dataset/fungitastic-m/train/720p/0-2452380936.JPG	The background of the fungus is a dark, textured surface with patches of white and black.
/home/whx/Dataset/fungitastic-m/train/720p/1-2999559335.JPG	A fungus on a dark, textured surface.
/home/whx/Dataset/fungitastic-m/train/720p/2-2238404775.JPG	A fungus on dark, textured surface with blurred background.
/home/whx/Dataset/fungitastic-m/train/720p/0-2238404166.JPG	A fungus grows on moss-covered wood.
/home/whx/Dataset/fungitastic-m/train/720p/0-2383042705.JPG	A fungus is held against a backdrop of autumn leaves and green moss.
/home/whx/Dataset/fungitastic-m/train/720p/0-3340163331.JPG	The background of the fungus is a dark, textured surface.
/home/whx/Dataset/fungitastic-m/train/720p/2-2427873900.JPG	Fall leaves.
/home/whx/Dataset/fungitastic-m/train/720p/1-2238424165.JPG	The background of the fungus consists of grass, leaves, and pine needles.
/home/whx/Dataset/fungitastic-m/train/720p/0-2238476626.JPG	The background of the fungus is a bed of dried leaves.
/home/whx/Dataset/fungitastic-m/train/720p/1-2238555641.JPG	The background of the fungus is a mix of dried leaves, twigs, and soil.
/home/whx/Dataset/fungitastic-m/train/720p/0-2421822469.JPG	A fungus is surrounded by fallen leaves and twigs on the forest floor.
/home/whx/Dataset/fungitastic-m/train/720p/0-3386486350.JPG	A fungus is surrounded by fallen leaves and a decaying log.
/home/whx/Dataset/fungitastic-m/train/720p/1-2238502286.JPG	The background of the fungus consists of brown leaves, green grass, and a mix of earthy tones.
/home/whx/Dataset/fungitastic-m/train/720p/0-2382323452.JPG	A fungus on grass and moss.
/home/whx/Dataset/fungitastic-m/train/720p/0-2238555919.JPG	A fungus grows amidst fallen leaves and twigs.
/home/whx/Dataset/fungitastic-m/train/720p/0-2812991349.JPG	Grassy background.
/home/whx/Dataset/fungitastic-m/train/720p/0-3340161366.JPG	A fungus grows amidst grass, leaves, and soil.
/home/whx/Dataset/fungitastic-m/train/720p/0-2238424165.JPG	A fungus grows amidst grass and fallen leaves.
/home/whx/Dataset/fungitastic-m/train/720p/0-2238524789.JPG	Fall leaves and forest floor.
/home/whx/Dataset/fungitastic-m/train/720p/1-3340163331.JPG	A fungus on a green surface.
/home/whx/Dataset/fungitastic-m/train/720p/1-2964210474.JPG	The background is blurred, with muted earth tones.
/home/whx/Dataset/fungitastic-m/train/720p/2-2994399310.JPG	The background of the fungus is a mix of dark soil, dried leaves, and small green plants.
/home/whx/Dataset/fungitastic-m/val/720p/0-3948715311.JPG	A fungus grows on moss-covered ground.
/home/whx/Dataset/fungitastic-m/train/720p/0-2238586082.JPG	The background of the fungus is a blurred mix of green and brown, suggesting a forest floor.
/home/whx/Dataset/fungitastic-m/train/720p/0-2984633346.JPG	A fungus on a wet, textured surface.
/home/whx/Dataset/fungitastic-m/val/720p/0-3970592498.JPG	The background is a dark, textured surface.
/home/whx/Dataset/fungitastic-m/train/720p/1-2452381410.JPG	The background is blurred, with shades of green and brown.
/home/whx/Dataset/fungitastic-m/val/720p/1-3968580521.JPG	Dark, wet, forest floor.
/home/whx/Dataset/fungitastic-m/train/720p/0-2901935378.JPG	A fungus on a stick.
/home/whx/Dataset/fungitastic-m/val/720p/0-3968580521.JPG	The background is blurred, with dark and muted tones.
/home/whx/Dataset/fungitastic-m/train/720p/0-3018966333.JPG	Dark, blurred, bokeh.
/home/whx/Dataset/fungitastic-m/train/720p/2-2238582890.JPG	A fungus on wood.
/home/whx/Dataset/fungitastic-m/train/720p/1-2237936316.JPG	A fungus is surrounded by green moss and a blurred hand.
/home/whx/Dataset/fungitastic-m/train/720p/0-2994403305.JPG	Green moss and blurred grass.
/home/whx/Dataset/fungitastic-m/train/720p/2-2901935378.JPG	The background is dark.
/home/whx/Dataset/fungitastic-m/train/720p/1-2964213381.JPG	The background is blurred, brown.
/home/whx/Dataset/fungitastic-m/test/720p/1-4465872242.JPG	A fungus with a blurred green background.
/home/whx/Dataset/fungitastic-m/train/720p/0-2238070344.JPG	The background of the fungus is a mix of green grass, brown leaves, and blurred earth tones.
/home/whx/Dataset/fungitastic-m/train/720p/0-2237956786.JPG	Mossy, blurred, green.
/home/whx/Dataset/fungitastic-m/train/720p/0-2421821814.JPG	A fungus stands amidst green moss.
/home/whx/Dataset/fungitastic-m/train/720p/2-2238505312.JPG	The background of the fungus appears to be a pinkish hue with a textured, cellular-like pattern.
/home/whx/Dataset/fungitastic-m/test/720p/0-4100102444.JPG	A fungus grows on moss.
/home/whx/Dataset/fungitastic-m/train/720p/1-2238219023.JPG	The background of the fungus is a dark, mossy, and earthy surface.
/home/whx/Dataset/fungitastic-m/train/720p/0-2883271307.JPG	A fungus is on a light, slightly blurred background.
/home/whx/Dataset/fungitastic-m/train/720p/0-2238219469.JPG	A fungus is surrounded by green moss and leaves.
/home/whx/Dataset/fungitastic-m/train/720p/0-2521519095.JPG	The background of the fungus is a light, blurry, and uniform gray.
/home/whx/Dataset/fungitastic-m/train/720p/2-2860300325.JPG	Blurred, muted tones.
/home/whx/Dataset/fungitastic-m/train/720p/0-2458348088.JPG	The background is black.
/home/whx/Dataset/fungitastic-m/train/720p/0-2460547463.JPG	The background of the fungus consists of dried leaves and twigs.
/home/whx/Dataset/fungitastic-m/train/720p/0-2238331365.JPG	The background of the fungus is a forest floor with dried leaves, grass, and moss.
/home/whx/Dataset/fungitastic-m/train/720p/2-2238467601.JPG	The background of the fungus is blurred and neutral-toned.
/home/whx/Dataset/fungitastic-m/train/720p/2-2238213142.JPG	A fungus is on a clear plastic surface with a ruler for scale.
/home/whx/Dataset/fungitastic-m/train/720p/0-2238390929.JPG	A fungus is surrounded by green moss and clover.
/home/whx/Dataset/fungitastic-m/test/720p/2-4465898726.JPG	The background of the fungus is a reddish-brown, textured surface with visible branching structures.
/home/whx/Dataset/fungitastic-m/train/720p/0-2237915152.JPG	Green leaves and grass.
/home/whx/Dataset/fungitastic-m/train/720p/0-3412515308.JPG	The background of the fungus is a light, textured surface with scattered particles.
/home/whx/Dataset/fungitastic-m/train/720p/0-2237972213.JPG	A fungus on a wooden surface.
/home/whx/Dataset/fungitastic-m/test/720p/1-4465865982.JPG	The background is dark and uniform.
/home/whx/Dataset/fungitastic-m/train/720p/1-2238512313.JPG	The background of the fungus is a white surface with some soil and debris.
/home/whx/Dataset/fungitastic-m/train/720p/0-2238358875.JPG	A fungus rests on mossy ground.
/home/whx/Dataset/fungitastic-m/val/720p/0-3944343542.JPG	A fungus on mossy ground.
/home/whx/Dataset/fungitastic-m/test/720p/6-4465898726.JPG	The background of the fungus is a light, translucent, and slightly granular surface.
/home/whx/Dataset/fungitastic-m/train/720p/1-2238355251.JPG	A fungus with a smooth, textured surface.
/home/whx/Dataset/fungitastic-m/train/720p/1-3422352303.JPG	A fungus is surrounded by green moss and grass.
/home/whx/Dataset/fungitastic-m/train/720p/0-2449442864.JPG	A fungus grows on mossy grass.
/home/whx/Dataset/fungitastic-m/train/720p/0-3412510303.JPG	The background of the fungus is a mix of green moss and brown twigs.
/home/whx/Dataset/fungitastic-m/train/720p/0-2864910304.JPG	A fungus in grass and moss.
/home/whx/Dataset/fungitastic-m/train/720p/2-2238355251.JPG	The background of the fungus is a mix of green foliage and brown twigs.
/home/whx/Dataset/fungitastic-m/train/720p/0-2238070685.JPG	A fungus on a wooden surface.
/home/whx/Dataset/fungitastic-m/train/720p/0-2989727331.JPG	Grass and soil.
/home/whx/Dataset/fungitastic-m/train/720p/5-2864906305.JPG	Grass and leaves.
/home/whx/Dataset/fungitastic-m/train/720p/0-2989732321.JPG	The background of the fungus is a light, translucent, and somewhat granular texture.
/home/whx/Dataset/fungitastic-m/train/720p/1-3305979307.JPG	A fungus in grass.
/home/whx/Dataset/fungitastic-m/train/720p/1-2981246401.JPG	Grassy, earthy background.
/home/whx/Dataset/fungitastic-m/train/720p/0-2238468343.JPG	The background is plain and gray.
/home/whx/Dataset/fungitastic-m/train/720p/0-2238304953.JPG	The background of the fungus is soil and greenery.
/home/whx/Dataset/fungitastic-m/val/720p/0-3916269437.JPG	A fungus lies on grass and moss.
/home/whx/Dataset/fungitastic-m/train/720p/1-2237939388.JPG	A fungus in a clear container with water and debris.
/home/whx/Dataset/fungitastic-m/train/720p/3-2238587952.JPG	A fungus on a newspaper.
/home/whx/Dataset/fungitastic-m/train/720p/0-2238213072.JPG	The background is plain white.
/home/whx/Dataset/fungitastic-m/train/720p/1-3358357443.JPG	Green grass.
/home/whx/Dataset/fungitastic-m/train/720p/5-3412516370.JPG	A fungus lies on a bed of dried leaves and grass.
/home/whx/Dataset/fungitastic-m/train/720p/2-2238591651.JPG	A fungus on a wooden surface.
/home/whx/Dataset/fungitastic-m/train/720p/3-2238590129.JPG	A fungus rests on a wooden surface.
/home/whx/Dataset/fungitastic-m/train/720p/2-2238346993.JPG	A fungus is surrounded by grass and fallen leaves.
/home/whx/Dataset/fungitastic-m/train/720p/0-2238089704.JPG	A fungus is surrounded by autumn leaves and grass.
/home/whx/Dataset/fungitastic-m/train/720p/0-2238469868.JPG	A fungus rests on forest floor with leaves and moss.
/home/whx/Dataset/fungitastic-m/train/720p/0-2238150452.JPG	A fungus is surrounded by brown leaves and soil.
/home/whx/Dataset/fungitastic-m/train/720p/0-2421821484.JPG	The background of the fungus is a forest floor with dry leaves and twigs.
/home/whx/Dataset/fungitastic-m/train/720p/0-2427873713.JPG	A fungus rests on forest floor, surrounded by grass and fallen leaves.
/home/whx/Dataset/fungitastic-m/train/720p/0-3355969388.JPG	A fungus is surrounded by dried leaves.
/home/whx/Dataset/fungitastic-m/train/720p/0-2251781251.JPG	A fungus in a grassy, leafy environment.
/home/whx/Dataset/fungitastic-m/train/720p/0-2238413984.JPG	The fungus is on a forest floor with green moss and fallen leaves.
/home/whx/Dataset/fungitastic-m/train/720p/2-2238497595.JPG	A fungus on a wooden surface.
/home/whx/Dataset/fungitastic-m/train/720p/0-2413150069.JPG	A fungus rests on mossy forest floor.
/home/whx/Dataset/fungitastic-m/train/720p/0-2238496312.JPG	Grass and leaves.
/home/whx/Dataset/fungitastic-m/train/720p/0-2238564004.JPG	A fungus rests on a bed of dried leaves.
/home/whx/Dataset/fungitastic-m/train/720p/3-2238420376.JPG	A fungus in a forest.
/home/whx/Dataset/fungitastic-m/train/720p/0-2238469749.JPG	A fungus rests on forest floor with leaves and twigs.
/home/whx/Dataset/fungitastic-m/train/720p/0-2238568979.JPG	a fungus on autumn leaves.
/home/whx/Dataset/fungitastic-m/train/720p/1-3334593351.JPG	A fungus is surrounded by moss, twigs, and dried leaves.
/home/whx/Dataset/fungitastic-m/train/720p/0-2238505351.JPG	A fungus on a dry leaf.
/home/whx/Dataset/fungitastic-m/train/720p/1-2851427337.JPG	A fungus is surrounded by green moss and pine needles.
/home/whx/Dataset/fungitastic-m/train/720p/3-3345611481.JPG	A fungus is surrounded by green moss.
/home/whx/Dataset/fungitastic-m/test/720p/1-4465873002.JPG	The background of the fungus is a mix of soil, leaves, and small twigs.
/home/whx/Dataset/fungitastic-m/train/720p/0-2238150013.JPG	The background of the fungus is a mix of dried leaves and twigs on a light surface.
/home/whx/Dataset/fungitastic-m/train/720p/0-2868480357.JPG	The background of the fungus is a brown, textured surface.
/home/whx/Dataset/fungitastic-m/train/720p/2-3345611481.JPG	The background of the fungus is a blurred mix of green and brown vegetation.
/home/whx/Dataset/fungitastic-m/train/720p/2-3412513306.JPG	The background is blurred, with muted earth tones and out-of-focus foliage.
/home/whx/Dataset/fungitastic-m/train/720p/2-2874306301.JPG	The background of the fungus is dark and textured.
/home/whx/Dataset/fungitastic-m/train/720p/0-2237955911.JPG	The background is dark and textured.
/home/whx/Dataset/fungitastic-m/train/720p/0-2898626437.JPG	Blurred, earthy tones.
/home/whx/Dataset/fungitastic-m/train/720p/1-2238423293.JPG	Decaying wood and debris.
/home/whx/Dataset/fungitastic-m/train/720p/0-3399808386.JPG	The background of the fungus is a forest floor with leaves and twigs.
/home/whx/Dataset/fungitastic-m/test/720p/0-4465881782.JPG	The background of the fungus is a textured, dark surface.
/home/whx/Dataset/fungitastic-m/train/720p/1-2851427320.JPG	A fungus stands amidst fallen leaves and forest debris.
/home/whx/Dataset/fungitastic-m/train/720p/1-2575963929.JPG	A fungus is surrounded by green moss.
/home/whx/Dataset/fungitastic-m/train/720p/0-2238561653.JPG	The background of the fungus is a dark, forested area with moss-covered tree trunks and scattered dried leaves.
/home/whx/Dataset/fungitastic-m/train/720p/0-2868473496.JPG	A fungus is surrounded by green moss and brown leaves.
/home/whx/Dataset/fungitastic-m/train/720p/1-2238146103.JPG	A fungus on mossy ground.
/home/whx/Dataset/fungitastic-m/train/720p/0-2238150613.JPG	Grid pattern.
/home/whx/Dataset/fungitastic-m/train/720p/2-2874314302.JPG	Mossy, blurred background.
/home/whx/Dataset/fungitastic-m/test/720p/4-4169768499.JPG	A fungus grows on moss-covered ground.
/home/whx/Dataset/fungitastic-m/train/720p/0-2238409061.JPG	A fungus is surrounded by green moss and pine needles.
/home/whx/Dataset/fungitastic-m/train/720p/1-2238153167.JPG	A fungus on a green and white patterned surface.
/home/whx/Dataset/fungitastic-m/train/720p/0-3334599351.JPG	The background of the fungus appears to be a light, granular texture with scattered, small, round structures.
/home/whx/Dataset/fungitastic-m/val/720p/0-3964840338.JPG	A fungus is surrounded by green moss.
/home/whx/Dataset/fungitastic-m/train/720p/0-2986451360.JPG	A fungus is surrounded by pine needles and dried leaves.
/home/whx/Dataset/fungitastic-m/train/720p/0-2579432633.JPG	A fungus on decaying wood.
/home/whx/Dataset/fungitastic-m/train/720p/1-2868469489.JPG	A fungus on forest floor with moss and bark.
/home/whx/Dataset/fungitastic-m/train/720p/0-2868470535.JPG	The background is plain and light-colored.
/home/whx/Dataset/fungitastic-m/train/720p/1-2238584991.JPG	The background of the fungus is a mix of green moss, brown twigs, and fallen leaves.
/home/whx/Dataset/fungitastic-m/train/720p/1-3334599393.JPG	A fungus is surrounded by fallen leaves and twigs on the forest floor.
/home/whx/Dataset/fungitastic-m/train/720p/0-2238497394.JPG	A fungus is surrounded by green grass.
/home/whx/Dataset/fungitastic-m/train/720p/0-2238562081.JPG	A fungus on forest floor with leaves and twigs.
/home/whx/Dataset/fungitastic-m/test/720p/4-4465863034.JPG	A fungus is surrounded by fallen leaves and greenery.
/home/whx/Dataset/fungitastic-m/train/720p/1-2421821686.JPG	A fungus is surrounded by fallen leaves and green grass.
/home/whx/Dataset/fungitastic-m/train/720p/0-2238556737.JPG	A fungus is surrounded by wood chips and leaves.
/home/whx/Dataset/fungitastic-m/test/720p/1-4169765367.JPG	The background consists of fallen leaves and grass.
/home/whx/Dataset/fungitastic-m/train/720p/0-2238155617.JPG	The background is a plain, light blue surface.
/home/whx/Dataset/fungitastic-m/train/720p/1-3358356424.JPG	A fungus is surrounded by dried leaves and twigs.
/home/whx/Dataset/fungitastic-m/train/720p/1-2424122021.JPG	The background of the fungus is a mix of soil, grass, and small plants.
/home/whx/Dataset/fungitastic-m/train/720p/0-2237965458.JPG	A fungus is surrounded by grass and soil.
/home/whx/Dataset/fungitastic-m/train/720p/1-3332297305.JPG	A fungus rests on a bed of grass and fallen leaves.
/home/whx/Dataset/fungitastic-m/train/720p/0-3324319348.JPG	A fungus lies in grass.
/home/whx/Dataset/fungitastic-m/val/720p/0-3887952341.JPG	The background of the fungus is a forest floor with dried leaves and twigs.
/home/whx/Dataset/fungitastic-m/train/720p/0-2238554983.JPG	A fungus is surrounded by soil, leaves, and moss.
/home/whx/Dataset/fungitastic-m/val/720p/0-3891497330.JPG	The background of the fungus is a blurred natural setting with earthy tones.
/home/whx/Dataset/fungitastic-m/train/720p/0-2238533690.JPG	A fungus is surrounded by grass and moss.
/home/whx/Dataset/fungitastic-m/train/720p/0-2238581032.JPG	A fungus is surrounded by moss and pine needles.
/home/whx/Dataset/fungitastic-m/train/720p/0-2237944799.JPG	The background of the fungus is a mix of green moss, brown twigs, and scattered pine needles.
/home/whx/Dataset/fungitastic-m/train/720p/0-2238131531.JPG	A fungus is on a white paper towel.
/home/whx/Dataset/fungitastic-m/train/720p/0-2984623349.JPG	A fungus is surrounded by green moss and dry grass.
/home/whx/Dataset/fungitastic-m/train/720p/1-3414828317.JPG	a fungus on wet leaves.
/home/whx/Dataset/fungitastic-m/train/720p/0-2238578671.JPG	A fungus is surrounded by moss and pine needles.
/home/whx/Dataset/fungitastic-m/train/720p/0-2238397767.JPG	The background of the fungus is a mix of green moss and grass.
/home/whx/Dataset/fungitastic-m/train/720p/0-2238142147.JPG	The background of the fungus consists of forest debris, including twigs and needles.
/home/whx/Dataset/fungitastic-m/train/720p/0-2238354605.JPG	The background is plain white.
/home/whx/Dataset/fungitastic-m/train/720p/1-2981233310.JPG	A fungus grows amidst green moss and grass.
/home/whx/Dataset/fungitastic-m/train/720p/1-2238142147.JPG	The background consists of forest floor debris.
/home/whx/Dataset/fungitastic-m/train/720p/0-2238347038.JPG	A fungus is surrounded by grass and moss.
/home/whx/Dataset/fungitastic-m/train/720p/0-3008828367.JPG	A fungus on mossy ground.
/home/whx/Dataset/fungitastic-m/train/720p/1-2238480658.JPG	A fungus grows on moss.
/home/whx/Dataset/fungitastic-m/train/720p/1-3412521349.JPG	The background is plain white.
/home/whx/Dataset/fungitastic-m/train/720p/4-4847336508.JPG	The background of the fungus is a light, uniform color.
/home/whx/Dataset/fungitastic-m/val/720p/1-3968581475.JPG	The background of the fungus is blurred, with green grass and brown earth visible.
/home/whx/Dataset/fungitastic-m/train/720p/1-2238554640.JPG	A fungus in grass.
/home/whx/Dataset/fungitastic-m/train/720p/1-2238351516.JPG	The background of the fungus is a gray, textured surface.
/home/whx/Dataset/fungitastic-m/train/720p/0-2883266302.JPG	A fungus lies on grass.
/home/whx/Dataset/fungitastic-m/val/720p/4-3925718851.JPG	The background of the fungus is a light, uniform color.
/home/whx/Dataset/fungitastic-m/train/720p/3-3324337319.JPG	A fungus in grass.
/home/whx/Dataset/fungitastic-m/train/720p/6-2238524953.JPG	The background of the fungus is a mix of soil, leaves, and greenery.
/home/whx/Dataset/fungitastic-m/train/720p/3-4847336365.JPG	A fungus lies on grass.
/home/whx/Dataset/fungitastic-m/train/720p/0-2818065301.JPG	A fungus grows in grass.
/home/whx/Dataset/fungitastic-m/train/720p/0-2868473313.JPG	The background of the fungus is a forest floor with leaves and twigs.
/home/whx/Dataset/fungitastic-m/train/720p/0-3386471306.JPG	A fungus in grass.
/home/whx/Dataset/fungitastic-m/test/720p/0-4465860479.JPG	A fungus lies on grass.
/home/whx/Dataset/fungitastic-m/val/720p/0-3815486311.JPG	A fungus lies in grass with clover and yellow flowers.
/home/whx/Dataset/fungitastic-m/train/720p/2-4847336365.JPG	A fungus lies on grass.
/home/whx/Dataset/fungitastic-m/test/720p/0-4465866371.JPG	A fungus in grass.
/home/whx/Dataset/fungitastic-m/test/720p/0-4465902461.JPG	A fungus rests on a bed of fallen leaves.
/home/whx/Dataset/fungitastic-m/val/720p/2-4847344567.JPG	A fungus rests on mossy ground with dry grass.
/home/whx/Dataset/fungitastic-m/train/720p/1-2238506507.JPG	The background is a plain, dark surface.
/home/whx/Dataset/fungitastic-m/val/720p/1-4847344567.JPG	A fungus on mossy ground.
/home/whx/Dataset/fungitastic-m/val/720p/0-4847344567.JPG	A fungus in grass and moss.
/home/whx/Dataset/fungitastic-m/test/720p/3-4169762087.JPG	A fungus is surrounded by leaves and ivy.
/home/whx/Dataset/fungitastic-m/test/720p/1-4169762087.JPG	A fungus on a dark, textured surface.
/home/whx/Dataset/fungitastic-m/train/720p/1-2332528126.JPG	The background is a mix of brown leaves and soil.
/home/whx/Dataset/fungitastic-m/train/720p/1-3399802349.JPG	A fungus rests on autumn leaves.
/home/whx/Dataset/fungitastic-m/train/720p/3-2238574577.JPG	The background of the fungus is a mix of brown leaves and green foliage.
/home/whx/Dataset/fungitastic-m/train/720p/1-2238516902.JPG	A fungus rests on a rock with green ivy.
/home/whx/Dataset/fungitastic-m/train/720p/0-2424123978.JPG	A fungus rests on green ivy and fallen leaves.
/home/whx/Dataset/fungitastic-m/train/720p/0-2238394208.JPG	The background of the fungus is a plain, light-colored surface.
/home/whx/Dataset/fungitastic-m/train/720p/2-3382572376.JPG	A fungus is surrounded by grass, moss, and fallen leaves.
/home/whx/Dataset/fungitastic-m/train/720p/0-2424121913.JPG	A fungus is surrounded by green ivy and fallen leaves.
/home/whx/Dataset/fungitastic-m/train/720p/1-2238402803.JPG	The background of the fungus is a blurred forest floor with scattered leaves.
/home/whx/Dataset/fungitastic-m/train/720p/1-2868472309.JPG	A fungus on a dark surface.
/home/whx/Dataset/fungitastic-m/train/720p/0-3340163301.JPG	A fungus is surrounded by green moss and grass.
/home/whx/Dataset/fungitastic-m/train/720p/1-2868473399.JPG	A fungus is on moss.
/home/whx/Dataset/fungitastic-m/train/720p/0-2238505860.JPG	A fungus is surrounded by fallen leaves and twigs.
/home/whx/Dataset/fungitastic-m/train/720p/0-3332301307.JPG	A fungus rests on a bed of dried leaves.
/home/whx/Dataset/fungitastic-m/train/720p/0-3410056329.JPG	The background of the fungus is a mix of green moss, brown leaves, and twigs.
/home/whx/Dataset/fungitastic-m/train/720p/1-2251781254.JPG	The background of the fungus is dark and leafy.
/home/whx/Dataset/fungitastic-m/train/720p/0-2421821131.JPG	The background is blurred, showing earthy tones.
/home/whx/Dataset/fungitastic-m/train/720p/1-2238515578.JPG	A fungus rests on a bed of brown leaves.
/home/whx/Dataset/fungitastic-m/train/720p/0-2964222301.JPG	The background of the fungus is a mix of soil, dried leaves, and twigs.
/home/whx/Dataset/fungitastic-m/test/720p/0-4465899019.JPG	Fall leaves.
/home/whx/Dataset/fungitastic-m/train/720p/0-2238524952.JPG	A fungus rests on autumn leaves.
/home/whx/Dataset/fungitastic-m/test/720p/1-4465879863.JPG	The background of the fungus is a light, uniform color with scattered small particles.
/home/whx/Dataset/fungitastic-m/test/720p/0-4465865122.JPG	The background of the fungus consists of brown leaves, twigs, and forest debris.
/home/whx/Dataset/fungitastic-m/train/720p/0-3358350447.JPG	A fungus rests on a bed of dried leaves and grass.
/home/whx/Dataset/fungitastic-m/train/720p/1-2421821131.JPG	The background of the fungus consists of soil, leaves, and twigs.
/home/whx/Dataset/fungitastic-m/train/720p/0-3355966352.JPG	The background is green and leafy.
/home/whx/Dataset/fungitastic-m/val/720p/0-3922622764.JPG	The background of the fungus is a forest floor with moss, leaves, and soil.
/home/whx/Dataset/fungitastic-m/test/720p/0-4465866720.JPG	A fungus rests on a bed of brown leaves and twigs.
/home/whx/Dataset/fungitastic-m/train/720p/0-2238564174.JPG	A fungus rests on forest floor with dried leaves and twigs.
/home/whx/Dataset/fungitastic-m/train/720p/0-2238333220.JPG	A fungus is surrounded by grass and fallen leaves.
/home/whx/Dataset/fungitastic-m/train/720p/0-2237974285.JPG	The background of the fungus is a plain white surface.
/home/whx/Dataset/fungitastic-m/train/720p/2-2238498989.JPG	A fungus on a white background.
/home/whx/Dataset/fungitastic-m/train/720p/0-2237918777.JPG	The background of the fungus is dark and leafy.
/home/whx/Dataset/fungitastic-m/train/720p/8-2238560464.JPG	A fungus in a forest with leaves and branches.
/home/whx/Dataset/fungitastic-m/train/720p/1-2864913468.JPG	A fungus rests on a bed of dried leaves.
/home/whx/Dataset/fungitastic-m/train/720p/0-2238560464.JPG	The background is plain white.
/home/whx/Dataset/fungitastic-m/train/720p/3-2238560464.JPG	The background is white and textured.
/home/whx/Dataset/fungitastic-m/train/720p/0-3355983415.JPG	A fungus rests on autumn leaves and green foliage.
/home/whx/Dataset/fungitastic-m/train/720p/0-2238554055.JPG	A fungus on forest floor with leaves and wood chips.
/home/whx/Dataset/fungitastic-m/train/720p/0-2238221319.JPG	A fungus is surrounded by green grass.
/home/whx/Dataset/fungitastic-m/train/720p/0-2237963588.JPG	A fungus in grass and soil.
/home/whx/Dataset/fungitastic-m/train/720p/0-3412510315.JPG	A fungus on a wooden surface with grass in the background.
/home/whx/Dataset/fungitastic-m/train/720p/0-2238362930.JPG	A fungus grows amidst dried grass and moss.
/home/whx/Dataset/fungitastic-m/train/720p/0-2238352114.JPG	A fungus is surrounded by dry, brown grass and sandy ground.
/home/whx/Dataset/fungitastic-m/val/720p/0-3944344572.JPG	A fungus grows amidst dry grass and sandy soil.
/home/whx/Dataset/fungitastic-m/train/720p/0-2238529608.JPG	A fungus is surrounded by grass and moss.
/home/whx/Dataset/fungitastic-m/train/720p/0-2238134917.JPG	A fungus on sandy ground with scattered twigs and small plants.
/home/whx/Dataset/fungitastic-m/train/720p/0-2994402337.JPG	A fungus grows amidst green moss and grass.
/home/whx/Dataset/fungitastic-m/train/720p/0-3406483347.JPG	A fungus is surrounded by moss, grass, and twigs.
/home/whx/Dataset/fungitastic-m/val/720p/1-3968584431.JPG	The background of the fungus consists of moss, grass, and scattered debris.
/home/whx/Dataset/fungitastic-m/train/720p/0-2981245414.JPG	Grass and twigs.
/home/whx/Dataset/fungitastic-m/train/720p/2-3382574477.JPG	The background of the fungus is a light, blurry, and somewhat uniform gray.
/home/whx/Dataset/fungitastic-m/test/720p/0-4465901877.JPG	A fungus is surrounded by green moss and leaves.
/home/whx/Dataset/fungitastic-m/train/720p/0-2430667364.JPG	A fungus in grass.
/home/whx/Dataset/fungitastic-m/train/720p/0-2238128226.JPG	Green moss, grass, and dry twigs.
/home/whx/Dataset/fungitastic-m/train/720p/1-2238124800.JPG	The background of the fungus is a mix of green moss and brown earth.
/home/whx/Dataset/fungitastic-m/test/720p/0-4465908910.JPG	A fungus is nestled among green moss and dry grass.
/home/whx/Dataset/fungitastic-m/test/720p/2-4465863562.JPG	The background of the fungus is grassy.
/home/whx/Dataset/fungitastic-m/train/720p/3-2238481241.JPG	A fungus is held in a hand against a blurred background.
/home/whx/Dataset/fungitastic-m/train/720p/2-3340165373.JPG	A fungus rests on forest floor, surrounded by grass and moss.
/home/whx/Dataset/fungitastic-m/val/720p/0-3925714343.JPG	A fungus in grass.
/home/whx/Dataset/fungitastic-m/train/720p/0-2351006509.JPG	Grass and bicycle handlebars.
/home/whx/Dataset/fungitastic-m/train/720p/0-2238187370.JPG	Grass and dew.
/home/whx/Dataset/fungitastic-m/val/720p/0-3925715323.JPG	The background is dark and textured.
/home/whx/Dataset/fungitastic-m/train/720p/0-3332304339.JPG	A fungus is surrounded by grass and moss.
/home/whx/Dataset/fungitastic-m/train/720p/0-2238313280.JPG	The background of the fungus is a wooden surface.
/home/whx/Dataset/fungitastic-m/train/720p/0-3399799399.JPG	A fungus in grass and moss.
/home/whx/Dataset/fungitastic-m/train/720p/0-2238330870.JPG	Green grass and leaves.
/home/whx/Dataset/fungitastic-m/train/720p/1-2238481241.JPG	A fungus on a dark, textured surface.
/home/whx/Dataset/fungitastic-m/train/720p/1-2238498830.JPG	A fungus on a dark, textured surface.
/home/whx/Dataset/fungitastic-m/train/720p/1-2238577206.JPG	The background of the fungus is a mix of green moss and lichen.
/home/whx/Dataset/fungitastic-m/train/720p/2-2331570856.JPG	A fungus is surrounded by green moss and pine needles.
/home/whx/Dataset/fungitastic-m/test/720p/0-4465869033.JPG	A fungus in grass and clover.
/home/whx/Dataset/fungitastic-m/train/720p/0-2238466747.JPG	A fungus in grass.
/home/whx/Dataset/fungitastic-m/train/720p/1-3334602310.JPG	A fungus lies on green grass.
/home/whx/Dataset/fungitastic-m/test/720p/0-4169758270.JPG	A fungus in grass.
/home/whx/Dataset/fungitastic-m/test/720p/0-4169765470.JPG	A fungus in grass.
/home/whx/Dataset/fungitastic-m/train/720p/0-3324320303.JPG	The background is blurred, with greenery and a black object visible.
/home/whx/Dataset/fungitastic-m/test/720p/0-4169763930.JPG	A fungus in grass.
/home/whx/Dataset/fungitastic-m/test/720p/2-4169762945.JPG	The background of the fungus is a light, uniform color with small, scattered particles.
/home/whx/Dataset/fungitastic-m/test/720p/1-4169762945.JPG	A fungus is surrounded by grass and leaves.
/home/whx/Dataset/fungitastic-m/test/720p/0-4169762945.JPG	Grass and leaves.
/home/whx/Dataset/fungitastic-m/train/720p/1-2237958463.JPG	The background of the fungus is a blurry, textured surface with various shades of brown and green.
/home/whx/Dataset/fungitastic-m/train/720p/0-2332527482.JPG	The background of the fungus is soil and grass.
/home/whx/Dataset/fungitastic-m/val/720p/0-3925717305.JPG	A fungus is surrounded by grass and moss.
/home/whx/Dataset/fungitastic-m/test/720p/2-4169764969.JPG	A fungus in grass.
/home/whx/Dataset/fungitastic-m/train/720p/0-2238499809.JPG	A fungus is surrounded by grass, leaves, and soil.
/home/whx/Dataset/fungitastic-m/train/720p/0-2812998312.JPG	A fungus in grass.
/home/whx/Dataset/fungitastic-m/test/720p/0-4169763181.JPG	A fungus in grass.
/home/whx/Dataset/fungitastic-m/train/720p/1-2238516695.JPG	The background of the fungus is a light, translucent, and slightly granular texture.
/home/whx/Dataset/fungitastic-m/test/720p/1-4465900144.JPG	A fungus grows on a weathered log with grass and debris in the background.
/home/whx/Dataset/fungitastic-m/train/720p/1-2238489588.JPG	A fungus grows on a mossy log.
/home/whx/Dataset/fungitastic-m/train/720p/1-3410060327.JPG	The background is a mix of green moss and brown twigs.
/home/whx/Dataset/fungitastic-m/train/720p/0-2238454161.JPG	A fungus on mossy tree trunk.
/home/whx/Dataset/fungitastic-m/train/720p/0-2883270372.JPG	A fungus on a decaying log with dried leaves.
/home/whx/Dataset/fungitastic-m/test/720p/0-4465888457.JPG	A fungus grows on a tree trunk in a forest setting.
/home/whx/Dataset/fungitastic-m/test/720p/1-4465888457.JPG	A fungus grows on a decaying log in a forest.
/home/whx/Dataset/fungitastic-m/test/720p/5-4169761337.JPG	The background of the fungus is a light, cloudy white.
/home/whx/Dataset/fungitastic-m/train/720p/2-2575121885.JPG	A fungus on decaying wood.
/home/whx/Dataset/fungitastic-m/train/720p/1-2238331113.JPG	A fungus grows on a textured, reddish-brown surface.
/home/whx/Dataset/fungitastic-m/train/720p/1-2458348136.JPG	A fungus is surrounded by pine needles and grass.
/home/whx/Dataset/fungitastic-m/train/720p/1-2999543376.JPG	The background of the fungus consists of a dark, moist surface with scattered leaves.
/home/whx/Dataset/fungitastic-m/train/720p/2-2238512057.JPG	A fungus rests on moss-covered ground.
/home/whx/Dataset/fungitastic-m/train/720p/0-2238348408.JPG	A fungus grows amidst moss and wood.
/home/whx/Dataset/fungitastic-m/train/720p/0-2238159623.JPG	Decaying wood.
/home/whx/Dataset/fungitastic-m/test/720p/1-4169761779.JPG	A fungus grows on a tree trunk.
/home/whx/Dataset/fungitastic-m/train/720p/0-2452381099.JPG	A fungus grows on a mossy log.
/home/whx/Dataset/fungitastic-m/train/720p/0-2237958524.JPG	A fungus on a wooden surface with dried leaves.
/home/whx/Dataset/fungitastic-m/test/720p/2-4169770415.JPG	Decaying wood.
/home/whx/Dataset/fungitastic-m/train/720p/0-2238197642.JPG	A fungus grows on decaying wood.
/home/whx/Dataset/fungitastic-m/train/720p/0-2238564003.JPG	A fungus grows on moss-covered wood in a forest.
/home/whx/Dataset/fungitastic-m/train/720p/2-3324333323.JPG	A fungus grows on decaying wood.
/home/whx/Dataset/fungitastic-m/val/720p/1-3803320329.JPG	Decaying wood.
/home/whx/Dataset/fungitastic-m/train/720p/0-3126949340.JPG	A fungus grows on decaying wood.
/home/whx/Dataset/fungitastic-m/train/720p/1-2238549613.JPG	Decaying wood.
/home/whx/Dataset/fungitastic-m/train/720p/0-3334596363.JPG	A fungus grows on mossy ground.
/home/whx/Dataset/fungitastic-m/train/720p/0-2238556198.JPG	A fungus grows on a dark, textured surface.
/home/whx/Dataset/fungitastic-m/test/720p/0-4465894796.JPG	A fungus on a log in a forest.
/home/whx/Dataset/fungitastic-m/test/720p/1-4169769321.JPG	A fungus grows on a decaying log in a forest.
/home/whx/Dataset/fungitastic-m/train/720p/0-2238466620.JPG	A fungus grows on a log in a forest.
/home/whx/Dataset/fungitastic-m/train/720p/1-3320490335.JPG	The background is dark.
/home/whx/Dataset/fungitastic-m/train/720p/2-2237895277.JPG	Grass.
/home/whx/Dataset/fungitastic-m/test/720p/3-4465895558.JPG	The background of the fungus is dark and soil-like.
/home/whx/Dataset/fungitastic-m/val/720p/1-3964843358.JPG	A fungus lies in grass.
/home/whx/Dataset/fungitastic-m/train/720p/0-2238502246.JPG	A fungus rests on mossy ground.
/home/whx/Dataset/fungitastic-m/train/720p/0-2413148069.JPG	A fungus is on a light gray surface.
/home/whx/Dataset/fungitastic-m/val/720p/1-4100088449.JPG	The background is a blurred forest floor.
/home/whx/Dataset/fungitastic-m/train/720p/3-2999546314.JPG	The background of the fungus is a light, speckled area with small, scattered particles.
/home/whx/Dataset/fungitastic-m/train/720p/0-2238176790.JPG	A fungus is surrounded by wet, brown leaves and twigs.
/home/whx/Dataset/fungitastic-m/train/720p/0-3386479464.JPG	A fungus is surrounded by fallen leaves and twigs.
/home/whx/Dataset/fungitastic-m/val/720p/3-3968581408.JPG	Grass.
/home/whx/Dataset/fungitastic-m/val/720p/5-3968581408.JPG	A fungus in grass.
/home/whx/Dataset/fungitastic-m/train/720p/1-2238094677.JPG	The background is black.
/home/whx/Dataset/fungitastic-m/train/720p/0-3380899309.JPG	A fungus is surrounded by green grass and small plants.
/home/whx/Dataset/fungitastic-m/train/720p/4-4100092344.JPG	A fungus is surrounded by grass, rocks, and soil.
/home/whx/Dataset/fungitastic-m/test/720p/5-4465891812.JPG	A fungus on a dark, decayed tree trunk.
/home/whx/Dataset/fungitastic-m/train/720p/0-2269197397.JPG	Wooden surface.
/home/whx/Dataset/fungitastic-m/val/720p/0-3922627492.JPG	The background of the fungus is a mix of green moss and brown pine needles.
/home/whx/Dataset/fungitastic-m/val/720p/0-3899712319.JPG	A fungus lies on forest floor, surrounded by pine needles and green leaves.
/home/whx/Dataset/fungitastic-m/val/720p/1-3899712319.JPG	A fungus is held against a grassy background.
/home/whx/Dataset/fungitastic-m/test/720p/4-4465869350.JPG	A fungus on mossy forest floor.
/home/whx/Dataset/fungitastic-m/train/720p/0-2238562792.JPG	Forest floor with pine needles and moss.
/home/whx/Dataset/fungitastic-m/train/720p/0-3327315331.JPG	The background of the fungus is a light, translucent, and slightly granular texture.
/home/whx/Dataset/fungitastic-m/train/720p/0-2238498030.JPG	The background of the fungus consists of forest debris, including twigs, leaves, and pine needles.
/home/whx/Dataset/fungitastic-m/train/720p/2-2620425303.JPG	The background of the fungus is a mix of soil and small rocks.
/home/whx/Dataset/fungitastic-m/train/720p/0-2285836216.JPG	The background of the fungus consists of forest floor debris, including leaves, twigs, and grass.
/home/whx/Dataset/fungitastic-m/train/720p/3-3340170303.JPG	A fungus rests on grass and moss.
/home/whx/Dataset/fungitastic-m/train/720p/0-3345616344.JPG	The background of the fungus is grassy.
/home/whx/Dataset/fungitastic-m/train/720p/0-2238503008.JPG	A fungus in grass.
/home/whx/Dataset/fungitastic-m/test/720p/0-4465868482.JPG	A fungus on grass.
/home/whx/Dataset/fungitastic-m/train/720p/0-2238515413.JPG	A fungus rests on green grass with scattered leaves.
/home/whx/Dataset/fungitastic-m/test/720p/1-4465869350.JPG	The background is a plain, light gray.
/home/whx/Dataset/fungitastic-m/train/720p/2-2238576792.JPG	The background of the fungus is dark.
/home/whx/Dataset/fungitastic-m/train/720p/4-3358348420.JPG	The background of the fungus is a mix of dark, wet soil, dried leaves, and scattered twigs.
/home/whx/Dataset/fungitastic-m/train/720p/0-2424122108.JPG	A fungus grows amidst fallen leaves and wood.
/home/whx/Dataset/fungitastic-m/val/720p/0-3756041336.JPG	A fungus grows on mossy forest floor.
/home/whx/Dataset/fungitastic-m/train/720p/3-3355982396.JPG	A fungus grows amidst green grass and moss.
/home/whx/Dataset/fungitastic-m/train/720p/0-2237966813.JPG	The background is a mix of brown and green, with dried leaves and twigs.
/home/whx/Dataset/fungitastic-m/train/720p/10-3355982396.JPG	A fungus on lined paper.
/home/whx/Dataset/fungitastic-m/train/720p/0-2237934319.JPG	The background is snow.
/home/whx/Dataset/fungitastic-m/val/720p/0-3916263763.JPG	Decaying wood.
/home/whx/Dataset/fungitastic-m/train/720p/2-3414824305.JPG	The background of the fungus is a forest floor with leaves, twigs, and soil.
/home/whx/Dataset/fungitastic-m/train/720p/1-2427874450.JPG	The background of the fungus is a mix of green moss and brown twigs.
/home/whx/Dataset/fungitastic-m/train/720p/0-3406497376.JPG	A fungus on decaying wood.
/home/whx/Dataset/fungitastic-m/train/720p/1-3358348420.JPG	The background of the fungus is dark, moist, and organic.
/home/whx/Dataset/fungitastic-m/train/720p/5-2994387304.JPG	The background of the fungus is a blurred reddish-brown surface.
/home/whx/Dataset/fungitastic-m/train/720p/11-2994387304.JPG	Dark and blurred.
/home/whx/Dataset/fungitastic-m/train/720p/0-2238480412.JPG	Grass and twigs.
/home/whx/Dataset/fungitastic-m/train/720p/1-3334605349.JPG	A fungus on moss.
/home/whx/Dataset/fungitastic-m/train/720p/2-2238527776.JPG	A fungus is surrounded by green, blurred vegetation.
/home/whx/Dataset/fungitastic-m/val/720p/0-3962118552.JPG	A fungus is surrounded by green moss and wet leaves.
/home/whx/Dataset/fungitastic-m/train/720p/2-2237942504.JPG	The background of the fungus is blurred, with hints of green and brown.
/home/whx/Dataset/fungitastic-m/train/720p/0-2238527776.JPG	The background is a blurred green, likely mossy.
/home/whx/Dataset/fungitastic-m/train/720p/1-2898629414.JPG	A fungus is surrounded by green moss and twigs.
/home/whx/Dataset/fungitastic-m/train/720p/0-2981233455.JPG	A fungus is surrounded by green moss and a brown leaf.
/home/whx/Dataset/fungitastic-m/train/720p/0-3399810362.JPG	A fungus is surrounded by green moss and twigs.
/home/whx/Dataset/fungitastic-m/train/720p/0-2238529772.JPG	The background of the fungus is a mix of green leaves, moss, and small plants.
/home/whx/Dataset/fungitastic-m/train/720p/0-3005505316.JPG	The background of the fungus is a green, mossy surface with some brown pine needles.
/home/whx/Dataset/fungitastic-m/train/720p/0-2238128659.JPG	The background of the fungus consists of dried leaves and twigs.
/home/whx/Dataset/fungitastic-m/train/720p/0-3412509372.JPG	A fungus with a light gray cap and gills, surrounded by green moss and brown twigs.
/home/whx/Dataset/fungitastic-m/test/720p/0-4465902522.JPG	A fungus is surrounded by grass, leaves, and twigs.
/home/whx/Dataset/fungitastic-m/train/720p/1-2238191010.JPG	A fungus grows amidst green moss.
/home/whx/Dataset/fungitastic-m/train/720p/0-2238458134.JPG	Mossy forest floor.
/home/whx/Dataset/fungitastic-m/test/720p/2-4465894036.JPG	A fungus is surrounded by fallen leaves and soil.
/home/whx/Dataset/fungitastic-m/train/720p/0-2901937321.JPG	A fungus is surrounded by moss and forest floor.
/home/whx/Dataset/fungitastic-m/val/720p/0-3916264491.JPG	A fungus rests on mossy forest floor.
/home/whx/Dataset/fungitastic-m/train/720p/1-2238329703.JPG	A fungus in grass.
/home/whx/Dataset/fungitastic-m/train/720p/0-2413149027.JPG	A fungus rests on mossy ground.
/home/whx/Dataset/fungitastic-m/test/720p/0-4465868748.JPG	A fungus in grass.
/home/whx/Dataset/fungitastic-m/test/720p/0-4169765550.JPG	The background of the fungus is sandy with scattered debris.
/home/whx/Dataset/fungitastic-m/train/720p/3-2901935338.JPG	The background of the fungus is a mix of green moss and brown soil.
/home/whx/Dataset/fungitastic-m/train/720p/1-2883261477.JPG	A fungus in a forest setting with green grass and fallen leaves.
/home/whx/Dataset/fungitastic-m/test/720p/0-4465867732.JPG	The background of the fungus is a forest floor with grass, leaves, and soil.
/home/whx/Dataset/fungitastic-m/val/720p/0-3968580354.JPG	The background of the fungus is a forest floor with moss, twigs, and dried leaves.
/home/whx/Dataset/fungitastic-m/train/720p/2-2821605357.JPG	A fungus rests on mossy forest floor.
/home/whx/Dataset/fungitastic-m/train/720p/1-2874318524.JPG	A fungus is surrounded by pine needles and moss.
/home/whx/Dataset/fungitastic-m/train/720p/0-2425494806.JPG	A fungus rests on a bed of lichen and greenery.
/home/whx/Dataset/fungitastic-m/train/720p/1-3320492343.JPG	The background of the fungus is a forest floor with wet leaves and twigs.
/home/whx/Dataset/fungitastic-m/train/720p/2-2816367326.JPG	A fungus lies on mossy forest floor.
/home/whx/Dataset/fungitastic-m/train/720p/0-2868488553.JPG	A fungus grows on mossy forest floor.
/home/whx/Dataset/fungitastic-m/train/720p/0-2238448414.JPG	A fungus rests on forest floor with moss and pine needles.
/home/whx/Dataset/fungitastic-m/train/720p/0-2238591463.JPG	A fungus lies on mossy ground.
/home/whx/Dataset/fungitastic-m/train/720p/0-2238575506.JPG	A fungus on a beige surface.
/home/whx/Dataset/fungitastic-m/train/720p/2-2238425374.JPG	The background of the fungus is a mix of soil and small debris.
/home/whx/Dataset/fungitastic-m/val/720p/0-3944337884.JPG	A fungus on mossy ground.
/home/whx/Dataset/fungitastic-m/val/720p/1-3970587489.JPG	A fungus rests on moss, surrounded by fallen leaves.
/home/whx/Dataset/fungitastic-m/train/720p/0-2238474192.JPG	A fungus is surrounded by dried leaves.
/home/whx/Dataset/fungitastic-m/train/720p/0-2238331856.JPG	Grass and fallen leaves.
/home/whx/Dataset/fungitastic-m/val/720p/6-3944337884.JPG	A fungus is surrounded by green moss and grass.
/home/whx/Dataset/fungitastic-m/train/720p/3-3424500318.JPG	The background of the fungus is a light, cloudy, and somewhat blurry texture.
/home/whx/Dataset/fungitastic-m/train/720p/3-2238500769.JPG	A fungus lies on wet, pebbled ground.
/home/whx/Dataset/fungitastic-m/train/720p/1-2238425374.JPG	A fungus lies on a rough, earthy surface.
/home/whx/Dataset/fungitastic-m/train/720p/1-2238575506.JPG	A fungus on a white surface.
/home/whx/Dataset/fungitastic-m/train/720p/1-2427872841.JPG	A fungus lies on a bed of dried leaves and twigs.
/home/whx/Dataset/fungitastic-m/train/720p/0-2238404043.JPG	A fungus stands amidst fallen leaves in a forest.
/home/whx/Dataset/fungitastic-m/train/720p/0-2238341663.JPG	The background of the fungus consists of dried leaves and twigs.
/home/whx/Dataset/fungitastic-m/train/720p/0-2238524887.JPG	The background of the fungus consists of dried leaves and twigs.
/home/whx/Dataset/fungitastic-m/test/720p/0-4465888289.JPG	A fungus in pine needles.
/home/whx/Dataset/fungitastic-m/train/720p/0-2238336296.JPG	A fungus in a grassy, forest floor setting.
/home/whx/Dataset/fungitastic-m/test/720p/4-4465863289.JPG	A fungus lies on mossy ground.
/home/whx/Dataset/fungitastic-m/train/720p/3-2812983354.JPG	The background of the fungus is a mix of green moss and brown twigs.
/home/whx/Dataset/fungitastic-m/test/720p/0-4465862202.JPG	A fungus on weathered wood.
/home/whx/Dataset/fungitastic-m/train/720p/1-2238569276.JPG	A fungus on forest floor with pine needles and moss.
/home/whx/Dataset/fungitastic-m/train/720p/0-2237973267.JPG	wooden surface, outdoor setting.
/home/whx/Dataset/fungitastic-m/train/720p/0-2238193128.JPG	The background of the fungus is a forest floor with moss, twigs, and fallen leaves.
/home/whx/Dataset/fungitastic-m/train/720p/1-2238161306.JPG	A fungus in grass.
/home/whx/Dataset/fungitastic-m/test/720p/1-4465863289.JPG	A fungus on moss.
/home/whx/Dataset/fungitastic-m/train/720p/0-3329733360.JPG	A fungus lies on forest floor with pine needles and grass.
/home/whx/Dataset/fungitastic-m/train/720p/0-2238384580.JPG	Forest floor with moss and pine needles.
/home/whx/Dataset/fungitastic-m/test/720p/0-4465889243.JPG	A fungus rests on forest floor, surrounded by grass and moss.
/home/whx/Dataset/fungitastic-m/train/720p/0-2237967513.JPG	A fungus lies on forest floor with pine needles and grass.
/home/whx/Dataset/fungitastic-m/test/720p/0-4465878452.JPG	A fungus on mossy forest floor.
/home/whx/Dataset/fungitastic-m/train/720p/0-2238163846.JPG	The fungus is on moss and pine needles.
/home/whx/Dataset/fungitastic-m/val/720p/2-3944339536.JPG	A fungus rests on moss and pine needles.
/home/whx/Dataset/fungitastic-m/train/720p/1-2238490987.JPG	A fungus in grass.
/home/whx/Dataset/fungitastic-m/test/720p/1-4169764102.JPG	A fungus is surrounded by green moss.
/home/whx/Dataset/fungitastic-m/val/720p/0-3865752318.JPG	The background of the fungus is a forest floor with scattered leaves, twigs, and small green plants.
/home/whx/Dataset/fungitastic-m/test/720p/1-4169772432.JPG	A fungus rests on a bed of pine needles.
/home/whx/Dataset/fungitastic-m/train/720p/2-2864911376.JPG	A fungus rests on mossy forest floor.
/home/whx/Dataset/fungitastic-m/val/720p/1-4100090587.JPG	A fungus on mossy forest floor.
/home/whx/Dataset/fungitastic-m/val/720p/2-3891499337.JPG	A fungus rests on a bed of dried leaves and moss.
/home/whx/Dataset/fungitastic-m/train/720p/0-3382567461.JPG	A fungus rests on pine needles and grass.
/home/whx/Dataset/fungitastic-m/test/720p/1-4465880034.JPG	A fungus is surrounded by green moss and pine needles.
/home/whx/Dataset/fungitastic-m/train/720p/2-3419921326.JPG	The background is blurred green foliage.
/home/whx/Dataset/fungitastic-m/train/720p/0-3419921326.JPG	The background is a plain, light-colored surface.
/home/whx/Dataset/fungitastic-m/test/720p/2-4465879990.JPG	A fungus in a forest setting with pine needles and cones.
/home/whx/Dataset/fungitastic-m/test/720p/4-4169764102.JPG	A fungus grows on forest floor with green moss and pine needles.
/home/whx/Dataset/fungitastic-m/val/720p/0-3863497342.JPG	A fungus rests on mossy forest floor.
/home/whx/Dataset/fungitastic-m/val/720p/2-3867919310.JPG	A fungus in grass and leaves.
/home/whx/Dataset/fungitastic-m/train/720p/1-3355967329.JPG	A fungus rests on a bed of dried leaves and twigs.
/home/whx/Dataset/fungitastic-m/train/720p/0-3340170424.JPG	The background of the fungus is a dark, mossy forest floor.
/home/whx/Dataset/fungitastic-m/train/720p/1-2238551886.JPG	A fungus on a white surface.
/home/whx/Dataset/fungitastic-m/train/720p/0-3332297323.JPG	The background of the fungus is a light, uniform color with small, evenly distributed particles.
/home/whx/Dataset/fungitastic-m/train/720p/0-2332528966.JPG	The background of the fungus is a mix of soil, leaves, and twigs.
/home/whx/Dataset/fungitastic-m/val/720p/3-3925718421.JPG	A fungus is held against a backdrop of autumn leaves and green foliage.
/home/whx/Dataset/fungitastic-m/test/720p/0-4465897937.JPG	A fungus on forest floor with grass and moss.
/home/whx/Dataset/fungitastic-m/train/720p/2-3340170424.JPG	The fungus is on mossy ground.
/home/whx/Dataset/fungitastic-m/test/720p/1-4465880993.JPG	The background of the fungus is a forest floor with moss, pine needles, and small twigs.
/home/whx/Dataset/fungitastic-m/train/720p/0-3340169439.JPG	A fungus in grass with soil and leaves.
/home/whx/Dataset/fungitastic-m/test/720p/0-4169767586.JPG	A fungus lies on grass with scattered leaves.
/home/whx/Dataset/fungitastic-m/val/720p/1-4100095512.JPG	A fungus rests on forest floor, surrounded by fallen leaves.
/home/whx/Dataset/fungitastic-m/train/720p/0-3332295335.JPG	The background of the fungus consists of dry leaves and soil.
/home/whx/Dataset/fungitastic-m/test/720p/1-4465865391.JPG	The background of the fungus is a forest floor with moss, pine needles, and grass.
/home/whx/Dataset/fungitastic-m/test/720p/2-4465865998.JPG	A fungus in a forest setting.
/home/whx/Dataset/fungitastic-m/train/720p/0-2382324687.JPG	The background of the fungus is a forest floor with leaves and twigs.
/home/whx/Dataset/fungitastic-m/train/720p/0-2238346361.JPG	A fungus is surrounded by autumn leaves and pine cones on the forest floor.
/home/whx/Dataset/fungitastic-m/train/720p/0-2238524264.JPG	A fungus on a wooden surface.
/home/whx/Dataset/fungitastic-m/val/720p/1-3922627697.JPG	A fungus is surrounded by grass and debris.
/home/whx/Dataset/fungitastic-m/test/720p/1-4169757864.JPG	A fungus in grass.
/home/whx/Dataset/fungitastic-m/train/720p/1-2237968450.JPG	A fungus on a wooden surface.
/home/whx/Dataset/fungitastic-m/train/720p/1-2331570838.JPG	The background of the fungus is a light, cloudy, and fibrous texture.
/home/whx/Dataset/fungitastic-m/train/720p/1-2332528922.JPG	A fungus on a wooden surface.
/home/whx/Dataset/fungitastic-m/train/720p/1-3340162410.JPG	A fungus is surrounded by green moss and clover.
/home/whx/Dataset/fungitastic-m/train/720p/1-2238471666.JPG	The background of the fungus consists of dried leaves and twigs.
/home/whx/Dataset/fungitastic-m/val/720p/3-3922622705.JPG	A fungus is surrounded by moss and pine needles.
/home/whx/Dataset/fungitastic-m/val/720p/0-3894175370.JPG	The background is plain and light-colored.
/home/whx/Dataset/fungitastic-m/test/720p/0-4465883387.JPG	A fungus on weathered wood.
/home/whx/Dataset/fungitastic-m/train/720p/0-2883262521.JPG	A fungus rests on mossy ground.
/home/whx/Dataset/fungitastic-m/train/720p/0-2238213375.JPG	A fungus rests on a wooden surface.
/home/whx/Dataset/fungitastic-m/test/720p/1-4465895373.JPG	The background of the fungus consists of dried leaves and soil.
/home/whx/Dataset/fungitastic-m/train/720p/0-2238156341.JPG	A fungus rests on forest floor, surrounded by pine needles and moss.
/home/whx/Dataset/fungitastic-m/val/720p/1-3944338786.JPG	Grass, leaves, blurred.
/home/whx/Dataset/fungitastic-m/val/720p/0-3891493342.JPG	A fungus on mossy ground.
/home/whx/Dataset/fungitastic-m/test/720p/0-4169758039.JPG	A fungus in grass.
/home/whx/Dataset/fungitastic-m/train/720p/3-2238417373.JPG	A fungus on a white surface with a sticker.
/home/whx/Dataset/fungitastic-m/train/720p/0-2860299363.JPG	Grass, leaves, soil.
/home/whx/Dataset/fungitastic-m/train/720p/0-2238496551.JPG	A fungus is on grass.
/home/whx/Dataset/fungitastic-m/train/720p/0-2898632449.JPG	A fungus is placed on a concrete surface with a white wall in the background.
/home/whx/Dataset/fungitastic-m/test/720p/1-4465882643.JPG	Grass and soil.
/home/whx/Dataset/fungitastic-m/train/720p/1-2238419210.JPG	A fungus on a white surface.
/home/whx/Dataset/fungitastic-m/train/720p/0-2238469097.JPG	A fungus in grass.
/home/whx/Dataset/fungitastic-m/test/720p/1-4465870386.JPG	Green grass.
/home/whx/Dataset/fungitastic-m/train/720p/2-2860299363.JPG	Grass, leaves, soil.
/home/whx/Dataset/fungitastic-m/train/720p/2-2238417373.JPG	A fungus on a white surface with a green leaf and a small object nearby.
/home/whx/Dataset/fungitastic-m/train/720p/0-3327305355.JPG	A fungus in grass.
/home/whx/Dataset/fungitastic-m/train/720p/1-2575117795.JPG	A fungus is on soil with grass.
/home/whx/Dataset/fungitastic-m/train/720p/1-2351006603.JPG	Grass.
/home/whx/Dataset/fungitastic-m/train/720p/0-2238342415.JPG	The background of the fungus is a mix of brown leaves, green moss, and a tree trunk.
/home/whx/Dataset/fungitastic-m/train/720p/1-3380891493.JPG	The background of the fungus is a light, blurry, and somewhat uniform grayish-white.
/home/whx/Dataset/fungitastic-m/test/720p/1-4465874280.JPG	A fungus rests on a weathered log surrounded by fallen leaves.
/home/whx/Dataset/fungitastic-m/train/720p/0-2421824344.JPG	A fungus is surrounded by wet, brown leaves and green moss.
/home/whx/Dataset/fungitastic-m/val/720p/0-3916268677.JPG	A fungus is surrounded by fallen leaves and green grass.
/home/whx/Dataset/fungitastic-m/train/720p/0-2238329423.JPG	The background is dark and blurred, with hints of wood and leaves.
/home/whx/Dataset/fungitastic-m/train/720p/0-2237931347.JPG	Green grass.
/home/whx/Dataset/fungitastic-m/train/720p/2-2868473433.JPG	A fungus is surrounded by green moss and grass.
/home/whx/Dataset/fungitastic-m/train/720p/0-2238084223.JPG	A fungus on decaying wood.
/home/whx/Dataset/fungitastic-m/train/720p/2-2452379932.JPG	A fungus grows amidst moss and fallen leaves.
/home/whx/Dataset/fungitastic-m/train/720p/3-3382558370.JPG	A fungus is surrounded by grass and dried leaves.
/home/whx/Dataset/fungitastic-m/train/720p/0-2238516821.JPG	The background of the fungus is a forest floor with fallen leaves and green foliage.
/home/whx/Dataset/fungitastic-m/train/720p/1-3358352495.JPG	The background of the fungus is a blurred forest floor with brown leaves.
/home/whx/Dataset/fungitastic-m/test/720p/1-4465880891.JPG	The background of the fungus is a light, translucent area with small, scattered particles.
/home/whx/Dataset/fungitastic-m/test/720p/0-4465891431.JPG	A fungus grows amidst green moss and clover.
/home/whx/Dataset/fungitastic-m/train/720p/0-3380891493.JPG	The background is a plain, light-colored surface.
/home/whx/Dataset/fungitastic-m/train/720p/5-2898632372.JPG	A fungus in grass.
/home/whx/Dataset/fungitastic-m/train/720p/0-2964215331.JPG	The background of the fungus is dark and mossy.
/home/whx/Dataset/fungitastic-m/train/720p/0-2238295168.JPG	A fungus on moss.
/home/whx/Dataset/fungitastic-m/train/720p/0-3340165394.JPG	A fungus is surrounded by green moss and pine cones.
/home/whx/Dataset/fungitastic-m/train/720p/0-2238077795.JPG	The background is a plain, light-colored surface.
/home/whx/Dataset/fungitastic-m/train/720p/0-2238428056.JPG	The background of the fungus is a forest floor with moss, twigs, and pine needles.
/home/whx/Dataset/fungitastic-m/train/720p/0-3392608399.JPG	A fungus on a white surface.
/home/whx/Dataset/fungitastic-m/train/720p/0-2238563277.JPG	A fungus is surrounded by pine needles and soil.
/home/whx/Dataset/fungitastic-m/val/720p/3-3964845378.JPG	A fungus rests on a dark, textured surface with blurred greenery in the background.
/home/whx/Dataset/fungitastic-m/val/720p/0-3922622658.JPG	The background of the fungus consists of dried grass and leaves.
/home/whx/Dataset/fungitastic-m/train/720p/0-2862694357.JPG	The background of the fungus is a forest floor with wood chips and moss.
/home/whx/Dataset/fungitastic-m/train/720p/0-3345600309.JPG	The background of the fungus is a forest floor covered with leaves and twigs.
/home/whx/Dataset/fungitastic-m/train/720p/1-2238171282.JPG	The background of the fungus is a mix of dark soil, twigs, and scattered green leaves.
/home/whx/Dataset/fungitastic-m/train/720p/0-2458347433.JPG	A fungus on mossy forest floor.
/home/whx/Dataset/fungitastic-m/train/720p/0-4847340606.JPG	A fungus is surrounded by dry leaves and twigs.
/home/whx/Dataset/fungitastic-m/train/720p/0-3406482312.JPG	Fall leaves and soil.
/home/whx/Dataset/fungitastic-m/train/720p/0-2238375091.JPG	a fungus on forest floor with dried leaves.
/home/whx/Dataset/fungitastic-m/train/720p/0-3343238464.JPG	The background of the fungus is a forest floor with leaves, twigs, and pine needles.
/home/whx/Dataset/fungitastic-m/train/720p/1-2238150124.JPG	Grass and soil.
/home/whx/Dataset/fungitastic-m/train/720p/0-2651227317.JPG	A fungus rests on fallen leaves and grass.
/home/whx/Dataset/fungitastic-m/train/720p/1-2238151544.JPG	A fungus is surrounded by fallen leaves and soil.
/home/whx/Dataset/fungitastic-m/test/720p/0-4465867446.JPG	A fungus rests on mossy forest floor.
/home/whx/Dataset/fungitastic-m/train/720p/0-2238565524.JPG	A fungus rests on fallen leaves.
/home/whx/Dataset/fungitastic-m/train/720p/0-3327305348.JPG	A fungus on forest floor with debris.
/home/whx/Dataset/fungitastic-m/train/720p/1-3329721348.JPG	The background of the fungus is a forest floor with scattered leaves and soil.
/home/whx/Dataset/fungitastic-m/train/720p/0-2238468056.JPG	A fungus grows on mossy ground.
/home/whx/Dataset/fungitastic-m/val/720p/2-3891497329.JPG	A fungus is surrounded by fallen leaves and twigs on the forest floor.
/home/whx/Dataset/fungitastic-m/train/720p/0-2238346673.JPG	A fungus on newspaper.
/home/whx/Dataset/fungitastic-m/train/720p/0-3343247426.JPG	A fungus rests on forest floor with fallen leaves and green moss.
/home/whx/Dataset/fungitastic-m/train/720p/1-2237913860.JPG	A fungus on a wooden surface.
/home/whx/Dataset/fungitastic-m/train/720p/0-2238495946.JPG	A fungus is surrounded by fallen leaves and green grass.
/home/whx/Dataset/fungitastic-m/train/720p/0-2351006316.JPG	A fungus on a dark, wooden surface.
/home/whx/Dataset/fungitastic-m/train/720p/1-2237960871.JPG	A fungus in grass.
/home/whx/Dataset/fungitastic-m/train/720p/3-2238507909.JPG	The background is plain and light-colored.
/home/whx/Dataset/fungitastic-m/train/720p/0-3329727303.JPG	A fungus on mossy ground.
/home/whx/Dataset/fungitastic-m/test/720p/2-4465889454.JPG	A fungus rests on fallen leaves and twigs.
/home/whx/Dataset/fungitastic-m/train/720p/1-3340175405.JPG	The background of the fungus is sandy with scattered pine needles.
/home/whx/Dataset/fungitastic-m/train/720p/0-2238565433.JPG	A fungus rests on mossy forest floor.
/home/whx/Dataset/fungitastic-m/train/720p/0-2238531701.JPG	A fungus rests on a bed of dried leaves and twigs.
/home/whx/Dataset/fungitastic-m/train/720p/0-2238574244.JPG	A fungus rests on a bed of leaves and twigs.
/home/whx/Dataset/fungitastic-m/val/720p/1-3887953318.JPG	The background of the fungus is a blurred forest floor.
/home/whx/Dataset/fungitastic-m/val/720p/0-3909139351.JPG	A fungus rests on a bed of brown leaves.
/home/whx/Dataset/fungitastic-m/train/720p/7-2238497362.JPG	A fungus rests on mossy grass.
/home/whx/Dataset/fungitastic-m/train/720p/1-2238470691.JPG	A fungus in grass.
/home/whx/Dataset/fungitastic-m/train/720p/0-2424121987.JPG	A fungus is surrounded by green grass and a brown leaf.
/home/whx/Dataset/fungitastic-m/train/720p/1-2238506705.JPG	A fungus on a wooden surface.
/home/whx/Dataset/fungitastic-m/val/720p/0-3922628721.JPG	The background of the fungus is a forest floor with moss, leaves, and twigs.
/home/whx/Dataset/fungitastic-m/train/720p/1-2237921697.JPG	A fungus is on a white surface with a ruler in the background.
/home/whx/Dataset/fungitastic-m/train/720p/0-2238506512.JPG	A fungus grows on mossy forest floor.
/home/whx/Dataset/fungitastic-m/test/720p/0-4465869280.JPG	The background of the fungus is a forest floor with moss, pine needles, and small twigs.
/home/whx/Dataset/fungitastic-m/test/720p/1-4169772381.JPG	A fungus in a forest with brown leaves and green grass.
/home/whx/Dataset/fungitastic-m/train/720p/1-3343240440.JPG	Grassy background.
/home/whx/Dataset/fungitastic-m/val/720p/2-3880801320.JPG	A fungus in grass.
/home/whx/Dataset/fungitastic-m/val/720p/0-3880801320.JPG	A fungus rests on grass and leaves.
/home/whx/Dataset/fungitastic-m/train/720p/0-2238469907.JPG	A fungus is surrounded by fallen leaves and green foliage.
/home/whx/Dataset/fungitastic-m/train/720p/2-2382321499.JPG	A fungus in grass.
/home/whx/Dataset/fungitastic-m/test/720p/0-4169760239.JPG	Grass and leaves.
/home/whx/Dataset/fungitastic-m/train/720p/0-2382320227.JPG	A fungus on a tree trunk with moss.
/home/whx/Dataset/fungitastic-m/train/720p/1-2382322400.JPG	The background of the fungus is a forest floor with scattered leaves and twigs.
/home/whx/Dataset/fungitastic-m/train/720p/2-2238502290.JPG	A fungus in grass.
/home/whx/Dataset/fungitastic-m/test/720p/0-4169766381.JPG	Grass and clover.
/home/whx/Dataset/fungitastic-m/train/720p/0-3313861312.JPG	The background of the fungus is a mix of green grass, brown leaves, and twigs.
/home/whx/Dataset/fungitastic-m/train/720p/0-2238568024.JPG	Grassy background.
/home/whx/Dataset/fungitastic-m/train/720p/0-3334602321.JPG	A fungus on a wooden surface.
/home/whx/Dataset/fungitastic-m/train/720p/1-2238525232.JPG	Fall leaves and twigs.
/home/whx/Dataset/fungitastic-m/train/720p/0-2251780961.JPG	A fungus in a forest with green grass and fallen leaves.
/home/whx/Dataset/fungitastic-m/train/720p/0-2238339474.JPG	A fungus in a forest with fallen leaves and a log.
/home/whx/Dataset/fungitastic-m/train/720p/0-2238392277.JPG	A fungus in a forest with green foliage and fallen leaves.
/home/whx/Dataset/fungitastic-m/train/720p/0-3424499318.JPG	The background of the fungus is a mix of soil, leaves, and organic debris.
/home/whx/Dataset/fungitastic-m/train/720p/0-2452379942.JPG	The background of the fungus consists of soil, leaves, and green moss.
/home/whx/Dataset/fungitastic-m/train/720p/0-2238379863.JPG	Grassy background.
/home/whx/Dataset/fungitastic-m/train/720p/0-2238494840.JPG	A fungus stands amidst a forest floor of leaves and trees.
/home/whx/Dataset/fungitastic-m/train/720p/0-3345616421.JPG	A fungus rests on a bed of dried leaves.
/home/whx/Dataset/fungitastic-m/train/720p/1-3343236336.JPG	The background of the fungus is a mix of brown leaves, twigs, and soil.
/home/whx/Dataset/fungitastic-m/train/720p/0-2238562839.JPG	A fungus grows amidst fallen leaves and tree trunks.
/home/whx/Dataset/fungitastic-m/test/720p/0-4465898547.JPG	The background of the fungus is a mix of soil, grass, and scattered debris.
/home/whx/Dataset/fungitastic-m/train/720p/0-2351007664.JPG	A fungus in grass.
/home/whx/Dataset/fungitastic-m/train/720p/0-2238475802.JPG	A fungus is surrounded by dry leaves and green ivy.
/home/whx/Dataset/fungitastic-m/val/720p/2-3948716755.JPG	A fungus rests on a bed of brown, dried leaves.
/home/whx/Dataset/fungitastic-m/train/720p/0-2238574660.JPG	a fungus on forest floor with dried leaves.
/home/whx/Dataset/fungitastic-m/train/720p/0-2238342805.JPG	A fungus on a wooden surface.
/home/whx/Dataset/fungitastic-m/test/720p/4-4465888924.JPG	The background of the fungus is dark and earthy, with scattered greenery and dried leaves.
/home/whx/Dataset/fungitastic-m/train/720p/3-2860300401.JPG	The background is blurred, with indistinct shapes and colors.
/home/whx/Dataset/fungitastic-m/train/720p/0-2821592329.JPG	Grassy background.
/home/whx/Dataset/fungitastic-m/test/720p/1-4169760157.JPG	A fungus rests on mossy ground.
/home/whx/Dataset/fungitastic-m/train/720p/1-2999548314.JPG	A fungus in grass with leaves.
/home/whx/Dataset/fungitastic-m/train/720p/0-2237964956.JPG	Grass.
/home/whx/Dataset/fungitastic-m/train/720p/0-4847348444.JPG	Grass and soil.
/home/whx/Dataset/fungitastic-m/train/720p/2-2238383106.JPG	A fungus is on grass.
/home/whx/Dataset/fungitastic-m/val/720p/2-3894179346.JPG	A fungus in grass and moss.
/home/whx/Dataset/fungitastic-m/train/720p/0-2238590383.JPG	A fungus rests on a wooden surface.
/home/whx/Dataset/fungitastic-m/test/720p/1-4465882037.JPG	A fungus rests on mossy ground.
/home/whx/Dataset/fungitastic-m/val/720p/0-4100093531.JPG	A fungus is surrounded by moss, twigs, and fallen leaves.
/home/whx/Dataset/fungitastic-m/train/720p/0-2238377522.JPG	The background of the fungus is a forest floor with leaves and moss.
/home/whx/Dataset/fungitastic-m/train/720p/0-2238555935.JPG	A fungus in grass.
/home/whx/Dataset/fungitastic-m/train/720p/0-2989731328.JPG	A fungus rests on mossy ground.
/home/whx/Dataset/fungitastic-m/train/720p/0-2238150054.JPG	A fungus on a white surface.
/home/whx/Dataset/fungitastic-m/test/720p/0-4465869118.JPG	A fungus on mossy ground.
/home/whx/Dataset/fungitastic-m/train/720p/0-2238328248.JPG	A fungus is surrounded by green moss and grass.
/home/whx/Dataset/fungitastic-m/train/720p/0-2238144692.JPG	A fungus rests on a yellowish-brown log amidst forest debris.
/home/whx/Dataset/fungitastic-m/train/720p/0-2856918346.JPG	A fungus is surrounded by moss and pine needles.
/home/whx/Dataset/fungitastic-m/train/720p/1-2238554450.JPG	The background of the fungus consists of soil, pine needles, and small twigs.
/home/whx/Dataset/fungitastic-m/train/720p/0-2237963327.JPG	The background of the fungus is a mix of green moss and brown twigs.
/home/whx/Dataset/fungitastic-m/train/720p/0-2238468586.JPG	A fungus on mossy ground.
/home/whx/Dataset/fungitastic-m/train/720p/3-2248039537.JPG	A fungus is surrounded by green moss and small plants.
/home/whx/Dataset/fungitastic-m/train/720p/0-2238437680.JPG	A fungus is surrounded by pine needles and twigs.
/home/whx/Dataset/fungitastic-m/train/720p/0-2804906316.JPG	A fungus is surrounded by grass and moss.
/home/whx/Dataset/fungitastic-m/test/720p/0-4465892053.JPG	A fungus is surrounded by green moss and pine needles.
/home/whx/Dataset/fungitastic-m/train/720p/1-2238216760.JPG	The background of the fungus is grass and soil.
/home/whx/Dataset/fungitastic-m/train/720p/0-2238572264.JPG	A fungus rests on moss and pine needles.
/home/whx/Dataset/fungitastic-m/train/720p/0-2238591626.JPG	A fungus rests on mossy ground.
/home/whx/Dataset/fungitastic-m/train/720p/0-2413147577.JPG	A fungus on a wooden surface.
/home/whx/Dataset/fungitastic-m/train/720p/0-2425494821.JPG	A fungus is surrounded by green moss and twigs.
/home/whx/Dataset/fungitastic-m/train/720p/0-2901951326.JPG	Dry grass and leaves.
/home/whx/Dataset/fungitastic-m/train/720p/0-2874306468.JPG	A fungus is surrounded by green moss and brown stems.
/home/whx/Dataset/fungitastic-m/train/720p/0-2238572869.JPG	A fungus is surrounded by pine needles and grass.
/home/whx/Dataset/fungitastic-m/train/720p/0-2238487443.JPG	The background of the fungus is a mix of green moss, brown leaves, and grass.
/home/whx/Dataset/fungitastic-m/train/720p/3-2238505344.JPG	The background is a pale, light pink.
/home/whx/Dataset/fungitastic-m/train/720p/0-3380892330.JPG	A fungus is surrounded by green moss and fallen leaves.
/home/whx/Dataset/fungitastic-m/test/720p/0-4465888007.JPG	A fungus is surrounded by green moss and twigs.
/home/whx/Dataset/fungitastic-m/train/720p/0-2427871907.JPG	A fungus is surrounded by grass, leaves, and twigs.
/home/whx/Dataset/fungitastic-m/val/720p/0-3909138458.JPG	A fungus is surrounded by green clover and moss.
/home/whx/Dataset/fungitastic-m/train/720p/0-2424123720.JPG	A fungus grows amidst moss and fallen leaves.
/home/whx/Dataset/fungitastic-m/train/720p/1-2238580874.JPG	A fungus is surrounded by pine needles and dried leaves.
/home/whx/Dataset/fungitastic-m/train/720p/0-2981241366.JPG	A fungus on a green background.
/home/whx/Dataset/fungitastic-m/train/720p/0-2421823480.JPG	The background of the fungus consists of fallen leaves, twigs, and pine cones.
/home/whx/Dataset/fungitastic-m/test/720p/1-4465895463.JPG	A fungus grows amidst green moss and fallen leaves.
/home/whx/Dataset/fungitastic-m/train/720p/0-3380887305.JPG	The background of the fungus consists of green ivy leaves, pine needles, and pine cones.
/home/whx/Dataset/fungitastic-m/train/720p/0-2989730315.JPG	A fungus rests on dried leaves.
/home/whx/Dataset/fungitastic-m/val/720p/0-3909145312.JPG	The background of the fungus is dark and earthy.
/home/whx/Dataset/fungitastic-m/train/720p/1-3327308351.JPG	A fungus on a wooden surface.
/home/whx/Dataset/fungitastic-m/train/720p/1-2874308468.JPG	The background of the fungus consists of brown leaves and grass.
/home/whx/Dataset/fungitastic-m/val/720p/2-3909145312.JPG	The background of the fungus is a bed of brown, decayed leaves.
/home/whx/Dataset/fungitastic-m/train/720p/0-2238557321.JPG	A fungus rests on a bed of brown leaves.
/home/whx/Dataset/fungitastic-m/train/720p/1-2238154576.JPG	The background is blurred green.
/home/whx/Dataset/fungitastic-m/train/720p/2-2238158782.JPG	The background of the fungus is dark and out of focus.
/home/whx/Dataset/fungitastic-m/train/720p/0-3422348305.JPG	The background is a mix of brown and green, likely forest floor.
/home/whx/Dataset/fungitastic-m/train/720p/1-3382573367.JPG	A fungus is surrounded by brown leaves and green grass.
/home/whx/Dataset/fungitastic-m/test/720p/0-4465884509.JPG	The background of the fungus is a mix of soil, leaves, and grass.
/home/whx/Dataset/fungitastic-m/train/720p/0-2237964184.JPG	A fungus on brown paper with a ruler.
/home/whx/Dataset/fungitastic-m/train/720p/0-2237917575.JPG	The fungus is on a dark, mossy surface.
/home/whx/Dataset/fungitastic-m/train/720p/1-2238184921.JPG	A fungus on a wooden surface.
/home/whx/Dataset/fungitastic-m/train/720p/1-2351007311.JPG	The background of the fungus consists of grass, soil, and small twigs.
/home/whx/Dataset/fungitastic-m/test/720p/2-4465863045.JPG	A fungus with a brown cap and white gills.
/home/whx/Dataset/fungitastic-m/train/720p/1-2868487378.JPG	Clear plastic container.
/home/whx/Dataset/fungitastic-m/test/720p/0-4465875654.JPG	A fungus is nestled among green moss and grass.
/home/whx/Dataset/fungitastic-m/train/720p/1-2883256432.JPG	A fungus in grass and moss.
/home/whx/Dataset/fungitastic-m/train/720p/0-3410051348.JPG	A fungus is surrounded by green ivy and fallen leaves.
/home/whx/Dataset/fungitastic-m/val/720p/1-3899713416.JPG	A fungus grows amidst grass and moss.
/home/whx/Dataset/fungitastic-m/train/720p/2-2238568130.JPG	A fungus in grass and leaves.
/home/whx/Dataset/fungitastic-m/train/720p/0-2238069596.JPG	Grass and soil.
/home/whx/Dataset/fungitastic-m/train/720p/0-3343241452.JPG	A fungus in grass.
/home/whx/Dataset/fungitastic-m/val/720p/1-3916265572.JPG	A fungus rests on a bed of green moss.
/home/whx/Dataset/fungitastic-m/train/720p/2-2238329723.JPG	A fungus on a wooden surface.
/home/whx/Dataset/fungitastic-m/test/720p/2-4465889759.JPG	The background is plain white.
/home/whx/Dataset/fungitastic-m/test/720p/0-4465873353.JPG	A fungus on mossy ground.
/home/whx/Dataset/fungitastic-m/test/720p/2-4465902377.JPG	Blurred green and brown.
/home/whx/Dataset/fungitastic-m/train/720p/2-2868487477.JPG	A fungus rests on moss and grass.
/home/whx/Dataset/fungitastic-m/train/720p/0-4847342525.JPG	A fungus grows amidst grass and pine needles.
/home/whx/Dataset/fungitastic-m/train/720p/0-3382566402.JPG	A fungus is surrounded by pine needles and green vegetation.
/home/whx/Dataset/fungitastic-m/train/720p/0-2238484604.JPG	Grass and dried leaves.
/home/whx/Dataset/fungitastic-m/train/720p/0-2238437695.JPG	Grass and leaves.
/home/whx/Dataset/fungitastic-m/train/720p/0-2238051742.JPG	A fungus grows amidst green moss and twigs.
/home/whx/Dataset/fungitastic-m/train/720p/0-2237944647.JPG	A fungus is surrounded by pine needles and grass.
/home/whx/Dataset/fungitastic-m/val/720p/0-3913248354.JPG	A fungus is surrounded by green leaves.
/home/whx/Dataset/fungitastic-m/test/720p/1-4465866136.JPG	Green grass.
/home/whx/Dataset/fungitastic-m/train/720p/0-2238124294.JPG	A fungus grows amidst grass and moss.
/home/whx/Dataset/fungitastic-m/train/720p/0-2238574638.JPG	Grass and leaves.
/home/whx/Dataset/fungitastic-m/train/720p/0-2238191214.JPG	A fungus is surrounded by pine needles and twigs.
/home/whx/Dataset/fungitastic-m/test/720p/0-4465866136.JPG	A fungus stands amidst green grass.
/home/whx/Dataset/fungitastic-m/val/720p/0-3922624667.JPG	A fungus is held against a blurred, gray background.
/home/whx/Dataset/fungitastic-m/train/720p/0-2238520784.JPG	A fungus on a textured, dark surface.
/home/whx/Dataset/fungitastic-m/train/720p/0-2238449440.JPG	The background of the fungus is a mix of green moss, grass, and soil.
/home/whx/Dataset/fungitastic-m/val/720p/2-4100090753.JPG	The background of the fungus is a light, cloudy, and somewhat granular texture.
/home/whx/Dataset/fungitastic-m/train/720p/1-2238556627.JPG	The background of the fungus is a mix of green grass, brown wood, and scattered leaves.
/home/whx/Dataset/fungitastic-m/train/720p/0-2984622346.JPG	Mossy ground with fallen leaves.
/home/whx/Dataset/fungitastic-m/val/720p/1-3962113597.JPG	A fungus grows on moss with autumn leaves.
/home/whx/Dataset/fungitastic-m/train/720p/0-2238468575.JPG	A fungus grows amidst vibrant green moss.
/home/whx/Dataset/fungitastic-m/train/720p/0-3392599313.JPG	A fungus is surrounded by moss and fallen leaves.
/home/whx/Dataset/fungitastic-m/train/720p/4-2851422314.JPG	A fungus rests on a moss-covered log in a forest.
/home/whx/Dataset/fungitastic-m/val/720p/0-3944341317.JPG	A fungus is on a piece of wood in a clear container.
/home/whx/Dataset/fungitastic-m/test/720p/3-4169761793.JPG	The background of the fungus is dark.
/home/whx/Dataset/fungitastic-m/train/720p/5-2248039515.JPG	The background of the fungus is a warm, golden hue with scattered, smaller particles.
/home/whx/Dataset/fungitastic-m/train/720p/2-2251781113.JPG	Blurred green foliage.
/home/whx/Dataset/fungitastic-m/train/720p/2-3358360344.JPG	The background is a blurred mix of green foliage and brown earth.
/home/whx/Dataset/fungitastic-m/train/720p/7-2816360302.JPG	A fungus on a translucent, water-like surface with red and green hues.
/home/whx/Dataset/fungitastic-m/train/720p/1-2238044688.JPG	On grassy bank, standing.
/home/whx/Dataset/fungitastic-m/train/720p/4-2238412841.JPG	Green grass.
/home/whx/Dataset/fungitastic-m/train/720p/2-2238384481.JPG	A fungus grows on moss.
/home/whx/Dataset/fungitastic-m/train/720p/0-2238447393.JPG	A fungus grows amidst green moss and fallen leaves.
/home/whx/Dataset/fungitastic-m/train/720p/0-2238458608.JPG	Green background.
/home/whx/Dataset/fungitastic-m/train/720p/1-3126944321.JPG	A fungus grows on mossy ground.
/home/whx/Dataset/fungitastic-m/train/720p/1-2237889179.JPG	The background of the fungus is a forest floor with soil, pine needles, and dried leaves.
/home/whx/Dataset/fungitastic-m/train/720p/1-2237914322.JPG	The background of the fungus is grass and pine needles.
/home/whx/Dataset/fungitastic-m/train/720p/2-2382324774.JPG	The background of the fungus is a light brown, textured surface.
/home/whx/Dataset/fungitastic-m/val/720p/0-3964842621.JPG	A fungus on a dark surface.
/home/whx/Dataset/fungitastic-m/val/720p/4-3909139391.JPG	Grass and soil.
/home/whx/Dataset/fungitastic-m/train/720p/0-2237957960.JPG	A fungus on a wooden surface.
/home/whx/Dataset/fungitastic-m/val/720p/3-3968579303.JPG	The background of the fungus is sandy with small pebbles.
/home/whx/Dataset/fungitastic-m/train/720p/0-2238159230.JPG	The background is plain white.
/home/whx/Dataset/fungitastic-m/train/720p/2-2651219307.JPG	A fungus lies on a bed of dark, granular material.
/home/whx/Dataset/fungitastic-m/test/720p/1-4465881852.JPG	A fungus lies on grass.
/home/whx/Dataset/fungitastic-m/train/720p/2-2238565872.JPG	A fungus on a gray, textured surface.
/home/whx/Dataset/fungitastic-m/train/720p/2-2421821399.JPG	The background of the fungus is soil and vegetation.
/home/whx/Dataset/fungitastic-m/train/720p/3-2862689306.JPG	The background of the fungus is dark brown with a textured surface.
/home/whx/Dataset/fungitastic-m/train/720p/0-2238214685.JPG	A fungus on a green background.
/home/whx/Dataset/fungitastic-m/train/720p/1-2244194131.JPG	A fungus on a dark, textured surface.
/home/whx/Dataset/fungitastic-m/train/720p/1-2862689306.JPG	A fungus in grass.
/home/whx/Dataset/fungitastic-m/train/720p/1-2413147570.JPG	A fungus is surrounded by green moss and grass.
/home/whx/Dataset/fungitastic-m/val/720p/0-3861312310.JPG	The background is dark.
/home/whx/Dataset/fungitastic-m/train/720p/0-2238437052.JPG	A fungus is on a plain, light-colored surface.
/home/whx/Dataset/fungitastic-m/train/720p/0-2238430504.JPG	The background is plain white.
/home/whx/Dataset/fungitastic-m/test/720p/3-4465861357.JPG	The background of the fungus is black.
/home/whx/Dataset/fungitastic-m/train/720p/1-2238207997.JPG	A fungus on a wooden surface.
/home/whx/Dataset/fungitastic-m/train/720p/0-2424121839.JPG	The background of the fungus is black.
/home/whx/Dataset/fungitastic-m/train/720p/0-2238220336.JPG	The background is blurred green.
/home/whx/Dataset/fungitastic-m/train/720p/0-2238158802.JPG	A fungus with a red cap and white stem is held against a green background.
/home/whx/Dataset/fungitastic-m/train/720p/2-2238158594.JPG	A fungus is placed on a newspaper with text and images.
/home/whx/Dataset/fungitastic-m/train/720p/1-2821598330.JPG	A fungus on mossy forest floor.
/home/whx/Dataset/fungitastic-m/test/720p/2-4169757914.JPG	A fungus rests on moss.
/home/whx/Dataset/fungitastic-m/train/720p/0-2238521551.JPG	A fungus is surrounded by grass and fallen leaves.
/home/whx/Dataset/fungitastic-m/train/720p/4-2413147570.JPG	A fungus in a forest setting with greenery and moss.
/home/whx/Dataset/fungitastic-m/val/720p/3-3970588373.JPG	The fungus is on a white background.
/home/whx/Dataset/fungitastic-m/train/720p/0-2238571580.JPG	A fungus rests on green moss.
/home/whx/Dataset/fungitastic-m/train/720p/0-2237961356.JPG	A fungus is surrounded by green moss and brown debris.
/home/whx/Dataset/fungitastic-m/train/720p/1-2430666650.JPG	The background is blurred, with muted greens and browns.
/home/whx/Dataset/fungitastic-m/train/720p/1-2862687308.JPG	A fungus is nestled among moss and soil.
/home/whx/Dataset/fungitastic-m/train/720p/0-2238523167.JPG	The background of the fungus is a plain white surface.
/home/whx/Dataset/fungitastic-m/train/720p/0-3380897430.JPG	The background of the fungus is a forest floor with moss, twigs, and soil.
/home/whx/Dataset/fungitastic-m/val/720p/1-3925713425.JPG	A fungus grows on decaying wood.
/home/whx/Dataset/fungitastic-m/train/720p/0-2237912323.JPG	A fungus grows on mossy ground.
/home/whx/Dataset/fungitastic-m/test/720p/4-4169763822.JPG	The background of the fungus is a light, cloudy white.
/home/whx/Dataset/fungitastic-m/train/720p/0-2238328221.JPG	A fungus grows on moss.
/home/whx/Dataset/fungitastic-m/train/720p/2-2999555315.JPG	The background of the fungus is a light, translucent, and slightly blurred environment.
/home/whx/Dataset/fungitastic-m/val/720p/1-3962118652.JPG	Blurred, natural setting.
/home/whx/Dataset/fungitastic-m/train/720p/1-3392600332.JPG	A fungus is surrounded by green moss.
/home/whx/Dataset/fungitastic-m/train/720p/0-2238470072.JPG	The background of the fungus is a wooden surface with dried plant material.
/home/whx/Dataset/fungitastic-m/test/720p/0-4465882756.JPG	The background of the fungus is a mix of green moss and brown twigs.
/home/whx/Dataset/fungitastic-m/train/720p/1-4465864306.JPG	Grass and pine needles.
/home/whx/Dataset/fungitastic-m/train/720p/2-2238473561.JPG	Mossy forest floor.
/home/whx/Dataset/fungitastic-m/train/720p/1-2238497857.JPG	A fungus rests on green moss.
/home/whx/Dataset/fungitastic-m/train/720p/2-2238435183.JPG	The background of the fungus is a mix of dried leaves, twigs, and moss.
/home/whx/Dataset/fungitastic-m/train/720p/1-2238472413.JPG	A fungus rests on a bed of brown, dried leaves.
/home/whx/Dataset/fungitastic-m/train/720p/2-2874310477.JPG	A fungus is surrounded by grass and fallen leaves.
/home/whx/Dataset/fungitastic-m/train/720p/7-2238560176.JPG	The background of the fungus is a mix of brown and green, likely leaves and forest floor.
/home/whx/Dataset/fungitastic-m/train/720p/1-2901937361.JPG	A fungus is surrounded by fallen leaves.
/home/whx/Dataset/fungitastic-m/train/720p/4-2238560176.JPG	The background of the fungus is a mix of brown and green, likely soil and grass.
/home/whx/Dataset/fungitastic-m/train/720p/1-2238392796.JPG	The background of the fungus is a mix of green moss and brown leaves.
/home/whx/Dataset/fungitastic-m/train/720p/0-2238419467.JPG	A fungus rests on a bed of brown leaves.
/home/whx/Dataset/fungitastic-m/train/720p/1-2238220729.JPG	A fungus on a weathered wooden surface.
/home/whx/Dataset/fungitastic-m/train/720p/1-2238560176.JPG	The background of the fungus is a mix of brown and white, with some soil and dried leaves.
/home/whx/Dataset/fungitastic-m/train/720p/0-2238571497.JPG	The background of the fungus is a forest floor with pine needles, twigs, and small plants.
/home/whx/Dataset/fungitastic-m/test/720p/1-4465877350.JPG	The background of the fungus is a mix of dark soil, fallen leaves, and small twigs.
/home/whx/Dataset/fungitastic-m/train/720p/0-3327299338.JPG	A fungus on forest floor with grass and debris.
/home/whx/Dataset/fungitastic-m/train/720p/0-2238435646.JPG	A fungus rests on mossy ground.
/home/whx/Dataset/fungitastic-m/train/720p/3-2238561246.JPG	The background of the fungus is a forest floor covered in moss and pine needles.
/home/whx/Dataset/fungitastic-m/train/720p/4-2238439410.JPG	The background of the fungus is a light, cloudy, and somewhat translucent medium.
/home/whx/Dataset/fungitastic-m/train/720p/0-2238585166.JPG	A fungus grows on a textured, mossy surface.
/home/whx/Dataset/fungitastic-m/train/720p/4-2238585207.JPG	A fungus is on a mossy surface.
/home/whx/Dataset/fungitastic-m/train/720p/2-2238439410.JPG	The background of the fungus is a blurred mix of earthy tones and green moss.
/home/whx/Dataset/fungitastic-m/val/720p/0-3962118466.JPG	Mossy surface.
/home/whx/Dataset/fungitastic-m/test/720p/0-4100101321.JPG	A fungus on a tree trunk with moss.
/home/whx/Dataset/fungitastic-m/train/720p/1-2238582810.JPG	A fungus on a dark, textured surface.
/home/whx/Dataset/fungitastic-m/train/720p/2-2238585207.JPG	The background of the fungus is blurred, with green and brown hues.
/home/whx/Dataset/fungitastic-m/train/720p/1-2238571307.JPG	A fungus on tree bark.
/home/whx/Dataset/fungitastic-m/train/720p/1-3008830333.JPG	A fungus on tree bark.
/home/whx/Dataset/fungitastic-m/test/720p/1-4465892847.JPG	A fungus is surrounded by green moss and dark soil.
/home/whx/Dataset/fungitastic-m/val/720p/1-3948713410.JPG	A fungus grows on mossy ground.
/home/whx/Dataset/fungitastic-m/train/720p/0-2981231428.JPG	A fungus grows on a mossy, lichen-covered tree trunk.
/home/whx/Dataset/fungitastic-m/val/720p/1-3964840491.JPG	The background is blurred green.
/home/whx/Dataset/fungitastic-m/test/720p/1-4465880054.JPG	The background is blurred, with muted greens and browns.
/home/whx/Dataset/fungitastic-m/test/720p/1-4847352424.JPG	A fungus is on a mossy surface.
/home/whx/Dataset/fungitastic-m/train/720p/0-3345607312.JPG	The background of the fungus is dark and textured.
/home/whx/Dataset/fungitastic-m/val/720p/0-3916268613.JPG	A fungus in grass.
/home/whx/Dataset/fungitastic-m/train/720p/0-2812990301.JPG	A fungus in grass.
/home/whx/Dataset/fungitastic-m/test/720p/0-4169770360.JPG	Grass and soil.
/home/whx/Dataset/fungitastic-m/test/720p/4-4465873970.JPG	The background of the fungus is a light, translucent matrix with scattered dark structures.
/home/whx/Dataset/fungitastic-m/train/720p/1-2273188009.JPG	The background of the fungus is grass and soil.
/home/whx/Dataset/fungitastic-m/train/720p/0-2238387412.JPG	The fungus is on a white background.
/home/whx/Dataset/fungitastic-m/train/720p/5-2864912357.JPG	A fungus on mossy ground.
/home/whx/Dataset/fungitastic-m/train/720p/0-2238151071.JPG	The fungus is on a white background.
/home/whx/Dataset/fungitastic-m/train/720p/3-3336950328.JPG	The background of the fungus is a mix of soil, leaves, and moss.
/home/whx/Dataset/fungitastic-m/train/720p/0-3324331334.JPG	Grass and soil.
/home/whx/Dataset/fungitastic-m/train/720p/0-2238558124.JPG	The background of the fungus is a forest floor with scattered leaves and clover.
/home/whx/Dataset/fungitastic-m/train/720p/0-2238152248.JPG	The background of the fungus is a forest floor with green leaves and moss.
/home/whx/Dataset/fungitastic-m/val/720p/1-3970588441.JPG	The background is black.
/home/whx/Dataset/fungitastic-m/train/720p/1-2860303301.JPG	A fungus rests on grass and moss.
/home/whx/Dataset/fungitastic-m/train/720p/2-2238561191.JPG	The background of the fungus is a forest floor with leaves, twigs, and grass.
/home/whx/Dataset/fungitastic-m/test/720p/0-4465882545.JPG	The background of the fungus is a light, uniform white.
/home/whx/Dataset/fungitastic-m/train/720p/1-2864907311.JPG	A fungus on a light wooden surface.
/home/whx/Dataset/fungitastic-m/val/720p/0-3898074324.JPG	A fungus is surrounded by wet leaves, clover, and a rock.
/home/whx/Dataset/fungitastic-m/val/720p/0-3909143436.JPG	A fungus is surrounded by fallen leaves and grass.
/home/whx/Dataset/fungitastic-m/val/720p/1-3922624648.JPG	A fungus rests on a bed of dried leaves and twigs.
/home/whx/Dataset/fungitastic-m/train/720p/0-2238276195.JPG	A fungus on a wooden surface.
/home/whx/Dataset/fungitastic-m/train/720p/2-3392600435.JPG	A fungus lies amidst fallen leaves and soil.
/home/whx/Dataset/fungitastic-m/test/720p/0-4465872044.JPG	The background of the fungus is a light, translucent, and slightly granular texture.
/home/whx/Dataset/fungitastic-m/train/720p/2-3343236316.JPG	A fungus is surrounded by grass and fallen leaves.
/home/whx/Dataset/fungitastic-m/train/720p/1-2238511643.JPG	The background of the fungus is soil.
/home/whx/Dataset/fungitastic-m/train/720p/0-2825705302.JPG	Grass and leaves.
/home/whx/Dataset/fungitastic-m/val/720p/1-3898074324.JPG	A fungus rests on a damp, leaf-strewn forest floor.
/home/whx/Dataset/fungitastic-m/train/720p/1-2238555447.JPG	a fungus on forest floor with brown leaves.
/home/whx/Dataset/fungitastic-m/train/720p/1-3329730308.JPG	The background of the fungus is a forest floor with leaves, moss, and clover.
/home/whx/Dataset/fungitastic-m/train/720p/1-2238150175.JPG	A fungus on a green background.
/home/whx/Dataset/fungitastic-m/val/720p/0-3865754306.JPG	A fungus on grass.
/home/whx/Dataset/fungitastic-m/train/720p/1-2868472552.JPG	A fungus on mossy ground.
/home/whx/Dataset/fungitastic-m/train/720p/1-2238051865.JPG	A fungus is surrounded by green grass and small plants.
/home/whx/Dataset/fungitastic-m/train/720p/0-3340164397.JPG	A fungus rests on mossy forest floor.
/home/whx/Dataset/fungitastic-m/train/720p/1-3399805412.JPG	A fungus on mossy forest floor.
/home/whx/Dataset/fungitastic-m/train/720p/2-2864899418.JPG	The background of the fungus is a mix of green moss and brown leaves.
/home/whx/Dataset/fungitastic-m/train/720p/1-3343236438.JPG	A fungus rests on a leaf amidst grass and twigs.
/home/whx/Dataset/fungitastic-m/val/720p/0-3962112616.JPG	The background consists of dried leaves and twigs.
/home/whx/Dataset/fungitastic-m/train/720p/2-2238565103.JPG	A fungus is nestled in a bed of green moss.
/home/whx/Dataset/fungitastic-m/train/720p/1-3345613376.JPG	The background of the fungus consists of grass, leaves, and soil.
/home/whx/Dataset/fungitastic-m/train/720p/3-3336961323.JPG	A fungus in grass.
/home/whx/Dataset/fungitastic-m/test/720p/0-4465886433.JPG	A fungus in a grassy, mossy forest floor.
/home/whx/Dataset/fungitastic-m/test/720p/0-4465871073.JPG	A fungus is nestled among moss and fallen leaves.
/home/whx/Dataset/fungitastic-m/test/720p/0-4169762749.JPG	A fungus in grass.
/home/whx/Dataset/fungitastic-m/test/720p/0-4465882444.JPG	Blurred green background.
/home/whx/Dataset/fungitastic-m/train/720p/0-2238526708.JPG	The background is plain white.
/home/whx/Dataset/fungitastic-m/test/720p/2-4465866411.JPG	The background of the fungus is grass and moss.
/home/whx/Dataset/fungitastic-m/train/720p/3-2874312351.JPG	A fungus on a stone surface.
/home/whx/Dataset/fungitastic-m/train/720p/2-3382571467.JPG	The background of the fungus is a blurred mix of green and brown, suggesting a forest floor.
/home/whx/Dataset/fungitastic-m/val/720p/0-3964847609.JPG	A fungus rests on a bed of pine needles and moss.
/home/whx/Dataset/fungitastic-m/train/720p/6-2864907353.JPG	The background of the fungus is a light, speckled surface.
/home/whx/Dataset/fungitastic-m/val/720p/1-3948715794.JPG	A fungus in a forest with tall trees and fallen branches.
/home/whx/Dataset/fungitastic-m/val/720p/0-3968585510.JPG	A fungus rests on a bed of green moss.
/home/whx/Dataset/fungitastic-m/train/720p/0-2898617348.JPG	A fungus on mossy ground.
/home/whx/Dataset/fungitastic-m/train/720p/1-2382323447.JPG	A fungus in a forest setting with green moss and fallen leaves.
/home/whx/Dataset/fungitastic-m/train/720p/0-2237963164.JPG	The background of the fungus is a textured, light-colored surface.
/home/whx/Dataset/fungitastic-m/train/720p/1-3386485344.JPG	A fungus is surrounded by green moss and small plants.
/home/whx/Dataset/fungitastic-m/train/720p/0-2427874875.JPG	A fungus is surrounded by green moss and pine needles.
/home/whx/Dataset/fungitastic-m/train/720p/0-2427874086.JPG	Forest floor with lichen and pine needles.
/home/whx/Dataset/fungitastic-m/train/720p/0-2238574628.JPG	A fungus is surrounded by green moss and grass.
/home/whx/Dataset/fungitastic-m/train/720p/0-2238471614.JPG	A fungus rests on a bed of fallen leaves and twigs.
/home/whx/Dataset/fungitastic-m/val/720p/0-3898074327.JPG	A fungus is nestled in a bed of dry grass and twigs.
/home/whx/Dataset/fungitastic-m/test/720p/1-4465885112.JPG	A fungus is surrounded by green moss and pine needles.
/home/whx/Dataset/fungitastic-m/train/720p/3-2238188795.JPG	The background of the fungus is a mix of soil, grass, and dried leaves.
/home/whx/Dataset/fungitastic-m/train/720p/0-3386471315.JPG	The background of the fungus is a light, textured surface.
/home/whx/Dataset/fungitastic-m/train/720p/1-3355981376.JPG	A fungus rests on a bed of pine needles.
/home/whx/Dataset/fungitastic-m/val/720p/2-3925712649.JPG	The background of the fungus is a light, uniform color.
/home/whx/Dataset/fungitastic-m/train/720p/0-2238344759.JPG	A fungus rests on moss.
/home/whx/Dataset/fungitastic-m/train/720p/0-2237913968.JPG	The background of the fungus consists of dried leaves and twigs.
/home/whx/Dataset/fungitastic-m/train/720p/0-2238089216.JPG	A fungus on a green background.
/home/whx/Dataset/fungitastic-m/val/720p/4-3944341412.JPG	A fungus grows on forest floor with scattered leaves and tree trunk.
/home/whx/Dataset/fungitastic-m/test/720p/1-4465898633.JPG	The background of the fungus is a forest floor with pine needles, leaves, and soil.
/home/whx/Dataset/fungitastic-m/train/720p/0-3419925318.JPG	A fungus is surrounded by pine needles and twigs.
/home/whx/Dataset/fungitastic-m/train/720p/2-4847352216.JPG	A fungus on a forest floor with rocks and grass.
/home/whx/Dataset/fungitastic-m/train/720p/1-2238089596.JPG	The background of the fungus is dark, soil-like.
/home/whx/Dataset/fungitastic-m/val/720p/2-3916262375.JPG	The background of the fungus is a forest floor with fallen leaves and twigs.
/home/whx/Dataset/fungitastic-m/train/720p/1-2424123435.JPG	The background of the fungus consists of forest debris, including leaves, twigs, and soil.
/home/whx/Dataset/fungitastic-m/train/720p/0-2237962195.JPG	A fungus on a wooden surface.
/home/whx/Dataset/fungitastic-m/test/720p/0-4465898633.JPG	The background of the fungus consists of soil, pine needles, and small twigs.
/home/whx/Dataset/fungitastic-m/train/720p/1-2421821250.JPG	A fungus rests on a bed of dried leaves.
/home/whx/Dataset/fungitastic-m/test/720p/2-4465868947.JPG	A fungus grows amidst moss and fallen leaves.
/home/whx/Dataset/fungitastic-m/test/720p/0-4465880539.JPG	A fungus on a textured, gray surface.
/home/whx/Dataset/fungitastic-m/train/720p/1-2238447543.JPG	A fungus on a white paper towel on a wooden surface.
/home/whx/Dataset/fungitastic-m/train/720p/6-3399804377.JPG	A fungus lies on a bed of dark, autumn leaves.
/home/whx/Dataset/fungitastic-m/train/720p/0-3340160414.JPG	A fungus lies on forest floor with scattered leaves and twigs.
/home/whx/Dataset/fungitastic-m/train/720p/4-2901944328.JPG	A fungus is nestled among green moss, brown leaves, and thin twigs in a forest floor.
/home/whx/Dataset/fungitastic-m/train/720p/1-2238173497.JPG	A fungus against a green background.
/home/whx/Dataset/fungitastic-m/train/720p/1-2238188117.JPG	The background of the fungus is a mix of soil, leaves, and twigs.
/home/whx/Dataset/fungitastic-m/train/720p/1-2864907343.JPG	A fungus on a plain white background.
/home/whx/Dataset/fungitastic-m/train/720p/0-2238343747.JPG	The background of the fungus is a textured, earthy surface.
/home/whx/Dataset/fungitastic-m/train/720p/5-3399804377.JPG	A fungus rests on a bed of dark, wet leaves.
/home/whx/Dataset/fungitastic-m/test/720p/5-4465895386.JPG	The background of the fungus consists of dark, decaying wood and twigs.
/home/whx/Dataset/fungitastic-m/test/720p/1-4465898834.JPG	A fungus rests on a bed of dried leaves and pine needles.
/home/whx/Dataset/fungitastic-m/train/720p/1-2981237363.JPG	The background of the fungus consists of brown leaves and soil.
/home/whx/Dataset/fungitastic-m/train/720p/2-2237921149.JPG	The background is plain white.
/home/whx/Dataset/fungitastic-m/train/720p/1-3320502330.JPG	A fungus in grass and leaves.
/home/whx/Dataset/fungitastic-m/train/720p/2-3320492336.JPG	The background of the fungus is plain white.
/home/whx/Dataset/fungitastic-m/val/720p/1-3962115337.JPG	A fungus on grass with leaves.
/home/whx/Dataset/fungitastic-m/train/720p/1-2382324755.JPG	The background of the fungus is a mix of grass, dirt, and scattered leaves.
/home/whx/Dataset/fungitastic-m/train/720p/0-2238217295.JPG	The background of the fungus is white and textured.
/home/whx/Dataset/fungitastic-m/train/720p/1-2238555990.JPG	A fungus rests on a bed of dried leaves.
/home/whx/Dataset/fungitastic-m/train/720p/1-2238568962.JPG	A fungus rests on weathered wood.
/home/whx/Dataset/fungitastic-m/train/720p/0-2816367319.JPG	A fungus on a concrete surface with greenery in the background.
/home/whx/Dataset/fungitastic-m/train/720p/2-3327313328.JPG	Grass and soil.
/home/whx/Dataset/fungitastic-m/train/720p/0-2237959386.JPG	A fungus is on grass.
/home/whx/Dataset/fungitastic-m/test/720p/0-4169766379.JPG	A fungus rests on a bed of fallen leaves and twigs.
/home/whx/Dataset/fungitastic-m/train/720p/1-3324324301.JPG	A fungus rests on wet, leaf-covered ground.
/home/whx/Dataset/fungitastic-m/train/720p/1-2382320275.JPG	The background of the fungus is a forest floor with dry leaves and twigs.
/home/whx/Dataset/fungitastic-m/train/720p/0-3327314338.JPG	A fungus is surrounded by fallen leaves and soil.
/home/whx/Dataset/fungitastic-m/train/720p/1-3355974398.JPG	The background is plain white.
/home/whx/Dataset/fungitastic-m/train/720p/1-2238217295.JPG	The background of the fungus consists of soil, leaves, and twigs.
/home/whx/Dataset/fungitastic-m/train/720p/0-2238417791.JPG	The background is dark and leafy.
/home/whx/Dataset/fungitastic-m/train/720p/0-2237956805.JPG	Decaying wood.
/home/whx/Dataset/fungitastic-m/train/720p/0-2864904387.JPG	A fungus on green moss, blurred background.
/home/whx/Dataset/fungitastic-m/train/720p/1-2383043358.JPG	A fungus is surrounded by green moss and a damp forest floor.
/home/whx/Dataset/fungitastic-m/val/720p/0-3925711863.JPG	A fungus grows amidst green moss and wood.
/home/whx/Dataset/fungitastic-m/test/720p/0-4169757965.JPG	The background of the fungus is a blurred, grayish-green, natural setting.
/home/whx/Dataset/fungitastic-m/train/720p/0-2238552680.JPG	A fungus grows amidst moss-covered rocks.
/home/whx/Dataset/fungitastic-m/train/720p/1-2265771753.JPG	The background is blurred green and brown.
/home/whx/Dataset/fungitastic-m/val/720p/1-3916265513.JPG	Blurred, green, forest-like.
/home/whx/Dataset/fungitastic-m/train/720p/0-2238331597.JPG	A fungus on a dark, textured surface.
/home/whx/Dataset/fungitastic-m/train/720p/2-3126950317.JPG	The background of the fungus is a mix of soil, leaves, and twigs.
/home/whx/Dataset/fungitastic-m/test/720p/1-4465906437.JPG	The background of the fungus is a mix of green grass, brown twigs, and dark soil.
/home/whx/Dataset/fungitastic-m/val/720p/0-3795123313.JPG	The background of the fungus is a dark, moist, forest floor.
/home/whx/Dataset/fungitastic-m/train/720p/0-2238467443.JPG	A fungus on decaying wood.
/home/whx/Dataset/fungitastic-m/val/720p/0-3922623448.JPG	The background of the fungus is dark and earthy.
/home/whx/Dataset/fungitastic-m/train/720p/0-2383041921.JPG	A fungus is nestled among green moss and twigs.
/home/whx/Dataset/fungitastic-m/train/720p/1-3380891341.JPG	A fungus is surrounded by fallen leaves and a log.
/home/whx/Dataset/fungitastic-m/train/720p/1-2421822397.JPG	Grass.
/home/whx/Dataset/fungitastic-m/train/720p/1-2421822545.JPG	Grass.
/home/whx/Dataset/fungitastic-m/val/720p/0-4100092420.JPG	A fungus is surrounded by green foliage and grass.
/home/whx/Dataset/fungitastic-m/test/720p/0-4465893654.JPG	A fungus on forest floor with pine needles and grass.
/home/whx/Dataset/fungitastic-m/train/720p/0-2237914538.JPG	A fungus on a white surface with a ruler in the background.
/home/whx/Dataset/fungitastic-m/train/720p/0-2238467122.JPG	A fungus in grass.
/home/whx/Dataset/fungitastic-m/train/720p/0-2818067351.JPG	A fungus lies on grass.
/home/whx/Dataset/fungitastic-m/test/720p/0-4465909525.JPG	The background of the fungus is a blurred green field.
/home/whx/Dataset/fungitastic-m/train/720p/0-2238498151.JPG	A fungus is on grass with moss.
/home/whx/Dataset/fungitastic-m/train/720p/0-2868483355.JPG	A fungus is surrounded by grass, pine cones, and small plants.
/home/whx/Dataset/fungitastic-m/train/720p/0-2237927948.JPG	The background is plain white.
/home/whx/Dataset/fungitastic-m/train/720p/1-2238169822.JPG	A fungus on a map.
/home/whx/Dataset/fungitastic-m/train/720p/0-2238049703.JPG	A fungus in grass.
/home/whx/Dataset/fungitastic-m/train/720p/1-2238525721.JPG	A fungus on a wooden surface with a pen for scale.
/home/whx/Dataset/fungitastic-m/train/720p/0-2821597318.JPG	The fungus is surrounded by grass and soil.
/home/whx/Dataset/fungitastic-m/train/720p/0-2864909414.JPG	Grass and leaves.
/home/whx/Dataset/fungitastic-m/train/720p/0-2238471027.JPG	A fungus is surrounded by forest floor debris, moss, and greenery.
/home/whx/Dataset/fungitastic-m/test/720p/0-4465868915.JPG	A fungus is surrounded by grass, leaves, and twigs.
/home/whx/Dataset/fungitastic-m/train/720p/3-2238576642.JPG	A fungus in a forest setting.
/home/whx/Dataset/fungitastic-m/train/720p/0-2238215836.JPG	A fungus lies on grass.
/home/whx/Dataset/fungitastic-m/test/720p/2-4465872046.JPG	A fungus in grass.
/home/whx/Dataset/fungitastic-m/train/720p/0-2238148460.JPG	The background of the fungus is blurred and brown.
/home/whx/Dataset/fungitastic-m/train/720p/0-2332527995.JPG	Green grass.
/home/whx/Dataset/fungitastic-m/train/720p/1-2238576642.JPG	The background of the fungus is a light, textured surface.
/home/whx/Dataset/fungitastic-m/train/720p/1-2874309310.JPG	A fungus on a black circular surface.
/home/whx/Dataset/fungitastic-m/train/720p/0-2238579108.JPG	A fungus is surrounded by grass, leaves, and moss.
/home/whx/Dataset/fungitastic-m/train/720p/0-2862684334.JPG	A fungus on a white surface.
/home/whx/Dataset/fungitastic-m/train/720p/0-2238469533.JPG	A fungus is set against a black and white background.
/home/whx/Dataset/fungitastic-m/train/720p/0-2238219248.JPG	A fungus rests on a bed of dried leaves.
/home/whx/Dataset/fungitastic-m/train/720p/0-3343241376.JPG	A fungus is surrounded by grass and soil.
/home/whx/Dataset/fungitastic-m/train/720p/2-2964220423.JPG	Grass and fallen leaves.
/home/whx/Dataset/fungitastic-m/train/720p/1-2901934570.JPG	A fungus rests on a bed of pine needles and twigs.
/home/whx/Dataset/fungitastic-m/train/720p/0-2237927189.JPG	A fungus is on a white surface with a ruler for scale.
/home/whx/Dataset/fungitastic-m/train/720p/0-2883254517.JPG	The background of the fungus is a mix of dirt, rocks, and decaying wood.
/home/whx/Dataset/fungitastic-m/train/720p/0-3018979317.JPG	A fungus is surrounded by fallen leaves and a decaying log.
/home/whx/Dataset/fungitastic-m/train/720p/0-2427873630.JPG	A fungus is surrounded by fallen leaves and twigs on the forest floor.
/home/whx/Dataset/fungitastic-m/train/720p/1-2417206004.JPG	A fungus rests on a bed of brown leaves and twigs.
/home/whx/Dataset/fungitastic-m/test/720p/0-4465901408.JPG	Fall leaves and green ivy.
/home/whx/Dataset/fungitastic-m/train/720p/0-2425492056.JPG	The background of the fungus consists of dried leaves.
/home/whx/Dataset/fungitastic-m/train/720p/5-2446759892.JPG	The background of the fungus is dark and organic.
/home/whx/Dataset/fungitastic-m/train/720p/1-2238524036.JPG	The background of the fungus is a mix of brown leaves and soil.
/home/whx/Dataset/fungitastic-m/train/720p/0-2449443403.JPG	A fungus is surrounded by autumn leaves and forest floor.
/home/whx/Dataset/fungitastic-m/train/720p/1-2237940332.JPG	The background of the fungus is a white paper plate with soil and debris.
/home/whx/Dataset/fungitastic-m/train/720p/0-2425494189.JPG	The background of the fungus consists of fallen leaves and soil.
/home/whx/Dataset/fungitastic-m/train/720p/0-2458346715.JPG	The background of the fungus is a dark, textured surface with scattered debris.
/home/whx/Dataset/fungitastic-m/train/720p/0-2238524614.JPG	Fungus on forest floor.
/home/whx/Dataset/fungitastic-m/train/720p/0-2237940184.JPG	A fungus on newspaper.
/home/whx/Dataset/fungitastic-m/val/720p/0-3964843572.JPG	A fungus rests on a bed of leaves and wood.
/home/whx/Dataset/fungitastic-m/train/720p/1-2818073301.JPG	A fungus on mossy ground.
/home/whx/Dataset/fungitastic-m/train/720p/0-2238565728.JPG	A fungus is surrounded by fallen leaves and forest debris.
/home/whx/Dataset/fungitastic-m/train/720p/0-2238498775.JPG	The background of the fungus is a mix of dried leaves and twigs.
/home/whx/Dataset/fungitastic-m/train/720p/2-2238568138.JPG	A fungus rests on forest floor with fallen leaves and grass.
/home/whx/Dataset/fungitastic-m/train/720p/1-3392608327.JPG	A fungus rests on a log, with a blurred forest backdrop.
/home/whx/Dataset/fungitastic-m/train/720p/0-2238422634.JPG	A fungus is surrounded by green grass and clovers.
/home/whx/Dataset/fungitastic-m/train/720p/0-3343239312.JPG	A fungus rests on a bed of dried leaves.
/home/whx/Dataset/fungitastic-m/train/720p/0-2238557312.JPG	The background of the fungus is a mix of dark soil and dried leaves.
/home/whx/Dataset/fungitastic-m/val/720p/0-3925718787.JPG	A fungus is surrounded by autumn leaves and forest floor debris.
/home/whx/Dataset/fungitastic-m/train/720p/0-2238328596.JPG	A fungus rests on a wooden surface with a blurred background.
/home/whx/Dataset/fungitastic-m/train/720p/3-3332300312.JPG	The background is a light, speckled gray.
/home/whx/Dataset/fungitastic-m/train/720p/0-2238592737.JPG	A fungus on a white surface.
/home/whx/Dataset/fungitastic-m/train/720p/0-2883271495.JPG	The background of the fungus is a mix of green leaves, brown twigs, and scattered debris on the forest floor.
/home/whx/Dataset/fungitastic-m/train/720p/0-2238389994.JPG	The background is plain white.
/home/whx/Dataset/fungitastic-m/train/720p/6-2238497568.JPG	A fungus in grass and moss.
/home/whx/Dataset/fungitastic-m/train/720p/0-2237903084.JPG	A fungus rests on a wooden surface.
/home/whx/Dataset/fungitastic-m/val/720p/0-3944341564.JPG	A fungus rests on autumn leaves.
/home/whx/Dataset/fungitastic-m/train/720p/0-2238470958.JPG	The background of the fungus is a mix of dry leaves, twigs, and soil.
/home/whx/Dataset/fungitastic-m/train/720p/1-2238221778.JPG	A fungus on grass and dried leaves.
/home/whx/Dataset/fungitastic-m/train/720p/0-3343237333.JPG	A fungus is surrounded by dry leaves and soil.
/home/whx/Dataset/fungitastic-m/val/720p/1-4100094565.JPG	A fungus with a yellow cap and a white stem.
/home/whx/Dataset/fungitastic-m/train/720p/0-2238152215.JPG	a fungus on forest floor with leaves.
/home/whx/Dataset/fungitastic-m/train/720p/1-2238470958.JPG	The background of the fungus consists of dried leaves and twigs.
/home/whx/Dataset/fungitastic-m/train/720p/0-2238385900.JPG	The background of the fungus is a mix of green grass, brown leaves, and soil.
/home/whx/Dataset/fungitastic-m/train/720p/0-2238500883.JPG	The background of the fungus is a mix of soil, small plants, and scattered debris.
/home/whx/Dataset/fungitastic-m/train/720p/1-2238159733.JPG	A fungus rests on green moss.
/home/whx/Dataset/fungitastic-m/train/720p/0-2237913830.JPG	The background of the fungus is dark, with scattered twigs and debris.
/home/whx/Dataset/fungitastic-m/train/720p/1-2238213889.JPG	A fungus on a white surface with a yellow cap.
/home/whx/Dataset/fungitastic-m/train/720p/0-2237963461.JPG	A fungus grows on forest floor.
/home/whx/Dataset/fungitastic-m/train/720p/1-2238386811.JPG	A fungus lies on green grass.
/home/whx/Dataset/fungitastic-m/train/720p/1-2238215698.JPG	The background of the fungus is a forest floor with moss, leaves, and twigs.
/home/whx/Dataset/fungitastic-m/train/720p/0-3410057348.JPG	Green grass and brown twigs.
/home/whx/Dataset/fungitastic-m/train/720p/0-2238556010.JPG	Grassy field with green leaves.
/home/whx/Dataset/fungitastic-m/train/720p/0-3380893455.JPG	The background consists of dry, brown, and beige grass and twigs.
/home/whx/Dataset/fungitastic-m/val/720p/0-3948713654.JPG	The background of the fungus is a blurred yellowish hue.
/home/whx/Dataset/fungitastic-m/train/720p/2-2238569681.JPG	Grassy background.
/home/whx/Dataset/fungitastic-m/train/720p/3-2430663801.JPG	Amber-colored, textured background.
/home/whx/Dataset/fungitastic-m/train/720p/0-2430665736.JPG	A fungus is surrounded by moss and dried grass.
/home/whx/Dataset/fungitastic-m/val/720p/0-3948709702.JPG	A fungus is surrounded by green, leafy vegetation.
/home/whx/Dataset/fungitastic-m/train/720p/2-2238577229.JPG	A fungus is held in a hand.
/home/whx/Dataset/fungitastic-m/train/720p/0-2238355679.JPG	A fungus is surrounded by moss, twigs, and dried leaves.
/home/whx/Dataset/fungitastic-m/train/720p/0-2238574007.JPG	The background is blurred green foliage.
/home/whx/Dataset/fungitastic-m/train/720p/0-2238579873.JPG	A fungus in grass.
/home/whx/Dataset/fungitastic-m/train/720p/0-2238514806.JPG	A fungus grows on sandy ground with scattered grass and twigs.
/home/whx/Dataset/fungitastic-m/train/720p/0-2427873638.JPG	A fungus in sandy soil.
/home/whx/Dataset/fungitastic-m/train/720p/5-2238561067.JPG	Green grass.
/home/whx/Dataset/fungitastic-m/val/720p/2-3968582402.JPG	A fungus in grass.
/home/whx/Dataset/fungitastic-m/val/720p/0-3970590418.JPG	Grassy background.
/home/whx/Dataset/fungitastic-m/train/720p/1-2238529031.JPG	A fungus is surrounded by green moss and grass.
/home/whx/Dataset/fungitastic-m/train/720p/0-2237940693.JPG	A fungus on a green background.
/home/whx/Dataset/fungitastic-m/val/720p/2-3964840407.JPG	A fungus in grass.
/home/whx/Dataset/fungitastic-m/test/720p/0-4465900732.JPG	Grass and leaves.
/home/whx/Dataset/fungitastic-m/train/720p/0-2238396228.JPG	The background of the fungus is a mix of green grass, small plants, and dry twigs.
/home/whx/Dataset/fungitastic-m/train/720p/0-3392608332.JPG	A fungus on grass.
/home/whx/Dataset/fungitastic-m/val/720p/1-3460235317.JPG	A fungus is surrounded by grass and moss.
/home/whx/Dataset/fungitastic-m/train/720p/0-2986400302.JPG	A fungus in grass.
/home/whx/Dataset/fungitastic-m/train/720p/0-3399815412.JPG	A fungus in grass.
/home/whx/Dataset/fungitastic-m/train/720p/1-2238390725.JPG	A fungus is surrounded by grass and small plants.
/home/whx/Dataset/fungitastic-m/train/720p/0-2238456950.JPG	Green grass.
/home/whx/Dataset/fungitastic-m/train/720p/0-2238184174.JPG	A fungus on a stone surface with grass and debris.
/home/whx/Dataset/fungitastic-m/test/720p/0-4465874396.JPG	A fungus is surrounded by moss, leaves, and small plants.
/home/whx/Dataset/fungitastic-m/train/720p/0-2237935317.JPG	The fungus is on a plain white background.
/home/whx/Dataset/fungitastic-m/train/720p/0-3392598305.JPG	A fungus is surrounded by green leaves and soil.
/home/whx/Dataset/fungitastic-m/val/720p/1-3916266467.JPG	A fungus is surrounded by moss, pine needles, and twigs.
/home/whx/Dataset/fungitastic-m/train/720p/1-3386487372.JPG	A fungus is surrounded by fallen leaves and a rock.
/home/whx/Dataset/fungitastic-m/train/720p/0-2862692347.JPG	A fungus is set against a backdrop of green grass and a gray stone.
/home/whx/Dataset/fungitastic-m/train/720p/2-3382564330.JPG	A fungus on forest floor.
/home/whx/Dataset/fungitastic-m/train/720p/0-2238427650.JPG	A fungus is on a mossy, rocky surface.
/home/whx/Dataset/fungitastic-m/train/720p/3-3386473362.JPG	The background of the fungus is a mix of brown and green debris, including twigs, leaves, and pine needles.
/home/whx/Dataset/fungitastic-m/train/720p/0-2901952465.JPG	A fungus rests on autumn leaves.
/home/whx/Dataset/fungitastic-m/train/720p/2-2238529394.JPG	A fungus is placed on a light wooden surface with some dried plant material.
/home/whx/Dataset/fungitastic-m/train/720p/0-2238482163.JPG	A fungus on a white background with some debris.
/home/whx/Dataset/fungitastic-m/val/720p/0-3916265639.JPG	The background of the fungus is a bed of brown and green forest debris.
/home/whx/Dataset/fungitastic-m/train/720p/0-2868484327.JPG	A fungus with a grayish cap and white gills, held against a metallic and burlap background.
/home/whx/Dataset/fungitastic-m/train/720p/0-3340169330.JPG	The background of the fungus is a mix of dried leaves, twigs, and pine needles.
/home/whx/Dataset/fungitastic-m/train/720p/0-4847342460.JPG	A fungus rests on mossy ground.
/home/whx/Dataset/fungitastic-m/train/720p/0-2238566422.JPG	a fungus on forest floor with dried leaves.
/home/whx/Dataset/fungitastic-m/train/720p/0-2238519145.JPG	The background of the fungus is a mix of dried leaves, twigs, and pine needles.
/home/whx/Dataset/fungitastic-m/val/720p/1-3968582525.JPG	The background of the fungus is a mix of soil, small twigs, and green grass.
/home/whx/Dataset/fungitastic-m/train/720p/1-2238579294.JPG	A fungus in a forest floor setting with grass, leaves, and twigs.
/home/whx/Dataset/fungitastic-m/train/720p/0-2238469464.JPG	A fungus grows on forest floor with fallen leaves and green clovers.
/home/whx/Dataset/fungitastic-m/val/720p/0-3944341621.JPG	A fungus in grass.
/home/whx/Dataset/fungitastic-m/val/720p/3-3944340710.JPG	Grass and soil.
/home/whx/Dataset/fungitastic-m/train/720p/3-2868480382.JPG	A fungus in grass.
/home/whx/Dataset/fungitastic-m/test/720p/0-4465891628.JPG	A fungus is surrounded by green moss and pine needles.
/home/whx/Dataset/fungitastic-m/train/720p/0-2238524315.JPG	A fungus on a wooden surface.
/home/whx/Dataset/fungitastic-m/val/720p/1-3925717684.JPG	A fungus in grass.
/home/whx/Dataset/fungitastic-m/train/720p/2-2427874315.JPG	A fungus is surrounded by pine needles and soil.
/home/whx/Dataset/fungitastic-m/train/720p/0-2238569490.JPG	The background of the fungus is a forest floor with dried leaves and twigs.
/home/whx/Dataset/fungitastic-m/train/720p/0-2238574248.JPG	A fungus is surrounded by grass and pine needles.
/home/whx/Dataset/fungitastic-m/train/720p/1-2238579263.JPG	Green grass and blurred foliage.
/home/whx/Dataset/fungitastic-m/train/720p/0-2874307322.JPG	Forest floor with pine needles and moss.
/home/whx/Dataset/fungitastic-m/train/720p/3-2981229456.JPG	The background is dark and leafy.
/home/whx/Dataset/fungitastic-m/train/720p/1-2238576936.JPG	A fungus on forest floor with pine needles and moss.
/home/whx/Dataset/fungitastic-m/test/720p/1-4169760140.JPG	A fungus in grass.
/home/whx/Dataset/fungitastic-m/train/720p/4-3380887377.JPG	A fungus rests on a bed of fallen leaves and twigs.
/home/whx/Dataset/fungitastic-m/train/720p/0-2424121949.JPG	A fungus rests on green grass and brown leaves.
/home/whx/Dataset/fungitastic-m/test/720p/1-4465876982.JPG	A fungus rests on a bed of brown leaves.
/home/whx/Dataset/fungitastic-m/train/720p/0-2237929842.JPG	A fungus is surrounded by fallen leaves and forest debris.
/home/whx/Dataset/fungitastic-m/train/720p/0-3382578401.JPG	A fungus rests on autumn leaves.
/home/whx/Dataset/fungitastic-m/train/720p/0-2868485536.JPG	A fungus is surrounded by fallen leaves.
/home/whx/Dataset/fungitastic-m/test/720p/1-4465895181.JPG	Fall leaves.
/home/whx/Dataset/fungitastic-m/train/720p/0-2424122148.JPG	The background consists of brown leaves and soil.
/home/whx/Dataset/fungitastic-m/train/720p/0-2238422433.JPG	A fungus is surrounded by moss, leaves, and twigs on the forest floor.
/home/whx/Dataset/fungitastic-m/test/720p/3-4465893879.JPG	The background of the fungus is a mix of green moss and brown leaves.
/home/whx/Dataset/fungitastic-m/test/720p/0-4465892508.JPG	A fungus rests on autumn leaves.
/home/whx/Dataset/fungitastic-m/val/720p/1-3922627345.JPG	A fungus on a white surface.
/home/whx/Dataset/fungitastic-m/val/720p/0-3925716781.JPG	Fall leaves.
/home/whx/Dataset/fungitastic-m/test/720p/0-4465871086.JPG	A fungus rests on mossy ground.
/home/whx/Dataset/fungitastic-m/test/720p/0-4465888580.JPG	A fungus rests on wet, leaf-strewn ground.
/home/whx/Dataset/fungitastic-m/test/720p/1-4465871086.JPG	A fungus is nestled among green moss and grass.
/home/whx/Dataset/fungitastic-m/train/720p/0-3343239319.JPG	A fungus is surrounded by fallen leaves and green foliage.
/home/whx/Dataset/fungitastic-m/train/720p/0-2862697419.JPG	A fungus is surrounded by green moss and dry grass.
/home/whx/Dataset/fungitastic-m/test/720p/2-4465897461.JPG	The background of the fungus is a light, uniform color.
/home/whx/Dataset/fungitastic-m/test/720p/3-4465899843.JPG	Grass, leaves, and soil.
/home/whx/Dataset/fungitastic-m/train/720p/0-2238284424.JPG	The background of the fungus is grass and soil.
/home/whx/Dataset/fungitastic-m/val/720p/0-3913253644.JPG	A fungus is surrounded by green moss and clover.
/home/whx/Dataset/fungitastic-m/val/720p/1-3898078405.JPG	The background is a mix of dark soil and green moss.
/home/whx/Dataset/fungitastic-m/train/720p/1-2238564074.JPG	A fungus in grass.
/home/whx/Dataset/fungitastic-m/train/720p/0-3345611402.JPG	Grassy, leafy ground.
/home/whx/Dataset/fungitastic-m/val/720p/0-3880789322.JPG	A fungus rests on mossy ground.
/home/whx/Dataset/fungitastic-m/test/720p/2-4169759294.JPG	The background of the fungus consists of grass, soil, and dried plant material.
/home/whx/Dataset/fungitastic-m/train/720p/2-3327303346.JPG	A fungus rests on forest floor with leaves and twigs.
/home/whx/Dataset/fungitastic-m/train/720p/2-2421823186.JPG	A fungus grows on a grassy lawn with trees in the background.
/home/whx/Dataset/fungitastic-m/test/720p/1-4465870001.JPG	A fungus is surrounded by green moss and grass.
/home/whx/Dataset/fungitastic-m/train/720p/1-2821605339.JPG	A fungus lies on forest floor with grass, leaves, and twigs.
/home/whx/Dataset/fungitastic-m/train/720p/0-2238509250.JPG	The background of the fungus is a forest floor with leaves, twigs, and grass.
/home/whx/Dataset/fungitastic-m/train/720p/0-2425494192.JPG	The background of the fungus is blurred, with a mix of earthy tones and indistinct shapes.
/home/whx/Dataset/fungitastic-m/train/720p/0-2238438738.JPG	A fungus is on a light, grainy background.
/home/whx/Dataset/fungitastic-m/test/720p/2-4465898593.JPG	The background of the fungus is dark and earthy, with organic debris and a wet surface.
/home/whx/Dataset/fungitastic-m/train/720p/1-2964208458.JPG	A fungus is on a white surface.
/home/whx/Dataset/fungitastic-m/train/720p/1-3014631377.JPG	The background of the fungus is a light, translucent matrix with scattered, smaller fungal structures.
/home/whx/Dataset/fungitastic-m/test/720p/2-4465873084.JPG	The background of the fungus is dark.
/home/whx/Dataset/fungitastic-m/train/720p/2-2964208458.JPG	A fungus on a tree trunk with moss and lichen.
/home/whx/Dataset/fungitastic-m/test/720p/2-4465905320.JPG	The background of the fungus is a light, blurry, and somewhat uniform grayish-white.
/home/whx/Dataset/fungitastic-m/train/720p/0-2238146145.JPG	A fungus is on a leaf, with a blurred green background.
/home/whx/Dataset/fungitastic-m/train/720p/1-2238586616.JPG	Dark, blurry background.
/home/whx/Dataset/fungitastic-m/train/720p/1-2868472315.JPG	A fungus is on a dark, textured surface with a blurred green background.
/home/whx/Dataset/fungitastic-m/train/720p/0-2812989309.JPG	Dark, shadowy background.
/home/whx/Dataset/fungitastic-m/train/720p/0-2238528968.JPG	Dark, textured surface.
/home/whx/Dataset/fungitastic-m/val/720p/4-3964841495.JPG	The background is dark and blurry.
/home/whx/Dataset/fungitastic-m/val/720p/1-3962116596.JPG	Blurred, muted colors.
/home/whx/Dataset/fungitastic-m/val/720p/2-3962114453.JPG	The background of the fungus is blurred, with earthy tones and indistinct shapes.
/home/whx/Dataset/fungitastic-m/train/720p/0-3329724354.JPG	The background of the fungus is a light gray, uniform field.
/home/whx/Dataset/fungitastic-m/test/720p/0-4169770656.JPG	The background of the fungus is a mix of green moss, grass, and fallen leaves.
/home/whx/Dataset/fungitastic-m/train/720p/0-2238563036.JPG	The background of the fungus is blurred, with indistinct colors and shapes.
/home/whx/Dataset/fungitastic-m/train/720p/0-3329736312.JPG	The background of the fungus is a mix of brown leaves and soil.
/home/whx/Dataset/fungitastic-m/test/720p/1-4465870077.JPG	The background of the fungus is a mix of dark, decaying wood and scattered debris.
/home/whx/Dataset/fungitastic-m/train/720p/0-2238216881.JPG	A fungus is surrounded by dried leaves and twigs.
/home/whx/Dataset/fungitastic-m/train/720p/1-2812984312.JPG	Grassy, natural setting.
/home/whx/Dataset/fungitastic-m/test/720p/0-4465864520.JPG	A fungus is surrounded by fallen leaves and green foliage on the forest floor.
/home/whx/Dataset/fungitastic-m/train/720p/0-3334602348.JPG	A fungus in a forest setting with greenery and fallen leaves.
/home/whx/Dataset/fungitastic-m/test/720p/1-4465861769.JPG	The background of the fungus is a mix of brown leaves and green grass.
/home/whx/Dataset/fungitastic-m/train/720p/0-2238556491.JPG	A fungus on a wooden surface.
/home/whx/Dataset/fungitastic-m/train/720p/0-2237960907.JPG	A fungus on a white surface.
/home/whx/Dataset/fungitastic-m/val/720p/2-3880801321.JPG	The background of the fungus is soil and greenery.
/home/whx/Dataset/fungitastic-m/train/720p/2-2351007293.JPG	The background is dark and soil-like.
/home/whx/Dataset/fungitastic-m/test/720p/1-4465865097.JPG	The background is soil.
/home/whx/Dataset/fungitastic-m/train/720p/0-2238591896.JPG	A fungus is surrounded by grass and fallen leaves.
/home/whx/Dataset/fungitastic-m/train/720p/2-2981239414.JPG	The background of the fungus is a mix of soil, rocks, and small green plants.
/home/whx/Dataset/fungitastic-m/train/720p/2-4465865322.JPG	A fungus grows on decaying wood in a damp, earthy environment.
/home/whx/Dataset/fungitastic-m/train/720p/2-2999560330.JPG	The background is a blurred, earthy surface.
/home/whx/Dataset/fungitastic-m/train/720p/1-2238197354.JPG	Dark, blurred background.
/home/whx/Dataset/fungitastic-m/test/720p/3-4100096512.JPG	A fungus on a mossy log.
/home/whx/Dataset/fungitastic-m/train/720p/3-3027634356.JPG	A fungus grows on a piece of wood amidst green grass.
/home/whx/Dataset/fungitastic-m/train/720p/0-3052846308.JPG	The background of the fungus is a blurred forest floor with tree trunks and branches.
/home/whx/Dataset/fungitastic-m/train/720p/4-2458347944.JPG	A fungus on a mossy branch, blurred background.
/home/whx/Dataset/fungitastic-m/test/720p/3-4100096378.JPG	The background of the fungus is a light, cloudy white.
/home/whx/Dataset/fungitastic-m/train/720p/0-2238535089.JPG	The background of the fungus is a light blue, with small, round, white structures scattered around.
/home/whx/Dataset/fungitastic-m/train/720p/1-2430665696.JPG	A fungus on a log.
/home/whx/Dataset/fungitastic-m/train/720p/0-2238361864.JPG	A fungus on a smooth, light surface.
/home/whx/Dataset/fungitastic-m/train/720p/0-4847340413.JPG	A fungus grows on moss-covered bark.
/home/whx/Dataset/fungitastic-m/train/720p/1-2238531366.JPG	A fungus grows on a leaf amidst wood and debris.
/home/whx/Dataset/fungitastic-m/train/720p/0-2238343458.JPG	The background of the fungus is a mix of dark, damp soil and scattered twigs.
/home/whx/Dataset/fungitastic-m/train/720p/0-2901936435.JPG	The background is blurred, with green and brown hues.
/home/whx/Dataset/fungitastic-m/val/720p/0-3922627708.JPG	The background of the fungus consists of dried leaves.
/home/whx/Dataset/fungitastic-m/train/720p/1-2883272539.JPG	The background of the fungus is a forest floor with leaves and twigs.
/home/whx/Dataset/fungitastic-m/train/720p/0-2238560143.JPG	The background of the fungus is soil and organic debris.
/home/whx/Dataset/fungitastic-m/train/720p/0-2382320239.JPG	A fungus lies on forest floor with grass and leaves.
/home/whx/Dataset/fungitastic-m/train/720p/0-2237917837.JPG	A fungus is surrounded by fallen leaves and green grass.
/home/whx/Dataset/fungitastic-m/train/720p/1-3340171370.JPG	A fungus on a white surface with a wooden edge.
/home/whx/Dataset/fungitastic-m/train/720p/1-2238221015.JPG	The background is a light, neutral color.
/home/whx/Dataset/fungitastic-m/train/720p/0-2382324717.JPG	Grassy background.
/home/whx/Dataset/fungitastic-m/train/720p/0-3329722357.JPG	A fungus rests on a bed of leaves and twigs.
/home/whx/Dataset/fungitastic-m/train/720p/0-2238472501.JPG	The background of the fungus is a light, cloudy white with small, scattered particles.
/home/whx/Dataset/fungitastic-m/train/720p/1-2237965020.JPG	A fungus on a white surface.
/home/whx/Dataset/fungitastic-m/train/720p/0-2868469485.JPG	The background consists of fallen leaves and soil.
/home/whx/Dataset/fungitastic-m/val/720p/1-3899713324.JPG	The background of the fungus is a forest floor with dirt, twigs, and scattered leaves.
/home/whx/Dataset/fungitastic-m/train/720p/1-2238566582.JPG	The background of the fungus is soil and organic debris.
/home/whx/Dataset/fungitastic-m/train/720p/0-3329718339.JPG	The background of the fungus consists of dried leaves, twigs, and soil.
/home/whx/Dataset/fungitastic-m/val/720p/2-3916266400.JPG	The background of the fungus is a mix of soil and small twigs.
/home/whx/Dataset/fungitastic-m/test/720p/0-4465894825.JPG	The background of the fungus is dark and leafy.
/home/whx/Dataset/fungitastic-m/test/720p/0-4465895458.JPG	The background of the fungus is a forest floor with moss, leaves, and wood chips.
/home/whx/Dataset/fungitastic-m/train/720p/0-2237920205.JPG	A fungus on a wooden surface.
/home/whx/Dataset/fungitastic-m/train/720p/0-2238093307.JPG	A fungus is surrounded by fallen leaves.
/home/whx/Dataset/fungitastic-m/train/720p/1-2868475394.JPG	A fungus is held against a forest floor backdrop.
/home/whx/Dataset/fungitastic-m/val/720p/2-3909141405.JPG	A fungus on forest floor.
/home/whx/Dataset/fungitastic-m/train/720p/1-3380895372.JPG	The background of the fungus is a dark, forest floor with leaves and moss.
/home/whx/Dataset/fungitastic-m/val/720p/0-3948715736.JPG	A fungus rests on autumn leaves.
/home/whx/Dataset/fungitastic-m/test/720p/0-4465901523.JPG	A fungus rests on wet, brown leaves.
/home/whx/Dataset/fungitastic-m/train/720p/0-2238214490.JPG	A fungus is surrounded by grass and fallen leaves.
/home/whx/Dataset/fungitastic-m/test/720p/0-4169769555.JPG	A fungus rests on a bed of brown, dried leaves.
/home/whx/Dataset/fungitastic-m/train/720p/0-3392615333.JPG	A fungus rests on a bed of dried leaves.
/home/whx/Dataset/fungitastic-m/test/720p/1-4465867093.JPG	The background of the fungus is a mix of moss, leaves, and soil.
/home/whx/Dataset/fungitastic-m/train/720p/0-2430665992.JPG	The background of the fungus is a mix of green grass and fallen leaves.
/home/whx/Dataset/fungitastic-m/train/720p/1-3382564447.JPG	A fungus rests on mossy ground.
/home/whx/Dataset/fungitastic-m/train/720p/0-3358361496.JPG	A fungus is surrounded by dried leaves and twigs.
/home/whx/Dataset/fungitastic-m/train/720p/1-2238354529.JPG	Transparent surface.
/home/whx/Dataset/fungitastic-m/test/720p/2-4465900792.JPG	A fungus is surrounded by vibrant green moss.
/home/whx/Dataset/fungitastic-m/train/720p/1-2452380538.JPG	The background of the fungus is light gray with scattered dark spots.
/home/whx/Dataset/fungitastic-m/train/720p/2-2238438991.JPG	The background of the fungus is a mix of soil, twigs, and small plants.
/home/whx/Dataset/fungitastic-m/train/720p/1-4847352119.JPG	A fungus on a grid background.
/home/whx/Dataset/fungitastic-m/train/720p/0-4847352119.JPG	A fungus grows amidst grass and moss.
/home/whx/Dataset/fungitastic-m/train/720p/1-2238533067.JPG	A fungus on a mossy log.
/home/whx/Dataset/fungitastic-m/train/720p/0-2446759476.JPG	A fungus grows amidst green foliage and grass.
/home/whx/Dataset/fungitastic-m/train/720p/1-3412519301.JPG	The background of the fungus is a blurred mix of green moss and brown branches.
/home/whx/Dataset/fungitastic-m/test/720p/2-4100098819.JPG	A fungus on tree bark.
/home/whx/Dataset/fungitastic-m/train/720p/0-2238581853.JPG	A fungus grows on moss, with a blurred log in the background.
/home/whx/Dataset/fungitastic-m/train/720p/0-3395913385.JPG	A fungus grows on mossy forest floor.
/home/whx/Dataset/fungitastic-m/train/720p/1-2512875508.JPG	The background of the fungus consists of dark, dried pine needles and twigs.
/home/whx/Dataset/fungitastic-m/train/720p/1-2238484528.JPG	The background of the fungus is a clear, smooth surface.
/home/whx/Dataset/fungitastic-m/test/720p/0-4465900417.JPG	A fungus on a mossy branch in a forest.
/home/whx/Dataset/fungitastic-m/train/720p/2-3412519301.JPG	A fungus grows amidst moss and twigs.
/home/whx/Dataset/fungitastic-m/train/720p/2-2986398308.JPG	A fungus rests on green grass and small plants.
/home/whx/Dataset/fungitastic-m/train/720p/1-2883254428.JPG	Green grass.
/home/whx/Dataset/fungitastic-m/train/720p/1-2898623420.JPG	A fungus is surrounded by autumn leaves and grass.
/home/whx/Dataset/fungitastic-m/train/720p/0-2874314516.JPG	A fungus lies on grass and moss near a tree trunk.
/home/whx/Dataset/fungitastic-m/val/720p/0-3925713675.JPG	The background of the fungus is a mix of soil, fallen leaves, and grass.
/home/whx/Dataset/fungitastic-m/train/720p/0-2238581382.JPG	The background of the fungus is a textured, earthy surface.
/home/whx/Dataset/fungitastic-m/train/720p/0-2427873381.JPG	The background of the fungus is a mix of green moss and brown leaves.
/home/whx/Dataset/fungitastic-m/train/720p/1-2986398308.JPG	A fungus rests on grass and moss.
/home/whx/Dataset/fungitastic-m/train/720p/0-2868475302.JPG	The background is plain white.
/home/whx/Dataset/fungitastic-m/train/720p/2-2238560885.JPG	The background is white.
/home/whx/Dataset/fungitastic-m/train/720p/0-3343252339.JPG	The background of the fungus is a mix of brown leaves, twigs, and pine needles.
/home/whx/Dataset/fungitastic-m/train/720p/2-2446760944.JPG	Grass and leaves.
/home/whx/Dataset/fungitastic-m/test/720p/1-4465908607.JPG	The background of the fungus is a blurred mix of green and brown, suggesting a forest floor.
/home/whx/Dataset/fungitastic-m/train/720p/0-2238498857.JPG	A fungus is surrounded by grass and fallen leaves.
/home/whx/Dataset/fungitastic-m/test/720p/1-4465901394.JPG	The background of the fungus is dark.
/home/whx/Dataset/fungitastic-m/test/720p/0-4465862042.JPG	A fungus is surrounded by fallen leaves and green grass.
/home/whx/Dataset/fungitastic-m/train/720p/0-2238183454.JPG	Grassy background.
/home/whx/Dataset/fungitastic-m/train/720p/0-4847338626.JPG	A fungus in a grassy, dewy environment.
/home/whx/Dataset/fungitastic-m/test/720p/2-4465890837.JPG	A fungus grows amidst green grass and moss.
/home/whx/Dataset/fungitastic-m/val/720p/1-3922623934.JPG	A fungus is surrounded by green moss and grass.
/home/whx/Dataset/fungitastic-m/train/720p/2-3392603339.JPG	The background of the fungus is a light, textured surface with a reddish-brown hue.
/home/whx/Dataset/fungitastic-m/train/720p/2-2238489298.JPG	A fungus is surrounded by green leaves.
/home/whx/Dataset/fungitastic-m/train/720p/0-3412520310.JPG	A fungus is held in a hand.
/home/whx/Dataset/fungitastic-m/train/720p/0-3392607405.JPG	Grass.
/home/whx/Dataset/fungitastic-m/train/720p/0-2898636384.JPG	Green grass and clover.
/home/whx/Dataset/fungitastic-m/val/720p/2-3944337474.JPG	Grass and clover.
/home/whx/Dataset/fungitastic-m/train/720p/2-3392598443.JPG	The background of the fungus is a light, translucent area with small, scattered particles.
/home/whx/Dataset/fungitastic-m/train/720p/0-3014647309.JPG	Green grass with dew.
/home/whx/Dataset/fungitastic-m/test/720p/3-4465880789.JPG	A fungus is surrounded by green leaves and grass.
/home/whx/Dataset/fungitastic-m/train/720p/1-2424121853.JPG	Grassy field.
/home/whx/Dataset/fungitastic-m/train/720p/2-2984630313.JPG	A fungus in a grassy, mossy environment.
/home/whx/Dataset/fungitastic-m/val/720p/0-3944341557.JPG	A fungus in dew-covered grass.
/home/whx/Dataset/fungitastic-m/val/720p/1-4100089554.JPG	Fall leaves.
/home/whx/Dataset/fungitastic-m/train/720p/0-2901952477.JPG	A fungus rests on mossy forest floor with brown leaves.
/home/whx/Dataset/fungitastic-m/train/720p/0-2449442953.JPG	A fungus is surrounded by wet, brown leaves and green foliage.
/home/whx/Dataset/fungitastic-m/train/720p/2-3406488310.JPG	Fall leaves.
/home/whx/Dataset/fungitastic-m/train/720p/0-2238431999.JPG	A fungus is surrounded by moss, pine needles, and twigs.
/home/whx/Dataset/fungitastic-m/train/720p/0-2883255563.JPG	The background of the fungus is a forest floor with scattered leaves and clover.
/home/whx/Dataset/fungitastic-m/test/720p/1-4465907389.JPG	A fungus rests on autumn leaves.
/home/whx/Dataset/fungitastic-m/train/720p/1-3392609439.JPG	A fungus is surrounded by twigs and dried leaves.
/home/whx/Dataset/fungitastic-m/train/720p/0-3406484367.JPG	The background of the fungus is a mix of soil, leaves, and twigs.
/home/whx/Dataset/fungitastic-m/train/720p/0-2427875682.JPG	Dark, forested background.
/home/whx/Dataset/fungitastic-m/val/720p/1-3944344924.JPG	A fungus in a forest setting.
/home/whx/Dataset/fungitastic-m/train/720p/0-2883269534.JPG	The background of the fungus is a forest floor covered in moss, leaves, and twigs.
/home/whx/Dataset/fungitastic-m/val/720p/0-3925715720.JPG	A fungus rests on a bed of green ivy and brown leaves.
/home/whx/Dataset/fungitastic-m/train/720p/1-3392604390.JPG	Fallen leaves and soil.
/home/whx/Dataset/fungitastic-m/train/720p/2-2430665663.JPG	The background of the fungus is a mix of brown and green, likely soil and grass.
/home/whx/Dataset/fungitastic-m/train/720p/0-3419915381.JPG	The background of the fungus consists of dark, damp soil and scattered twigs.
/home/whx/Dataset/fungitastic-m/train/720p/1-2862693420.JPG	A fungus is surrounded by grass and fallen leaves.
/home/whx/Dataset/fungitastic-m/train/720p/0-2868471343.JPG	A fungus is on grass.
/home/whx/Dataset/fungitastic-m/train/720p/1-2238479247.JPG	A fungus is surrounded by green grass and moss.
/home/whx/Dataset/fungitastic-m/train/720p/0-2285836173.JPG	A fungus in grass.
/home/whx/Dataset/fungitastic-m/train/720p/0-2238374525.JPG	A fungus grows amidst moss and fallen leaves.
/home/whx/Dataset/fungitastic-m/train/720p/0-3324324345.JPG	A fungus on a rocky, grassy surface.
/home/whx/Dataset/fungitastic-m/train/720p/2-2640672311.JPG	A fungus in grass.
/home/whx/Dataset/fungitastic-m/train/720p/3-2898624305.JPG	The background of the fungus is a mix of green moss, brown leaves, and soil.
/home/whx/Dataset/fungitastic-m/val/720p/0-3891495390.JPG	The background of the fungus is a mix of green grass, brown moss, and scattered twigs.
/home/whx/Dataset/fungitastic-m/train/720p/0-3340158436.JPG	A fungus rests on forest floor with moss, leaves, and twigs.
/home/whx/Dataset/fungitastic-m/train/720p/1-2238475718.JPG	A fungus rests on mossy ground.
/home/whx/Dataset/fungitastic-m/test/720p/1-4169770581.JPG	A fungus rests on forest floor with leaves and moss.
/home/whx/Dataset/fungitastic-m/train/720p/0-3320501338.JPG	The background of the fungus is a mix of soil, leaves, and grass.
/home/whx/Dataset/fungitastic-m/train/720p/1-2864911311.JPG	A fungus is surrounded by twigs and moss.
/home/whx/Dataset/fungitastic-m/train/720p/1-2804912328.JPG	A fungus is surrounded by fallen leaves and soil.
/home/whx/Dataset/fungitastic-m/train/720p/1-2868482449.JPG	Fall foliage, grass, and soil.
/home/whx/Dataset/fungitastic-m/train/720p/0-2238499543.JPG	The background is plain white.
/home/whx/Dataset/fungitastic-m/test/720p/1-4465892220.JPG	The background of the fungus consists of soil, twigs, and pine needles.
/home/whx/Dataset/fungitastic-m/train/720p/2-2458347563.JPG	The background of the fungus is a mix of soil and fallen leaves.
/home/whx/Dataset/fungitastic-m/train/720p/0-2430664836.JPG	The background consists of dried leaves and twigs.
/home/whx/Dataset/fungitastic-m/test/720p/6-4465902554.JPG	A fungus rests on a dark, textured surface.
/home/whx/Dataset/fungitastic-m/train/720p/1-2986451307.JPG	A fungus is surrounded by fallen leaves.
/home/whx/Dataset/fungitastic-m/train/720p/0-2382321284.JPG	A fungus on a white surface.
/home/whx/Dataset/fungitastic-m/train/720p/0-2417207560.JPG	A fungus is surrounded by fallen leaves and green grass.
/home/whx/Dataset/fungitastic-m/train/720p/3-4847346344.JPG	A fungus in a forest with leaves and trees.
/home/whx/Dataset/fungitastic-m/train/720p/1-3332310333.JPG	The background of the fungus is a mix of dark soil and scattered twigs.
/home/whx/Dataset/fungitastic-m/train/720p/4-3340164320.JPG	The background of the fungus is a dark, earthy surface with scattered debris.
/home/whx/Dataset/fungitastic-m/train/720p/0-2238577860.JPG	A fungus is surrounded by brown leaves and green grass.
/home/whx/Dataset/fungitastic-m/test/720p/5-4465892220.JPG	A fungus grows amidst fallen leaves and pine cones, with blurred greenery in the background.
/home/whx/Dataset/fungitastic-m/train/720p/0-3358361336.JPG	The background of the fungus consists of grass, leaves, and soil.
/home/whx/Dataset/fungitastic-m/val/720p/2-3962113332.JPG	The background of the fungus consists of brown, dried leaves and soil.
/home/whx/Dataset/fungitastic-m/train/720p/0-2238343157.JPG	A fungus on a wooden surface.
/home/whx/Dataset/fungitastic-m/train/720p/1-2460547195.JPG	A fungus rests on fallen leaves.
/home/whx/Dataset/fungitastic-m/test/720p/1-4465905739.JPG	The background of the fungus is light and uniform.
/home/whx/Dataset/fungitastic-m/train/720p/1-3419932336.JPG	A fungus on a white surface.
/home/whx/Dataset/fungitastic-m/train/720p/1-2238524945.JPG	The background of the fungus is a mix of earthy tones and organic debris.
/home/whx/Dataset/fungitastic-m/train/720p/1-2430665805.JPG	The background of the fungus is a forest floor with scattered leaves and twigs.
/home/whx/Dataset/fungitastic-m/train/720p/0-2238442416.JPG	The background of the fungus consists of forest floor debris, including leaves and twigs.
/home/whx/Dataset/fungitastic-m/train/720p/2-3410061301.JPG	The background of the fungus is a light, uniform color.
/home/whx/Dataset/fungitastic-m/train/720p/0-2238130226.JPG	The background of the fungus is blurred.
/home/whx/Dataset/fungitastic-m/test/720p/0-4465890521.JPG	A fungus is surrounded by moss, twigs, and leaves.
/home/whx/Dataset/fungitastic-m/train/720p/9-3412509343.JPG	A fungus on a white surface.
/home/whx/Dataset/fungitastic-m/train/720p/0-2238348751.JPG	A fungus is on a white surface with scattered twigs and a ruler in the background.
/home/whx/Dataset/fungitastic-m/train/720p/1-3422346321.JPG	The background is a blurred, earthy surface.
/home/whx/Dataset/fungitastic-m/train/720p/2-2883271359.JPG	The background of the fungus is a mix of brown and orange, with some blurred details.
/home/whx/Dataset/fungitastic-m/test/720p/0-4847340835.JPG	A fungus is surrounded by forest floor debris, including leaves, twigs, and moss.
/home/whx/Dataset/fungitastic-m/train/720p/1-2238353877.JPG	The background is plain white.
/home/whx/Dataset/fungitastic-m/train/720p/0-2238503624.JPG	The background of the fungus consists of dried leaves and pine needles.
/home/whx/Dataset/fungitastic-m/train/720p/0-2238571196.JPG	The background of the fungus is a forest floor with leaves, dirt, and moss.
/home/whx/Dataset/fungitastic-m/train/720p/0-2238162617.JPG	A fungus rests on a bed of dried leaves.
/home/whx/Dataset/fungitastic-m/train/720p/0-2237964142.JPG	A fungus in grass.
/home/whx/Dataset/fungitastic-m/train/720p/0-2238474268.JPG	Mossy ground.
/home/whx/Dataset/fungitastic-m/train/720p/0-2238568775.JPG	A fungus is surrounded by fallen leaves and twigs on the forest floor.
/home/whx/Dataset/fungitastic-m/train/720p/0-2238556857.JPG	A fungus grows on forest floor with leaves and wood.
/home/whx/Dataset/fungitastic-m/val/720p/0-3964840552.JPG	A fungus with a green, leafy background.
/home/whx/Dataset/fungitastic-m/train/720p/1-2238469528.JPG	A fungus in grass with clover.
/home/whx/Dataset/fungitastic-m/test/720p/2-4465861999.JPG	A fungus is surrounded by fallen leaves and soil.
/home/whx/Dataset/fungitastic-m/train/720p/0-2237962270.JPG	A fungus on grass with scattered leaves.
/home/whx/Dataset/fungitastic-m/train/720p/2-2238471584.JPG	A fungus is surrounded by moss, leaves, and small twigs.
/home/whx/Dataset/fungitastic-m/train/720p/0-3324329348.JPG	Grass and soil.
/home/whx/Dataset/fungitastic-m/train/720p/0-2804915319.JPG	A fungus rests on mossy forest floor.
/home/whx/Dataset/fungitastic-m/train/720p/0-2238159975.JPG	A fungus is surrounded by dry leaves and twigs.
/home/whx/Dataset/fungitastic-m/train/720p/1-2238524932.JPG	A fungus rests on a bed of autumn leaves.
/home/whx/Dataset/fungitastic-m/train/720p/1-2238481788.JPG	A fungus rests on wet, autumn leaves.
/home/whx/Dataset/fungitastic-m/train/720p/2-3336949368.JPG	A fungus rests on a bed of brown leaves.
/home/whx/Dataset/fungitastic-m/train/720p/2-3329723316.JPG	The background of the fungus is a mix of soil and grass.
/home/whx/Dataset/fungitastic-m/train/720p/0-3345609393.JPG	The background of the fungus is a mix of soil, small rocks, and dried leaves.
/home/whx/Dataset/fungitastic-m/train/720p/0-2238459301.JPG	A fungus on a beige surface.
/home/whx/Dataset/fungitastic-m/test/720p/0-4465892564.JPG	The background of the fungus is a mix of soil, leaves, and twigs.
/home/whx/Dataset/fungitastic-m/train/720p/0-3340162367.JPG	A fungus is surrounded by dry leaves and twigs.
/home/whx/Dataset/fungitastic-m/train/720p/2-3332295342.JPG	A fungus on a mossy log.
/home/whx/Dataset/fungitastic-m/train/720p/0-2238505409.JPG	The background of the fungus consists of soil, leaves, and rocks.
/home/whx/Dataset/fungitastic-m/val/720p/1-3898074342.JPG	A fungus rests on a bed of small, rounded stones.
/home/whx/Dataset/fungitastic-m/train/720p/1-2238496220.JPG	A fungus on a wooden surface with a black tray.
/home/whx/Dataset/fungitastic-m/train/720p/2-2984623308.JPG	The background of the fungus is soil with small rocks and debris.
/home/whx/Dataset/fungitastic-m/val/720p/1-3887953305.JPG	A fungus is surrounded by dried leaves and green grass.
/home/whx/Dataset/fungitastic-m/train/720p/0-2856929352.JPG	A fungus is surrounded by fallen leaves.
/home/whx/Dataset/fungitastic-m/train/720p/0-2238084729.JPG	The background of the fungus is a mix of dark soil, leaves, and twigs.
/home/whx/Dataset/fungitastic-m/train/720p/0-2424124094.JPG	A fungus rests on mossy ground.
/home/whx/Dataset/fungitastic-m/train/720p/1-2382321451.JPG	The background of the fungus is a dark, forest floor.
/home/whx/Dataset/fungitastic-m/train/720p/0-2238567876.JPG	A fungus on grass.
/home/whx/Dataset/fungitastic-m/val/720p/0-3916268640.JPG	A fungus rests on forest floor with leaves and twigs.
/home/whx/Dataset/fungitastic-m/test/720p/1-4465871056.JPG	A fungus rests on forest floor with leaves and twigs.
/home/whx/Dataset/fungitastic-m/test/720p/0-4465889006.JPG	A fungus on mossy forest floor.
/home/whx/Dataset/fungitastic-m/train/720p/1-2238563669.JPG	A fungus on a dark, speckled surface.
/home/whx/Dataset/fungitastic-m/train/720p/0-2874309475.JPG	A fungus rests on a bed of leaves and greenery.
/home/whx/Dataset/fungitastic-m/train/720p/0-3332309359.JPG	A fungus lies on grass and leaves.
/home/whx/Dataset/fungitastic-m/train/720p/2-2238567134.JPG	A fungus on a white background.
/home/whx/Dataset/fungitastic-m/val/720p/0-3867909307.JPG	A fungus rests on mossy forest floor.
/home/whx/Dataset/fungitastic-m/test/720p/0-4465866532.JPG	A fungus rests on mossy ground.
/home/whx/Dataset/fungitastic-m/train/720p/0-2821591326.JPG	The background of the fungus is a forest floor with pine needles and soil.
/home/whx/Dataset/fungitastic-m/train/720p/1-3332298305.JPG	A fungus in grass.
/home/whx/Dataset/fungitastic-m/test/720p/1-4465875006.JPG	A fungus on grass with scattered leaves.
/home/whx/Dataset/fungitastic-m/train/720p/0-2238174680.JPG	The background of the fungus is a textured, dark surface.
/home/whx/Dataset/fungitastic-m/val/720p/3-3891500370.JPG	The background of the fungus is a wooden surface.
/home/whx/Dataset/fungitastic-m/train/720p/1-2825711327.JPG	The background of the fungus is a light gray, with numerous small, round, and irregularly shaped particles scattered throughout.
/home/whx/Dataset/fungitastic-m/train/720p/3-3343245425.JPG	A fungus rests on mossy ground.
/home/whx/Dataset/fungitastic-m/train/720p/1-2238341582.JPG	The fungus is on a white background with a ruler for scale.
/home/whx/Dataset/fungitastic-m/train/720p/2-3336949308.JPG	Grass and leaves.
/home/whx/Dataset/fungitastic-m/train/720p/0-2238507350.JPG	A fungus is surrounded by moss, leaves, and twigs.
/home/whx/Dataset/fungitastic-m/val/720p/1-3925712477.JPG	A fungus on a gray fabric background.
/home/whx/Dataset/fungitastic-m/train/720p/3-3336949308.JPG	Green grass, blurred background.
/home/whx/Dataset/fungitastic-m/train/720p/0-3327307334.JPG	A fungus is surrounded by dry leaves and soil.
/home/whx/Dataset/fungitastic-m/test/720p/0-4169766357.JPG	A fungus rests on a bed of brown leaves and twigs.
/home/whx/Dataset/fungitastic-m/train/720p/1-3327297329.JPG	A fungus rests on moss and fallen leaves.
/home/whx/Dataset/fungitastic-m/val/720p/0-3899709390.JPG	A fungus rests on a bed of brown leaves.
/home/whx/Dataset/fungitastic-m/train/720p/2-2427875676.JPG	A fungus is surrounded by fallen leaves and twigs.
/home/whx/Dataset/fungitastic-m/val/720p/0-3898075441.JPG	A fungus grows amidst moss and fallen leaves.
/home/whx/Dataset/fungitastic-m/train/720p/0-2237966039.JPG	A fungus on moss with fallen leaves.
/home/whx/Dataset/fungitastic-m/train/720p/1-2238532839.JPG	Grass, leaves, water.
/home/whx/Dataset/fungitastic-m/val/720p/2-3863499320.JPG	A fungus lies on green grass.
/home/whx/Dataset/fungitastic-m/train/720p/0-3340163313.JPG	A fungus rests on moss and grass.
/home/whx/Dataset/fungitastic-m/train/720p/1-2238490818.JPG	A fungus with a red stem and white cap is held against a blue fabric background.
/home/whx/Dataset/fungitastic-m/train/720p/2-2417206600.JPG	A fungus on forest floor.
/home/whx/Dataset/fungitastic-m/test/720p/2-4465890669.JPG	A fungus rests on a rough, textured surface.
/home/whx/Dataset/fungitastic-m/train/720p/0-2868484418.JPG	A fungus in a forest floor setting with grass, leaves, and twigs.
/home/whx/Dataset/fungitastic-m/test/720p/3-4465893061.JPG	The background consists of brown leaves and twigs.
/home/whx/Dataset/fungitastic-m/train/720p/2-3380886313.JPG	A fungus rests on a bed of dried leaves and twigs.
/home/whx/Dataset/fungitastic-m/train/720p/0-2331571022.JPG	A fungus is surrounded by grass and moss.
/home/whx/Dataset/fungitastic-m/train/720p/0-2238525832.JPG	A fungus on a white paper towel.
/home/whx/Dataset/fungitastic-m/train/720p/0-2238526182.JPG	The background of the fungus is a dark, mossy surface.
/home/whx/Dataset/fungitastic-m/train/720p/1-2430667906.JPG	A fungus is surrounded by wet, brown leaves.
/home/whx/Dataset/fungitastic-m/train/720p/2-2847224330.JPG	A fungus is held against a backdrop of a tiled floor and a window with a metal frame.
/home/whx/Dataset/fungitastic-m/train/720p/0-2238344575.JPG	A fungus in grass.
/home/whx/Dataset/fungitastic-m/train/720p/1-2981245305.JPG	The background is dark and blurred.
/home/whx/Dataset/fungitastic-m/train/720p/0-2238474178.JPG	Grass and straw.
/home/whx/Dataset/fungitastic-m/val/720p/0-3925714619.JPG	A fungus in grass.
/home/whx/Dataset/fungitastic-m/test/720p/1-4465886482.JPG	A fungus rests on mossy ground.
/home/whx/Dataset/fungitastic-m/train/720p/4-2238559514.JPG	A fungus is surrounded by moss and twigs.
/home/whx/Dataset/fungitastic-m/train/720p/0-2238503888.JPG	A fungus rests on a wooden surface with scattered twigs and debris.
/home/whx/Dataset/fungitastic-m/train/720p/0-2351006575.JPG	The background of the fungus is a hand.
/home/whx/Dataset/fungitastic-m/val/720p/0-3925714833.JPG	A fungus in grass.
/home/whx/Dataset/fungitastic-m/train/720p/0-2238127774.JPG	The background of the fungus consists of dried leaves, twigs, and a pine cone.
/home/whx/Dataset/fungitastic-m/train/720p/1-3410062309.JPG	A fungus is surrounded by grass and leaves.
/home/whx/Dataset/fungitastic-m/train/720p/0-2424122905.JPG	The background of the fungus is a mix of dark soil, dried leaves, and twigs.
/home/whx/Dataset/fungitastic-m/train/720p/1-2238347095.JPG	A fungus on a reddish surface.
/home/whx/Dataset/fungitastic-m/train/720p/0-2237913412.JPG	A fungus on weathered wood.
/home/whx/Dataset/fungitastic-m/val/720p/0-3964841366.JPG	A fungus on a tree stump.
/home/whx/Dataset/fungitastic-m/train/720p/1-2238171029.JPG	A fungus on moss.
/home/whx/Dataset/fungitastic-m/train/720p/1-3336959376.JPG	A fungus is surrounded by green grass and leaves.
/home/whx/Dataset/fungitastic-m/train/720p/2-2901940414.JPG	A fungus is surrounded by green grass and brown soil.
/home/whx/Dataset/fungitastic-m/train/720p/1-3386481308.JPG	A fungus grows amidst grass and fallen leaves.
/home/whx/Dataset/fungitastic-m/train/720p/0-2237925245.JPG	The background is a plain, light-colored surface.
/home/whx/Dataset/fungitastic-m/test/720p/1-4465901350.JPG	Green grass with dew.
/home/whx/Dataset/fungitastic-m/val/720p/1-3922627692.JPG	A fungus grows amidst fallen leaves and tree bark.
/home/whx/Dataset/fungitastic-m/train/720p/1-2238509650.JPG	Dark, blurred background.
/home/whx/Dataset/fungitastic-m/train/720p/0-3410050393.JPG	A fungus rests on wet, autumn leaves.
/home/whx/Dataset/fungitastic-m/train/720p/0-2238348887.JPG	A fungus grows on a decaying log.
/home/whx/Dataset/fungitastic-m/train/720p/1-2237928133.JPG	A fungus grows amidst fallen leaves and green moss.
/home/whx/Dataset/fungitastic-m/test/720p/0-4169763204.JPG	A fungus lies amidst a forest of green trees and fallen leaves.
/home/whx/Dataset/fungitastic-m/test/720p/1-4465888691.JPG	A fungus is set against a backdrop of moss-covered bark and fallen leaves.
/home/whx/Dataset/fungitastic-m/train/720p/2-2238509650.JPG	A fungus grows on a decaying log in a forest.
/home/whx/Dataset/fungitastic-m/train/720p/0-2860303450.JPG	A fungus grows on decaying wood.
/home/whx/Dataset/fungitastic-m/train/720p/2-2238549969.JPG	A fungus grows on moss-covered ground.
/home/whx/Dataset/fungitastic-m/val/720p/3-3925712392.JPG	The background of the fungus is a dark, textured surface with green lichen.
/home/whx/Dataset/fungitastic-m/train/720p/0-3412508309.JPG	A fungus grows on a tree trunk.
/home/whx/Dataset/fungitastic-m/train/720p/2-2989734319.JPG	A fungus on a white background.
/home/whx/Dataset/fungitastic-m/train/720p/1-3343243431.JPG	A fungus grows on a tree stump in a forest.
/home/whx/Dataset/fungitastic-m/test/720p/0-4847338738.JPG	A fungus rests on moss and fallen leaves.
/home/whx/Dataset/fungitastic-m/train/720p/0-2238222414.JPG	A fungus grows on moss-covered wood.
/home/whx/Dataset/fungitastic-m/train/720p/0-2238513607.JPG	A fungus is resting on a tree stump with a plastic container nearby.
/home/whx/Dataset/fungitastic-m/train/720p/2-2238560108.JPG	A fungus on a white surface.
/home/whx/Dataset/fungitastic-m/train/720p/0-2382322406.JPG	A fungus is surrounded by green foliage and brown leaves.
/home/whx/Dataset/fungitastic-m/val/720p/0-3909139360.JPG	The background of the fungus is a forest floor with scattered leaves and twigs.
/home/whx/Dataset/fungitastic-m/test/720p/2-4169772596.JPG	A fungus with a white stem and purple cap is held against a backdrop of dirt and grass.
/home/whx/Dataset/fungitastic-m/train/720p/0-2238330997.JPG	A fungus in a forest with fallen leaves and trees.
/home/whx/Dataset/fungitastic-m/train/720p/1-2237961684.JPG	A fungus on grass.
/home/whx/Dataset/fungitastic-m/train/720p/3-3340162370.JPG	A fungus rests on mossy ground.
/home/whx/Dataset/fungitastic-m/train/720p/3-2821587367.JPG	The background of the fungus is a mix of green moss and brown earth.
/home/whx/Dataset/fungitastic-m/val/720p/1-3828300317.JPG	The background of the fungus is a mix of dry leaves, twigs, and grass.
/home/whx/Dataset/fungitastic-m/train/720p/1-2238385705.JPG	A fungus on grass.
/home/whx/Dataset/fungitastic-m/train/720p/0-3332307335.JPG	A fungus is surrounded by fallen leaves and green grass.
/home/whx/Dataset/fungitastic-m/train/720p/1-2984632341.JPG	A fungus rests on autumn leaves.
/home/whx/Dataset/fungitastic-m/val/720p/2-3948712368.JPG	A fungus with white spots on a brown cap, held against a backdrop of green foliage and fallen leaves.
/home/whx/Dataset/fungitastic-m/val/720p/2-3916268354.JPG	The background of the fungus consists of dried leaves and twigs.
/home/whx/Dataset/fungitastic-m/val/720p/0-3925716384.JPG	Fall leaves.
/home/whx/Dataset/fungitastic-m/train/720p/2-3334609330.JPG	The background of the fungus is a mix of green moss, brown leaves, and soil.
/home/whx/Dataset/fungitastic-m/train/720p/0-2238324832.JPG	A fungus on a wooden surface.
/home/whx/Dataset/fungitastic-m/train/720p/1-3336947396.JPG	A fungus is on grass.
/home/whx/Dataset/fungitastic-m/train/720p/3-3329734351.JPG	The background of the fungus is a textured, neutral surface.
/home/whx/Dataset/fungitastic-m/test/720p/1-4169759272.JPG	A fungus on grass.
/home/whx/Dataset/fungitastic-m/train/720p/1-2351007347.JPG	The background is dark and earthy.
/home/whx/Dataset/fungitastic-m/train/720p/0-2237913361.JPG	A fungus on a wooden surface.
/home/whx/Dataset/fungitastic-m/train/720p/0-2238067331.JPG	A fungus on a bed of gravel and greenery.
/home/whx/Dataset/fungitastic-m/train/720p/0-2238333226.JPG	A fungus is surrounded by fallen leaves and pine needles on the forest floor.
/home/whx/Dataset/fungitastic-m/train/720p/2-3329734351.JPG	The background of the fungus is a light, textured surface.
/home/whx/Dataset/fungitastic-m/test/720p/1-4465881047.JPG	The background of the fungus is grass and soil.
/home/whx/Dataset/fungitastic-m/train/720p/0-2237957854.JPG	The background of the fungus is a mix of soil, small rocks, and scattered green leaves.
/home/whx/Dataset/fungitastic-m/train/720p/4-3355965311.JPG	A fungus is surrounded by grass, rocks, and soil.
/home/whx/Dataset/fungitastic-m/test/720p/0-4465877439.JPG	The background of the fungus is a forest floor with dried leaves, twigs, and pine needles.
/home/whx/Dataset/fungitastic-m/test/720p/2-4169768407.JPG	A fungus in grass and moss.
/home/whx/Dataset/fungitastic-m/train/720p/1-2238145496.JPG	A fungus is surrounded by grass and leaves.
/home/whx/Dataset/fungitastic-m/train/720p/1-2331570995.JPG	Denim background.
/home/whx/Dataset/fungitastic-m/train/720p/2-3334609316.JPG	A fungus is nestled in a bed of vibrant green moss.
/home/whx/Dataset/fungitastic-m/train/720p/1-2238149316.JPG	A fungus is surrounded by green moss and grass.
/home/whx/Dataset/fungitastic-m/train/720p/2-3334597310.JPG	Green grass, blurred background.
/home/whx/Dataset/fungitastic-m/train/720p/0-2238554154.JPG	The background of the fungus is a forest floor covered in moss and fallen leaves.
/home/whx/Dataset/fungitastic-m/train/720p/1-2860301429.JPG	A fungus grows amidst green moss.
/home/whx/Dataset/fungitastic-m/train/720p/0-2898632460.JPG	The background of the fungus is a mix of green moss and brown twigs.
/home/whx/Dataset/fungitastic-m/val/720p/1-3913250334.JPG	The background of the fungus is a mix of green moss and brown leaves.
/home/whx/Dataset/fungitastic-m/train/720p/2-3395928376.JPG	Grass and dried blades.
/home/whx/Dataset/fungitastic-m/train/720p/1-3334610392.JPG	A fungus is surrounded by green moss and soil.
/home/whx/Dataset/fungitastic-m/train/720p/1-3018975304.JPG	A fungus in a forest setting with dappled sunlight.
/home/whx/Dataset/fungitastic-m/train/720p/1-2351007597.JPG	A fungus in a grassy, mossy environment.
/home/whx/Dataset/fungitastic-m/test/720p/0-4169760293.JPG	A fungus grows amidst moss and soil.
/home/whx/Dataset/fungitastic-m/train/720p/0-2238146832.JPG	Decaying wood and yellowish mold.
/home/whx/Dataset/fungitastic-m/train/720p/0-2238447232.JPG	Green moss, autumn leaves.
/home/whx/Dataset/fungitastic-m/train/720p/0-3018975304.JPG	The background of the fungus is a blurred forest floor with grass and dirt.
/home/whx/Dataset/fungitastic-m/train/720p/1-3014641381.JPG	Green mossy background.
/home/whx/Dataset/fungitastic-m/train/720p/2-3382563518.JPG	Green mossy background.
/home/whx/Dataset/fungitastic-m/train/720p/0-3410047425.JPG	The background of the fungus is a dark, shadowy area.
/home/whx/Dataset/fungitastic-m/train/720p/0-2238346545.JPG	A fungus grows on moss.
/home/whx/Dataset/fungitastic-m/train/720p/0-2237855463.JPG	A fungus on mossy bark.
/home/whx/Dataset/fungitastic-m/train/720p/1-3018979344.JPG	A fungus on mossy ground.
/home/whx/Dataset/fungitastic-m/train/720p/0-2238583519.JPG	Mossy tree trunk.
/home/whx/Dataset/fungitastic-m/test/720p/1-4465892840.JPG	A fungus grows on mossy tree bark.
/home/whx/Dataset/fungitastic-m/train/720p/0-3008830322.JPG	A fungus on a wet, textured rock surface.
/home/whx/Dataset/fungitastic-m/train/720p/1-2901934377.JPG	A fungus grows on moss-covered rocks.
/home/whx/Dataset/fungitastic-m/train/720p/0-2237943695.JPG	A fungus on moss-covered bark.
/home/whx/Dataset/fungitastic-m/val/720p/1-3909140309.JPG	Mossy, green, blurred.
/home/whx/Dataset/fungitastic-m/train/720p/0-3008826332.JPG	A fungus on a wet, textured surface.
/home/whx/Dataset/fungitastic-m/train/720p/1-2984623374.JPG	A fungus on mossy bark.
/home/whx/Dataset/fungitastic-m/train/720p/0-2458347611.JPG	Mossy rock.
/home/whx/Dataset/fungitastic-m/train/720p/0-2238360915.JPG	A fungus on mossy bark.
/home/whx/Dataset/fungitastic-m/train/720p/1-3410061379.JPG	A fungus is surrounded by autumn leaves.
/home/whx/Dataset/fungitastic-m/train/720p/2-3395917406.JPG	Fall leaves.
/home/whx/Dataset/fungitastic-m/train/720p/0-2238526939.JPG	A fungus grows amidst moss and fallen leaves.
/home/whx/Dataset/fungitastic-m/test/720p/2-4100095198.JPG	The background of the fungus is dark.
/home/whx/Dataset/fungitastic-m/train/720p/0-2964210318.JPG	Fall leaves and tree trunk.
/home/whx/Dataset/fungitastic-m/train/720p/2-2238480988.JPG	A fungus is surrounded by dried leaves.
/home/whx/Dataset/fungitastic-m/train/720p/0-2874299498.JPG	The background of the fungus is a plain, light-colored surface.
/home/whx/Dataset/fungitastic-m/test/720p/1-4100095198.JPG	The background of the fungus is dark.
/home/whx/Dataset/fungitastic-m/train/720p/0-2984624327.JPG	Fall leaves, blurred background.
/home/whx/Dataset/fungitastic-m/train/720p/1-2238533396.JPG	The background consists of brown, leafy debris.
/home/whx/Dataset/fungitastic-m/train/720p/0-2549106788.JPG	The background of the fungus is a forest floor with leaves, pine needles, and soil.
/home/whx/Dataset/fungitastic-m/train/720p/0-2238455448.JPG	A fungus on a gravel surface.
/home/whx/Dataset/fungitastic-m/train/720p/1-3417630304.JPG	A fungus on wet, leafy ground.
/home/whx/Dataset/fungitastic-m/train/720p/3-2238533556.JPG	A fungus rests on wet, brown leaves.
/home/whx/Dataset/fungitastic-m/train/720p/1-2238575316.JPG	A fungus is surrounded by moss and grass.
/home/whx/Dataset/fungitastic-m/train/720p/0-2238566762.JPG	A fungus in a forest with green moss and fallen leaves.
/home/whx/Dataset/fungitastic-m/train/720p/0-2383041635.JPG	A fungus is surrounded by grass, moss, and dried leaves.
/home/whx/Dataset/fungitastic-m/train/720p/1-3343238315.JPG	The background of the fungus is grass and soil.
/home/whx/Dataset/fungitastic-m/train/720p/1-2382322398.JPG	A fungus is surrounded by green grass and clover.
/home/whx/Dataset/fungitastic-m/train/720p/1-3332308322.JPG	A fungus lies on a bed of rocks and grass.
/home/whx/Dataset/fungitastic-m/train/720p/0-2238557244.JPG	A fungus is held in a hand with a blurred background.
/home/whx/Dataset/fungitastic-m/train/720p/0-3345600315.JPG	A fungus grows amidst moss and grass.
/home/whx/Dataset/fungitastic-m/train/720p/1-3327305306.JPG	A fungus lies on grass and soil.
/home/whx/Dataset/fungitastic-m/test/720p/2-4465881753.JPG	A fungus in grass with fallen leaves.
/home/whx/Dataset/fungitastic-m/train/720p/0-3018982317.JPG	A fungus in grass.
/home/whx/Dataset/fungitastic-m/test/720p/2-4169763294.JPG	A fungus is surrounded by dry leaves and twigs.
/home/whx/Dataset/fungitastic-m/test/720p/1-4465868545.JPG	The background is a plain, dark surface.
/home/whx/Dataset/fungitastic-m/train/720p/2-4847342417.JPG	A fungus on a gray surface.
/home/whx/Dataset/fungitastic-m/train/720p/0-2864901365.JPG	A fungus in grass.
/home/whx/Dataset/fungitastic-m/test/720p/0-4169761195.JPG	Grass and soil.
/home/whx/Dataset/fungitastic-m/val/720p/1-3916263611.JPG	A fungus in grass.
/home/whx/Dataset/fungitastic-m/test/720p/2-4465903612.JPG	The background of the fungus is grass and fallen leaves.
/home/whx/Dataset/fungitastic-m/train/720p/1-2425494592.JPG	The background of the fungus is a mix of soil, small twigs, and grass.
/home/whx/Dataset/fungitastic-m/val/720p/1-3894175397.JPG	A fungus rests on mossy forest floor.
/home/whx/Dataset/fungitastic-m/train/720p/0-2238554982.JPG	A fungus stands amidst fallen leaves and greenery.
/home/whx/Dataset/fungitastic-m/test/720p/1-4465886125.JPG	The background of the fungus is a forest floor covered with fallen leaves and twigs.
/home/whx/Dataset/fungitastic-m/train/720p/1-2238508308.JPG	A fungus is surrounded by green moss and twigs.
/home/whx/Dataset/fungitastic-m/test/720p/1-4465896743.JPG	The background of the fungus is a forest floor with leaves and moss.
/home/whx/Dataset/fungitastic-m/train/720p/0-3336945429.JPG	A fungus in a grassy, mossy environment.
/home/whx/Dataset/fungitastic-m/test/720p/7-4465860485.JPG	A fungus in a forest bed of leaves and moss.
/home/whx/Dataset/fungitastic-m/test/720p/0-4465874333.JPG	The background of the fungus is a forest floor with soil, leaves, and twigs.
/home/whx/Dataset/fungitastic-m/train/720p/0-2238569365.JPG	The background of the fungus is a mix of soil, leaves, and twigs.
/home/whx/Dataset/fungitastic-m/val/720p/0-3899709363.JPG	A fungus in a grassy, sparsely vegetated area.
/home/whx/Dataset/fungitastic-m/train/720p/0-2238558736.JPG	A fungus on autumn leaves.
/home/whx/Dataset/fungitastic-m/train/720p/0-2238561951.JPG	A fungus in a forest with green moss and trees.
/home/whx/Dataset/fungitastic-m/train/720p/0-3336962364.JPG	A fungus in a forest setting with blurred greenery.
/home/whx/Dataset/fungitastic-m/train/720p/0-2238576803.JPG	Grass and dried leaves.
/home/whx/Dataset/fungitastic-m/train/720p/1-2238500661.JPG	The background of the fungus is a forest floor with moss, leaves, and twigs.
/home/whx/Dataset/fungitastic-m/train/720p/1-3334592323.JPG	The background of the fungus is a forest floor with leaves and soil.
/home/whx/Dataset/fungitastic-m/train/720p/3-2382324643.JPG	The background of the fungus is dark with fine, radiating lines.
/home/whx/Dataset/fungitastic-m/train/720p/0-2382325058.JPG	The background of the fungus is a mix of brown and green leaves.
/home/whx/Dataset/fungitastic-m/val/720p/1-3887949312.JPG	The background of the fungus consists of dried leaves and twigs.
/home/whx/Dataset/fungitastic-m/val/720p/3-3894179361.JPG	A fungus rests on mossy ground.
/home/whx/Dataset/fungitastic-m/train/720p/0-2303159444.JPG	The background of the fungus is a mix of dark wood and green foliage.
/home/whx/Dataset/fungitastic-m/train/720p/0-2382324643.JPG	A fungus in grass.
/home/whx/Dataset/fungitastic-m/train/720p/0-3324324359.JPG	A fungus on forest floor with leaves and twigs.
/home/whx/Dataset/fungitastic-m/train/720p/0-2238501820.JPG	A fungus is surrounded by fallen leaves and green grass.
/home/whx/Dataset/fungitastic-m/test/720p/2-4465862386.JPG	A fungus with red cap and white spots, held against green grass.
/home/whx/Dataset/fungitastic-m/train/720p/0-2351008086.JPG	A fungus lies on grass.
/home/whx/Dataset/fungitastic-m/train/720p/2-2238549296.JPG	A fungus is surrounded by dry leaves and twigs on the forest floor.
/home/whx/Dataset/fungitastic-m/train/720p/2-2238558735.JPG	A fungus on a light, textured surface.
/home/whx/Dataset/fungitastic-m/train/720p/0-2274829451.JPG	A fungus rests on a bed of dried leaves.
/home/whx/Dataset/fungitastic-m/train/720p/2-3345615443.JPG	A fungus rests on a bed of dried leaves.
/home/whx/Dataset/fungitastic-m/train/720p/1-3343248344.JPG	A fungus in a hand, blurred greenery in background.
/home/whx/Dataset/fungitastic-m/train/720p/2-2821590359.JPG	A fungus in a grassy, forested area.
/home/whx/Dataset/fungitastic-m/val/720p/0-3922621928.JPG	A fungus rests on mossy ground.
/home/whx/Dataset/fungitastic-m/val/720p/3-3944341459.JPG	A fungus grows on mossy forest floor.
/home/whx/Dataset/fungitastic-m/train/720p/0-2421822317.JPG	The background of the fungus consists of dried leaves and soil.
/home/whx/Dataset/fungitastic-m/train/720p/0-3358348349.JPG	A fungus grows amidst green moss and grass.
/home/whx/Dataset/fungitastic-m/train/720p/0-2238469628.JPG	The background of the fungus is a forest floor with leaves, moss, and soil.
/home/whx/Dataset/fungitastic-m/test/720p/0-4465880162.JPG	A fungus in a forest with dew-covered grass and pine needles.
/home/whx/Dataset/fungitastic-m/val/720p/0-3948713594.JPG	A fungus rests on mossy ground.
/home/whx/Dataset/fungitastic-m/train/720p/3-2238529009.JPG	A fungus is surrounded by green moss and grass.
/home/whx/Dataset/fungitastic-m/train/720p/0-3355974366.JPG	A fungus rests on mossy ground.
/home/whx/Dataset/fungitastic-m/test/720p/0-4465868973.JPG	The background of the fungus consists of soil, twigs, and dried leaves.
/home/whx/Dataset/fungitastic-m/train/720p/0-2238472805.JPG	A fungus on a speckled surface.
/home/whx/Dataset/fungitastic-m/train/720p/2-3358362412.JPG	A fungus rests on mossy ground.
/home/whx/Dataset/fungitastic-m/train/720p/0-3358362348.JPG	A fungus in grass.
/home/whx/Dataset/fungitastic-m/train/720p/1-2417207455.JPG	A fungus is surrounded by moss, pine needles, and twigs.
/home/whx/Dataset/fungitastic-m/val/720p/3-3909145558.JPG	A fungus in grass and moss.
/home/whx/Dataset/fungitastic-m/train/720p/0-2238509368.JPG	A fungus on grass.
/home/whx/Dataset/fungitastic-m/val/720p/0-3925714816.JPG	A fungus with a pinkish base and white cap, held in a hand against a green background.
/home/whx/Dataset/fungitastic-m/test/720p/1-4465874961.JPG	A fungus lies in grass.
/home/whx/Dataset/fungitastic-m/train/720p/1-2868485440.JPG	A fungus in grass.
/home/whx/Dataset/fungitastic-m/train/720p/0-2238513124.JPG	A fungus in grass.
/home/whx/Dataset/fungitastic-m/train/720p/3-2864912434.JPG	The background of the fungus is a mix of green vegetation and brown, dry grass.
/home/whx/Dataset/fungitastic-m/train/720p/1-2868472456.JPG	A fungus is held against a backdrop of green foliage.
/home/whx/Dataset/fungitastic-m/val/720p/0-3925715723.JPG	A fungus in grass.
/home/whx/Dataset/fungitastic-m/train/720p/7-2251781247.JPG	The background of the fungus is a plain white surface.
/home/whx/Dataset/fungitastic-m/train/720p/5-2413150254.JPG	A fungus on mossy forest floor.
/home/whx/Dataset/fungitastic-m/train/720p/3-2238517553.JPG	The background of the fungus is plain white.
/home/whx/Dataset/fungitastic-m/train/720p/1-2864912434.JPG	The background consists of green vegetation and dry grass.
/home/whx/Dataset/fungitastic-m/train/720p/1-2238523976.JPG	A fungus rests on mossy ground.
/home/whx/Dataset/fungitastic-m/test/720p/0-4465898320.JPG	A fungus in a forest floor with grass and leaves.
/home/whx/Dataset/fungitastic-m/train/720p/4-2251781247.JPG	The background of the fungus is a mix of brown leaves and twigs.
/home/whx/Dataset/fungitastic-m/train/720p/0-2430665136.JPG	The background of the fungus is a forest floor with green moss and pine needles.
/home/whx/Dataset/fungitastic-m/train/720p/0-3412523363.JPG	A fungus is surrounded by moss and lichen.
/home/whx/Dataset/fungitastic-m/train/720p/0-2575963756.JPG	The background of the fungus is a forest floor with moss, twigs, and pine needles.
/home/whx/Dataset/fungitastic-m/train/720p/0-2238478565.JPG	A fungus is surrounded by green foliage and brown leaves.
/home/whx/Dataset/fungitastic-m/train/720p/0-2237904666.JPG	A fungus grows amidst green moss and grass.
/home/whx/Dataset/fungitastic-m/val/720p/2-3964846384.JPG	The background of the fungus is blurred, with hints of brown and green.
/home/whx/Dataset/fungitastic-m/test/720p/0-4465903755.JPG	Brown leaves and grass.
/home/whx/Dataset/fungitastic-m/test/720p/0-4465890700.JPG	A fungus is on a light, cloudy background.
/home/whx/Dataset/fungitastic-m/train/720p/0-2430665075.JPG	A fungus on mossy ground.
/home/whx/Dataset/fungitastic-m/val/720p/0-3916265698.JPG	A fungus is surrounded by green moss and pine cones.
/home/whx/Dataset/fungitastic-m/train/720p/0-3380888352.JPG	A fungus is on a light, speckled background.
/home/whx/Dataset/fungitastic-m/train/720p/1-3005493337.JPG	A fungus grows amidst moss and greenery.
/home/whx/Dataset/fungitastic-m/train/720p/1-2425494387.JPG	The background of the fungus is a mix of pine needles, leaves, and decaying wood.
/home/whx/Dataset/fungitastic-m/train/720p/1-2238579015.JPG	A fungus is surrounded by moss, pine needles, and fallen leaves.
/home/whx/Dataset/fungitastic-m/train/720p/0-2238185607.JPG	A fungus on a white surface with a ruler for scale.
/home/whx/Dataset/fungitastic-m/val/720p/2-3968579440.JPG	The background consists of dried leaves and twigs.
/home/whx/Dataset/fungitastic-m/train/720p/0-2238538272.JPG	A fungus grows on a log amidst greenery.
/home/whx/Dataset/fungitastic-m/train/720p/0-3343237334.JPG	A fungus lies on grass.
/home/whx/Dataset/fungitastic-m/val/720p/0-3916263613.JPG	A fungus rests on fallen leaves and soil.
/home/whx/Dataset/fungitastic-m/train/720p/0-2238411140.JPG	The background of the fungus is soil and small debris.
/home/whx/Dataset/fungitastic-m/val/720p/0-3828292328.JPG	A fungus in grass and ivy.
/home/whx/Dataset/fungitastic-m/val/720p/0-3899709409.JPG	A fungus lies on grass and leaves.
/home/whx/Dataset/fungitastic-m/val/720p/1-3922621444.JPG	A fungus is surrounded by grass and dried leaves.
/home/whx/Dataset/fungitastic-m/train/720p/0-2238493062.JPG	A fungus on a log, with grass and pavement in the background.
/home/whx/Dataset/fungitastic-m/train/720p/1-2883255363.JPG	The background of the fungus is dark soil with scattered leaves.
/home/whx/Dataset/fungitastic-m/test/720p/0-4169768469.JPG	A fungus is held against a blurred green background.
/home/whx/Dataset/fungitastic-m/train/720p/0-2238453343.JPG	The background of the fungus is a mix of soil, pine needles, and grass.
/home/whx/Dataset/fungitastic-m/train/720p/3-2812994306.JPG	A fungus rests on a mossy, rocky surface.
/home/whx/Dataset/fungitastic-m/train/720p/1-2238212388.JPG	A fungus on a textured surface.
/home/whx/Dataset/fungitastic-m/val/720p/0-3922626399.JPG	The background of the fungus is a mix of soil, rocks, and scattered leaves.
/home/whx/Dataset/fungitastic-m/train/720p/0-2238590552.JPG	A fungus in grass.
/home/whx/Dataset/fungitastic-m/train/720p/1-2244194045.JPG	A fungus rests on a bed of rocks.
/home/whx/Dataset/fungitastic-m/train/720p/0-2860313400.JPG	A fungus in grass.
/home/whx/Dataset/fungitastic-m/train/720p/1-2864906345.JPG	A fungus rests on mossy forest floor.
/home/whx/Dataset/fungitastic-m/val/720p/1-3970588505.JPG	A fungus rests on mossy ground.
/home/whx/Dataset/fungitastic-m/train/720p/0-3329722310.JPG	A fungus is surrounded by green moss and twigs.
/home/whx/Dataset/fungitastic-m/train/720p/2-2864906345.JPG	A fungus lies on forest floor with moss and pine needles.
/home/whx/Dataset/fungitastic-m/val/720p/0-3909145636.JPG	The background of the fungus is a bed of pine needles and twigs.
/home/whx/Dataset/fungitastic-m/train/720p/1-2862699457.JPG	Grass.
/home/whx/Dataset/fungitastic-m/train/720p/0-2816361341.JPG	A fungus rests on mossy ground.
/home/whx/Dataset/fungitastic-m/train/720p/1-2874312330.JPG	A fungus on mossy ground.
/home/whx/Dataset/fungitastic-m/val/720p/0-3899712424.JPG	A fungus rests on mossy forest floor.
/home/whx/Dataset/fungitastic-m/train/720p/0-2818070344.JPG	A fungus is surrounded by pine needles and moss.
/home/whx/Dataset/fungitastic-m/test/720p/1-4465869801.JPG	A fungus with a white cap and red rim, held in a hand, surrounded by green moss and pine needles.
/home/whx/Dataset/fungitastic-m/train/720p/2-2883264346.JPG	The background of the fungus is a light, granular texture.
/home/whx/Dataset/fungitastic-m/train/720p/3-2868481496.JPG	The background is grassy.
/home/whx/Dataset/fungitastic-m/test/720p/2-4465882757.JPG	A fungus on a white surface.
/home/whx/Dataset/fungitastic-m/train/720p/0-2238560646.JPG	A fungus rests on grass.
/home/whx/Dataset/fungitastic-m/train/720p/0-2238591262.JPG	A fungus lies on forest floor with pine needles and grass.
/home/whx/Dataset/fungitastic-m/test/720p/0-4465883864.JPG	The background of the fungus is a light, uniform color.
/home/whx/Dataset/fungitastic-m/train/720p/0-3336952332.JPG	A fungus rests on mossy ground.
/home/whx/Dataset/fungitastic-m/test/720p/1-4465892417.JPG	The background of the fungus consists of dried leaves and soil.
/home/whx/Dataset/fungitastic-m/test/720p/1-4465885086.JPG	A fungus is surrounded by fallen leaves and green moss.
/home/whx/Dataset/fungitastic-m/test/720p/1-4465875861.JPG	The background of the fungus appears to be a gradient of red and orange hues, with a scale visible on the right side.
/home/whx/Dataset/fungitastic-m/train/720p/3-3336958427.JPG	A fungus is held against a white paper towel background.
/home/whx/Dataset/fungitastic-m/train/720p/0-2417206850.JPG	Fall leaves and soil.
/home/whx/Dataset/fungitastic-m/test/720p/2-4465894461.JPG	A fungus on a white surface.
/home/whx/Dataset/fungitastic-m/train/720p/1-2413148467.JPG	A fungus is surrounded by fallen leaves and soil.
/home/whx/Dataset/fungitastic-m/train/720p/1-2238499228.JPG	The background of the fungus is a mix of dry leaves, twigs, and soil.
/home/whx/Dataset/fungitastic-m/val/720p/1-3916264578.JPG	A fungus is surrounded by leaves and a decaying log.
/home/whx/Dataset/fungitastic-m/val/720p/0-3925712757.JPG	The background is a mix of brown and orange autumn leaves.
/home/whx/Dataset/fungitastic-m/test/720p/0-4465872004.JPG	A fungus is surrounded by dry, brown leaves.
/home/whx/Dataset/fungitastic-m/train/720p/0-3014642311.JPG	The background of the fungus consists of dried leaves and twigs.
/home/whx/Dataset/fungitastic-m/val/720p/2-3925712757.JPG	Fall leaves.
/home/whx/Dataset/fungitastic-m/train/720p/1-2238524584.JPG	The background of the fungus is a mix of brown leaves and green foliage.
/home/whx/Dataset/fungitastic-m/train/720p/0-3380887365.JPG	The background is blurred green foliage.
/home/whx/Dataset/fungitastic-m/train/720p/0-2238472368.JPG	The background of the fungus is a mix of dark soil, dried leaves, and twigs.
/home/whx/Dataset/fungitastic-m/train/720p/1-2238579227.JPG	The background of the fungus is a blurred mix of brown and green leaves.
/home/whx/Dataset/fungitastic-m/val/720p/0-3909141614.JPG	A fungus in a grassy, wet environment.
/home/whx/Dataset/fungitastic-m/test/720p/3-4465896807.JPG	The background of the fungus is a mix of dried leaves and fibrous material.
/home/whx/Dataset/fungitastic-m/val/720p/0-3970587444.JPG	A fungus on autumn leaves.
/home/whx/Dataset/fungitastic-m/train/720p/0-2238491597.JPG	The background of the fungus is a dark, textured surface, possibly wood.
/home/whx/Dataset/fungitastic-m/train/720p/2-2303159240.JPG	The background of the fungus is dark, with scattered leaves and soil.
/home/whx/Dataset/fungitastic-m/train/720p/0-2238581118.JPG	A fungus on wet, brown leaves.
/home/whx/Dataset/fungitastic-m/train/720p/1-2238353706.JPG	The background of the fungus consists of dried leaves and grass.
/home/whx/Dataset/fungitastic-m/val/720p/2-3964842391.JPG	A fungus is surrounded by grass and dried leaves.
/home/whx/Dataset/fungitastic-m/train/720p/0-2265771702.JPG	The background is plain white.
/home/whx/Dataset/fungitastic-m/train/720p/1-2458347984.JPG	A fungus on tree bark.
/home/whx/Dataset/fungitastic-m/train/720p/0-2238132607.JPG	The background of the fungus is a mix of decaying wood and leaves.
/home/whx/Dataset/fungitastic-m/val/720p/0-3429084351.JPG	Dark, leafy ground.
/home/whx/Dataset/fungitastic-m/train/720p/1-2238583824.JPG	A fungus is surrounded by wet, dark leaves and twigs.
/home/whx/Dataset/fungitastic-m/train/720p/1-3027625330.JPG	A fungus on a rocky surface.
/home/whx/Dataset/fungitastic-m/train/720p/1-3422333330.JPG	A fungus grows in a dark, decaying log.
/home/whx/Dataset/fungitastic-m/train/720p/1-2521519411.JPG	A fungus grows on moss.
/home/whx/Dataset/fungitastic-m/train/720p/0-2238132438.JPG	A fungus grows on moss.
/home/whx/Dataset/fungitastic-m/train/720p/2-2238487454.JPG	Decaying wood, moss, forest floor.
/home/whx/Dataset/fungitastic-m/train/720p/4-3018978380.JPG	A fungus is on a tree stump surrounded by leaves and grass.
/home/whx/Dataset/fungitastic-m/train/720p/6-3018978380.JPG	The background of the fungus is sandy and dark.
/home/whx/Dataset/fungitastic-m/train/720p/1-2238585123.JPG	A fungus rests on moss-covered wood.
/home/whx/Dataset/fungitastic-m/train/720p/0-2238443489.JPG	A fungus grows on a tree trunk.
/home/whx/Dataset/fungitastic-m/train/720p/2-2238440216.JPG	Decaying wood.
/home/whx/Dataset/fungitastic-m/train/720p/0-3052842363.JPG	The background of the fungus is a forest floor covered in moss, leaves, and decaying wood.
/home/whx/Dataset/fungitastic-m/train/720p/1-2238457434.JPG	A fungus is on a newspaper.
/home/whx/Dataset/fungitastic-m/train/720p/3-3422333320.JPG	The background of the fungus is a forest floor with moss and fallen leaves.
/home/whx/Dataset/fungitastic-m/train/720p/0-3052841398.JPG	A fungus grows on a mossy log.
/home/whx/Dataset/fungitastic-m/train/720p/1-3406495311.JPG	A fungus grows on a tree trunk.
/home/whx/Dataset/fungitastic-m/train/720p/0-2238197741.JPG	A fungus grows on moss-covered wood with snow patches.
/home/whx/Dataset/fungitastic-m/train/720p/2-2862698444.JPG	The background is blurred, dark green.
/home/whx/Dataset/fungitastic-m/test/720p/1-4465879354.JPG	A fungus is surrounded by fallen leaves, twigs, and grass.
/home/whx/Dataset/fungitastic-m/test/720p/0-4465862014.JPG	A fungus is surrounded by fallen leaves and chestnut burrs.
/home/whx/Dataset/fungitastic-m/val/720p/3-3913251509.JPG	The background of the fungus is a mix of brown leaves and green foliage.
/home/whx/Dataset/fungitastic-m/train/720p/1-3395930425.JPG	A fungus rests on autumn leaves.
/home/whx/Dataset/fungitastic-m/train/720p/0-2868483336.JPG	A fungus lies on forest floor, surrounded by pine needles and moss.
/home/whx/Dataset/fungitastic-m/test/720p/1-4465862055.JPG	A fungus rests on grass and soil.
/home/whx/Dataset/fungitastic-m/val/720p/0-3948712454.JPG	A fungus is surrounded by autumn leaves and grass.
/home/whx/Dataset/fungitastic-m/train/720p/1-2427871920.JPG	A fungus on mossy forest floor.
/home/whx/Dataset/fungitastic-m/train/720p/1-3380898325.JPG	The background of the fungus is a mix of brown leaves and green grass.
/home/whx/Dataset/fungitastic-m/train/720p/0-2413147729.JPG	A fungus in grass with leaves.
/home/whx/Dataset/fungitastic-m/train/720p/2-2238562890.JPG	A fungus grows amidst grass and moss.
/home/whx/Dataset/fungitastic-m/train/720p/2-2238529226.JPG	A fungus is surrounded by green moss and grass.
/home/whx/Dataset/fungitastic-m/test/720p/3-4465878942.JPG	A fungus rests on a bed of brown leaves and twigs.
/home/whx/Dataset/fungitastic-m/train/720p/1-2238509233.JPG	A fungus on a white surface with a ruler.
/home/whx/Dataset/fungitastic-m/train/720p/3-3355975333.JPG	The background of the fungus is a mix of dark and light brown, with scattered leaves and twigs.
/home/whx/Dataset/fungitastic-m/test/720p/0-4465879838.JPG	A fungus amidst green grass and moss.
/home/whx/Dataset/fungitastic-m/train/720p/0-2898620342.JPG	A fungus is surrounded by green moss.
/home/whx/Dataset/fungitastic-m/train/720p/1-3382577518.JPG	Brown leaves, green grass.
/home/whx/Dataset/fungitastic-m/train/720p/0-2238455135.JPG	A fungus grows on mossy forest floor.
/home/whx/Dataset/fungitastic-m/test/720p/1-4465886097.JPG	A fungus grows amidst grass and moss.
/home/whx/Dataset/fungitastic-m/test/720p/1-4465904818.JPG	A fungus grows on a decaying log.
/home/whx/Dataset/fungitastic-m/test/720p/1-4465890463.JPG	A fungus grows amidst moss and decaying wood.
/home/whx/Dataset/fungitastic-m/train/720p/2-3358361479.JPG	A fungus is held in a hand.
/home/whx/Dataset/fungitastic-m/train/720p/1-2446759518.JPG	The background of the fungus is a natural, earthy setting with brown and green hues.
/home/whx/Dataset/fungitastic-m/test/720p/0-4465894240.JPG	A fungus grows on mossy forest floor.
/home/whx/Dataset/fungitastic-m/train/720p/1-2237944555.JPG	The background is dark.
/home/whx/Dataset/fungitastic-m/train/720p/3-2238478242.JPG	A fungus is surrounded by grass, leaves, and twigs.
/home/whx/Dataset/fungitastic-m/train/720p/1-3382571364.JPG	A fungus is surrounded by grass, leaves, and twigs.
/home/whx/Dataset/fungitastic-m/train/720p/0-3380886498.JPG	A fungus grows on mossy rock.
/home/whx/Dataset/fungitastic-m/train/720p/0-2901948516.JPG	A fungus in grass.
/home/whx/Dataset/fungitastic-m/train/720p/3-2981243416.JPG	The background of the fungus is a mix of green and red hues, possibly indicating moss and other forest vegetation.
/home/whx/Dataset/fungitastic-m/train/720p/0-2821593318.JPG	A fungus in a forest with fallen leaves and branches.
/home/whx/Dataset/fungitastic-m/test/720p/1-4169760618.JPG	A fungus rests on forest floor with moss and twigs.
/home/whx/Dataset/fungitastic-m/train/720p/0-3327312310.JPG	A fungus rests on forest floor with leaves and grass.
/home/whx/Dataset/fungitastic-m/train/720p/0-3305974312.JPG	A fungus in grass, sunlight filtering through trees.
/home/whx/Dataset/fungitastic-m/train/720p/1-2238563826.JPG	A fungus is surrounded by dried leaves and grass.
/home/whx/Dataset/fungitastic-m/train/720p/1-3131217327.JPG	Grass and moss.
/home/whx/Dataset/fungitastic-m/train/720p/2-3313870345.JPG	A fungus is held against a dark, textured background.
/home/whx/Dataset/fungitastic-m/train/720p/4-2238492617.JPG	The background of the fungus is light-colored and textured.
/home/whx/Dataset/fungitastic-m/train/720p/0-2238554571.JPG	A fungus rests on moss.
/home/whx/Dataset/fungitastic-m/train/720p/0-2238564415.JPG	A fungus is held against a backdrop of forest floor with scattered leaves and dappled sunlight.
/home/whx/Dataset/fungitastic-m/val/720p/1-4100092553.JPG	A fungus is surrounded by dry leaves and grass.
/home/whx/Dataset/fungitastic-m/val/720p/3-3909143344.JPG	The background of the fungus is a mix of brown leaves and green plants.
/home/whx/Dataset/fungitastic-m/train/720p/0-3311363315.JPG	A fungus rests on a bed of brown leaves.
/home/whx/Dataset/fungitastic-m/train/720p/1-2818075317.JPG	A fungus is held in a hand against a blurred, textured background.
/home/whx/Dataset/fungitastic-m/test/720p/0-4169771383.JPG	A fungus rests on forest floor with dried leaves and green grass.
/home/whx/Dataset/fungitastic-m/train/720p/2-2238215837.JPG	The background of the fungus is a white surface.
/home/whx/Dataset/fungitastic-m/train/720p/3-3380890448.JPG	The background of the fungus is dark and mossy.
/home/whx/Dataset/fungitastic-m/train/720p/2-2238575915.JPG	A fungus lies on grass and leaves.
/home/whx/Dataset/fungitastic-m/train/720p/2-3410047433.JPG	The background is blurred with earthy tones.
/home/whx/Dataset/fungitastic-m/train/720p/0-2238404296.JPG	A fungus on a tree stump with a ruler for scale.
/home/whx/Dataset/fungitastic-m/train/720p/2-3005491343.JPG	A fungus is surrounded by dry grass, leaves, and soil.
/home/whx/Dataset/fungitastic-m/test/720p/1-4465903773.JPG	A fungus on a dark, textured surface.
/home/whx/Dataset/fungitastic-m/train/720p/0-2413149162.JPG	The background is plain white.
/home/whx/Dataset/fungitastic-m/test/720p/3-4465905318.JPG	The background of the fungus is a forest floor with twigs, leaves, and soil.
/home/whx/Dataset/fungitastic-m/train/720p/1-2427873037.JPG	The background of the fungus consists of dried leaves and twigs.
/home/whx/Dataset/fungitastic-m/train/720p/0-2424124443.JPG	The background of the fungus is a forest floor with twigs, leaves, and soil.
/home/whx/Dataset/fungitastic-m/train/720p/0-2999561308.JPG	The background of the fungus consists of dried leaves and twigs.
/home/whx/Dataset/fungitastic-m/train/720p/0-3410060407.JPG	Grass and soil.
/home/whx/Dataset/fungitastic-m/train/720p/0-3395912396.JPG	Fall leaves.
/home/whx/Dataset/fungitastic-m/train/720p/1-2238404296.JPG	A fungus on a tree stump.
/home/whx/Dataset/fungitastic-m/test/720p/1-4465906754.JPG	The background of the fungus is a mix of green moss and forest debris.
/home/whx/Dataset/fungitastic-m/train/720p/0-2901938509.JPG	A fungus on a wooden surface.
/home/whx/Dataset/fungitastic-m/train/720p/0-3320499330.JPG	A fungus rests on a bed of dried leaves.
/home/whx/Dataset/fungitastic-m/train/720p/0-2874302476.JPG	The background of the fungus is a bed of dried leaves.
/home/whx/Dataset/fungitastic-m/train/720p/0-2238560818.JPG	The background of the fungus is a mix of soil, leaves, and grass.
/home/whx/Dataset/fungitastic-m/val/720p/1-3925717409.JPG	The background of the fungus is a mix of brown leaves, twigs, and soil.
/home/whx/Dataset/fungitastic-m/train/720p/0-2238558393.JPG	A fungus is surrounded by fallen leaves and grass.
/home/whx/Dataset/fungitastic-m/train/720p/0-2238421759.JPG	The background of the fungus is a mix of brown and green, with scattered debris and soil.
/home/whx/Dataset/fungitastic-m/train/720p/1-2238513295.JPG	The background of the fungus is a mix of soil, leaves, and organic debris.
/home/whx/Dataset/fungitastic-m/train/720p/0-3386481313.JPG	The background of the fungus is a forest floor with fallen leaves and twigs.
/home/whx/Dataset/fungitastic-m/train/720p/0-2874300446.JPG	A fungus on forest floor with autumn leaves.
/home/whx/Dataset/fungitastic-m/train/720p/1-3336947424.JPG	A fungus rests on a bed of dried leaves and twigs.
/home/whx/Dataset/fungitastic-m/train/720p/0-2238513025.JPG	The background of the fungus is a mix of dry grass and soil.
/home/whx/Dataset/fungitastic-m/train/720p/2-3311356325.JPG	A fungus is surrounded by fallen leaves and green foliage on the forest floor.
/home/whx/Dataset/fungitastic-m/train/720p/1-2238504818.JPG	The background is blurred, showing earthy tones and vegetation.
/home/whx/Dataset/fungitastic-m/test/720p/0-4465904369.JPG	A fungus rests on wet, autumnal leaves and pine needles.
/home/whx/Dataset/fungitastic-m/train/720p/4-2238558749.JPG	A fungus on a white surface.
/home/whx/Dataset/fungitastic-m/test/720p/0-4465908628.JPG	A fungus on brown leaves.
/home/whx/Dataset/fungitastic-m/test/720p/1-4169760130.JPG	A fungus is surrounded by wet leaves and grass.
/home/whx/Dataset/fungitastic-m/train/720p/0-2238564895.JPG	The background of the fungus is a forest floor covered with dry leaves and twigs.
/home/whx/Dataset/fungitastic-m/test/720p/1-4465863387.JPG	A fungus is surrounded by dried leaves.
/home/whx/Dataset/fungitastic-m/val/720p/1-3891491316.JPG	The background is blurred green.
/home/whx/Dataset/fungitastic-m/train/720p/0-2238474778.JPG	A fungus is held against a blurred forest backdrop.
/home/whx/Dataset/fungitastic-m/test/720p/1-4465886903.JPG	The background of the fungus is blurred, showing a forest floor with leaves and twigs.
/home/whx/Dataset/fungitastic-m/train/720p/0-3340158447.JPG	A fungus with a white cap and brown gills is held in a hand. The background is blurred, showing a gray container and a white surface.
/home/whx/Dataset/fungitastic-m/train/720p/0-3345612452.JPG	A fungus rests on a person's leg in a forest setting.
/home/whx/Dataset/fungitastic-m/train/720p/0-2274829702.JPG	A fungus is surrounded by forest floor debris, including leaves, twigs, and small plants.
/home/whx/Dataset/fungitastic-m/val/720p/1-3887950310.JPG	The background of the fungus is a mix of soil, leaves, and twigs.
/home/whx/Dataset/fungitastic-m/val/720p/1-3863496328.JPG	A fungus is held against a blurred background of green grass and foliage.
/home/whx/Dataset/fungitastic-m/train/720p/0-2238220042.JPG	Grass and soil.
/home/whx/Dataset/fungitastic-m/test/720p/0-4465878012.JPG	A fungus rests on green moss with brown leaves.
/home/whx/Dataset/fungitastic-m/train/720p/1-3329724345.JPG	A fungus rests on mossy forest floor.
/home/whx/Dataset/fungitastic-m/train/720p/1-4847342429.JPG	A fungus in grass.
/home/whx/Dataset/fungitastic-m/train/720p/1-3336963406.JPG	A fungus rests on mossy ground.
/home/whx/Dataset/fungitastic-m/train/720p/0-3345600479.JPG	A fungus in grass with fallen leaves.
/home/whx/Dataset/fungitastic-m/train/720p/1-2238501294.JPG	The background of the fungus consists of fallen leaves, twigs, and a decaying log.
/home/whx/Dataset/fungitastic-m/val/720p/3-3948712365.JPG	Fall leaves and grass.
/home/whx/Dataset/fungitastic-m/train/720p/0-2238561337.JPG	A fungus is surrounded by fallen leaves and green foliage.
/home/whx/Dataset/fungitastic-m/test/720p/0-4465886492.JPG	A fungus rests on mossy grass.
/home/whx/Dataset/fungitastic-m/train/720p/0-2868485344.JPG	A fungus is surrounded by green moss.
/home/whx/Dataset/fungitastic-m/val/720p/0-3925711560.JPG	A fungus is surrounded by autumn leaves and soil.
/home/whx/Dataset/fungitastic-m/val/720p/2-3944339510.JPG	A fungus rests on autumn leaves.
/home/whx/Dataset/fungitastic-m/train/720p/3-2430667391.JPG	The background of the fungus is a mix of brown leaves and green foliage.
/home/whx/Dataset/fungitastic-m/train/720p/1-2383042732.JPG	A fungus is held in a hand with a blurred green background.
/home/whx/Dataset/fungitastic-m/train/720p/2-3343247357.JPG	Green grass and fallen leaves.
/home/whx/Dataset/fungitastic-m/train/720p/1-2238561881.JPG	The background of the fungus is a mix of green leaves and brown dried leaves.
/home/whx/Dataset/fungitastic-m/val/720p/0-3922623555.JPG	A fungus rests on a bed of dried leaves.
/home/whx/Dataset/fungitastic-m/train/720p/0-2238522967.JPG	A fungus is surrounded by autumn leaves and green foliage.
/home/whx/Dataset/fungitastic-m/train/720p/1-2238562763.JPG	A fungus is surrounded by fallen leaves and twigs on the forest floor.
/home/whx/Dataset/fungitastic-m/test/720p/0-4465865488.JPG	A fungus is surrounded by dry leaves and twigs.
/home/whx/Dataset/fungitastic-m/train/720p/1-2238354695.JPG	The background is a white surface with some soil and a newspaper.
/home/whx/Dataset/fungitastic-m/train/720p/1-2238147859.JPG	The background of the fungus is a gray, textured surface.
/home/whx/Dataset/fungitastic-m/train/720p/3-2818065316.JPG	A fungus in grass.
/home/whx/Dataset/fungitastic-m/train/720p/2-2238492388.JPG	A fungus in grass.
/home/whx/Dataset/fungitastic-m/train/720p/0-3320490341.JPG	A fungus in grass.
/home/whx/Dataset/fungitastic-m/train/720p/0-2238430730.JPG	A fungus on forest floor with moss and twigs.
/home/whx/Dataset/fungitastic-m/train/720p/2-3406482356.JPG	A fungus rests on green grass and moss.
/home/whx/Dataset/fungitastic-m/test/720p/1-4169758078.JPG	A fungus rests on grass.
/home/whx/Dataset/fungitastic-m/train/720p/0-3340164302.JPG	A fungus grows amidst grass and leaves.
/home/whx/Dataset/fungitastic-m/train/720p/1-2238500576.JPG	A fungus is surrounded by green grass.
/home/whx/Dataset/fungitastic-m/train/720p/0-3336960311.JPG	The background of the fungus is a mix of soil, leaves, and decaying wood.
/home/whx/Dataset/fungitastic-m/train/720p/0-2238516487.JPG	A fungus on a green cutting board.
/home/whx/Dataset/fungitastic-m/train/720p/6-2332528240.JPG	The background is plain white.
/home/whx/Dataset/fungitastic-m/test/720p/1-4465888826.JPG	A fungus rests on autumn leaves.
/home/whx/Dataset/fungitastic-m/test/720p/0-4465894940.JPG	The background of the fungus consists of wet leaves, grass, and soil.
/home/whx/Dataset/fungitastic-m/test/720p/2-4465881485.JPG	Grass and leaves.
/home/whx/Dataset/fungitastic-m/train/720p/0-3392616468.JPG	A fungus rests on a bed of leaves and grass.
/home/whx/Dataset/fungitastic-m/train/720p/0-2238520928.JPG	The fungus is surrounded by brown leaves.
/home/whx/Dataset/fungitastic-m/train/720p/4-2417207772.JPG	A fungus in a mossy, grassy environment.
/home/whx/Dataset/fungitastic-m/train/720p/0-2874315352.JPG	A fungus stands amidst fallen leaves and moss-covered rocks.
/home/whx/Dataset/fungitastic-m/train/720p/0-2864904396.JPG	A fungus is surrounded by dry leaves and green foliage.
/home/whx/Dataset/fungitastic-m/val/720p/0-3913255484.JPG	A fungus rests on grass and fallen leaves.
/home/whx/Dataset/fungitastic-m/val/720p/2-3922623640.JPG	A fungus rests on a weathered log.
/home/whx/Dataset/fungitastic-m/train/720p/0-3392604457.JPG	A fungus is surrounded by autumn leaves.
/home/whx/Dataset/fungitastic-m/test/720p/0-4169769550.JPG	A fungus in grass.
/home/whx/Dataset/fungitastic-m/val/720p/0-3948715310.JPG	The background of the fungus is a mix of green leaves, brown twigs, and scattered dried leaves.
/home/whx/Dataset/fungitastic-m/train/720p/1-2430665914.JPG	A fungus is surrounded by autumn leaves and green ivy.
/home/whx/Dataset/fungitastic-m/test/720p/0-4169769498.JPG	A fungus grows amidst grass and soil.
/home/whx/Dataset/fungitastic-m/train/720p/0-2238418625.JPG	A fungus in grass with leaves.
/home/whx/Dataset/fungitastic-m/val/720p/2-3922627509.JPG	The background of the fungus is grassy.
/home/whx/Dataset/fungitastic-m/train/720p/0-2874307504.JPG	A fungus on forest floor with leaves and grass.
/home/whx/Dataset/fungitastic-m/train/720p/2-2238524674.JPG	A fungus lies on grass and dried leaves.
/home/whx/Dataset/fungitastic-m/test/720p/0-4465873727.JPG	A fungus grows on a wooden surface in a forested area.
/home/whx/Dataset/fungitastic-m/train/720p/3-2860297415.JPG	A fungus on a wooden surface.
/home/whx/Dataset/fungitastic-m/train/720p/1-2238501339.JPG	The background of the fungus is a mix of green foliage and brown earth.
/home/whx/Dataset/fungitastic-m/test/720p/1-4465867224.JPG	A fungus in a forest setting with dry leaves and soil.
/home/whx/Dataset/fungitastic-m/train/720p/4-3392608370.JPG	Grass and leaves.
/home/whx/Dataset/fungitastic-m/train/720p/3-3327308306.JPG	A fungus is surrounded by forest debris, including twigs, leaves, and pine needles.
/home/whx/Dataset/fungitastic-m/test/720p/0-4465889655.JPG	The background of the fungus is a forest floor with twigs and leaves.
/home/whx/Dataset/fungitastic-m/test/720p/0-4465876832.JPG	A fungus on a dark, reflective surface.
/home/whx/Dataset/fungitastic-m/train/720p/0-2238556770.JPG	The background is a forest floor with green foliage and scattered mushrooms.
/home/whx/Dataset/fungitastic-m/val/720p/2-3865761313.JPG	The background of the fungus is a forest floor with scattered leaves and twigs.
/home/whx/Dataset/fungitastic-m/val/720p/0-3913251534.JPG	A fungus is surrounded by dry leaves and twigs.
/home/whx/Dataset/fungitastic-m/train/720p/0-3340164448.JPG	A fungus in grassy area with tree trunk and blurred foliage.
/home/whx/Dataset/fungitastic-m/train/720p/0-3345614476.JPG	The background of the fungus is a mix of soil, small rocks, and scattered debris.
/home/whx/Dataset/fungitastic-m/val/720p/1-3922628519.JPG	A fungus lies on a bed of brown leaves and twigs.
/home/whx/Dataset/fungitastic-m/train/720p/0-2238558419.JPG	The background of the fungus consists of soil, twigs, and scattered leaves.
/home/whx/Dataset/fungitastic-m/test/720p/0-4465868656.JPG	A fungus in a forest with green foliage and other fungi in the background.
/home/whx/Dataset/fungitastic-m/train/720p/0-2382321470.JPG	A fungus in grass.
/home/whx/Dataset/fungitastic-m/train/720p/0-3320493318.JPG	Grass and dried blades.
/home/whx/Dataset/fungitastic-m/train/720p/2-3392607435.JPG	The background of the fungus is a light, uniform color with some small, scattered particles.
/home/whx/Dataset/fungitastic-m/train/720p/0-2874310319.JPG	Grass and twigs.
/home/whx/Dataset/fungitastic-m/train/720p/0-2883254530.JPG	Grass and leaves.
/home/whx/Dataset/fungitastic-m/val/720p/1-3964844410.JPG	The background of the fungus is a mix of green moss and brown leaves.
/home/whx/Dataset/fungitastic-m/train/720p/0-2901939386.JPG	A fungus in grass.
/home/whx/Dataset/fungitastic-m/train/720p/0-3320502337.JPG	A fungus lies on green grass with clover and small white flowers.
/home/whx/Dataset/fungitastic-m/train/720p/1-2237918339.JPG	Grass.
/home/whx/Dataset/fungitastic-m/val/720p/1-3899715426.JPG	A fungus is held against a blurred green background.
/home/whx/Dataset/fungitastic-m/train/720p/0-2821586341.JPG	A fungus in grass.
/home/whx/Dataset/fungitastic-m/val/720p/2-3909141383.JPG	A fungus is on a grassy lawn with a house and satellite dish in the background.
/home/whx/Dataset/fungitastic-m/val/720p/1-3916269344.JPG	Grass and soil.
/home/whx/Dataset/fungitastic-m/val/720p/2-3863504326.JPG	A fungus lies on green grass.
/home/whx/Dataset/fungitastic-m/train/720p/0-3332298340.JPG	A fungus in a grassy area with clover.
/home/whx/Dataset/fungitastic-m/train/720p/0-3080228333.JPG	Green grass.
/home/whx/Dataset/fungitastic-m/train/720p/0-2562049373.JPG	A fungus is surrounded by green moss and dried branches.
/home/whx/Dataset/fungitastic-m/train/720p/0-3014649344.JPG	A fungus on mossy forest floor.
/home/whx/Dataset/fungitastic-m/train/720p/1-2562049634.JPG	A fungus rests on wet, brown leaves.
/home/whx/Dataset/fungitastic-m/val/720p/0-3944341651.JPG	The background of the fungus consists of forest floor debris, including leaves, twigs, and pine needles.
/home/whx/Dataset/fungitastic-m/val/720p/0-3962116645.JPG	A fungus on mossy ground.
/home/whx/Dataset/fungitastic-m/train/720p/3-3422345324.JPG	A fungus is surrounded by green moss and grass.
/home/whx/Dataset/fungitastic-m/train/720p/0-2237959142.JPG	A fungus is surrounded by green moss and grass.
/home/whx/Dataset/fungitastic-m/test/720p/0-4465888115.JPG	A fungus on mossy ground.
/home/whx/Dataset/fungitastic-m/test/720p/0-4100100067.JPG	A fungus is surrounded by moss, leaves, and twigs.
/home/whx/Dataset/fungitastic-m/train/720p/3-3116974336.JPG	A fungus is surrounded by moss and pine needles.
/home/whx/Dataset/fungitastic-m/val/720p/1-3424508372.JPG	A fungus is surrounded by green moss and twigs.
/home/whx/Dataset/fungitastic-m/train/720p/0-2449443110.JPG	The background is dark and earthy.
/home/whx/Dataset/fungitastic-m/test/720p/0-4465906371.JPG	A fungus rests on moss-covered ground.
/home/whx/Dataset/fungitastic-m/train/720p/1-2238534482.JPG	The background of the fungus is a mix of green and brown, likely soil and moss.
/home/whx/Dataset/fungitastic-m/test/720p/0-4100096856.JPG	A fungus is surrounded by dried leaves and forest floor debris.
/home/whx/Dataset/fungitastic-m/train/720p/0-3380892483.JPG	A fungus is surrounded by green moss and dry grass.
/home/whx/Dataset/fungitastic-m/train/720p/2-3336950345.JPG	A fungus grows on a decaying log.
/home/whx/Dataset/fungitastic-m/test/720p/1-4465882150.JPG	A fungus on a wooden surface.
/home/whx/Dataset/fungitastic-m/test/720p/0-4465894276.JPG	A fungus is surrounded by autumn leaves and a decaying log.
/home/whx/Dataset/fungitastic-m/val/720p/0-3916264761.JPG	Fallen leaves and decaying wood.
/home/whx/Dataset/fungitastic-m/val/720p/0-3968582317.JPG	A fungus on a mossy, textured surface with a white wall in the background.
/home/whx/Dataset/fungitastic-m/test/720p/0-4465876213.JPG	The background of the fungus is a forest floor with leaves, twigs, and pine cones.
/home/whx/Dataset/fungitastic-m/test/720p/1-4465893565.JPG	A fungus grows on moss-covered wood.
/home/whx/Dataset/fungitastic-m/test/720p/0-4465867494.JPG	A fungus rests on mossy ground.
/home/whx/Dataset/fungitastic-m/test/720p/2-4465884693.JPG	Decaying wood and leaves.
/home/whx/Dataset/fungitastic-m/train/720p/0-2862693344.JPG	A fungus grows on a decaying log in a forest.
/home/whx/Dataset/fungitastic-m/test/720p/1-4465895572.JPG	A fungus grows on a decaying log in a forest.
/home/whx/Dataset/fungitastic-m/train/720p/0-2238380404.JPG	Blurred green forest.
/home/whx/Dataset/fungitastic-m/train/720p/0-2417206464.JPG	Blurred green background.
/home/whx/Dataset/fungitastic-m/val/720p/1-3944341906.JPG	A fungus on decaying wood.
/home/whx/Dataset/fungitastic-m/train/720p/0-3336953417.JPG	A fungus grows on moss-covered rock.
/home/whx/Dataset/fungitastic-m/train/720p/1-2294394851.JPG	The background of the fungus is a mix of earthy tones and organic debris.
/home/whx/Dataset/fungitastic-m/train/720p/0-3380905445.JPG	Fall foliage and greenery.
/home/whx/Dataset/fungitastic-m/test/720p/2-4465890780.JPG	The background of the fungus is a mix of brown leaves and wood.
/home/whx/Dataset/fungitastic-m/train/720p/0-2238578341.JPG	A fungus on a dark background.
/home/whx/Dataset/fungitastic-m/train/720p/1-2238514662.JPG	A fungus grows on a fallen branch amidst dried leaves.
/home/whx/Dataset/fungitastic-m/val/720p/0-3913251512.JPG	A fungus on a decaying log.
/home/whx/Dataset/fungitastic-m/test/720p/3-4465901555.JPG	A fungus on a blue textured surface.
/home/whx/Dataset/fungitastic-m/train/720p/0-2883272333.JPG	A fungus is surrounded by green leaves and brown twigs.
/home/whx/Dataset/fungitastic-m/val/720p/0-3909140644.JPG	A fungus grows amidst moss and fallen leaves.
/home/whx/Dataset/fungitastic-m/train/720p/0-2864915412.JPG	The background of the fungus is a dark, leaf-strewn forest floor.
/home/whx/Dataset/fungitastic-m/train/720p/0-2238525150.JPG	A fungus grows on decaying wood.
/home/whx/Dataset/fungitastic-m/train/720p/0-2238560164.JPG	A fungus on mossy ground with fallen leaves.
/home/whx/Dataset/fungitastic-m/test/720p/0-4465873681.JPG	A fungus is surrounded by dry leaves and twigs.
/home/whx/Dataset/fungitastic-m/train/720p/1-2512875391.JPG	The background of the fungus is dark, organic, and earthy.
/home/whx/Dataset/fungitastic-m/train/720p/0-2238483674.JPG	Grass and soil.
/home/whx/Dataset/fungitastic-m/train/720p/0-2898622415.JPG	The background is a dark, forest floor with leaves and branches.
/home/whx/Dataset/fungitastic-m/val/720p/1-3925714369.JPG	The background of the fungus is a mix of green moss and brown leaves.
/home/whx/Dataset/fungitastic-m/train/720p/0-3386485327.JPG	A fungus in grass.
/home/whx/Dataset/fungitastic-m/train/720p/0-2238501731.JPG	Grass and leaves.
/home/whx/Dataset/fungitastic-m/train/720p/0-3305977305.JPG	Grassy ground.
/home/whx/Dataset/fungitastic-m/train/720p/2-2862685345.JPG	Grass.
/home/whx/Dataset/fungitastic-m/train/720p/2-2238501731.JPG	Grass and soil.
/home/whx/Dataset/fungitastic-m/train/720p/1-2862703418.JPG	The background of the fungus consists of dry leaves, twigs, and soil.
/home/whx/Dataset/fungitastic-m/train/720p/0-3343245314.JPG	The background of the fungus is a ground covered with dry grass, leaves, and small colorful berries.
/home/whx/Dataset/fungitastic-m/train/720p/0-2238495401.JPG	The background of the fungus is a textured, gray surface.
/home/whx/Dataset/fungitastic-m/train/720p/1-3018974310.JPG	A fungus in grass.
/home/whx/Dataset/fungitastic-m/train/720p/1-2238495264.JPG	A fungus is held in front of a window with a grassy background.
/home/whx/Dataset/fungitastic-m/test/720p/0-4465878748.JPG	A fungus lies on green grass.
/home/whx/Dataset/fungitastic-m/val/720p/2-3944344635.JPG	A fungus with a white cap and yellowish gills, held against a wooden surface.
/home/whx/Dataset/fungitastic-m/train/720p/0-2237930627.JPG	The background is blurred green foliage.
/home/whx/Dataset/fungitastic-m/val/720p/0-3887940340.JPG	The background of the fungus consists of forest debris, including pine needles and twigs.
/home/whx/Dataset/fungitastic-m/train/720p/0-3399809397.JPG	A fungus on grass with fallen leaves.
/home/whx/Dataset/fungitastic-m/train/720p/0-2424123254.JPG	A fungus on grass.
/home/whx/Dataset/fungitastic-m/val/720p/1-3962118532.JPG	Fallen leaves.
/home/whx/Dataset/fungitastic-m/train/720p/1-3340163311.JPG	A fungus rests on autumn leaves.
/home/whx/Dataset/fungitastic-m/train/720p/0-2860307424.JPG	The background of the fungus is a forest floor with leaves and twigs.
/home/whx/Dataset/fungitastic-m/train/720p/0-3358348351.JPG	A fungus rests on mossy, grassy ground.
/home/whx/Dataset/fungitastic-m/val/720p/0-3909142367.JPG	A fungus rests on mossy forest floor.
/home/whx/Dataset/fungitastic-m/val/720p/0-3909142447.JPG	A fungus rests on mossy ground.
/home/whx/Dataset/fungitastic-m/train/720p/4-3345602371.JPG	A fungus on forest floor with pine needles and small plants.
/home/whx/Dataset/fungitastic-m/test/720p/1-4465879004.JPG	A fungus rests on a bed of dried leaves and twigs.
/home/whx/Dataset/fungitastic-m/train/720p/2-2864898429.JPG	A fungus in a forest setting with green foliage and fallen leaves.
/home/whx/Dataset/fungitastic-m/train/720p/2-3343247448.JPG	The background of the fungus consists of dried leaves and soil.
/home/whx/Dataset/fungitastic-m/train/720p/0-2413149048.JPG	A fungus rests on a bed of dried leaves.
/home/whx/Dataset/fungitastic-m/train/720p/1-3327298337.JPG	A fungus rests on a bed of dried leaves.
/home/whx/Dataset/fungitastic-m/val/720p/0-3948712369.JPG	Fall leaves.
/home/whx/Dataset/fungitastic-m/train/720p/2-3340157387.JPG	A fungus is surrounded by dried leaves and grass.
/home/whx/Dataset/fungitastic-m/train/720p/3-2874307434.JPG	A fungus is surrounded by fallen leaves and soil.
/home/whx/Dataset/fungitastic-m/train/720p/1-2868481392.JPG	A fungus is held against a backdrop of green moss, fallen leaves, and forest vegetation.
/home/whx/Dataset/fungitastic-m/train/720p/1-2981229467.JPG	A fungus is surrounded by dried leaves.
/home/whx/Dataset/fungitastic-m/val/720p/1-3944342842.JPG	A fungus is surrounded by autumn leaves and blurred greenery.
/home/whx/Dataset/fungitastic-m/val/720p/1-3916268731.JPG	The background of the fungus is a forest floor with brown leaves and twigs.
/home/whx/Dataset/fungitastic-m/train/720p/1-2446759265.JPG	The background consists of dried leaves.
/home/whx/Dataset/fungitastic-m/train/720p/1-3386488316.JPG	The background of the fungus is a forest floor with pine needles, twigs, and leaves.
/home/whx/Dataset/fungitastic-m/test/720p/0-4465872980.JPG	A fungus rests on a bed of dried leaves and twigs.
/home/whx/Dataset/fungitastic-m/train/720p/0-2425492975.JPG	The background of the fungus is a forest floor with wet leaves and debris.
/home/whx/Dataset/fungitastic-m/train/720p/4-2898620313.JPG	A fungus is surrounded by fallen leaves and soil.
/home/whx/Dataset/fungitastic-m/train/720p/0-2898633483.JPG	Fall leaves.
/home/whx/Dataset/fungitastic-m/val/720p/0-3944342516.JPG	A fungus grows on mossy ground.
/home/whx/Dataset/fungitastic-m/train/720p/0-2238508632.JPG	A fungus is surrounded by wet, brown leaves and soil.
/home/whx/Dataset/fungitastic-m/train/720p/0-3382576549.JPG	A fungus on a dark, textured surface.
/home/whx/Dataset/fungitastic-m/train/720p/0-2238507241.JPG	A fungus is surrounded by wet, brown leaves and twigs.
/home/whx/Dataset/fungitastic-m/train/720p/0-4847346494.JPG	A fungus in a forest with sunlight filtering through trees.
/home/whx/Dataset/fungitastic-m/train/720p/0-2446760038.JPG	A fungus rests on autumn leaves.
/home/whx/Dataset/fungitastic-m/test/720p/0-4465900369.JPG	A fungus rests on brown leaves.
/home/whx/Dataset/fungitastic-m/train/720p/0-2883268357.JPG	A fungus is held against a blurred background of green foliage and red fabric.
/home/whx/Dataset/fungitastic-m/train/720p/0-2382324991.JPG	A fungus on mossy ground.
/home/whx/Dataset/fungitastic-m/train/720p/1-2883273487.JPG	A fungus rests on mossy forest floor.
/home/whx/Dataset/fungitastic-m/train/720p/0-2964216340.JPG	Fall leaves and forest floor.
/home/whx/Dataset/fungitastic-m/train/720p/1-2901948353.JPG	A fungus rests on green moss.
/home/whx/Dataset/fungitastic-m/train/720p/0-2351006376.JPG	The background of the fungus is a forest floor with grass, leaves, and soil.
/home/whx/Dataset/fungitastic-m/train/720p/1-2238530092.JPG	The background of the fungus is a forest floor with leaves and green foliage.
/home/whx/Dataset/fungitastic-m/test/720p/0-4465888460.JPG	A fungus rests on forest floor, surrounded by pine needles and moss.
/home/whx/Dataset/fungitastic-m/val/720p/4-3922622635.JPG	A fungus lies on forest floor, surrounded by leaves and twigs.
/home/whx/Dataset/fungitastic-m/val/720p/1-3925711736.JPG	A fungus rests on a bed of leaves and twigs.
/home/whx/Dataset/fungitastic-m/val/720p/1-3968586509.JPG	The background of the fungus is a mix of dark soil, twigs, and green moss.
/home/whx/Dataset/fungitastic-m/train/720p/1-2864899382.JPG	A fungus is held against a backdrop of green leaves and brown forest floor.
/home/whx/Dataset/fungitastic-m/train/720p/0-2383042143.JPG	A fungus on forest floor with moss and pine needles.
/home/whx/Dataset/fungitastic-m/train/720p/1-2238559008.JPG	A fungus on dark soil with tree trunk.
/home/whx/Dataset/fungitastic-m/train/720p/0-3399799374.JPG	A fungus is nestled among moss, leaves, and twigs.
/home/whx/Dataset/fungitastic-m/train/720p/0-2533935056.JPG	A fungus in a forest with fallen leaves.
/home/whx/Dataset/fungitastic-m/test/720p/2-4169767486.JPG	A fungus in a forest setting with moss and pine needles.
/home/whx/Dataset/fungitastic-m/train/720p/6-2238515663.JPG	A fungus grows amidst fallen leaves and twigs.
/home/whx/Dataset/fungitastic-m/train/720p/1-2303159525.JPG	The background of the fungus consists of dried leaves and twigs.
/home/whx/Dataset/fungitastic-m/test/720p/2-4465877855.JPG	The background of the fungus appears to be a light, translucent, and slightly granular texture.
/home/whx/Dataset/fungitastic-m/train/720p/0-3320495336.JPG	The background of the fungus consists of dried leaves, twigs, and grass.
/home/whx/Dataset/fungitastic-m/train/720p/1-2285836182.JPG	The background of the fungus consists of forest floor debris, including leaves and twigs.
/home/whx/Dataset/fungitastic-m/test/720p/0-4169768357.JPG	A fungus lies on a bed of dried leaves and twigs.
/home/whx/Dataset/fungitastic-m/test/720p/1-4465879632.JPG	A fungus in a forest setting with blurred greenery.
/home/whx/Dataset/fungitastic-m/train/720p/1-3343238379.JPG	The background of the fungus is a blurred forest floor with green moss and scattered leaves.
/home/whx/Dataset/fungitastic-m/train/720p/0-2265771984.JPG	A fungus in grass and leaves.
/home/whx/Dataset/fungitastic-m/train/720p/0-3327310308.JPG	Mossy log.
/home/whx/Dataset/fungitastic-m/train/720p/0-2238146989.JPG	A fungus grows amidst moss and fallen leaves.
/home/whx/Dataset/fungitastic-m/val/720p/0-3925715718.JPG	A fungus grows amidst moss and grass.
/home/whx/Dataset/fungitastic-m/train/720p/2-3332296342.JPG	A fungus on a textured blue surface.
/home/whx/Dataset/fungitastic-m/test/720p/0-4465876437.JPG	A fungus rests on moss-covered ground.
/home/whx/Dataset/fungitastic-m/test/720p/1-4465866818.JPG	The background of the fungus consists of forest debris, including leaves, twigs, and wood chips.
/home/whx/Dataset/fungitastic-m/train/720p/0-3410057310.JPG	A fungus in a forest with fallen leaves and greenery.
/home/whx/Dataset/fungitastic-m/train/720p/0-2421822188.JPG	Grassy background.
/home/whx/Dataset/fungitastic-m/test/720p/0-4169758919.JPG	The background of the fungus is a grassy area with scattered leaves and small plants.
/home/whx/Dataset/fungitastic-m/train/720p/0-2273838494.JPG	A fungus in a grassy, mossy forest setting.
/home/whx/Dataset/fungitastic-m/train/720p/2-2238164649.JPG	The background of the fungus is black.
/home/whx/Dataset/fungitastic-m/train/720p/0-2238493844.JPG	The background of the fungus is a forest floor with moss, grass, and soil.
/home/whx/Dataset/fungitastic-m/train/720p/0-2816371332.JPG	A fungus on mossy ground.
/home/whx/Dataset/fungitastic-m/train/720p/4-2238495196.JPG	The background of the fungus is soil and vegetation.
/home/whx/Dataset/fungitastic-m/test/720p/4-4169769432.JPG	Grass and leaves.
/home/whx/Dataset/fungitastic-m/test/720p/0-4465874796.JPG	Grassy field.
/home/whx/Dataset/fungitastic-m/train/720p/0-3395912417.JPG	A fungus rests on autumn leaves.
/home/whx/Dataset/fungitastic-m/val/720p/0-3867920328.JPG	The background of the fungus is a mix of soil, twigs, and scattered leaves.
/home/whx/Dataset/fungitastic-m/train/720p/0-2269197720.JPG	The background of the fungus is a forest floor with twigs, leaves, and pine needles.
/home/whx/Dataset/fungitastic-m/train/720p/1-2238493314.JPG	A fungus is surrounded by green ferns, brown leaves, and moss.
/home/whx/Dataset/fungitastic-m/train/720p/4-2351006582.JPG	The background of the fungus is dark and earthy, with visible soil and organic debris.
/home/whx/Dataset/fungitastic-m/test/720p/0-4169769464.JPG	A fungus is surrounded by grass and fallen leaves.
/home/whx/Dataset/fungitastic-m/test/720p/3-4465904648.JPG	Fall leaves and greenery.
/home/whx/Dataset/fungitastic-m/test/720p/0-4465903476.JPG	Fall leaves.
/home/whx/Dataset/fungitastic-m/train/720p/0-2427872539.JPG	A fungus is surrounded by fallen leaves and forest floor.
/home/whx/Dataset/fungitastic-m/test/720p/1-4465903360.JPG	A fungus grows amidst greenery and trees.
/home/whx/Dataset/fungitastic-m/train/720p/0-2864911422.JPG	A fungus on forest floor with fallen leaves and twigs.
/home/whx/Dataset/fungitastic-m/train/720p/0-3358365398.JPG	The background of the fungus is a bed of wet, decaying leaves and twigs.
/home/whx/Dataset/fungitastic-m/train/720p/4-2238522868.JPG	The background of the fungus consists of fallen leaves and green foliage.
/home/whx/Dataset/fungitastic-m/train/720p/1-2427873380.JPG	The background of the fungus is grassy with scattered leaves and twigs.
/home/whx/Dataset/fungitastic-m/val/720p/1-3948711815.JPG	Fall leaves.
/home/whx/Dataset/fungitastic-m/val/720p/0-3925718463.JPG	A fungus grows on forest floor, surrounded by moss and fallen leaves.
/home/whx/Dataset/fungitastic-m/train/720p/0-2898636329.JPG	Fall leaves.
/home/whx/Dataset/fungitastic-m/train/720p/1-3395912351.JPG	The background of the fungus is a bed of dried leaves and green foliage.
/home/whx/Dataset/fungitastic-m/train/720p/0-2430666261.JPG	Fallen leaves.
/home/whx/Dataset/fungitastic-m/train/720p/0-2238578598.JPG	A fungus is held against a backdrop of fallen leaves and tree branches.
/home/whx/Dataset/fungitastic-m/val/720p/0-3925717725.JPG	A fungus is surrounded by fallen leaves and grass.
/home/whx/Dataset/fungitastic-m/train/720p/0-2427873942.JPG	The background is dark and moist.
/home/whx/Dataset/fungitastic-m/train/720p/3-2901935327.JPG	A fungus on a spotted paper background.
/home/whx/Dataset/fungitastic-m/val/720p/1-3913254489.JPG	A fungus is surrounded by moss, leaves, and dried grass.
/home/whx/Dataset/fungitastic-m/test/720p/0-4465902735.JPG	A fungus rests on wet, autumn leaves.
/home/whx/Dataset/fungitastic-m/train/720p/0-2238449110.JPG	The background of the fungus is black.
/home/whx/Dataset/fungitastic-m/train/720p/1-3014639318.JPG	A fungus is surrounded by fallen leaves and birch bark.
/home/whx/Dataset/fungitastic-m/test/720p/4-4465898156.JPG	A fungus on a log, blurred background.
/home/whx/Dataset/fungitastic-m/test/720p/2-4465898156.JPG	A fungus on a tree trunk.
/home/whx/Dataset/fungitastic-m/train/720p/1-2446760506.JPG	Fall leaves and tree trunk.
/home/whx/Dataset/fungitastic-m/train/720p/0-2868475307.JPG	A fungus grows on a mossy log.
/home/whx/Dataset/fungitastic-m/train/720p/1-2851421345.JPG	A fungus grows near a dark, porous rock.
/home/whx/Dataset/fungitastic-m/test/720p/2-4465902735.JPG	The background of the fungus is blurred, with hints of green and brown.
/home/whx/Dataset/fungitastic-m/train/720p/6-2238559964.JPG	A fungus is surrounded by moss and decaying wood.
/home/whx/Dataset/fungitastic-m/train/720p/1-2237966912.JPG	The background of the fungus consists of dried leaves and forest debris.
/home/whx/Dataset/fungitastic-m/train/720p/0-2874305451.JPG	A fungus grows on moss-covered wood.
/home/whx/Dataset/fungitastic-m/val/720p/1-3899714449.JPG	A fungus on mossy log.
/home/whx/Dataset/fungitastic-m/train/720p/2-2238559964.JPG	A fungus grows on mossy ground.
/home/whx/Dataset/fungitastic-m/val/720p/0-3909138615.JPG	A fungus is surrounded by dry leaves and grass.
/home/whx/Dataset/fungitastic-m/test/720p/0-4465908475.JPG	A fungus in a grassy, mossy area with fallen leaves.
/home/whx/Dataset/fungitastic-m/train/720p/0-3355978323.JPG	The background of the fungus is grass and soil.
/home/whx/Dataset/fungitastic-m/train/720p/1-2238383917.JPG	A fungus on mossy ground.
/home/whx/Dataset/fungitastic-m/train/720p/1-2864914355.JPG	Green grass.
/home/whx/Dataset/fungitastic-m/train/720p/0-2425494436.JPG	Green grass.
/home/whx/Dataset/fungitastic-m/val/720p/0-3964842335.JPG	A fungus is surrounded by grass, moss, and twigs.
/home/whx/Dataset/fungitastic-m/train/720p/0-2898630474.JPG	The background of the fungus is a forest floor with dry leaves and twigs.
/home/whx/Dataset/fungitastic-m/train/720p/0-3355977364.JPG	A fungus in grass.
/home/whx/Dataset/fungitastic-m/train/720p/1-2864915330.JPG	The background of the fungus consists of dried leaves and soil.
/home/whx/Dataset/fungitastic-m/val/720p/0-3925714745.JPG	The background of the fungus is a forest floor with leaves and grass.
/home/whx/Dataset/fungitastic-m/val/720p/0-3944342969.JPG	The background of the fungus is a mix of grass, leaves, and soil.
/home/whx/Dataset/fungitastic-m/val/720p/0-3909144617.JPG	A fungus in a grassy field with trees and hills in the distance.
/home/whx/Dataset/fungitastic-m/test/720p/0-4465875742.JPG	A fungus is surrounded by green moss and twigs.
/home/whx/Dataset/fungitastic-m/val/720p/1-3922624549.JPG	A fungus in a mossy forest.
/home/whx/Dataset/fungitastic-m/test/720p/0-4465901402.JPG	A fungus in grass.
/home/whx/Dataset/fungitastic-m/test/720p/0-4465883597.JPG	A fungus in grass.
/home/whx/Dataset/fungitastic-m/val/720p/0-3922621900.JPG	A fungus in a mossy forest floor.
/home/whx/Dataset/fungitastic-m/val/720p/0-3962114615.JPG	The background of the fungus is dark and textured.
/home/whx/Dataset/fungitastic-m/train/720p/0-3336957399.JPG	A fungus is surrounded by moss and pine needles.
/home/whx/Dataset/fungitastic-m/train/720p/0-3382561354.JPG	A fungus in a mossy forest.
/home/whx/Dataset/fungitastic-m/train/720p/1-3343246344.JPG	A fungus is held in a hand with a wooden surface and a phone in the background.
/home/whx/Dataset/fungitastic-m/train/720p/1-2818073333.JPG	A fungus rests on forest floor.
/home/whx/Dataset/fungitastic-m/test/720p/1-4465866500.JPG	A fungus in a forest with green moss and grass.
/home/whx/Dataset/fungitastic-m/train/720p/1-3334607328.JPG	A fungus on mossy ground.
/home/whx/Dataset/fungitastic-m/val/720p/0-3916264340.JPG	A fungus lies on grass with scattered leaves.
/home/whx/Dataset/fungitastic-m/train/720p/0-3340168390.JPG	The background of the fungus is dark and forested.
/home/whx/Dataset/fungitastic-m/train/720p/0-3395918407.JPG	A fungus rests on autumn leaves and moss.
/home/whx/Dataset/fungitastic-m/train/720p/0-2964212379.JPG	The background of the fungus is a mix of green moss and brown leaves.
/home/whx/Dataset/fungitastic-m/train/720p/1-3343247367.JPG	The background of the fungus is a mix of green moss and pine needles.
/home/whx/Dataset/fungitastic-m/train/720p/0-2898635429.JPG	A fungus in a forest setting.
/home/whx/Dataset/fungitastic-m/train/720p/1-3336952320.JPG	The background of the fungus is a mix of brown and green, with scattered leaves and twigs.
