image	response
/home/whx/Dataset/fungitastic-m/train/720p/0-2238497171.JPG	a fungus stands upright in grass.
/home/whx/Dataset/fungitastic-m/train/720p/0-2608811697.JPG	a fungus is lying on its side.
/home/whx/Dataset/fungitastic-m/train/720p/0-2238468067.JPG	A fungus is spread out, overlapping, and interconnected.
/home/whx/Dataset/fungitastic-m/train/720p/1-2238468067.JPG	a fungus lies flat, slightly curved.
/home/whx/Dataset/fungitastic-m/train/720p/2-2238468067.JPG	a fungus stands upright.
/home/whx/Dataset/fungitastic-m/train/720p/0-2237960183.JPG	a fungus lies in grass.
/home/whx/Dataset/fungitastic-m/train/720p/1-2237960183.JPG	A fungus is described with measurements and a drawing of its spores and volva.
/home/whx/Dataset/fungitastic-m/train/720p/0-3324329343.JPG	a fungus is lying in grass.
/home/whx/Dataset/fungitastic-m/train/720p/2-3327300305.JPG	a fungus lies horizontally in grass.
/home/whx/Dataset/fungitastic-m/test/720p/0-4465898713.JPG	a fungus lies on forest floor.
/home/whx/Dataset/fungitastic-m/test/720p/1-4465898713.JPG	a fungus lies horizontally on the forest floor.
/home/whx/Dataset/fungitastic-m/test/720p/1-4465860512.JPG	a fungus lies on moss, one cap intact, the other partially buried.
/home/whx/Dataset/fungitastic-m/train/720p/1-2238469708.JPG	A fungus is lying flat with a dropper and small pieces of fungus nearby.
/home/whx/Dataset/fungitastic-m/train/720p/0-2238219862.JPG	a fungus lies on its side.
/home/whx/Dataset/fungitastic-m/train/720p/0-2238559702.JPG	a fungus stands upright.
/home/whx/Dataset/fungitastic-m/train/720p/0-2238198540.JPG	a fungus lies in grass.
/home/whx/Dataset/fungitastic-m/train/720p/1-2238219862.JPG	a fungus lies on its side in the grass.
/home/whx/Dataset/fungitastic-m/train/720p/2-3332302304.JPG	A fungus is spherical and scattered.
/home/whx/Dataset/fungitastic-m/train/720p/0-2238221416.JPG	a fungus lies on the ground, partially open.
/home/whx/Dataset/fungitastic-m/train/720p/0-2238469708.JPG	a fungus is upright.
/home/whx/Dataset/fungitastic-m/test/720p/0-4465860512.JPG	A fungus is spherical and clustered.
/home/whx/Dataset/fungitastic-m/train/720p/4-3332302304.JPG	A fungus is scattered on the ground.
/home/whx/Dataset/fungitastic-m/train/720p/0-2238337943.JPG	a fungus lies flat on asphalt.
/home/whx/Dataset/fungitastic-m/train/720p/0-2238498525.JPG	a fungus is upright in grass.
/home/whx/Dataset/fungitastic-m/train/720p/0-2413149300.JPG	a fungus stands upright.
/home/whx/Dataset/fungitastic-m/test/720p/3-4465860512.JPG	A fungus lies on moss.
/home/whx/Dataset/fungitastic-m/train/720p/3-3332302304.JPG	A fungus is elongated and branching.
/home/whx/Dataset/fungitastic-m/train/720p/1-3392608301.JPG	A fungus lies horizontally.
/home/whx/Dataset/fungitastic-m/val/720p/0-3922621612.JPG	a fungus stands upright.
/home/whx/Dataset/fungitastic-m/test/720p/0-4169768323.JPG	a fungus stands upright among leaves.
/home/whx/Dataset/fungitastic-m/test/720p/1-4465887388.JPG	a fungus is leaning.
/home/whx/Dataset/fungitastic-m/val/720p/1-3922621612.JPG	a fungus stands upright.
/home/whx/Dataset/fungitastic-m/train/720p/0-2238472721.JPG	a fungus lies flat on a wooden surface.
/home/whx/Dataset/fungitastic-m/train/720p/0-2238514417.JPG	a fungus stands upright, another lies horizontally.
/home/whx/Dataset/fungitastic-m/train/720p/0-2251781141.JPG	a fungus stands upright.
/home/whx/Dataset/fungitastic-m/train/720p/1-2238530172.JPG	a fungus stands upright.
/home/whx/Dataset/fungitastic-m/train/720p/2-2238530172.JPG	A fungus is scattered, with some spherical structures and a central, darker area.
/home/whx/Dataset/fungitastic-m/val/720p/2-3962113377.JPG	a fungus stands upright among leaves.
/home/whx/Dataset/fungitastic-m/train/720p/0-3392608301.JPG	A fungus is spherical with a distinct purple outline.
/home/whx/Dataset/fungitastic-m/train/720p/2-3392608301.JPG	a fungus stands upright.
/home/whx/Dataset/fungitastic-m/train/720p/0-2238229690.JPG	a fungus is leaning.
/home/whx/Dataset/fungitastic-m/train/720p/0-2238530172.JPG	A fungus is embedded in a matrix of cells.
/home/whx/Dataset/fungitastic-m/train/720p/0-2351007181.JPG	a fungus stands upright.
/home/whx/Dataset/fungitastic-m/val/720p/2-3970589491.JPG	A fungus stands upright amidst moss.
/home/whx/Dataset/fungitastic-m/train/720p/0-2238416945.JPG	a fungus stands upright.
/home/whx/Dataset/fungitastic-m/val/720p/2-3922622638.JPG	a fungus stands upright.
/home/whx/Dataset/fungitastic-m/val/720p/0-3922627551.JPG	A fungus stands upright among moss.
/home/whx/Dataset/fungitastic-m/val/720p/1-3948715319.JPG	a fungus stands upright amidst moss.
/home/whx/Dataset/fungitastic-m/train/720p/0-2238517623.JPG	a fungus stands upright.
/home/whx/Dataset/fungitastic-m/val/720p/0-3970589504.JPG	a fungus stands upright.
/home/whx/Dataset/fungitastic-m/train/720p/1-3382564307.JPG	a fungus stands upright.
/home/whx/Dataset/fungitastic-m/test/720p/0-4465887848.JPG	a fungus is upright with slender stems.
/home/whx/Dataset/fungitastic-m/train/720p/0-2238524895.JPG	a fungus stands upright.
/home/whx/Dataset/fungitastic-m/train/720p/1-2238558360.JPG	a fungus stands upright.
/home/whx/Dataset/fungitastic-m/train/720p/0-2238558360.JPG	A fungus stands upright amidst moss.
/home/whx/Dataset/fungitastic-m/val/720p/1-3970589504.JPG	a fungus stands upright.
/home/whx/Dataset/fungitastic-m/train/720p/0-2238566918.JPG	A fungus stands upright on a mossy surface.
/home/whx/Dataset/fungitastic-m/train/720p/0-2238525857.JPG	a fungus stands upright.
/home/whx/Dataset/fungitastic-m/train/720p/1-2238566918.JPG	A fungus stands upright among moss.
/home/whx/Dataset/fungitastic-m/train/720p/1-3380899397.JPG	a fungus lies horizontally on forest floor.
/home/whx/Dataset/fungitastic-m/val/720p/0-3916264372.JPG	A fungus is spread out, with gills radiating outward.
/home/whx/Dataset/fungitastic-m/test/720p/0-4465882913.JPG	a fungus lies horizontally in grass.
/home/whx/Dataset/fungitastic-m/train/720p/1-2238574449.JPG	a fungus stands upright.
/home/whx/Dataset/fungitastic-m/train/720p/0-2237962574.JPG	a fungus stands upright.
/home/whx/Dataset/fungitastic-m/train/720p/1-3386477389.JPG	a fungus lies flat on the ground.
/home/whx/Dataset/fungitastic-m/train/720p/4-2821598339.JPG	a fungus stands upright in grass.
/home/whx/Dataset/fungitastic-m/train/720p/0-2238574449.JPG	a fungus is flat and spread out.
/home/whx/Dataset/fungitastic-m/train/720p/2-2821598339.JPG	a fungus lies on its side, cap up.
/home/whx/Dataset/fungitastic-m/train/720p/0-2238379917.JPG	a fungus lies flat, another stands upright.
/home/whx/Dataset/fungitastic-m/val/720p/1-3916264372.JPG	a fungus stands upright in soil.
/home/whx/Dataset/fungitastic-m/test/720p/1-4465882913.JPG	a fungus lies on grass.
/home/whx/Dataset/fungitastic-m/train/720p/0-2821598339.JPG	a fungus lies horizontally on moss.
/home/whx/Dataset/fungitastic-m/train/720p/0-3380899397.JPG	a fungus is upright.
/home/whx/Dataset/fungitastic-m/train/720p/0-3386477389.JPG	a fungus lies flat, underside exposed.
/home/whx/Dataset/fungitastic-m/train/720p/1-3380893355.JPG	a fungus stands upright.
/home/whx/Dataset/fungitastic-m/train/720p/0-2238500683.JPG	a fungus stands upright.
/home/whx/Dataset/fungitastic-m/train/720p/0-2825701306.JPG	a fungus lies flat on a wooden surface.
/home/whx/Dataset/fungitastic-m/train/720p/0-2238497275.JPG	a fungus stands upright.
/home/whx/Dataset/fungitastic-m/train/720p/0-3340172438.JPG	a fungus lies on the ground.
/home/whx/Dataset/fungitastic-m/test/720p/0-4465878309.JPG	a fungus grows upright amidst forest floor debris.
/home/whx/Dataset/fungitastic-m/val/720p/2-3948709311.JPG	a fungus stands upright in grass.
/home/whx/Dataset/fungitastic-m/train/720p/2-3324329335.JPG	A fungus stands tall, surrounded by forest debris.
/home/whx/Dataset/fungitastic-m/val/720p/0-3948709311.JPG	a fungus lies flat on grass.
/home/whx/Dataset/fungitastic-m/train/720p/1-3324329335.JPG	A fungus stands tall, cap slightly tilted.
/home/whx/Dataset/fungitastic-m/train/720p/0-3332297343.JPG	a fungus stands upright in grass.
/home/whx/Dataset/fungitastic-m/train/720p/1-2238497275.JPG	a fungus stands upright.
/home/whx/Dataset/fungitastic-m/train/720p/1-2825701306.JPG	a fungus lies flat, cap up, on a wooden surface.
/home/whx/Dataset/fungitastic-m/train/720p/3-3324329335.JPG	a fungus stands tall, slightly leaning.
/home/whx/Dataset/fungitastic-m/test/720p/1-4465864285.JPG	a fungus lies on moss, cap up, stem down.
/home/whx/Dataset/fungitastic-m/train/720p/2-2608812132.JPG	a fungus held upright.
/home/whx/Dataset/fungitastic-m/test/720p/0-4465864285.JPG	A fungus stands upright amidst moss.
/home/whx/Dataset/fungitastic-m/train/720p/0-2238478973.JPG	a fungus stands upright.
/home/whx/Dataset/fungitastic-m/train/720p/1-2984629348.JPG	a fungus stands upright.
/home/whx/Dataset/fungitastic-m/train/720p/0-3410047338.JPG	a fungus stands upright.
/home/whx/Dataset/fungitastic-m/val/720p/0-3948713720.JPG	A fungus stands upright among autumn leaves.
/home/whx/Dataset/fungitastic-m/train/720p/2-2238363229.JPG	a fungus stands upright.
/home/whx/Dataset/fungitastic-m/train/720p/0-2238437333.JPG	A fungus extends upward, with a delicate, thread-like structure.
/home/whx/Dataset/fungitastic-m/test/720p/1-4465909660.JPG	a fungus stands upright.
/home/whx/Dataset/fungitastic-m/train/720p/0-3410053318.JPG	a fungus stands upright.
/home/whx/Dataset/fungitastic-m/train/720p/1-2238363229.JPG	a fungus stands upright.
/home/whx/Dataset/fungitastic-m/train/720p/0-3410058307.JPG	a fungus stands upright.
/home/whx/Dataset/fungitastic-m/train/720p/1-2238530980.JPG	a fungus grows on bark.
/home/whx/Dataset/fungitastic-m/train/720p/0-2238530980.JPG	A fungus is hanging from a leaf.
/home/whx/Dataset/fungitastic-m/train/720p/0-2238451133.JPG	A fungus is upright.
/home/whx/Dataset/fungitastic-m/train/720p/0-2238581030.JPG	A fungus is growing on a leaf.
/home/whx/Dataset/fungitastic-m/train/720p/0-2238578686.JPG	a fungus stands upright.
/home/whx/Dataset/fungitastic-m/train/720p/2-2238402929.JPG	A fungus stands upright.
/home/whx/Dataset/fungitastic-m/val/720p/0-3964842483.JPG	A fungus grows from a leaf, extending thin, white filaments.
/home/whx/Dataset/fungitastic-m/train/720p/0-2427873692.JPG	a fungus is upright and slender.
/home/whx/Dataset/fungitastic-m/test/720p/1-4100093286.JPG	A fungus is growing in a layered, branching pattern.
/home/whx/Dataset/fungitastic-m/train/720p/3-2427873692.JPG	a fungus stands upright.
/home/whx/Dataset/fungitastic-m/train/720p/0-2460548035.JPG	a fungus stands upright.
/home/whx/Dataset/fungitastic-m/train/720p/1-2460548035.JPG	a fungus stands upright.
/home/whx/Dataset/fungitastic-m/train/720p/0-2449442616.JPG	a fungus is attached to a leaf.
/home/whx/Dataset/fungitastic-m/val/720p/1-4100095837.JPG	a fungus stands upright.
/home/whx/Dataset/fungitastic-m/train/720p/2-2981241399.JPG	a fungus stands upright.
/home/whx/Dataset/fungitastic-m/train/720p/1-2238483457.JPG	a fungus stands upright.
/home/whx/Dataset/fungitastic-m/val/720p/0-4100089855.JPG	A fungus appears to be in a dispersed, amoeboid state.
/home/whx/Dataset/fungitastic-m/train/720p/2-2238353483.JPG	a fungus stands upright.
/home/whx/Dataset/fungitastic-m/train/720p/0-2238184404.JPG	a fungus is growing on a leaf.
/home/whx/Dataset/fungitastic-m/val/720p/1-3964842483.JPG	A fungus is extending upward with a bulbous tip.
/home/whx/Dataset/fungitastic-m/val/720p/2-4100089855.JPG	A fungus is small and white, scattered on a leaf.
/home/whx/Dataset/fungitastic-m/val/720p/1-4100089855.JPG	A fungus is branching and spreading.
/home/whx/Dataset/fungitastic-m/train/720p/1-4847352207.JPG	A fungus stands upright among fallen leaves.
/home/whx/Dataset/fungitastic-m/train/720p/0-4847352207.JPG	A fungus stands upright among fallen leaves.
/home/whx/Dataset/fungitastic-m/train/720p/1-2238514874.JPG	a fungus stands upright among leaves.
/home/whx/Dataset/fungitastic-m/train/720p/0-4847350273.JPG	A fungus is leaning against a wooden surface.
/home/whx/Dataset/fungitastic-m/train/720p/0-4100094333.JPG	a fungus is lying on its side.
/home/whx/Dataset/fungitastic-m/train/720p/0-2874312523.JPG	a fungus lies horizontally among leaves.
/home/whx/Dataset/fungitastic-m/test/720p/0-4465893604.JPG	A fungus stands upright among fallen leaves.
/home/whx/Dataset/fungitastic-m/train/720p/3-3412515319.JPG	a fungus lies on the ground.
/home/whx/Dataset/fungitastic-m/train/720p/0-3412515319.JPG	a fungus lies flat, cap up.
/home/whx/Dataset/fungitastic-m/test/720p/0-4465863988.JPG	A fungus stands upright amidst fallen leaves and moss.
/home/whx/Dataset/fungitastic-m/test/720p/2-4465883614.JPG	A fungus stands upright among grass and leaves.
/home/whx/Dataset/fungitastic-m/train/720p/0-2238514874.JPG	A fungus is growing among fallen leaves.
/home/whx/Dataset/fungitastic-m/train/720p/2-2238514874.JPG	a fungus stands upright among leaves and moss.
/home/whx/Dataset/fungitastic-m/train/720p/0-4847340478.JPG	A fungus is upright and spread out.
/home/whx/Dataset/fungitastic-m/train/720p/0-2421821128.JPG	A fungus is growing among leaves.
/home/whx/Dataset/fungitastic-m/train/720p/1-3412515319.JPG	a fungus lies horizontally on the ground.
/home/whx/Dataset/fungitastic-m/train/720p/5-2238527213.JPG	a fungus stands upright.
/home/whx/Dataset/fungitastic-m/train/720p/1-2981232390.JPG	A fungus stands upright among moss.
/home/whx/Dataset/fungitastic-m/train/720p/2-2238403240.JPG	a fungus is bent and broken.
/home/whx/Dataset/fungitastic-m/train/720p/0-2238403240.JPG	a fungus is lying horizontally.
/home/whx/Dataset/fungitastic-m/train/720p/0-2425492834.JPG	A fungus stands upright amidst moss.
/home/whx/Dataset/fungitastic-m/train/720p/0-2981232390.JPG	a fungus stands upright.
/home/whx/Dataset/fungitastic-m/train/720p/0-2238402194.JPG	a fungus stands upright.
/home/whx/Dataset/fungitastic-m/train/720p/1-2238402194.JPG	a fungus stands upright.
/home/whx/Dataset/fungitastic-m/train/720p/1-2238403240.JPG	a fungus is lying horizontally.
/home/whx/Dataset/fungitastic-m/train/720p/0-3395915315.JPG	a fungus is growing upright among grass and leaves.
/home/whx/Dataset/fungitastic-m/train/720p/1-2901939352.JPG	a fungus stands upright in grass.
/home/whx/Dataset/fungitastic-m/train/720p/3-2238527213.JPG	A fungus stands upright in the grass.
/home/whx/Dataset/fungitastic-m/train/720p/0-2238353525.JPG	a fungus stands upright.
/home/whx/Dataset/fungitastic-m/train/720p/1-2238353525.JPG	A fungus is upright and branching.
/home/whx/Dataset/fungitastic-m/train/720p/0-2238527213.JPG	a fungus stands upright.
/home/whx/Dataset/fungitastic-m/val/720p/0-3944339523.JPG	A fungus stands upright in grass.
/home/whx/Dataset/fungitastic-m/train/720p/0-2238337686.JPG	a fungus stands upright.
/home/whx/Dataset/fungitastic-m/test/720p/0-4465888838.JPG	a fungus is upright.
/home/whx/Dataset/fungitastic-m/train/720p/0-2238178334.JPG	a fungus is upright.
/home/whx/Dataset/fungitastic-m/val/720p/0-3925718319.JPG	a fungus stands upright.
/home/whx/Dataset/fungitastic-m/val/720p/0-3925717612.JPG	a fungus is upright.
/home/whx/Dataset/fungitastic-m/test/720p/0-4465878990.JPG	a fungus stands upright amidst moss.
/home/whx/Dataset/fungitastic-m/val/720p/0-3925718404.JPG	a fungus stands upright, slightly tilted.
/home/whx/Dataset/fungitastic-m/train/720p/0-2238345845.JPG	a fungus stands upright.
/home/whx/Dataset/fungitastic-m/train/720p/0-2237931434.JPG	a fungus is leaning.
/home/whx/Dataset/fungitastic-m/train/720p/0-2981241316.JPG	a fungus stands upright in soil.
/home/whx/Dataset/fungitastic-m/train/720p/0-2238344269.JPG	a fungus stands upright.
/home/whx/Dataset/fungitastic-m/train/720p/1-2883260308.JPG	a fungus is upright.
/home/whx/Dataset/fungitastic-m/train/720p/1-3345605339.JPG	a fungus lies flat, cap facing down.
/home/whx/Dataset/fungitastic-m/train/720p/0-2238362618.JPG	a fungus stands upright.
/home/whx/Dataset/fungitastic-m/train/720p/0-2238220908.JPG	a fungus is upright.
/home/whx/Dataset/fungitastic-m/train/720p/0-3345605339.JPG	a fungus is lying horizontally with its cap facing upwards.
/home/whx/Dataset/fungitastic-m/train/720p/1-2238387372.JPG	a fungus lies in grass.
/home/whx/Dataset/fungitastic-m/train/720p/0-2238387372.JPG	a fungus lies in grass.
/home/whx/Dataset/fungitastic-m/train/720p/6-2999559322.JPG	a fungus lies on autumn leaves.
/home/whx/Dataset/fungitastic-m/train/720p/0-2238468608.JPG	A fungus appears to be spreading and intertwining.
/home/whx/Dataset/fungitastic-m/train/720p/1-3345615392.JPG	a fungus lies flat, spreading its cap.
/home/whx/Dataset/fungitastic-m/train/720p/1-2238242548.JPG	a fungus lies on the forest floor.
/home/whx/Dataset/fungitastic-m/train/720p/0-3345615392.JPG	a fungus lies horizontally on the ground.
/home/whx/Dataset/fungitastic-m/train/720p/0-2238342986.JPG	a fungus lies flat on a concrete surface.
/home/whx/Dataset/fungitastic-m/train/720p/1-2238342986.JPG	a fungus held upright.
/home/whx/Dataset/fungitastic-m/train/720p/0-2999559322.JPG	A fungus is sprawling and intertwined.
/home/whx/Dataset/fungitastic-m/train/720p/0-2238202921.JPG	a fungus is lying on the ground.
/home/whx/Dataset/fungitastic-m/train/720p/1-2238217137.JPG	a fungus is leaning and broken.
/home/whx/Dataset/fungitastic-m/train/720p/0-2238512839.JPG	a fungus lies on forest floor, cap slightly open.
/home/whx/Dataset/fungitastic-m/train/720p/2-2812993304.JPG	a fungus lies flat on the ground.
/home/whx/Dataset/fungitastic-m/train/720p/0-2238237335.JPG	a fungus is upright.
/home/whx/Dataset/fungitastic-m/train/720p/4-2238468608.JPG	A fungus is extending filaments.
/home/whx/Dataset/fungitastic-m/train/720p/1-2238583087.JPG	The fungus appears to be growing in a natural, undisturbed manner.
/home/whx/Dataset/fungitastic-m/val/720p/0-3948712760.JPG	A fungus stands upright among grass and moss.
/home/whx/Dataset/fungitastic-m/train/720p/2-2238583087.JPG	a fungus is upright and clustered.
/home/whx/Dataset/fungitastic-m/test/720p/0-4465902719.JPG	A fungus is spreading and branching.
/home/whx/Dataset/fungitastic-m/test/720p/3-4465902719.JPG	A fungus is branching and spreading.
/home/whx/Dataset/fungitastic-m/test/720p/5-4465902719.JPG	A fungus stands upright among grass.
/home/whx/Dataset/fungitastic-m/train/720p/0-2238583087.JPG	A fungus is growing upright.
/home/whx/Dataset/fungitastic-m/train/720p/2-3052842305.JPG	a fungus stands upright.
/home/whx/Dataset/fungitastic-m/test/720p/4-4465902719.JPG	A fungus is branching and irregularly shaped.
/home/whx/Dataset/fungitastic-m/train/720p/3-2238583087.JPG	a fungus stands upright.
/home/whx/Dataset/fungitastic-m/test/720p/1-4465900652.JPG	A fungus stands upright, cap open, revealing gills.
/home/whx/Dataset/fungitastic-m/test/720p/1-4465904447.JPG	A fungus stands upright among moss and twigs.
/home/whx/Dataset/fungitastic-m/train/720p/0-3410044418.JPG	a fungus stands upright.
/home/whx/Dataset/fungitastic-m/train/720p/4-3052842305.JPG	A fungus is spreading and branching.
/home/whx/Dataset/fungitastic-m/train/720p/0-3052842305.JPG	A fungus is spreading horizontally.
/home/whx/Dataset/fungitastic-m/train/720p/0-2238397408.JPG	a fungus stands upright.
/home/whx/Dataset/fungitastic-m/train/720p/0-3380890423.JPG	A fungus is spherical and scattered.
/home/whx/Dataset/fungitastic-m/test/720p/1-4465870508.JPG	a fungus lies flat on moss.
/home/whx/Dataset/fungitastic-m/train/720p/1-2238374753.JPG	a fungus is upright.
/home/whx/Dataset/fungitastic-m/train/720p/0-2874304379.JPG	A fungus is elongated and branching.
/home/whx/Dataset/fungitastic-m/train/720p/0-2238421933.JPG	a fungus lies flat, cap up, next to a ruler.
/home/whx/Dataset/fungitastic-m/train/720p/2-2238421933.JPG	a fungus lies flat, with a white, dried-out cap and a dark, decayed stem.
/home/whx/Dataset/fungitastic-m/train/720p/1-2238475021.JPG	a fungus lies horizontally on moss.
/home/whx/Dataset/fungitastic-m/train/720p/1-2238474331.JPG	a fungus lies horizontally among leaves and moss.
/home/whx/Dataset/fungitastic-m/train/720p/0-2238475021.JPG	a fungus stands upright.
/home/whx/Dataset/fungitastic-m/test/720p/0-4465870508.JPG	a fungus is broken in half.
/home/whx/Dataset/fungitastic-m/train/720p/0-2238480820.JPG	a fungus is bent.
/home/whx/Dataset/fungitastic-m/train/720p/0-2238472015.JPG	a fungus stands upright.
/home/whx/Dataset/fungitastic-m/train/720p/4-2238421933.JPG	a fungus is lying flat with a ruler next to it.
/home/whx/Dataset/fungitastic-m/train/720p/0-3355982311.JPG	a fungus stands upright.
/home/whx/Dataset/fungitastic-m/test/720p/2-4465877487.JPG	a fungus lies horizontally on the forest floor.
/home/whx/Dataset/fungitastic-m/train/720p/1-2874304379.JPG	a fungus stands upright.
/home/whx/Dataset/fungitastic-m/test/720p/1-4465876482.JPG	a fungus lies on forest floor.
/home/whx/Dataset/fungitastic-m/train/720p/0-2981244328.JPG	a fungus is upright and partially cut.
/home/whx/Dataset/fungitastic-m/train/720p/0-2238161513.JPG	a fungus is split, revealing its interior.
/home/whx/Dataset/fungitastic-m/train/720p/1-2238568439.JPG	a fungus lies on its side, roots exposed.
/home/whx/Dataset/fungitastic-m/train/720p/0-2238220584.JPG	a fungus stands upright on moss.
/home/whx/Dataset/fungitastic-m/val/720p/1-3909141319.JPG	The fungus appears as spherical spores scattered across the field.
/home/whx/Dataset/fungitastic-m/val/720p/3-3909141319.JPG	a fungus stands upright.
/home/whx/Dataset/fungitastic-m/train/720p/0-2238568439.JPG	a fungus lies on forest floor.
/home/whx/Dataset/fungitastic-m/train/720p/0-2237962849.JPG	A fungus lies on forest floor, partially decayed.
/home/whx/Dataset/fungitastic-m/train/720p/0-2238345330.JPG	a fungus is upright.
/home/whx/Dataset/fungitastic-m/train/720p/0-2238286685.JPG	a fungus stands upright.
/home/whx/Dataset/fungitastic-m/val/720p/2-3909141319.JPG	a fungus stands upright.
/home/whx/Dataset/fungitastic-m/train/720p/0-2237884186.JPG	a fungus lies flat, partially covered in soil.
/home/whx/Dataset/fungitastic-m/train/720p/2-2598727401.JPG	a fungus is lying on its side.
/home/whx/Dataset/fungitastic-m/train/720p/0-2238219934.JPG	a fungus stands upright.
/home/whx/Dataset/fungitastic-m/train/720p/0-2238569586.JPG	a fungus is lying on the forest floor.
/home/whx/Dataset/fungitastic-m/train/720p/0-2981238381.JPG	a fungus stands upright on a log.
/home/whx/Dataset/fungitastic-m/train/720p/0-2238033436.JPG	A fungus stands upright, cap facing upwards.
/home/whx/Dataset/fungitastic-m/train/720p/3-2868470345.JPG	a fungus is upright.
/home/whx/Dataset/fungitastic-m/train/720p/1-2868470345.JPG	a fungus grows on a twig.
/home/whx/Dataset/fungitastic-m/train/720p/0-2237973755.JPG	a fungus lies horizontally.
/home/whx/Dataset/fungitastic-m/val/720p/3-3968583473.JPG	a fungus stands upright.
/home/whx/Dataset/fungitastic-m/val/720p/2-3968583473.JPG	A fungus is upright, slender, and delicate.
/home/whx/Dataset/fungitastic-m/train/720p/0-2868470345.JPG	A fungus is upright and spread out.
/home/whx/Dataset/fungitastic-m/train/720p/0-2238476495.JPG	a fungus is clinging vertically.
/home/whx/Dataset/fungitastic-m/train/720p/2-2868470345.JPG	a fungus clings to a branch.
/home/whx/Dataset/fungitastic-m/train/720p/0-2981240301.JPG	a fungus stands upright, slightly leaning.
/home/whx/Dataset/fungitastic-m/train/720p/1-2238327128.JPG	a fungus stands upright.
/home/whx/Dataset/fungitastic-m/train/720p/0-2238374547.JPG	A fungus is clustered vertically on a stem.
/home/whx/Dataset/fungitastic-m/train/720p/0-3410062337.JPG	a fungus is upright, attached to a stick.
/home/whx/Dataset/fungitastic-m/train/720p/1-2331571135.JPG	a fungus is upright.
/home/whx/Dataset/fungitastic-m/train/720p/0-2984632363.JPG	a fungus is upright on a stick.
/home/whx/Dataset/fungitastic-m/train/720p/2-2238506890.JPG	a fungus lies flat on the forest floor.
/home/whx/Dataset/fungitastic-m/train/720p/6-2238497590.JPG	a fungus lies on the forest floor.
/home/whx/Dataset/fungitastic-m/train/720p/1-2237967942.JPG	a fungus stands upright.
/home/whx/Dataset/fungitastic-m/train/720p/2-2238497590.JPG	A fungus is scattered and dispersed.
/home/whx/Dataset/fungitastic-m/train/720p/0-2237967942.JPG	a fungus is lying on its side.
/home/whx/Dataset/fungitastic-m/train/720p/1-2238497590.JPG	A fungus is growing on a substrate.
/home/whx/Dataset/fungitastic-m/train/720p/0-2238506890.JPG	The fungus appears scattered and dispersed.
/home/whx/Dataset/fungitastic-m/train/720p/2-2237920867.JPG	a fungus lies on its side in grass.
/home/whx/Dataset/fungitastic-m/test/720p/1-4465879269.JPG	A fungus is resting on a flat surface.
/home/whx/Dataset/fungitastic-m/train/720p/4-2238497590.JPG	A fungus is resting on a surface.
/home/whx/Dataset/fungitastic-m/train/720p/1-2238506890.JPG	a fungus is upright.
/home/whx/Dataset/fungitastic-m/train/720p/1-3332291321.JPG	A fungus appears spherical with multiple concentric layers.
/home/whx/Dataset/fungitastic-m/train/720p/0-2237920867.JPG	a fungus lies on grass.
/home/whx/Dataset/fungitastic-m/train/720p/0-3329734332.JPG	a fungus stands upright.
/home/whx/Dataset/fungitastic-m/train/720p/0-2238226767.JPG	a fungus stands upright.
/home/whx/Dataset/fungitastic-m/train/720p/0-3332309342.JPG	a fungus is partially buried in soil.
/home/whx/Dataset/fungitastic-m/train/720p/1-2812993305.JPG	a fungus is upright.
/home/whx/Dataset/fungitastic-m/train/720p/9-2238426722.JPG	a fungus stands upright.
/home/whx/Dataset/fungitastic-m/val/720p/1-4100088441.JPG	a fungus lies on forest floor, partially cut.
/home/whx/Dataset/fungitastic-m/train/720p/0-2238432616.JPG	A fungus is spherical.
/home/whx/Dataset/fungitastic-m/train/720p/7-2238432616.JPG	a fungus stands upright amidst moss.
/home/whx/Dataset/fungitastic-m/train/720p/0-2812993305.JPG	A fungus is flat and spread out.
/home/whx/Dataset/fungitastic-m/train/720p/10-2238426722.JPG	a fungus lies flat on moss.
/home/whx/Dataset/fungitastic-m/train/720p/2-2883254312.JPG	A fungus is spherical and clustered.
/home/whx/Dataset/fungitastic-m/val/720p/0-4100088441.JPG	A fungus is spherical with a textured surface.
/home/whx/Dataset/fungitastic-m/train/720p/0-2883254312.JPG	a fungus is upright.
/home/whx/Dataset/fungitastic-m/train/720p/7-2238426722.JPG	A fungus is branching and spreading.
/home/whx/Dataset/fungitastic-m/train/720p/0-2238426722.JPG	a fungus is curled.
/home/whx/Dataset/fungitastic-m/train/720p/6-2238426722.JPG	a fungus stands upright amidst moss.
/home/whx/Dataset/fungitastic-m/train/720p/2-2238432616.JPG	a fungus stands upright.
/home/whx/Dataset/fungitastic-m/train/720p/8-2238426722.JPG	A fungus is circular and appears to be floating.
/home/whx/Dataset/fungitastic-m/train/720p/3-2238426722.JPG	a fungus is upright.
/home/whx/Dataset/fungitastic-m/train/720p/0-2238570510.JPG	A fungus is clustered and growing on a decaying surface.
/home/whx/Dataset/fungitastic-m/train/720p/0-4847350369.JPG	A fungus is growing upright.
/home/whx/Dataset/fungitastic-m/test/720p/0-4465898416.JPG	A fungus grows in a cluster, leaning and spreading.
/home/whx/Dataset/fungitastic-m/train/720p/0-2238330865.JPG	a fungus grows upright among moss and fallen leaves.
/home/whx/Dataset/fungitastic-m/train/720p/0-2425494406.JPG	a fungus stands upright in moss.
/home/whx/Dataset/fungitastic-m/train/720p/0-2994398328.JPG	A fungus grows horizontally on a moss-covered log.
/home/whx/Dataset/fungitastic-m/val/720p/0-3913248453.JPG	A fungus is growing on a log.
/home/whx/Dataset/fungitastic-m/train/720p/3-3018980314.JPG	Clustered, upright, growing.
/home/whx/Dataset/fungitastic-m/val/720p/0-3944343631.JPG	a fungus grows clustered on decaying wood.
/home/whx/Dataset/fungitastic-m/val/720p/0-3922625636.JPG	A fungus is clustered, upright, and spread across a mossy surface.
/home/whx/Dataset/fungitastic-m/train/720p/0-2238456319.JPG	A fungus stands upright among fallen leaves.
/home/whx/Dataset/fungitastic-m/train/720p/0-2238389941.JPG	a fungus grows clustered on a mossy log.
/home/whx/Dataset/fungitastic-m/train/720p/0-2238402495.JPG	A fungus is growing on a log.
/home/whx/Dataset/fungitastic-m/train/720p/0-2238451334.JPG	A fungus is clustered and spread across autumn leaves.
/home/whx/Dataset/fungitastic-m/train/720p/0-2868488475.JPG	A fungus grows clustered, upright.
/home/whx/Dataset/fungitastic-m/train/720p/0-2238570669.JPG	a fungus grows in a cluster, leaning slightly.
/home/whx/Dataset/fungitastic-m/train/720p/1-2238216993.JPG	a fungus stands upright, another lies horizontally.
/home/whx/Dataset/fungitastic-m/train/720p/2-2864901301.JPG	The fungus appears scattered and dispersed.
/home/whx/Dataset/fungitastic-m/train/720p/1-2860298301.JPG	a fungus lies flat, another stands upright.
/home/whx/Dataset/fungitastic-m/train/720p/1-3059596307.JPG	a fungus is cut in half, showing its interior.
/home/whx/Dataset/fungitastic-m/train/720p/1-2237915293.JPG	a fungus lies on grass, partially broken.
/home/whx/Dataset/fungitastic-m/test/720p/2-4465894472.JPG	a fungus grows in grass.
/home/whx/Dataset/fungitastic-m/test/720p/1-4465894472.JPG	a fungus is lying on its side.
/home/whx/Dataset/fungitastic-m/train/720p/0-2238498998.JPG	a fungus is upright.
/home/whx/Dataset/fungitastic-m/train/720p/2-2238159917.JPG	a fungus lies on grass, cap and gills exposed.
/home/whx/Dataset/fungitastic-m/train/720p/2-2238429225.JPG	a fungus stands upright.
/home/whx/Dataset/fungitastic-m/test/720p/5-4465894472.JPG	A fungus held in hand, cut in half.
/home/whx/Dataset/fungitastic-m/train/720p/0-3059596307.JPG	a fungus is growing upright.
/home/whx/Dataset/fungitastic-m/train/720p/0-2860298301.JPG	a fungus is upright with a smaller one lying next to it.
/home/whx/Dataset/fungitastic-m/train/720p/0-2238189933.JPG	a fungus is leaning.
/home/whx/Dataset/fungitastic-m/train/720p/3-2864901301.JPG	A fungus is extending with a long, slender appendage.
/home/whx/Dataset/fungitastic-m/train/720p/0-2238216993.JPG	a fungus lies on moss, upright and slightly tilted.
/home/whx/Dataset/fungitastic-m/train/720p/0-2238221300.JPG	a fungus is upright.
/home/whx/Dataset/fungitastic-m/test/720p/0-4465874031.JPG	a fungus lies flat on soil.
/home/whx/Dataset/fungitastic-m/train/720p/0-2238507960.JPG	a fungus stands upright.
/home/whx/Dataset/fungitastic-m/train/720p/1-2238221300.JPG	a fungus lies flat on moss.
/home/whx/Dataset/fungitastic-m/test/720p/1-4169768555.JPG	A fungus is branching and spreading.
/home/whx/Dataset/fungitastic-m/train/720p/5-2238471913.JPG	a fungus stands upright.
/home/whx/Dataset/fungitastic-m/train/720p/1-2238471844.JPG	A fungus is branching and elongating.
/home/whx/Dataset/fungitastic-m/train/720p/0-2238471913.JPG	a fungus stands upright.
/home/whx/Dataset/fungitastic-m/train/720p/3-2238471844.JPG	A fungus is elongated and segmented.
/home/whx/Dataset/fungitastic-m/train/720p/0-2237962455.JPG	a fungus is upright with a red cap and white stem.
/home/whx/Dataset/fungitastic-m/test/720p/5-4465875144.JPG	a fungus is resting on a wooden surface.
/home/whx/Dataset/fungitastic-m/test/720p/2-4465875144.JPG	A fungus lies flat, slightly curved.
/home/whx/Dataset/fungitastic-m/train/720p/7-2238471844.JPG	a fungus stands upright amidst debris.
/home/whx/Dataset/fungitastic-m/train/720p/2-2238498663.JPG	a fungus is leaning.
/home/whx/Dataset/fungitastic-m/train/720p/7-2238471913.JPG	A fungus is spherical and clustered.
/home/whx/Dataset/fungitastic-m/train/720p/1-2238471913.JPG	A fungus is branching and spreading.
/home/whx/Dataset/fungitastic-m/train/720p/4-3358351301.JPG	The fungus appears as oval and elongated structures scattered throughout the image.
/home/whx/Dataset/fungitastic-m/train/720p/2-3024155331.JPG	a fungus is growing vertically on a tree trunk.
/home/whx/Dataset/fungitastic-m/train/720p/3-3024155331.JPG	a fungus is growing on a tree trunk.
/home/whx/Dataset/fungitastic-m/test/720p/4-4100099668.JPG	a fungus stands upright.
/home/whx/Dataset/fungitastic-m/train/720p/2-2238488324.JPG	a fungus leans against a tree trunk.
/home/whx/Dataset/fungitastic-m/train/720p/3-3358351301.JPG	A fungus is spreading horizontally.
/home/whx/Dataset/fungitastic-m/train/720p/0-3358351301.JPG	A fungus is elongated and oval-shaped.
/home/whx/Dataset/fungitastic-m/train/720p/0-2238532885.JPG	a fungus stands upright.
/home/whx/Dataset/fungitastic-m/train/720p/2-2981230374.JPG	A fungus appears to be in a resting or dormant state.
/home/whx/Dataset/fungitastic-m/train/720p/0-2238488324.JPG	a fungus stands upright.
/home/whx/Dataset/fungitastic-m/test/720p/0-4847344674.JPG	A fungus is branching and spreading.
/home/whx/Dataset/fungitastic-m/train/720p/1-3358351301.JPG	A fungus is curled and elongated.
/home/whx/Dataset/fungitastic-m/train/720p/1-2238488324.JPG	A fungus is depicted in a dynamic, almost dancing pose, with its cap and stem extending outward in various directions.
/home/whx/Dataset/fungitastic-m/test/720p/3-4847344674.JPG	A fungus is branching and spreading.
/home/whx/Dataset/fungitastic-m/train/720p/2-2238538951.JPG	a fungus stands upright.
/home/whx/Dataset/fungitastic-m/train/720p/1-2238532885.JPG	a fungus stands upright on a log.
/home/whx/Dataset/fungitastic-m/train/720p/5-2238472302.JPG	a fungus stands upright.
/home/whx/Dataset/fungitastic-m/train/720p/0-2238473776.JPG	a fungus lies on forest floor, partially covered by leaves and grass.
/home/whx/Dataset/fungitastic-m/train/720p/0-2238475283.JPG	a fungus stands upright among leaves.
/home/whx/Dataset/fungitastic-m/train/720p/3-2238472302.JPG	A fungus is sprawling and intertwined.
/home/whx/Dataset/fungitastic-m/val/720p/0-3861323306.JPG	a fungus stands upright.
/home/whx/Dataset/fungitastic-m/train/720p/3-3332300302.JPG	a fungus lies on forest floor.
/home/whx/Dataset/fungitastic-m/train/720p/2-2238563724.JPG	a fungus stands upright.
/home/whx/Dataset/fungitastic-m/test/720p/0-4169771409.JPG	A fungus is scattered, with some clustered and others isolated.
/home/whx/Dataset/fungitastic-m/train/720p/7-2238472302.JPG	a fungus lies flat.
/home/whx/Dataset/fungitastic-m/train/720p/0-2332528083.JPG	a fungus is upright.
/home/whx/Dataset/fungitastic-m/train/720p/0-3340160402.JPG	a fungus is upright among leaves.
/home/whx/Dataset/fungitastic-m/train/720p/2-2238475283.JPG	a fungus stands upright among leaves.
/home/whx/Dataset/fungitastic-m/train/720p/0-2238468720.JPG	a fungus is upright.
/home/whx/Dataset/fungitastic-m/train/720p/1-2812985351.JPG	A fungus is spherical with spiky protrusions.
/home/whx/Dataset/fungitastic-m/train/720p/0-2303159294.JPG	a fungus stands upright on moss.
/home/whx/Dataset/fungitastic-m/train/720p/0-2238563724.JPG	a fungus lies on forest floor.
/home/whx/Dataset/fungitastic-m/test/720p/1-4465870731.JPG	a fungus stands upright among leaves.
/home/whx/Dataset/fungitastic-m/train/720p/0-2238496674.JPG	a fungus lies on grass.
/home/whx/Dataset/fungitastic-m/test/720p/0-4465866999.JPG	a fungus stands upright.
/home/whx/Dataset/fungitastic-m/train/720p/0-2238218817.JPG	a fungus stands upright among leaves.
/home/whx/Dataset/fungitastic-m/test/720p/1-4465899404.JPG	A fungus is elongated and branching.
/home/whx/Dataset/fungitastic-m/train/720p/4-2238504443.JPG	a fungus lies on forest floor, cap up, stem down.
/home/whx/Dataset/fungitastic-m/train/720p/1-4847334368.JPG	A fungus is branching and spreading.
/home/whx/Dataset/fungitastic-m/train/720p/2-2238471442.JPG	A fungus extends filaments.
/home/whx/Dataset/fungitastic-m/train/720p/3-2238471442.JPG	A fungus is scattered and clustered.
/home/whx/Dataset/fungitastic-m/train/720p/5-2238471442.JPG	a fungus lies on forest floor, broken and decaying.
/home/whx/Dataset/fungitastic-m/val/720p/3-3861321307.JPG	a fungus lies on forest floor, partially buried.
/home/whx/Dataset/fungitastic-m/test/720p/3-4465899404.JPG	A fungus is spherical and scattered.
/home/whx/Dataset/fungitastic-m/train/720p/0-2238564056.JPG	a fungus lies among leaves.
/home/whx/Dataset/fungitastic-m/train/720p/7-2238471442.JPG	A fungus is sprawling and branching.
/home/whx/Dataset/fungitastic-m/test/720p/0-4465870731.JPG	a fungus stands upright among leaves.
/home/whx/Dataset/fungitastic-m/train/720p/1-3324318301.JPG	a fungus is sliced and arranged in a row.
/home/whx/Dataset/fungitastic-m/train/720p/0-3327305327.JPG	A fungus lies on the forest floor.
/home/whx/Dataset/fungitastic-m/val/720p/1-4100090927.JPG	a fungus stands upright among leaves.
/home/whx/Dataset/fungitastic-m/train/720p/3-3345616441.JPG	A fungus is elongated and curved.
/home/whx/Dataset/fungitastic-m/train/720p/2-2303159254.JPG	a fungus stands upright.
/home/whx/Dataset/fungitastic-m/train/720p/1-2238497199.JPG	A fungus is elongated and curved.
/home/whx/Dataset/fungitastic-m/test/720p/3-4169758070.JPG	A fungus is elongated and curved.
/home/whx/Dataset/fungitastic-m/train/720p/0-2351006862.JPG	a fungus is upright with a white stem and pinkish cap.
/home/whx/Dataset/fungitastic-m/train/720p/3-2238497199.JPG	A fungus is elongated and oval-shaped.
/home/whx/Dataset/fungitastic-m/train/720p/4-2238497199.JPG	a fungus lies on forest floor.
/home/whx/Dataset/fungitastic-m/val/720p/2-4100090927.JPG	A fungus is branching and spreading.
/home/whx/Dataset/fungitastic-m/train/720p/2-2238551906.JPG	a fungus stands upright.
/home/whx/Dataset/fungitastic-m/test/720p/4-4169758070.JPG	A fungus is in a cluster formation.
/home/whx/Dataset/fungitastic-m/train/720p/0-2238523900.JPG	a fungus stands upright among leaves.
/home/whx/Dataset/fungitastic-m/train/720p/0-2901937472.JPG	A fungus is scattered and clustered.
/home/whx/Dataset/fungitastic-m/train/720p/1-2238551906.JPG	A fungus is elongated and branching.
/home/whx/Dataset/fungitastic-m/train/720p/0-2237910676.JPG	a fungus is lying horizontally.
/home/whx/Dataset/fungitastic-m/train/720p/1-2818069339.JPG	a fungus lies on its side in the grass.
/home/whx/Dataset/fungitastic-m/train/720p/0-2816355340.JPG	a fungus stands upright.
/home/whx/Dataset/fungitastic-m/train/720p/0-2818064358.JPG	a fungus lies on soil, partially buried.
/home/whx/Dataset/fungitastic-m/train/720p/0-2812999308.JPG	a fungus lies on leaves.
/home/whx/Dataset/fungitastic-m/train/720p/0-2818070349.JPG	a fungus is upright.
/home/whx/Dataset/fungitastic-m/train/720p/0-2238474886.JPG	a fungus lies on the ground.
/home/whx/Dataset/fungitastic-m/train/720p/0-2821600316.JPG	a fungus lies flat on grass.
/home/whx/Dataset/fungitastic-m/test/720p/1-4465879232.JPG	a fungus lies horizontally in grass.
/home/whx/Dataset/fungitastic-m/train/720p/2-2818070349.JPG	a fungus stands upright.
/home/whx/Dataset/fungitastic-m/train/720p/0-2238474168.JPG	a fungus is lying on the ground.
/home/whx/Dataset/fungitastic-m/test/720p/1-4465877866.JPG	a fungus is upright.
/home/whx/Dataset/fungitastic-m/train/720p/0-3345606451.JPG	a fungus stands upright.
/home/whx/Dataset/fungitastic-m/test/720p/2-4465877866.JPG	a fungus lies in grass.
/home/whx/Dataset/fungitastic-m/test/720p/0-4465879232.JPG	a fungus lies flat in grass.
/home/whx/Dataset/fungitastic-m/train/720p/1-3345599312.JPG	a fungus lies flat on a rock.
/home/whx/Dataset/fungitastic-m/train/720p/1-2332527937.JPG	a fungus stands upright.
/home/whx/Dataset/fungitastic-m/train/720p/0-2238370605.JPG	a fungus lies on the ground.
/home/whx/Dataset/fungitastic-m/train/720p/2-2417207200.JPG	A fungus is growing upright in soil.
/home/whx/Dataset/fungitastic-m/val/720p/4-3944339704.JPG	a fungus stands upright.
/home/whx/Dataset/fungitastic-m/train/720p/2-3126932310.JPG	A fungus is growing among wood chips.
/home/whx/Dataset/fungitastic-m/train/720p/1-2238494185.JPG	a fungus lies flat, cap up.
/home/whx/Dataset/fungitastic-m/train/720p/1-2238370347.JPG	a fungus is upright.
/home/whx/Dataset/fungitastic-m/train/720p/1-2238449509.JPG	a fungus lies flat on grass.
/home/whx/Dataset/fungitastic-m/train/720p/0-2238590069.JPG	a fungus is upright.
/home/whx/Dataset/fungitastic-m/train/720p/0-2239703736.JPG	a fungus lies on the ground, partially buried in soil and grass.
/home/whx/Dataset/fungitastic-m/train/720p/0-2417207200.JPG	a fungus is lying flat on a wooden surface.
/home/whx/Dataset/fungitastic-m/train/720p/0-2238227652.JPG	a fungus stands upright on rocky ground.
/home/whx/Dataset/fungitastic-m/train/720p/3-3122828316.JPG	A fungus is branching and spreading.
/home/whx/Dataset/fungitastic-m/train/720p/4-3122828316.JPG	A fungus appears to be spreading and branching out.
/home/whx/Dataset/fungitastic-m/train/720p/0-3126932310.JPG	a fungus lies on the ground.
/home/whx/Dataset/fungitastic-m/val/720p/6-3944339704.JPG	A fungus is elongated and branching.
/home/whx/Dataset/fungitastic-m/train/720p/0-2238370347.JPG	a fungus is lying on the ground.
/home/whx/Dataset/fungitastic-m/train/720p/0-2351006230.JPG	a fungus lies on grass.
/home/whx/Dataset/fungitastic-m/train/720p/2-2238499248.JPG	a fungus lies in grass.
/home/whx/Dataset/fungitastic-m/train/720p/0-2238475578.JPG	a fungus lies broken on the ground.
/home/whx/Dataset/fungitastic-m/train/720p/1-2238477878.JPG	a fungus lies horizontally in grass.
/home/whx/Dataset/fungitastic-m/train/720p/0-2238477878.JPG	a fungus lies on its side, partially buried in grass.
/home/whx/Dataset/fungitastic-m/train/720p/0-2238502866.JPG	a fungus lies on clover, upright.
/home/whx/Dataset/fungitastic-m/train/720p/1-3336950363.JPG	A fungus lies broken, exposing its inner structure.
/home/whx/Dataset/fungitastic-m/train/720p/1-2238559864.JPG	a fungus lies on grass, partially broken.
/home/whx/Dataset/fungitastic-m/test/720p/2-4465863082.JPG	a fungus is cut in half, revealing its interior.
/home/whx/Dataset/fungitastic-m/train/720p/1-2238502866.JPG	a fungus lies on the ground, partially buried in soil and grass.
/home/whx/Dataset/fungitastic-m/test/720p/2-4465867233.JPG	a fungus lies flat on the forest floor.
/home/whx/Dataset/fungitastic-m/train/720p/1-2238423567.JPG	A fungus is fragmented, with parts spread out.
/home/whx/Dataset/fungitastic-m/test/720p/0-4465870219.JPG	a fungus lies on the forest floor.
/home/whx/Dataset/fungitastic-m/train/720p/2-2238559864.JPG	A fungus is growing on the sign.
/home/whx/Dataset/fungitastic-m/train/720p/4-3336950363.JPG	a fungus lies flat, cap up.
/home/whx/Dataset/fungitastic-m/train/720p/3-2238152548.JPG	a fungus lies flat on the ground.
/home/whx/Dataset/fungitastic-m/train/720p/0-2868476301.JPG	a fungus lies on forest floor, partially cut.
/home/whx/Dataset/fungitastic-m/train/720p/3-2804913318.JPG	A fungus is spherical and clustered.
/home/whx/Dataset/fungitastic-m/train/720p/0-2238495567.JPG	a fungus lies on its side.
/home/whx/Dataset/fungitastic-m/train/720p/0-3329723354.JPG	a fungus lies on the forest floor.
/home/whx/Dataset/fungitastic-m/train/720p/0-2862698459.JPG	a fungus stands upright among leaves.
/home/whx/Dataset/fungitastic-m/train/720p/7-2238495567.JPG	A fungus is branching and intertwined.
/home/whx/Dataset/fungitastic-m/train/720p/3-2238495567.JPG	A fungus is branching and spreading.
/home/whx/Dataset/fungitastic-m/train/720p/1-2575117786.JPG	a fungus is resting on forest floor.
/home/whx/Dataset/fungitastic-m/train/720p/3-2868476301.JPG	A fungus is scattered and clustered.
/home/whx/Dataset/fungitastic-m/train/720p/2-2868476301.JPG	A fungus is curled and segmented.
/home/whx/Dataset/fungitastic-m/train/720p/0-2825702315.JPG	A fungus is branching and extending.
/home/whx/Dataset/fungitastic-m/test/720p/1-4465879973.JPG	a fungus stands upright.
/home/whx/Dataset/fungitastic-m/train/720p/4-2804913318.JPG	A fungus is extending and branching.
/home/whx/Dataset/fungitastic-m/train/720p/0-3327316303.JPG	A fungus is sprawling and branching.
/home/whx/Dataset/fungitastic-m/train/720p/2-2825702315.JPG	a fungus lies on forest floor.
/home/whx/Dataset/fungitastic-m/train/720p/0-4847348187.JPG	a fungus is upright.
/home/whx/Dataset/fungitastic-m/train/720p/0-2237949212.JPG	a fungus is lying on the ground.
/home/whx/Dataset/fungitastic-m/train/720p/0-2238482337.JPG	A fungus is growing in a cluster on the ground.
/home/whx/Dataset/fungitastic-m/train/720p/0-3414823325.JPG	a fungus lies horizontally on grass.
/home/whx/Dataset/fungitastic-m/test/720p/2-4847346574.JPG	The fungus appears to be in a resting state, with spores arranged in clusters.
/home/whx/Dataset/fungitastic-m/train/720p/0-2449443988.JPG	a fungus is growing in a cluster.
/home/whx/Dataset/fungitastic-m/train/720p/1-4847342515.JPG	A fungus is clustered on forest floor.
/home/whx/Dataset/fungitastic-m/train/720p/1-2449443988.JPG	a fungus is growing upright.
/home/whx/Dataset/fungitastic-m/test/720p/0-4847346574.JPG	a fungus stands upright on a rock.
/home/whx/Dataset/fungitastic-m/train/720p/1-2238482337.JPG	a fungus is growing on straw.
/home/whx/Dataset/fungitastic-m/train/720p/2-2449441757.JPG	a fungus grows upright.
/home/whx/Dataset/fungitastic-m/train/720p/3-4847342515.JPG	a fungus is held in a hand.
/home/whx/Dataset/fungitastic-m/train/720p/0-2999542369.JPG	a fungus lies in grass.
/home/whx/Dataset/fungitastic-m/train/720p/1-4847344465.JPG	a fungus is upright.
/home/whx/Dataset/fungitastic-m/train/720p/0-2449441761.JPG	A fungus grows from decaying wood.
/home/whx/Dataset/fungitastic-m/train/720p/1-4847344537.JPG	A fungus is clustered, upright.
/home/whx/Dataset/fungitastic-m/val/720p/2-3970594466.JPG	a fungus is lying on its side with a broken cap.
/home/whx/Dataset/fungitastic-m/train/720p/3-2851417316.JPG	a fungus stands upright.
/home/whx/Dataset/fungitastic-m/val/720p/0-3922626914.JPG	A fungus stands upright among pine needles.
/home/whx/Dataset/fungitastic-m/train/720p/1-2851417316.JPG	A fungus is scattered among pine needles and moss.
/home/whx/Dataset/fungitastic-m/val/720p/2-4465863334.JPG	A fungus is upright with gills spread.
/home/whx/Dataset/fungitastic-m/test/720p/1-4465898574.JPG	A fungus stands upright among pine needles and moss.
/home/whx/Dataset/fungitastic-m/train/720p/1-2901943474.JPG	A fungus stands upright, clustered.
/home/whx/Dataset/fungitastic-m/test/720p/0-4465898574.JPG	A fungus stands upright among pine needles and moss.
/home/whx/Dataset/fungitastic-m/val/720p/0-3962114647.JPG	A fungus stands upright among pine needles and grass.
/home/whx/Dataset/fungitastic-m/train/720p/2-3059597307.JPG	a fungus stands upright.
/home/whx/Dataset/fungitastic-m/train/720p/4-2238556474.JPG	A fungus stands upright among pine needles.
/home/whx/Dataset/fungitastic-m/train/720p/0-2238556474.JPG	A fungus is growing on a twig.
/home/whx/Dataset/fungitastic-m/train/720p/0-2238510645.JPG	a fungus is leaning.
/home/whx/Dataset/fungitastic-m/train/720p/2-2856922302.JPG	a fungus stands upright.
/home/whx/Dataset/fungitastic-m/train/720p/0-2427873267.JPG	a fungus stands upright.
/home/whx/Dataset/fungitastic-m/train/720p/0-2238332082.JPG	A fungus is upright with a small cap.
/home/whx/Dataset/fungitastic-m/train/720p/0-2851417316.JPG	a fungus stands upright.
/home/whx/Dataset/fungitastic-m/train/720p/1-2274829778.JPG	a fungus stands upright among leaves.
/home/whx/Dataset/fungitastic-m/train/720p/0-2238373617.JPG	a fungus lies broken, cap up, on grass.
/home/whx/Dataset/fungitastic-m/train/720p/0-2238416114.JPG	a fungus stands upright.
/home/whx/Dataset/fungitastic-m/val/720p/2-3909141339.JPG	a fungus lies horizontally in grass.
/home/whx/Dataset/fungitastic-m/test/720p/1-4169762121.JPG	a fungus lies horizontally on the ground.
/home/whx/Dataset/fungitastic-m/train/720p/1-2238416114.JPG	a fungus is lying on its side.
/home/whx/Dataset/fungitastic-m/train/720p/1-2238185810.JPG	a fungus lies on grass, broken stem.
/home/whx/Dataset/fungitastic-m/train/720p/0-3320503304.JPG	a fungus stands upright in grass.
/home/whx/Dataset/fungitastic-m/train/720p/0-2238469697.JPG	a fungus lies on grass, partially cut.
/home/whx/Dataset/fungitastic-m/train/720p/0-2862702376.JPG	a fungus lies on its side.
/home/whx/Dataset/fungitastic-m/val/720p/0-3828296320.JPG	a fungus stands upright in grass.
/home/whx/Dataset/fungitastic-m/val/720p/3-3828296320.JPG	A fungus lies on its side in the grass.
/home/whx/Dataset/fungitastic-m/train/720p/0-2238219217.JPG	a fungus stands upright in grass.
/home/whx/Dataset/fungitastic-m/train/720p/3-2238426421.JPG	A fungus stands upright with a slightly curved cap, while two others lie on the ground.
/home/whx/Dataset/fungitastic-m/train/720p/1-2238215380.JPG	a fungus lies on grass, knife nearby.
/home/whx/Dataset/fungitastic-m/train/720p/0-2238215380.JPG	a fungus stands upright.
/home/whx/Dataset/fungitastic-m/train/720p/0-2238387950.JPG	a fungus stands upright amidst forest debris.
/home/whx/Dataset/fungitastic-m/train/720p/0-2238577796.JPG	A fungus stands upright with a slender stem and a small, rounded cap.
/home/whx/Dataset/fungitastic-m/train/720p/0-2424125409.JPG	a fungus stands upright.
/home/whx/Dataset/fungitastic-m/train/720p/0-2238455119.JPG	a fungus is leaning.
/home/whx/Dataset/fungitastic-m/train/720p/0-3386472305.JPG	a fungus stands upright among leaves.
/home/whx/Dataset/fungitastic-m/train/720p/0-2874309321.JPG	A fungus stands upright amidst forest debris.
/home/whx/Dataset/fungitastic-m/train/720p/0-2238513942.JPG	a fungus stands upright among leaves and twigs.
/home/whx/Dataset/fungitastic-m/test/720p/0-4465900177.JPG	A fungus stands upright amidst moss.
/home/whx/Dataset/fungitastic-m/train/720p/1-2424124525.JPG	a fungus stands upright.
/home/whx/Dataset/fungitastic-m/test/720p/0-4100091112.JPG	a fungus is upright.
/home/whx/Dataset/fungitastic-m/val/720p/0-3944342322.JPG	A fungus stands upright, supported by slender stems.
/home/whx/Dataset/fungitastic-m/train/720p/0-2901948401.JPG	a fungus is upright.
/home/whx/Dataset/fungitastic-m/test/720p/2-4465898979.JPG	A fungus is curved and elongated.
/home/whx/Dataset/fungitastic-m/train/720p/0-3419923340.JPG	a fungus stands upright.
/home/whx/Dataset/fungitastic-m/train/720p/0-2238451717.JPG	A fungus is growing among fallen leaves.
/home/whx/Dataset/fungitastic-m/val/720p/0-3916264459.JPG	a fungus stands upright.
/home/whx/Dataset/fungitastic-m/train/720p/0-2238385933.JPG	a fungus stands upright.
/home/whx/Dataset/fungitastic-m/train/720p/2-2238557432.JPG	a fungus stands upright.
/home/whx/Dataset/fungitastic-m/train/720p/1-2238469501.JPG	a fungus lies flat, another stands upright.
/home/whx/Dataset/fungitastic-m/train/720p/0-2238537605.JPG	a fungus stands upright.
/home/whx/Dataset/fungitastic-m/train/720p/0-2273188035.JPG	a fungus lies on the forest floor.
/home/whx/Dataset/fungitastic-m/train/720p/1-2238557432.JPG	a fungus stands upright among leaves.
/home/whx/Dataset/fungitastic-m/train/720p/0-2238469501.JPG	a fungus stands upright with a white cap and yellow gills, while another fungus lies flat with a red cap.
/home/whx/Dataset/fungitastic-m/train/720p/0-3355974325.JPG	a fungus is upright.
/home/whx/Dataset/fungitastic-m/train/720p/0-3336950353.JPG	A fungus is curled.
/home/whx/Dataset/fungitastic-m/train/720p/1-2238560153.JPG	a fungus is growing upright.
/home/whx/Dataset/fungitastic-m/train/720p/0-2818064336.JPG	a fungus lies horizontally on forest floor.
/home/whx/Dataset/fungitastic-m/train/720p/0-2238563464.JPG	a fungus lies on forest floor.
/home/whx/Dataset/fungitastic-m/val/720p/0-3922625493.JPG	a fungus stands upright.
/home/whx/Dataset/fungitastic-m/train/720p/1-2238475863.JPG	a fungus lies on moss.
/home/whx/Dataset/fungitastic-m/test/720p/2-4169762024.JPG	A fungus is sliced, revealing its gills.
/home/whx/Dataset/fungitastic-m/train/720p/0-2238559237.JPG	a fungus is upright.
/home/whx/Dataset/fungitastic-m/train/720p/0-2237932258.JPG	A fungus is growing in a cluster among leaves and grass.
/home/whx/Dataset/fungitastic-m/test/720p/0-4465874523.JPG	a fungus lies horizontally on the ground.
/home/whx/Dataset/fungitastic-m/train/720p/0-2238226493.JPG	a fungus is upright.
/home/whx/Dataset/fungitastic-m/train/720p/0-2238151627.JPG	A fungus is shown in various stages and angles, including side, top, and cross-section views.
/home/whx/Dataset/fungitastic-m/train/720p/1-3327316318.JPG	a fungus lies horizontally in grass.
/home/whx/Dataset/fungitastic-m/train/720p/0-3327316318.JPG	a fungus lies flat on grass.
/home/whx/Dataset/fungitastic-m/train/720p/0-3340163333.JPG	a fungus lies flat, cap slightly curled.
/home/whx/Dataset/fungitastic-m/val/720p/1-3894180350.JPG	a fungus is growing upright.
/home/whx/Dataset/fungitastic-m/test/720p/4-4465887171.JPG	A fungus is curved.
/home/whx/Dataset/fungitastic-m/val/720p/0-3894180350.JPG	a fungus is bent.
/home/whx/Dataset/fungitastic-m/train/720p/0-2238348918.JPG	a fungus stands upright.
/home/whx/Dataset/fungitastic-m/train/720p/0-2868486306.JPG	a fungus stands upright.
/home/whx/Dataset/fungitastic-m/train/720p/2-2425492002.JPG	a fungus is growing upright.
/home/whx/Dataset/fungitastic-m/train/720p/1-2868486306.JPG	a fungus lies on the forest floor.
/home/whx/Dataset/fungitastic-m/train/720p/1-2425492002.JPG	a fungus is upright.
/home/whx/Dataset/fungitastic-m/train/720p/2-3358359310.JPG	a fungus is leaning.
/home/whx/Dataset/fungitastic-m/train/720p/0-2238510243.JPG	a fungus is upright.
/home/whx/Dataset/fungitastic-m/val/720p/0-3944340606.JPG	a fungus is upright.
/home/whx/Dataset/fungitastic-m/test/720p/2-4465880444.JPG	a fungus lies on forest floor.
/home/whx/Dataset/fungitastic-m/train/720p/0-2238383808.JPG	a fungus lies horizontally among leaves.
/home/whx/Dataset/fungitastic-m/test/720p/0-4465888024.JPG	a fungus is lying on the ground.
/home/whx/Dataset/fungitastic-m/train/720p/0-2883261303.JPG	a fungus stands upright among fallen leaves.
/home/whx/Dataset/fungitastic-m/train/720p/0-2238340349.JPG	The fungus appears to be in a resting or dormant state.
/home/whx/Dataset/fungitastic-m/train/720p/0-2874315511.JPG	a fungus stands upright among leaves.
/home/whx/Dataset/fungitastic-m/train/720p/0-2238354049.JPG	a fungus stands amidst fallen leaves.
/home/whx/Dataset/fungitastic-m/train/720p/0-2238345117.JPG	a fungus is growing among fallen leaves.
/home/whx/Dataset/fungitastic-m/train/720p/0-2860312303.JPG	a fungus lies on forest floor.
/home/whx/Dataset/fungitastic-m/train/720p/0-2237925879.JPG	A fungus is clustered and upright.
/home/whx/Dataset/fungitastic-m/train/720p/0-2864910420.JPG	A fungus is scattered among fallen leaves.
/home/whx/Dataset/fungitastic-m/train/720p/0-2382315190.JPG	a fungus lies on forest floor, surrounded by leaves.
/home/whx/Dataset/fungitastic-m/train/720p/1-2417206059.JPG	a fungus leans to the side.
/home/whx/Dataset/fungitastic-m/train/720p/0-2417206059.JPG	A fungus is sprawling and intertwined.
/home/whx/Dataset/fungitastic-m/train/720p/1-2238521857.JPG	a fungus is spread out, flat.
/home/whx/Dataset/fungitastic-m/train/720p/0-2237944957.JPG	A fungus stands upright among pine needles.
/home/whx/Dataset/fungitastic-m/train/720p/0-2238457114.JPG	A fungus stands amidst moss and fallen leaves.
/home/whx/Dataset/fungitastic-m/train/720p/1-2238554752.JPG	a fungus stands upright among pine needles.
/home/whx/Dataset/fungitastic-m/train/720p/0-2238592075.JPG	a fungus stands upright.
/home/whx/Dataset/fungitastic-m/train/720p/1-2860299329.JPG	a fungus stands upright among moss.
/home/whx/Dataset/fungitastic-m/train/720p/0-2238504314.JPG	A fungus stands upright.
/home/whx/Dataset/fungitastic-m/train/720p/0-2238377255.JPG	a fungus is upright.
/home/whx/Dataset/fungitastic-m/train/720p/0-2427873372.JPG	A fungus stands upright in grass.
/home/whx/Dataset/fungitastic-m/train/720p/2-2238579109.JPG	a fungus stands upright on mossy ground.
/home/whx/Dataset/fungitastic-m/train/720p/1-2883269378.JPG	A fungus stands upright among grass and moss.
/home/whx/Dataset/fungitastic-m/test/720p/0-4169772587.JPG	a fungus is curved downward.
/home/whx/Dataset/fungitastic-m/train/720p/0-2238569389.JPG	A fungus is upright.
/home/whx/Dataset/fungitastic-m/train/720p/0-2238521857.JPG	A fungus is upright.
/home/whx/Dataset/fungitastic-m/train/720p/0-2238298334.JPG	a fungus stands upright among moss.
/home/whx/Dataset/fungitastic-m/train/720p/1-4847352311.JPG	a fungus is upright among twigs and leaves.
/home/whx/Dataset/fungitastic-m/test/720p/0-4465877378.JPG	The fungus appears scattered and dispersed.
/home/whx/Dataset/fungitastic-m/train/720p/0-2238332517.JPG	a fungus is upright.
/home/whx/Dataset/fungitastic-m/train/720p/0-2351006813.JPG	a fungus lies on moss, one cap is intact, the other is broken.
/home/whx/Dataset/fungitastic-m/test/720p/0-4465866875.JPG	a fungus lies horizontally on moss.
/home/whx/Dataset/fungitastic-m/train/720p/0-3332293341.JPG	a fungus stands upright.
/home/whx/Dataset/fungitastic-m/train/720p/0-3345606375.JPG	A fungus stands upright among clovers and pine cones.
/home/whx/Dataset/fungitastic-m/train/720p/0-2238473618.JPG	a fungus lies on its side in the snow.
/home/whx/Dataset/fungitastic-m/train/720p/0-2383043297.JPG	a fungus stands upright.
/home/whx/Dataset/fungitastic-m/train/720p/0-3332300325.JPG	a fungus lies on its side.
/home/whx/Dataset/fungitastic-m/train/720p/0-2238497665.JPG	a fungus lies on forest floor.
/home/whx/Dataset/fungitastic-m/train/720p/0-2424122532.JPG	a fungus lies on moss.
/home/whx/Dataset/fungitastic-m/train/720p/0-2237963884.JPG	a fungus is upright with a red cap and white stem.
/home/whx/Dataset/fungitastic-m/train/720p/0-3332298344.JPG	a fungus lies horizontally on moss.
/home/whx/Dataset/fungitastic-m/train/720p/0-3340173304.JPG	a fungus lies on moss.
/home/whx/Dataset/fungitastic-m/train/720p/0-2238351104.JPG	a fungus lies flat, another stands upright.
/home/whx/Dataset/fungitastic-m/val/720p/1-3916263385.JPG	a fungus lies in grass.
/home/whx/Dataset/fungitastic-m/train/720p/0-2238473595.JPG	a fungus lies flat, cap slightly curled.
/home/whx/Dataset/fungitastic-m/test/720p/1-4465887449.JPG	A fungus is upright with a dark cap and white gills.
/home/whx/Dataset/fungitastic-m/train/720p/1-3343238396.JPG	A fungus is spread out, resembling a fan.
/home/whx/Dataset/fungitastic-m/train/720p/6-2238473595.JPG	A fungus is irregularly shaped and clustered.
/home/whx/Dataset/fungitastic-m/val/720p/1-3909144599.JPG	The fungus appears as small, round, and evenly distributed spores.
/home/whx/Dataset/fungitastic-m/train/720p/3-2238473595.JPG	a fungus lies flat, slightly overlapping.
/home/whx/Dataset/fungitastic-m/test/720p/0-4169758151.JPG	A fungus lies on grass, upright with a slightly curved cap.
/home/whx/Dataset/fungitastic-m/train/720p/0-3380901347.JPG	a fungus is lying on its side.
/home/whx/Dataset/fungitastic-m/train/720p/0-2238476507.JPG	a fungus lies on the forest floor.
/home/whx/Dataset/fungitastic-m/train/720p/0-2821590319.JPG	a fungus lies on the ground, cap up.
/home/whx/Dataset/fungitastic-m/train/720p/2-2238351329.JPG	A fungus is lying on the ground.
/home/whx/Dataset/fungitastic-m/train/720p/1-2238351329.JPG	A fungus is scattered, with some clusters and individual spores visible.
/home/whx/Dataset/fungitastic-m/train/720p/0-2237967735.JPG	a fungus lies on the ground, partially broken.
/home/whx/Dataset/fungitastic-m/train/720p/1-4847336512.JPG	a fungus stands upright.
/home/whx/Dataset/fungitastic-m/val/720p/0-3909139415.JPG	a fungus lies on forest floor, surrounded by debris.
/home/whx/Dataset/fungitastic-m/train/720p/4-3343238396.JPG	The fungus appears to be elongated and branching.
/home/whx/Dataset/fungitastic-m/train/720p/0-2238382721.JPG	a fungus lies in grass, cap and stem visible.
/home/whx/Dataset/fungitastic-m/train/720p/0-2238508287.JPG	a fungus is upright.
/home/whx/Dataset/fungitastic-m/train/720p/0-2238565864.JPG	a fungus lies decaying on the ground.
/home/whx/Dataset/fungitastic-m/train/720p/0-2238567222.JPG	a fungus lies on its side, partially buried in soil.
/home/whx/Dataset/fungitastic-m/train/720p/1-3358352382.JPG	a fungus lies horizontally on moss.
/home/whx/Dataset/fungitastic-m/train/720p/0-3410061323.JPG	a fungus lies on autumn leaves.
/home/whx/Dataset/fungitastic-m/val/720p/0-3898075414.JPG	a fungus lies on forest floor, cap up.
/home/whx/Dataset/fungitastic-m/train/720p/0-2238149633.JPG	a fungus lies on moss.
/home/whx/Dataset/fungitastic-m/train/720p/2-2238508030.JPG	a fungus is lying flat.
/home/whx/Dataset/fungitastic-m/train/720p/2-2238527652.JPG	A fungus is cut in half, showing its gills and cap.
/home/whx/Dataset/fungitastic-m/train/720p/0-2238151941.JPG	A fungus is upright and flat.
/home/whx/Dataset/fungitastic-m/train/720p/2-2238573546.JPG	a fungus lies flat on a concrete surface.
/home/whx/Dataset/fungitastic-m/train/720p/1-2238563473.JPG	a fungus lies on forest floor.
/home/whx/Dataset/fungitastic-m/train/720p/1-2251781242.JPG	a fungus lies flat, debris scattered.
/home/whx/Dataset/fungitastic-m/train/720p/1-2238419073.JPG	a fungus lies flat on the ground.
/home/whx/Dataset/fungitastic-m/train/720p/1-2238508754.JPG	a fungus lies flat, cap up.
/home/whx/Dataset/fungitastic-m/train/720p/0-2238508316.JPG	a fungus lies on moss, partially buried.
/home/whx/Dataset/fungitastic-m/train/720p/1-2238495645.JPG	A fungus is flat and spread out.
/home/whx/Dataset/fungitastic-m/train/720p/1-2238497478.JPG	a fungus is lying on the ground.
/home/whx/Dataset/fungitastic-m/train/720p/0-2238148671.JPG	a fungus lies flat, cap up.
/home/whx/Dataset/fungitastic-m/train/720p/0-3358348303.JPG	a fungus stands upright among leaves.
/home/whx/Dataset/fungitastic-m/train/720p/0-3340172332.JPG	a fungus stands upright among leaves.
/home/whx/Dataset/fungitastic-m/train/720p/1-2620425301.JPG	a fungus lies on forest floor.
/home/whx/Dataset/fungitastic-m/train/720p/0-3327316354.JPG	a fungus is upright.
/home/whx/Dataset/fungitastic-m/train/720p/0-2238495628.JPG	A fungus is flat and irregularly shaped.
/home/whx/Dataset/fungitastic-m/train/720p/0-2331570874.JPG	a fungus stands upright.
/home/whx/Dataset/fungitastic-m/test/720p/1-4465885555.JPG	a fungus stands upright on a wooden surface.
/home/whx/Dataset/fungitastic-m/train/720p/1-2620427301.JPG	A fungus lies flat, slightly curved.
/home/whx/Dataset/fungitastic-m/train/720p/3-3324326311.JPG	a fungus lies on its side in the grass.
/home/whx/Dataset/fungitastic-m/train/720p/0-2238494744.JPG	a fungus is upright.
/home/whx/Dataset/fungitastic-m/train/720p/0-2238468176.JPG	a fungus is upright.
/home/whx/Dataset/fungitastic-m/train/720p/0-2238497877.JPG	A fungus is white and textured, with small dark spots and debris scattered across its surface.
/home/whx/Dataset/fungitastic-m/train/720p/0-3392605335.JPG	A fungus stands amidst pine needles.
/home/whx/Dataset/fungitastic-m/train/720p/2-3395928317.JPG	A fungus stands upright among twigs and needles.
/home/whx/Dataset/fungitastic-m/train/720p/0-2238438425.JPG	a fungus stands amidst moss and pine needles.
/home/whx/Dataset/fungitastic-m/train/720p/0-2238348490.JPG	a fungus stands upright among moss.
/home/whx/Dataset/fungitastic-m/train/720p/0-2446760159.JPG	A fungus is scattered among twigs and leaves.
/home/whx/Dataset/fungitastic-m/train/720p/0-2238481301.JPG	A fungus stands upright among moss.
/home/whx/Dataset/fungitastic-m/train/720p/0-2238052763.JPG	A fungus stands upright among grass.
/home/whx/Dataset/fungitastic-m/train/720p/1-2238465317.JPG	a fungus stands upright.
/home/whx/Dataset/fungitastic-m/train/720p/0-2425493030.JPG	a fungus is drooping.
/home/whx/Dataset/fungitastic-m/train/720p/0-3392612447.JPG	A fungus is sliced, showing intricate internal structure.
/home/whx/Dataset/fungitastic-m/test/720p/2-4465904660.JPG	A fungus stands upright among forest debris.
/home/whx/Dataset/fungitastic-m/train/720p/1-3412515341.JPG	a fungus stands upright amidst moss.
/home/whx/Dataset/fungitastic-m/train/720p/1-2427873533.JPG	A fungus is scattered, upright, and clustered.
/home/whx/Dataset/fungitastic-m/train/720p/0-2238526215.JPG	a fungus stands upright.
/home/whx/Dataset/fungitastic-m/train/720p/0-2238191635.JPG	A fungus stands upright among dried leaves.
/home/whx/Dataset/fungitastic-m/train/720p/6-3412515341.JPG	a fungus is resting on a surface.
/home/whx/Dataset/fungitastic-m/train/720p/0-2898618312.JPG	A fungus lies among fallen leaves.
/home/whx/Dataset/fungitastic-m/train/720p/0-2816371327.JPG	A fungus is growing in clusters.
/home/whx/Dataset/fungitastic-m/train/720p/0-2238420242.JPG	a fungus stands upright.
/home/whx/Dataset/fungitastic-m/train/720p/0-3395924419.JPG	a fungus is lying on its side.
/home/whx/Dataset/fungitastic-m/train/720p/0-3343246461.JPG	A fungus appears to be growing in a cluster, with some parts extending outward.
/home/whx/Dataset/fungitastic-m/test/720p/0-4169770554.JPG	a fungus lies in grass, cap up, stem down.
/home/whx/Dataset/fungitastic-m/test/720p/0-4465872312.JPG	a fungus lies in grass, cap up, stem down.
/home/whx/Dataset/fungitastic-m/test/720p/2-4169769417.JPG	a fungus lies flat on grass.
/home/whx/Dataset/fungitastic-m/train/720p/0-3343234451.JPG	a fungus is upright.
/home/whx/Dataset/fungitastic-m/val/720p/0-3863492332.JPG	a fungus stands upright in grass.
/home/whx/Dataset/fungitastic-m/train/720p/2-2816360324.JPG	a fungus stands upright in the soil.
/home/whx/Dataset/fungitastic-m/train/720p/1-3343234451.JPG	A fungus is scattered, with some spherical and others elongated.
/home/whx/Dataset/fungitastic-m/test/720p/0-4465866476.JPG	a fungus lies on grass, cap up.
/home/whx/Dataset/fungitastic-m/train/720p/0-2238558527.JPG	A fungus lies on grass, broken and scattered.
/home/whx/Dataset/fungitastic-m/val/720p/1-3863492332.JPG	a fungus lies in grass.
/home/whx/Dataset/fungitastic-m/train/720p/1-3320497308.JPG	a fungus lies in grass.
/home/whx/Dataset/fungitastic-m/train/720p/0-4847352189.JPG	a fungus lies horizontally on the ground.
/home/whx/Dataset/fungitastic-m/train/720p/0-3070932306.JPG	a fungus is lying flat.
/home/whx/Dataset/fungitastic-m/test/720p/1-4465892708.JPG	a fungus stands upright.
/home/whx/Dataset/fungitastic-m/test/720p/5-4465875050.JPG	a fungus stands upright.
/home/whx/Dataset/fungitastic-m/test/720p/3-4465863035.JPG	A fungus stands upright, cap slightly curved.
/home/whx/Dataset/fungitastic-m/val/720p/0-3925716303.JPG	a fungus lies flat on the ground.
/home/whx/Dataset/fungitastic-m/test/720p/1-4465877058.JPG	A fungus is scattered, floating.
/home/whx/Dataset/fungitastic-m/test/720p/5-4465876841.JPG	a fungus stands upright.
/home/whx/Dataset/fungitastic-m/test/720p/0-4465871335.JPG	a fungus stands upright.
/home/whx/Dataset/fungitastic-m/val/720p/1-3925716303.JPG	a fungus is partially buried in soil.
/home/whx/Dataset/fungitastic-m/train/720p/1-3424509320.JPG	A fungus is floating, cap up, in water.
/home/whx/Dataset/fungitastic-m/test/720p/2-4465881101.JPG	a fungus lies on forest floor.
/home/whx/Dataset/fungitastic-m/train/720p/0-3412509311.JPG	a fungus is upright among fallen leaves.
/home/whx/Dataset/fungitastic-m/test/720p/0-4465882369.JPG	a fungus stands upright among debris.
/home/whx/Dataset/fungitastic-m/train/720p/0-2238329327.JPG	a fungus stands upright among leaves.
/home/whx/Dataset/fungitastic-m/test/720p/0-4465875422.JPG	a fungus stands upright.
/home/whx/Dataset/fungitastic-m/train/720p/0-2238426720.JPG	a fungus stands upright, another lies horizontally.
/home/whx/Dataset/fungitastic-m/train/720p/0-2238578277.JPG	a fungus is upright.
/home/whx/Dataset/fungitastic-m/train/720p/0-2575117789.JPG	a fungus stands upright.
/home/whx/Dataset/fungitastic-m/train/720p/1-2238394337.JPG	a fungus lies flat, cap up, next to a ruler.
/home/whx/Dataset/fungitastic-m/train/720p/0-2898627314.JPG	a fungus lies on forest floor.
/home/whx/Dataset/fungitastic-m/val/720p/0-3925714823.JPG	a fungus stands upright.
/home/whx/Dataset/fungitastic-m/train/720p/2-2831357310.JPG	a fungus lies on the ground.
/home/whx/Dataset/fungitastic-m/train/720p/0-2238115983.JPG	a fungus is upright with a cut exposing its gills.
/home/whx/Dataset/fungitastic-m/val/720p/1-3899715309.JPG	a fungus is not visible in the image.
/home/whx/Dataset/fungitastic-m/train/720p/1-2831357310.JPG	a fungus stands upright in grass.
/home/whx/Dataset/fungitastic-m/val/720p/0-3899715309.JPG	a fungus is upright.
/home/whx/Dataset/fungitastic-m/train/720p/2-2238529228.JPG	A fungus is displayed in various positions, including upright and cut in half.
/home/whx/Dataset/fungitastic-m/test/720p/4-4465876763.JPG	a fungus lies flat on the ground.
/home/whx/Dataset/fungitastic-m/val/720p/1-3964843629.JPG	A fungus is cut in half, revealing its interior.
/home/whx/Dataset/fungitastic-m/test/720p/1-4465876763.JPG	a fungus lies flat, cap up.
/home/whx/Dataset/fungitastic-m/train/720p/0-2831358310.JPG	a fungus stands upright.
/home/whx/Dataset/fungitastic-m/train/720p/0-2351007936.JPG	a fungus is split, revealing its interior.
/home/whx/Dataset/fungitastic-m/train/720p/0-2238217521.JPG	a fungus lies flat on a wooden surface.
/home/whx/Dataset/fungitastic-m/train/720p/0-2238471992.JPG	a fungus lies on grass.
/home/whx/Dataset/fungitastic-m/train/720p/0-2382324995.JPG	a fungus stands upright among leaves.
/home/whx/Dataset/fungitastic-m/train/720p/1-2238429071.JPG	a fungus is upright.
/home/whx/Dataset/fungitastic-m/train/720p/3-2238383166.JPG	a fungus lies flat on a log.
/home/whx/Dataset/fungitastic-m/train/720p/0-3327300327.JPG	A fungus lies in grass, cap up.
/home/whx/Dataset/fungitastic-m/train/720p/3-2238472251.JPG	A fungus is spherical with a dark center.
/home/whx/Dataset/fungitastic-m/train/720p/2-3324323311.JPG	a fungus lies on its side in the grass.
/home/whx/Dataset/fungitastic-m/train/720p/0-2238472251.JPG	a fungus lies flat, cap up.
/home/whx/Dataset/fungitastic-m/test/720p/1-4465862105.JPG	a fungus lies flat, cap slightly curled.
/home/whx/Dataset/fungitastic-m/train/720p/1-2238381425.JPG	a fungus stands upright.
/home/whx/Dataset/fungitastic-m/test/720p/0-4169764967.JPG	a fungus lies on the ground.
/home/whx/Dataset/fungitastic-m/train/720p/0-2238557273.JPG	a fungus lies in grass.
/home/whx/Dataset/fungitastic-m/train/720p/0-2238473514.JPG	a fungus is leaning.
/home/whx/Dataset/fungitastic-m/train/720p/1-3324323311.JPG	A fungus is floating.
/home/whx/Dataset/fungitastic-m/train/720p/1-2238546432.JPG	A fungus stands upright among moss.
/home/whx/Dataset/fungitastic-m/train/720p/2-2237861282.JPG	A fungus stands upright amidst greenery.
/home/whx/Dataset/fungitastic-m/train/720p/1-3113017319.JPG	A fungus is branching and irregularly shaped.
/home/whx/Dataset/fungitastic-m/train/720p/0-2237862652.JPG	a fungus stands upright amidst moss.
/home/whx/Dataset/fungitastic-m/train/720p/3-2237861282.JPG	A fungus grows upright on moss.
/home/whx/Dataset/fungitastic-m/train/720p/0-2238490350.JPG	a fungus stands upright.
/home/whx/Dataset/fungitastic-m/train/720p/2-2238490477.JPG	a fungus stands upright.
/home/whx/Dataset/fungitastic-m/train/720p/1-3052849301.JPG	a fungus stands upright on moss.
/home/whx/Dataset/fungitastic-m/test/720p/0-4100108892.JPG	a fungus stands upright amidst moss and debris.
/home/whx/Dataset/fungitastic-m/train/720p/2-3113013333.JPG	A fungus is branching and spreading.
/home/whx/Dataset/fungitastic-m/val/720p/0-3735647321.JPG	a fungus grows upright.
/home/whx/Dataset/fungitastic-m/val/720p/0-3795095316.JPG	A fungus stands upright among moss.
/home/whx/Dataset/fungitastic-m/train/720p/2-2238490866.JPG	a fungus grows upright on moss.
/home/whx/Dataset/fungitastic-m/train/720p/0-2575122919.JPG	A fungus stands upright among fallen leaves.
/home/whx/Dataset/fungitastic-m/val/720p/0-3795120320.JPG	A fungus grows amidst moss and grass.
/home/whx/Dataset/fungitastic-m/train/720p/1-2238446999.JPG	A fungus stands upright in moss.
/home/whx/Dataset/fungitastic-m/train/720p/2-4847334631.JPG	a fungus lies on moss.
/home/whx/Dataset/fungitastic-m/val/720p/1-3887946323.JPG	a fungus lies flat on the ground.
/home/whx/Dataset/fungitastic-m/train/720p/0-3332305334.JPG	a fungus stands upright.
/home/whx/Dataset/fungitastic-m/train/720p/3-2238473719.JPG	a fungus lies flat, stem up.
/home/whx/Dataset/fungitastic-m/train/720p/0-2238065853.JPG	A fungus is depicted in a spread-out, elongated form with multiple segments.
/home/whx/Dataset/fungitastic-m/train/720p/0-3329720304.JPG	a fungus is resting on a wooden surface.
/home/whx/Dataset/fungitastic-m/train/720p/0-2238561798.JPG	a fungus lies on forest floor.
/home/whx/Dataset/fungitastic-m/test/720p/0-4465867385.JPG	a fungus lies broken, cap and stem separated.
/home/whx/Dataset/fungitastic-m/test/720p/0-4465878204.JPG	a fungus lies on forest floor.
/home/whx/Dataset/fungitastic-m/train/720p/0-2238195895.JPG	a fungus is upright.
/home/whx/Dataset/fungitastic-m/train/720p/0-2898629411.JPG	a fungus lies on forest floor.
/home/whx/Dataset/fungitastic-m/train/720p/2-3410063325.JPG	a fungus lies on forest floor.
/home/whx/Dataset/fungitastic-m/train/720p/0-3345597432.JPG	a fungus lies on forest floor, cap slightly tilted.
/home/whx/Dataset/fungitastic-m/train/720p/1-3332305334.JPG	a fungus lies flat on forest floor.
/home/whx/Dataset/fungitastic-m/train/720p/1-2238473719.JPG	a fungus lies on forest floor.
/home/whx/Dataset/fungitastic-m/train/720p/1-4847340303.JPG	a fungus lies flat, cap up.
/home/whx/Dataset/fungitastic-m/train/720p/3-3386479395.JPG	A fungus stands upright among moss.
/home/whx/Dataset/fungitastic-m/train/720p/0-2238579058.JPG	a fungus stands upright.
/home/whx/Dataset/fungitastic-m/train/720p/2-3386484370.JPG	A fungus stands upright among moss.
/home/whx/Dataset/fungitastic-m/val/720p/3-3948715471.JPG	a fungus stands upright.
/home/whx/Dataset/fungitastic-m/train/720p/1-3392612384.JPG	A fungus stands upright among forest debris.
/home/whx/Dataset/fungitastic-m/train/720p/1-2413149602.JPG	A fungus stands upright among leaves and twigs.
/home/whx/Dataset/fungitastic-m/train/720p/1-2898624460.JPG	a fungus stands upright.
/home/whx/Dataset/fungitastic-m/train/720p/0-2238456704.JPG	A fungus stands upright.
/home/whx/Dataset/fungitastic-m/train/720p/1-2964206306.JPG	a fungus is upright.
/home/whx/Dataset/fungitastic-m/train/720p/1-2901948568.JPG	A fungus stands upright among moss.
/home/whx/Dataset/fungitastic-m/train/720p/0-2238523080.JPG	a fungus stands upright.
/home/whx/Dataset/fungitastic-m/train/720p/0-2421823941.JPG	a fungus stands upright.
/home/whx/Dataset/fungitastic-m/train/720p/1-3392615452.JPG	A fungus stands upright among moss and twigs.
/home/whx/Dataset/fungitastic-m/train/720p/0-3382558440.JPG	A fungus stands amidst fallen leaves and pine needles.
/home/whx/Dataset/fungitastic-m/test/720p/1-4465886087.JPG	a fungus stands upright among twigs.
/home/whx/Dataset/fungitastic-m/train/720p/0-3386487347.JPG	A fungus stands upright among leaves and pine needles.
/home/whx/Dataset/fungitastic-m/test/720p/1-4465862000.JPG	a fungus lies flat on grass.
/home/whx/Dataset/fungitastic-m/train/720p/4-2862690402.JPG	a fungus held upside down.
/home/whx/Dataset/fungitastic-m/train/720p/0-2238054194.JPG	a fungus is growing in grass.
/home/whx/Dataset/fungitastic-m/train/720p/4-3340175381.JPG	A fungus held upright.
/home/whx/Dataset/fungitastic-m/train/720p/0-2238147264.JPG	a fungus lies on its side, partially open.
/home/whx/Dataset/fungitastic-m/test/720p/1-4465862171.JPG	a fungus is lying on its side.
/home/whx/Dataset/fungitastic-m/train/720p/2-2864909413.JPG	a fungus lies on its side in the mud.
/home/whx/Dataset/fungitastic-m/test/720p/4-4465874468.JPG	a fungus lies on grass.
/home/whx/Dataset/fungitastic-m/train/720p/0-3340175381.JPG	a fungus held upside down.
/home/whx/Dataset/fungitastic-m/train/720p/0-2864909413.JPG	a fungus stands upright.
/home/whx/Dataset/fungitastic-m/train/720p/0-3355980302.JPG	A fungus is piled together on the ground.
/home/whx/Dataset/fungitastic-m/test/720p/3-4465898225.JPG	A fungus lies horizontally on the ground.
/home/whx/Dataset/fungitastic-m/val/720p/0-3909145520.JPG	A fungus lies on the forest floor.
/home/whx/Dataset/fungitastic-m/train/720p/0-2294394911.JPG	a fungus lies on the ground, clustered together.
/home/whx/Dataset/fungitastic-m/val/720p/0-3916262443.JPG	a fungus stands upright among leaves.
/home/whx/Dataset/fungitastic-m/train/720p/0-2237913021.JPG	a fungus stands upright.
/home/whx/Dataset/fungitastic-m/train/720p/0-3382564383.JPG	A fungus is elongated and curved.
/home/whx/Dataset/fungitastic-m/train/720p/0-2237943174.JPG	a fungus stands upright.
/home/whx/Dataset/fungitastic-m/train/720p/0-2238451254.JPG	a fungus stands upright, another leans.
/home/whx/Dataset/fungitastic-m/train/720p/0-2238404121.JPG	a fungus stands upright.
/home/whx/Dataset/fungitastic-m/train/720p/2-2238459324.JPG	a fungus stands upright amidst moss.
/home/whx/Dataset/fungitastic-m/val/720p/2-3916266564.JPG	a fungus stands upright amidst moss.
/home/whx/Dataset/fungitastic-m/train/720p/2-2430665019.JPG	a fungus stands upright.
/home/whx/Dataset/fungitastic-m/train/720p/1-2238534145.JPG	a fungus stands upright.
/home/whx/Dataset/fungitastic-m/val/720p/0-3922621632.JPG	A fungus stands upright amidst moss.
/home/whx/Dataset/fungitastic-m/train/720p/3-2238472308.JPG	a fungus is upright, with a delicate cap and slender stem.
/home/whx/Dataset/fungitastic-m/val/720p/0-3922625735.JPG	a fungus stands upright on a log.
/home/whx/Dataset/fungitastic-m/train/720p/0-2238457895.JPG	A fungus is upright and elongated.
/home/whx/Dataset/fungitastic-m/train/720p/0-2521519244.JPG	A fungus is extending tendrils.
/home/whx/Dataset/fungitastic-m/test/720p/0-4465900564.JPG	A fungus stands upright on a mossy surface.
/home/whx/Dataset/fungitastic-m/train/720p/0-3052845305.JPG	A fungus is growing vertically from a tree trunk.
/home/whx/Dataset/fungitastic-m/test/720p/2-4465895578.JPG	A fungus stands upright on a mossy surface.
/home/whx/Dataset/fungitastic-m/train/720p/2-3327310307.JPG	a fungus is upright.
/home/whx/Dataset/fungitastic-m/train/720p/1-2238555593.JPG	a fungus is upright.
/home/whx/Dataset/fungitastic-m/train/720p/1-3345611322.JPG	a fungus grows amidst moss and debris.
/home/whx/Dataset/fungitastic-m/train/720p/2-2831344306.JPG	a fungus lies on the ground.
/home/whx/Dataset/fungitastic-m/train/720p/1-2831344306.JPG	a fungus lies on its side in the grass.
/home/whx/Dataset/fungitastic-m/train/720p/1-3332301314.JPG	a fungus lies flat on the ground.
/home/whx/Dataset/fungitastic-m/train/720p/0-2238472405.JPG	a fungus lies flat, cap up.
/home/whx/Dataset/fungitastic-m/train/720p/2-3340171360.JPG	a fungus lies in grass.
/home/whx/Dataset/fungitastic-m/train/720p/3-3340171360.JPG	a fungus lies flat, cap up.
/home/whx/Dataset/fungitastic-m/train/720p/0-2238472338.JPG	a fungus is upright.
/home/whx/Dataset/fungitastic-m/train/720p/0-2238220918.JPG	a fungus lies on forest floor, partially buried in leaves.
/home/whx/Dataset/fungitastic-m/val/720p/1-3944343713.JPG	a fungus is resting on a wooden surface.
/home/whx/Dataset/fungitastic-m/test/720p/0-4465861444.JPG	a fungus is curved.
/home/whx/Dataset/fungitastic-m/train/720p/1-2237962501.JPG	a fungus is split open, revealing gills.
/home/whx/Dataset/fungitastic-m/train/720p/2-3327310335.JPG	a fungus lies flat on grass.
/home/whx/Dataset/fungitastic-m/val/720p/0-3948716461.JPG	a fungus lies on its side in the grass.
/home/whx/Dataset/fungitastic-m/test/720p/0-4465893971.JPG	a fungus is upright.
/home/whx/Dataset/fungitastic-m/train/720p/0-2984627320.JPG	a fungus stands upright among leaves.
/home/whx/Dataset/fungitastic-m/train/720p/0-4847344448.JPG	a fungus held upright.
/home/whx/Dataset/fungitastic-m/train/720p/0-2238084270.JPG	a fungus is upright.
/home/whx/Dataset/fungitastic-m/test/720p/2-4465886091.JPG	A fungus is spherical with a dark center.
/home/whx/Dataset/fungitastic-m/train/720p/0-2238476910.JPG	a fungus stands upright.
/home/whx/Dataset/fungitastic-m/train/720p/0-4847350397.JPG	a fungus stands upright.
/home/whx/Dataset/fungitastic-m/train/720p/0-2238484267.JPG	A fungus is lying flat, with one cap partially cut.
/home/whx/Dataset/fungitastic-m/train/720p/0-2238176395.JPG	a fungus stands upright.
/home/whx/Dataset/fungitastic-m/train/720p/0-3410044340.JPG	a fungus stands upright.
/home/whx/Dataset/fungitastic-m/train/720p/1-2238179429.JPG	a fungus lies flat, cap up, on a wooden surface.
/home/whx/Dataset/fungitastic-m/train/720p/0-3340167432.JPG	a fungus stands upright.
/home/whx/Dataset/fungitastic-m/val/720p/0-3948709549.JPG	a fungus stands upright.
/home/whx/Dataset/fungitastic-m/test/720p/1-4465901508.JPG	A fungus is growing on a surface.
/home/whx/Dataset/fungitastic-m/val/720p/0-3970594410.JPG	a fungus lies on moss.
/home/whx/Dataset/fungitastic-m/train/720p/0-2238066898.JPG	a fungus lies flat, with a reddish cap and stem, resting on a white plate.
/home/whx/Dataset/fungitastic-m/test/720p/1-4465878814.JPG	a fungus stands upright among leaves.
/home/whx/Dataset/fungitastic-m/train/720p/0-2238435435.JPG	a fungus stands upright in grass.
/home/whx/Dataset/fungitastic-m/train/720p/1-3332302305.JPG	a fungus stands upright among leaves.
/home/whx/Dataset/fungitastic-m/train/720p/0-2238161924.JPG	a fungus is bent.
/home/whx/Dataset/fungitastic-m/train/720p/0-2238162227.JPG	a fungus stands upright, split open.
/home/whx/Dataset/fungitastic-m/train/720p/1-4847352103.JPG	A fungus lies flat, textured surface visible.
/home/whx/Dataset/fungitastic-m/val/720p/1-3828298307.JPG	a fungus lies on forest floor, cap up, surrounded by leaves.
/home/whx/Dataset/fungitastic-m/train/720p/0-4847352103.JPG	a fungus stands upright among leaves.
/home/whx/Dataset/fungitastic-m/train/720p/1-2237958905.JPG	a fungus held upright.
/home/whx/Dataset/fungitastic-m/train/720p/1-2238506894.JPG	a fungus leans slightly to the right.
/home/whx/Dataset/fungitastic-m/train/720p/0-2238585666.JPG	a fungus lies flat, cap up.
/home/whx/Dataset/fungitastic-m/train/720p/4-2812983305.JPG	a fungus leaning against a wall.
/home/whx/Dataset/fungitastic-m/train/720p/1-4847338336.JPG	a fungus lies flat on a surface.
/home/whx/Dataset/fungitastic-m/train/720p/0-2238149243.JPG	a fungus stands upright.
/home/whx/Dataset/fungitastic-m/train/720p/1-2238419154.JPG	A fungus is spread out, with scattered pieces.
/home/whx/Dataset/fungitastic-m/train/720p/1-3380890380.JPG	a fungus lies on forest floor.
/home/whx/Dataset/fungitastic-m/train/720p/0-2238522635.JPG	a fungus is upright.
/home/whx/Dataset/fungitastic-m/val/720p/0-3970587411.JPG	a fungus stands upright in grass.
/home/whx/Dataset/fungitastic-m/train/720p/0-2238525764.JPG	a fungus stands upright.
/home/whx/Dataset/fungitastic-m/train/720p/1-2989726330.JPG	a fungus is leaning.
/home/whx/Dataset/fungitastic-m/train/720p/0-2238528284.JPG	a fungus stands upright.
/home/whx/Dataset/fungitastic-m/train/720p/0-2989726330.JPG	a fungus stands upright.
/home/whx/Dataset/fungitastic-m/train/720p/2-2238400595.JPG	a fungus stands upright.
/home/whx/Dataset/fungitastic-m/train/720p/0-3392614301.JPG	A fungus stands amidst grass and moss.
/home/whx/Dataset/fungitastic-m/val/720p/0-3964840445.JPG	a fungus leans slightly to the right.
/home/whx/Dataset/fungitastic-m/train/720p/1-2238522635.JPG	a fungus lies flat on a white surface.
/home/whx/Dataset/fungitastic-m/test/720p/0-4465889251.JPG	a fungus stands upright.
/home/whx/Dataset/fungitastic-m/train/720p/1-3412512393.JPG	A fungus stands upright, clustered together.
/home/whx/Dataset/fungitastic-m/test/720p/0-4465899209.JPG	A fungus stands upright in grass.
/home/whx/Dataset/fungitastic-m/test/720p/0-4465900026.JPG	a fungus stands upright, slightly leaning.
/home/whx/Dataset/fungitastic-m/test/720p/1-4465888247.JPG	a fungus stands upright, slightly leaning.
/home/whx/Dataset/fungitastic-m/test/720p/0-4465869343.JPG	a fungus stands upright.
/home/whx/Dataset/fungitastic-m/train/720p/0-2238339676.JPG	a fungus stands upright among leaves.
/home/whx/Dataset/fungitastic-m/train/720p/1-2238514482.JPG	a fungus lies amidst fallen leaves.
/home/whx/Dataset/fungitastic-m/train/720p/1-2864916441.JPG	a fungus is resting on a white paper against a wooden surface.
/home/whx/Dataset/fungitastic-m/train/720p/1-2901949570.JPG	a fungus leans on a log.
/home/whx/Dataset/fungitastic-m/train/720p/0-3406478377.JPG	a fungus lies on the forest floor.
/home/whx/Dataset/fungitastic-m/train/720p/2-3340166361.JPG	a fungus lies flat on the forest floor.
/home/whx/Dataset/fungitastic-m/train/720p/0-2238179516.JPG	a fungus lies on forest floor.
/home/whx/Dataset/fungitastic-m/test/720p/0-4169769528.JPG	a fungus stands upright in grass.
/home/whx/Dataset/fungitastic-m/test/720p/3-4465890712.JPG	A fungus is elongated and segmented.
/home/whx/Dataset/fungitastic-m/train/720p/2-2238500712.JPG	a fungus lies on moss, partially broken.
/home/whx/Dataset/fungitastic-m/train/720p/1-2424123101.JPG	a fungus lies on forest floor.
/home/whx/Dataset/fungitastic-m/train/720p/0-2238525975.JPG	a fungus lies flat, cap broken.
/home/whx/Dataset/fungitastic-m/train/720p/0-2238559065.JPG	a fungus lies on forest floor, surrounded by leaves.
/home/whx/Dataset/fungitastic-m/val/720p/0-3925712796.JPG	a fungus lies horizontally on forest floor.
/home/whx/Dataset/fungitastic-m/train/720p/0-2251781244.JPG	a fungus lies on forest floor.
/home/whx/Dataset/fungitastic-m/train/720p/0-2901949570.JPG	a fungus lies among autumn leaves.
/home/whx/Dataset/fungitastic-m/train/720p/8-2251781243.JPG	a fungus stands upright.
/home/whx/Dataset/fungitastic-m/train/720p/1-2883271374.JPG	a fungus lies flat on the ground.
/home/whx/Dataset/fungitastic-m/train/720p/0-2238349053.JPG	a fungus lies flat on the ground.
/home/whx/Dataset/fungitastic-m/train/720p/0-2251781243.JPG	A fungus lies flat, cut in half, with a dark center and pale edges.
/home/whx/Dataset/fungitastic-m/train/720p/0-2238181805.JPG	a fungus lies on the ground.
/home/whx/Dataset/fungitastic-m/train/720p/0-2238479685.JPG	a fungus is cut in half, revealing its gills and cap.
/home/whx/Dataset/fungitastic-m/train/720p/0-2238402390.JPG	a fungus is upright.
/home/whx/Dataset/fungitastic-m/train/720p/1-2238357005.JPG	a fungus lies on a wooden surface, partially cut and spread out.
/home/whx/Dataset/fungitastic-m/val/720p/2-3944339400.JPG	a fungus is growing among fallen leaves.
/home/whx/Dataset/fungitastic-m/train/720p/0-2238527727.JPG	A fungus is scattered, with some clustered and others isolated.
/home/whx/Dataset/fungitastic-m/train/720p/0-4847342553.JPG	a fungus lies horizontally on the ground.
/home/whx/Dataset/fungitastic-m/val/720p/2-3968579404.JPG	a fungus is upright.
/home/whx/Dataset/fungitastic-m/train/720p/4-2251781243.JPG	A fungus is upright, partially cut.
/home/whx/Dataset/fungitastic-m/test/720p/0-4465903663.JPG	a fungus is lying on the ground.
/home/whx/Dataset/fungitastic-m/test/720p/1-4465906669.JPG	a fungus stands upright.
/home/whx/Dataset/fungitastic-m/val/720p/0-3968579404.JPG	a fungus is not visible in the image.
/home/whx/Dataset/fungitastic-m/train/720p/0-3327310314.JPG	a fungus lies flat on grass.
/home/whx/Dataset/fungitastic-m/train/720p/0-2238469719.JPG	a fungus lies on grass.
/home/whx/Dataset/fungitastic-m/train/720p/0-2332528112.JPG	a fungus lies in grass.
/home/whx/Dataset/fungitastic-m/train/720p/0-2238502211.JPG	a fungus lies in grass.
/home/whx/Dataset/fungitastic-m/train/720p/0-2238498286.JPG	a fungus lies on grass.
/home/whx/Dataset/fungitastic-m/train/720p/4-2413148150.JPG	a fungus lies in grass.
/home/whx/Dataset/fungitastic-m/train/720p/0-2862699425.JPG	A fungus is spherical and clustered.
/home/whx/Dataset/fungitastic-m/train/720p/0-3414830337.JPG	A fungus is clustered together.
/home/whx/Dataset/fungitastic-m/train/720p/2-2238219679.JPG	a fungus lies in grass, cap slightly tilted.
/home/whx/Dataset/fungitastic-m/test/720p/1-4169763927.JPG	a fungus lies on forest floor, cap up.
/home/whx/Dataset/fungitastic-m/train/720p/1-2238160856.JPG	a fungus is resting on a flat surface.
/home/whx/Dataset/fungitastic-m/train/720p/1-2238219679.JPG	a fungus lies in grass.
/home/whx/Dataset/fungitastic-m/train/720p/0-2821588335.JPG	a fungus lies horizontally in the grass.
/home/whx/Dataset/fungitastic-m/train/720p/1-2238556739.JPG	A fungus is lying on its side in the grass.
/home/whx/Dataset/fungitastic-m/train/720p/0-3324329333.JPG	a fungus stands upright, another lies flat.
/home/whx/Dataset/fungitastic-m/train/720p/0-2238495944.JPG	a fungus lies in grass, cap up.
/home/whx/Dataset/fungitastic-m/train/720p/0-2238127521.JPG	a fungus stands upright with a slightly curved cap.
/home/whx/Dataset/fungitastic-m/train/720p/0-2427873400.JPG	a fungus lies among leaves.
/home/whx/Dataset/fungitastic-m/val/720p/0-3922622434.JPG	a fungus lies on the ground, partially buried in soil and debris.
/home/whx/Dataset/fungitastic-m/train/720p/1-2421822784.JPG	a fungus is upright.
/home/whx/Dataset/fungitastic-m/val/720p/1-3964847367.JPG	a fungus is growing on a log.
/home/whx/Dataset/fungitastic-m/train/720p/2-2608811806.JPG	a fungus lies on forest floor, partially buried in pine needles.
/home/whx/Dataset/fungitastic-m/test/720p/0-4465892031.JPG	a fungus is upright among leaves.
/home/whx/Dataset/fungitastic-m/train/720p/0-2465025945.JPG	a fungus is growing on the forest floor.
/home/whx/Dataset/fungitastic-m/val/720p/4-3964847367.JPG	a fungus is leaning.
/home/whx/Dataset/fungitastic-m/val/720p/0-3913250695.JPG	a fungus stands upright.
/home/whx/Dataset/fungitastic-m/train/720p/1-2238358328.JPG	a fungus is split, one half upright, the other lying flat.
/home/whx/Dataset/fungitastic-m/train/720p/0-2238355887.JPG	a fungus stands upright in soil.
/home/whx/Dataset/fungitastic-m/val/720p/2-3913250695.JPG	a fungus lies flat on a dark surface.
/home/whx/Dataset/fungitastic-m/train/720p/1-2238181631.JPG	a fungus is lying on its side.
/home/whx/Dataset/fungitastic-m/val/720p/3-3913250695.JPG	a fungus grows upright.
/home/whx/Dataset/fungitastic-m/train/720p/1-2608811806.JPG	a fungus stands upright.
/home/whx/Dataset/fungitastic-m/test/720p/0-4465889164.JPG	a fungus stands upright in grass.
/home/whx/Dataset/fungitastic-m/train/720p/1-2238180287.JPG	a fungus is lying flat.
/home/whx/Dataset/fungitastic-m/train/720p/0-2238482459.JPG	A fungus lies on grass, cap up.
/home/whx/Dataset/fungitastic-m/val/720p/1-3922625440.JPG	a fungus lies flat, one half cut.
/home/whx/Dataset/fungitastic-m/train/720p/0-3382559360.JPG	A fungus stands upright in grass.
/home/whx/Dataset/fungitastic-m/train/720p/3-2238518637.JPG	A fungus is lying flat.
/home/whx/Dataset/fungitastic-m/val/720p/3-3964845343.JPG	a fungus lies flat on the ground.
/home/whx/Dataset/fungitastic-m/train/720p/1-2898633339.JPG	a fungus is upright.
/home/whx/Dataset/fungitastic-m/train/720p/0-2238180287.JPG	a fungus stands upright.
/home/whx/Dataset/fungitastic-m/train/720p/1-2238183058.JPG	a fungus is lying flat.
/home/whx/Dataset/fungitastic-m/train/720p/3-3018966315.JPG	a fungus stands upright in grass.
/home/whx/Dataset/fungitastic-m/train/720p/0-3382573454.JPG	a fungus is upright.
/home/whx/Dataset/fungitastic-m/train/720p/0-2238446377.JPG	a fungus stands upright in grass.
/home/whx/Dataset/fungitastic-m/test/720p/1-4465889164.JPG	a fungus stands upright in grass.
/home/whx/Dataset/fungitastic-m/train/720p/0-2238174617.JPG	a fungus stands upright, slightly leaning.
/home/whx/Dataset/fungitastic-m/train/720p/4-2883267306.JPG	A fungus is growing upright.
/home/whx/Dataset/fungitastic-m/test/720p/1-4169763207.JPG	a fungus lies flat on the ground.
/home/whx/Dataset/fungitastic-m/train/720p/3-2449443345.JPG	a fungus is split, one half upright, the other lying flat.
/home/whx/Dataset/fungitastic-m/test/720p/4-4465875803.JPG	a fungus stands upright.
/home/whx/Dataset/fungitastic-m/val/720p/3-3948712424.JPG	a fungus stands upright.
/home/whx/Dataset/fungitastic-m/train/720p/1-2449443345.JPG	a fungus stands upright.
/home/whx/Dataset/fungitastic-m/test/720p/1-4465867893.JPG	A fungus lies in grass, caps up.
/home/whx/Dataset/fungitastic-m/train/720p/0-2238500096.JPG	A fungus is scattered and overlapping.
/home/whx/Dataset/fungitastic-m/train/720p/2-2430665980.JPG	A fungus lies fragmented on grass.
/home/whx/Dataset/fungitastic-m/train/720p/1-2238335114.JPG	a fungus stands upright.
/home/whx/Dataset/fungitastic-m/test/720p/0-4465876703.JPG	A fungus stands upright in the grass.
/home/whx/Dataset/fungitastic-m/test/720p/0-4465863803.JPG	A fungus is held upright, with cap and stem clearly visible.
/home/whx/Dataset/fungitastic-m/train/720p/1-2984615369.JPG	a fungus is upright.
/home/whx/Dataset/fungitastic-m/train/720p/1-2238404438.JPG	a fungus lies on grass.
/home/whx/Dataset/fungitastic-m/train/720p/2-2427872331.JPG	A fungus is lying on its side, with its cap and stem spread out.
/home/whx/Dataset/fungitastic-m/test/720p/0-4465860993.JPG	The fungus appears scattered and dispersed.
/home/whx/Dataset/fungitastic-m/train/720p/0-3355969394.JPG	a fungus stands upright among leaves.
/home/whx/Dataset/fungitastic-m/train/720p/0-3345609425.JPG	a fungus stands upright.
/home/whx/Dataset/fungitastic-m/train/720p/0-2818080321.JPG	A fungus is growing on a surface, with a yellowish layer and dark spots.
/home/whx/Dataset/fungitastic-m/train/720p/0-2238473016.JPG	a fungus stands upright.
/home/whx/Dataset/fungitastic-m/train/720p/0-3334596390.JPG	a fungus stands upright in grass.
/home/whx/Dataset/fungitastic-m/train/720p/0-3336958398.JPG	A fungus stands upright among fallen leaves.
/home/whx/Dataset/fungitastic-m/train/720p/0-2382321404.JPG	a fungus is lying on its side in the grass.
/home/whx/Dataset/fungitastic-m/train/720p/1-2238476093.JPG	a fungus stands upright on forest floor.
/home/whx/Dataset/fungitastic-m/val/720p/1-3909145500.JPG	a fungus lies horizontally on the ground.
/home/whx/Dataset/fungitastic-m/train/720p/2-3345609465.JPG	a fungus stands upright.
/home/whx/Dataset/fungitastic-m/train/720p/0-2868469482.JPG	a fungus lies horizontally.
/home/whx/Dataset/fungitastic-m/test/720p/0-4465860511.JPG	a fungus lies horizontally in grass.
/home/whx/Dataset/fungitastic-m/train/720p/1-2238552114.JPG	a fungus is upright.
/home/whx/Dataset/fungitastic-m/test/720p/1-4465867817.JPG	A fungus lies on its side in the grass.
/home/whx/Dataset/fungitastic-m/test/720p/1-4465862801.JPG	a fungus held upside down.
/home/whx/Dataset/fungitastic-m/test/720p/2-4465862801.JPG	A fungus stands upright.
/home/whx/Dataset/fungitastic-m/train/720p/0-2804904323.JPG	a fungus stands upright in grass.
/home/whx/Dataset/fungitastic-m/train/720p/0-2237962035.JPG	a fungus is upright.
/home/whx/Dataset/fungitastic-m/test/720p/1-4465874515.JPG	a fungus lies in grass.
/home/whx/Dataset/fungitastic-m/train/720p/0-3355968462.JPG	a fungus is upright.
/home/whx/Dataset/fungitastic-m/train/720p/0-2238555726.JPG	a fungus lies on the forest floor.
/home/whx/Dataset/fungitastic-m/train/720p/0-2237932364.JPG	a fungus is lying flat.
/home/whx/Dataset/fungitastic-m/train/720p/0-2898631352.JPG	a fungus stands upright, another lies horizontally.
/home/whx/Dataset/fungitastic-m/test/720p/0-4465862297.JPG	a fungus lies on moss, partially cut.
/home/whx/Dataset/fungitastic-m/train/720p/3-2238217612.JPG	a fungus is upright.
/home/whx/Dataset/fungitastic-m/test/720p/0-4465862877.JPG	A fungus stands upright among fallen leaves.
/home/whx/Dataset/fungitastic-m/train/720p/0-2417208003.JPG	A fungus is curved.
/home/whx/Dataset/fungitastic-m/test/720p/1-4465867121.JPG	A fungus is curved and layered.
/home/whx/Dataset/fungitastic-m/train/720p/0-2238387799.JPG	a fungus stands upright.
/home/whx/Dataset/fungitastic-m/train/720p/0-2883262345.JPG	a fungus is upright.
/home/whx/Dataset/fungitastic-m/test/720p/0-4465878544.JPG	A fungus is spread out, showing gills.
/home/whx/Dataset/fungitastic-m/train/720p/0-2238329572.JPG	A fungus is curved, with a textured surface.
/home/whx/Dataset/fungitastic-m/train/720p/1-2417208003.JPG	A fungus is growing among fallen leaves.
/home/whx/Dataset/fungitastic-m/train/720p/3-2864902338.JPG	a fungus is upright.
/home/whx/Dataset/fungitastic-m/train/720p/0-2383042939.JPG	a fungus stands upright.
/home/whx/Dataset/fungitastic-m/val/720p/0-3913251650.JPG	a fungus stands upright.
/home/whx/Dataset/fungitastic-m/train/720p/0-2901938345.JPG	a fungus lies on forest floor.
/home/whx/Dataset/fungitastic-m/test/720p/1-4465890171.JPG	a fungus lies on its side.
/home/whx/Dataset/fungitastic-m/train/720p/1-2238218200.JPG	a fungus stands upright.
/home/whx/Dataset/fungitastic-m/train/720p/1-2238094318.JPG	a fungus lies flat, cap up, with a smaller fungus beside it.
/home/whx/Dataset/fungitastic-m/train/720p/0-2351006550.JPG	a fungus stands upright.
/home/whx/Dataset/fungitastic-m/test/720p/0-4465881527.JPG	a fungus stands upright.
/home/whx/Dataset/fungitastic-m/train/720p/1-3380894324.JPG	The fungus appears spherical and scattered.
/home/whx/Dataset/fungitastic-m/train/720p/0-2238474086.JPG	a fungus stands upright in grass.
/home/whx/Dataset/fungitastic-m/val/720p/0-3964842546.JPG	a fungus is lying on the ground.
/home/whx/Dataset/fungitastic-m/train/720p/0-2238347070.JPG	a fungus lies flat, stem extending to the right.
/home/whx/Dataset/fungitastic-m/test/720p/2-4465881527.JPG	a fungus is leaning.
/home/whx/Dataset/fungitastic-m/train/720p/0-2383043378.JPG	a fungus stands upright.
/home/whx/Dataset/fungitastic-m/train/720p/1-2864902338.JPG	a fungus lies on moss.
/home/whx/Dataset/fungitastic-m/val/720p/0-3948714669.JPG	a fungus stands upright in water.
/home/whx/Dataset/fungitastic-m/train/720p/0-3382566363.JPG	A fungus is growing in a wet, grassy area.
/home/whx/Dataset/fungitastic-m/val/720p/0-3948709416.JPG	a fungus stands upright amidst debris.
/home/whx/Dataset/fungitastic-m/train/720p/0-2984624400.JPG	a fungus stands amidst dry twigs.
/home/whx/Dataset/fungitastic-m/train/720p/3-2521519921.JPG	a fungus stands upright, slightly leaning.
/home/whx/Dataset/fungitastic-m/train/720p/0-2521519921.JPG	A fungus grows vertically on a log.
/home/whx/Dataset/fungitastic-m/train/720p/1-2238360260.JPG	A fungus stands upright on a branch.
/home/whx/Dataset/fungitastic-m/train/720p/1-2521519921.JPG	A fungus stands upright in water.
/home/whx/Dataset/fungitastic-m/train/720p/1-2238483402.JPG	A fungus stands upright in water.
/home/whx/Dataset/fungitastic-m/train/720p/1-2981236319.JPG	a fungus stands upright.
/home/whx/Dataset/fungitastic-m/train/720p/0-2238580094.JPG	A fungus is lying flat, with its cap and stem visible.
/home/whx/Dataset/fungitastic-m/train/720p/1-3414831320.JPG	a fungus stands upright.
/home/whx/Dataset/fungitastic-m/train/720p/0-2994393333.JPG	A fungus stands upright among twigs.
/home/whx/Dataset/fungitastic-m/train/720p/0-2238360260.JPG	a fungus is growing on a branch.
/home/whx/Dataset/fungitastic-m/train/720p/0-2238579635.JPG	a fungus stands upright amidst dry grass and debris.
/home/whx/Dataset/fungitastic-m/train/720p/0-2542589859.JPG	A fungus grows vertically on a stick.
/home/whx/Dataset/fungitastic-m/test/720p/1-4465906454.JPG	a fungus grows upright.
/home/whx/Dataset/fungitastic-m/train/720p/0-2238357029.JPG	a fungus stands upright.
/home/whx/Dataset/fungitastic-m/val/720p/0-3948710334.JPG	a fungus is resting on a branch.
/home/whx/Dataset/fungitastic-m/val/720p/1-3964843420.JPG	a fungus is upright on a branch.
/home/whx/Dataset/fungitastic-m/train/720p/1-2238497469.JPG	a fungus grows on a branch.
/home/whx/Dataset/fungitastic-m/train/720p/0-2238486943.JPG	a fungus is growing vertically on a branch.
/home/whx/Dataset/fungitastic-m/train/720p/0-2238195641.JPG	A fungus grows on moss-covered branches.
/home/whx/Dataset/fungitastic-m/val/720p/0-3962117600.JPG	a fungus stands upright on a log.
/home/whx/Dataset/fungitastic-m/val/720p/3-3964843420.JPG	a fungus is growing horizontally on a branch.
/home/whx/Dataset/fungitastic-m/train/720p/0-2238536541.JPG	a fungus stands upright.
/home/whx/Dataset/fungitastic-m/train/720p/0-2868474455.JPG	A fungus is growing horizontally on a mossy branch.
/home/whx/Dataset/fungitastic-m/train/720p/0-2238133466.JPG	a fungus stands upright, with a delicate cap and slender stem.
/home/whx/Dataset/fungitastic-m/test/720p/0-4465906550.JPG	a fungus stands upright.
/home/whx/Dataset/fungitastic-m/train/720p/2-2238452431.JPG	a fungus grows horizontally on a branch.
/home/whx/Dataset/fungitastic-m/val/720p/0-4100094061.JPG	a fungus stands upright.
/home/whx/Dataset/fungitastic-m/test/720p/3-4465906550.JPG	a fungus is upright.
/home/whx/Dataset/fungitastic-m/train/720p/2-3327300306.JPG	a fungus lies on the ground.
/home/whx/Dataset/fungitastic-m/train/720p/2-2818065324.JPG	a fungus stands upright in grass.
/home/whx/Dataset/fungitastic-m/train/720p/0-2238508761.JPG	A fungus is spherical.
/home/whx/Dataset/fungitastic-m/train/720p/2-3345610454.JPG	a fungus is upright.
/home/whx/Dataset/fungitastic-m/train/720p/1-2237959268.JPG	a fungus is upright.
/home/whx/Dataset/fungitastic-m/train/720p/0-2238085629.JPG	a fungus lies flat, cap up, with gills and stem visible.
/home/whx/Dataset/fungitastic-m/train/720p/0-2862690368.JPG	a fungus lies on its side.
/home/whx/Dataset/fungitastic-m/val/720p/0-3922624785.JPG	a fungus lies horizontally on the forest floor.
/home/whx/Dataset/fungitastic-m/train/720p/0-2821601309.JPG	A fungus is in a cluster.
/home/whx/Dataset/fungitastic-m/test/720p/0-4465888384.JPG	a fungus is upright.
/home/whx/Dataset/fungitastic-m/train/720p/4-3327300306.JPG	A fungus is scattered, with spherical spores visible.
/home/whx/Dataset/fungitastic-m/train/720p/0-2238471861.JPG	a fungus lies on grass.
/home/whx/Dataset/fungitastic-m/test/720p/0-4465904464.JPG	A fungus is elongated and curved.
/home/whx/Dataset/fungitastic-m/train/720p/0-3334607340.JPG	a fungus lies on its side in the grass.
/home/whx/Dataset/fungitastic-m/train/720p/0-3327300306.JPG	A fungus is filamentous.
/home/whx/Dataset/fungitastic-m/test/720p/4-4169765235.JPG	A fungus is centrally located, surrounded by smaller circular structures.
/home/whx/Dataset/fungitastic-m/train/720p/0-2238372769.JPG	a fungus lies flat on grass.
/home/whx/Dataset/fungitastic-m/train/720p/1-2238413140.JPG	a fungus is upright.
/home/whx/Dataset/fungitastic-m/train/720p/1-3311372306.JPG	a fungus lies flat on the ground.
/home/whx/Dataset/fungitastic-m/train/720p/0-2237921859.JPG	a fungus is upright, another is lying down.
/home/whx/Dataset/fungitastic-m/train/720p/1-2238475293.JPG	a fungus lies flat on a wooden surface.
/home/whx/Dataset/fungitastic-m/train/720p/1-3358353306.JPG	a fungus lies flat on grass.
/home/whx/Dataset/fungitastic-m/train/720p/0-4847340330.JPG	A fungus is circular with a central depression.
/home/whx/Dataset/fungitastic-m/val/720p/0-3948715325.JPG	a fungus lies on fallen leaves.
/home/whx/Dataset/fungitastic-m/train/720p/0-2238379272.JPG	a fungus lies on the ground.
/home/whx/Dataset/fungitastic-m/train/720p/0-2238158023.JPG	a fungus is upright.
/home/whx/Dataset/fungitastic-m/train/720p/1-2238354916.JPG	a fungus stands upright among autumn leaves.
/home/whx/Dataset/fungitastic-m/train/720p/1-2238158023.JPG	a fungus lies on forest floor, surrounded by leaves.
/home/whx/Dataset/fungitastic-m/train/720p/0-2238217490.JPG	a fungus lies on forest floor.
/home/whx/Dataset/fungitastic-m/train/720p/0-2238164392.JPG	a fungus lies flat, cap up.
/home/whx/Dataset/fungitastic-m/train/720p/0-3343236339.JPG	a fungus lies horizontally in grass.
/home/whx/Dataset/fungitastic-m/test/720p/0-4169765494.JPG	a fungus lies flat on the ground.
/home/whx/Dataset/fungitastic-m/train/720p/2-3332302340.JPG	a fungus is growing upright among moss.
/home/whx/Dataset/fungitastic-m/train/720p/4-2273187719.JPG	A fungus is sessile, attached to a substrate.
/home/whx/Dataset/fungitastic-m/train/720p/0-2237914483.JPG	a fungus lies horizontally on a white surface.
/home/whx/Dataset/fungitastic-m/train/720p/1-2332527560.JPG	The fungus appears to be in a dispersed, scattered pattern.
/home/whx/Dataset/fungitastic-m/train/720p/1-2238502960.JPG	a fungus lies flat, open, and spread out.
/home/whx/Dataset/fungitastic-m/train/720p/3-3332302340.JPG	a fungus lies horizontally on moss.
/home/whx/Dataset/fungitastic-m/val/720p/0-3806909319.JPG	a fungus is growing upright.
/home/whx/Dataset/fungitastic-m/train/720p/3-2851420301.JPG	a fungus held upright.
/home/whx/Dataset/fungitastic-m/train/720p/0-2862699334.JPG	a fungus lies flat on the ground.
/home/whx/Dataset/fungitastic-m/train/720p/1-2238556672.JPG	A fungus stands upright among grass and moss.
/home/whx/Dataset/fungitastic-m/test/720p/0-4169767566.JPG	a fungus lies flat on the forest floor.
/home/whx/Dataset/fungitastic-m/train/720p/0-3345599304.JPG	a fungus lies on forest floor.
/home/whx/Dataset/fungitastic-m/train/720p/1-2273187719.JPG	a fungus is growing upright.
/home/whx/Dataset/fungitastic-m/train/720p/0-3334603304.JPG	A fungus stands upright, held by a finger.
/home/whx/Dataset/fungitastic-m/train/720p/3-2862699334.JPG	a fungus is upright.
/home/whx/Dataset/fungitastic-m/train/720p/2-2812989320.JPG	a fungus is upright.
/home/whx/Dataset/fungitastic-m/test/720p/0-4100096839.JPG	a fungus stands upright with a slightly curved cap.
/home/whx/Dataset/fungitastic-m/test/720p/6-4100098460.JPG	a fungus stands upright.
/home/whx/Dataset/fungitastic-m/test/720p/4-4100098460.JPG	A fungus is resting on a substrate.
/home/whx/Dataset/fungitastic-m/train/720p/0-2430667438.JPG	a fungus stands upright.
/home/whx/Dataset/fungitastic-m/train/720p/1-2901938369.JPG	a fungus stands upright.
/home/whx/Dataset/fungitastic-m/val/720p/1-3962115420.JPG	a fungus grows on tree bark.
/home/whx/Dataset/fungitastic-m/train/720p/0-2238438121.JPG	a fungus stands upright.
/home/whx/Dataset/fungitastic-m/train/720p/1-2238530347.JPG	A fungus stands upright on a decaying log.
/home/whx/Dataset/fungitastic-m/train/720p/1-2238526727.JPG	a fungus stands upright.
/home/whx/Dataset/fungitastic-m/val/720p/5-3948716580.JPG	a fungus stands upright.
/home/whx/Dataset/fungitastic-m/train/720p/1-2238404775.JPG	a fungus stands upright.
/home/whx/Dataset/fungitastic-m/train/720p/0-2237944714.JPG	A fungus stands upright on a mossy surface.
/home/whx/Dataset/fungitastic-m/train/720p/0-2452380936.JPG	a fungus stands upright.
/home/whx/Dataset/fungitastic-m/train/720p/1-2999559335.JPG	a fungus stands upright on a tree trunk.
/home/whx/Dataset/fungitastic-m/train/720p/2-2238404775.JPG	a fungus stands upright.
/home/whx/Dataset/fungitastic-m/train/720p/0-2238404166.JPG	a fungus stands upright.
/home/whx/Dataset/fungitastic-m/train/720p/0-2383042705.JPG	A fungus held upside down.
/home/whx/Dataset/fungitastic-m/train/720p/0-3340163331.JPG	A fungus is growing on a plant stem.
/home/whx/Dataset/fungitastic-m/train/720p/2-2427873900.JPG	a fungus lies horizontally on leaves.
/home/whx/Dataset/fungitastic-m/train/720p/1-2238424165.JPG	a fungus stands upright.
/home/whx/Dataset/fungitastic-m/train/720p/0-2238476626.JPG	a fungus lies on forest floor.
/home/whx/Dataset/fungitastic-m/train/720p/1-2238555641.JPG	a fungus is upright.
/home/whx/Dataset/fungitastic-m/train/720p/0-2421822469.JPG	a fungus stands upright amidst fallen leaves.
/home/whx/Dataset/fungitastic-m/train/720p/0-3386486350.JPG	a fungus lies horizontally on forest floor.
/home/whx/Dataset/fungitastic-m/train/720p/1-2238502286.JPG	a fungus lies horizontally on the forest floor.
/home/whx/Dataset/fungitastic-m/train/720p/0-2382323452.JPG	a fungus stands upright.
/home/whx/Dataset/fungitastic-m/train/720p/0-2238555919.JPG	a fungus stands upright.
/home/whx/Dataset/fungitastic-m/train/720p/0-2812991349.JPG	a fungus stands upright in grass.
/home/whx/Dataset/fungitastic-m/train/720p/0-3340161366.JPG	a fungus stands upright, slightly leaning.
/home/whx/Dataset/fungitastic-m/train/720p/0-2238424165.JPG	a fungus stands upright.
/home/whx/Dataset/fungitastic-m/train/720p/0-2238524789.JPG	a fungus stands upright amidst fallen leaves.
/home/whx/Dataset/fungitastic-m/train/720p/1-3340163331.JPG	a fungus is lying flat.
/home/whx/Dataset/fungitastic-m/train/720p/1-2964210474.JPG	a fungus stands upright.
/home/whx/Dataset/fungitastic-m/train/720p/2-2994399310.JPG	a fungus stands upright.
/home/whx/Dataset/fungitastic-m/val/720p/0-3948715311.JPG	A fungus stands upright on a mossy surface.
/home/whx/Dataset/fungitastic-m/train/720p/0-2238586082.JPG	A fungus is growing on a branch.
/home/whx/Dataset/fungitastic-m/train/720p/0-2984633346.JPG	a fungus stands upright.
/home/whx/Dataset/fungitastic-m/val/720p/0-3970592498.JPG	A fungus stands upright, with a small, round cap.
/home/whx/Dataset/fungitastic-m/train/720p/1-2452381410.JPG	a fungus stands upright.
/home/whx/Dataset/fungitastic-m/val/720p/1-3968580521.JPG	a fungus stands upright.
/home/whx/Dataset/fungitastic-m/train/720p/0-2901935378.JPG	a fungus is growing on a branch.
/home/whx/Dataset/fungitastic-m/val/720p/0-3968580521.JPG	A fungus stands upright on a branch.
/home/whx/Dataset/fungitastic-m/train/720p/0-3018966333.JPG	a fungus stands upright.
/home/whx/Dataset/fungitastic-m/train/720p/2-2238582890.JPG	a fungus stands upright.
/home/whx/Dataset/fungitastic-m/train/720p/1-2237936316.JPG	A fungus stands upright, delicate and small.
/home/whx/Dataset/fungitastic-m/train/720p/0-2994403305.JPG	a fungus stands upright.
/home/whx/Dataset/fungitastic-m/train/720p/2-2901935378.JPG	a fungus stands upright.
/home/whx/Dataset/fungitastic-m/train/720p/1-2964213381.JPG	a fungus stands upright.
/home/whx/Dataset/fungitastic-m/test/720p/1-4465872242.JPG	a fungus held upright.
/home/whx/Dataset/fungitastic-m/train/720p/0-2238070344.JPG	a fungus stands upright.
/home/whx/Dataset/fungitastic-m/train/720p/0-2237956786.JPG	a fungus stands upright.
/home/whx/Dataset/fungitastic-m/train/720p/0-2421821814.JPG	a fungus stands upright.
/home/whx/Dataset/fungitastic-m/train/720p/2-2238505312.JPG	A fungus appears to be growing in a dense, clustered pattern.
/home/whx/Dataset/fungitastic-m/test/720p/0-4100102444.JPG	a fungus stands upright.
/home/whx/Dataset/fungitastic-m/train/720p/1-2238219023.JPG	a fungus stands upright.
/home/whx/Dataset/fungitastic-m/train/720p/0-2883271307.JPG	A fungus is branching and spreading.
/home/whx/Dataset/fungitastic-m/train/720p/0-2238219469.JPG	a fungus stands upright.
/home/whx/Dataset/fungitastic-m/train/720p/0-2521519095.JPG	A fungus is extending and branching.
/home/whx/Dataset/fungitastic-m/train/720p/2-2860300325.JPG	a fungus stands upright.
/home/whx/Dataset/fungitastic-m/train/720p/0-2458348088.JPG	a fungus stands upright.
/home/whx/Dataset/fungitastic-m/train/720p/0-2460547463.JPG	a fungus stands upright among leaves.
/home/whx/Dataset/fungitastic-m/train/720p/0-2238331365.JPG	A fungus stands upright among leaves and grass.
/home/whx/Dataset/fungitastic-m/train/720p/2-2238467601.JPG	A fungus is curled and folded.
/home/whx/Dataset/fungitastic-m/train/720p/2-2238213142.JPG	A fungus is growing on a stick, with a white, stringy mycelium extending outward.
/home/whx/Dataset/fungitastic-m/train/720p/0-2238390929.JPG	a fungus stands upright.
/home/whx/Dataset/fungitastic-m/test/720p/2-4465898726.JPG	The fungus is branching and has visible hyphae.
/home/whx/Dataset/fungitastic-m/train/720p/0-2237915152.JPG	A fungus is upright.
/home/whx/Dataset/fungitastic-m/train/720p/0-3412515308.JPG	A fungus is extending tendrils.
/home/whx/Dataset/fungitastic-m/train/720p/0-2237972213.JPG	a fungus lies flat on a wooden surface.
/home/whx/Dataset/fungitastic-m/test/720p/1-4465865982.JPG	a fungus is leaning towards another.
/home/whx/Dataset/fungitastic-m/train/720p/1-2238512313.JPG	A fungus is upright with a white cap and stem.
/home/whx/Dataset/fungitastic-m/train/720p/0-2238358875.JPG	a fungus stands upright.
/home/whx/Dataset/fungitastic-m/val/720p/0-3944343542.JPG	a fungus is upright.
/home/whx/Dataset/fungitastic-m/test/720p/6-4465898726.JPG	A fungus is branching and spreading.
/home/whx/Dataset/fungitastic-m/train/720p/1-2238355251.JPG	a fungus: curved, textured surface.
/home/whx/Dataset/fungitastic-m/train/720p/1-3422352303.JPG	a fungus stands upright.
/home/whx/Dataset/fungitastic-m/train/720p/0-2449442864.JPG	A fungus is growing in a cluster among grass and moss.
/home/whx/Dataset/fungitastic-m/train/720p/0-3412510303.JPG	a fungus is upright.
/home/whx/Dataset/fungitastic-m/train/720p/0-2864910304.JPG	a fungus stands upright.
/home/whx/Dataset/fungitastic-m/train/720p/2-2238355251.JPG	a fungus is upright.
/home/whx/Dataset/fungitastic-m/train/720p/0-2238070685.JPG	a fungus is resting on a wooden surface.
/home/whx/Dataset/fungitastic-m/train/720p/0-2989727331.JPG	a fungus is upright in grass.
/home/whx/Dataset/fungitastic-m/train/720p/5-2864906305.JPG	a fungus lies on the ground.
/home/whx/Dataset/fungitastic-m/train/720p/0-2989732321.JPG	The fungus appears as small, oval structures scattered across the image.
/home/whx/Dataset/fungitastic-m/train/720p/1-3305979307.JPG	a fungus stands upright in grass.
/home/whx/Dataset/fungitastic-m/train/720p/1-2981246401.JPG	a fungus lies on the ground, partially buried in soil.
/home/whx/Dataset/fungitastic-m/train/720p/0-2238468343.JPG	a fungus lies flat, cap slightly open.
/home/whx/Dataset/fungitastic-m/train/720p/0-2238304953.JPG	a fungus is upright.
/home/whx/Dataset/fungitastic-m/val/720p/0-3916269437.JPG	a fungus lies flat, cap up.
/home/whx/Dataset/fungitastic-m/train/720p/1-2237939388.JPG	a fungus is upright in a container.
/home/whx/Dataset/fungitastic-m/train/720p/3-2238587952.JPG	a fungus is lying horizontally.
/home/whx/Dataset/fungitastic-m/train/720p/0-2238213072.JPG	a fungus is split open, revealing its gills.
/home/whx/Dataset/fungitastic-m/train/720p/1-3358357443.JPG	A fungus held upright.
/home/whx/Dataset/fungitastic-m/train/720p/5-3412516370.JPG	a fungus lies flat, cap up, on forest floor.
/home/whx/Dataset/fungitastic-m/train/720p/2-2238591651.JPG	a fungus is lying flat.
/home/whx/Dataset/fungitastic-m/train/720p/3-2238590129.JPG	a fungus is split open.
/home/whx/Dataset/fungitastic-m/train/720p/2-2238346993.JPG	A fungus lies on grass, surrounded by leaves.
/home/whx/Dataset/fungitastic-m/train/720p/0-2238089704.JPG	a fungus lies on forest floor.
/home/whx/Dataset/fungitastic-m/train/720p/0-2238469868.JPG	a fungus is upright.
/home/whx/Dataset/fungitastic-m/train/720p/0-2238150452.JPG	a fungus is resting on forest floor.
/home/whx/Dataset/fungitastic-m/train/720p/0-2421821484.JPG	a fungus lies on forest floor, cap up.
/home/whx/Dataset/fungitastic-m/train/720p/0-2427873713.JPG	a fungus lies on forest floor.
/home/whx/Dataset/fungitastic-m/train/720p/0-3355969388.JPG	a fungus stands upright among leaves.
/home/whx/Dataset/fungitastic-m/train/720p/0-2251781251.JPG	a fungus stands upright in the grass.
/home/whx/Dataset/fungitastic-m/train/720p/0-2238413984.JPG	A fungus is upright in the grass.
/home/whx/Dataset/fungitastic-m/train/720p/2-2238497595.JPG	a fungus is resting on a wooden surface.
/home/whx/Dataset/fungitastic-m/train/720p/0-2413150069.JPG	a fungus lies on moss.
/home/whx/Dataset/fungitastic-m/train/720p/0-2238496312.JPG	a fungus lies in grass.
/home/whx/Dataset/fungitastic-m/train/720p/0-2238564004.JPG	a fungus lies on forest floor.
/home/whx/Dataset/fungitastic-m/train/720p/3-2238420376.JPG	A fungus held upright.
/home/whx/Dataset/fungitastic-m/train/720p/0-2238469749.JPG	a fungus lies on forest floor.
/home/whx/Dataset/fungitastic-m/train/720p/0-2238568979.JPG	a fungus lies on forest floor, partially buried in leaves.
/home/whx/Dataset/fungitastic-m/train/720p/1-3334593351.JPG	a fungus stands upright amidst debris.
/home/whx/Dataset/fungitastic-m/train/720p/0-2238505351.JPG	a fungus stands upright on a leaf.
/home/whx/Dataset/fungitastic-m/train/720p/1-2851427337.JPG	a fungus stands upright amidst moss.
/home/whx/Dataset/fungitastic-m/train/720p/3-3345611481.JPG	a fungus stands upright amidst the moss.
/home/whx/Dataset/fungitastic-m/test/720p/1-4465873002.JPG	A fungus is small and delicate, with a slender stem and a tiny cap.
/home/whx/Dataset/fungitastic-m/train/720p/0-2238150013.JPG	a fungus grows upright among debris.
/home/whx/Dataset/fungitastic-m/train/720p/0-2868480357.JPG	A fungus is upright, with a slender stalk and a small, round cap.
/home/whx/Dataset/fungitastic-m/train/720p/2-3345611481.JPG	a fungus stands upright.
/home/whx/Dataset/fungitastic-m/train/720p/2-3412513306.JPG	a fungus leans on a leaf.
/home/whx/Dataset/fungitastic-m/train/720p/2-2874306301.JPG	a fungus is curled.
/home/whx/Dataset/fungitastic-m/train/720p/0-2237955911.JPG	a fungus stands upright.
/home/whx/Dataset/fungitastic-m/train/720p/0-2898626437.JPG	a fungus stands upright, resting on a branch.
/home/whx/Dataset/fungitastic-m/train/720p/1-2238423293.JPG	a fungus stands upright on a wooden surface.
/home/whx/Dataset/fungitastic-m/train/720p/0-3399808386.JPG	a fungus stands upright.
/home/whx/Dataset/fungitastic-m/test/720p/0-4465881782.JPG	a fungus is upright.
/home/whx/Dataset/fungitastic-m/train/720p/1-2851427320.JPG	a fungus stands upright amidst fallen leaves.
/home/whx/Dataset/fungitastic-m/train/720p/1-2575963929.JPG	a fungus stands upright.
/home/whx/Dataset/fungitastic-m/train/720p/0-2238561653.JPG	a fungus stands upright among fallen leaves.
/home/whx/Dataset/fungitastic-m/train/720p/0-2868473496.JPG	a fungus stands upright.
/home/whx/Dataset/fungitastic-m/train/720p/1-2238146103.JPG	a fungus stands upright on moss.
/home/whx/Dataset/fungitastic-m/train/720p/0-2238150613.JPG	a fungus stands upright.
/home/whx/Dataset/fungitastic-m/train/720p/2-2874314302.JPG	a fungus stands upright.
/home/whx/Dataset/fungitastic-m/test/720p/4-4169768499.JPG	a fungus stands upright amidst moss.
/home/whx/Dataset/fungitastic-m/train/720p/0-2238409061.JPG	a fungus stands upright amidst moss.
/home/whx/Dataset/fungitastic-m/train/720p/1-2238153167.JPG	a fungus is leaning.
/home/whx/Dataset/fungitastic-m/train/720p/0-3334599351.JPG	A fungus is branching and spreading.
/home/whx/Dataset/fungitastic-m/val/720p/0-3964840338.JPG	a fungus stands upright amidst moss.
/home/whx/Dataset/fungitastic-m/train/720p/0-2986451360.JPG	a fungus stands upright among pine needles.
/home/whx/Dataset/fungitastic-m/train/720p/0-2579432633.JPG	a fungus stands upright.
/home/whx/Dataset/fungitastic-m/train/720p/1-2868469489.JPG	A fungus grows upright among bark and moss.
/home/whx/Dataset/fungitastic-m/train/720p/0-2868470535.JPG	a fungus is curved.
/home/whx/Dataset/fungitastic-m/train/720p/1-2238584991.JPG	a fungus stands upright.
/home/whx/Dataset/fungitastic-m/train/720p/1-3334599393.JPG	A fungus stands upright, another lies flat.
/home/whx/Dataset/fungitastic-m/train/720p/0-2238497394.JPG	a fungus lies flat on the grass.
/home/whx/Dataset/fungitastic-m/train/720p/0-2238562081.JPG	a fungus lies horizontally on forest floor.
/home/whx/Dataset/fungitastic-m/test/720p/4-4465863034.JPG	a fungus stands upright among leaves.
/home/whx/Dataset/fungitastic-m/train/720p/1-2421821686.JPG	a fungus is lying on the ground.
/home/whx/Dataset/fungitastic-m/train/720p/0-2238556737.JPG	a fungus is upright.
/home/whx/Dataset/fungitastic-m/test/720p/1-4169765367.JPG	a fungus stands upright among leaves.
/home/whx/Dataset/fungitastic-m/train/720p/0-2238155617.JPG	a fungus is upright with a red cap and white stem.
/home/whx/Dataset/fungitastic-m/train/720p/1-3358356424.JPG	a fungus is leaning.
/home/whx/Dataset/fungitastic-m/train/720p/1-2424122021.JPG	a fungus lies on its side.
/home/whx/Dataset/fungitastic-m/train/720p/0-2237965458.JPG	a fungus stands upright.
/home/whx/Dataset/fungitastic-m/train/720p/1-3332297305.JPG	a fungus lies flat on the ground.
/home/whx/Dataset/fungitastic-m/train/720p/0-3324319348.JPG	a fungus lies horizontally in grass.
/home/whx/Dataset/fungitastic-m/val/720p/0-3887952341.JPG	a fungus stands upright among leaves.
/home/whx/Dataset/fungitastic-m/train/720p/0-2238554983.JPG	a fungus stands upright.
/home/whx/Dataset/fungitastic-m/val/720p/0-3891497330.JPG	a fungus held upright.
/home/whx/Dataset/fungitastic-m/train/720p/0-2238533690.JPG	A fungus stands amidst grass and moss.
/home/whx/Dataset/fungitastic-m/train/720p/0-2238581032.JPG	a fungus is lying horizontally on the forest floor.
/home/whx/Dataset/fungitastic-m/train/720p/0-2237944799.JPG	A fungus is upright on forest floor.
/home/whx/Dataset/fungitastic-m/train/720p/0-2238131531.JPG	A fungus is upright with a curved stem.
/home/whx/Dataset/fungitastic-m/train/720p/0-2984623349.JPG	a fungus is upright.
/home/whx/Dataset/fungitastic-m/train/720p/1-3414828317.JPG	a fungus is resting on a leaf.
/home/whx/Dataset/fungitastic-m/train/720p/0-2238578671.JPG	a fungus is upright.
/home/whx/Dataset/fungitastic-m/train/720p/0-2238397767.JPG	A fungus stands upright among grass.
/home/whx/Dataset/fungitastic-m/train/720p/0-2238142147.JPG	A fungus is growing horizontally on the forest floor.
/home/whx/Dataset/fungitastic-m/train/720p/0-2238354605.JPG	A fungus is upright, leaning, and lying down.
/home/whx/Dataset/fungitastic-m/train/720p/1-2981233310.JPG	a fungus stands upright.
/home/whx/Dataset/fungitastic-m/train/720p/1-2238142147.JPG	A fungus is lying on the forest floor.
/home/whx/Dataset/fungitastic-m/train/720p/0-2238347038.JPG	a fungus stands upright.
/home/whx/Dataset/fungitastic-m/train/720p/0-3008828367.JPG	a fungus stands upright.
/home/whx/Dataset/fungitastic-m/train/720p/1-2238480658.JPG	A fungus stands upright among moss.
/home/whx/Dataset/fungitastic-m/train/720p/1-3412521349.JPG	A fungus is upright, another is leaning, and the smallest is lying down.
/home/whx/Dataset/fungitastic-m/train/720p/4-4847336508.JPG	The fungus appears to be in a resting state, with spores visible.
/home/whx/Dataset/fungitastic-m/val/720p/1-3968581475.JPG	A fungus stands upright with a white stem and brown cap.
/home/whx/Dataset/fungitastic-m/train/720p/1-2238554640.JPG	a fungus lies horizontally in grass.
/home/whx/Dataset/fungitastic-m/train/720p/1-2238351516.JPG	a fungus is upright.
/home/whx/Dataset/fungitastic-m/train/720p/0-2883266302.JPG	A fungus lies on its side in the grass.
/home/whx/Dataset/fungitastic-m/val/720p/4-3925718851.JPG	The fungus appears as spherical spores with varying diameters, ranging from 5.3 to 7.7 micrometers.
/home/whx/Dataset/fungitastic-m/train/720p/3-3324337319.JPG	a fungus is upright in the grass.
/home/whx/Dataset/fungitastic-m/train/720p/6-2238524953.JPG	a fungus is lying on the ground.
/home/whx/Dataset/fungitastic-m/train/720p/3-4847336365.JPG	a fungus lies on grass, partially cut.
/home/whx/Dataset/fungitastic-m/train/720p/0-2818065301.JPG	a fungus grows in grass.
/home/whx/Dataset/fungitastic-m/train/720p/0-2868473313.JPG	A fungus is lying on the forest floor.
/home/whx/Dataset/fungitastic-m/train/720p/0-3386471306.JPG	a fungus stands upright.
/home/whx/Dataset/fungitastic-m/test/720p/0-4465860479.JPG	a fungus lies on its side in the grass.
/home/whx/Dataset/fungitastic-m/val/720p/0-3815486311.JPG	a fungus lies horizontally in grass.
/home/whx/Dataset/fungitastic-m/train/720p/2-4847336365.JPG	a fungus lies on its side in the grass.
/home/whx/Dataset/fungitastic-m/test/720p/0-4465866371.JPG	a fungus lies on its side in the grass.
/home/whx/Dataset/fungitastic-m/test/720p/0-4465902461.JPG	a fungus stands amidst fallen leaves.
/home/whx/Dataset/fungitastic-m/val/720p/2-4847344567.JPG	a fungus lies flat on the ground.
/home/whx/Dataset/fungitastic-m/train/720p/1-2238506507.JPG	a fungus lies flat, cap up.
/home/whx/Dataset/fungitastic-m/val/720p/1-4847344567.JPG	a fungus stands upright.
/home/whx/Dataset/fungitastic-m/val/720p/0-4847344567.JPG	a fungus lies horizontally in grass.
/home/whx/Dataset/fungitastic-m/test/720p/3-4169762087.JPG	a fungus lies on forest floor, partially covered by leaves and ivy.
/home/whx/Dataset/fungitastic-m/test/720p/1-4169762087.JPG	a fungus is leaning.
/home/whx/Dataset/fungitastic-m/train/720p/1-2332528126.JPG	a fungus stands upright.
/home/whx/Dataset/fungitastic-m/train/720p/1-3399802349.JPG	a fungus rests on autumn leaves.
/home/whx/Dataset/fungitastic-m/train/720p/3-2238574577.JPG	a fungus stands upright.
/home/whx/Dataset/fungitastic-m/train/720p/1-2238516902.JPG	a fungus leans against a rock.
/home/whx/Dataset/fungitastic-m/train/720p/0-2424123978.JPG	a fungus lies on ivy, partially broken.
/home/whx/Dataset/fungitastic-m/train/720p/0-2238394208.JPG	a fungus is resting on a flat surface.
/home/whx/Dataset/fungitastic-m/train/720p/2-3382572376.JPG	a fungus stands upright.
/home/whx/Dataset/fungitastic-m/train/720p/0-2424121913.JPG	a fungus stands upright among leaves.
/home/whx/Dataset/fungitastic-m/train/720p/1-2238402803.JPG	A fungus is held upright, showing its gills and stem.
/home/whx/Dataset/fungitastic-m/train/720p/1-2868472309.JPG	a fungus lies flat, cap up.
/home/whx/Dataset/fungitastic-m/train/720p/0-3340163301.JPG	a fungus stands upright.
/home/whx/Dataset/fungitastic-m/train/720p/1-2868473399.JPG	a fungus is upright with a white cap and stem.
/home/whx/Dataset/fungitastic-m/train/720p/0-2238505860.JPG	A fungus stands upright among fallen leaves.
/home/whx/Dataset/fungitastic-m/train/720p/0-3332301307.JPG	a fungus lies on forest floor.
/home/whx/Dataset/fungitastic-m/train/720p/0-3410056329.JPG	a fungus lies on forest floor.
/home/whx/Dataset/fungitastic-m/train/720p/1-2251781254.JPG	a fungus stands upright among leaves.
/home/whx/Dataset/fungitastic-m/train/720p/0-2421821131.JPG	a fungus held in hand.
/home/whx/Dataset/fungitastic-m/train/720p/1-2238515578.JPG	a fungus lies on forest floor, cap broken, stem upright.
/home/whx/Dataset/fungitastic-m/train/720p/0-2964222301.JPG	a fungus stands upright.
/home/whx/Dataset/fungitastic-m/test/720p/0-4465899019.JPG	a fungus lies among autumn leaves.
/home/whx/Dataset/fungitastic-m/train/720p/0-2238524952.JPG	a fungus lies on autumn leaves.
/home/whx/Dataset/fungitastic-m/test/720p/1-4465879863.JPG	The fungus appears to be spherical with a textured surface.
/home/whx/Dataset/fungitastic-m/test/720p/0-4465865122.JPG	a fungus lies on forest floor, partially broken.
/home/whx/Dataset/fungitastic-m/train/720p/0-3358350447.JPG	a fungus lies on forest floor.
/home/whx/Dataset/fungitastic-m/train/720p/1-2421821131.JPG	a fungus stands upright.
/home/whx/Dataset/fungitastic-m/train/720p/0-3355966352.JPG	a fungus held upside down.
/home/whx/Dataset/fungitastic-m/val/720p/0-3922622764.JPG	a fungus is upright.
/home/whx/Dataset/fungitastic-m/test/720p/0-4465866720.JPG	a fungus lies on forest floor.
/home/whx/Dataset/fungitastic-m/train/720p/0-2238564174.JPG	a fungus lies on forest floor.
/home/whx/Dataset/fungitastic-m/train/720p/0-2238333220.JPG	a fungus is leaning.
/home/whx/Dataset/fungitastic-m/train/720p/0-2237974285.JPG	a fungus is upright, with a white stem and a yellowish cap.
/home/whx/Dataset/fungitastic-m/train/720p/2-2238498989.JPG	A fungus is fan-shaped.
/home/whx/Dataset/fungitastic-m/train/720p/0-2237918777.JPG	a fungus stands upright.
/home/whx/Dataset/fungitastic-m/train/720p/8-2238560464.JPG	a fungus stands upright.
/home/whx/Dataset/fungitastic-m/train/720p/1-2864913468.JPG	a fungus lies on forest floor, partially eaten.
/home/whx/Dataset/fungitastic-m/train/720p/0-2238560464.JPG	a fungus is upright.
/home/whx/Dataset/fungitastic-m/train/720p/3-2238560464.JPG	a fungus lies horizontally.
/home/whx/Dataset/fungitastic-m/train/720p/0-3355983415.JPG	a fungus stands upright among leaves.
/home/whx/Dataset/fungitastic-m/train/720p/0-2238554055.JPG	a fungus stands upright.
/home/whx/Dataset/fungitastic-m/train/720p/0-2238221319.JPG	a fungus is lying in grass.
/home/whx/Dataset/fungitastic-m/train/720p/0-2237963588.JPG	a fungus lies in grass.
/home/whx/Dataset/fungitastic-m/train/720p/0-3412510315.JPG	a fungus stands upright.
/home/whx/Dataset/fungitastic-m/train/720p/0-2238362930.JPG	A fungus stands amidst dried grass and moss.
/home/whx/Dataset/fungitastic-m/train/720p/0-2238352114.JPG	A fungus stands upright among dry grass.
/home/whx/Dataset/fungitastic-m/val/720p/0-3944344572.JPG	A fungus stands upright among dry grass.
/home/whx/Dataset/fungitastic-m/train/720p/0-2238529608.JPG	a fungus stands upright among grass.
/home/whx/Dataset/fungitastic-m/train/720p/0-2238134917.JPG	A fungus is clustered, upright, and slightly tilted.
/home/whx/Dataset/fungitastic-m/train/720p/0-2994402337.JPG	a fungus is upright.
/home/whx/Dataset/fungitastic-m/train/720p/0-3406483347.JPG	a fungus stands upright.
/home/whx/Dataset/fungitastic-m/val/720p/1-3968584431.JPG	A fungus stands upright among grass and moss.
/home/whx/Dataset/fungitastic-m/train/720p/0-2981245414.JPG	A fungus is growing among grass and twigs.
/home/whx/Dataset/fungitastic-m/train/720p/2-3382574477.JPG	A fungus is branching and spreading.
/home/whx/Dataset/fungitastic-m/test/720p/0-4465901877.JPG	a fungus stands upright among greenery.
/home/whx/Dataset/fungitastic-m/train/720p/0-2430667364.JPG	a fungus stands upright.
/home/whx/Dataset/fungitastic-m/train/720p/0-2238128226.JPG	a fungus stands upright.
/home/whx/Dataset/fungitastic-m/train/720p/1-2238124800.JPG	a fungus stands upright.
/home/whx/Dataset/fungitastic-m/test/720p/0-4465908910.JPG	a fungus stands upright amidst moss.
/home/whx/Dataset/fungitastic-m/test/720p/2-4465863562.JPG	a fungus stands upright.
/home/whx/Dataset/fungitastic-m/train/720p/3-2238481241.JPG	a fungus held upside down.
/home/whx/Dataset/fungitastic-m/train/720p/2-3340165373.JPG	a fungus lies flat on forest floor.
/home/whx/Dataset/fungitastic-m/val/720p/0-3925714343.JPG	a fungus lies flat in grass.
/home/whx/Dataset/fungitastic-m/train/720p/0-2351006509.JPG	a fungus held in hand, showing underside.
/home/whx/Dataset/fungitastic-m/train/720p/0-2238187370.JPG	a fungus lies on its side in the grass.
/home/whx/Dataset/fungitastic-m/val/720p/0-3925715323.JPG	a fungus stands upright.
/home/whx/Dataset/fungitastic-m/train/720p/0-3332304339.JPG	a fungus stands upright.
/home/whx/Dataset/fungitastic-m/train/720p/0-2238313280.JPG	A fungus is shown in various angles, highlighting its cap, gills, and stem.
/home/whx/Dataset/fungitastic-m/train/720p/0-3399799399.JPG	a fungus stands upright.
/home/whx/Dataset/fungitastic-m/train/720p/0-2238330870.JPG	a fungus is scattered on the grass.
/home/whx/Dataset/fungitastic-m/train/720p/1-2238481241.JPG	a fungus lies flat, cap up.
/home/whx/Dataset/fungitastic-m/train/720p/1-2238498830.JPG	a fungus lies flat, cap up.
/home/whx/Dataset/fungitastic-m/train/720p/1-2238577206.JPG	a fungus stands upright.
/home/whx/Dataset/fungitastic-m/train/720p/2-2331570856.JPG	a fungus lies horizontally on the forest floor.
/home/whx/Dataset/fungitastic-m/test/720p/0-4465869033.JPG	a fungus lies horizontally in grass.
/home/whx/Dataset/fungitastic-m/train/720p/0-2238466747.JPG	a fungus stands upright in grass.
/home/whx/Dataset/fungitastic-m/train/720p/1-3334602310.JPG	a fungus lies on grass, partially decayed.
/home/whx/Dataset/fungitastic-m/test/720p/0-4169758270.JPG	a fungus lies on the ground, partially buried in grass and debris.
/home/whx/Dataset/fungitastic-m/test/720p/0-4169765470.JPG	A fungus stands upright in grass.
/home/whx/Dataset/fungitastic-m/train/720p/0-3324320303.JPG	A fungus held in hand, cut in half.
/home/whx/Dataset/fungitastic-m/test/720p/0-4169763930.JPG	a fungus lies in grass.
/home/whx/Dataset/fungitastic-m/test/720p/2-4169762945.JPG	A fungus is spherical with a textured surface.
/home/whx/Dataset/fungitastic-m/test/720p/1-4169762945.JPG	a fungus stands upright in the grass.
/home/whx/Dataset/fungitastic-m/test/720p/0-4169762945.JPG	a fungus lies flat on the ground.
/home/whx/Dataset/fungitastic-m/train/720p/1-2237958463.JPG	A fungus appears to be in a resting or dormant state.
/home/whx/Dataset/fungitastic-m/train/720p/0-2332527482.JPG	a fungus is growing upright.
/home/whx/Dataset/fungitastic-m/val/720p/0-3925717305.JPG	a fungus is upright.
/home/whx/Dataset/fungitastic-m/test/720p/2-4169764969.JPG	a fungus lies in grass.
/home/whx/Dataset/fungitastic-m/train/720p/0-2238499809.JPG	a fungus lies on the ground.
/home/whx/Dataset/fungitastic-m/train/720p/0-2812998312.JPG	a fungus is lying on its side.
/home/whx/Dataset/fungitastic-m/test/720p/0-4169763181.JPG	a fungus lies in grass.
/home/whx/Dataset/fungitastic-m/train/720p/1-2238516695.JPG	A fungus is sessile, attached to a substrate.
/home/whx/Dataset/fungitastic-m/test/720p/1-4465900144.JPG	A fungus stands upright on a log.
/home/whx/Dataset/fungitastic-m/train/720p/1-2238489588.JPG	A fungus stands upright, clustered together.
/home/whx/Dataset/fungitastic-m/train/720p/1-3410060327.JPG	A fungus stands upright, clustered together.
/home/whx/Dataset/fungitastic-m/train/720p/0-2238454161.JPG	a fungus stands upright on a mossy log.
/home/whx/Dataset/fungitastic-m/train/720p/0-2883270372.JPG	A fungus grows clustered on a log.
/home/whx/Dataset/fungitastic-m/test/720p/0-4465888457.JPG	A fungus stands upright on a log.
/home/whx/Dataset/fungitastic-m/test/720p/1-4465888457.JPG	A fungus grows vertically from a tree trunk.
/home/whx/Dataset/fungitastic-m/test/720p/5-4169761337.JPG	A fungus appears to be in a curled, coiled position.
/home/whx/Dataset/fungitastic-m/train/720p/2-2575121885.JPG	a fungus stands upright on decaying wood.
/home/whx/Dataset/fungitastic-m/train/720p/1-2238331113.JPG	A fungus grows upright on a log.
/home/whx/Dataset/fungitastic-m/train/720p/1-2458348136.JPG	a fungus stands amidst pine needles.
/home/whx/Dataset/fungitastic-m/train/720p/1-2999543376.JPG	A fungus is growing in a cluster, with its cap and gills visible.
/home/whx/Dataset/fungitastic-m/train/720p/2-2238512057.JPG	a fungus stands upright.
/home/whx/Dataset/fungitastic-m/train/720p/0-2238348408.JPG	a fungus stands upright amidst moss.
/home/whx/Dataset/fungitastic-m/train/720p/0-2238159623.JPG	a fungus is growing on a log.
/home/whx/Dataset/fungitastic-m/test/720p/1-4169761779.JPG	A fungus grows in clusters, with some upright and others leaning.
/home/whx/Dataset/fungitastic-m/train/720p/0-2452381099.JPG	A fungus grows upright on a log.
/home/whx/Dataset/fungitastic-m/train/720p/0-2237958524.JPG	A fungus stands upright on a log.
/home/whx/Dataset/fungitastic-m/test/720p/2-4169770415.JPG	A fungus is growing on the tree trunk.
/home/whx/Dataset/fungitastic-m/train/720p/0-2238197642.JPG	a fungus: upright and clustered.
/home/whx/Dataset/fungitastic-m/train/720p/0-2238564003.JPG	a fungus stands upright.
/home/whx/Dataset/fungitastic-m/train/720p/2-3324333323.JPG	A fungus grows on a tree trunk.
/home/whx/Dataset/fungitastic-m/val/720p/1-3803320329.JPG	A fungus is clustered and growing on a decaying log.
/home/whx/Dataset/fungitastic-m/train/720p/0-3126949340.JPG	A fungus is growing upright on a log.
/home/whx/Dataset/fungitastic-m/train/720p/1-2238549613.JPG	A fungus grows on decaying wood.
/home/whx/Dataset/fungitastic-m/train/720p/0-3334596363.JPG	A fungus stands upright, clustered.
/home/whx/Dataset/fungitastic-m/train/720p/0-2238556198.JPG	A fungus is clustered and upright.
/home/whx/Dataset/fungitastic-m/test/720p/0-4465894796.JPG	A fungus is clustered, growing upright.
/home/whx/Dataset/fungitastic-m/test/720p/1-4169769321.JPG	A fungus is growing upright from a decaying log.
/home/whx/Dataset/fungitastic-m/train/720p/0-2238466620.JPG	A fungus grows in a cluster on a log.
/home/whx/Dataset/fungitastic-m/train/720p/1-3320490335.JPG	A fungus is upright.
/home/whx/Dataset/fungitastic-m/train/720p/2-2237895277.JPG	a fungus lies in grass.
/home/whx/Dataset/fungitastic-m/test/720p/3-4465895558.JPG	A fungus is lying horizontally.
/home/whx/Dataset/fungitastic-m/val/720p/1-3964843358.JPG	a fungus lies on its side in the grass.
/home/whx/Dataset/fungitastic-m/train/720p/0-2238502246.JPG	a fungus lies horizontally on moss.
/home/whx/Dataset/fungitastic-m/train/720p/0-2413148069.JPG	a fungus lies flat, with some parts broken.
/home/whx/Dataset/fungitastic-m/val/720p/1-4100088449.JPG	a fungus held in hand, partially cut.
/home/whx/Dataset/fungitastic-m/train/720p/3-2999546314.JPG	A fungus is irregularly shaped with a textured surface.
/home/whx/Dataset/fungitastic-m/train/720p/0-2238176790.JPG	a fungus stands upright amidst fallen leaves.
/home/whx/Dataset/fungitastic-m/train/720p/0-3386479464.JPG	A fungus is growing among fallen leaves.
/home/whx/Dataset/fungitastic-m/val/720p/3-3968581408.JPG	A fungus is held upright, cap facing up.
/home/whx/Dataset/fungitastic-m/val/720p/5-3968581408.JPG	a fungus lies in grass, cap up.
/home/whx/Dataset/fungitastic-m/train/720p/1-2238094677.JPG	a fungus is broken and lying flat.
/home/whx/Dataset/fungitastic-m/train/720p/0-3380899309.JPG	a fungus stands upright in grass.
/home/whx/Dataset/fungitastic-m/train/720p/4-4100092344.JPG	a fungus stands upright.
/home/whx/Dataset/fungitastic-m/test/720p/5-4465891812.JPG	a fungus is leaning against a tree trunk.
/home/whx/Dataset/fungitastic-m/train/720p/0-2269197397.JPG	a fungus is upright.
/home/whx/Dataset/fungitastic-m/val/720p/0-3922627492.JPG	a fungus stands upright.
/home/whx/Dataset/fungitastic-m/val/720p/0-3899712319.JPG	a fungus lies on forest floor, partially eaten.
/home/whx/Dataset/fungitastic-m/val/720p/1-3899712319.JPG	A fungus held in hand, cut open.
/home/whx/Dataset/fungitastic-m/test/720p/4-4465869350.JPG	a fungus stands upright.
/home/whx/Dataset/fungitastic-m/train/720p/0-2238562792.JPG	a fungus lies on forest floor, surrounded by pine needles and moss.
/home/whx/Dataset/fungitastic-m/train/720p/0-3327315331.JPG	The fungus appears to be in a resting state, with spores visible.
/home/whx/Dataset/fungitastic-m/train/720p/0-2238498030.JPG	a fungus lies on forest floor.
/home/whx/Dataset/fungitastic-m/train/720p/2-2620425303.JPG	a fungus is resting on soil.
/home/whx/Dataset/fungitastic-m/train/720p/0-2285836216.JPG	A fungus is growing upright among leaves and twigs.
/home/whx/Dataset/fungitastic-m/train/720p/3-3340170303.JPG	a fungus lies flat on the ground.
/home/whx/Dataset/fungitastic-m/train/720p/0-3345616344.JPG	a fungus lies flat on the ground.
/home/whx/Dataset/fungitastic-m/train/720p/0-2238503008.JPG	a fungus lies flat in grass.
/home/whx/Dataset/fungitastic-m/test/720p/0-4465868482.JPG	a fungus lies in grass.
/home/whx/Dataset/fungitastic-m/train/720p/0-2238515413.JPG	a fungus lies on grass.
/home/whx/Dataset/fungitastic-m/test/720p/1-4465869350.JPG	A fungus is spherical with a ring-like structure.
/home/whx/Dataset/fungitastic-m/train/720p/2-2238576792.JPG	A fungus appears as a cluster of circular structures.
/home/whx/Dataset/fungitastic-m/train/720p/4-3358348420.JPG	a fungus stands upright.
/home/whx/Dataset/fungitastic-m/train/720p/0-2424122108.JPG	A fungus stands amidst fallen leaves and wood.
/home/whx/Dataset/fungitastic-m/val/720p/0-3756041336.JPG	A fungus stands upright on a mossy surface.
/home/whx/Dataset/fungitastic-m/train/720p/3-3355982396.JPG	a fungus stands upright amidst grass.
/home/whx/Dataset/fungitastic-m/train/720p/0-2237966813.JPG	a fungus stands upright.
/home/whx/Dataset/fungitastic-m/train/720p/10-3355982396.JPG	A fungus lies horizontally on lined paper.
/home/whx/Dataset/fungitastic-m/train/720p/0-2237934319.JPG	a fungus stands upright in the snow.
/home/whx/Dataset/fungitastic-m/val/720p/0-3916263763.JPG	a fungus is resting on decaying wood.
/home/whx/Dataset/fungitastic-m/train/720p/2-3414824305.JPG	a fungus stands upright among leaves and twigs.
/home/whx/Dataset/fungitastic-m/train/720p/1-2427874450.JPG	a fungus stands upright.
/home/whx/Dataset/fungitastic-m/train/720p/0-3406497376.JPG	a fungus leans against a tree trunk.
/home/whx/Dataset/fungitastic-m/train/720p/1-3358348420.JPG	A fungus is emerging from the ground.
/home/whx/Dataset/fungitastic-m/train/720p/5-2994387304.JPG	a fungus is curved, resting on a surface.
/home/whx/Dataset/fungitastic-m/train/720p/11-2994387304.JPG	a fungus is curved upwards.
/home/whx/Dataset/fungitastic-m/train/720p/0-2238480412.JPG	A fungus stands upright among grass.
/home/whx/Dataset/fungitastic-m/train/720p/1-3334605349.JPG	a fungus stands upright.
/home/whx/Dataset/fungitastic-m/train/720p/2-2238527776.JPG	a fungus stands upright.
/home/whx/Dataset/fungitastic-m/val/720p/0-3962118552.JPG	a fungus stands upright.
/home/whx/Dataset/fungitastic-m/train/720p/2-2237942504.JPG	a fungus clings to a branch.
/home/whx/Dataset/fungitastic-m/train/720p/0-2238527776.JPG	a fungus stands upright.
/home/whx/Dataset/fungitastic-m/train/720p/1-2898629414.JPG	A fungus grows amidst twigs and moss.
/home/whx/Dataset/fungitastic-m/train/720p/0-2981233455.JPG	a fungus stands upright among moss.
/home/whx/Dataset/fungitastic-m/train/720p/0-3399810362.JPG	A fungus stands upright amidst moss.
/home/whx/Dataset/fungitastic-m/train/720p/0-2238529772.JPG	A fungus stands upright among greenery.
/home/whx/Dataset/fungitastic-m/train/720p/0-3005505316.JPG	a fungus stands upright.
/home/whx/Dataset/fungitastic-m/train/720p/0-2238128659.JPG	a fungus stands upright among leaves.
/home/whx/Dataset/fungitastic-m/train/720p/0-3412509372.JPG	A fungus stands upright.
/home/whx/Dataset/fungitastic-m/test/720p/0-4465902522.JPG	a fungus stands upright among grass and leaves.
/home/whx/Dataset/fungitastic-m/train/720p/1-2238191010.JPG	A fungus stands upright among green moss.
/home/whx/Dataset/fungitastic-m/train/720p/0-2238458134.JPG	a fungus stands upright amidst moss.
/home/whx/Dataset/fungitastic-m/test/720p/2-4465894036.JPG	a fungus stands upright amidst fallen leaves.
/home/whx/Dataset/fungitastic-m/train/720p/0-2901937321.JPG	a fungus stands upright.
/home/whx/Dataset/fungitastic-m/val/720p/0-3916264491.JPG	a fungus lies flat on forest floor.
/home/whx/Dataset/fungitastic-m/train/720p/1-2238329703.JPG	a fungus lies flat in the grass.
/home/whx/Dataset/fungitastic-m/train/720p/0-2413149027.JPG	a fungus lies on moss, partially broken.
/home/whx/Dataset/fungitastic-m/test/720p/0-4465868748.JPG	a fungus lies in grass.
/home/whx/Dataset/fungitastic-m/test/720p/0-4169765550.JPG	a fungus lies flat on sandy ground.
/home/whx/Dataset/fungitastic-m/train/720p/3-2901935338.JPG	a fungus is growing upright.
/home/whx/Dataset/fungitastic-m/train/720p/1-2883261477.JPG	a fungus is upright.
/home/whx/Dataset/fungitastic-m/test/720p/0-4465867732.JPG	A fungus lies on the forest floor, partially buried in leaves and soil.
/home/whx/Dataset/fungitastic-m/val/720p/0-3968580354.JPG	a fungus lies flat, cap up.
/home/whx/Dataset/fungitastic-m/train/720p/2-2821605357.JPG	a fungus lies on moss, cap down.
/home/whx/Dataset/fungitastic-m/train/720p/1-2874318524.JPG	a fungus stands upright.
/home/whx/Dataset/fungitastic-m/train/720p/0-2425494806.JPG	a fungus lies flat, partially buried in moss.
/home/whx/Dataset/fungitastic-m/train/720p/1-3320492343.JPG	a fungus lies on forest floor.
/home/whx/Dataset/fungitastic-m/train/720p/2-2816367326.JPG	a fungus lies flat on the ground.
/home/whx/Dataset/fungitastic-m/train/720p/0-2868488553.JPG	a fungus lies horizontally on moss.
/home/whx/Dataset/fungitastic-m/train/720p/0-2238448414.JPG	a fungus lies flat on forest floor.
/home/whx/Dataset/fungitastic-m/train/720p/0-2238591463.JPG	a fungus lies horizontally on the forest floor.
/home/whx/Dataset/fungitastic-m/train/720p/0-2238575506.JPG	a fungus stands upright.
/home/whx/Dataset/fungitastic-m/train/720p/2-2238425374.JPG	a fungus lies flat on the ground.
/home/whx/Dataset/fungitastic-m/val/720p/0-3944337884.JPG	a fungus lies horizontally on the ground.
/home/whx/Dataset/fungitastic-m/val/720p/1-3970587489.JPG	a fungus rests on moss, surrounded by fallen leaves.
/home/whx/Dataset/fungitastic-m/train/720p/0-2238474192.JPG	a fungus stands upright among leaves.
/home/whx/Dataset/fungitastic-m/train/720p/0-2238331856.JPG	a fungus stands upright in grass.
/home/whx/Dataset/fungitastic-m/val/720p/6-3944337884.JPG	a fungus is lying horizontally on the ground.
/home/whx/Dataset/fungitastic-m/train/720p/3-3424500318.JPG	A fungus is spherical and clustered.
/home/whx/Dataset/fungitastic-m/train/720p/3-2238500769.JPG	a fungus lies horizontally on wet ground.
/home/whx/Dataset/fungitastic-m/train/720p/1-2238425374.JPG	a fungus lies horizontally on the ground.
/home/whx/Dataset/fungitastic-m/train/720p/1-2238575506.JPG	a fungus lies flat, cap up.
/home/whx/Dataset/fungitastic-m/train/720p/1-2427872841.JPG	a fungus lies horizontally on forest floor.
/home/whx/Dataset/fungitastic-m/train/720p/0-2238404043.JPG	a fungus stands upright amidst fallen leaves.
/home/whx/Dataset/fungitastic-m/train/720p/0-2238341663.JPG	a fungus is embedded in soil.
/home/whx/Dataset/fungitastic-m/train/720p/0-2238524887.JPG	a fungus is bent and broken.
/home/whx/Dataset/fungitastic-m/test/720p/0-4465888289.JPG	a fungus lies upright, another rests on the ground.
/home/whx/Dataset/fungitastic-m/train/720p/0-2238336296.JPG	a fungus stands upright in grass.
/home/whx/Dataset/fungitastic-m/test/720p/4-4465863289.JPG	a fungus lies on its side.
/home/whx/Dataset/fungitastic-m/train/720p/3-2812983354.JPG	a fungus is lying horizontally on the forest floor.
/home/whx/Dataset/fungitastic-m/test/720p/0-4465862202.JPG	a fungus lies flat on a weathered surface.
/home/whx/Dataset/fungitastic-m/train/720p/1-2238569276.JPG	a fungus lies horizontally on forest floor.
/home/whx/Dataset/fungitastic-m/train/720p/0-2237973267.JPG	a fungus stands upright.
/home/whx/Dataset/fungitastic-m/train/720p/0-2238193128.JPG	a fungus is upright.
/home/whx/Dataset/fungitastic-m/train/720p/1-2238161306.JPG	a fungus stands upright in grass.
/home/whx/Dataset/fungitastic-m/test/720p/1-4465863289.JPG	a fungus lies on moss, broken and decayed.
/home/whx/Dataset/fungitastic-m/train/720p/0-3329733360.JPG	a fungus lies on forest floor, cap broken, gills exposed.
/home/whx/Dataset/fungitastic-m/train/720p/0-2238384580.JPG	a fungus stands upright with a white stem and orange cap.
/home/whx/Dataset/fungitastic-m/test/720p/0-4465889243.JPG	a fungus stands upright.
/home/whx/Dataset/fungitastic-m/train/720p/0-2237967513.JPG	a fungus lies on forest floor, partially broken.
/home/whx/Dataset/fungitastic-m/test/720p/0-4465878452.JPG	a fungus stands upright.
/home/whx/Dataset/fungitastic-m/train/720p/0-2238163846.JPG	A fungus is lying on moss.
/home/whx/Dataset/fungitastic-m/val/720p/2-3944339536.JPG	a fungus stands upright.
/home/whx/Dataset/fungitastic-m/train/720p/1-2238490987.JPG	a fungus is growing in grass.
/home/whx/Dataset/fungitastic-m/test/720p/1-4169764102.JPG	A fungus lies horizontally on moss.
/home/whx/Dataset/fungitastic-m/val/720p/0-3865752318.JPG	a fungus is upright.
/home/whx/Dataset/fungitastic-m/test/720p/1-4169772432.JPG	a fungus lies on forest floor.
/home/whx/Dataset/fungitastic-m/train/720p/2-2864911376.JPG	a fungus lies on moss.
/home/whx/Dataset/fungitastic-m/val/720p/1-4100090587.JPG	A fungus stands upright on moss.
/home/whx/Dataset/fungitastic-m/val/720p/2-3891499337.JPG	a fungus stands upright on forest floor.
/home/whx/Dataset/fungitastic-m/train/720p/0-3382567461.JPG	A fungus lies on forest floor, partially buried in pine needles and grass.
/home/whx/Dataset/fungitastic-m/test/720p/1-4465880034.JPG	A fungus stands upright amidst moss and pine needles.
/home/whx/Dataset/fungitastic-m/train/720p/2-3419921326.JPG	A fungus is upright, wet, and held.
/home/whx/Dataset/fungitastic-m/train/720p/0-3419921326.JPG	a fungus is upright.
/home/whx/Dataset/fungitastic-m/test/720p/2-4465879990.JPG	a fungus is upright.
/home/whx/Dataset/fungitastic-m/test/720p/4-4169764102.JPG	a fungus stands upright.
/home/whx/Dataset/fungitastic-m/val/720p/0-3863497342.JPG	a fungus rests on moss.
/home/whx/Dataset/fungitastic-m/val/720p/2-3867919310.JPG	A fungus stands upright in the forest floor.
/home/whx/Dataset/fungitastic-m/train/720p/1-3355967329.JPG	a fungus lies on forest floor.
/home/whx/Dataset/fungitastic-m/train/720p/0-3340170424.JPG	a fungus lies horizontally on forest floor.
/home/whx/Dataset/fungitastic-m/train/720p/1-2238551886.JPG	A fungus is spread out, diffuse.
/home/whx/Dataset/fungitastic-m/train/720p/0-3332297323.JPG	The fungus is in various stages of aggregation, with some forming clusters and others appearing as individual spores.
/home/whx/Dataset/fungitastic-m/train/720p/0-2332528966.JPG	a fungus lies flat on the ground.
/home/whx/Dataset/fungitastic-m/val/720p/3-3925718421.JPG	A fungus held upside down.
/home/whx/Dataset/fungitastic-m/test/720p/0-4465897937.JPG	a fungus is lying on the ground.
/home/whx/Dataset/fungitastic-m/train/720p/2-3340170424.JPG	a fungus is lying on the ground.
/home/whx/Dataset/fungitastic-m/test/720p/1-4465880993.JPG	a fungus lies flat on forest floor.
/home/whx/Dataset/fungitastic-m/train/720p/0-3340169439.JPG	a fungus lies in grass, soil clings to cap.
/home/whx/Dataset/fungitastic-m/test/720p/0-4169767586.JPG	a fungus lies flat on grass.
/home/whx/Dataset/fungitastic-m/val/720p/1-4100095512.JPG	a fungus lies flat on forest floor.
/home/whx/Dataset/fungitastic-m/train/720p/0-3332295335.JPG	a fungus lies on forest floor.
/home/whx/Dataset/fungitastic-m/test/720p/1-4465865391.JPG	a fungus lies flat, fragmented, on forest floor.
/home/whx/Dataset/fungitastic-m/test/720p/2-4465865998.JPG	a fungus is upright.
/home/whx/Dataset/fungitastic-m/train/720p/0-2382324687.JPG	a fungus is growing upright.
/home/whx/Dataset/fungitastic-m/train/720p/0-2238346361.JPG	a fungus stands upright among fallen leaves.
/home/whx/Dataset/fungitastic-m/train/720p/0-2238524264.JPG	a fungus stands upright.
/home/whx/Dataset/fungitastic-m/val/720p/1-3922627697.JPG	a fungus stands upright.
/home/whx/Dataset/fungitastic-m/test/720p/1-4169757864.JPG	a fungus lies in grass, cap up, stem down.
/home/whx/Dataset/fungitastic-m/train/720p/1-2237968450.JPG	a fungus stands upright.
/home/whx/Dataset/fungitastic-m/train/720p/1-2331570838.JPG	A fungus is resting on a substrate.
/home/whx/Dataset/fungitastic-m/train/720p/1-2332528922.JPG	a fungus lies horizontally on a wooden surface.
/home/whx/Dataset/fungitastic-m/train/720p/1-3340162410.JPG	a fungus stands upright.
/home/whx/Dataset/fungitastic-m/train/720p/1-2238471666.JPG	a fungus stands upright.
/home/whx/Dataset/fungitastic-m/val/720p/3-3922622705.JPG	a fungus stands upright.
/home/whx/Dataset/fungitastic-m/val/720p/0-3894175370.JPG	a fungus is upright.
/home/whx/Dataset/fungitastic-m/test/720p/0-4465883387.JPG	a fungus lies flat, split in half.
/home/whx/Dataset/fungitastic-m/train/720p/0-2883262521.JPG	a fungus is upright, another is lying down.
/home/whx/Dataset/fungitastic-m/train/720p/0-2238213375.JPG	a fungus lies on its side.
/home/whx/Dataset/fungitastic-m/test/720p/1-4465895373.JPG	a fungus is cracked open.
/home/whx/Dataset/fungitastic-m/train/720p/0-2238156341.JPG	a fungus stands upright.
/home/whx/Dataset/fungitastic-m/val/720p/1-3944338786.JPG	A fungus lies on the ground, surrounded by grass and leaves.
/home/whx/Dataset/fungitastic-m/val/720p/0-3891493342.JPG	a fungus lies on moss, partially cut.
/home/whx/Dataset/fungitastic-m/test/720p/0-4169758039.JPG	a fungus is leaning to the side.
/home/whx/Dataset/fungitastic-m/train/720p/3-2238417373.JPG	a fungus is upright.
/home/whx/Dataset/fungitastic-m/train/720p/0-2860299363.JPG	a fungus lies on grass.
/home/whx/Dataset/fungitastic-m/train/720p/0-2238496551.JPG	a fungus lies on grass, cap slightly tilted.
/home/whx/Dataset/fungitastic-m/train/720p/0-2898632449.JPG	a fungus is lying flat.
/home/whx/Dataset/fungitastic-m/test/720p/1-4465882643.JPG	a fungus lies horizontally in grass.
/home/whx/Dataset/fungitastic-m/train/720p/1-2238419210.JPG	A fungus is spread out, with a central cluster and radiating filaments.
/home/whx/Dataset/fungitastic-m/train/720p/0-2238469097.JPG	a fungus stands upright in grass.
/home/whx/Dataset/fungitastic-m/test/720p/1-4465870386.JPG	a fungus stands upright.
/home/whx/Dataset/fungitastic-m/train/720p/2-2860299363.JPG	a fungus lies on grass, cap up.
/home/whx/Dataset/fungitastic-m/train/720p/2-2238417373.JPG	a fungus is lying on its side.
/home/whx/Dataset/fungitastic-m/train/720p/0-3327305355.JPG	a fungus lies on the ground, cap facing up.
/home/whx/Dataset/fungitastic-m/train/720p/1-2575117795.JPG	a fungus lies on soil, cap up.
/home/whx/Dataset/fungitastic-m/train/720p/1-2351006603.JPG	a fungus lies on grass.
/home/whx/Dataset/fungitastic-m/train/720p/0-2238342415.JPG	a fungus stands upright among leaves.
/home/whx/Dataset/fungitastic-m/train/720p/1-3380891493.JPG	A fungus is branching and spreading.
/home/whx/Dataset/fungitastic-m/test/720p/1-4465874280.JPG	a fungus is small and white, resting on a log.
/home/whx/Dataset/fungitastic-m/train/720p/0-2421824344.JPG	A fungus stands amidst fallen leaves.
/home/whx/Dataset/fungitastic-m/val/720p/0-3916268677.JPG	A fungus stands upright among leaves and twigs.
/home/whx/Dataset/fungitastic-m/train/720p/0-2238329423.JPG	a fungus stands upright.
/home/whx/Dataset/fungitastic-m/train/720p/0-2237931347.JPG	a fungus stands amidst grass.
/home/whx/Dataset/fungitastic-m/train/720p/2-2868473433.JPG	A fungus stands upright amidst moss.
/home/whx/Dataset/fungitastic-m/train/720p/0-2238084223.JPG	a fungus lies horizontally on wood.
/home/whx/Dataset/fungitastic-m/train/720p/2-2452379932.JPG	A fungus stands upright among grass and leaves.
/home/whx/Dataset/fungitastic-m/train/720p/3-3382558370.JPG	a fungus stands upright.
/home/whx/Dataset/fungitastic-m/train/720p/0-2238516821.JPG	a fungus stands upright.
/home/whx/Dataset/fungitastic-m/train/720p/1-3358352495.JPG	a fungus held between fingers.
/home/whx/Dataset/fungitastic-m/test/720p/1-4465880891.JPG	A fungus is extending and branching.
/home/whx/Dataset/fungitastic-m/test/720p/0-4465891431.JPG	a fungus stands upright, slightly curved.
/home/whx/Dataset/fungitastic-m/train/720p/0-3380891493.JPG	A fungus is curled.
/home/whx/Dataset/fungitastic-m/train/720p/5-2898632372.JPG	a fungus lies in grass, cap up, stem down.
/home/whx/Dataset/fungitastic-m/train/720p/0-2964215331.JPG	a fungus is upright, another is lying down.
/home/whx/Dataset/fungitastic-m/train/720p/0-2238295168.JPG	a fungus stands upright, another leans.
/home/whx/Dataset/fungitastic-m/train/720p/0-3340165394.JPG	a fungus stands upright.
/home/whx/Dataset/fungitastic-m/train/720p/0-2238077795.JPG	a fungus is upright.
/home/whx/Dataset/fungitastic-m/train/720p/0-2238428056.JPG	a fungus stands upright.
/home/whx/Dataset/fungitastic-m/train/720p/0-3392608399.JPG	a fungus lies flat, stem up.
/home/whx/Dataset/fungitastic-m/train/720p/0-2238563277.JPG	a fungus stands upright among pine needles.
/home/whx/Dataset/fungitastic-m/val/720p/3-3964845378.JPG	a fungus is resting on a log.
/home/whx/Dataset/fungitastic-m/val/720p/0-3922622658.JPG	a fungus is upright.
/home/whx/Dataset/fungitastic-m/train/720p/0-2862694357.JPG	a fungus lies flat on forest floor.
/home/whx/Dataset/fungitastic-m/train/720p/0-3345600309.JPG	a fungus lies on forest floor, partially buried.
/home/whx/Dataset/fungitastic-m/train/720p/1-2238171282.JPG	a fungus stands upright.
/home/whx/Dataset/fungitastic-m/train/720p/0-2458347433.JPG	a fungus is bent and broken.
/home/whx/Dataset/fungitastic-m/train/720p/0-4847340606.JPG	a fungus lies horizontally among dry leaves and twigs.
/home/whx/Dataset/fungitastic-m/train/720p/0-3406482312.JPG	a fungus is growing among autumn leaves.
/home/whx/Dataset/fungitastic-m/train/720p/0-2238375091.JPG	a fungus lies on forest floor.
/home/whx/Dataset/fungitastic-m/train/720p/0-3343238464.JPG	a fungus stands upright.
/home/whx/Dataset/fungitastic-m/train/720p/1-2238150124.JPG	a fungus lies flat on grass.
/home/whx/Dataset/fungitastic-m/train/720p/0-2651227317.JPG	a fungus lies on forest floor.
/home/whx/Dataset/fungitastic-m/train/720p/1-2238151544.JPG	a fungus is lying on the forest floor.
/home/whx/Dataset/fungitastic-m/test/720p/0-4465867446.JPG	a fungus lies flat on the forest floor.
/home/whx/Dataset/fungitastic-m/train/720p/0-2238565524.JPG	a fungus lies on forest floor, partially broken.
/home/whx/Dataset/fungitastic-m/train/720p/0-3327305348.JPG	a fungus lies on the ground, cap up.
/home/whx/Dataset/fungitastic-m/train/720p/1-3329721348.JPG	A fungus is held upside down, revealing its underside.
/home/whx/Dataset/fungitastic-m/train/720p/0-2238468056.JPG	a fungus stands upright.
/home/whx/Dataset/fungitastic-m/val/720p/2-3891497329.JPG	a fungus stands upright.
/home/whx/Dataset/fungitastic-m/train/720p/0-2238346673.JPG	a fungus lies flat, cap up.
/home/whx/Dataset/fungitastic-m/train/720p/0-3343247426.JPG	a fungus lies on forest floor, cap up.
/home/whx/Dataset/fungitastic-m/train/720p/1-2237913860.JPG	a fungus stands upright.
/home/whx/Dataset/fungitastic-m/train/720p/0-2238495946.JPG	a fungus is upright.
/home/whx/Dataset/fungitastic-m/train/720p/0-2351006316.JPG	a fungus is cut in half, revealing its interior.
/home/whx/Dataset/fungitastic-m/train/720p/1-2237960871.JPG	a fungus lies in grass.
/home/whx/Dataset/fungitastic-m/train/720p/3-2238507909.JPG	A fungus is in a cluster.
/home/whx/Dataset/fungitastic-m/train/720p/0-3329727303.JPG	a fungus lies on moss.
/home/whx/Dataset/fungitastic-m/test/720p/2-4465889454.JPG	a fungus lies flat on forest floor.
/home/whx/Dataset/fungitastic-m/train/720p/1-3340175405.JPG	a fungus lies on its side.
/home/whx/Dataset/fungitastic-m/train/720p/0-2238565433.JPG	a fungus lies flat on the ground.
/home/whx/Dataset/fungitastic-m/train/720p/0-2238531701.JPG	a fungus is growing among leaves.
/home/whx/Dataset/fungitastic-m/train/720p/0-2238574244.JPG	a fungus lies on forest floor.
/home/whx/Dataset/fungitastic-m/val/720p/1-3887953318.JPG	A fungus held upside down.
/home/whx/Dataset/fungitastic-m/val/720p/0-3909139351.JPG	a fungus lies on forest floor.
/home/whx/Dataset/fungitastic-m/train/720p/7-2238497362.JPG	a fungus lies on its side.
/home/whx/Dataset/fungitastic-m/train/720p/1-2238470691.JPG	a fungus lies in grass.
/home/whx/Dataset/fungitastic-m/train/720p/0-2424121987.JPG	a fungus stands upright.
/home/whx/Dataset/fungitastic-m/train/720p/1-2238506705.JPG	A fungus lies flat, fragmented, on a wooden surface.
/home/whx/Dataset/fungitastic-m/val/720p/0-3922628721.JPG	a fungus is upright.
/home/whx/Dataset/fungitastic-m/train/720p/1-2237921697.JPG	a fungus lies flat, cap up, with stem and partial gills visible.
/home/whx/Dataset/fungitastic-m/train/720p/0-2238506512.JPG	a fungus stands upright.
/home/whx/Dataset/fungitastic-m/test/720p/0-4465869280.JPG	A fungus stands upright, base broken.
/home/whx/Dataset/fungitastic-m/test/720p/1-4169772381.JPG	a fungus stands upright.
/home/whx/Dataset/fungitastic-m/train/720p/1-3343240440.JPG	a fungus held upright.
/home/whx/Dataset/fungitastic-m/val/720p/2-3880801320.JPG	a fungus stands upright in grass.
/home/whx/Dataset/fungitastic-m/val/720p/0-3880801320.JPG	a fungus lies flat on the ground.
/home/whx/Dataset/fungitastic-m/train/720p/0-2238469907.JPG	a fungus stands upright amidst fallen leaves.
/home/whx/Dataset/fungitastic-m/train/720p/2-2382321499.JPG	a fungus stands upright in grass.
/home/whx/Dataset/fungitastic-m/test/720p/0-4169760239.JPG	a fungus lies in grass.
/home/whx/Dataset/fungitastic-m/train/720p/0-2382320227.JPG	a fungus is leaning.
/home/whx/Dataset/fungitastic-m/train/720p/1-2382322400.JPG	a fungus stands upright with a curved stem.
/home/whx/Dataset/fungitastic-m/train/720p/2-2238502290.JPG	a fungus stands upright in grass.
/home/whx/Dataset/fungitastic-m/test/720p/0-4169766381.JPG	a fungus stands upright.
/home/whx/Dataset/fungitastic-m/train/720p/0-3313861312.JPG	a fungus stands upright amidst grass and fallen leaves.
/home/whx/Dataset/fungitastic-m/train/720p/0-2238568024.JPG	a fungus is lying on its side.
/home/whx/Dataset/fungitastic-m/train/720p/0-3334602321.JPG	a fungus is broken in half.
/home/whx/Dataset/fungitastic-m/train/720p/1-2238525232.JPG	a fungus stands upright amidst fallen leaves.
/home/whx/Dataset/fungitastic-m/train/720p/0-2251780961.JPG	a fungus stands upright in the forest.
/home/whx/Dataset/fungitastic-m/train/720p/0-2238339474.JPG	a fungus stands upright.
/home/whx/Dataset/fungitastic-m/train/720p/0-2238392277.JPG	a fungus stands upright amidst fallen leaves.
/home/whx/Dataset/fungitastic-m/train/720p/0-3424499318.JPG	a fungus is upright with a white stem and a light brown cap.
/home/whx/Dataset/fungitastic-m/train/720p/0-2452379942.JPG	a fungus is upright.
/home/whx/Dataset/fungitastic-m/train/720p/0-2238379863.JPG	a fungus stands upright in grass.
/home/whx/Dataset/fungitastic-m/train/720p/0-2238494840.JPG	a fungus stands upright amidst fallen leaves.
/home/whx/Dataset/fungitastic-m/train/720p/0-3345616421.JPG	A fungus stands upright among fallen leaves.
/home/whx/Dataset/fungitastic-m/train/720p/1-3343236336.JPG	a fungus stands upright.
/home/whx/Dataset/fungitastic-m/train/720p/0-2238562839.JPG	a fungus is leaning.
/home/whx/Dataset/fungitastic-m/test/720p/0-4465898547.JPG	a fungus lies on the ground, partially covered by debris.
/home/whx/Dataset/fungitastic-m/train/720p/0-2351007664.JPG	a fungus stands upright in grass.
/home/whx/Dataset/fungitastic-m/train/720p/0-2238475802.JPG	a fungus lies horizontally on the forest floor.
/home/whx/Dataset/fungitastic-m/val/720p/2-3948716755.JPG	a fungus lies horizontally among leaves.
/home/whx/Dataset/fungitastic-m/train/720p/0-2238574660.JPG	a fungus lies horizontally on forest floor.
/home/whx/Dataset/fungitastic-m/train/720p/0-2238342805.JPG	a fungus is lying on a wooden surface.
/home/whx/Dataset/fungitastic-m/test/720p/4-4465888924.JPG	a fungus stands upright.
/home/whx/Dataset/fungitastic-m/train/720p/3-2860300401.JPG	a fungus held upside down.
/home/whx/Dataset/fungitastic-m/train/720p/0-2821592329.JPG	a fungus lies in grass, partially broken.
/home/whx/Dataset/fungitastic-m/test/720p/1-4169760157.JPG	a fungus stands upright.
/home/whx/Dataset/fungitastic-m/train/720p/1-2999548314.JPG	a fungus lies horizontally in grass.
/home/whx/Dataset/fungitastic-m/train/720p/0-2237964956.JPG	A fungus lies on its side in the grass.
/home/whx/Dataset/fungitastic-m/train/720p/0-4847348444.JPG	a fungus lies in grass.
/home/whx/Dataset/fungitastic-m/train/720p/2-2238383106.JPG	a fungus lies in grass.
/home/whx/Dataset/fungitastic-m/val/720p/2-3894179346.JPG	a fungus lies in grass.
/home/whx/Dataset/fungitastic-m/train/720p/0-2238590383.JPG	a fungus is resting on a wooden surface.
/home/whx/Dataset/fungitastic-m/test/720p/1-4465882037.JPG	a fungus stands upright on moss.
/home/whx/Dataset/fungitastic-m/val/720p/0-4100093531.JPG	a fungus is upright.
/home/whx/Dataset/fungitastic-m/train/720p/0-2238377522.JPG	A fungus stands upright among leaves.
/home/whx/Dataset/fungitastic-m/train/720p/0-2238555935.JPG	a fungus stands upright in grass.
/home/whx/Dataset/fungitastic-m/train/720p/0-2989731328.JPG	a fungus lies flat on moss.
/home/whx/Dataset/fungitastic-m/train/720p/0-2238150054.JPG	a fungus lies flat, cap facing down.
/home/whx/Dataset/fungitastic-m/test/720p/0-4465869118.JPG	a fungus lies horizontally on moss.
/home/whx/Dataset/fungitastic-m/train/720p/0-2238328248.JPG	a fungus is leaning.
/home/whx/Dataset/fungitastic-m/train/720p/0-2238144692.JPG	a fungus is growing on a log.
/home/whx/Dataset/fungitastic-m/train/720p/0-2856918346.JPG	a fungus stands upright.
/home/whx/Dataset/fungitastic-m/train/720p/1-2238554450.JPG	a fungus lies on forest floor, partially buried.
/home/whx/Dataset/fungitastic-m/train/720p/0-2237963327.JPG	a fungus stands upright.
/home/whx/Dataset/fungitastic-m/train/720p/0-2238468586.JPG	a fungus stands upright.
/home/whx/Dataset/fungitastic-m/train/720p/3-2248039537.JPG	a fungus stands upright, another lies flat.
/home/whx/Dataset/fungitastic-m/train/720p/0-2238437680.JPG	a fungus stands upright amidst pine needles.
/home/whx/Dataset/fungitastic-m/train/720p/0-2804906316.JPG	a fungus stands upright.
/home/whx/Dataset/fungitastic-m/test/720p/0-4465892053.JPG	a fungus stands upright amidst forest floor.
/home/whx/Dataset/fungitastic-m/train/720p/1-2238216760.JPG	a fungus lies horizontally on the ground.
/home/whx/Dataset/fungitastic-m/train/720p/0-2238572264.JPG	a fungus stands upright.
/home/whx/Dataset/fungitastic-m/train/720p/0-2238591626.JPG	a fungus lies on moss.
/home/whx/Dataset/fungitastic-m/train/720p/0-2413147577.JPG	a fungus stands upright with a curved stem.
/home/whx/Dataset/fungitastic-m/train/720p/0-2425494821.JPG	a fungus stands upright.
/home/whx/Dataset/fungitastic-m/train/720p/0-2901951326.JPG	A fungus is scattered among grass.
/home/whx/Dataset/fungitastic-m/train/720p/0-2874306468.JPG	a fungus stands upright.
/home/whx/Dataset/fungitastic-m/train/720p/0-2238572869.JPG	a fungus lies horizontally on forest floor.
/home/whx/Dataset/fungitastic-m/train/720p/0-2238487443.JPG	a fungus stands upright amidst moss and leaves.
/home/whx/Dataset/fungitastic-m/train/720p/3-2238505344.JPG	A fungus is spreading and branching.
/home/whx/Dataset/fungitastic-m/train/720p/0-3380892330.JPG	a fungus stands upright.
/home/whx/Dataset/fungitastic-m/test/720p/0-4465888007.JPG	a fungus lies horizontally.
/home/whx/Dataset/fungitastic-m/train/720p/0-2427871907.JPG	a fungus stands upright.
/home/whx/Dataset/fungitastic-m/val/720p/0-3909138458.JPG	A fungus stands upright among clovers.
/home/whx/Dataset/fungitastic-m/train/720p/0-2424123720.JPG	A fungus stands upright among moss and fallen leaves.
/home/whx/Dataset/fungitastic-m/train/720p/1-2238580874.JPG	a fungus stands upright among pine needles.
/home/whx/Dataset/fungitastic-m/train/720p/0-2981241366.JPG	a fungus is lying on its side.
/home/whx/Dataset/fungitastic-m/train/720p/0-2421823480.JPG	A fungus is scattered on forest floor.
/home/whx/Dataset/fungitastic-m/test/720p/1-4465895463.JPG	a fungus stands upright among moss.
/home/whx/Dataset/fungitastic-m/train/720p/0-3380887305.JPG	a fungus stands amidst leaves and pine needles.
/home/whx/Dataset/fungitastic-m/train/720p/0-2989730315.JPG	a fungus is lying on its side.
/home/whx/Dataset/fungitastic-m/val/720p/0-3909145312.JPG	a fungus stands upright.
/home/whx/Dataset/fungitastic-m/train/720p/1-3327308351.JPG	a fungus lies flat on a wooden surface.
/home/whx/Dataset/fungitastic-m/train/720p/1-2874308468.JPG	a fungus lies on forest floor, caps overlapping.
/home/whx/Dataset/fungitastic-m/val/720p/2-3909145312.JPG	a fungus stands upright.
/home/whx/Dataset/fungitastic-m/train/720p/0-2238557321.JPG	a fungus stands upright.
/home/whx/Dataset/fungitastic-m/train/720p/1-2238154576.JPG	a fungus is leaning.
/home/whx/Dataset/fungitastic-m/train/720p/2-2238158782.JPG	A fungus stands upright.
/home/whx/Dataset/fungitastic-m/train/720p/0-3422348305.JPG	a fungus is upright.
/home/whx/Dataset/fungitastic-m/train/720p/1-3382573367.JPG	a fungus stands upright.
/home/whx/Dataset/fungitastic-m/test/720p/0-4465884509.JPG	a fungus lies flat on the ground.
/home/whx/Dataset/fungitastic-m/train/720p/0-2237964184.JPG	a fungus is lying flat.
/home/whx/Dataset/fungitastic-m/train/720p/0-2237917575.JPG	a fungus lies on its side.
/home/whx/Dataset/fungitastic-m/train/720p/1-2238184921.JPG	a fungus is split, showing its interior.
/home/whx/Dataset/fungitastic-m/train/720p/1-2351007311.JPG	a fungus lies on the ground.
/home/whx/Dataset/fungitastic-m/test/720p/2-4465863045.JPG	A fungus is cut in half, revealing its gills.
/home/whx/Dataset/fungitastic-m/train/720p/1-2868487378.JPG	a fungus is upright.
/home/whx/Dataset/fungitastic-m/test/720p/0-4465875654.JPG	a fungus lies on the forest floor.
/home/whx/Dataset/fungitastic-m/train/720p/1-2883256432.JPG	a fungus lies horizontally in grass.
/home/whx/Dataset/fungitastic-m/train/720p/0-3410051348.JPG	a fungus stands upright.
/home/whx/Dataset/fungitastic-m/val/720p/1-3899713416.JPG	a fungus is growing upright.
/home/whx/Dataset/fungitastic-m/train/720p/2-2238568130.JPG	A fungus lies in grass, partially buried.
/home/whx/Dataset/fungitastic-m/train/720p/0-2238069596.JPG	a fungus lies in grass.
/home/whx/Dataset/fungitastic-m/train/720p/0-3343241452.JPG	a fungus stands upright in grass.
/home/whx/Dataset/fungitastic-m/val/720p/1-3916265572.JPG	a fungus lies on moss.
/home/whx/Dataset/fungitastic-m/train/720p/2-2238329723.JPG	a fungus lies flat, cut in half, exposing its gills.
/home/whx/Dataset/fungitastic-m/test/720p/2-4465889759.JPG	a fungus is upright.
/home/whx/Dataset/fungitastic-m/test/720p/0-4465873353.JPG	a fungus is upright, another is lying down.
/home/whx/Dataset/fungitastic-m/test/720p/2-4465902377.JPG	A fungus held upright.
/home/whx/Dataset/fungitastic-m/train/720p/2-2868487477.JPG	a fungus lies on its side.
/home/whx/Dataset/fungitastic-m/train/720p/0-4847342525.JPG	A fungus is scattered among grass.
/home/whx/Dataset/fungitastic-m/train/720p/0-3382566402.JPG	a fungus is upright.
/home/whx/Dataset/fungitastic-m/train/720p/0-2238484604.JPG	A fungus stands upright in grass.
/home/whx/Dataset/fungitastic-m/train/720p/0-2238437695.JPG	a fungus stands upright among grass.
/home/whx/Dataset/fungitastic-m/train/720p/0-2238051742.JPG	a fungus stands upright amidst grass and moss.
/home/whx/Dataset/fungitastic-m/train/720p/0-2237944647.JPG	a fungus stands upright among grass and pine needles.
/home/whx/Dataset/fungitastic-m/val/720p/0-3913248354.JPG	A fungus stands upright among leaves.
/home/whx/Dataset/fungitastic-m/test/720p/1-4465866136.JPG	a fungus stands upright.
/home/whx/Dataset/fungitastic-m/train/720p/0-2238124294.JPG	a fungus stands upright among grass.
/home/whx/Dataset/fungitastic-m/train/720p/0-2238574638.JPG	a fungus stands upright in grass.
/home/whx/Dataset/fungitastic-m/train/720p/0-2238191214.JPG	A fungus stands upright among pine needles.
/home/whx/Dataset/fungitastic-m/test/720p/0-4465866136.JPG	a fungus stands upright.
/home/whx/Dataset/fungitastic-m/val/720p/0-3922624667.JPG	A fungus is held upright.
/home/whx/Dataset/fungitastic-m/train/720p/0-2238520784.JPG	a fungus is leaning.
/home/whx/Dataset/fungitastic-m/train/720p/0-2238449440.JPG	A fungus stands upright among grass and moss.
/home/whx/Dataset/fungitastic-m/val/720p/2-4100090753.JPG	A fungus is branching and filamentous.
/home/whx/Dataset/fungitastic-m/train/720p/1-2238556627.JPG	a fungus stands upright among grass and wood.
/home/whx/Dataset/fungitastic-m/train/720p/0-2984622346.JPG	A fungus stands upright amidst grass and moss.
/home/whx/Dataset/fungitastic-m/val/720p/1-3962113597.JPG	A fungus stands upright on moss.
/home/whx/Dataset/fungitastic-m/train/720p/0-2238468575.JPG	a fungus stands upright amidst moss.
/home/whx/Dataset/fungitastic-m/train/720p/0-3392599313.JPG	a fungus stands upright.
/home/whx/Dataset/fungitastic-m/train/720p/4-2851422314.JPG	a fungus grows on moss.
/home/whx/Dataset/fungitastic-m/val/720p/0-3944341317.JPG	a fungus is growing on a piece of wood.
/home/whx/Dataset/fungitastic-m/test/720p/3-4169761793.JPG	a fungus is upright.
/home/whx/Dataset/fungitastic-m/train/720p/5-2248039515.JPG	A fungus is clustered and upright.
/home/whx/Dataset/fungitastic-m/train/720p/2-2251781113.JPG	A fungus is growing upright.
/home/whx/Dataset/fungitastic-m/train/720p/2-3358360344.JPG	a fungus stands upright on decaying wood.
/home/whx/Dataset/fungitastic-m/train/720p/7-2816360302.JPG	A fungus is sprawling and intertwined.
/home/whx/Dataset/fungitastic-m/train/720p/1-2238044688.JPG	A fungus is upright, standing.
/home/whx/Dataset/fungitastic-m/train/720p/4-2238412841.JPG	a fungus stands upright in grass.
/home/whx/Dataset/fungitastic-m/train/720p/2-2238384481.JPG	a fungus stands upright on moss.
/home/whx/Dataset/fungitastic-m/train/720p/0-2238447393.JPG	a fungus stands upright amidst greenery.
/home/whx/Dataset/fungitastic-m/train/720p/0-2238458608.JPG	A fungus is upright.
/home/whx/Dataset/fungitastic-m/train/720p/1-3126944321.JPG	A fungus stands upright, slightly curved.
/home/whx/Dataset/fungitastic-m/train/720p/1-2237889179.JPG	a fungus lies on the ground, cap up.
/home/whx/Dataset/fungitastic-m/train/720p/1-2237914322.JPG	a fungus lies on the ground.
/home/whx/Dataset/fungitastic-m/train/720p/2-2382324774.JPG	a fungus is leaning against a cork.
/home/whx/Dataset/fungitastic-m/val/720p/0-3964842621.JPG	a fungus is resting on a flat surface, with one half cut open to reveal its interior.
/home/whx/Dataset/fungitastic-m/val/720p/4-3909139391.JPG	a fungus lies on grass.
/home/whx/Dataset/fungitastic-m/train/720p/0-2237957960.JPG	a fungus is resting on a wooden surface.
/home/whx/Dataset/fungitastic-m/val/720p/3-3968579303.JPG	a fungus is split open.
/home/whx/Dataset/fungitastic-m/train/720p/0-2238159230.JPG	a fungus is upright.
/home/whx/Dataset/fungitastic-m/train/720p/2-2651219307.JPG	a fungus lies flat, cap broken.
/home/whx/Dataset/fungitastic-m/test/720p/1-4465881852.JPG	a fungus lies on its side in the grass.
/home/whx/Dataset/fungitastic-m/train/720p/2-2238565872.JPG	a fungus lies flat, slightly curled.
/home/whx/Dataset/fungitastic-m/train/720p/2-2421821399.JPG	a fungus is growing upright.
/home/whx/Dataset/fungitastic-m/train/720p/3-2862689306.JPG	a fungus is broken, exposing gills.
/home/whx/Dataset/fungitastic-m/train/720p/0-2238214685.JPG	a fungus is upright.
/home/whx/Dataset/fungitastic-m/train/720p/1-2244194131.JPG	a fungus lies flat, caps facing up.
/home/whx/Dataset/fungitastic-m/train/720p/1-2862689306.JPG	a fungus lies in grass.
/home/whx/Dataset/fungitastic-m/train/720p/1-2413147570.JPG	a fungus stands upright.
/home/whx/Dataset/fungitastic-m/val/720p/0-3861312310.JPG	a fungus is upright.
/home/whx/Dataset/fungitastic-m/train/720p/0-2238437052.JPG	a fungus lies flat, cap up.
/home/whx/Dataset/fungitastic-m/train/720p/0-2238430504.JPG	a fungus lies flat, cap up.
/home/whx/Dataset/fungitastic-m/test/720p/3-4465861357.JPG	a fungus lies flat, gills visible.
/home/whx/Dataset/fungitastic-m/train/720p/1-2238207997.JPG	a fungus is upright.
/home/whx/Dataset/fungitastic-m/train/720p/0-2424121839.JPG	a fungus is cut in half, revealing its gills.
/home/whx/Dataset/fungitastic-m/train/720p/0-2238220336.JPG	a fungus stands upright.
/home/whx/Dataset/fungitastic-m/train/720p/0-2238158802.JPG	a fungus held upright.
/home/whx/Dataset/fungitastic-m/train/720p/2-2238158594.JPG	a fungus is upright.
/home/whx/Dataset/fungitastic-m/train/720p/1-2821598330.JPG	a fungus stands upright.
/home/whx/Dataset/fungitastic-m/test/720p/2-4169757914.JPG	a fungus is resting on moss.
/home/whx/Dataset/fungitastic-m/train/720p/0-2238521551.JPG	a fungus lies horizontally on the ground.
/home/whx/Dataset/fungitastic-m/train/720p/4-2413147570.JPG	a fungus stands upright.
/home/whx/Dataset/fungitastic-m/val/720p/3-3970588373.JPG	a fungus is lying flat.
/home/whx/Dataset/fungitastic-m/train/720p/0-2238571580.JPG	a fungus stands upright.
/home/whx/Dataset/fungitastic-m/train/720p/0-2237961356.JPG	a fungus is leaning.
/home/whx/Dataset/fungitastic-m/train/720p/1-2430666650.JPG	a fungus stands upright.
/home/whx/Dataset/fungitastic-m/train/720p/1-2862687308.JPG	a fungus grows upright on a log.
/home/whx/Dataset/fungitastic-m/train/720p/0-2238523167.JPG	A fungus is spread out, fan-like.
/home/whx/Dataset/fungitastic-m/train/720p/0-3380897430.JPG	a fungus is growing on a log.
/home/whx/Dataset/fungitastic-m/val/720p/1-3925713425.JPG	A fungus grows on a log.
/home/whx/Dataset/fungitastic-m/train/720p/0-2237912323.JPG	a fungus stands upright.
/home/whx/Dataset/fungitastic-m/test/720p/4-4169763822.JPG	A fungus appears as small, oval structures scattered across the field.
/home/whx/Dataset/fungitastic-m/train/720p/0-2238328221.JPG	A fungus stands upright on a mossy surface.
/home/whx/Dataset/fungitastic-m/train/720p/2-2999555315.JPG	A fungus is spreading and branching.
/home/whx/Dataset/fungitastic-m/val/720p/1-3962118652.JPG	a fungus stands upright on a tree trunk.
/home/whx/Dataset/fungitastic-m/train/720p/1-3392600332.JPG	a fungus stands upright.
/home/whx/Dataset/fungitastic-m/train/720p/0-2238470072.JPG	a fungus stands upright.
/home/whx/Dataset/fungitastic-m/test/720p/0-4465882756.JPG	a fungus stands upright.
/home/whx/Dataset/fungitastic-m/train/720p/1-4465864306.JPG	A fungus stands upright among grass and twigs.
/home/whx/Dataset/fungitastic-m/train/720p/2-2238473561.JPG	a fungus stands upright amidst moss.
/home/whx/Dataset/fungitastic-m/train/720p/1-2238497857.JPG	a fungus lies on its side.
/home/whx/Dataset/fungitastic-m/train/720p/2-2238435183.JPG	a fungus is upright.
/home/whx/Dataset/fungitastic-m/train/720p/1-2238472413.JPG	a fungus lies on its side among leaves.
/home/whx/Dataset/fungitastic-m/train/720p/2-2874310477.JPG	a fungus is upright.
/home/whx/Dataset/fungitastic-m/train/720p/7-2238560176.JPG	a fungus held in hand, underside visible.
/home/whx/Dataset/fungitastic-m/train/720p/1-2901937361.JPG	a fungus stands upright among leaves.
/home/whx/Dataset/fungitastic-m/train/720p/4-2238560176.JPG	A fungus stands upright.
/home/whx/Dataset/fungitastic-m/train/720p/1-2238392796.JPG	a fungus lies on its side.
/home/whx/Dataset/fungitastic-m/train/720p/0-2238419467.JPG	a fungus is upright among leaves.
/home/whx/Dataset/fungitastic-m/train/720p/1-2238220729.JPG	a fungus stands upright.
/home/whx/Dataset/fungitastic-m/train/720p/1-2238560176.JPG	A fungus held vertically.
/home/whx/Dataset/fungitastic-m/train/720p/0-2238571497.JPG	a fungus lies on forest floor.
/home/whx/Dataset/fungitastic-m/test/720p/1-4465877350.JPG	a fungus stands upright.
/home/whx/Dataset/fungitastic-m/train/720p/0-3327299338.JPG	a fungus lies flat on the ground.
/home/whx/Dataset/fungitastic-m/train/720p/0-2238435646.JPG	a fungus lies flat on moss.
/home/whx/Dataset/fungitastic-m/train/720p/3-2238561246.JPG	a fungus is lying on its side.
/home/whx/Dataset/fungitastic-m/train/720p/4-2238439410.JPG	A fungus appears to be branching and spreading.
/home/whx/Dataset/fungitastic-m/train/720p/0-2238585166.JPG	A fungus grows upright on a textured surface.
/home/whx/Dataset/fungitastic-m/train/720p/4-2238585207.JPG	a fungus stands upright.
/home/whx/Dataset/fungitastic-m/train/720p/2-2238439410.JPG	a fungus stands upright.
/home/whx/Dataset/fungitastic-m/val/720p/0-3962118466.JPG	a fungus stands upright.
/home/whx/Dataset/fungitastic-m/test/720p/0-4100101321.JPG	A fungus stands upright on a tree trunk.
/home/whx/Dataset/fungitastic-m/train/720p/1-2238582810.JPG	A fungus is growing on a tree trunk.
/home/whx/Dataset/fungitastic-m/train/720p/2-2238585207.JPG	a fungus stands upright.
/home/whx/Dataset/fungitastic-m/train/720p/1-2238571307.JPG	a fungus is resting on a tree trunk.
/home/whx/Dataset/fungitastic-m/train/720p/1-3008830333.JPG	A fungus is growing on the tree trunk.
/home/whx/Dataset/fungitastic-m/test/720p/1-4465892847.JPG	A fungus stands upright, surrounded by moss.
/home/whx/Dataset/fungitastic-m/val/720p/1-3948713410.JPG	A fungus stands upright on moss.
/home/whx/Dataset/fungitastic-m/train/720p/0-2981231428.JPG	A fungus is growing on a tree trunk.
/home/whx/Dataset/fungitastic-m/val/720p/1-3964840491.JPG	a fungus stands upright, slightly curved.
/home/whx/Dataset/fungitastic-m/test/720p/1-4465880054.JPG	a fungus stands upright.
/home/whx/Dataset/fungitastic-m/test/720p/1-4847352424.JPG	a fungus stands upright.
/home/whx/Dataset/fungitastic-m/train/720p/0-3345607312.JPG	a fungus is lying flat.
/home/whx/Dataset/fungitastic-m/val/720p/0-3916268613.JPG	a fungus stands upright in grass.
/home/whx/Dataset/fungitastic-m/train/720p/0-2812990301.JPG	a fungus lies in grass.
/home/whx/Dataset/fungitastic-m/test/720p/0-4169770360.JPG	A fungus lies in grass.
/home/whx/Dataset/fungitastic-m/test/720p/4-4465873970.JPG	A fungus is scattered, with some clumps and individual spores visible.
/home/whx/Dataset/fungitastic-m/train/720p/1-2273188009.JPG	a fungus lies on the ground.
/home/whx/Dataset/fungitastic-m/train/720p/0-2238387412.JPG	a fungus lies flat, cap up.
/home/whx/Dataset/fungitastic-m/train/720p/5-2864912357.JPG	a fungus stands upright.
/home/whx/Dataset/fungitastic-m/train/720p/0-2238151071.JPG	a fungus is split open, revealing its interior.
/home/whx/Dataset/fungitastic-m/train/720p/3-3336950328.JPG	a fungus is growing among leaves.
/home/whx/Dataset/fungitastic-m/train/720p/0-3324331334.JPG	a fungus stands upright in grass.
/home/whx/Dataset/fungitastic-m/train/720p/0-2238558124.JPG	a fungus lies on forest floor.
/home/whx/Dataset/fungitastic-m/train/720p/0-2238152248.JPG	a fungus stands upright.
/home/whx/Dataset/fungitastic-m/val/720p/1-3970588441.JPG	a fungus lies flat, cap spread out.
/home/whx/Dataset/fungitastic-m/train/720p/1-2860303301.JPG	a fungus lies flat on the ground.
/home/whx/Dataset/fungitastic-m/train/720p/2-2238561191.JPG	a fungus stands upright.
/home/whx/Dataset/fungitastic-m/test/720p/0-4465882545.JPG	The fungus appears as small, round, and blue-stained structures scattered across the field of view.
/home/whx/Dataset/fungitastic-m/train/720p/1-2864907311.JPG	a fungus stands upright.
/home/whx/Dataset/fungitastic-m/val/720p/0-3898074324.JPG	a fungus grows upright.
/home/whx/Dataset/fungitastic-m/val/720p/0-3909143436.JPG	a fungus stands upright among leaves.
/home/whx/Dataset/fungitastic-m/val/720p/1-3922624648.JPG	a fungus lies on a leaf.
/home/whx/Dataset/fungitastic-m/train/720p/0-2238276195.JPG	a fungus lies flat on a wooden surface.
/home/whx/Dataset/fungitastic-m/train/720p/2-3392600435.JPG	a fungus lies flat, partially buried in soil.
/home/whx/Dataset/fungitastic-m/test/720p/0-4465872044.JPG	A fungus is branching and elongated.
/home/whx/Dataset/fungitastic-m/train/720p/2-3343236316.JPG	a fungus lies on the forest floor.
/home/whx/Dataset/fungitastic-m/train/720p/1-2238511643.JPG	a fungus lies on soil.
/home/whx/Dataset/fungitastic-m/train/720p/0-2825705302.JPG	a fungus stands upright.
/home/whx/Dataset/fungitastic-m/val/720p/1-3898074324.JPG	a fungus stands upright.
/home/whx/Dataset/fungitastic-m/train/720p/1-2238555447.JPG	a fungus lies on forest floor.
/home/whx/Dataset/fungitastic-m/train/720p/1-3329730308.JPG	a fungus is upright.
/home/whx/Dataset/fungitastic-m/train/720p/1-2238150175.JPG	a fungus lies flat, another is broken.
/home/whx/Dataset/fungitastic-m/val/720p/0-3865754306.JPG	a fungus lies flat on the ground.
/home/whx/Dataset/fungitastic-m/train/720p/1-2868472552.JPG	a fungus stands upright.
/home/whx/Dataset/fungitastic-m/train/720p/1-2238051865.JPG	a fungus stands upright.
/home/whx/Dataset/fungitastic-m/train/720p/0-3340164397.JPG	a fungus stands upright on moss.
/home/whx/Dataset/fungitastic-m/train/720p/1-3399805412.JPG	a fungus stands upright.
/home/whx/Dataset/fungitastic-m/train/720p/2-2864899418.JPG	a fungus stands upright.
/home/whx/Dataset/fungitastic-m/train/720p/1-3343236438.JPG	a fungus lies flat on the ground.
/home/whx/Dataset/fungitastic-m/val/720p/0-3962112616.JPG	a fungus lies flat on forest floor.
/home/whx/Dataset/fungitastic-m/train/720p/2-2238565103.JPG	a fungus stands upright.
/home/whx/Dataset/fungitastic-m/train/720p/1-3345613376.JPG	a fungus lies on forest floor.
/home/whx/Dataset/fungitastic-m/train/720p/3-3336961323.JPG	a fungus lies in grass.
/home/whx/Dataset/fungitastic-m/test/720p/0-4465886433.JPG	a fungus lies horizontally on the forest floor.
/home/whx/Dataset/fungitastic-m/test/720p/0-4465871073.JPG	a fungus grows upright.
/home/whx/Dataset/fungitastic-m/test/720p/0-4169762749.JPG	a fungus stands upright in grass.
/home/whx/Dataset/fungitastic-m/test/720p/0-4465882444.JPG	a fungus held in hand.
/home/whx/Dataset/fungitastic-m/train/720p/0-2238526708.JPG	a fungus stands upright.
/home/whx/Dataset/fungitastic-m/test/720p/2-4465866411.JPG	a fungus lies in grass.
/home/whx/Dataset/fungitastic-m/train/720p/3-2874312351.JPG	a fungus is resting flat.
/home/whx/Dataset/fungitastic-m/train/720p/2-3382571467.JPG	a fungus held upside down.
/home/whx/Dataset/fungitastic-m/val/720p/0-3964847609.JPG	a fungus stands upright.
/home/whx/Dataset/fungitastic-m/train/720p/6-2864907353.JPG	A fungus is drooping.
/home/whx/Dataset/fungitastic-m/val/720p/1-3948715794.JPG	a fungus stands among fallen branches.
/home/whx/Dataset/fungitastic-m/val/720p/0-3968585510.JPG	a fungus lies horizontally amidst moss.
/home/whx/Dataset/fungitastic-m/train/720p/0-2898617348.JPG	a fungus stands upright.
/home/whx/Dataset/fungitastic-m/train/720p/1-2382323447.JPG	a fungus stands upright.
/home/whx/Dataset/fungitastic-m/train/720p/0-2237963164.JPG	a fungus is upright.
/home/whx/Dataset/fungitastic-m/train/720p/1-3386485344.JPG	a fungus stands upright.
/home/whx/Dataset/fungitastic-m/train/720p/0-2427874875.JPG	a fungus stands upright among greenery.
/home/whx/Dataset/fungitastic-m/train/720p/0-2427874086.JPG	a fungus is upright.
/home/whx/Dataset/fungitastic-m/train/720p/0-2238574628.JPG	a fungus stands upright.
/home/whx/Dataset/fungitastic-m/train/720p/0-2238471614.JPG	a fungus lies on forest floor.
/home/whx/Dataset/fungitastic-m/val/720p/0-3898074327.JPG	a fungus lies horizontally among dry grass and leaves.
/home/whx/Dataset/fungitastic-m/test/720p/1-4465885112.JPG	a fungus stands upright.
/home/whx/Dataset/fungitastic-m/train/720p/3-2238188795.JPG	a fungus lies on the ground, partially buried in soil and debris.
/home/whx/Dataset/fungitastic-m/train/720p/0-3386471315.JPG	The fungus is scattered and dispersed.
/home/whx/Dataset/fungitastic-m/train/720p/1-3355981376.JPG	a fungus lies horizontally on forest floor.
/home/whx/Dataset/fungitastic-m/val/720p/2-3925712649.JPG	A fungus is elongated and slender.
/home/whx/Dataset/fungitastic-m/train/720p/0-2238344759.JPG	A fungus is resting on moss.
/home/whx/Dataset/fungitastic-m/train/720p/0-2237913968.JPG	a fungus is bent and curved.
/home/whx/Dataset/fungitastic-m/train/720p/0-2238089216.JPG	a fungus is lying flat with a smaller one standing upright beside it.
/home/whx/Dataset/fungitastic-m/val/720p/4-3944341412.JPG	The fungus is scattered on the forest floor.
/home/whx/Dataset/fungitastic-m/test/720p/1-4465898633.JPG	A fungus lies on forest floor, cap up, stem down.
/home/whx/Dataset/fungitastic-m/train/720p/0-3419925318.JPG	a fungus is lying on its side.
/home/whx/Dataset/fungitastic-m/train/720p/2-4847352216.JPG	a fungus lies on its side.
/home/whx/Dataset/fungitastic-m/train/720p/1-2238089596.JPG	a fungus lies on its side, with its cap partially open.
/home/whx/Dataset/fungitastic-m/val/720p/2-3916262375.JPG	a fungus held upright.
/home/whx/Dataset/fungitastic-m/train/720p/1-2424123435.JPG	a fungus is upright.
/home/whx/Dataset/fungitastic-m/train/720p/0-2237962195.JPG	A fungus lies on a wooden surface, with its cap and stem visible.
/home/whx/Dataset/fungitastic-m/test/720p/0-4465898633.JPG	a fungus lies horizontally on the ground.
/home/whx/Dataset/fungitastic-m/train/720p/1-2421821250.JPG	a fungus stands upright among leaves.
/home/whx/Dataset/fungitastic-m/test/720p/2-4465868947.JPG	a fungus stands upright.
/home/whx/Dataset/fungitastic-m/test/720p/0-4465880539.JPG	a fungus lies flat on a textured surface.
/home/whx/Dataset/fungitastic-m/train/720p/1-2238447543.JPG	a fungus is in a spread-out, almost horizontal position.
/home/whx/Dataset/fungitastic-m/train/720p/6-3399804377.JPG	a fungus lies horizontally among leaves.
/home/whx/Dataset/fungitastic-m/train/720p/0-3340160414.JPG	a fungus lies on its side.
/home/whx/Dataset/fungitastic-m/train/720p/4-2901944328.JPG	a fungus grows upright.
/home/whx/Dataset/fungitastic-m/train/720p/1-2238173497.JPG	A fungus is upright.
/home/whx/Dataset/fungitastic-m/train/720p/1-2238188117.JPG	a fungus is leaning.
/home/whx/Dataset/fungitastic-m/train/720p/1-2864907343.JPG	a fungus is lying flat.
/home/whx/Dataset/fungitastic-m/train/720p/0-2238343747.JPG	a fungus stands upright.
/home/whx/Dataset/fungitastic-m/train/720p/5-3399804377.JPG	a fungus lies horizontally among leaves.
/home/whx/Dataset/fungitastic-m/test/720p/5-4465895386.JPG	a fungus lies on its side.
/home/whx/Dataset/fungitastic-m/test/720p/1-4465898834.JPG	a fungus lies flat, stem and cap spread out.
/home/whx/Dataset/fungitastic-m/train/720p/1-2981237363.JPG	a fungus stands upright.
/home/whx/Dataset/fungitastic-m/train/720p/2-2237921149.JPG	a fungus lies flat, cap up.
/home/whx/Dataset/fungitastic-m/train/720p/1-3320502330.JPG	a fungus stands upright.
/home/whx/Dataset/fungitastic-m/train/720p/2-3320492336.JPG	A fungus is upright.
/home/whx/Dataset/fungitastic-m/val/720p/1-3962115337.JPG	a fungus lies on the ground, partially covered by grass and leaves.
/home/whx/Dataset/fungitastic-m/train/720p/1-2382324755.JPG	a fungus lies on the ground, partially broken.
/home/whx/Dataset/fungitastic-m/train/720p/0-2238217295.JPG	A fungus is upright with gills visible.
/home/whx/Dataset/fungitastic-m/train/720p/1-2238555990.JPG	a fungus lies flat, cap up.
/home/whx/Dataset/fungitastic-m/train/720p/1-2238568962.JPG	a fungus lies on a weathered wooden surface.
/home/whx/Dataset/fungitastic-m/train/720p/0-2816367319.JPG	a fungus lies flat, partially torn.
/home/whx/Dataset/fungitastic-m/train/720p/2-3327313328.JPG	a fungus lies on its side in the grass.
/home/whx/Dataset/fungitastic-m/train/720p/0-2237959386.JPG	a fungus lies flat on grass.
/home/whx/Dataset/fungitastic-m/test/720p/0-4169766379.JPG	a fungus lies on forest floor, partially broken.
/home/whx/Dataset/fungitastic-m/train/720p/1-3324324301.JPG	a fungus lies horizontally on the forest floor.
/home/whx/Dataset/fungitastic-m/train/720p/1-2382320275.JPG	a fungus lies on forest floor, cap up, stem down.
/home/whx/Dataset/fungitastic-m/train/720p/0-3327314338.JPG	a fungus lies on forest floor.
/home/whx/Dataset/fungitastic-m/train/720p/1-3355974398.JPG	a fungus stands upright.
/home/whx/Dataset/fungitastic-m/train/720p/1-2238217295.JPG	a fungus stands upright.
/home/whx/Dataset/fungitastic-m/train/720p/0-2238417791.JPG	a fungus stands upright.
/home/whx/Dataset/fungitastic-m/train/720p/0-2237956805.JPG	a fungus stands upright on a decaying log.
/home/whx/Dataset/fungitastic-m/train/720p/0-2864904387.JPG	a fungus stands upright.
/home/whx/Dataset/fungitastic-m/train/720p/1-2383043358.JPG	a fungus stands upright.
/home/whx/Dataset/fungitastic-m/val/720p/0-3925711863.JPG	a fungus stands upright amidst moss.
/home/whx/Dataset/fungitastic-m/test/720p/0-4169757965.JPG	a fungus stands upright.
/home/whx/Dataset/fungitastic-m/train/720p/0-2238552680.JPG	a fungus grows amidst moss.
/home/whx/Dataset/fungitastic-m/train/720p/1-2265771753.JPG	a fungus stands upright.
/home/whx/Dataset/fungitastic-m/val/720p/1-3916265513.JPG	a fungus stands upright.
/home/whx/Dataset/fungitastic-m/train/720p/0-2238331597.JPG	a fungus: curved, upright.
/home/whx/Dataset/fungitastic-m/train/720p/2-3126950317.JPG	a fungus stands upright.
/home/whx/Dataset/fungitastic-m/test/720p/1-4465906437.JPG	a fungus lies horizontally amidst grass.
/home/whx/Dataset/fungitastic-m/val/720p/0-3795123313.JPG	a fungus stands upright.
/home/whx/Dataset/fungitastic-m/train/720p/0-2238467443.JPG	a fungus stands upright.
/home/whx/Dataset/fungitastic-m/val/720p/0-3922623448.JPG	a fungus stands upright.
/home/whx/Dataset/fungitastic-m/train/720p/0-2383041921.JPG	a fungus stands upright amidst moss.
/home/whx/Dataset/fungitastic-m/train/720p/1-3380891341.JPG	a fungus is upright.
/home/whx/Dataset/fungitastic-m/train/720p/1-2421822397.JPG	a fungus stands upright in grass.
/home/whx/Dataset/fungitastic-m/train/720p/1-2421822545.JPG	a fungus lies in grass.
/home/whx/Dataset/fungitastic-m/val/720p/0-4100092420.JPG	a fungus lies horizontally among greenery.
/home/whx/Dataset/fungitastic-m/test/720p/0-4465893654.JPG	a fungus lies on its side, cap up.
/home/whx/Dataset/fungitastic-m/train/720p/0-2237914538.JPG	A fungus is lying horizontally.
/home/whx/Dataset/fungitastic-m/train/720p/0-2238467122.JPG	a fungus is lying on its side.
/home/whx/Dataset/fungitastic-m/train/720p/0-2818067351.JPG	a fungus lies on grass, partially buried.
/home/whx/Dataset/fungitastic-m/test/720p/0-4465909525.JPG	A fungus is held in a hand, split into two views: one showing the underside and the other the top.
/home/whx/Dataset/fungitastic-m/train/720p/0-2238498151.JPG	a fungus lies on grass, broken.
/home/whx/Dataset/fungitastic-m/train/720p/0-2868483355.JPG	a fungus lies on the ground.
/home/whx/Dataset/fungitastic-m/train/720p/0-2237927948.JPG	a fungus is upright, another is lying down.
/home/whx/Dataset/fungitastic-m/train/720p/1-2238169822.JPG	a fungus is lying on its side.
/home/whx/Dataset/fungitastic-m/train/720p/0-2238049703.JPG	a fungus lies in grass.
/home/whx/Dataset/fungitastic-m/train/720p/1-2238525721.JPG	a fungus lies curved on a wooden surface.
/home/whx/Dataset/fungitastic-m/train/720p/0-2821597318.JPG	a fungus is growing upright in soil.
/home/whx/Dataset/fungitastic-m/train/720p/0-2864909414.JPG	a fungus lies on grass.
/home/whx/Dataset/fungitastic-m/train/720p/0-2238471027.JPG	a fungus is upright with a white stem and a brown cap.
/home/whx/Dataset/fungitastic-m/test/720p/0-4465868915.JPG	A fungus is growing upright in the grass.
/home/whx/Dataset/fungitastic-m/train/720p/3-2238576642.JPG	a fungus stands upright.
/home/whx/Dataset/fungitastic-m/train/720p/0-2238215836.JPG	a fungus lies on grass.
/home/whx/Dataset/fungitastic-m/test/720p/2-4465872046.JPG	a fungus lies in grass.
/home/whx/Dataset/fungitastic-m/train/720p/0-2238148460.JPG	A fungus is curled.
/home/whx/Dataset/fungitastic-m/train/720p/0-2332527995.JPG	a fungus held in hand, underside visible.
/home/whx/Dataset/fungitastic-m/train/720p/1-2238576642.JPG	A fungus is lying flat on a surface.
/home/whx/Dataset/fungitastic-m/train/720p/1-2874309310.JPG	a fungus stands upright.
/home/whx/Dataset/fungitastic-m/train/720p/0-2238579108.JPG	a fungus stands upright among others.
/home/whx/Dataset/fungitastic-m/train/720p/0-2862684334.JPG	A fungus lies flat, cap up, with stem and cap separated.
/home/whx/Dataset/fungitastic-m/train/720p/0-2238469533.JPG	a fungus is upright.
/home/whx/Dataset/fungitastic-m/train/720p/0-2238219248.JPG	a fungus lies on forest floor.
/home/whx/Dataset/fungitastic-m/train/720p/0-3343241376.JPG	a fungus lies on the forest floor.
/home/whx/Dataset/fungitastic-m/train/720p/2-2964220423.JPG	a fungus stands upright.
/home/whx/Dataset/fungitastic-m/train/720p/1-2901934570.JPG	a fungus lies flat on forest floor.
/home/whx/Dataset/fungitastic-m/train/720p/0-2237927189.JPG	a fungus is lying flat.
/home/whx/Dataset/fungitastic-m/train/720p/0-2883254517.JPG	a fungus stands upright with a curved, almost human-like posture.
/home/whx/Dataset/fungitastic-m/train/720p/0-3018979317.JPG	a fungus stands upright among leaves.
/home/whx/Dataset/fungitastic-m/train/720p/0-2427873630.JPG	a fungus lies flat on the forest floor.
/home/whx/Dataset/fungitastic-m/train/720p/1-2417206004.JPG	a fungus lies flat on forest floor.
/home/whx/Dataset/fungitastic-m/test/720p/0-4465901408.JPG	a fungus lies among autumn leaves.
/home/whx/Dataset/fungitastic-m/train/720p/0-2425492056.JPG	a fungus is upright among leaves.
/home/whx/Dataset/fungitastic-m/train/720p/5-2446759892.JPG	a fungus is leaning.
/home/whx/Dataset/fungitastic-m/train/720p/1-2238524036.JPG	a fungus held upright.
/home/whx/Dataset/fungitastic-m/train/720p/0-2449443403.JPG	a fungus stands upright.
/home/whx/Dataset/fungitastic-m/train/720p/1-2237940332.JPG	a fungus lies on a plate with debris.
/home/whx/Dataset/fungitastic-m/train/720p/0-2425494189.JPG	A fungus stands upright among fallen leaves.
/home/whx/Dataset/fungitastic-m/train/720p/0-2458346715.JPG	a fungus lies scattered on the ground.
/home/whx/Dataset/fungitastic-m/train/720p/0-2238524614.JPG	A fungus lies on forest floor.
/home/whx/Dataset/fungitastic-m/train/720p/0-2237940184.JPG	a fungus is upright.
/home/whx/Dataset/fungitastic-m/val/720p/0-3964843572.JPG	a fungus stands upright among leaves and wood.
/home/whx/Dataset/fungitastic-m/train/720p/1-2818073301.JPG	a fungus lies on moss.
/home/whx/Dataset/fungitastic-m/train/720p/0-2238565728.JPG	a fungus stands upright among fallen leaves.
/home/whx/Dataset/fungitastic-m/train/720p/0-2238498775.JPG	a fungus is upright.
/home/whx/Dataset/fungitastic-m/train/720p/2-2238568138.JPG	a fungus lies horizontally on forest floor.
/home/whx/Dataset/fungitastic-m/train/720p/1-3392608327.JPG	a fungus leans on a log.
/home/whx/Dataset/fungitastic-m/train/720p/0-2238422634.JPG	a fungus stands upright.
/home/whx/Dataset/fungitastic-m/train/720p/0-3343239312.JPG	a fungus stands upright among leaves.
/home/whx/Dataset/fungitastic-m/train/720p/0-2238557312.JPG	a fungus lies horizontally on the forest floor.
/home/whx/Dataset/fungitastic-m/val/720p/0-3925718787.JPG	A fungus stands upright among autumn leaves.
/home/whx/Dataset/fungitastic-m/train/720p/0-2238328596.JPG	a fungus is upright.
/home/whx/Dataset/fungitastic-m/train/720p/3-3332300312.JPG	A fungus is clustered and spread out.
/home/whx/Dataset/fungitastic-m/train/720p/0-2238592737.JPG	a fungus is leaning.
/home/whx/Dataset/fungitastic-m/train/720p/0-2883271495.JPG	a fungus lies flat on the ground.
/home/whx/Dataset/fungitastic-m/train/720p/0-2238389994.JPG	a fungus lies flat, with a coin for scale.
/home/whx/Dataset/fungitastic-m/train/720p/6-2238497568.JPG	a fungus stands upright in grass.
/home/whx/Dataset/fungitastic-m/train/720p/0-2237903084.JPG	a fungus lies flat on a wooden surface.
/home/whx/Dataset/fungitastic-m/val/720p/0-3944341564.JPG	A fungus is resting on autumn leaves.
/home/whx/Dataset/fungitastic-m/train/720p/0-2238470958.JPG	a fungus stands upright on forest floor.
/home/whx/Dataset/fungitastic-m/train/720p/1-2238221778.JPG	a fungus lies on its side.
/home/whx/Dataset/fungitastic-m/train/720p/0-3343237333.JPG	a fungus stands upright.
/home/whx/Dataset/fungitastic-m/val/720p/1-4100094565.JPG	a fungus is lying flat.
/home/whx/Dataset/fungitastic-m/train/720p/0-2238152215.JPG	a fungus is lying on the ground.
/home/whx/Dataset/fungitastic-m/train/720p/1-2238470958.JPG	a fungus stands upright among debris.
/home/whx/Dataset/fungitastic-m/train/720p/0-2238385900.JPG	a fungus stands upright.
/home/whx/Dataset/fungitastic-m/train/720p/0-2238500883.JPG	a fungus lies horizontally on the ground.
/home/whx/Dataset/fungitastic-m/train/720p/1-2238159733.JPG	a fungus is partially eaten, lying on moss.
/home/whx/Dataset/fungitastic-m/train/720p/0-2237913830.JPG	a fungus stands upright.
/home/whx/Dataset/fungitastic-m/train/720p/1-2238213889.JPG	a fungus is lying flat.
/home/whx/Dataset/fungitastic-m/train/720p/0-2237963461.JPG	a fungus stands upright.
/home/whx/Dataset/fungitastic-m/train/720p/1-2238386811.JPG	a fungus lies on grass, cap and stem separated.
/home/whx/Dataset/fungitastic-m/train/720p/1-2238215698.JPG	a fungus stands upright.
/home/whx/Dataset/fungitastic-m/train/720p/0-3410057348.JPG	a fungus stands upright among grass.
/home/whx/Dataset/fungitastic-m/train/720p/0-2238556010.JPG	A fungus is scattered on the grass.
/home/whx/Dataset/fungitastic-m/train/720p/0-3380893455.JPG	a fungus stands upright.
/home/whx/Dataset/fungitastic-m/val/720p/0-3948713654.JPG	A fungus is curled and layered.
/home/whx/Dataset/fungitastic-m/train/720p/2-2238569681.JPG	a fungus stands upright in grass.
/home/whx/Dataset/fungitastic-m/train/720p/3-2430663801.JPG	A fungus is scattered, oval-shaped, and embedded in a textured surface.
/home/whx/Dataset/fungitastic-m/train/720p/0-2430665736.JPG	a fungus is upright.
/home/whx/Dataset/fungitastic-m/val/720p/0-3948709702.JPG	a fungus stands upright among greenery.
/home/whx/Dataset/fungitastic-m/train/720p/2-2238577229.JPG	a fungus resting on a hand.
/home/whx/Dataset/fungitastic-m/train/720p/0-2238355679.JPG	A fungus stands upright among moss and twigs.
/home/whx/Dataset/fungitastic-m/train/720p/0-2238574007.JPG	a fungus held in a hand.
/home/whx/Dataset/fungitastic-m/train/720p/0-2238579873.JPG	a fungus stands upright in the grass.
/home/whx/Dataset/fungitastic-m/train/720p/0-2238514806.JPG	A fungus stands upright in sandy soil.
/home/whx/Dataset/fungitastic-m/train/720p/0-2427873638.JPG	a fungus stands upright in the sand.
/home/whx/Dataset/fungitastic-m/train/720p/5-2238561067.JPG	a fungus stands upright in grass.
/home/whx/Dataset/fungitastic-m/val/720p/2-3968582402.JPG	A fungus stands upright in grass.
/home/whx/Dataset/fungitastic-m/val/720p/0-3970590418.JPG	a fungus lies flat on the grass.
/home/whx/Dataset/fungitastic-m/train/720p/1-2238529031.JPG	a fungus stands upright.
/home/whx/Dataset/fungitastic-m/train/720p/0-2237940693.JPG	a fungus is upright, another is lying flat, and the third is partially buried.
/home/whx/Dataset/fungitastic-m/val/720p/2-3964840407.JPG	a fungus stands upright in grass.
/home/whx/Dataset/fungitastic-m/test/720p/0-4465900732.JPG	a fungus stands upright.
/home/whx/Dataset/fungitastic-m/train/720p/0-2238396228.JPG	a fungus stands upright.
/home/whx/Dataset/fungitastic-m/train/720p/0-3392608332.JPG	A fungus is growing in a cluster on grass.
/home/whx/Dataset/fungitastic-m/val/720p/1-3460235317.JPG	a fungus stands upright.
/home/whx/Dataset/fungitastic-m/train/720p/0-2986400302.JPG	a fungus lies flat, cap up.
/home/whx/Dataset/fungitastic-m/train/720p/0-3399815412.JPG	a fungus lies flat, cap spread wide.
/home/whx/Dataset/fungitastic-m/train/720p/1-2238390725.JPG	A fungus is held upright by a hand.
/home/whx/Dataset/fungitastic-m/train/720p/0-2238456950.JPG	a fungus stands upright in grass.
/home/whx/Dataset/fungitastic-m/train/720p/0-2238184174.JPG	a fungus lies on its side.
/home/whx/Dataset/fungitastic-m/test/720p/0-4465874396.JPG	A fungus stands upright among greenery.
/home/whx/Dataset/fungitastic-m/train/720p/0-2237935317.JPG	a fungus lies flat, another stands upright.
/home/whx/Dataset/fungitastic-m/train/720p/0-3392598305.JPG	a fungus lies horizontally on the ground.
/home/whx/Dataset/fungitastic-m/val/720p/1-3916266467.JPG	A fungus is upright, with gills visible.
/home/whx/Dataset/fungitastic-m/train/720p/1-3386487372.JPG	a fungus stands amidst fallen leaves.
/home/whx/Dataset/fungitastic-m/train/720p/0-2862692347.JPG	a fungus lies horizontally.
/home/whx/Dataset/fungitastic-m/train/720p/2-3382564330.JPG	a fungus is upright.
/home/whx/Dataset/fungitastic-m/train/720p/0-2238427650.JPG	a fungus stands upright.
/home/whx/Dataset/fungitastic-m/train/720p/3-3386473362.JPG	a fungus lies horizontally on forest floor.
/home/whx/Dataset/fungitastic-m/train/720p/0-2901952465.JPG	a fungus lies flat among autumn leaves.
/home/whx/Dataset/fungitastic-m/train/720p/2-2238529394.JPG	a fungus is upright.
/home/whx/Dataset/fungitastic-m/train/720p/0-2238482163.JPG	a fungus is upright.
/home/whx/Dataset/fungitastic-m/val/720p/0-3916265639.JPG	a fungus is upright.
/home/whx/Dataset/fungitastic-m/train/720p/0-2868484327.JPG	a fungus held upside down.
/home/whx/Dataset/fungitastic-m/train/720p/0-3340169330.JPG	a fungus stands upright amidst debris.
/home/whx/Dataset/fungitastic-m/train/720p/0-4847342460.JPG	a fungus lies on moss, partially covered by grass.
/home/whx/Dataset/fungitastic-m/train/720p/0-2238566422.JPG	a fungus is lying on the ground.
/home/whx/Dataset/fungitastic-m/train/720p/0-2238519145.JPG	a fungus is upright.
/home/whx/Dataset/fungitastic-m/val/720p/1-3968582525.JPG	a fungus is upright.
/home/whx/Dataset/fungitastic-m/train/720p/1-2238579294.JPG	a fungus stands upright.
/home/whx/Dataset/fungitastic-m/train/720p/0-2238469464.JPG	a fungus stands upright.
/home/whx/Dataset/fungitastic-m/val/720p/0-3944341621.JPG	a fungus stands upright.
/home/whx/Dataset/fungitastic-m/val/720p/3-3944340710.JPG	a fungus held upright.
/home/whx/Dataset/fungitastic-m/train/720p/3-2868480382.JPG	a fungus lies in grass.
/home/whx/Dataset/fungitastic-m/test/720p/0-4465891628.JPG	a fungus lies horizontally on moss.
/home/whx/Dataset/fungitastic-m/train/720p/0-2238524315.JPG	A fungus lies flat, cap up, with a ruler measuring its height.
/home/whx/Dataset/fungitastic-m/val/720p/1-3925717684.JPG	a fungus lies horizontally in grass.
/home/whx/Dataset/fungitastic-m/train/720p/2-2427874315.JPG	A fungus stands upright amidst forest debris.
/home/whx/Dataset/fungitastic-m/train/720p/0-2238569490.JPG	a fungus stands upright.
/home/whx/Dataset/fungitastic-m/train/720p/0-2238574248.JPG	a fungus lies horizontally on the forest floor.
/home/whx/Dataset/fungitastic-m/train/720p/1-2238579263.JPG	a fungus held in hand.
/home/whx/Dataset/fungitastic-m/train/720p/0-2874307322.JPG	a fungus stands upright.
/home/whx/Dataset/fungitastic-m/train/720p/3-2981229456.JPG	a fungus stands upright.
/home/whx/Dataset/fungitastic-m/train/720p/1-2238576936.JPG	a fungus is upright.
/home/whx/Dataset/fungitastic-m/test/720p/1-4169760140.JPG	a fungus lies in grass.
/home/whx/Dataset/fungitastic-m/train/720p/4-3380887377.JPG	a fungus lies on forest floor.
/home/whx/Dataset/fungitastic-m/train/720p/0-2424121949.JPG	a fungus lies horizontally on the ground.
/home/whx/Dataset/fungitastic-m/test/720p/1-4465876982.JPG	a fungus lies on forest floor, cap up, stem down.
/home/whx/Dataset/fungitastic-m/train/720p/0-2237929842.JPG	a fungus is upright with a white stem and light brown cap, surrounded by fallen leaves.
/home/whx/Dataset/fungitastic-m/train/720p/0-3382578401.JPG	a fungus lies horizontally among leaves.
/home/whx/Dataset/fungitastic-m/train/720p/0-2868485536.JPG	a fungus stands amidst fallen leaves.
/home/whx/Dataset/fungitastic-m/test/720p/1-4465895181.JPG	a fungus stands upright among leaves.
/home/whx/Dataset/fungitastic-m/train/720p/0-2424122148.JPG	a fungus stands upright.
/home/whx/Dataset/fungitastic-m/train/720p/0-2238422433.JPG	a fungus stands upright amidst forest debris.
/home/whx/Dataset/fungitastic-m/test/720p/3-4465893879.JPG	a fungus is lying on its side.
/home/whx/Dataset/fungitastic-m/test/720p/0-4465892508.JPG	a fungus lies amidst fallen leaves.
/home/whx/Dataset/fungitastic-m/val/720p/1-3922627345.JPG	a fungus is upright.
/home/whx/Dataset/fungitastic-m/val/720p/0-3925716781.JPG	a fungus held in hand.
/home/whx/Dataset/fungitastic-m/test/720p/0-4465871086.JPG	a fungus lies horizontally on moss.
/home/whx/Dataset/fungitastic-m/test/720p/0-4465888580.JPG	a fungus lies horizontally on forest floor.
/home/whx/Dataset/fungitastic-m/test/720p/1-4465871086.JPG	a fungus lies on moss.
/home/whx/Dataset/fungitastic-m/train/720p/0-3343239319.JPG	a fungus is upright with a white cap and gills.
/home/whx/Dataset/fungitastic-m/train/720p/0-2862697419.JPG	a fungus lies horizontally on the forest floor.
/home/whx/Dataset/fungitastic-m/test/720p/2-4465897461.JPG	The fungus appears as scattered, spherical structures with a central dark spot.
/home/whx/Dataset/fungitastic-m/test/720p/3-4465899843.JPG	a fungus lies horizontally in grass.
/home/whx/Dataset/fungitastic-m/train/720p/0-2238284424.JPG	a fungus lies in grass, cap slightly open.
/home/whx/Dataset/fungitastic-m/val/720p/0-3913253644.JPG	a fungus stands upright, another lies horizontally.
/home/whx/Dataset/fungitastic-m/val/720p/1-3898078405.JPG	a fungus stands upright.
/home/whx/Dataset/fungitastic-m/train/720p/1-2238564074.JPG	a fungus lies in grass.
/home/whx/Dataset/fungitastic-m/train/720p/0-3345611402.JPG	a fungus stands upright in grass.
/home/whx/Dataset/fungitastic-m/val/720p/0-3880789322.JPG	a fungus lies on moss.
/home/whx/Dataset/fungitastic-m/test/720p/2-4169759294.JPG	A fungus lies horizontally on the ground.
/home/whx/Dataset/fungitastic-m/train/720p/2-3327303346.JPG	a fungus lies horizontally on forest floor.
/home/whx/Dataset/fungitastic-m/train/720p/2-2421823186.JPG	A fungus is scattered across the grass.
/home/whx/Dataset/fungitastic-m/test/720p/1-4465870001.JPG	a fungus stands upright.
/home/whx/Dataset/fungitastic-m/train/720p/1-2821605339.JPG	a fungus lies flat on forest floor.
/home/whx/Dataset/fungitastic-m/train/720p/0-2238509250.JPG	a fungus lies on its side.
/home/whx/Dataset/fungitastic-m/train/720p/0-2425494192.JPG	a fungus is leaning against a stick.
/home/whx/Dataset/fungitastic-m/train/720p/0-2238438738.JPG	A fungus is branching and spreading.
/home/whx/Dataset/fungitastic-m/test/720p/2-4465898593.JPG	a fungus stands upright.
/home/whx/Dataset/fungitastic-m/train/720p/1-2964208458.JPG	a fungus is growing on a rock.
/home/whx/Dataset/fungitastic-m/train/720p/1-3014631377.JPG	A fungus is branching and spreading.
/home/whx/Dataset/fungitastic-m/test/720p/2-4465873084.JPG	A fungus is upright and small.
/home/whx/Dataset/fungitastic-m/train/720p/2-2964208458.JPG	a fungus grows near a tree hole.
/home/whx/Dataset/fungitastic-m/test/720p/2-4465905320.JPG	A fungus is extending tendrils.
/home/whx/Dataset/fungitastic-m/train/720p/0-2238146145.JPG	a fungus is small and delicate, resting on a leaf.
/home/whx/Dataset/fungitastic-m/train/720p/1-2238586616.JPG	a fungus is upright.
/home/whx/Dataset/fungitastic-m/train/720p/1-2868472315.JPG	a fungus grows upright.
/home/whx/Dataset/fungitastic-m/train/720p/0-2812989309.JPG	a fungus stands upright.
/home/whx/Dataset/fungitastic-m/train/720p/0-2238528968.JPG	a fungus stands upright, curved stem.
/home/whx/Dataset/fungitastic-m/val/720p/4-3964841495.JPG	a fungus stands upright.
/home/whx/Dataset/fungitastic-m/val/720p/1-3962116596.JPG	a fungus stands upright.
/home/whx/Dataset/fungitastic-m/val/720p/2-3962114453.JPG	a fungus grows from a tree stump.
/home/whx/Dataset/fungitastic-m/train/720p/0-3329724354.JPG	The fungus appears as spherical spores with a size range of 6.7-7.9 x 5.4-6.2 µm, with an average size of 7.3 x 5.7 µm.
/home/whx/Dataset/fungitastic-m/test/720p/0-4169770656.JPG	a fungus lies flat on the ground.
/home/whx/Dataset/fungitastic-m/train/720p/0-2238563036.JPG	A fungus is held in a hand, showing both the cap and stem.
/home/whx/Dataset/fungitastic-m/train/720p/0-3329736312.JPG	a fungus is lying on the ground.
/home/whx/Dataset/fungitastic-m/test/720p/1-4465870077.JPG	a fungus lies flat on the ground.
/home/whx/Dataset/fungitastic-m/train/720p/0-2238216881.JPG	a fungus lies on forest floor.
/home/whx/Dataset/fungitastic-m/train/720p/1-2812984312.JPG	a fungus stands upright.
/home/whx/Dataset/fungitastic-m/test/720p/0-4465864520.JPG	A fungus stands upright amidst fallen leaves.
/home/whx/Dataset/fungitastic-m/train/720p/0-3334602348.JPG	a fungus stands upright, slightly leaning.
/home/whx/Dataset/fungitastic-m/test/720p/1-4465861769.JPG	a fungus lies flat on the ground.
/home/whx/Dataset/fungitastic-m/train/720p/0-2238556491.JPG	a fungus is resting on a log.
/home/whx/Dataset/fungitastic-m/train/720p/0-2237960907.JPG	a fungus: upright, one split.
/home/whx/Dataset/fungitastic-m/val/720p/2-3880801321.JPG	a fungus is partially buried in soil.
/home/whx/Dataset/fungitastic-m/train/720p/2-2351007293.JPG	a fungus is curled and broken.
/home/whx/Dataset/fungitastic-m/test/720p/1-4465865097.JPG	a fungus is upright.
/home/whx/Dataset/fungitastic-m/train/720p/0-2238591896.JPG	a fungus lies on forest floor.
/home/whx/Dataset/fungitastic-m/train/720p/2-2981239414.JPG	A fungus stands upright.
/home/whx/Dataset/fungitastic-m/train/720p/2-4465865322.JPG	a fungus grows on decaying wood.
/home/whx/Dataset/fungitastic-m/train/720p/2-2999560330.JPG	a fungus stands upright.
/home/whx/Dataset/fungitastic-m/train/720p/1-2238197354.JPG	a fungus stands upright on a log.
/home/whx/Dataset/fungitastic-m/test/720p/3-4100096512.JPG	A fungus stands upright on a mossy log.
/home/whx/Dataset/fungitastic-m/train/720p/3-3027634356.JPG	A fungus stands upright, supported by a slender stem.
/home/whx/Dataset/fungitastic-m/train/720p/0-3052846308.JPG	a fungus grows on a branch.
/home/whx/Dataset/fungitastic-m/train/720p/4-2458347944.JPG	a fungus is growing on a tree branch.
/home/whx/Dataset/fungitastic-m/test/720p/3-4100096378.JPG	A fungus is clustered and spread out.
/home/whx/Dataset/fungitastic-m/train/720p/0-2238535089.JPG	A fungus is elongated and branching.
/home/whx/Dataset/fungitastic-m/train/720p/1-2430665696.JPG	a fungus stands upright.
/home/whx/Dataset/fungitastic-m/train/720p/0-2238361864.JPG	a fungus stands upright.
/home/whx/Dataset/fungitastic-m/train/720p/0-4847340413.JPG	a fungus stands upright on moss.
/home/whx/Dataset/fungitastic-m/train/720p/1-2238531366.JPG	A fungus stands upright on a leaf.
/home/whx/Dataset/fungitastic-m/train/720p/0-2238343458.JPG	a fungus stands upright.
/home/whx/Dataset/fungitastic-m/train/720p/0-2901936435.JPG	a fungus stands upright.
/home/whx/Dataset/fungitastic-m/val/720p/0-3922627708.JPG	A fungus stands upright, gills visible.
/home/whx/Dataset/fungitastic-m/train/720p/1-2883272539.JPG	a fungus lies on forest floor.
/home/whx/Dataset/fungitastic-m/train/720p/0-2238560143.JPG	a fungus is resting on soil.
/home/whx/Dataset/fungitastic-m/train/720p/0-2382320239.JPG	a fungus lies flat on the ground.
/home/whx/Dataset/fungitastic-m/train/720p/0-2237917837.JPG	a fungus is growing upright among leaves.
/home/whx/Dataset/fungitastic-m/train/720p/1-3340171370.JPG	a fungus is lying on its side.
/home/whx/Dataset/fungitastic-m/train/720p/1-2238221015.JPG	a fungus lies flat, cap up.
/home/whx/Dataset/fungitastic-m/train/720p/0-2382324717.JPG	a fungus lies flat in the grass.
/home/whx/Dataset/fungitastic-m/train/720p/0-3329722357.JPG	a fungus lies on forest floor.
/home/whx/Dataset/fungitastic-m/train/720p/0-2238472501.JPG	A fungus is scattered, with some clustered.
/home/whx/Dataset/fungitastic-m/train/720p/1-2237965020.JPG	a fungus is lying flat.
/home/whx/Dataset/fungitastic-m/train/720p/0-2868469485.JPG	a fungus stands upright.
/home/whx/Dataset/fungitastic-m/val/720p/1-3899713324.JPG	a fungus held in hand.
/home/whx/Dataset/fungitastic-m/train/720p/1-2238566582.JPG	a fungus stands upright.
/home/whx/Dataset/fungitastic-m/train/720p/0-3329718339.JPG	a fungus lies on forest floor.
/home/whx/Dataset/fungitastic-m/val/720p/2-3916266400.JPG	a fungus is resting on soil.
/home/whx/Dataset/fungitastic-m/test/720p/0-4465894825.JPG	a fungus lies flat, cap up.
/home/whx/Dataset/fungitastic-m/test/720p/0-4465895458.JPG	a fungus stands upright.
/home/whx/Dataset/fungitastic-m/train/720p/0-2237920205.JPG	a fungus lies on a wooden surface, partially cut.
/home/whx/Dataset/fungitastic-m/train/720p/0-2238093307.JPG	a fungus lies among fallen leaves.
/home/whx/Dataset/fungitastic-m/train/720p/1-2868475394.JPG	a fungus held between fingers.
/home/whx/Dataset/fungitastic-m/val/720p/2-3909141405.JPG	a fungus is lying on the ground.
/home/whx/Dataset/fungitastic-m/train/720p/1-3380895372.JPG	a fungus stands upright.
/home/whx/Dataset/fungitastic-m/val/720p/0-3948715736.JPG	a fungus lies on leaves.
/home/whx/Dataset/fungitastic-m/test/720p/0-4465901523.JPG	a fungus lies horizontally among leaves.
/home/whx/Dataset/fungitastic-m/train/720p/0-2238214490.JPG	a fungus lies in grass.
/home/whx/Dataset/fungitastic-m/test/720p/0-4169769555.JPG	a fungus lies among leaves.
/home/whx/Dataset/fungitastic-m/train/720p/0-3392615333.JPG	a fungus lies among leaves.
/home/whx/Dataset/fungitastic-m/test/720p/1-4465867093.JPG	a fungus is resting on forest floor.
/home/whx/Dataset/fungitastic-m/train/720p/0-2430665992.JPG	A fungus held in a hand.
/home/whx/Dataset/fungitastic-m/train/720p/1-3382564447.JPG	a fungus stands upright.
/home/whx/Dataset/fungitastic-m/train/720p/0-3358361496.JPG	a fungus stands upright.
/home/whx/Dataset/fungitastic-m/train/720p/1-2238354529.JPG	a fungus is upright with a smaller one leaning against it.
/home/whx/Dataset/fungitastic-m/test/720p/2-4465900792.JPG	A fungus stands upright amidst moss.
/home/whx/Dataset/fungitastic-m/train/720p/1-2452380538.JPG	The fungus appears as small, oval structures scattered across the field.
/home/whx/Dataset/fungitastic-m/train/720p/2-2238438991.JPG	a fungus stands upright.
/home/whx/Dataset/fungitastic-m/train/720p/1-4847352119.JPG	A fungus stands upright.
/home/whx/Dataset/fungitastic-m/train/720p/0-4847352119.JPG	A fungus stands upright in grass.
/home/whx/Dataset/fungitastic-m/train/720p/1-2238533067.JPG	a fungus stands upright on a mossy surface.
/home/whx/Dataset/fungitastic-m/train/720p/0-2446759476.JPG	A fungus stands upright among grass and plants.
/home/whx/Dataset/fungitastic-m/train/720p/1-3412519301.JPG	a fungus is growing on a branch.
/home/whx/Dataset/fungitastic-m/test/720p/2-4100098819.JPG	a fungus is lying horizontally.
/home/whx/Dataset/fungitastic-m/train/720p/0-2238581853.JPG	a fungus stands upright.
/home/whx/Dataset/fungitastic-m/train/720p/0-3395913385.JPG	A fungus stands upright among moss.
/home/whx/Dataset/fungitastic-m/train/720p/1-2512875508.JPG	A fungus is scattered among twigs and needles.
/home/whx/Dataset/fungitastic-m/train/720p/1-2238484528.JPG	A fungus is upright with a delicate cap.
/home/whx/Dataset/fungitastic-m/test/720p/0-4465900417.JPG	A fungus is growing on a mossy branch.
/home/whx/Dataset/fungitastic-m/train/720p/2-3412519301.JPG	a fungus stands upright amidst moss.
/home/whx/Dataset/fungitastic-m/train/720p/2-2986398308.JPG	a fungus lies flat on the ground.
/home/whx/Dataset/fungitastic-m/train/720p/1-2883254428.JPG	a fungus stands upright.
/home/whx/Dataset/fungitastic-m/train/720p/1-2898623420.JPG	a fungus stands upright.
/home/whx/Dataset/fungitastic-m/train/720p/0-2874314516.JPG	a fungus lies on its side.
/home/whx/Dataset/fungitastic-m/val/720p/0-3925713675.JPG	a fungus lies horizontally on the ground.
/home/whx/Dataset/fungitastic-m/train/720p/0-2238581382.JPG	a fungus is pleated.
/home/whx/Dataset/fungitastic-m/train/720p/0-2427873381.JPG	a fungus is upright.
/home/whx/Dataset/fungitastic-m/train/720p/1-2986398308.JPG	a fungus is lying on the ground.
/home/whx/Dataset/fungitastic-m/train/720p/0-2868475302.JPG	a fungus lies horizontally.
/home/whx/Dataset/fungitastic-m/train/720p/2-2238560885.JPG	a fungus lies flat.
/home/whx/Dataset/fungitastic-m/train/720p/0-3343252339.JPG	a fungus stands upright.
/home/whx/Dataset/fungitastic-m/train/720p/2-2446760944.JPG	a fungus held upside down.
/home/whx/Dataset/fungitastic-m/test/720p/1-4465908607.JPG	a fungus stands upright.
/home/whx/Dataset/fungitastic-m/train/720p/0-2238498857.JPG	a fungus stands upright, two others lie flat.
/home/whx/Dataset/fungitastic-m/test/720p/1-4465901394.JPG	A fungus is layered and textured.
/home/whx/Dataset/fungitastic-m/test/720p/0-4465862042.JPG	A fungus stands upright amidst fallen leaves and grass.
/home/whx/Dataset/fungitastic-m/train/720p/0-2238183454.JPG	a fungus stands upright in grass.
/home/whx/Dataset/fungitastic-m/train/720p/0-4847338626.JPG	a fungus stands upright in grass.
/home/whx/Dataset/fungitastic-m/test/720p/2-4465890837.JPG	A fungus stands upright among grass and moss.
/home/whx/Dataset/fungitastic-m/val/720p/1-3922623934.JPG	a fungus stands upright.
/home/whx/Dataset/fungitastic-m/train/720p/2-3392603339.JPG	A fungus is elongated and pointed.
/home/whx/Dataset/fungitastic-m/train/720p/2-2238489298.JPG	A fungus stands upright among greenery.
/home/whx/Dataset/fungitastic-m/train/720p/0-3412520310.JPG	a fungus held in a hand.
/home/whx/Dataset/fungitastic-m/train/720p/0-3392607405.JPG	a fungus stands upright in grass.
/home/whx/Dataset/fungitastic-m/train/720p/0-2898636384.JPG	A fungus stands upright in grass.
/home/whx/Dataset/fungitastic-m/val/720p/2-3944337474.JPG	A fungus stands upright in grass.
/home/whx/Dataset/fungitastic-m/train/720p/2-3392598443.JPG	A fungus is extending and branching.
/home/whx/Dataset/fungitastic-m/train/720p/0-3014647309.JPG	A fungus stands upright in the grass.
/home/whx/Dataset/fungitastic-m/test/720p/3-4465880789.JPG	a fungus stands upright.
/home/whx/Dataset/fungitastic-m/train/720p/1-2424121853.JPG	A fungus is growing in the grass.
/home/whx/Dataset/fungitastic-m/train/720p/2-2984630313.JPG	a fungus stands upright in grass.
/home/whx/Dataset/fungitastic-m/val/720p/0-3944341557.JPG	A fungus stands upright with a delicate cap.
/home/whx/Dataset/fungitastic-m/val/720p/1-4100089554.JPG	a fungus stands upright among leaves.
/home/whx/Dataset/fungitastic-m/train/720p/0-2901952477.JPG	a fungus lies on forest floor.
/home/whx/Dataset/fungitastic-m/train/720p/0-2449442953.JPG	a fungus grows upright among leaves.
/home/whx/Dataset/fungitastic-m/train/720p/2-3406488310.JPG	a fungus stands upright among autumn leaves.
/home/whx/Dataset/fungitastic-m/train/720p/0-2238431999.JPG	a fungus stands upright.
/home/whx/Dataset/fungitastic-m/train/720p/0-2883255563.JPG	a fungus lies amidst leaves and clovers.
/home/whx/Dataset/fungitastic-m/test/720p/1-4465907389.JPG	a fungus stands upright among autumn leaves.
/home/whx/Dataset/fungitastic-m/train/720p/1-3392609439.JPG	A fungus is scattered among twigs and leaves.
/home/whx/Dataset/fungitastic-m/train/720p/0-3406484367.JPG	a fungus in a curled, twisted pose.
/home/whx/Dataset/fungitastic-m/train/720p/0-2427875682.JPG	a fungus stands upright, slightly curved.
/home/whx/Dataset/fungitastic-m/val/720p/1-3944344924.JPG	a fungus held upside down.
/home/whx/Dataset/fungitastic-m/train/720p/0-2883269534.JPG	a fungus lies on forest floor.
/home/whx/Dataset/fungitastic-m/val/720p/0-3925715720.JPG	A fungus lies flat, surrounded by leaves.
/home/whx/Dataset/fungitastic-m/train/720p/1-3392604390.JPG	a fungus stands upright among leaves.
/home/whx/Dataset/fungitastic-m/train/720p/2-2430665663.JPG	a fungus stands upright.
/home/whx/Dataset/fungitastic-m/train/720p/0-3419915381.JPG	a fungus is growing on a log.
/home/whx/Dataset/fungitastic-m/train/720p/1-2862693420.JPG	a fungus lies on the forest floor.
/home/whx/Dataset/fungitastic-m/train/720p/0-2868471343.JPG	a fungus stands upright.
/home/whx/Dataset/fungitastic-m/train/720p/1-2238479247.JPG	a fungus stands upright.
/home/whx/Dataset/fungitastic-m/train/720p/0-2285836173.JPG	a fungus lies in grass.
/home/whx/Dataset/fungitastic-m/train/720p/0-2238374525.JPG	a fungus stands upright.
/home/whx/Dataset/fungitastic-m/train/720p/0-3324324345.JPG	a fungus is leaning.
/home/whx/Dataset/fungitastic-m/train/720p/2-2640672311.JPG	a fungus lies flat in grass.
/home/whx/Dataset/fungitastic-m/train/720p/3-2898624305.JPG	a fungus lies flat on the forest floor.
/home/whx/Dataset/fungitastic-m/val/720p/0-3891495390.JPG	a fungus stands upright.
/home/whx/Dataset/fungitastic-m/train/720p/0-3340158436.JPG	a fungus lies flat on the forest floor.
/home/whx/Dataset/fungitastic-m/train/720p/1-2238475718.JPG	a fungus lies on moss, cap up.
/home/whx/Dataset/fungitastic-m/test/720p/1-4169770581.JPG	a fungus lies on forest floor.
/home/whx/Dataset/fungitastic-m/train/720p/0-3320501338.JPG	a fungus lies flat, white and yellow.
/home/whx/Dataset/fungitastic-m/train/720p/1-2864911311.JPG	A fungus lies amidst twigs and moss.
/home/whx/Dataset/fungitastic-m/train/720p/1-2804912328.JPG	a fungus stands upright.
/home/whx/Dataset/fungitastic-m/train/720p/1-2868482449.JPG	a fungus stands upright.
/home/whx/Dataset/fungitastic-m/train/720p/0-2238499543.JPG	a fungus stands upright.
/home/whx/Dataset/fungitastic-m/test/720p/1-4465892220.JPG	a fungus lies on forest floor.
/home/whx/Dataset/fungitastic-m/train/720p/2-2458347563.JPG	a fungus lies flat, partially broken.
/home/whx/Dataset/fungitastic-m/train/720p/0-2430664836.JPG	a fungus lies horizontally among leaves.
/home/whx/Dataset/fungitastic-m/test/720p/6-4465902554.JPG	a fungus lies flat on a log.
/home/whx/Dataset/fungitastic-m/train/720p/1-2986451307.JPG	a fungus lies flat on the ground.
/home/whx/Dataset/fungitastic-m/train/720p/0-2382321284.JPG	a fungus lies horizontally, stem down.
/home/whx/Dataset/fungitastic-m/train/720p/0-2417207560.JPG	a fungus lies on forest floor, surrounded by leaves.
/home/whx/Dataset/fungitastic-m/train/720p/3-4847346344.JPG	a fungus stands upright among fallen leaves.
/home/whx/Dataset/fungitastic-m/train/720p/1-3332310333.JPG	a fungus lies on the ground.
/home/whx/Dataset/fungitastic-m/train/720p/4-3340164320.JPG	a fungus is lying on its side.
/home/whx/Dataset/fungitastic-m/train/720p/0-2238577860.JPG	a fungus stands upright among leaves.
/home/whx/Dataset/fungitastic-m/test/720p/5-4465892220.JPG	a fungus stands upright.
/home/whx/Dataset/fungitastic-m/train/720p/0-3358361336.JPG	a fungus lies on the ground, surrounded by grass and debris.
/home/whx/Dataset/fungitastic-m/val/720p/2-3962113332.JPG	a fungus stands upright.
/home/whx/Dataset/fungitastic-m/train/720p/0-2238343157.JPG	a fungus lies flat on a wooden surface.
/home/whx/Dataset/fungitastic-m/train/720p/1-2460547195.JPG	a fungus is resting on fallen leaves.
/home/whx/Dataset/fungitastic-m/test/720p/1-4465905739.JPG	A fungus is branching and extending.
/home/whx/Dataset/fungitastic-m/train/720p/1-3419932336.JPG	a fungus lies flat, cap slightly raised.
/home/whx/Dataset/fungitastic-m/train/720p/1-2238524945.JPG	a fungus is growing on the forest floor.
/home/whx/Dataset/fungitastic-m/train/720p/1-2430665805.JPG	a fungus held in hand.
/home/whx/Dataset/fungitastic-m/train/720p/0-2238442416.JPG	a fungus stands upright among forest debris.
/home/whx/Dataset/fungitastic-m/train/720p/2-3410061301.JPG	The fungus appears as elongated, oval-shaped spores scattered across the field.
/home/whx/Dataset/fungitastic-m/train/720p/0-2238130226.JPG	a fungus is held in a hand, showing underside.
/home/whx/Dataset/fungitastic-m/test/720p/0-4465890521.JPG	a fungus is upright.
/home/whx/Dataset/fungitastic-m/train/720p/9-3412509343.JPG	a fungus lies flat, cap up.
/home/whx/Dataset/fungitastic-m/train/720p/0-2238348751.JPG	A fungus is upright with a white cap and stem.
/home/whx/Dataset/fungitastic-m/train/720p/1-3422346321.JPG	a fungus held upside down.
/home/whx/Dataset/fungitastic-m/train/720p/2-2883271359.JPG	a fungus is lying horizontally.
/home/whx/Dataset/fungitastic-m/test/720p/0-4847340835.JPG	a fungus stands upright.
/home/whx/Dataset/fungitastic-m/train/720p/1-2238353877.JPG	a fungus lies horizontally.
/home/whx/Dataset/fungitastic-m/train/720p/0-2238503624.JPG	a fungus stands upright among leaves.
/home/whx/Dataset/fungitastic-m/train/720p/0-2238571196.JPG	A fungus is growing upright in the forest.
/home/whx/Dataset/fungitastic-m/train/720p/0-2238162617.JPG	a fungus is resting on forest floor.
/home/whx/Dataset/fungitastic-m/train/720p/0-2237964142.JPG	a fungus lies in grass.
/home/whx/Dataset/fungitastic-m/train/720p/0-2238474268.JPG	a fungus stands upright.
/home/whx/Dataset/fungitastic-m/train/720p/0-2238568775.JPG	a fungus lies on forest floor, cap open, stem upright.
/home/whx/Dataset/fungitastic-m/train/720p/0-2238556857.JPG	a fungus is growing on the forest floor.
/home/whx/Dataset/fungitastic-m/val/720p/0-3964840552.JPG	a fungus held upright.
/home/whx/Dataset/fungitastic-m/train/720p/1-2238469528.JPG	a fungus is upright.
/home/whx/Dataset/fungitastic-m/test/720p/2-4465861999.JPG	a fungus stands upright.
/home/whx/Dataset/fungitastic-m/train/720p/0-2237962270.JPG	a fungus stands upright, another lies flat.
/home/whx/Dataset/fungitastic-m/train/720p/2-2238471584.JPG	a fungus stands upright.
/home/whx/Dataset/fungitastic-m/train/720p/0-3324329348.JPG	a fungus lies in grass.
/home/whx/Dataset/fungitastic-m/train/720p/0-2804915319.JPG	a fungus stands upright.
/home/whx/Dataset/fungitastic-m/train/720p/0-2238159975.JPG	a fungus is upright.
/home/whx/Dataset/fungitastic-m/train/720p/1-2238524932.JPG	a fungus lies among autumn leaves.
/home/whx/Dataset/fungitastic-m/train/720p/1-2238481788.JPG	a fungus stands upright among leaves.
/home/whx/Dataset/fungitastic-m/train/720p/2-3336949368.JPG	a fungus lies flat on forest floor.
/home/whx/Dataset/fungitastic-m/train/720p/2-3329723316.JPG	A fungus held upside down.
/home/whx/Dataset/fungitastic-m/train/720p/0-3345609393.JPG	a fungus stands upright on forest floor.
/home/whx/Dataset/fungitastic-m/train/720p/0-2238459301.JPG	a fungus is upright.
/home/whx/Dataset/fungitastic-m/test/720p/0-4465892564.JPG	a fungus lies on forest floor, cap up, stem down.
/home/whx/Dataset/fungitastic-m/train/720p/0-3340162367.JPG	a fungus stands upright among leaves.
/home/whx/Dataset/fungitastic-m/train/720p/2-3332295342.JPG	a fungus stands upright on a log.
/home/whx/Dataset/fungitastic-m/train/720p/0-2238505409.JPG	a fungus stands upright.
/home/whx/Dataset/fungitastic-m/val/720p/1-3898074342.JPG	a fungus lies on pebbles.
/home/whx/Dataset/fungitastic-m/train/720p/1-2238496220.JPG	a fungus is upright.
/home/whx/Dataset/fungitastic-m/train/720p/2-2984623308.JPG	a fungus lies on its side in soil.
/home/whx/Dataset/fungitastic-m/val/720p/1-3887953305.JPG	a fungus is leaning.
/home/whx/Dataset/fungitastic-m/train/720p/0-2856929352.JPG	a fungus lies on forest floor.
/home/whx/Dataset/fungitastic-m/train/720p/0-2238084729.JPG	a fungus lies horizontally on the ground.
/home/whx/Dataset/fungitastic-m/train/720p/0-2424124094.JPG	a fungus lies horizontally on moss.
/home/whx/Dataset/fungitastic-m/train/720p/1-2382321451.JPG	a fungus stands upright.
/home/whx/Dataset/fungitastic-m/train/720p/0-2238567876.JPG	a fungus lies flat on the ground.
/home/whx/Dataset/fungitastic-m/val/720p/0-3916268640.JPG	a fungus lies flat on forest floor.
/home/whx/Dataset/fungitastic-m/test/720p/1-4465871056.JPG	a fungus lies on forest floor, partially cut.
/home/whx/Dataset/fungitastic-m/test/720p/0-4465889006.JPG	a fungus lies on moss, upright.
/home/whx/Dataset/fungitastic-m/train/720p/1-2238563669.JPG	A fungus is resting on a surface.
/home/whx/Dataset/fungitastic-m/train/720p/0-2874309475.JPG	a fungus is split open, revealing its interior.
/home/whx/Dataset/fungitastic-m/train/720p/0-3332309359.JPG	A fungus lies on the ground, partially decomposed.
/home/whx/Dataset/fungitastic-m/train/720p/2-2238567134.JPG	a fungus lies flat, cap up.
/home/whx/Dataset/fungitastic-m/val/720p/0-3867909307.JPG	A fungus is growing on moss.
/home/whx/Dataset/fungitastic-m/test/720p/0-4465866532.JPG	a fungus lies on moss, cap up.
/home/whx/Dataset/fungitastic-m/train/720p/0-2821591326.JPG	a fungus is lying on the forest floor.
/home/whx/Dataset/fungitastic-m/train/720p/1-3332298305.JPG	A fungus lies in grass, cap up.
/home/whx/Dataset/fungitastic-m/test/720p/1-4465875006.JPG	a fungus lies on its side in grass.
/home/whx/Dataset/fungitastic-m/train/720p/0-2238174680.JPG	a fungus is partially covered by a white paper.
/home/whx/Dataset/fungitastic-m/val/720p/3-3891500370.JPG	A fungus lies flat, textured surface visible.
/home/whx/Dataset/fungitastic-m/train/720p/1-2825711327.JPG	A fungus appears spherical with a greenish hue and a dark outline.
/home/whx/Dataset/fungitastic-m/train/720p/3-3343245425.JPG	a fungus lies on its side.
/home/whx/Dataset/fungitastic-m/train/720p/1-2238341582.JPG	a fungus is lying flat with a ruler for scale.
/home/whx/Dataset/fungitastic-m/train/720p/2-3336949308.JPG	a fungus lies on grass.
/home/whx/Dataset/fungitastic-m/train/720p/0-2238507350.JPG	a fungus stands upright.
/home/whx/Dataset/fungitastic-m/val/720p/1-3925712477.JPG	A fungus is growing on fabric.
/home/whx/Dataset/fungitastic-m/train/720p/3-3336949308.JPG	a fungus stands upright in grass.
/home/whx/Dataset/fungitastic-m/train/720p/0-3327307334.JPG	a fungus is upright among leaves.
/home/whx/Dataset/fungitastic-m/test/720p/0-4169766357.JPG	a fungus grows upright among leaves.
/home/whx/Dataset/fungitastic-m/train/720p/1-3327297329.JPG	a fungus stands upright.
/home/whx/Dataset/fungitastic-m/val/720p/0-3899709390.JPG	a fungus lies on forest floor.
/home/whx/Dataset/fungitastic-m/train/720p/2-2427875676.JPG	a fungus stands upright.
/home/whx/Dataset/fungitastic-m/val/720p/0-3898075441.JPG	a fungus stands upright.
/home/whx/Dataset/fungitastic-m/train/720p/0-2237966039.JPG	a fungus lies on moss.
/home/whx/Dataset/fungitastic-m/train/720p/1-2238532839.JPG	a fungus is upright.
/home/whx/Dataset/fungitastic-m/val/720p/2-3863499320.JPG	a fungus lies flat on grass.
/home/whx/Dataset/fungitastic-m/train/720p/0-3340163313.JPG	a fungus lies on moss.
/home/whx/Dataset/fungitastic-m/train/720p/1-2238490818.JPG	a fungus held upside down.
/home/whx/Dataset/fungitastic-m/train/720p/2-2417206600.JPG	a fungus stands upright.
/home/whx/Dataset/fungitastic-m/test/720p/2-4465890669.JPG	A fungus is resting on a tree stump.
/home/whx/Dataset/fungitastic-m/train/720p/0-2868484418.JPG	a fungus stands upright.
/home/whx/Dataset/fungitastic-m/test/720p/3-4465893061.JPG	a fungus is upright.
/home/whx/Dataset/fungitastic-m/train/720p/2-3380886313.JPG	a fungus lies flat on forest floor.
/home/whx/Dataset/fungitastic-m/train/720p/0-2331571022.JPG	a fungus lies horizontally in grass.
/home/whx/Dataset/fungitastic-m/train/720p/0-2238525832.JPG	A fungus is cut and spread on a paper towel.
/home/whx/Dataset/fungitastic-m/train/720p/0-2238526182.JPG	a fungus held upright.
/home/whx/Dataset/fungitastic-m/train/720p/1-2430667906.JPG	a fungus is upright among leaves.
/home/whx/Dataset/fungitastic-m/train/720p/2-2847224330.JPG	a fungus held upside down.
/home/whx/Dataset/fungitastic-m/train/720p/0-2238344575.JPG	a fungus stands upright in grass.
/home/whx/Dataset/fungitastic-m/train/720p/1-2981245305.JPG	a fungus held in hand.
/home/whx/Dataset/fungitastic-m/train/720p/0-2238474178.JPG	a fungus lies horizontally in grass.
/home/whx/Dataset/fungitastic-m/val/720p/0-3925714619.JPG	a fungus lies horizontally in grass.
/home/whx/Dataset/fungitastic-m/test/720p/1-4465886482.JPG	a fungus stands upright.
/home/whx/Dataset/fungitastic-m/train/720p/4-2238559514.JPG	a fungus stands upright amidst moss.
/home/whx/Dataset/fungitastic-m/train/720p/0-2238503888.JPG	a fungus stands upright amidst debris.
/home/whx/Dataset/fungitastic-m/train/720p/0-2351006575.JPG	a fungus is held in a hand.
/home/whx/Dataset/fungitastic-m/val/720p/0-3925714833.JPG	A fungus stands upright in grass.
/home/whx/Dataset/fungitastic-m/train/720p/0-2238127774.JPG	A fungus stands upright among fallen leaves and twigs.
/home/whx/Dataset/fungitastic-m/train/720p/1-3410062309.JPG	a fungus lies flat, cap up, among grass.
/home/whx/Dataset/fungitastic-m/train/720p/0-2424122905.JPG	A fungus stands amidst decaying leaves and twigs.
/home/whx/Dataset/fungitastic-m/train/720p/1-2238347095.JPG	a fungus is leaning.
/home/whx/Dataset/fungitastic-m/train/720p/0-2237913412.JPG	a fungus is leaning.
/home/whx/Dataset/fungitastic-m/val/720p/0-3964841366.JPG	a fungus leans slightly to the left.
/home/whx/Dataset/fungitastic-m/train/720p/1-2238171029.JPG	a fungus is upright.
/home/whx/Dataset/fungitastic-m/train/720p/1-3336959376.JPG	A fungus stands amidst grass and leaves.
/home/whx/Dataset/fungitastic-m/train/720p/2-2901940414.JPG	a fungus stands upright.
/home/whx/Dataset/fungitastic-m/train/720p/1-3386481308.JPG	a fungus stands upright.
/home/whx/Dataset/fungitastic-m/train/720p/0-2237925245.JPG	a fungus stands upright.
/home/whx/Dataset/fungitastic-m/test/720p/1-4465901350.JPG	A fungus stands upright in the grass.
/home/whx/Dataset/fungitastic-m/val/720p/1-3922627692.JPG	A fungus grows clustered, nestled among autumn leaves.
/home/whx/Dataset/fungitastic-m/train/720p/1-2238509650.JPG	a fungus held upright.
/home/whx/Dataset/fungitastic-m/train/720p/0-3410050393.JPG	a fungus stands upright among autumn leaves.
/home/whx/Dataset/fungitastic-m/train/720p/0-2238348887.JPG	a fungus is clustered on a log.
/home/whx/Dataset/fungitastic-m/train/720p/1-2237928133.JPG	a fungus stands upright with curved stems.
/home/whx/Dataset/fungitastic-m/test/720p/0-4169763204.JPG	a fungus sprawled on forest floor.
/home/whx/Dataset/fungitastic-m/test/720p/1-4465888691.JPG	a fungus stands upright.
/home/whx/Dataset/fungitastic-m/train/720p/2-2238509650.JPG	A fungus grows on a decaying log.
/home/whx/Dataset/fungitastic-m/train/720p/0-2860303450.JPG	A fungus grows clustered on decaying wood.
/home/whx/Dataset/fungitastic-m/train/720p/2-2238549969.JPG	A fungus stands upright on moss.
/home/whx/Dataset/fungitastic-m/val/720p/3-3925712392.JPG	a fungus stands upright on a mossy surface.
/home/whx/Dataset/fungitastic-m/train/720p/0-3412508309.JPG	a fungus grows clustered on a tree trunk.
/home/whx/Dataset/fungitastic-m/train/720p/2-2989734319.JPG	a fungus lies flat, another stands upright.
/home/whx/Dataset/fungitastic-m/train/720p/1-3343243431.JPG	A fungus grows from a tree stump.
/home/whx/Dataset/fungitastic-m/test/720p/0-4847338738.JPG	A fungus is clustered, leaning, and intertwined.
/home/whx/Dataset/fungitastic-m/train/720p/0-2238222414.JPG	A fungus stands upright on a mossy log.
/home/whx/Dataset/fungitastic-m/train/720p/0-2238513607.JPG	a fungus is lying horizontally.
/home/whx/Dataset/fungitastic-m/train/720p/2-2238560108.JPG	a fungus is upright.
/home/whx/Dataset/fungitastic-m/train/720p/0-2382322406.JPG	a fungus lies on the forest floor.
/home/whx/Dataset/fungitastic-m/val/720p/0-3909139360.JPG	a fungus held upside down.
/home/whx/Dataset/fungitastic-m/test/720p/2-4169772596.JPG	A fungus held upside down.
/home/whx/Dataset/fungitastic-m/train/720p/0-2238330997.JPG	a fungus stands upright amidst fallen leaves.
/home/whx/Dataset/fungitastic-m/train/720p/1-2237961684.JPG	a fungus lies on grass, partially cut.
/home/whx/Dataset/fungitastic-m/train/720p/3-3340162370.JPG	a fungus is resting on moss.
/home/whx/Dataset/fungitastic-m/train/720p/3-2821587367.JPG	a fungus stands upright.
/home/whx/Dataset/fungitastic-m/val/720p/1-3828300317.JPG	a fungus lies flat on the forest floor.
/home/whx/Dataset/fungitastic-m/train/720p/1-2238385705.JPG	a fungus lies flat on grass.
/home/whx/Dataset/fungitastic-m/train/720p/0-3332307335.JPG	a fungus stands upright.
/home/whx/Dataset/fungitastic-m/train/720p/1-2984632341.JPG	a fungus lies on autumn leaves.
/home/whx/Dataset/fungitastic-m/val/720p/2-3948712368.JPG	A fungus held upright, cap facing up.
/home/whx/Dataset/fungitastic-m/val/720p/2-3916268354.JPG	A fungus lies on forest floor.
/home/whx/Dataset/fungitastic-m/val/720p/0-3925716384.JPG	a fungus stands upright amidst fallen leaves.
/home/whx/Dataset/fungitastic-m/train/720p/2-3334609330.JPG	a fungus lies on moss.
/home/whx/Dataset/fungitastic-m/train/720p/0-2238324832.JPG	a fungus is lying flat.
/home/whx/Dataset/fungitastic-m/train/720p/1-3336947396.JPG	a fungus lies horizontally on grass.
/home/whx/Dataset/fungitastic-m/train/720p/3-3329734351.JPG	a fungus lies flat, cap up.
/home/whx/Dataset/fungitastic-m/test/720p/1-4169759272.JPG	a fungus is upright with a small one leaning.
/home/whx/Dataset/fungitastic-m/train/720p/1-2351007347.JPG	a fungus is upright.
/home/whx/Dataset/fungitastic-m/train/720p/0-2237913361.JPG	a fungus lies flat on a wooden surface.
/home/whx/Dataset/fungitastic-m/train/720p/0-2238067331.JPG	a fungus lies on the ground.
/home/whx/Dataset/fungitastic-m/train/720p/0-2238333226.JPG	a fungus is upright.
/home/whx/Dataset/fungitastic-m/train/720p/2-3329734351.JPG	A fungus is upright.
/home/whx/Dataset/fungitastic-m/test/720p/1-4465881047.JPG	a fungus lies on its side in the grass.
/home/whx/Dataset/fungitastic-m/train/720p/0-2237957854.JPG	a fungus is upright.
/home/whx/Dataset/fungitastic-m/train/720p/4-3355965311.JPG	a fungus lies horizontally on the ground.
/home/whx/Dataset/fungitastic-m/test/720p/0-4465877439.JPG	a fungus lies on forest floor.
/home/whx/Dataset/fungitastic-m/test/720p/2-4169768407.JPG	a fungus lies in grass.
/home/whx/Dataset/fungitastic-m/train/720p/1-2238145496.JPG	a fungus is lying horizontally in the grass.
/home/whx/Dataset/fungitastic-m/train/720p/1-2331570995.JPG	a fungus stands upright.
/home/whx/Dataset/fungitastic-m/train/720p/2-3334609316.JPG	a fungus stands upright.
/home/whx/Dataset/fungitastic-m/train/720p/1-2238149316.JPG	A fungus stands upright among greenery.
/home/whx/Dataset/fungitastic-m/train/720p/2-3334597310.JPG	A fungus grows amidst moss.
/home/whx/Dataset/fungitastic-m/train/720p/0-2238554154.JPG	A fungus stands upright among moss.
/home/whx/Dataset/fungitastic-m/train/720p/1-2860301429.JPG	a fungus stands upright amidst moss.
/home/whx/Dataset/fungitastic-m/train/720p/0-2898632460.JPG	a fungus is upright.
/home/whx/Dataset/fungitastic-m/val/720p/1-3913250334.JPG	a fungus is upright.
/home/whx/Dataset/fungitastic-m/train/720p/2-3395928376.JPG	a fungus stands upright.
/home/whx/Dataset/fungitastic-m/train/720p/1-3334610392.JPG	a fungus is upright.
/home/whx/Dataset/fungitastic-m/train/720p/1-3018975304.JPG	A fungus stands tall among the forest floor.
/home/whx/Dataset/fungitastic-m/train/720p/1-2351007597.JPG	a fungus stands upright among grass.
/home/whx/Dataset/fungitastic-m/test/720p/0-4169760293.JPG	a fungus stands upright.
/home/whx/Dataset/fungitastic-m/train/720p/0-2238146832.JPG	a fungus stands upright amidst decaying wood.
/home/whx/Dataset/fungitastic-m/train/720p/0-2238447232.JPG	a fungus stands upright among leaves and moss.
/home/whx/Dataset/fungitastic-m/train/720p/0-3018975304.JPG	a fungus resting on the palm.
/home/whx/Dataset/fungitastic-m/train/720p/1-3014641381.JPG	a fungus stands upright.
/home/whx/Dataset/fungitastic-m/train/720p/2-3382563518.JPG	A fungus is scattered across the moss.
/home/whx/Dataset/fungitastic-m/train/720p/0-3410047425.JPG	A fungus is growing on a tree trunk.
/home/whx/Dataset/fungitastic-m/train/720p/0-2238346545.JPG	a fungus stands erect, with a slender stem and a small cap.
/home/whx/Dataset/fungitastic-m/train/720p/0-2237855463.JPG	a fungus grows upright on moss.
/home/whx/Dataset/fungitastic-m/train/720p/1-3018979344.JPG	a fungus is resting on a finger.
/home/whx/Dataset/fungitastic-m/train/720p/0-2238583519.JPG	A fungus is growing upright on moss.
/home/whx/Dataset/fungitastic-m/test/720p/1-4465892840.JPG	A fungus grows vertically on tree bark.
/home/whx/Dataset/fungitastic-m/train/720p/0-3008830322.JPG	a fungus stands upright.
/home/whx/Dataset/fungitastic-m/train/720p/1-2901934377.JPG	a fungus stands upright.
/home/whx/Dataset/fungitastic-m/train/720p/0-2237943695.JPG	a fungus grows vertically.
/home/whx/Dataset/fungitastic-m/val/720p/1-3909140309.JPG	a fungus stands upright.
/home/whx/Dataset/fungitastic-m/train/720p/0-3008826332.JPG	a fungus stands upright.
/home/whx/Dataset/fungitastic-m/train/720p/1-2984623374.JPG	A fungus is clustered, upright, and spherical.
/home/whx/Dataset/fungitastic-m/train/720p/0-2458347611.JPG	a fungus stands upright amidst moss.
/home/whx/Dataset/fungitastic-m/train/720p/0-2238360915.JPG	a fungus stands upright.
/home/whx/Dataset/fungitastic-m/train/720p/1-3410061379.JPG	a fungus stands amidst fallen leaves.
/home/whx/Dataset/fungitastic-m/train/720p/2-3395917406.JPG	a fungus stands upright among autumn leaves.
/home/whx/Dataset/fungitastic-m/train/720p/0-2238526939.JPG	a fungus stands upright.
/home/whx/Dataset/fungitastic-m/test/720p/2-4100095198.JPG	a fungus stands upright.
/home/whx/Dataset/fungitastic-m/train/720p/0-2964210318.JPG	a fungus stands upright among autumn leaves.
/home/whx/Dataset/fungitastic-m/train/720p/2-2238480988.JPG	a fungus stands upright among leaves.
/home/whx/Dataset/fungitastic-m/train/720p/0-2874299498.JPG	A fungus is upright and clustered.
/home/whx/Dataset/fungitastic-m/test/720p/1-4100095198.JPG	A fungus is upright, with gills spread out.
/home/whx/Dataset/fungitastic-m/train/720p/0-2984624327.JPG	a fungus stands upright.
/home/whx/Dataset/fungitastic-m/train/720p/1-2238533396.JPG	a fungus is resting on leaves.
/home/whx/Dataset/fungitastic-m/train/720p/0-2549106788.JPG	a fungus stands upright.
/home/whx/Dataset/fungitastic-m/train/720p/0-2238455448.JPG	a fungus lies horizontally on the ground.
/home/whx/Dataset/fungitastic-m/train/720p/1-3417630304.JPG	a fungus stands upright.
/home/whx/Dataset/fungitastic-m/train/720p/3-2238533556.JPG	a fungus lies flat on a leaf.
/home/whx/Dataset/fungitastic-m/train/720p/1-2238575316.JPG	a fungus is upright.
/home/whx/Dataset/fungitastic-m/train/720p/0-2238566762.JPG	a fungus stands tall among fallen leaves.
/home/whx/Dataset/fungitastic-m/train/720p/0-2383041635.JPG	a fungus lies broken, half buried in moss.
/home/whx/Dataset/fungitastic-m/train/720p/1-3343238315.JPG	a fungus is upright.
/home/whx/Dataset/fungitastic-m/train/720p/1-2382322398.JPG	a fungus lies flat on the grass.
/home/whx/Dataset/fungitastic-m/train/720p/1-3332308322.JPG	a fungus is lying on its side.
/home/whx/Dataset/fungitastic-m/train/720p/0-2238557244.JPG	a fungus held in hand, cut in half.
/home/whx/Dataset/fungitastic-m/train/720p/0-3345600315.JPG	a fungus stands upright.
/home/whx/Dataset/fungitastic-m/train/720p/1-3327305306.JPG	a fungus lies on grass.
/home/whx/Dataset/fungitastic-m/test/720p/2-4465881753.JPG	a fungus stands upright.
/home/whx/Dataset/fungitastic-m/train/720p/0-3018982317.JPG	a fungus stands upright in grass.
/home/whx/Dataset/fungitastic-m/test/720p/2-4169763294.JPG	a fungus is growing among leaves.
/home/whx/Dataset/fungitastic-m/test/720p/1-4465868545.JPG	a fungus is lying on its side.
/home/whx/Dataset/fungitastic-m/train/720p/2-4847342417.JPG	a fungus is lying flat.
/home/whx/Dataset/fungitastic-m/train/720p/0-2864901365.JPG	A fungus is growing upright in the grass.
/home/whx/Dataset/fungitastic-m/test/720p/0-4169761195.JPG	a fungus stands upright in grass.
/home/whx/Dataset/fungitastic-m/val/720p/1-3916263611.JPG	a fungus lies flat, cap up, in grass.
/home/whx/Dataset/fungitastic-m/test/720p/2-4465903612.JPG	a fungus lies flat on the ground.
/home/whx/Dataset/fungitastic-m/train/720p/1-2425494592.JPG	a fungus held upright.
/home/whx/Dataset/fungitastic-m/val/720p/1-3894175397.JPG	a fungus lies horizontally on moss.
/home/whx/Dataset/fungitastic-m/train/720p/0-2238554982.JPG	a fungus stands upright.
/home/whx/Dataset/fungitastic-m/test/720p/1-4465886125.JPG	a fungus stands upright amidst fallen leaves.
/home/whx/Dataset/fungitastic-m/train/720p/1-2238508308.JPG	a fungus stands upright.
/home/whx/Dataset/fungitastic-m/test/720p/1-4465896743.JPG	A fungus stands upright, split open.
/home/whx/Dataset/fungitastic-m/train/720p/0-3336945429.JPG	a fungus stands upright.
/home/whx/Dataset/fungitastic-m/test/720p/7-4465860485.JPG	a fungus stands upright amidst fallen leaves.
/home/whx/Dataset/fungitastic-m/test/720p/0-4465874333.JPG	a fungus stands upright.
/home/whx/Dataset/fungitastic-m/train/720p/0-2238569365.JPG	a fungus stands upright in soil.
/home/whx/Dataset/fungitastic-m/val/720p/0-3899709363.JPG	a fungus lies horizontally on the ground.
/home/whx/Dataset/fungitastic-m/train/720p/0-2238558736.JPG	a fungus stands upright.
/home/whx/Dataset/fungitastic-m/train/720p/0-2238561951.JPG	a fungus stands upright amidst forest debris.
/home/whx/Dataset/fungitastic-m/train/720p/0-3336962364.JPG	a fungus stands upright, slightly leaning.
/home/whx/Dataset/fungitastic-m/train/720p/0-2238576803.JPG	a fungus stands upright.
/home/whx/Dataset/fungitastic-m/train/720p/1-2238500661.JPG	a fungus stands upright.
/home/whx/Dataset/fungitastic-m/train/720p/1-3334592323.JPG	a fungus is upright.
/home/whx/Dataset/fungitastic-m/train/720p/3-2382324643.JPG	A fungus is curved and ribbed.
/home/whx/Dataset/fungitastic-m/train/720p/0-2382325058.JPG	a fungus lies flat on the ground.
/home/whx/Dataset/fungitastic-m/val/720p/1-3887949312.JPG	a fungus lies on forest floor, cap up.
/home/whx/Dataset/fungitastic-m/val/720p/3-3894179361.JPG	a fungus is upright with a red cap.
/home/whx/Dataset/fungitastic-m/train/720p/0-2303159444.JPG	a fungus is broken and lying on the ground.
/home/whx/Dataset/fungitastic-m/train/720p/0-2382324643.JPG	a fungus lies flat in the grass.
/home/whx/Dataset/fungitastic-m/train/720p/0-3324324359.JPG	a fungus lies on forest floor, cap partially peeled back.
/home/whx/Dataset/fungitastic-m/train/720p/0-2238501820.JPG	a fungus lies on forest floor, cap open, stem bent.
/home/whx/Dataset/fungitastic-m/test/720p/2-4465862386.JPG	a fungus held upside down.
/home/whx/Dataset/fungitastic-m/train/720p/0-2351008086.JPG	a fungus lies in grass.
/home/whx/Dataset/fungitastic-m/train/720p/2-2238549296.JPG	a fungus lies on forest floor, partially buried.
/home/whx/Dataset/fungitastic-m/train/720p/2-2238558735.JPG	A fungus is spread out, radiating spores.
/home/whx/Dataset/fungitastic-m/train/720p/0-2274829451.JPG	a fungus lies on its side.
/home/whx/Dataset/fungitastic-m/train/720p/2-3345615443.JPG	a fungus lies on forest floor.
/home/whx/Dataset/fungitastic-m/train/720p/1-3343248344.JPG	a fungus held in hand.
/home/whx/Dataset/fungitastic-m/train/720p/2-2821590359.JPG	A fungus held upright.
/home/whx/Dataset/fungitastic-m/val/720p/0-3922621928.JPG	a fungus lies on moss, stem up.
/home/whx/Dataset/fungitastic-m/val/720p/3-3944341459.JPG	A fungus stands upright in moss.
/home/whx/Dataset/fungitastic-m/train/720p/0-2421822317.JPG	a fungus is growing among leaves.
/home/whx/Dataset/fungitastic-m/train/720p/0-3358348349.JPG	a fungus stands upright amidst moss.
/home/whx/Dataset/fungitastic-m/train/720p/0-2238469628.JPG	a fungus is upright with a white stem and a brown cap.
/home/whx/Dataset/fungitastic-m/test/720p/0-4465880162.JPG	A fungus stands upright in a forest floor.
/home/whx/Dataset/fungitastic-m/val/720p/0-3948713594.JPG	A fungus lies fragmented on moss.
/home/whx/Dataset/fungitastic-m/train/720p/3-2238529009.JPG	a fungus is lying on its side.
/home/whx/Dataset/fungitastic-m/train/720p/0-3355974366.JPG	a fungus is growing on moss.
/home/whx/Dataset/fungitastic-m/test/720p/0-4465868973.JPG	a fungus stands upright.
/home/whx/Dataset/fungitastic-m/train/720p/0-2238472805.JPG	a fungus stands upright.
/home/whx/Dataset/fungitastic-m/train/720p/2-3358362412.JPG	a fungus stands upright.
/home/whx/Dataset/fungitastic-m/train/720p/0-3358362348.JPG	a fungus lies horizontally in the grass.
/home/whx/Dataset/fungitastic-m/train/720p/1-2417207455.JPG	a fungus stands upright.
/home/whx/Dataset/fungitastic-m/val/720p/3-3909145558.JPG	a fungus stands upright.
/home/whx/Dataset/fungitastic-m/train/720p/0-2238509368.JPG	a fungus stands upright.
/home/whx/Dataset/fungitastic-m/val/720p/0-3925714816.JPG	a fungus held in hand, upright.
/home/whx/Dataset/fungitastic-m/test/720p/1-4465874961.JPG	a fungus lies flat in grass.
/home/whx/Dataset/fungitastic-m/train/720p/1-2868485440.JPG	a fungus stands upright in grass.
/home/whx/Dataset/fungitastic-m/train/720p/0-2238513124.JPG	a fungus stands upright.
/home/whx/Dataset/fungitastic-m/train/720p/3-2864912434.JPG	a fungus lies on the forest floor.
/home/whx/Dataset/fungitastic-m/train/720p/1-2868472456.JPG	a fungus held upright.
/home/whx/Dataset/fungitastic-m/val/720p/0-3925715723.JPG	a fungus lies horizontally in grass.
/home/whx/Dataset/fungitastic-m/train/720p/7-2251781247.JPG	a fungus lies horizontally.
/home/whx/Dataset/fungitastic-m/train/720p/5-2413150254.JPG	a fungus is upright.
/home/whx/Dataset/fungitastic-m/train/720p/3-2238517553.JPG	A fungus is upright.
/home/whx/Dataset/fungitastic-m/train/720p/1-2864912434.JPG	a fungus lies horizontally on the forest floor.
/home/whx/Dataset/fungitastic-m/train/720p/1-2238523976.JPG	a fungus lies on moss, partially eaten.
/home/whx/Dataset/fungitastic-m/test/720p/0-4465898320.JPG	a fungus stands upright.
/home/whx/Dataset/fungitastic-m/train/720p/4-2251781247.JPG	a fungus lies on forest floor.
/home/whx/Dataset/fungitastic-m/train/720p/0-2430665136.JPG	a fungus is upright.
/home/whx/Dataset/fungitastic-m/train/720p/0-3412523363.JPG	a fungus stands upright.
/home/whx/Dataset/fungitastic-m/train/720p/0-2575963756.JPG	a fungus stands upright.
/home/whx/Dataset/fungitastic-m/train/720p/0-2238478565.JPG	a fungus is upright.
/home/whx/Dataset/fungitastic-m/train/720p/0-2237904666.JPG	A fungus stands upright amidst moss.
/home/whx/Dataset/fungitastic-m/val/720p/2-3964846384.JPG	A fungus is curled and white.
/home/whx/Dataset/fungitastic-m/test/720p/0-4465903755.JPG	a fungus is partially buried among leaves.
/home/whx/Dataset/fungitastic-m/test/720p/0-4465890700.JPG	A fungus is elongated and branching.
/home/whx/Dataset/fungitastic-m/train/720p/0-2430665075.JPG	a fungus stands upright.
/home/whx/Dataset/fungitastic-m/val/720p/0-3916265698.JPG	a fungus is scattered on the forest floor.
/home/whx/Dataset/fungitastic-m/train/720p/0-3380888352.JPG	A fungus is extending filaments.
/home/whx/Dataset/fungitastic-m/train/720p/1-3005493337.JPG	a fungus stands upright amidst moss.
/home/whx/Dataset/fungitastic-m/train/720p/1-2425494387.JPG	a fungus is upright.
/home/whx/Dataset/fungitastic-m/train/720p/1-2238579015.JPG	a fungus stands upright among the forest floor.
/home/whx/Dataset/fungitastic-m/train/720p/0-2238185607.JPG	a fungus stands upright.
/home/whx/Dataset/fungitastic-m/val/720p/2-3968579440.JPG	a fungus stands upright.
/home/whx/Dataset/fungitastic-m/train/720p/0-2238538272.JPG	A fungus stands upright.
/home/whx/Dataset/fungitastic-m/train/720p/0-3343237334.JPG	A fungus lies on its side in the grass.
/home/whx/Dataset/fungitastic-m/val/720p/0-3916263613.JPG	A fungus lies flat on the ground.
/home/whx/Dataset/fungitastic-m/train/720p/0-2238411140.JPG	a fungus stands upright in soil.
/home/whx/Dataset/fungitastic-m/val/720p/0-3828292328.JPG	a fungus stands upright in grass.
/home/whx/Dataset/fungitastic-m/val/720p/0-3899709409.JPG	a fungus lies in grass, split open.
/home/whx/Dataset/fungitastic-m/val/720p/1-3922621444.JPG	a fungus lies on the ground.
/home/whx/Dataset/fungitastic-m/train/720p/0-2238493062.JPG	a fungus is growing on a log.
/home/whx/Dataset/fungitastic-m/train/720p/1-2883255363.JPG	a fungus lies flat on the ground.
/home/whx/Dataset/fungitastic-m/test/720p/0-4169768469.JPG	a fungus held upright.
/home/whx/Dataset/fungitastic-m/train/720p/0-2238453343.JPG	a fungus lies on the ground.
/home/whx/Dataset/fungitastic-m/train/720p/3-2812994306.JPG	a fungus is leaning against a rock.
/home/whx/Dataset/fungitastic-m/train/720p/1-2238212388.JPG	a fungus lies broken, cap and stem separated.
/home/whx/Dataset/fungitastic-m/val/720p/0-3922626399.JPG	a fungus lies flat on the ground.
/home/whx/Dataset/fungitastic-m/train/720p/0-2238590552.JPG	a fungus lies horizontally in grass.
/home/whx/Dataset/fungitastic-m/train/720p/1-2244194045.JPG	a fungus lies on its side among rocks.
/home/whx/Dataset/fungitastic-m/train/720p/0-2860313400.JPG	a fungus stands upright in grass.
/home/whx/Dataset/fungitastic-m/train/720p/1-2864906345.JPG	a fungus lies horizontally on forest floor.
/home/whx/Dataset/fungitastic-m/val/720p/1-3970588505.JPG	a fungus lies horizontally on moss.
/home/whx/Dataset/fungitastic-m/train/720p/0-3329722310.JPG	a fungus lies flat on the forest floor.
/home/whx/Dataset/fungitastic-m/train/720p/2-2864906345.JPG	a fungus lies flat, cap up.
/home/whx/Dataset/fungitastic-m/val/720p/0-3909145636.JPG	a fungus stands upright.
/home/whx/Dataset/fungitastic-m/train/720p/1-2862699457.JPG	a fungus held in hand.
/home/whx/Dataset/fungitastic-m/train/720p/0-2816361341.JPG	a fungus lies on moss, cap down.
/home/whx/Dataset/fungitastic-m/train/720p/1-2874312330.JPG	a fungus stands upright.
/home/whx/Dataset/fungitastic-m/val/720p/0-3899712424.JPG	a fungus stands upright.
/home/whx/Dataset/fungitastic-m/train/720p/0-2818070344.JPG	a fungus is partially buried in soil.
/home/whx/Dataset/fungitastic-m/test/720p/1-4465869801.JPG	A fungus held upside down.
/home/whx/Dataset/fungitastic-m/train/720p/2-2883264346.JPG	A fungus is extending and branching.
/home/whx/Dataset/fungitastic-m/train/720p/3-2868481496.JPG	a fungus held upright.
/home/whx/Dataset/fungitastic-m/test/720p/2-4465882757.JPG	a fungus lies flat, gills visible.
/home/whx/Dataset/fungitastic-m/train/720p/0-2238560646.JPG	a fungus lies on grass.
/home/whx/Dataset/fungitastic-m/train/720p/0-2238591262.JPG	a fungus lies on forest floor.
/home/whx/Dataset/fungitastic-m/test/720p/0-4465883864.JPG	The fungus appears as elongated, oval-shaped cells.
/home/whx/Dataset/fungitastic-m/train/720p/0-3336952332.JPG	a fungus stands upright on moss.
/home/whx/Dataset/fungitastic-m/test/720p/1-4465892417.JPG	a fungus stands upright among leaves.
/home/whx/Dataset/fungitastic-m/test/720p/1-4465885086.JPG	A fungus stands upright amidst fallen leaves.
/home/whx/Dataset/fungitastic-m/test/720p/1-4465875861.JPG	A fungus is growing on a substrate, with a reddish-brown coloration and a layered structure.
/home/whx/Dataset/fungitastic-m/train/720p/3-3336958427.JPG	a fungus held between fingers.
/home/whx/Dataset/fungitastic-m/train/720p/0-2417206850.JPG	A fungus stands upright among fallen leaves.
/home/whx/Dataset/fungitastic-m/test/720p/2-4465894461.JPG	a fungus is upright.
/home/whx/Dataset/fungitastic-m/train/720p/1-2413148467.JPG	A fungus stands upright among fallen leaves.
/home/whx/Dataset/fungitastic-m/train/720p/1-2238499228.JPG	a fungus stands upright.
/home/whx/Dataset/fungitastic-m/val/720p/1-3916264578.JPG	a fungus grows upright among leaves.
/home/whx/Dataset/fungitastic-m/val/720p/0-3925712757.JPG	a fungus is held upright.
/home/whx/Dataset/fungitastic-m/test/720p/0-4465872004.JPG	a fungus stands upright among leaves.
/home/whx/Dataset/fungitastic-m/train/720p/0-3014642311.JPG	a fungus stands upright among fallen leaves.
/home/whx/Dataset/fungitastic-m/val/720p/2-3925712757.JPG	a fungus stands upright.
/home/whx/Dataset/fungitastic-m/train/720p/1-2238524584.JPG	a fungus is upright.
/home/whx/Dataset/fungitastic-m/train/720p/0-3380887365.JPG	a fungus stands upright on a log.
/home/whx/Dataset/fungitastic-m/train/720p/0-2238472368.JPG	a fungus stands upright.
/home/whx/Dataset/fungitastic-m/train/720p/1-2238579227.JPG	a fungus held between fingers.
/home/whx/Dataset/fungitastic-m/val/720p/0-3909141614.JPG	a fungus stands upright.
/home/whx/Dataset/fungitastic-m/test/720p/3-4465896807.JPG	a fungus stands upright.
/home/whx/Dataset/fungitastic-m/val/720p/0-3970587444.JPG	A fungus stands upright among autumn leaves.
/home/whx/Dataset/fungitastic-m/train/720p/0-2238491597.JPG	a fungus is upright.
/home/whx/Dataset/fungitastic-m/train/720p/2-2303159240.JPG	a fungus stands upright.
/home/whx/Dataset/fungitastic-m/train/720p/0-2238581118.JPG	a fungus stands upright.
/home/whx/Dataset/fungitastic-m/train/720p/1-2238353706.JPG	a fungus stands upright among leaves and grass.
/home/whx/Dataset/fungitastic-m/val/720p/2-3964842391.JPG	a fungus stands upright.
/home/whx/Dataset/fungitastic-m/train/720p/0-2265771702.JPG	a fungus stands upright.
/home/whx/Dataset/fungitastic-m/train/720p/1-2458347984.JPG	a fungus is leaning.
/home/whx/Dataset/fungitastic-m/train/720p/0-2238132607.JPG	A fungus stands amidst decaying wood and debris.
/home/whx/Dataset/fungitastic-m/val/720p/0-3429084351.JPG	a fungus stands upright.
/home/whx/Dataset/fungitastic-m/train/720p/1-2238583824.JPG	a fungus stands amidst fallen leaves.
/home/whx/Dataset/fungitastic-m/train/720p/1-3027625330.JPG	a fungus stands upright.
/home/whx/Dataset/fungitastic-m/train/720p/1-3422333330.JPG	a fungus grows in a cluster, nestled in a crevice.
/home/whx/Dataset/fungitastic-m/train/720p/1-2521519411.JPG	A fungus grows clustered on moss.
/home/whx/Dataset/fungitastic-m/train/720p/0-2238132438.JPG	A fungus is clustered and spherical.
/home/whx/Dataset/fungitastic-m/train/720p/2-2238487454.JPG	A fungus is clustered and growing on a log.
/home/whx/Dataset/fungitastic-m/train/720p/4-3018978380.JPG	a fungus is growing on a tree stump.
/home/whx/Dataset/fungitastic-m/train/720p/6-3018978380.JPG	a fungus is clustered and spherical.
/home/whx/Dataset/fungitastic-m/train/720p/1-2238585123.JPG	a fungus grows upright on moss.
/home/whx/Dataset/fungitastic-m/train/720p/0-2238443489.JPG	a fungus grows clustered on a tree trunk.
/home/whx/Dataset/fungitastic-m/train/720p/2-2238440216.JPG	A fungus grows clustered on decaying wood.
/home/whx/Dataset/fungitastic-m/train/720p/0-3052842363.JPG	A fungus is clustered and upright.
/home/whx/Dataset/fungitastic-m/train/720p/1-2238457434.JPG	A fungus is clustered and upright.
/home/whx/Dataset/fungitastic-m/train/720p/3-3422333320.JPG	a fungus grows upright.
/home/whx/Dataset/fungitastic-m/train/720p/0-3052841398.JPG	a fungus grows on a log.
/home/whx/Dataset/fungitastic-m/train/720p/1-3406495311.JPG	A fungus grows vertically on a tree trunk.
/home/whx/Dataset/fungitastic-m/train/720p/0-2238197741.JPG	A fungus grows in clusters, some upright, some leaning.
/home/whx/Dataset/fungitastic-m/train/720p/2-2862698444.JPG	A fungus stands upright with a slightly curved stem.
/home/whx/Dataset/fungitastic-m/test/720p/1-4465879354.JPG	A fungus stands upright amidst fallen leaves.
/home/whx/Dataset/fungitastic-m/test/720p/0-4465862014.JPG	a fungus stands upright.
/home/whx/Dataset/fungitastic-m/val/720p/3-3913251509.JPG	a fungus lies on forest floor.
/home/whx/Dataset/fungitastic-m/train/720p/1-3395930425.JPG	a fungus lies on autumn leaves.
/home/whx/Dataset/fungitastic-m/train/720p/0-2868483336.JPG	a fungus lies horizontally on forest floor.
/home/whx/Dataset/fungitastic-m/test/720p/1-4465862055.JPG	a fungus lies flat on the ground.
/home/whx/Dataset/fungitastic-m/val/720p/0-3948712454.JPG	a fungus stands upright.
/home/whx/Dataset/fungitastic-m/train/720p/1-2427871920.JPG	a fungus stands upright.
/home/whx/Dataset/fungitastic-m/train/720p/1-3380898325.JPG	a fungus lies flat on the ground.
/home/whx/Dataset/fungitastic-m/train/720p/0-2413147729.JPG	A fungus stands upright in grass.
/home/whx/Dataset/fungitastic-m/train/720p/2-2238562890.JPG	a fungus stands upright.
/home/whx/Dataset/fungitastic-m/train/720p/2-2238529226.JPG	a fungus stands upright.
/home/whx/Dataset/fungitastic-m/test/720p/3-4465878942.JPG	a fungus lies on forest floor, cap up, stem down.
/home/whx/Dataset/fungitastic-m/train/720p/1-2238509233.JPG	a fungus is upright.
/home/whx/Dataset/fungitastic-m/train/720p/3-3355975333.JPG	a fungus lies flat on forest floor.
/home/whx/Dataset/fungitastic-m/test/720p/0-4465879838.JPG	A fungus stands upright among grass.
/home/whx/Dataset/fungitastic-m/train/720p/0-2898620342.JPG	a fungus stands upright.
/home/whx/Dataset/fungitastic-m/train/720p/1-3382577518.JPG	a fungus stands upright.
/home/whx/Dataset/fungitastic-m/train/720p/0-2238455135.JPG	A fungus stands upright among moss and twigs.
/home/whx/Dataset/fungitastic-m/test/720p/1-4465886097.JPG	a fungus stands upright.
/home/whx/Dataset/fungitastic-m/test/720p/1-4465904818.JPG	A fungus stands upright on a log.
/home/whx/Dataset/fungitastic-m/test/720p/1-4465890463.JPG	A fungus stands upright.
/home/whx/Dataset/fungitastic-m/train/720p/2-3358361479.JPG	a fungus stands upright.
/home/whx/Dataset/fungitastic-m/train/720p/1-2446759518.JPG	a fungus is held in a hand.
/home/whx/Dataset/fungitastic-m/test/720p/0-4465894240.JPG	A fungus stands upright on mossy ground.
/home/whx/Dataset/fungitastic-m/train/720p/1-2237944555.JPG	a fungus is curved.
/home/whx/Dataset/fungitastic-m/train/720p/3-2238478242.JPG	A fungus stands amidst grass and leaves.
/home/whx/Dataset/fungitastic-m/train/720p/1-3382571364.JPG	a fungus grows amidst grass and leaves.
/home/whx/Dataset/fungitastic-m/train/720p/0-3380886498.JPG	A fungus stands upright, surrounded by moss and pine needles.
/home/whx/Dataset/fungitastic-m/train/720p/0-2901948516.JPG	A fungus stands upright in grass.
/home/whx/Dataset/fungitastic-m/train/720p/3-2981243416.JPG	a fungus stands upright.
/home/whx/Dataset/fungitastic-m/train/720p/0-2821593318.JPG	a fungus stands upright.
/home/whx/Dataset/fungitastic-m/test/720p/1-4169760618.JPG	a fungus lies on forest floor.
/home/whx/Dataset/fungitastic-m/train/720p/0-3327312310.JPG	a fungus lies on forest floor.
/home/whx/Dataset/fungitastic-m/train/720p/0-3305974312.JPG	a fungus stands upright in grass.
/home/whx/Dataset/fungitastic-m/train/720p/1-2238563826.JPG	a fungus stands upright among leaves.
/home/whx/Dataset/fungitastic-m/train/720p/1-3131217327.JPG	a fungus stands upright in grass.
/home/whx/Dataset/fungitastic-m/train/720p/2-3313870345.JPG	A fungus is held upright.
/home/whx/Dataset/fungitastic-m/train/720p/4-2238492617.JPG	A fungus is curved and textured.
/home/whx/Dataset/fungitastic-m/train/720p/0-2238554571.JPG	a fungus lies on moss.
/home/whx/Dataset/fungitastic-m/train/720p/0-2238564415.JPG	a fungus held upside down.
/home/whx/Dataset/fungitastic-m/val/720p/1-4100092553.JPG	a fungus stands upright.
/home/whx/Dataset/fungitastic-m/val/720p/3-3909143344.JPG	a fungus lies on forest floor, partially buried.
/home/whx/Dataset/fungitastic-m/train/720p/0-3311363315.JPG	a fungus lies on forest floor.
/home/whx/Dataset/fungitastic-m/train/720p/1-2818075317.JPG	a fungus held in hand.
/home/whx/Dataset/fungitastic-m/test/720p/0-4169771383.JPG	a fungus lies on forest floor.
/home/whx/Dataset/fungitastic-m/train/720p/2-2238215837.JPG	a fungus is held in hand.
/home/whx/Dataset/fungitastic-m/train/720p/3-3380890448.JPG	A fungus is leaning slightly to the left.
/home/whx/Dataset/fungitastic-m/train/720p/2-2238575915.JPG	a fungus lies horizontally on the ground.
/home/whx/Dataset/fungitastic-m/train/720p/2-3410047433.JPG	a fungus stands upright.
/home/whx/Dataset/fungitastic-m/train/720p/0-2238404296.JPG	A fungus is resting on a tree stump.
/home/whx/Dataset/fungitastic-m/train/720p/2-3005491343.JPG	a fungus stands upright.
/home/whx/Dataset/fungitastic-m/test/720p/1-4465903773.JPG	a fungus is curved, leaning against a tree stump.
/home/whx/Dataset/fungitastic-m/train/720p/0-2413149162.JPG	a fungus lies flat, with caps spread out.
/home/whx/Dataset/fungitastic-m/test/720p/3-4465905318.JPG	a fungus lies on forest floor, partially buried.
/home/whx/Dataset/fungitastic-m/train/720p/1-2427873037.JPG	a fungus stands upright.
/home/whx/Dataset/fungitastic-m/train/720p/0-2424124443.JPG	a fungus stands upright among forest debris.
/home/whx/Dataset/fungitastic-m/train/720p/0-2999561308.JPG	a fungus lies on forest floor.
/home/whx/Dataset/fungitastic-m/train/720p/0-3410060407.JPG	a fungus lies flat on grass.
/home/whx/Dataset/fungitastic-m/train/720p/0-3395912396.JPG	a fungus stands upright among autumn leaves.
/home/whx/Dataset/fungitastic-m/train/720p/1-2238404296.JPG	a fungus is growing on a log.
/home/whx/Dataset/fungitastic-m/test/720p/1-4465906754.JPG	a fungus is leaning.
/home/whx/Dataset/fungitastic-m/train/720p/0-2901938509.JPG	a fungus lies on its side, cap up, with a piece of the cap detached.
/home/whx/Dataset/fungitastic-m/train/720p/0-3320499330.JPG	a fungus lies on forest floor, partially buried in leaves.
/home/whx/Dataset/fungitastic-m/train/720p/0-2874302476.JPG	a fungus lies on forest floor.
/home/whx/Dataset/fungitastic-m/train/720p/0-2238560818.JPG	a fungus lies flat, gills exposed.
/home/whx/Dataset/fungitastic-m/val/720p/1-3925717409.JPG	a fungus lies flat on the forest floor.
/home/whx/Dataset/fungitastic-m/train/720p/0-2238558393.JPG	a fungus is growing among leaves and grass.
/home/whx/Dataset/fungitastic-m/train/720p/0-2238421759.JPG	a fungus lies on forest floor, cap up, stem down.
/home/whx/Dataset/fungitastic-m/train/720p/1-2238513295.JPG	a fungus rests on forest floor.
/home/whx/Dataset/fungitastic-m/train/720p/0-3386481313.JPG	a fungus stands upright, another lies flat.
/home/whx/Dataset/fungitastic-m/train/720p/0-2874300446.JPG	a fungus stands upright, another lies flat.
/home/whx/Dataset/fungitastic-m/train/720p/1-3336947424.JPG	a fungus stands upright.
/home/whx/Dataset/fungitastic-m/train/720p/0-2238513025.JPG	a fungus is split, with one half lying flat and the other half standing upright.
/home/whx/Dataset/fungitastic-m/train/720p/2-3311356325.JPG	a fungus stands upright among leaves.
/home/whx/Dataset/fungitastic-m/train/720p/1-2238504818.JPG	a fungus held in hand, cap up.
/home/whx/Dataset/fungitastic-m/test/720p/0-4465904369.JPG	a fungus lies on forest floor.
/home/whx/Dataset/fungitastic-m/train/720p/4-2238558749.JPG	a fungus lies flat on a surface.
/home/whx/Dataset/fungitastic-m/test/720p/0-4465908628.JPG	a fungus stands upright among leaves.
/home/whx/Dataset/fungitastic-m/test/720p/1-4169760130.JPG	a fungus stands upright.
/home/whx/Dataset/fungitastic-m/train/720p/0-2238564895.JPG	a fungus stands upright among fallen leaves.
/home/whx/Dataset/fungitastic-m/test/720p/1-4465863387.JPG	a fungus stands upright among leaves.
/home/whx/Dataset/fungitastic-m/val/720p/1-3891491316.JPG	a fungus held in hand.
/home/whx/Dataset/fungitastic-m/train/720p/0-2238474778.JPG	a fungus held upside down.
/home/whx/Dataset/fungitastic-m/test/720p/1-4465886903.JPG	a fungus held in hand.
/home/whx/Dataset/fungitastic-m/train/720p/0-3340158447.JPG	A fungus is held in a hand, split in half.
/home/whx/Dataset/fungitastic-m/train/720p/0-3345612452.JPG	a fungus is held upright.
/home/whx/Dataset/fungitastic-m/train/720p/0-2274829702.JPG	a fungus stands upright.
/home/whx/Dataset/fungitastic-m/val/720p/1-3887950310.JPG	a fungus lies flat on forest floor.
/home/whx/Dataset/fungitastic-m/val/720p/1-3863496328.JPG	A fungus held upside down.
/home/whx/Dataset/fungitastic-m/train/720p/0-2238220042.JPG	a fungus lies on its side in the grass.
/home/whx/Dataset/fungitastic-m/test/720p/0-4465878012.JPG	a fungus lies on moss.
/home/whx/Dataset/fungitastic-m/train/720p/1-3329724345.JPG	a fungus lies on moss.
/home/whx/Dataset/fungitastic-m/train/720p/1-4847342429.JPG	A fungus lies flat, cap up.
/home/whx/Dataset/fungitastic-m/train/720p/1-3336963406.JPG	a fungus lies flat on the ground.
/home/whx/Dataset/fungitastic-m/train/720p/0-3345600479.JPG	a fungus stands upright in grass.
/home/whx/Dataset/fungitastic-m/train/720p/1-2238501294.JPG	a fungus stands upright.
/home/whx/Dataset/fungitastic-m/val/720p/3-3948712365.JPG	a fungus stands upright among autumn leaves.
/home/whx/Dataset/fungitastic-m/train/720p/0-2238561337.JPG	a fungus stands upright among leaves.
/home/whx/Dataset/fungitastic-m/test/720p/0-4465886492.JPG	a fungus lies on moss.
/home/whx/Dataset/fungitastic-m/train/720p/0-2868485344.JPG	a fungus stands upright.
/home/whx/Dataset/fungitastic-m/val/720p/0-3925711560.JPG	a fungus stands upright among autumn leaves.
/home/whx/Dataset/fungitastic-m/val/720p/2-3944339510.JPG	a fungus lies horizontally among leaves.
/home/whx/Dataset/fungitastic-m/train/720p/3-2430667391.JPG	a fungus held upright.
/home/whx/Dataset/fungitastic-m/train/720p/1-2383042732.JPG	a fungus is held in a hand.
/home/whx/Dataset/fungitastic-m/train/720p/2-3343247357.JPG	a fungus lies horizontally on grass.
/home/whx/Dataset/fungitastic-m/train/720p/1-2238561881.JPG	a fungus stands upright.
/home/whx/Dataset/fungitastic-m/val/720p/0-3922623555.JPG	a fungus lies horizontally on the forest floor.
/home/whx/Dataset/fungitastic-m/train/720p/0-2238522967.JPG	a fungus stands upright amidst fallen leaves.
/home/whx/Dataset/fungitastic-m/train/720p/1-2238562763.JPG	a fungus stands upright among leaves.
/home/whx/Dataset/fungitastic-m/test/720p/0-4465865488.JPG	a fungus stands upright amidst fallen leaves.
/home/whx/Dataset/fungitastic-m/train/720p/1-2238354695.JPG	A fungus is lying on its side with soil clinging to its stem.
/home/whx/Dataset/fungitastic-m/train/720p/1-2238147859.JPG	a fungus lies on its side.
/home/whx/Dataset/fungitastic-m/train/720p/3-2818065316.JPG	a fungus lies in grass, cut in half.
/home/whx/Dataset/fungitastic-m/train/720p/2-2238492388.JPG	a fungus lies flat in the grass.
/home/whx/Dataset/fungitastic-m/train/720p/0-3320490341.JPG	a fungus stands upright in grass.
/home/whx/Dataset/fungitastic-m/train/720p/0-2238430730.JPG	a fungus lies broken on forest floor.
/home/whx/Dataset/fungitastic-m/train/720p/2-3406482356.JPG	a fungus lies on its side in the grass.
/home/whx/Dataset/fungitastic-m/test/720p/1-4169758078.JPG	A fungus lies on grass, cap up.
/home/whx/Dataset/fungitastic-m/train/720p/0-3340164302.JPG	a fungus stands upright among grass.
/home/whx/Dataset/fungitastic-m/train/720p/1-2238500576.JPG	a fungus lies flat on grass.
/home/whx/Dataset/fungitastic-m/train/720p/0-3336960311.JPG	A fungus stands upright, surrounded by leaves and wood.
/home/whx/Dataset/fungitastic-m/train/720p/0-2238516487.JPG	a fungus is upright.
/home/whx/Dataset/fungitastic-m/train/720p/6-2332528240.JPG	a fungus is upright.
/home/whx/Dataset/fungitastic-m/test/720p/1-4465888826.JPG	a fungus lies horizontally among leaves.
/home/whx/Dataset/fungitastic-m/test/720p/0-4465894940.JPG	a fungus is resting on the ground.
/home/whx/Dataset/fungitastic-m/test/720p/2-4465881485.JPG	a fungus lies flat on grass.
/home/whx/Dataset/fungitastic-m/train/720p/0-3392616468.JPG	a fungus lies horizontally on the forest floor.
/home/whx/Dataset/fungitastic-m/train/720p/0-2238520928.JPG	A fungus stands upright among autumn leaves.
/home/whx/Dataset/fungitastic-m/train/720p/4-2417207772.JPG	A fungus stands upright amidst greenery.
/home/whx/Dataset/fungitastic-m/train/720p/0-2874315352.JPG	a fungus stands upright amidst fallen leaves.
/home/whx/Dataset/fungitastic-m/train/720p/0-2864904396.JPG	a fungus stands upright among leaves.
/home/whx/Dataset/fungitastic-m/val/720p/0-3913255484.JPG	a fungus lies on the ground, partially broken.
/home/whx/Dataset/fungitastic-m/val/720p/2-3922623640.JPG	a fungus is leaning on a log.
/home/whx/Dataset/fungitastic-m/train/720p/0-3392604457.JPG	A fungus stands upright among autumn leaves.
/home/whx/Dataset/fungitastic-m/test/720p/0-4169769550.JPG	a fungus stands upright in grass.
/home/whx/Dataset/fungitastic-m/val/720p/0-3948715310.JPG	a fungus stands upright.
/home/whx/Dataset/fungitastic-m/train/720p/1-2430665914.JPG	a fungus stands upright among autumn leaves.
/home/whx/Dataset/fungitastic-m/test/720p/0-4169769498.JPG	a fungus stands upright in the grass.
/home/whx/Dataset/fungitastic-m/train/720p/0-2238418625.JPG	a fungus stands upright.
/home/whx/Dataset/fungitastic-m/val/720p/2-3922627509.JPG	a fungus lies on the ground.
/home/whx/Dataset/fungitastic-m/train/720p/0-2874307504.JPG	a fungus lies horizontally on the ground.
/home/whx/Dataset/fungitastic-m/train/720p/2-2238524674.JPG	a fungus lies horizontally in grass.
/home/whx/Dataset/fungitastic-m/test/720p/0-4465873727.JPG	a fungus grows upright.
/home/whx/Dataset/fungitastic-m/train/720p/3-2860297415.JPG	a fungus is lying flat.
/home/whx/Dataset/fungitastic-m/train/720p/1-2238501339.JPG	a fungus is broken in half.
/home/whx/Dataset/fungitastic-m/test/720p/1-4465867224.JPG	a fungus stands upright.
/home/whx/Dataset/fungitastic-m/train/720p/4-3392608370.JPG	a fungus stands upright.
/home/whx/Dataset/fungitastic-m/train/720p/3-3327308306.JPG	a fungus stands upright.
/home/whx/Dataset/fungitastic-m/test/720p/0-4465889655.JPG	a fungus is leaning against a log.
/home/whx/Dataset/fungitastic-m/test/720p/0-4465876832.JPG	a fungus stands upright.
/home/whx/Dataset/fungitastic-m/train/720p/0-2238556770.JPG	a fungus held upright.
/home/whx/Dataset/fungitastic-m/val/720p/2-3865761313.JPG	A fungus held upright.
/home/whx/Dataset/fungitastic-m/val/720p/0-3913251534.JPG	a fungus stands upright among leaves.
/home/whx/Dataset/fungitastic-m/train/720p/0-3340164448.JPG	a fungus stands upright in soil.
/home/whx/Dataset/fungitastic-m/train/720p/0-3345614476.JPG	a fungus stands upright in soil.
/home/whx/Dataset/fungitastic-m/val/720p/1-3922628519.JPG	a fungus lies broken, scattered among leaves.
/home/whx/Dataset/fungitastic-m/train/720p/0-2238558419.JPG	a fungus stands upright.
/home/whx/Dataset/fungitastic-m/test/720p/0-4465868656.JPG	a fungus stands upright.
/home/whx/Dataset/fungitastic-m/train/720p/0-2382321470.JPG	a fungus lies horizontally in grass.
/home/whx/Dataset/fungitastic-m/train/720p/0-3320493318.JPG	a fungus lies flat in grass.
/home/whx/Dataset/fungitastic-m/train/720p/2-3392607435.JPG	The fungus appears as a single, elongated oval structure.
/home/whx/Dataset/fungitastic-m/train/720p/0-2874310319.JPG	a fungus lies in grass.
/home/whx/Dataset/fungitastic-m/train/720p/0-2883254530.JPG	a fungus stands upright in grass.
/home/whx/Dataset/fungitastic-m/val/720p/1-3964844410.JPG	a fungus lies flat on the ground.
/home/whx/Dataset/fungitastic-m/train/720p/0-2901939386.JPG	a fungus stands upright in grass.
/home/whx/Dataset/fungitastic-m/train/720p/0-3320502337.JPG	a fungus lies on its side in grass.
/home/whx/Dataset/fungitastic-m/train/720p/1-2237918339.JPG	a fungus lies in grass, partially cut.
/home/whx/Dataset/fungitastic-m/val/720p/1-3899715426.JPG	A fungus held upright.
/home/whx/Dataset/fungitastic-m/train/720p/0-2821586341.JPG	a fungus stands upright in grass.
/home/whx/Dataset/fungitastic-m/val/720p/2-3909141383.JPG	A fungus stands upright in the grass.
/home/whx/Dataset/fungitastic-m/val/720p/1-3916269344.JPG	a fungus lies in grass.
/home/whx/Dataset/fungitastic-m/val/720p/2-3863504326.JPG	a fungus lies flat on grass.
/home/whx/Dataset/fungitastic-m/train/720p/0-3332298340.JPG	a fungus stands upright in the grass.
/home/whx/Dataset/fungitastic-m/train/720p/0-3080228333.JPG	a fungus stands upright in grass.
/home/whx/Dataset/fungitastic-m/train/720p/0-2562049373.JPG	A fungus is growing among twigs and moss.
/home/whx/Dataset/fungitastic-m/train/720p/0-3014649344.JPG	A fungus stands upright on a mossy forest floor.
/home/whx/Dataset/fungitastic-m/train/720p/1-2562049634.JPG	A fungus is growing in a cluster on the forest floor.
/home/whx/Dataset/fungitastic-m/val/720p/0-3944341651.JPG	A fungus is growing upright.
/home/whx/Dataset/fungitastic-m/val/720p/0-3962116645.JPG	a fungus lies flat on moss.
/home/whx/Dataset/fungitastic-m/train/720p/3-3422345324.JPG	a fungus stands upright amidst moss.
/home/whx/Dataset/fungitastic-m/train/720p/0-2237959142.JPG	a fungus is bent and broken.
/home/whx/Dataset/fungitastic-m/test/720p/0-4465888115.JPG	A fungus stands upright, with cap and stem clearly visible.
/home/whx/Dataset/fungitastic-m/test/720p/0-4100100067.JPG	A fungus stands upright amidst fallen leaves and moss.
/home/whx/Dataset/fungitastic-m/train/720p/3-3116974336.JPG	a fungus stands upright.
/home/whx/Dataset/fungitastic-m/val/720p/1-3424508372.JPG	a fungus stands upright.
/home/whx/Dataset/fungitastic-m/train/720p/0-2449443110.JPG	a fungus is upright.
/home/whx/Dataset/fungitastic-m/test/720p/0-4465906371.JPG	a fungus stands upright.
/home/whx/Dataset/fungitastic-m/train/720p/1-2238534482.JPG	A fungus is resting on a mossy surface.
/home/whx/Dataset/fungitastic-m/test/720p/0-4100096856.JPG	a fungus stands upright among leaves.
/home/whx/Dataset/fungitastic-m/train/720p/0-3380892483.JPG	a fungus stands upright among grass and moss.
/home/whx/Dataset/fungitastic-m/train/720p/2-3336950345.JPG	A fungus is growing in a cluster, leaning slightly towards the log.
/home/whx/Dataset/fungitastic-m/test/720p/1-4465882150.JPG	a fungus is leaning against a piece of wood.
/home/whx/Dataset/fungitastic-m/test/720p/0-4465894276.JPG	A fungus stands upright among autumn leaves.
/home/whx/Dataset/fungitastic-m/val/720p/0-3916264761.JPG	A fungus grows amidst fallen leaves and decaying wood.
/home/whx/Dataset/fungitastic-m/val/720p/0-3968582317.JPG	a fungus stands upright amidst moss.
/home/whx/Dataset/fungitastic-m/test/720p/0-4465876213.JPG	a fungus stands upright.
/home/whx/Dataset/fungitastic-m/test/720p/1-4465893565.JPG	A fungus is clustered, growing on moss.
/home/whx/Dataset/fungitastic-m/test/720p/0-4465867494.JPG	A fungus grows in a cluster, resting on moss.
/home/whx/Dataset/fungitastic-m/test/720p/2-4465884693.JPG	a fungus is upright with a wide cap.
/home/whx/Dataset/fungitastic-m/train/720p/0-2862693344.JPG	A fungus stands upright on a log.
/home/whx/Dataset/fungitastic-m/test/720p/1-4465895572.JPG	A fungus stands upright on a decaying log.
/home/whx/Dataset/fungitastic-m/train/720p/0-2238380404.JPG	a fungus stands upright on a log.
/home/whx/Dataset/fungitastic-m/train/720p/0-2417206464.JPG	a fungus stands upright on a log.
/home/whx/Dataset/fungitastic-m/val/720p/1-3944341906.JPG	a fungus stands upright.
/home/whx/Dataset/fungitastic-m/train/720p/0-3336953417.JPG	A fungus stands upright, slightly leaning.
/home/whx/Dataset/fungitastic-m/train/720p/1-2294394851.JPG	a fungus stands upright.
/home/whx/Dataset/fungitastic-m/train/720p/0-3380905445.JPG	A fungus stands upright among leaves.
/home/whx/Dataset/fungitastic-m/test/720p/2-4465890780.JPG	a fungus stands upright.
/home/whx/Dataset/fungitastic-m/train/720p/0-2238578341.JPG	a fungus stands upright.
/home/whx/Dataset/fungitastic-m/train/720p/1-2238514662.JPG	a fungus leans against a branch.
/home/whx/Dataset/fungitastic-m/val/720p/0-3913251512.JPG	a fungus is leaning.
/home/whx/Dataset/fungitastic-m/test/720p/3-4465901555.JPG	a fungus is bent, with cap facing upward.
/home/whx/Dataset/fungitastic-m/train/720p/0-2883272333.JPG	A fungus stands upright.
/home/whx/Dataset/fungitastic-m/val/720p/0-3909140644.JPG	A fungus stands upright amidst moss.
/home/whx/Dataset/fungitastic-m/train/720p/0-2864915412.JPG	A fungus stands upright with slender, reddish stems.
/home/whx/Dataset/fungitastic-m/train/720p/0-2238525150.JPG	a fungus stands upright.
/home/whx/Dataset/fungitastic-m/train/720p/0-2238560164.JPG	a fungus leans over moss.
/home/whx/Dataset/fungitastic-m/test/720p/0-4465873681.JPG	a fungus stands upright amidst fallen leaves.
/home/whx/Dataset/fungitastic-m/train/720p/1-2512875391.JPG	a fungus stands upright with a curved stem.
/home/whx/Dataset/fungitastic-m/train/720p/0-2238483674.JPG	a fungus lies horizontally on the ground.
/home/whx/Dataset/fungitastic-m/train/720p/0-2898622415.JPG	A fungus stands upright with a conical cap.
/home/whx/Dataset/fungitastic-m/val/720p/1-3925714369.JPG	a fungus stands upright.
/home/whx/Dataset/fungitastic-m/train/720p/0-3386485327.JPG	a fungus is bent.
/home/whx/Dataset/fungitastic-m/train/720p/0-2238501731.JPG	a fungus lies on grass.
/home/whx/Dataset/fungitastic-m/train/720p/0-3305977305.JPG	a fungus lies flat on grass.
/home/whx/Dataset/fungitastic-m/train/720p/2-2862685345.JPG	a fungus lies in grass.
/home/whx/Dataset/fungitastic-m/train/720p/2-2238501731.JPG	a fungus stands upright in grass.
/home/whx/Dataset/fungitastic-m/train/720p/1-2862703418.JPG	a fungus stands upright amidst debris.
/home/whx/Dataset/fungitastic-m/train/720p/0-3343245314.JPG	a fungus is scattered on the ground.
/home/whx/Dataset/fungitastic-m/train/720p/0-2238495401.JPG	A fungus stands upright.
/home/whx/Dataset/fungitastic-m/train/720p/1-3018974310.JPG	a fungus lies horizontally on grass.
/home/whx/Dataset/fungitastic-m/train/720p/1-2238495264.JPG	a fungus held upside down.
/home/whx/Dataset/fungitastic-m/test/720p/0-4465878748.JPG	a fungus lies in grass, cap up.
/home/whx/Dataset/fungitastic-m/val/720p/2-3944344635.JPG	A fungus is held vertically, cap facing down.
/home/whx/Dataset/fungitastic-m/train/720p/0-2237930627.JPG	a fungus lies on its side.
/home/whx/Dataset/fungitastic-m/val/720p/0-3887940340.JPG	a fungus stands upright with a cap and stem.
/home/whx/Dataset/fungitastic-m/train/720p/0-3399809397.JPG	a fungus stands upright among leaves.
/home/whx/Dataset/fungitastic-m/train/720p/0-2424123254.JPG	A fungus lies on grass, cap up.
/home/whx/Dataset/fungitastic-m/val/720p/1-3962118532.JPG	a fungus is broken and lying on autumn leaves.
/home/whx/Dataset/fungitastic-m/train/720p/1-3340163311.JPG	a fungus lies on forest floor, cap up.
/home/whx/Dataset/fungitastic-m/train/720p/0-2860307424.JPG	a fungus stands upright.
/home/whx/Dataset/fungitastic-m/train/720p/0-3358348351.JPG	a fungus lies on moss.
/home/whx/Dataset/fungitastic-m/val/720p/0-3909142367.JPG	a fungus lies on its side.
/home/whx/Dataset/fungitastic-m/val/720p/0-3909142447.JPG	a fungus lies on moss.
/home/whx/Dataset/fungitastic-m/train/720p/4-3345602371.JPG	a fungus lies on forest floor, cap up.
/home/whx/Dataset/fungitastic-m/test/720p/1-4465879004.JPG	a fungus lies on forest floor.
/home/whx/Dataset/fungitastic-m/train/720p/2-2864898429.JPG	a fungus lies horizontally on forest floor.
/home/whx/Dataset/fungitastic-m/train/720p/2-3343247448.JPG	a fungus is leaning.
/home/whx/Dataset/fungitastic-m/train/720p/0-2413149048.JPG	a fungus lies horizontally on the forest floor.
/home/whx/Dataset/fungitastic-m/train/720p/1-3327298337.JPG	a fungus lies on forest floor, cap up, with gills visible.
/home/whx/Dataset/fungitastic-m/val/720p/0-3948712369.JPG	a fungus lies on autumn leaves.
/home/whx/Dataset/fungitastic-m/train/720p/2-3340157387.JPG	a fungus stands upright, cap slightly folded.
/home/whx/Dataset/fungitastic-m/train/720p/3-2874307434.JPG	a fungus is upright.
/home/whx/Dataset/fungitastic-m/train/720p/1-2868481392.JPG	A fungus held upside down.
/home/whx/Dataset/fungitastic-m/train/720p/1-2981229467.JPG	a fungus lies among leaves.
/home/whx/Dataset/fungitastic-m/val/720p/1-3944342842.JPG	a fungus stands amidst fallen leaves.
/home/whx/Dataset/fungitastic-m/val/720p/1-3916268731.JPG	a fungus held upright.
/home/whx/Dataset/fungitastic-m/train/720p/1-2446759265.JPG	a fungus is growing among leaves.
/home/whx/Dataset/fungitastic-m/train/720p/1-3386488316.JPG	A fungus stands upright among forest debris.
/home/whx/Dataset/fungitastic-m/test/720p/0-4465872980.JPG	a fungus lies among fallen leaves.
/home/whx/Dataset/fungitastic-m/train/720p/0-2425492975.JPG	a fungus stands upright among leaves.
/home/whx/Dataset/fungitastic-m/train/720p/4-2898620313.JPG	a fungus lies among fallen leaves.
/home/whx/Dataset/fungitastic-m/train/720p/0-2898633483.JPG	a fungus stands amidst fallen leaves.
/home/whx/Dataset/fungitastic-m/val/720p/0-3944342516.JPG	a fungus stands upright.
/home/whx/Dataset/fungitastic-m/train/720p/0-2238508632.JPG	a fungus stands upright.
/home/whx/Dataset/fungitastic-m/train/720p/0-3382576549.JPG	a fungus lies flat, cap up.
/home/whx/Dataset/fungitastic-m/train/720p/0-2238507241.JPG	a fungus stands upright amidst fallen leaves.
/home/whx/Dataset/fungitastic-m/train/720p/0-4847346494.JPG	a fungus held upside down.
/home/whx/Dataset/fungitastic-m/train/720p/0-2446760038.JPG	a fungus stands upright among autumn leaves.
/home/whx/Dataset/fungitastic-m/test/720p/0-4465900369.JPG	A fungus is resting on autumn leaves.
/home/whx/Dataset/fungitastic-m/train/720p/0-2883268357.JPG	a fungus held between fingers.
/home/whx/Dataset/fungitastic-m/train/720p/0-2382324991.JPG	a fungus stands upright.
/home/whx/Dataset/fungitastic-m/train/720p/1-2883273487.JPG	a fungus lies on moss.
/home/whx/Dataset/fungitastic-m/train/720p/0-2964216340.JPG	a fungus stands upright.
/home/whx/Dataset/fungitastic-m/train/720p/1-2901948353.JPG	a fungus lies flat on moss.
/home/whx/Dataset/fungitastic-m/train/720p/0-2351006376.JPG	a fungus stands upright.
/home/whx/Dataset/fungitastic-m/train/720p/1-2238530092.JPG	a fungus is upright.
/home/whx/Dataset/fungitastic-m/test/720p/0-4465888460.JPG	a fungus lies flat on forest floor.
/home/whx/Dataset/fungitastic-m/val/720p/4-3922622635.JPG	a fungus lies on forest floor, cap up, stem down.
/home/whx/Dataset/fungitastic-m/val/720p/1-3925711736.JPG	a fungus stands upright.
/home/whx/Dataset/fungitastic-m/val/720p/1-3968586509.JPG	a fungus lies horizontally on forest floor.
/home/whx/Dataset/fungitastic-m/train/720p/1-2864899382.JPG	a fungus held upright.
/home/whx/Dataset/fungitastic-m/train/720p/0-2383042143.JPG	a fungus stands upright.
/home/whx/Dataset/fungitastic-m/train/720p/1-2238559008.JPG	a fungus stands upright.
/home/whx/Dataset/fungitastic-m/train/720p/0-3399799374.JPG	a fungus grows upright among forest debris.
/home/whx/Dataset/fungitastic-m/train/720p/0-2533935056.JPG	A fungus held upright.
/home/whx/Dataset/fungitastic-m/test/720p/2-4169767486.JPG	a fungus stands upright.
/home/whx/Dataset/fungitastic-m/train/720p/6-2238515663.JPG	A fungus stands upright amidst fallen leaves.
/home/whx/Dataset/fungitastic-m/train/720p/1-2303159525.JPG	a fungus is upright.
/home/whx/Dataset/fungitastic-m/test/720p/2-4465877855.JPG	A fungus appears spherical and clustered.
/home/whx/Dataset/fungitastic-m/train/720p/0-3320495336.JPG	a fungus stands upright.
/home/whx/Dataset/fungitastic-m/train/720p/1-2285836182.JPG	a fungus lies horizontally on forest floor.
/home/whx/Dataset/fungitastic-m/test/720p/0-4169768357.JPG	a fungus lies horizontally on forest floor.
/home/whx/Dataset/fungitastic-m/test/720p/1-4465879632.JPG	a fungus stands upright.
/home/whx/Dataset/fungitastic-m/train/720p/1-3343238379.JPG	A fungus held horizontally.
/home/whx/Dataset/fungitastic-m/train/720p/0-2265771984.JPG	a fungus grows amidst grass and leaves.
/home/whx/Dataset/fungitastic-m/train/720p/0-3327310308.JPG	A fungus stands upright on moss.
/home/whx/Dataset/fungitastic-m/train/720p/0-2238146989.JPG	a fungus stands upright.
/home/whx/Dataset/fungitastic-m/val/720p/0-3925715718.JPG	a fungus stands upright.
/home/whx/Dataset/fungitastic-m/train/720p/2-3332296342.JPG	a fungus lies horizontally.
/home/whx/Dataset/fungitastic-m/test/720p/0-4465876437.JPG	a fungus lies horizontally on moss.
/home/whx/Dataset/fungitastic-m/test/720p/1-4465866818.JPG	a fungus stands upright.
/home/whx/Dataset/fungitastic-m/train/720p/0-3410057310.JPG	a fungus stands upright amidst fallen leaves.
/home/whx/Dataset/fungitastic-m/train/720p/0-2421822188.JPG	a fungus stands upright in grass.
/home/whx/Dataset/fungitastic-m/test/720p/0-4169758919.JPG	a fungus lies horizontally on the ground.
/home/whx/Dataset/fungitastic-m/train/720p/0-2273838494.JPG	a fungus stands upright.
/home/whx/Dataset/fungitastic-m/train/720p/2-2238164649.JPG	a fungus is upright.
/home/whx/Dataset/fungitastic-m/train/720p/0-2238493844.JPG	a fungus is lying on the ground.
/home/whx/Dataset/fungitastic-m/train/720p/0-2816371332.JPG	a fungus stands upright.
/home/whx/Dataset/fungitastic-m/train/720p/4-2238495196.JPG	a fungus stands upright in soil.
/home/whx/Dataset/fungitastic-m/test/720p/4-4169769432.JPG	a fungus held upright.
/home/whx/Dataset/fungitastic-m/test/720p/0-4465874796.JPG	A fungus held upright.
/home/whx/Dataset/fungitastic-m/train/720p/0-3395912417.JPG	a fungus stands upright among autumn leaves.
/home/whx/Dataset/fungitastic-m/val/720p/0-3867920328.JPG	a fungus stands upright.
/home/whx/Dataset/fungitastic-m/train/720p/0-2269197720.JPG	a fungus lies on forest floor, partially buried.
/home/whx/Dataset/fungitastic-m/train/720p/1-2238493314.JPG	a fungus lies flat, cap up.
/home/whx/Dataset/fungitastic-m/train/720p/4-2351006582.JPG	A fungus is cut in half, revealing its interior.
/home/whx/Dataset/fungitastic-m/test/720p/0-4169769464.JPG	a fungus lies flat on the ground.
/home/whx/Dataset/fungitastic-m/test/720p/3-4465904648.JPG	a fungus lies flat on forest floor.
/home/whx/Dataset/fungitastic-m/test/720p/0-4465903476.JPG	a fungus lies flat on autumn leaves.
/home/whx/Dataset/fungitastic-m/train/720p/0-2427872539.JPG	A fungus is scattered on the forest floor.
/home/whx/Dataset/fungitastic-m/test/720p/1-4465903360.JPG	A fungus is scattered on the forest floor.
/home/whx/Dataset/fungitastic-m/train/720p/0-2864911422.JPG	a fungus stands upright.
/home/whx/Dataset/fungitastic-m/train/720p/0-3358365398.JPG	a fungus is upright among leaves.
/home/whx/Dataset/fungitastic-m/train/720p/4-2238522868.JPG	a fungus is resting on the forest floor.
/home/whx/Dataset/fungitastic-m/train/720p/1-2427873380.JPG	a fungus is lying horizontally on the ground.
/home/whx/Dataset/fungitastic-m/val/720p/1-3948711815.JPG	a fungus lies flat on autumn leaves.
/home/whx/Dataset/fungitastic-m/val/720p/0-3925718463.JPG	A fungus grows in a cluster on the forest floor.
/home/whx/Dataset/fungitastic-m/train/720p/0-2898636329.JPG	a fungus lies among autumn leaves.
/home/whx/Dataset/fungitastic-m/train/720p/1-3395912351.JPG	a fungus stands upright among leaves.
/home/whx/Dataset/fungitastic-m/train/720p/0-2430666261.JPG	A fungus grows among fallen leaves.
/home/whx/Dataset/fungitastic-m/train/720p/0-2238578598.JPG	a fungus is held upside down.
/home/whx/Dataset/fungitastic-m/val/720p/0-3925717725.JPG	a fungus stands upright among leaves.
/home/whx/Dataset/fungitastic-m/train/720p/0-2427873942.JPG	a fungus lies horizontally, cap facing upward.
/home/whx/Dataset/fungitastic-m/train/720p/3-2901935327.JPG	A fungus lies flat, cap slightly curled.
/home/whx/Dataset/fungitastic-m/val/720p/1-3913254489.JPG	a fungus stands upright.
/home/whx/Dataset/fungitastic-m/test/720p/0-4465902735.JPG	a fungus leans on a leaf.
/home/whx/Dataset/fungitastic-m/train/720p/0-2238449110.JPG	a fungus is upright, with a cap and gills visible.
/home/whx/Dataset/fungitastic-m/train/720p/1-3014639318.JPG	A fungus stands upright among fallen leaves.
/home/whx/Dataset/fungitastic-m/test/720p/4-4465898156.JPG	a fungus stands upright.
/home/whx/Dataset/fungitastic-m/test/720p/2-4465898156.JPG	a fungus is leaning against a tree trunk.
/home/whx/Dataset/fungitastic-m/train/720p/1-2446760506.JPG	a fungus stands upright among fallen leaves.
/home/whx/Dataset/fungitastic-m/train/720p/0-2868475307.JPG	A fungus grows on a decaying log.
/home/whx/Dataset/fungitastic-m/train/720p/1-2851421345.JPG	a fungus stands upright.
/home/whx/Dataset/fungitastic-m/test/720p/2-4465902735.JPG	a fungus is spread out, displaying gills.
/home/whx/Dataset/fungitastic-m/train/720p/6-2238559964.JPG	A fungus is partially buried in soil, with a white stalk extending upwards.
/home/whx/Dataset/fungitastic-m/train/720p/1-2237966912.JPG	a fungus stands upright among leaves.
/home/whx/Dataset/fungitastic-m/train/720p/0-2874305451.JPG	a fungus leans over a mossy log.
/home/whx/Dataset/fungitastic-m/val/720p/1-3899714449.JPG	a fungus stands upright.
/home/whx/Dataset/fungitastic-m/train/720p/2-2238559964.JPG	A fungus stands upright on moss.
/home/whx/Dataset/fungitastic-m/val/720p/0-3909138615.JPG	a fungus stands upright amidst fallen leaves.
/home/whx/Dataset/fungitastic-m/test/720p/0-4465908475.JPG	a fungus stands upright.
/home/whx/Dataset/fungitastic-m/train/720p/0-3355978323.JPG	a fungus stands upright.
/home/whx/Dataset/fungitastic-m/train/720p/1-2238383917.JPG	a fungus stands upright, another lies flat.
/home/whx/Dataset/fungitastic-m/train/720p/1-2864914355.JPG	a fungus stands upright in grass.
/home/whx/Dataset/fungitastic-m/train/720p/0-2425494436.JPG	a fungus lies flat on grass.
/home/whx/Dataset/fungitastic-m/val/720p/0-3964842335.JPG	a fungus lies on the forest floor.
/home/whx/Dataset/fungitastic-m/train/720p/0-2898630474.JPG	A fungus stands upright, surrounded by autumn leaves.
/home/whx/Dataset/fungitastic-m/train/720p/0-3355977364.JPG	a fungus stands upright in grass.
/home/whx/Dataset/fungitastic-m/train/720p/1-2864915330.JPG	a fungus stands upright.
/home/whx/Dataset/fungitastic-m/val/720p/0-3925714745.JPG	a fungus stands upright.
/home/whx/Dataset/fungitastic-m/val/720p/0-3944342969.JPG	A fungus stands upright amidst fallen leaves.
/home/whx/Dataset/fungitastic-m/val/720p/0-3909144617.JPG	a fungus stands upright.
/home/whx/Dataset/fungitastic-m/test/720p/0-4465875742.JPG	a fungus stands upright.
/home/whx/Dataset/fungitastic-m/val/720p/1-3922624549.JPG	A fungus stands upright amidst greenery.
/home/whx/Dataset/fungitastic-m/test/720p/0-4465901402.JPG	a fungus stands upright amidst grass.
/home/whx/Dataset/fungitastic-m/test/720p/0-4465883597.JPG	a fungus lies on grass.
/home/whx/Dataset/fungitastic-m/val/720p/0-3922621900.JPG	A fungus stands upright in the forest.
/home/whx/Dataset/fungitastic-m/val/720p/0-3962114615.JPG	A fungus is split open, revealing its interior.
/home/whx/Dataset/fungitastic-m/train/720p/0-3336957399.JPG	a fungus stands upright.
/home/whx/Dataset/fungitastic-m/train/720p/0-3382561354.JPG	a fungus stands upright.
/home/whx/Dataset/fungitastic-m/train/720p/1-3343246344.JPG	A fungus held upright.
/home/whx/Dataset/fungitastic-m/train/720p/1-2818073333.JPG	a fungus lies flat on forest floor.
/home/whx/Dataset/fungitastic-m/test/720p/1-4465866500.JPG	a fungus stands upright.
/home/whx/Dataset/fungitastic-m/train/720p/1-3334607328.JPG	a fungus stands upright on moss.
/home/whx/Dataset/fungitastic-m/val/720p/0-3916264340.JPG	a fungus lies on its side in the grass.
/home/whx/Dataset/fungitastic-m/train/720p/0-3340168390.JPG	a fungus stands upright.
/home/whx/Dataset/fungitastic-m/train/720p/0-3395918407.JPG	a fungus lies on forest floor.
/home/whx/Dataset/fungitastic-m/train/720p/0-2964212379.JPG	a fungus is lying on its side.
/home/whx/Dataset/fungitastic-m/train/720p/1-3343247367.JPG	a fungus lies on forest floor.
/home/whx/Dataset/fungitastic-m/train/720p/0-2898635429.JPG	A fungus held upright.
/home/whx/Dataset/fungitastic-m/train/720p/1-3336952320.JPG	a fungus stands upright.
