image	response
/home/whx/Dataset/semi-aves/trainval_images/0/8.jpg	a bird stands on one leg.
/home/whx/Dataset/semi-aves/trainval_images/0/36.jpg	a bird stands alert, perched on moss.
/home/whx/Dataset/semi-aves/trainval_images/0/4.jpg	a bird stands on sandy beach, head slightly tilted.
/home/whx/Dataset/semi-aves/trainval_images/0/16.jpg	a bird stands on the wet sand.
/home/whx/Dataset/semi-aves/trainval_images/0/7.jpg	a bird stands on rocks, facing right.
/home/whx/Dataset/semi-aves/trainval_images/0/31.jpg	a bird is flying.
/home/whx/Dataset/semi-aves/trainval_images/0/28.jpg	a bird stands in shallow water.
/home/whx/Dataset/semi-aves/trainval_images/0/30.jpg	a bird stands on one leg.
/home/whx/Dataset/semi-aves/trainval_images/1/24.jpg	a bird perched on a rusty wire.
/home/whx/Dataset/semi-aves/trainval_images/1/13.jpg	a bird in flight.
/home/whx/Dataset/semi-aves/trainval_images/1/6.jpg	a bird is perched on water.
/home/whx/Dataset/semi-aves/trainval_images/1/31.jpg	a bird soars.
/home/whx/Dataset/semi-aves/trainval_images/1/0.jpg	a bird in flight, wings spread.
/home/whx/Dataset/semi-aves/trainval_images/1/28.jpg	a bird is in flight, wings spread.
/home/whx/Dataset/semi-aves/trainval_images/1/26.jpg	a bird standing on the ground.
/home/whx/Dataset/semi-aves/trainval_images/1/12.jpg	a bird perched on branch.
/home/whx/Dataset/semi-aves/trainval_images/2/27.jpg	a bird perched on branch.
/home/whx/Dataset/semi-aves/trainval_images/2/38.jpg	a bird perched on barbed wire.
/home/whx/Dataset/semi-aves/trainval_images/2/0.jpg	a bird perched on a wire.
/home/whx/Dataset/semi-aves/trainval_images/2/28.jpg	a bird perched on a branch.
/home/whx/Dataset/semi-aves/trainval_images/2/17.jpg	a bird flying low over water.
/home/whx/Dataset/semi-aves/trainval_images/2/14.jpg	a bird perched on a rope.
/home/whx/Dataset/semi-aves/trainval_images/2/6.jpg	a bird perched in a hole.
/home/whx/Dataset/semi-aves/trainval_images/2/20.jpg	a bird in flight, wings spread.
/home/whx/Dataset/semi-aves/trainval_images/3/1.jpg	a bird perched on branch.
/home/whx/Dataset/semi-aves/trainval_images/3/34.jpg	a bird perched on branch.
/home/whx/Dataset/semi-aves/trainval_images/3/33.jpg	a bird perched on branch.
/home/whx/Dataset/semi-aves/trainval_images/3/0.jpg	a bird perched on a branch.
/home/whx/Dataset/semi-aves/trainval_images/3/30.jpg	a bird perched on a branch.
/home/whx/Dataset/semi-aves/trainval_images/3/28.jpg	a bird perched on a branch.
/home/whx/Dataset/semi-aves/trainval_images/3/12.jpg	a bird perched on a branch.
/home/whx/Dataset/semi-aves/trainval_images/3/21.jpg	a bird perched on a branch.
/home/whx/Dataset/semi-aves/trainval_images/4/13.jpg	a bird spreads wings, standing in water.
/home/whx/Dataset/semi-aves/trainval_images/4/27.jpg	a bird perched on a branch.
/home/whx/Dataset/semi-aves/trainval_images/4/1.jpg	a bird stands on lily pads.
/home/whx/Dataset/semi-aves/trainval_images/4/33.jpg	a bird stands with head lowered, pecking at ground.
/home/whx/Dataset/semi-aves/trainval_images/4/14.jpg	a bird perched on edge.
/home/whx/Dataset/semi-aves/trainval_images/4/28.jpg	a bird stands on lily pads, head lowered.
/home/whx/Dataset/semi-aves/trainval_images/4/31.jpg	a bird stands still.
/home/whx/Dataset/semi-aves/trainval_images/4/35.jpg	a bird in flight
/home/whx/Dataset/semi-aves/trainval_images/5/14.jpg	a bird stands upright.
/home/whx/Dataset/semi-aves/trainval_images/5/22.jpg	a bird stands on rocks, facing left.
/home/whx/Dataset/semi-aves/trainval_images/5/46.jpg	a bird perched on a rock.
/home/whx/Dataset/semi-aves/trainval_images/5/43.jpg	a bird stands upright on rocks.
/home/whx/Dataset/semi-aves/trainval_images/5/44.jpg	a bird stands in shallow water.
/home/whx/Dataset/semi-aves/trainval_images/5/29.jpg	a bird perched on rocks.
/home/whx/Dataset/semi-aves/trainval_images/5/18.jpg	a bird stands on rocks, beak open.
/home/whx/Dataset/semi-aves/trainval_images/5/1.jpg	a bird stands on beach, beak in water.
/home/whx/Dataset/semi-aves/trainval_images/6/26.jpg	a bird stands in water, head slightly lowered.
/home/whx/Dataset/semi-aves/trainval_images/6/35.jpg	a bird stands in water, head down, legs extended.
/home/whx/Dataset/semi-aves/trainval_images/6/6.jpg	a bird in flight, wings spread.
/home/whx/Dataset/semi-aves/trainval_images/6/11.jpg	a bird is standing in water, head down.
/home/whx/Dataset/semi-aves/trainval_images/6/18.jpg	a bird stands in water, head slightly lowered.
/home/whx/Dataset/semi-aves/trainval_images/6/7.jpg	a bird floating on water.
/home/whx/Dataset/semi-aves/trainval_images/6/23.jpg	a bird in flight, wings spread, head turned.
/home/whx/Dataset/semi-aves/trainval_images/6/10.jpg	a bird stands in water, legs spread, head down.
/home/whx/Dataset/semi-aves/trainval_images/7/32.jpg	a bird perched on a post.
/home/whx/Dataset/semi-aves/trainval_images/7/27.jpg	a bird perched on branch.
/home/whx/Dataset/semi-aves/trainval_images/7/40.jpg	a bird perched on branch.
/home/whx/Dataset/semi-aves/trainval_images/7/12.jpg	a bird perched on a branch.
/home/whx/Dataset/semi-aves/trainval_images/7/19.jpg	a bird stands on a wooden deck.
/home/whx/Dataset/semi-aves/trainval_images/7/18.jpg	a bird perched on a spiral.
/home/whx/Dataset/semi-aves/trainval_images/7/31.jpg	a bird perched on fence.
/home/whx/Dataset/semi-aves/trainval_images/7/38.jpg	a bird bathing.
/home/whx/Dataset/semi-aves/trainval_images/8/25.jpg	a bird perched.
/home/whx/Dataset/semi-aves/trainval_images/8/37.jpg	a bird soars with wings spread.
/home/whx/Dataset/semi-aves/trainval_images/8/2.jpg	a bird in flight.
/home/whx/Dataset/semi-aves/trainval_images/8/30.jpg	a bird soars.
/home/whx/Dataset/semi-aves/trainval_images/8/15.jpg	a bird is perched.
/home/whx/Dataset/semi-aves/trainval_images/8/40.jpg	a bird floats calmly on water.
/home/whx/Dataset/semi-aves/trainval_images/8/26.jpg	a bird spreads its wings.
/home/whx/Dataset/semi-aves/trainval_images/8/11.jpg	a bird soars.
/home/whx/Dataset/semi-aves/trainval_images/9/23.jpg	a bird perched on a branch.
/home/whx/Dataset/semi-aves/trainval_images/9/35.jpg	a bird perched on a branch.
/home/whx/Dataset/semi-aves/trainval_images/9/37.jpg	a bird in flight, wings spread.
/home/whx/Dataset/semi-aves/trainval_images/9/5.jpg	a bird perched on feeder.
/home/whx/Dataset/semi-aves/trainval_images/9/28.jpg	a bird in flight, wings blurred.
/home/whx/Dataset/semi-aves/trainval_images/9/32.jpg	a bird perched.
/home/whx/Dataset/semi-aves/trainval_images/9/6.jpg	a bird in flight, wings spread.
/home/whx/Dataset/semi-aves/trainval_images/9/24.jpg	a bird perched on a branch.
/home/whx/Dataset/semi-aves/trainval_images/10/10.jpg	a bird floats calmly on water.
/home/whx/Dataset/semi-aves/trainval_images/10/33.jpg	a bird sitting on sand.
/home/whx/Dataset/semi-aves/trainval_images/10/25.jpg	a bird in flight, wings spread wide.
/home/whx/Dataset/semi-aves/trainval_images/10/23.jpg	a bird is standing in water.
/home/whx/Dataset/semi-aves/trainval_images/10/31.jpg	a bird swimming with head slightly tilted.
/home/whx/Dataset/semi-aves/trainval_images/10/1.jpg	a bird stands in water, head down.
/home/whx/Dataset/semi-aves/trainval_images/10/30.jpg	a bird stands on rocks.
/home/whx/Dataset/semi-aves/trainval_images/10/2.jpg	a bird stands on rocks, head slightly tilted.
/home/whx/Dataset/semi-aves/trainval_images/11/19.jpg	a bird soars with wings spread wide.
/home/whx/Dataset/semi-aves/trainval_images/11/39.jpg	a bird perched on a tree trunk.
/home/whx/Dataset/semi-aves/trainval_images/11/37.jpg	a bird in flight, wings spread, landing on branch.
/home/whx/Dataset/semi-aves/trainval_images/11/41.jpg	a bird soars.
/home/whx/Dataset/semi-aves/trainval_images/11/25.jpg	a bird soars with wings spread.
/home/whx/Dataset/semi-aves/trainval_images/11/10.jpg	a bird in flight, wings spread.
/home/whx/Dataset/semi-aves/trainval_images/11/38.jpg	a bird perches on rock, wings slightly spread.
/home/whx/Dataset/semi-aves/trainval_images/11/32.jpg	a bird soars with wings spread.
/home/whx/Dataset/semi-aves/trainval_images/12/14.jpg	a bird swimming, head slightly tilted.
/home/whx/Dataset/semi-aves/trainval_images/12/0.jpg	a bird swimming with chick.
/home/whx/Dataset/semi-aves/trainval_images/12/12.jpg	a bird swimming.
/home/whx/Dataset/semi-aves/trainval_images/12/34.jpg	a bird swimming.
/home/whx/Dataset/semi-aves/trainval_images/12/32.jpg	a bird swimming.
/home/whx/Dataset/semi-aves/trainval_images/12/16.jpg	a bird is floating, head slightly raised.
/home/whx/Dataset/semi-aves/trainval_images/12/11.jpg	a bird swimming, head slightly raised.
/home/whx/Dataset/semi-aves/trainval_images/12/27.jpg	a bird swimming
/home/whx/Dataset/semi-aves/trainval_images/13/36.jpg	a bird in flight, wings spread.
/home/whx/Dataset/semi-aves/trainval_images/13/22.jpg	a bird perched on nest.
/home/whx/Dataset/semi-aves/trainval_images/13/29.jpg	a bird in flight
/home/whx/Dataset/semi-aves/trainval_images/13/17.jpg	a bird perched on nest.
/home/whx/Dataset/semi-aves/trainval_images/13/42.jpg	a bird in flight.
/home/whx/Dataset/semi-aves/trainval_images/13/35.jpg	a bird in flight, wings spread.
/home/whx/Dataset/semi-aves/trainval_images/13/38.jpg	a bird perched on wire.
/home/whx/Dataset/semi-aves/trainval_images/13/0.jpg	a bird soars with wings spread.
/home/whx/Dataset/semi-aves/trainval_images/14/24.jpg	a bird soars with wings spread.
/home/whx/Dataset/semi-aves/trainval_images/14/25.jpg	a bird perched.
/home/whx/Dataset/semi-aves/trainval_images/14/27.jpg	a bird soars.
/home/whx/Dataset/semi-aves/trainval_images/14/26.jpg	a bird soars with wings spread.
/home/whx/Dataset/semi-aves/trainval_images/14/23.jpg	a bird in flight, wings spread.
/home/whx/Dataset/semi-aves/trainval_images/14/16.jpg	a bird soars with wings spread.
/home/whx/Dataset/semi-aves/trainval_images/14/30.jpg	a bird soars.
/home/whx/Dataset/semi-aves/trainval_images/14/4.jpg	a bird perched on branch.
/home/whx/Dataset/semi-aves/trainval_images/15/33.jpg	a bird stands on one leg.
/home/whx/Dataset/semi-aves/trainval_images/15/13.jpg	a bird stands upright.
/home/whx/Dataset/semi-aves/trainval_images/15/27.jpg	a bird perched on rock.
/home/whx/Dataset/semi-aves/trainval_images/15/3.jpg	a bird perched on a twig.
/home/whx/Dataset/semi-aves/trainval_images/15/30.jpg	a bird perched.
/home/whx/Dataset/semi-aves/trainval_images/15/35.jpg	a bird perched.
/home/whx/Dataset/semi-aves/trainval_images/15/11.jpg	a bird perched on mound.
/home/whx/Dataset/semi-aves/trainval_images/15/18.jpg	a bird perched, facing right.
/home/whx/Dataset/semi-aves/trainval_images/16/35.jpg	a bird in flight.
/home/whx/Dataset/semi-aves/trainval_images/16/12.jpg	a bird stands on sandy ground.
/home/whx/Dataset/semi-aves/trainval_images/16/32.jpg	a bird stands on sandy ground.
/home/whx/Dataset/semi-aves/trainval_images/16/26.jpg	a bird is standing on sand, head lowered.
/home/whx/Dataset/semi-aves/trainval_images/16/31.jpg	a bird stands on beach, head down, legs spread.
/home/whx/Dataset/semi-aves/trainval_images/16/22.jpg	a bird stands in shallow water, legs spread.
/home/whx/Dataset/semi-aves/trainval_images/16/13.jpg	a bird stands on one leg, beak in water.
/home/whx/Dataset/semi-aves/trainval_images/16/11.jpg	a bird stands on wet mud, beak down.
/home/whx/Dataset/semi-aves/trainval_images/17/0.jpg	a bird is foraging.
/home/whx/Dataset/semi-aves/trainval_images/17/34.jpg	a bird stands upright.
/home/whx/Dataset/semi-aves/trainval_images/17/21.jpg	a bird stands with head lowered, beak open.
/home/whx/Dataset/semi-aves/trainval_images/17/29.jpg	a bird stands in water, head down, beak touching surface.
/home/whx/Dataset/semi-aves/trainval_images/17/1.jpg	a bird stands in water, head lowered.
/home/whx/Dataset/semi-aves/trainval_images/17/25.jpg	a bird stands in shallow water, head down.
/home/whx/Dataset/semi-aves/trainval_images/17/7.jpg	a bird stands on a rock.
/home/whx/Dataset/semi-aves/trainval_images/17/20.jpg	a bird stands in shallow water, head lowered.
/home/whx/Dataset/semi-aves/trainval_images/18/11.jpg	a bird perched on a railing.
/home/whx/Dataset/semi-aves/trainval_images/18/35.jpg	a bird stands on a stone surface.
/home/whx/Dataset/semi-aves/trainval_images/18/37.jpg	a bird perched, feeding.
/home/whx/Dataset/semi-aves/trainval_images/18/40.jpg	a bird stands on grass.
/home/whx/Dataset/semi-aves/trainval_images/18/5.jpg	a bird perched.
/home/whx/Dataset/semi-aves/trainval_images/18/39.jpg	a bird perched on roof.
/home/whx/Dataset/semi-aves/trainval_images/18/16.jpg	a bird stands perched.
/home/whx/Dataset/semi-aves/trainval_images/18/2.jpg	a bird perched on a branch.
/home/whx/Dataset/semi-aves/trainval_images/19/26.jpg	a bird stands in water, head down, pecking.
/home/whx/Dataset/semi-aves/trainval_images/19/21.jpg	a bird stands in shallow water, head slightly lowered.
/home/whx/Dataset/semi-aves/trainval_images/19/2.jpg	a bird spreads its wings.
/home/whx/Dataset/semi-aves/trainval_images/19/28.jpg	a bird stands on one leg.
/home/whx/Dataset/semi-aves/trainval_images/19/0.jpg	a bird in flight, wings spread, head tilted.
/home/whx/Dataset/semi-aves/trainval_images/19/14.jpg	a bird stands with head down, probing water.
/home/whx/Dataset/semi-aves/trainval_images/19/30.jpg	a bird spreads wings, leans forward.
/home/whx/Dataset/semi-aves/trainval_images/19/8.jpg	a bird stands on one leg.
/home/whx/Dataset/semi-aves/trainval_images/20/15.jpg	a bird perched on branch.
/home/whx/Dataset/semi-aves/trainval_images/20/17.jpg	a bird perched on a branch.
/home/whx/Dataset/semi-aves/trainval_images/20/7.jpg	a bird perched, wings slightly spread.
/home/whx/Dataset/semi-aves/trainval_images/20/11.jpg	a bird perched on a bench.
/home/whx/Dataset/semi-aves/trainval_images/20/22.jpg	a bird perched on a branch.
/home/whx/Dataset/semi-aves/trainval_images/20/9.jpg	a bird perched on branch.
/home/whx/Dataset/semi-aves/trainval_images/20/2.jpg	a bird perched on branch.
/home/whx/Dataset/semi-aves/trainval_images/20/5.jpg	a bird perched on a branch.
/home/whx/Dataset/semi-aves/trainval_images/21/10.jpg	a bird perched
/home/whx/Dataset/semi-aves/trainval_images/21/8.jpg	a bird perched.
/home/whx/Dataset/semi-aves/trainval_images/21/16.jpg	a bird in flight, wings spread.
/home/whx/Dataset/semi-aves/trainval_images/21/5.jpg	a bird is pecking at the ground.
/home/whx/Dataset/semi-aves/trainval_images/21/21.jpg	a bird is not visible.
/home/whx/Dataset/semi-aves/trainval_images/21/30.jpg	a bird perched.
/home/whx/Dataset/semi-aves/trainval_images/21/20.jpg	a bird in flight, wings spread.
/home/whx/Dataset/semi-aves/trainval_images/21/22.jpg	a bird perched.
/home/whx/Dataset/semi-aves/trainval_images/22/18.jpg	a bird swimming, head slightly raised.
/home/whx/Dataset/semi-aves/trainval_images/22/29.jpg	a bird wading in water.
/home/whx/Dataset/semi-aves/trainval_images/22/20.jpg	a bird stands in water, head slightly tilted.
/home/whx/Dataset/semi-aves/trainval_images/22/31.jpg	a bird stands on one leg.
/home/whx/Dataset/semi-aves/trainval_images/22/30.jpg	a bird floats calmly on water.
/home/whx/Dataset/semi-aves/trainval_images/22/7.jpg	a bird wading in water.
/home/whx/Dataset/semi-aves/trainval_images/22/1.jpg	a bird soars.
/home/whx/Dataset/semi-aves/trainval_images/22/9.jpg	a bird is foraging.
/home/whx/Dataset/semi-aves/trainval_images/23/24.jpg	a bird in flight, wings spread, head tilted.
/home/whx/Dataset/semi-aves/trainval_images/23/21.jpg	a bird soars with outstretched wings.
/home/whx/Dataset/semi-aves/trainval_images/23/26.jpg	a bird stands on sand, head slightly tilted.
/home/whx/Dataset/semi-aves/trainval_images/23/12.jpg	a bird stands on one leg.
/home/whx/Dataset/semi-aves/trainval_images/23/16.jpg	a bird is spreading its wings.
/home/whx/Dataset/semi-aves/trainval_images/23/6.jpg	a bird stands with beak open, another bird stands nearby.
/home/whx/Dataset/semi-aves/trainval_images/23/48.jpg	a bird stands on beach, head slightly tilted.
/home/whx/Dataset/semi-aves/trainval_images/23/32.jpg	a bird stands on sand, head slightly tilted.
/home/whx/Dataset/semi-aves/trainval_images/24/13.jpg	a bird floats calmly on water.
/home/whx/Dataset/semi-aves/trainval_images/24/27.jpg	a bird stands on grass, head turned.
/home/whx/Dataset/semi-aves/trainval_images/24/1.jpg	a bird in flight, wings spread, over water.
/home/whx/Dataset/semi-aves/trainval_images/24/14.jpg	a bird soars with wings spread.
/home/whx/Dataset/semi-aves/trainval_images/24/36.jpg	a bird stands upright.
/home/whx/Dataset/semi-aves/trainval_images/24/25.jpg	a bird lying in a nest.
/home/whx/Dataset/semi-aves/trainval_images/24/9.jpg	a bird standing on water.
/home/whx/Dataset/semi-aves/trainval_images/24/2.jpg	a bird stands on one leg.
/home/whx/Dataset/semi-aves/trainval_images/25/10.jpg	a bird stands on ground, head slightly tilted.
/home/whx/Dataset/semi-aves/trainval_images/25/28.jpg	a bird stands still.
/home/whx/Dataset/semi-aves/trainval_images/25/32.jpg	a bird stands alert on muddy ground.
/home/whx/Dataset/semi-aves/trainval_images/25/27.jpg	a bird stands on muddy ground.
/home/whx/Dataset/semi-aves/trainval_images/25/14.jpg	a bird stands on grass, head slightly lowered.
/home/whx/Dataset/semi-aves/trainval_images/25/20.jpg	a bird perched on edge.
/home/whx/Dataset/semi-aves/trainval_images/25/25.jpg	a bird perched on a branch.
/home/whx/Dataset/semi-aves/trainval_images/25/22.jpg	a bird perched on branch near water.
/home/whx/Dataset/semi-aves/trainval_images/26/33.jpg	a bird splashing in water.
/home/whx/Dataset/semi-aves/trainval_images/26/28.jpg	a bird swimming.
/home/whx/Dataset/semi-aves/trainval_images/26/14.jpg	a bird swimming, head turned.
/home/whx/Dataset/semi-aves/trainval_images/26/45.jpg	a bird is floating on water.
/home/whx/Dataset/semi-aves/trainval_images/26/41.jpg	a bird swimming.
/home/whx/Dataset/semi-aves/trainval_images/26/1.jpg	a bird swimming calmly.
/home/whx/Dataset/semi-aves/trainval_images/26/25.jpg	a bird swimming.
/home/whx/Dataset/semi-aves/trainval_images/26/36.jpg	a bird floats calmly.
/home/whx/Dataset/semi-aves/trainval_images/27/20.jpg	a bird lies on its back in shallow water.
/home/whx/Dataset/semi-aves/trainval_images/27/42.jpg	a bird perched on a rock.
/home/whx/Dataset/semi-aves/trainval_images/27/40.jpg	a bird floats calmly.
/home/whx/Dataset/semi-aves/trainval_images/27/27.jpg	a bird is pecking at seaweed.
/home/whx/Dataset/semi-aves/trainval_images/27/3.jpg	a bird stands on one leg in shallow water.
/home/whx/Dataset/semi-aves/trainval_images/27/19.jpg	a bird soars.
/home/whx/Dataset/semi-aves/trainval_images/27/8.jpg	a bird perched.
/home/whx/Dataset/semi-aves/trainval_images/27/13.jpg	a bird stands perched.
/home/whx/Dataset/semi-aves/trainval_images/28/3.jpg	a bird perched on tree trunk.
/home/whx/Dataset/semi-aves/trainval_images/28/19.jpg	a bird perched.
/home/whx/Dataset/semi-aves/trainval_images/28/4.jpg	a bird perched on branch.
/home/whx/Dataset/semi-aves/trainval_images/28/35.jpg	a bird perched on tree trunk.
/home/whx/Dataset/semi-aves/trainval_images/28/36.jpg	a bird perched, head tilted.
/home/whx/Dataset/semi-aves/trainval_images/28/33.jpg	a bird perched on a branch.
/home/whx/Dataset/semi-aves/trainval_images/28/10.jpg	a bird perched on branch.
/home/whx/Dataset/semi-aves/trainval_images/28/13.jpg	a bird perched on branch, facing right.
/home/whx/Dataset/semi-aves/trainval_images/29/18.jpg	a bird swimming.
/home/whx/Dataset/semi-aves/trainval_images/29/8.jpg	a bird is perched.
/home/whx/Dataset/semi-aves/trainval_images/29/4.jpg	a bird is floating.
/home/whx/Dataset/semi-aves/trainval_images/29/0.jpg	a bird perched.
/home/whx/Dataset/semi-aves/trainval_images/29/17.jpg	a bird in flight, wings spread, beak open.
/home/whx/Dataset/semi-aves/trainval_images/29/1.jpg	a bird swimming.
/home/whx/Dataset/semi-aves/trainval_images/29/30.jpg	a bird soars with wings spread.
/home/whx/Dataset/semi-aves/trainval_images/29/6.jpg	a bird perched on a rock.
/home/whx/Dataset/semi-aves/trainval_images/30/36.jpg	a bird stands on ground, head slightly raised.
/home/whx/Dataset/semi-aves/trainval_images/30/29.jpg	a bird stands on grass, head raised.
/home/whx/Dataset/semi-aves/trainval_images/30/10.jpg	a bird perched, head turned.
/home/whx/Dataset/semi-aves/trainval_images/30/39.jpg	a bird perched on a branch.
/home/whx/Dataset/semi-aves/trainval_images/30/32.jpg	a bird perched on a branch, open beak.
/home/whx/Dataset/semi-aves/trainval_images/30/2.jpg	a bird perched on branch.
/home/whx/Dataset/semi-aves/trainval_images/30/24.jpg	a bird perched on a branch.
/home/whx/Dataset/semi-aves/trainval_images/30/12.jpg	a bird perched on a branch.
/home/whx/Dataset/semi-aves/trainval_images/31/22.jpg	a bird perched on railing.
/home/whx/Dataset/semi-aves/trainval_images/31/3.jpg	a bird perched on a branch.
/home/whx/Dataset/semi-aves/trainval_images/31/6.jpg	a bird perched, head tilted.
/home/whx/Dataset/semi-aves/trainval_images/31/18.jpg	a bird perched on a plant.
/home/whx/Dataset/semi-aves/trainval_images/31/21.jpg	a bird perched on a branch.
/home/whx/Dataset/semi-aves/trainval_images/31/13.jpg	a bird perched on a branch.
/home/whx/Dataset/semi-aves/trainval_images/31/28.jpg	a bird soars.
/home/whx/Dataset/semi-aves/trainval_images/31/29.jpg	a bird perched on a leaf.
/home/whx/Dataset/semi-aves/trainval_images/32/31.jpg	a bird stands on one leg.
/home/whx/Dataset/semi-aves/trainval_images/32/6.jpg	a bird swimming.
/home/whx/Dataset/semi-aves/trainval_images/32/24.jpg	a bird stands alert on grass.
/home/whx/Dataset/semi-aves/trainval_images/32/18.jpg	a bird stands on a mossy rock.
/home/whx/Dataset/semi-aves/trainval_images/32/32.jpg	a bird swimming.
/home/whx/Dataset/semi-aves/trainval_images/32/39.jpg	a bird stands upright.
/home/whx/Dataset/semi-aves/trainval_images/32/1.jpg	a bird stands with head slightly tilted.
/home/whx/Dataset/semi-aves/trainval_images/32/20.jpg	a bird stands with chicks, legs spread, facing forward.
/home/whx/Dataset/semi-aves/trainval_images/33/39.jpg	a bird perched on plant.
/home/whx/Dataset/semi-aves/trainval_images/33/25.jpg	a bird perched on a branch.
/home/whx/Dataset/semi-aves/trainval_images/33/18.jpg	a bird perched on a plant.
/home/whx/Dataset/semi-aves/trainval_images/33/1.jpg	a bird perched on a wire.
/home/whx/Dataset/semi-aves/trainval_images/33/10.jpg	a bird perched on reed.
/home/whx/Dataset/semi-aves/trainval_images/33/12.jpg	a bird perched on a branch.
/home/whx/Dataset/semi-aves/trainval_images/33/20.jpg	a bird perched on a branch.
/home/whx/Dataset/semi-aves/trainval_images/33/36.jpg	a bird stands on grass.
/home/whx/Dataset/semi-aves/trainval_images/34/8.jpg	a bird swimming.
/home/whx/Dataset/semi-aves/trainval_images/34/21.jpg	a bird perched on a branch.
/home/whx/Dataset/semi-aves/trainval_images/34/27.jpg	a bird is swimming.
/home/whx/Dataset/semi-aves/trainval_images/34/13.jpg	a bird stands on the ground, head lowered.
/home/whx/Dataset/semi-aves/trainval_images/34/17.jpg	a bird is swimming.
/home/whx/Dataset/semi-aves/trainval_images/34/6.jpg	a bird stands on rocks.
/home/whx/Dataset/semi-aves/trainval_images/34/24.jpg	a bird stands on one leg.
/home/whx/Dataset/semi-aves/trainval_images/34/29.jpg	a bird is floating on the water.
/home/whx/Dataset/semi-aves/trainval_images/35/35.jpg	a bird swimming.
/home/whx/Dataset/semi-aves/trainval_images/35/22.jpg	a bird swimming.
/home/whx/Dataset/semi-aves/trainval_images/35/34.jpg	a bird swimming.
/home/whx/Dataset/semi-aves/trainval_images/35/31.jpg	a bird is floating on water.
/home/whx/Dataset/semi-aves/trainval_images/35/15.jpg	a bird swimming
/home/whx/Dataset/semi-aves/trainval_images/35/4.jpg	a bird is swimming.
/home/whx/Dataset/semi-aves/trainval_images/35/23.jpg	a bird swimming
/home/whx/Dataset/semi-aves/trainval_images/35/1.jpg	a bird is floating on water.
/home/whx/Dataset/semi-aves/trainval_images/36/5.jpg	a bird perched, wings slightly spread.
/home/whx/Dataset/semi-aves/trainval_images/36/8.jpg	a bird perched, tail extended.
/home/whx/Dataset/semi-aves/trainval_images/36/10.jpg	a bird perched on a branch.
/home/whx/Dataset/semi-aves/trainval_images/36/34.jpg	a bird perched on a branch.
/home/whx/Dataset/semi-aves/trainval_images/36/13.jpg	a bird perched on a branch.
/home/whx/Dataset/semi-aves/trainval_images/36/17.jpg	a bird perched on a wire.
/home/whx/Dataset/semi-aves/trainval_images/36/24.jpg	a bird perched on a wire.
/home/whx/Dataset/semi-aves/trainval_images/36/33.jpg	a bird perched on a branch.
/home/whx/Dataset/semi-aves/trainval_images/37/38.jpg	a bird in flight, wings spread.
/home/whx/Dataset/semi-aves/trainval_images/37/32.jpg	a bird swimming calmly.
/home/whx/Dataset/semi-aves/trainval_images/37/16.jpg	a bird stands with head slightly lowered, legs spread apart.
/home/whx/Dataset/semi-aves/trainval_images/37/23.jpg	a bird stands on ice, head turned.
/home/whx/Dataset/semi-aves/trainval_images/37/21.jpg	a bird stands still in grass.
/home/whx/Dataset/semi-aves/trainval_images/37/35.jpg	a bird is standing on grass, pecking at the ground.
/home/whx/Dataset/semi-aves/trainval_images/37/7.jpg	a bird stands on grass.
/home/whx/Dataset/semi-aves/trainval_images/37/18.jpg	a bird stands on the ground near water.
/home/whx/Dataset/semi-aves/trainval_images/38/15.jpg	a bird soars.
/home/whx/Dataset/semi-aves/trainval_images/38/31.jpg	a bird perched on a wire.
/home/whx/Dataset/semi-aves/trainval_images/38/4.jpg	a bird soars with wings spread wide.
/home/whx/Dataset/semi-aves/trainval_images/38/18.jpg	a bird in flight, wings spread.
/home/whx/Dataset/semi-aves/trainval_images/38/17.jpg	a bird stands alert in grass.
/home/whx/Dataset/semi-aves/trainval_images/38/24.jpg	a bird stands alert in grass.
/home/whx/Dataset/semi-aves/trainval_images/38/3.jpg	a bird perched.
/home/whx/Dataset/semi-aves/trainval_images/38/10.jpg	a bird stands alert in grass.
/home/whx/Dataset/semi-aves/trainval_images/39/1.jpg	a bird in flight.
/home/whx/Dataset/semi-aves/trainval_images/39/13.jpg	a bird perched on a branch.
/home/whx/Dataset/semi-aves/trainval_images/39/2.jpg	a bird soars with wings spread wide.
/home/whx/Dataset/semi-aves/trainval_images/39/12.jpg	a bird perched on branch.
/home/whx/Dataset/semi-aves/trainval_images/39/4.jpg	a bird perched on a branch.
/home/whx/Dataset/semi-aves/trainval_images/39/22.jpg	a bird perched on branch.
/home/whx/Dataset/semi-aves/trainval_images/39/10.jpg	a bird perched on a branch.
/home/whx/Dataset/semi-aves/trainval_images/39/3.jpg	a bird perched on a branch.
/home/whx/Dataset/semi-aves/trainval_images/40/39.jpg	a bird stands with head slightly tilted.
/home/whx/Dataset/semi-aves/trainval_images/40/37.jpg	a bird lies on its back, wings spread.
/home/whx/Dataset/semi-aves/trainval_images/40/24.jpg	a bird soars.
/home/whx/Dataset/semi-aves/trainval_images/40/4.jpg	a bird soars with wings spread.
/home/whx/Dataset/semi-aves/trainval_images/40/35.jpg	a bird in flight, wings spread.
/home/whx/Dataset/semi-aves/trainval_images/40/14.jpg	a bird lies on its back, wings spread.
/home/whx/Dataset/semi-aves/trainval_images/40/5.jpg	a bird is looking up.
/home/whx/Dataset/semi-aves/trainval_images/40/17.jpg	a bird lies on its back.
/home/whx/Dataset/semi-aves/trainval_images/41/23.jpg	a bird perched on tree trunk.
/home/whx/Dataset/semi-aves/trainval_images/41/18.jpg	a bird perched on a branch, head down.
/home/whx/Dataset/semi-aves/trainval_images/41/36.jpg	a bird perched on branch, head down.
/home/whx/Dataset/semi-aves/trainval_images/41/34.jpg	a bird perched on a tree branch.
/home/whx/Dataset/semi-aves/trainval_images/41/7.jpg	a bird perched vertically on tree trunk.
/home/whx/Dataset/semi-aves/trainval_images/41/29.jpg	a bird perched on tree branch.
/home/whx/Dataset/semi-aves/trainval_images/41/17.jpg	a bird perched on tree trunk.
/home/whx/Dataset/semi-aves/trainval_images/41/6.jpg	a bird perched on a branch.
/home/whx/Dataset/semi-aves/trainval_images/42/2.jpg	a bird perched on branch.
/home/whx/Dataset/semi-aves/trainval_images/42/26.jpg	a bird perched, head turned.
/home/whx/Dataset/semi-aves/trainval_images/42/9.jpg	a bird perched on a branch.
/home/whx/Dataset/semi-aves/trainval_images/42/0.jpg	a bird in flight, wings spread.
/home/whx/Dataset/semi-aves/trainval_images/42/19.jpg	a bird soars with wings spread wide.
/home/whx/Dataset/semi-aves/trainval_images/42/21.jpg	a bird in flight, wings spread.
/home/whx/Dataset/semi-aves/trainval_images/42/28.jpg	a bird soars with outstretched wings.
/home/whx/Dataset/semi-aves/trainval_images/42/31.jpg	a bird perched, preening.
/home/whx/Dataset/semi-aves/trainval_images/43/26.jpg	a bird perched on a rock.
/home/whx/Dataset/semi-aves/trainval_images/43/7.jpg	a bird perched on railing.
/home/whx/Dataset/semi-aves/trainval_images/43/2.jpg	a bird perched on a branch.
/home/whx/Dataset/semi-aves/trainval_images/43/12.jpg	a bird stands on grass, head slightly tilted.
/home/whx/Dataset/semi-aves/trainval_images/43/15.jpg	a bird perched.
/home/whx/Dataset/semi-aves/trainval_images/43/39.jpg	a bird perched on wire.
/home/whx/Dataset/semi-aves/trainval_images/43/10.jpg	a bird perched on antenna.
/home/whx/Dataset/semi-aves/trainval_images/43/38.jpg	a bird perched, head slightly tilted.
/home/whx/Dataset/semi-aves/trainval_images/44/28.jpg	a bird perched on branch.
/home/whx/Dataset/semi-aves/trainval_images/44/10.jpg	a bird perched on a branch.
/home/whx/Dataset/semi-aves/trainval_images/44/15.jpg	a bird perched on a branch.
/home/whx/Dataset/semi-aves/trainval_images/44/36.jpg	a bird is swimming.
/home/whx/Dataset/semi-aves/trainval_images/44/6.jpg	a bird stands near water, looking down.
/home/whx/Dataset/semi-aves/trainval_images/44/27.jpg	a bird perched on branch.
/home/whx/Dataset/semi-aves/trainval_images/44/24.jpg	a bird perched on a branch.
/home/whx/Dataset/semi-aves/trainval_images/44/25.jpg	a bird perched on branch.
/home/whx/Dataset/semi-aves/trainval_images/45/18.jpg	a bird swims calmly.
/home/whx/Dataset/semi-aves/trainval_images/45/16.jpg	a bird swims calmly.
/home/whx/Dataset/semi-aves/trainval_images/45/22.jpg	a bird is floating on water.
/home/whx/Dataset/semi-aves/trainval_images/45/15.jpg	a bird swimming.
/home/whx/Dataset/semi-aves/trainval_images/45/10.jpg	a bird is resting on water, head down.
/home/whx/Dataset/semi-aves/trainval_images/45/3.jpg	a bird is swimming.
/home/whx/Dataset/semi-aves/trainval_images/45/6.jpg	a bird floats calmly.
/home/whx/Dataset/semi-aves/trainval_images/45/20.jpg	a bird is standing in water.
/home/whx/Dataset/semi-aves/trainval_images/46/20.jpg	a bird perched on rocks.
/home/whx/Dataset/semi-aves/trainval_images/46/2.jpg	a bird stands on ground, head down.
/home/whx/Dataset/semi-aves/trainval_images/46/1.jpg	a bird perched on branch.
/home/whx/Dataset/semi-aves/trainval_images/46/0.jpg	a bird perched on branch.
/home/whx/Dataset/semi-aves/trainval_images/46/18.jpg	a bird perched on a branch.
/home/whx/Dataset/semi-aves/trainval_images/46/42.jpg	a bird stands on ground, head slightly tilted.
/home/whx/Dataset/semi-aves/trainval_images/46/28.jpg	a bird perched on a branch.
/home/whx/Dataset/semi-aves/trainval_images/46/25.jpg	a bird perched on a branch.
/home/whx/Dataset/semi-aves/trainval_images/47/10.jpg	floating, resting.
/home/whx/Dataset/semi-aves/trainval_images/47/12.jpg	a bird perched on a post.
/home/whx/Dataset/semi-aves/trainval_images/47/2.jpg	a bird stands on a rock.
/home/whx/Dataset/semi-aves/trainval_images/47/28.jpg	a bird swimming, head down.
/home/whx/Dataset/semi-aves/trainval_images/47/30.jpg	a bird is crouched low in the snow.
/home/whx/Dataset/semi-aves/trainval_images/47/19.jpg	a bird swims calmly.
/home/whx/Dataset/semi-aves/trainval_images/47/14.jpg	a bird swimming.
/home/whx/Dataset/semi-aves/trainval_images/47/3.jpg	a bird is splashing in water.
/home/whx/Dataset/semi-aves/trainval_images/48/16.jpg	a bird in flight, wings spread.
/home/whx/Dataset/semi-aves/trainval_images/48/13.jpg	a bird swimming.
/home/whx/Dataset/semi-aves/trainval_images/48/34.jpg	a bird floats calmly.
/home/whx/Dataset/semi-aves/trainval_images/48/30.jpg	a bird in flight, wings spread.
/home/whx/Dataset/semi-aves/trainval_images/48/22.jpg	a bird stands on ice.
/home/whx/Dataset/semi-aves/trainval_images/48/38.jpg	a bird floats calmly.
/home/whx/Dataset/semi-aves/trainval_images/48/11.jpg	a bird in flight, wings spread.
/home/whx/Dataset/semi-aves/trainval_images/48/37.jpg	a bird in flight, wings spread.
/home/whx/Dataset/semi-aves/trainval_images/49/19.jpg	a bird stands on one leg.
/home/whx/Dataset/semi-aves/trainval_images/49/6.jpg	a bird stands in water, head down, pecking.
/home/whx/Dataset/semi-aves/trainval_images/49/7.jpg	a bird stands with head lowered, beak near water.
/home/whx/Dataset/semi-aves/trainval_images/49/11.jpg	a bird stands still, head slightly tilted.
/home/whx/Dataset/semi-aves/trainval_images/49/2.jpg	a bird spreads wings.
/home/whx/Dataset/semi-aves/trainval_images/49/26.jpg	a bird stands on one leg.
/home/whx/Dataset/semi-aves/trainval_images/49/8.jpg	a bird perched on branch.
/home/whx/Dataset/semi-aves/trainval_images/49/27.jpg	a bird in flight, wings spread, tail extended.
/home/whx/Dataset/semi-aves/trainval_images/50/28.jpg	a bird perched on ground.
/home/whx/Dataset/semi-aves/trainval_images/50/5.jpg	a bird perched on a branch.
/home/whx/Dataset/semi-aves/trainval_images/50/21.jpg	a bird perched on a branch.
/home/whx/Dataset/semi-aves/trainval_images/50/14.jpg	a bird stands on the ground.
/home/whx/Dataset/semi-aves/trainval_images/50/24.jpg	a bird perched on branch.
/home/whx/Dataset/semi-aves/trainval_images/50/30.jpg	a bird perched on a branch.
/home/whx/Dataset/semi-aves/trainval_images/50/9.jpg	a bird perched on a feeder.
/home/whx/Dataset/semi-aves/trainval_images/50/1.jpg	a bird perched on branch.
/home/whx/Dataset/semi-aves/trainval_images/51/20.jpg	a bird soars.
/home/whx/Dataset/semi-aves/trainval_images/51/5.jpg	a bird soars with wings spread.
/home/whx/Dataset/semi-aves/trainval_images/51/10.jpg	a bird soars with wings spread.
/home/whx/Dataset/semi-aves/trainval_images/51/25.jpg	a bird perched on a power line.
/home/whx/Dataset/semi-aves/trainval_images/51/27.jpg	a bird soars with wings spread.
/home/whx/Dataset/semi-aves/trainval_images/51/18.jpg	a bird perched on a wooden beam.
/home/whx/Dataset/semi-aves/trainval_images/51/9.jpg	a bird perched on a rock.
/home/whx/Dataset/semi-aves/trainval_images/51/7.jpg	a bird soars with wings spread.
/home/whx/Dataset/semi-aves/trainval_images/52/21.jpg	a bird perched on a branch.
/home/whx/Dataset/semi-aves/trainval_images/52/6.jpg	a bird perched on a branch.
/home/whx/Dataset/semi-aves/trainval_images/52/34.jpg	a bird perched on branch.
/home/whx/Dataset/semi-aves/trainval_images/52/5.jpg	a bird perched on branch.
/home/whx/Dataset/semi-aves/trainval_images/52/15.jpg	a bird perched on a branch.
/home/whx/Dataset/semi-aves/trainval_images/52/14.jpg	a bird perched on flowers.
/home/whx/Dataset/semi-aves/trainval_images/52/1.jpg	a bird perched on a pine branch.
/home/whx/Dataset/semi-aves/trainval_images/52/36.jpg	a bird perched on branch.
/home/whx/Dataset/semi-aves/trainval_images/53/25.jpg	a bird is swimming.
/home/whx/Dataset/semi-aves/trainval_images/53/4.jpg	a bird is preening.
/home/whx/Dataset/semi-aves/trainval_images/53/17.jpg	a bird stands on a rock.
/home/whx/Dataset/semi-aves/trainval_images/53/34.jpg	a bird stands in water, head slightly tilted.
/home/whx/Dataset/semi-aves/trainval_images/53/32.jpg	a bird stands on rocks, head slightly tilted.
/home/whx/Dataset/semi-aves/trainval_images/53/0.jpg	a bird swims calmly.
/home/whx/Dataset/semi-aves/trainval_images/53/20.jpg	a bird swims calmly.
/home/whx/Dataset/semi-aves/trainval_images/53/30.jpg	a bird is swimming.
/home/whx/Dataset/semi-aves/trainval_images/54/18.jpg	a bird is standing with its head tucked in.
/home/whx/Dataset/semi-aves/trainval_images/54/22.jpg	a bird stands upright in water.
/home/whx/Dataset/semi-aves/trainval_images/54/31.jpg	a bird is resting on a nest.
/home/whx/Dataset/semi-aves/trainval_images/54/30.jpg	a bird swims calmly.
/home/whx/Dataset/semi-aves/trainval_images/54/9.jpg	a bird swims calmly.
/home/whx/Dataset/semi-aves/trainval_images/54/6.jpg	a bird stands gracefully in water.
/home/whx/Dataset/semi-aves/trainval_images/54/16.jpg	a bird in flight, wings spread.
/home/whx/Dataset/semi-aves/trainval_images/54/24.jpg	a bird stands gracefully on water.
/home/whx/Dataset/semi-aves/trainval_images/55/20.jpg	a bird stands upright.
/home/whx/Dataset/semi-aves/trainval_images/55/4.jpg	a bird stands on the shore.
/home/whx/Dataset/semi-aves/trainval_images/55/32.jpg	a bird is taking off.
/home/whx/Dataset/semi-aves/trainval_images/55/11.jpg	a bird stands on the road.
/home/whx/Dataset/semi-aves/trainval_images/55/5.jpg	a bird stands with head down, looking for food.
/home/whx/Dataset/semi-aves/trainval_images/55/24.jpg	a bird stands between tombstones.
/home/whx/Dataset/semi-aves/trainval_images/55/33.jpg	a bird in flight, wings spread.
/home/whx/Dataset/semi-aves/trainval_images/55/28.jpg	a bird swimming
/home/whx/Dataset/semi-aves/trainval_images/56/20.jpg	a bird perched on branch.
/home/whx/Dataset/semi-aves/trainval_images/56/19.jpg	a bird stands still.
/home/whx/Dataset/semi-aves/trainval_images/56/6.jpg	a bird perched.
/home/whx/Dataset/semi-aves/trainval_images/56/32.jpg	a bird soars with outstretched wings.
/home/whx/Dataset/semi-aves/trainval_images/56/18.jpg	a bird stands still.
/home/whx/Dataset/semi-aves/trainval_images/56/8.jpg	a bird perched on the ground.
/home/whx/Dataset/semi-aves/trainval_images/56/13.jpg	a bird in flight, wings spread.
/home/whx/Dataset/semi-aves/trainval_images/56/9.jpg	a bird perched, facing left.
/home/whx/Dataset/semi-aves/trainval_images/57/2.jpg	a bird soars with wings spread wide.
/home/whx/Dataset/semi-aves/trainval_images/57/20.jpg	a bird perched, head raised.
/home/whx/Dataset/semi-aves/trainval_images/57/13.jpg	a bird in flight, wings spread.
/home/whx/Dataset/semi-aves/trainval_images/57/5.jpg	a bird stands upright.
/home/whx/Dataset/semi-aves/trainval_images/57/9.jpg	a bird perched on branch.
/home/whx/Dataset/semi-aves/trainval_images/57/31.jpg	a bird stands with wings slightly spread, facing left.
/home/whx/Dataset/semi-aves/trainval_images/57/17.jpg	a bird perched on branch, head raised.
/home/whx/Dataset/semi-aves/trainval_images/57/30.jpg	a bird in flight, wings spread.
/home/whx/Dataset/semi-aves/trainval_images/58/3.jpg	a bird perched on branch.
/home/whx/Dataset/semi-aves/trainval_images/58/15.jpg	a bird perched on a branch.
/home/whx/Dataset/semi-aves/trainval_images/58/16.jpg	a bird perched on branch.
/home/whx/Dataset/semi-aves/trainval_images/58/4.jpg	a bird perched on a power pole.
/home/whx/Dataset/semi-aves/trainval_images/58/28.jpg	a bird soars with wings spread.
/home/whx/Dataset/semi-aves/trainval_images/58/27.jpg	a bird perched on a tree branch.
/home/whx/Dataset/semi-aves/trainval_images/58/35.jpg	a bird soars with wings spread.
/home/whx/Dataset/semi-aves/trainval_images/58/39.jpg	a bird soars with outstretched wings.
/home/whx/Dataset/semi-aves/trainval_images/59/34.jpg	a bird is perched on the ground.
/home/whx/Dataset/semi-aves/trainval_images/59/28.jpg	a bird perched on a branch.
/home/whx/Dataset/semi-aves/trainval_images/59/29.jpg	a bird stands on grass.
/home/whx/Dataset/semi-aves/trainval_images/59/0.jpg	a bird perched on branch.
/home/whx/Dataset/semi-aves/trainval_images/59/12.jpg	a bird perched on branch.
/home/whx/Dataset/semi-aves/trainval_images/59/26.jpg	a bird stands with wings slightly spread.
/home/whx/Dataset/semi-aves/trainval_images/59/10.jpg	a bird lying down
/home/whx/Dataset/semi-aves/trainval_images/59/5.jpg	a bird perched on branch.
/home/whx/Dataset/semi-aves/trainval_images/60/9.jpg	a bird stands alert.
/home/whx/Dataset/semi-aves/trainval_images/60/16.jpg	a bird perched on branch.
/home/whx/Dataset/semi-aves/trainval_images/60/0.jpg	a bird perched on branch.
/home/whx/Dataset/semi-aves/trainval_images/60/26.jpg	a bird stands on sandy ground.
/home/whx/Dataset/semi-aves/trainval_images/60/21.jpg	a bird soars.
/home/whx/Dataset/semi-aves/trainval_images/60/14.jpg	a bird stands near a plate.
/home/whx/Dataset/semi-aves/trainval_images/60/19.jpg	a bird perched on a fence.
/home/whx/Dataset/semi-aves/trainval_images/60/27.jpg	a bird stands on ground, head slightly lowered.
/home/whx/Dataset/semi-aves/trainval_images/61/3.jpg	a bird perched on branch.
/home/whx/Dataset/semi-aves/trainval_images/61/22.jpg	a bird is lying on its side.
/home/whx/Dataset/semi-aves/trainval_images/61/37.jpg	a bird lying still.
/home/whx/Dataset/semi-aves/trainval_images/61/8.jpg	a bird perched, head down.
/home/whx/Dataset/semi-aves/trainval_images/61/40.jpg	a bird stands with wings slightly spread.
/home/whx/Dataset/semi-aves/trainval_images/61/39.jpg	a bird perched.
/home/whx/Dataset/semi-aves/trainval_images/61/38.jpg	a bird stands on path, head down.
/home/whx/Dataset/semi-aves/trainval_images/61/16.jpg	a bird stands alert, perched.
/home/whx/Dataset/semi-aves/trainval_images/62/17.jpg	a bird perched on leaves.
/home/whx/Dataset/semi-aves/trainval_images/62/25.jpg	a bird stands on one leg.
/home/whx/Dataset/semi-aves/trainval_images/62/34.jpg	a bird perched on a branch.
/home/whx/Dataset/semi-aves/trainval_images/62/11.jpg	a bird perched on a branch.
/home/whx/Dataset/semi-aves/trainval_images/62/5.jpg	a bird perched on branch.
/home/whx/Dataset/semi-aves/trainval_images/62/7.jpg	a bird perched on branch.
/home/whx/Dataset/semi-aves/trainval_images/62/15.jpg	a bird perched on a branch.
/home/whx/Dataset/semi-aves/trainval_images/62/0.jpg	a bird perched on a branch.
/home/whx/Dataset/semi-aves/trainval_images/63/11.jpg	a bird perched
/home/whx/Dataset/semi-aves/trainval_images/63/34.jpg	a bird perched.
/home/whx/Dataset/semi-aves/trainval_images/63/21.jpg	a bird perched.
/home/whx/Dataset/semi-aves/trainval_images/63/33.jpg	a bird perched, open beak.
/home/whx/Dataset/semi-aves/trainval_images/63/29.jpg	a bird perched on a branch.
/home/whx/Dataset/semi-aves/trainval_images/63/14.jpg	a bird in flight, wings spread, tail extended.
/home/whx/Dataset/semi-aves/trainval_images/63/7.jpg	a bird perched on a wire.
/home/whx/Dataset/semi-aves/trainval_images/63/10.jpg	a bird perched.
/home/whx/Dataset/semi-aves/trainval_images/64/31.jpg	a bird perched on a wire.
/home/whx/Dataset/semi-aves/trainval_images/64/21.jpg	a bird perched on a post.
/home/whx/Dataset/semi-aves/trainval_images/64/15.jpg	a bird perched on a post.
/home/whx/Dataset/semi-aves/trainval_images/64/7.jpg	a bird perched on wire.
/home/whx/Dataset/semi-aves/trainval_images/64/22.jpg	a bird perched.
/home/whx/Dataset/semi-aves/trainval_images/64/13.jpg	a bird perched on a wire.
/home/whx/Dataset/semi-aves/trainval_images/64/10.jpg	a bird in flight, wings spread.
/home/whx/Dataset/semi-aves/trainval_images/64/17.jpg	a bird perched, head turned.
/home/whx/Dataset/semi-aves/trainval_images/65/17.jpg	a bird perched, head turned.
/home/whx/Dataset/semi-aves/trainval_images/65/14.jpg	a bird perched on branch.
/home/whx/Dataset/semi-aves/trainval_images/65/3.jpg	a bird stands on grass.
/home/whx/Dataset/semi-aves/trainval_images/65/30.jpg	a bird perched on a branch.
/home/whx/Dataset/semi-aves/trainval_images/65/2.jpg	a bird perched on a branch.
/home/whx/Dataset/semi-aves/trainval_images/65/25.jpg	a bird perched on wire.
/home/whx/Dataset/semi-aves/trainval_images/65/16.jpg	a bird stands upright.
/home/whx/Dataset/semi-aves/trainval_images/65/20.jpg	a bird perched on a blue pipe.
/home/whx/Dataset/semi-aves/trainval_images/66/11.jpg	a bird perched on a branch.
/home/whx/Dataset/semi-aves/trainval_images/66/5.jpg	a bird perched on a branch.
/home/whx/Dataset/semi-aves/trainval_images/66/16.jpg	a bird perched on a branch.
/home/whx/Dataset/semi-aves/trainval_images/66/24.jpg	a bird perched, head slightly tilted.
/home/whx/Dataset/semi-aves/trainval_images/66/6.jpg	a bird perched on a branch.
/home/whx/Dataset/semi-aves/trainval_images/66/9.jpg	a bird perched, feeding on berries.
/home/whx/Dataset/semi-aves/trainval_images/66/22.jpg	a bird perched on a branch.
/home/whx/Dataset/semi-aves/trainval_images/66/21.jpg	a bird perched on branch.
/home/whx/Dataset/semi-aves/trainval_images/67/23.jpg	a bird stands on one leg.
/home/whx/Dataset/semi-aves/trainval_images/67/5.jpg	a bird is standing in grass.
/home/whx/Dataset/semi-aves/trainval_images/67/22.jpg	a bird stands alert, head turned.
/home/whx/Dataset/semi-aves/trainval_images/67/29.jpg	a bird stands on grass, head slightly tilted.
/home/whx/Dataset/semi-aves/trainval_images/67/31.jpg	a bird stands in grass, head slightly turned.
/home/whx/Dataset/semi-aves/trainval_images/67/14.jpg	a bird stands on grass.
/home/whx/Dataset/semi-aves/trainval_images/67/19.jpg	a bird stands alert, head turned.
/home/whx/Dataset/semi-aves/trainval_images/67/2.jpg	a bird stands upright.
/home/whx/Dataset/semi-aves/trainval_images/68/27.jpg	a bird is swimming with its head turned to the side.
/home/whx/Dataset/semi-aves/trainval_images/68/3.jpg	a bird swimming, neck arched.
/home/whx/Dataset/semi-aves/trainval_images/68/28.jpg	a bird swims calmly.
/home/whx/Dataset/semi-aves/trainval_images/68/19.jpg	a bird is in flight.
/home/whx/Dataset/semi-aves/trainval_images/68/16.jpg	a bird swims with head down.
/home/whx/Dataset/semi-aves/trainval_images/68/18.jpg	a bird swims calmly.
/home/whx/Dataset/semi-aves/trainval_images/68/12.jpg	a bird is resting with its head tucked into its body.
/home/whx/Dataset/semi-aves/trainval_images/68/5.jpg	a bird stands on ice, head slightly tilted.
/home/whx/Dataset/semi-aves/trainval_images/69/4.jpg	a bird perched on branch.
/home/whx/Dataset/semi-aves/trainval_images/69/8.jpg	a bird is standing on the ground, head lowered.
/home/whx/Dataset/semi-aves/trainval_images/69/13.jpg	a bird perched on sticks.
/home/whx/Dataset/semi-aves/trainval_images/69/6.jpg	a bird perched on wire.
/home/whx/Dataset/semi-aves/trainval_images/69/18.jpg	a bird perched on a log.
/home/whx/Dataset/semi-aves/trainval_images/69/23.jpg	a bird perched on a branch.
/home/whx/Dataset/semi-aves/trainval_images/69/1.jpg	a bird perched on a branch.
/home/whx/Dataset/semi-aves/trainval_images/69/15.jpg	a bird perched, head turned.
/home/whx/Dataset/semi-aves/trainval_images/70/21.jpg	a bird is floating.
/home/whx/Dataset/semi-aves/trainval_images/70/12.jpg	a bird stands in shallow water.
/home/whx/Dataset/semi-aves/trainval_images/70/22.jpg	a bird stands on one leg.
/home/whx/Dataset/semi-aves/trainval_images/70/20.jpg	a bird is flying.
/home/whx/Dataset/semi-aves/trainval_images/70/11.jpg	a bird soars over water.
/home/whx/Dataset/semi-aves/trainval_images/70/27.jpg	a bird in flight
/home/whx/Dataset/semi-aves/trainval_images/70/16.jpg	a bird stands in shallow water.
/home/whx/Dataset/semi-aves/trainval_images/70/5.jpg	a bird in flight, wings spread.
/home/whx/Dataset/semi-aves/trainval_images/71/34.jpg	a bird perched on branch.
/home/whx/Dataset/semi-aves/trainval_images/71/2.jpg	a bird perched on branch.
/home/whx/Dataset/semi-aves/trainval_images/71/33.jpg	a bird perched on a branch.
/home/whx/Dataset/semi-aves/trainval_images/71/5.jpg	a bird perched on a branch.
/home/whx/Dataset/semi-aves/trainval_images/71/16.jpg	a bird perched on a ledge.
/home/whx/Dataset/semi-aves/trainval_images/71/6.jpg	a bird perched on tiles.
/home/whx/Dataset/semi-aves/trainval_images/71/17.jpg	a bird perched on a branch.
/home/whx/Dataset/semi-aves/trainval_images/71/23.jpg	a bird perched on a branch.
/home/whx/Dataset/semi-aves/trainval_images/72/5.jpg	a bird stands with long legs, head slightly lowered.
/home/whx/Dataset/semi-aves/trainval_images/72/8.jpg	a bird stands on one leg.
/home/whx/Dataset/semi-aves/trainval_images/72/38.jpg	a bird stands on one leg.
/home/whx/Dataset/semi-aves/trainval_images/72/28.jpg	a bird stands on one leg.
/home/whx/Dataset/semi-aves/trainval_images/72/15.jpg	a bird stands with wings spread, legs extended.
/home/whx/Dataset/semi-aves/trainval_images/72/24.jpg	a bird stands in water, legs spread, head turned.
/home/whx/Dataset/semi-aves/trainval_images/72/27.jpg	a bird stands with long legs, bending its neck down.
/home/whx/Dataset/semi-aves/trainval_images/72/25.jpg	a bird stands in water, head lowered.
/home/whx/Dataset/semi-aves/trainval_images/73/10.jpg	a bird perched on a branch.
/home/whx/Dataset/semi-aves/trainval_images/73/20.jpg	a bird perched on branch.
/home/whx/Dataset/semi-aves/trainval_images/73/28.jpg	a bird perched on a branch.
/home/whx/Dataset/semi-aves/trainval_images/73/8.jpg	a bird perched on branch.
/home/whx/Dataset/semi-aves/trainval_images/73/39.jpg	a bird perched on branch.
/home/whx/Dataset/semi-aves/trainval_images/73/31.jpg	a bird perched on a branch.
/home/whx/Dataset/semi-aves/trainval_images/73/13.jpg	a bird perched on edge of birdbath.
/home/whx/Dataset/semi-aves/trainval_images/73/7.jpg	a bird perched on branch.
/home/whx/Dataset/semi-aves/trainval_images/74/27.jpg	a bird perched, legs spread, head turned.
/home/whx/Dataset/semi-aves/trainval_images/74/19.jpg	a bird perched on a branch.
/home/whx/Dataset/semi-aves/trainval_images/74/17.jpg	a bird perched on a pole.
/home/whx/Dataset/semi-aves/trainval_images/74/13.jpg	a bird perched on signpost.
/home/whx/Dataset/semi-aves/trainval_images/74/3.jpg	a bird perched, wings slightly spread.
/home/whx/Dataset/semi-aves/trainval_images/74/21.jpg	a bird perched on a metal structure.
/home/whx/Dataset/semi-aves/trainval_images/74/9.jpg	a bird perched.
/home/whx/Dataset/semi-aves/trainval_images/74/8.jpg	a bird perched on branch.
/home/whx/Dataset/semi-aves/trainval_images/75/15.jpg	a bird perched on barbed wire.
/home/whx/Dataset/semi-aves/trainval_images/75/24.jpg	a bird is standing on the ground.
/home/whx/Dataset/semi-aves/trainval_images/75/0.jpg	a bird perched on branch.
/home/whx/Dataset/semi-aves/trainval_images/75/12.jpg	a bird perched.
/home/whx/Dataset/semi-aves/trainval_images/75/16.jpg	a bird perched on branch.
/home/whx/Dataset/semi-aves/trainval_images/75/14.jpg	a bird perched on branch.
/home/whx/Dataset/semi-aves/trainval_images/75/18.jpg	a bird perched on branch.
/home/whx/Dataset/semi-aves/trainval_images/75/32.jpg	a bird perched on a branch.
/home/whx/Dataset/semi-aves/trainval_images/76/0.jpg	a bird perched on a branch.
/home/whx/Dataset/semi-aves/trainval_images/76/20.jpg	a bird perched on branch.
/home/whx/Dataset/semi-aves/trainval_images/76/19.jpg	a bird perched on a branch.
/home/whx/Dataset/semi-aves/trainval_images/76/7.jpg	a bird perched on a branch.
/home/whx/Dataset/semi-aves/trainval_images/76/26.jpg	a bird perched on branch.
/home/whx/Dataset/semi-aves/trainval_images/76/8.jpg	a bird perched on a wire, open beak.
/home/whx/Dataset/semi-aves/trainval_images/76/6.jpg	a bird perched on a branch.
/home/whx/Dataset/semi-aves/trainval_images/76/5.jpg	a bird perched on branch.
/home/whx/Dataset/semi-aves/trainval_images/77/9.jpg	a bird perched on wire.
/home/whx/Dataset/semi-aves/trainval_images/77/4.jpg	a bird perched on a flower.
/home/whx/Dataset/semi-aves/trainval_images/77/17.jpg	a bird perched on a wire.
/home/whx/Dataset/semi-aves/trainval_images/77/6.jpg	a bird perched on wire.
/home/whx/Dataset/semi-aves/trainval_images/77/8.jpg	a bird perched on fence.
/home/whx/Dataset/semi-aves/trainval_images/77/30.jpg	a bird perched on a branch.
/home/whx/Dataset/semi-aves/trainval_images/77/18.jpg	a bird perched on a branch.
/home/whx/Dataset/semi-aves/trainval_images/77/26.jpg	a bird perched on a post.
/home/whx/Dataset/semi-aves/trainval_images/78/28.jpg	a bird perched on a branch.
/home/whx/Dataset/semi-aves/trainval_images/78/10.jpg	a bird stands in snow, pecking at seeds.
/home/whx/Dataset/semi-aves/trainval_images/78/22.jpg	a bird stands on ground, head slightly lowered.
/home/whx/Dataset/semi-aves/trainval_images/78/15.jpg	a bird perched on branch.
/home/whx/Dataset/semi-aves/trainval_images/78/13.jpg	a bird perched on branch.
/home/whx/Dataset/semi-aves/trainval_images/78/27.jpg	a bird perched on a rock.
/home/whx/Dataset/semi-aves/trainval_images/78/3.jpg	a bird perched on rocks.
/home/whx/Dataset/semi-aves/trainval_images/78/24.jpg	a bird perched, head slightly tilted.
/home/whx/Dataset/semi-aves/trainval_images/79/6.jpg	a bird perched on branch.
/home/whx/Dataset/semi-aves/trainval_images/79/18.jpg	a bird perched on branch.
/home/whx/Dataset/semi-aves/trainval_images/79/12.jpg	a bird stands on a concrete surface.
/home/whx/Dataset/semi-aves/trainval_images/79/23.jpg	a bird perched on a branch.
/home/whx/Dataset/semi-aves/trainval_images/79/9.jpg	a bird perched on a branch.
/home/whx/Dataset/semi-aves/trainval_images/79/3.jpg	a bird perched on branch.
/home/whx/Dataset/semi-aves/trainval_images/79/0.jpg	a bird perched on a branch.
/home/whx/Dataset/semi-aves/trainval_images/79/22.jpg	a bird perched, head slightly tilted.
/home/whx/Dataset/semi-aves/trainval_images/80/0.jpg	a bird perched on branch.
/home/whx/Dataset/semi-aves/trainval_images/80/18.jpg	a bird perched on a branch.
/home/whx/Dataset/semi-aves/trainval_images/80/30.jpg	a bird perched, facing left.
/home/whx/Dataset/semi-aves/trainval_images/80/21.jpg	a bird perched on a branch.
/home/whx/Dataset/semi-aves/trainval_images/80/24.jpg	a bird perched on a branch.
/home/whx/Dataset/semi-aves/trainval_images/80/23.jpg	a bird perched on branch.
/home/whx/Dataset/semi-aves/trainval_images/80/20.jpg	a bird flying.
/home/whx/Dataset/semi-aves/trainval_images/80/4.jpg	a bird perched on branch.
/home/whx/Dataset/semi-aves/trainval_images/81/4.jpg	a bird perched on a branch.
/home/whx/Dataset/semi-aves/trainval_images/81/32.jpg	a bird perched on a tree branch.
/home/whx/Dataset/semi-aves/trainval_images/81/23.jpg	a bird perched on a tree branch.
/home/whx/Dataset/semi-aves/trainval_images/81/18.jpg	a bird perched on a tree trunk.
/home/whx/Dataset/semi-aves/trainval_images/81/25.jpg	a bird perched on branch.
/home/whx/Dataset/semi-aves/trainval_images/81/9.jpg	a bird perched on tree trunk.
/home/whx/Dataset/semi-aves/trainval_images/81/13.jpg	a bird perched on tree branch.
/home/whx/Dataset/semi-aves/trainval_images/81/16.jpg	a bird perched on a branch.
/home/whx/Dataset/semi-aves/trainval_images/82/21.jpg	a bird perched on branch.
/home/whx/Dataset/semi-aves/trainval_images/82/11.jpg	a bird perched.
/home/whx/Dataset/semi-aves/trainval_images/82/24.jpg	a bird perched.
/home/whx/Dataset/semi-aves/trainval_images/82/16.jpg	a bird stands upright.
/home/whx/Dataset/semi-aves/trainval_images/82/10.jpg	a bird stands on the ground, head slightly lowered.
/home/whx/Dataset/semi-aves/trainval_images/82/0.jpg	a bird perched on a branch.
/home/whx/Dataset/semi-aves/trainval_images/82/3.jpg	a bird perched on branch.
/home/whx/Dataset/semi-aves/trainval_images/82/14.jpg	a bird stands on a concrete edge.
/home/whx/Dataset/semi-aves/trainval_images/83/29.jpg	a bird perched, head raised.
/home/whx/Dataset/semi-aves/trainval_images/83/11.jpg	a bird perched on a post.
/home/whx/Dataset/semi-aves/trainval_images/83/9.jpg	a bird perched on wire.
/home/whx/Dataset/semi-aves/trainval_images/83/17.jpg	a bird perched on reeds.
/home/whx/Dataset/semi-aves/trainval_images/83/12.jpg	a bird perched on a branch.
/home/whx/Dataset/semi-aves/trainval_images/83/10.jpg	a bird perched on wire, tail extended.
/home/whx/Dataset/semi-aves/trainval_images/83/25.jpg	a bird is walking.
/home/whx/Dataset/semi-aves/trainval_images/83/23.jpg	a bird is standing in shallow water.
/home/whx/Dataset/semi-aves/trainval_images/84/31.jpg	a bird perched on a tree trunk.
/home/whx/Dataset/semi-aves/trainval_images/84/3.jpg	a bird perched on tree branch.
/home/whx/Dataset/semi-aves/trainval_images/84/20.jpg	a bird perched on a branch.
/home/whx/Dataset/semi-aves/trainval_images/84/12.jpg	a bird is not visible in the image.
/home/whx/Dataset/semi-aves/trainval_images/84/28.jpg	a bird perched on a person's hand.
/home/whx/Dataset/semi-aves/trainval_images/84/6.jpg	a bird perched on tree trunk.
/home/whx/Dataset/semi-aves/trainval_images/84/17.jpg	a bird perched on tree trunk.
/home/whx/Dataset/semi-aves/trainval_images/84/0.jpg	a bird perched on tree trunk.
/home/whx/Dataset/semi-aves/trainval_images/85/8.jpg	a bird perched on a log.
/home/whx/Dataset/semi-aves/trainval_images/85/20.jpg	a bird perched on tree trunk.
/home/whx/Dataset/semi-aves/trainval_images/85/19.jpg	a bird perched, feeding.
/home/whx/Dataset/semi-aves/trainval_images/85/23.jpg	a bird perched on moss.
/home/whx/Dataset/semi-aves/trainval_images/85/27.jpg	a bird perched on branch.
/home/whx/Dataset/semi-aves/trainval_images/85/26.jpg	a bird perched on moss.
/home/whx/Dataset/semi-aves/trainval_images/85/16.jpg	a bird perched, holding food.
/home/whx/Dataset/semi-aves/trainval_images/85/6.jpg	a bird perched on a branch.
/home/whx/Dataset/semi-aves/trainval_images/86/30.jpg	a bird perched on a branch.
/home/whx/Dataset/semi-aves/trainval_images/86/14.jpg	a bird perched on a branch.
/home/whx/Dataset/semi-aves/trainval_images/86/19.jpg	a bird perched on a branch.
/home/whx/Dataset/semi-aves/trainval_images/86/27.jpg	a bird perched on a branch.
/home/whx/Dataset/semi-aves/trainval_images/86/16.jpg	a bird perched on a branch.
/home/whx/Dataset/semi-aves/trainval_images/86/13.jpg	a bird perched on branch.
/home/whx/Dataset/semi-aves/trainval_images/86/23.jpg	a bird perched on branch, head turned.
/home/whx/Dataset/semi-aves/trainval_images/86/22.jpg	a bird perched, head tilted.
/home/whx/Dataset/semi-aves/trainval_images/87/9.jpg	a bird perched on a branch.
/home/whx/Dataset/semi-aves/trainval_images/87/22.jpg	a bird stands upright.
/home/whx/Dataset/semi-aves/trainval_images/87/5.jpg	a bird perched on a utility pole.
/home/whx/Dataset/semi-aves/trainval_images/87/14.jpg	a bird perched on branch.
/home/whx/Dataset/semi-aves/trainval_images/87/19.jpg	a bird perched on a branch.
/home/whx/Dataset/semi-aves/trainval_images/87/21.jpg	a bird perched on wire.
/home/whx/Dataset/semi-aves/trainval_images/87/16.jpg	a bird perched on a branch.
/home/whx/Dataset/semi-aves/trainval_images/87/6.jpg	a bird perched on a wire.
/home/whx/Dataset/semi-aves/trainval_images/88/11.jpg	a bird perched on tree trunk.
/home/whx/Dataset/semi-aves/trainval_images/88/16.jpg	a bird perched on a branch.
/home/whx/Dataset/semi-aves/trainval_images/88/0.jpg	a bird perched on tree trunk.
/home/whx/Dataset/semi-aves/trainval_images/88/21.jpg	a bird stands alert on rocks.
/home/whx/Dataset/semi-aves/trainval_images/88/12.jpg	a bird perched, another in flight.
/home/whx/Dataset/semi-aves/trainval_images/88/18.jpg	a bird perched on branch.
/home/whx/Dataset/semi-aves/trainval_images/88/13.jpg	a bird perched near hole.
/home/whx/Dataset/semi-aves/trainval_images/88/25.jpg	a bird is standing on the ground.
/home/whx/Dataset/semi-aves/trainval_images/89/21.jpg	a bird perched on branch.
/home/whx/Dataset/semi-aves/trainval_images/89/4.jpg	a bird perched on wire.
/home/whx/Dataset/semi-aves/trainval_images/89/31.jpg	a bird perched on branch.
/home/whx/Dataset/semi-aves/trainval_images/89/23.jpg	a bird perched, head turned, feeding.
/home/whx/Dataset/semi-aves/trainval_images/89/7.jpg	a bird perched on branch.
/home/whx/Dataset/semi-aves/trainval_images/89/20.jpg	a bird perched on a branch.
/home/whx/Dataset/semi-aves/trainval_images/89/28.jpg	a bird perched on branch.
/home/whx/Dataset/semi-aves/trainval_images/89/9.jpg	a bird perched on branch.
/home/whx/Dataset/semi-aves/trainval_images/90/20.jpg	a bird perched on branch.
/home/whx/Dataset/semi-aves/trainval_images/90/0.jpg	a bird stands in grass, head turned.
/home/whx/Dataset/semi-aves/trainval_images/90/13.jpg	a bird in flight, wings spread.
/home/whx/Dataset/semi-aves/trainval_images/90/23.jpg	a bird perched on branch.
/home/whx/Dataset/semi-aves/trainval_images/90/27.jpg	a bird perched on branch.
/home/whx/Dataset/semi-aves/trainval_images/90/4.jpg	a bird perched on branch.
/home/whx/Dataset/semi-aves/trainval_images/90/24.jpg	a bird perched on a pole.
/home/whx/Dataset/semi-aves/trainval_images/90/12.jpg	a bird perched on branch.
/home/whx/Dataset/semi-aves/trainval_images/91/17.jpg	a bird perched, head tilted upwards.
/home/whx/Dataset/semi-aves/trainval_images/91/11.jpg	a bird perched on a wooden surface.
/home/whx/Dataset/semi-aves/trainval_images/91/4.jpg	a bird perched on a branch.
/home/whx/Dataset/semi-aves/trainval_images/91/0.jpg	a bird perched on a branch.
/home/whx/Dataset/semi-aves/trainval_images/91/33.jpg	a bird perched on branch.
/home/whx/Dataset/semi-aves/trainval_images/91/29.jpg	a bird perched on a feeder.
/home/whx/Dataset/semi-aves/trainval_images/91/8.jpg	a bird perched on branch.
/home/whx/Dataset/semi-aves/trainval_images/91/25.jpg	a bird perched on a branch.
/home/whx/Dataset/semi-aves/trainval_images/92/22.jpg	a bird perched on branch.
/home/whx/Dataset/semi-aves/trainval_images/92/13.jpg	a bird perched on a branch.
/home/whx/Dataset/semi-aves/trainval_images/92/21.jpg	a bird perched on a branch.
/home/whx/Dataset/semi-aves/trainval_images/92/17.jpg	a bird perched on a branch.
/home/whx/Dataset/semi-aves/trainval_images/92/9.jpg	a bird perched, facing left.
/home/whx/Dataset/semi-aves/trainval_images/92/4.jpg	a bird perched on a branch.
/home/whx/Dataset/semi-aves/trainval_images/92/14.jpg	a bird stands on concrete.
/home/whx/Dataset/semi-aves/trainval_images/92/8.jpg	a bird stands on ground, facing right.
/home/whx/Dataset/semi-aves/trainval_images/93/31.jpg	a bird perched on a branch.
/home/whx/Dataset/semi-aves/trainval_images/93/10.jpg	a bird perched on a branch.
/home/whx/Dataset/semi-aves/trainval_images/93/29.jpg	a bird perched, head tilted.
/home/whx/Dataset/semi-aves/trainval_images/93/32.jpg	a bird perched on edge
/home/whx/Dataset/semi-aves/trainval_images/93/2.jpg	a bird perched on a feeder.
/home/whx/Dataset/semi-aves/trainval_images/93/8.jpg	a bird perched on branch.
/home/whx/Dataset/semi-aves/trainval_images/93/16.jpg	a bird perched on feeder.
/home/whx/Dataset/semi-aves/trainval_images/93/3.jpg	a bird perched on branch.
/home/whx/Dataset/semi-aves/trainval_images/94/27.jpg	a bird perched on branch.
/home/whx/Dataset/semi-aves/trainval_images/94/4.jpg	a bird perched on a wire.
/home/whx/Dataset/semi-aves/trainval_images/94/22.jpg	a bird perched on a branch.
/home/whx/Dataset/semi-aves/trainval_images/94/34.jpg	a bird perched on a wire.
/home/whx/Dataset/semi-aves/trainval_images/94/28.jpg	a bird perched on a branch.
/home/whx/Dataset/semi-aves/trainval_images/94/0.jpg	a bird perched on branch.
/home/whx/Dataset/semi-aves/trainval_images/94/5.jpg	a bird perched, head turned.
/home/whx/Dataset/semi-aves/trainval_images/94/16.jpg	a bird perched
/home/whx/Dataset/semi-aves/trainval_images/95/22.jpg	a bird perched on a branch.
/home/whx/Dataset/semi-aves/trainval_images/95/5.jpg	a bird perched on a branch.
/home/whx/Dataset/semi-aves/trainval_images/95/2.jpg	a bird perched on wire, facing right.
/home/whx/Dataset/semi-aves/trainval_images/95/12.jpg	a bird perched on a branch.
/home/whx/Dataset/semi-aves/trainval_images/95/8.jpg	a bird perched on a branch.
/home/whx/Dataset/semi-aves/trainval_images/95/9.jpg	a bird perched on a branch.
/home/whx/Dataset/semi-aves/trainval_images/95/6.jpg	a bird perched on a branch.
/home/whx/Dataset/semi-aves/trainval_images/95/16.jpg	a bird perched on a branch.
/home/whx/Dataset/semi-aves/trainval_images/96/7.jpg	a bird perched vertically on tree trunk.
/home/whx/Dataset/semi-aves/trainval_images/96/10.jpg	a bird lying on ground, wings spread.
/home/whx/Dataset/semi-aves/trainval_images/96/8.jpg	a bird perched, head down, pecking.
/home/whx/Dataset/semi-aves/trainval_images/96/2.jpg	a bird perched on branch.
/home/whx/Dataset/semi-aves/trainval_images/96/21.jpg	a bird perched on a branch.
/home/whx/Dataset/semi-aves/trainval_images/96/16.jpg	a bird perched, head tilted down.
/home/whx/Dataset/semi-aves/trainval_images/96/11.jpg	a bird perched on rock, wings slightly spread.
/home/whx/Dataset/semi-aves/trainval_images/96/14.jpg	a bird perched on branch.
/home/whx/Dataset/semi-aves/trainval_images/97/3.jpg	a bird perched.
/home/whx/Dataset/semi-aves/trainval_images/97/5.jpg	a bird perched on a branch.
/home/whx/Dataset/semi-aves/trainval_images/97/9.jpg	a bird perched on tree trunk.
/home/whx/Dataset/semi-aves/trainval_images/97/20.jpg	a bird perched on a branch.
/home/whx/Dataset/semi-aves/trainval_images/97/23.jpg	a bird perched on branch.
/home/whx/Dataset/semi-aves/trainval_images/97/22.jpg	a bird perched on tree branch.
/home/whx/Dataset/semi-aves/trainval_images/97/17.jpg	a bird perched on branch.
/home/whx/Dataset/semi-aves/trainval_images/97/8.jpg	a bird perched on branch.
/home/whx/Dataset/semi-aves/trainval_images/98/12.jpg	a bird perched on ground.
/home/whx/Dataset/semi-aves/trainval_images/98/20.jpg	a bird perched on a branch.
/home/whx/Dataset/semi-aves/trainval_images/98/24.jpg	a bird perched on a branch.
/home/whx/Dataset/semi-aves/trainval_images/98/8.jpg	a bird perched on a hand.
/home/whx/Dataset/semi-aves/trainval_images/98/13.jpg	a bird perched on fence.
/home/whx/Dataset/semi-aves/trainval_images/98/18.jpg	a bird perched on branch.
/home/whx/Dataset/semi-aves/trainval_images/98/26.jpg	a bird perched on a branch.
/home/whx/Dataset/semi-aves/trainval_images/98/6.jpg	a bird perched on branch.
/home/whx/Dataset/semi-aves/trainval_images/99/30.jpg	a bird perched on branch.
/home/whx/Dataset/semi-aves/trainval_images/99/25.jpg	a bird perched on branch.
/home/whx/Dataset/semi-aves/trainval_images/99/8.jpg	a bird perched on a branch.
/home/whx/Dataset/semi-aves/trainval_images/99/27.jpg	a bird perched on a branch.
/home/whx/Dataset/semi-aves/trainval_images/99/19.jpg	a bird perched on a branch.
/home/whx/Dataset/semi-aves/trainval_images/99/10.jpg	a bird perched on branch.
/home/whx/Dataset/semi-aves/trainval_images/99/22.jpg	a bird perched on a branch.
/home/whx/Dataset/semi-aves/trainval_images/99/7.jpg	a bird perched on a branch.
/home/whx/Dataset/semi-aves/trainval_images/100/8.jpg	a bird is standing on the ground.
/home/whx/Dataset/semi-aves/trainval_images/100/19.jpg	a bird perched on reeds.
/home/whx/Dataset/semi-aves/trainval_images/100/22.jpg	a bird perched on branch.
/home/whx/Dataset/semi-aves/trainval_images/100/7.jpg	a bird perched on a branch.
/home/whx/Dataset/semi-aves/trainval_images/100/21.jpg	a bird perched on a branch.
/home/whx/Dataset/semi-aves/trainval_images/100/0.jpg	a bird perched on a reed.
/home/whx/Dataset/semi-aves/trainval_images/100/29.jpg	a bird perched on a branch.
/home/whx/Dataset/semi-aves/trainval_images/100/12.jpg	a bird perched on branch.
/home/whx/Dataset/semi-aves/trainval_images/101/22.jpg	a bird perched.
/home/whx/Dataset/semi-aves/trainval_images/101/29.jpg	a bird stands in reeds.
/home/whx/Dataset/semi-aves/trainval_images/101/17.jpg	a bird perched on wire.
/home/whx/Dataset/semi-aves/trainval_images/101/27.jpg	a bird perched on a branch.
/home/whx/Dataset/semi-aves/trainval_images/101/9.jpg	a bird perched on a branch.
/home/whx/Dataset/semi-aves/trainval_images/101/7.jpg	a bird perched on a branch.
/home/whx/Dataset/semi-aves/trainval_images/101/2.jpg	a bird perched on branch.
/home/whx/Dataset/semi-aves/trainval_images/101/35.jpg	a bird perched on branch.
/home/whx/Dataset/semi-aves/trainval_images/102/10.jpg	a bird perched on a branch.
/home/whx/Dataset/semi-aves/trainval_images/102/28.jpg	a bird perched on a branch.
/home/whx/Dataset/semi-aves/trainval_images/102/9.jpg	a bird perched on a branch.
/home/whx/Dataset/semi-aves/trainval_images/102/19.jpg	a bird perched.
/home/whx/Dataset/semi-aves/trainval_images/102/8.jpg	a bird perched, head turned.
/home/whx/Dataset/semi-aves/trainval_images/102/14.jpg	a bird perched on a branch.
/home/whx/Dataset/semi-aves/trainval_images/102/16.jpg	a bird perched on branch.
/home/whx/Dataset/semi-aves/trainval_images/102/5.jpg	a bird perched on a branch.
/home/whx/Dataset/semi-aves/trainval_images/103/4.jpg	a bird stands on the ground.
/home/whx/Dataset/semi-aves/trainval_images/103/24.jpg	a bird perched on a branch.
/home/whx/Dataset/semi-aves/trainval_images/103/29.jpg	a bird stands on a gravel surface.
/home/whx/Dataset/semi-aves/trainval_images/103/22.jpg	a bird perched on branch.
/home/whx/Dataset/semi-aves/trainval_images/103/14.jpg	a bird perched on branch.
/home/whx/Dataset/semi-aves/trainval_images/103/11.jpg	a bird perched on a branch.
/home/whx/Dataset/semi-aves/trainval_images/103/9.jpg	a bird perched, feeding.
/home/whx/Dataset/semi-aves/trainval_images/103/12.jpg	a bird perched on branch.
/home/whx/Dataset/semi-aves/trainval_images/104/7.jpg	A bird is perched.
/home/whx/Dataset/semi-aves/trainval_images/104/3.jpg	a bird perched on barbed wire.
/home/whx/Dataset/semi-aves/trainval_images/104/24.jpg	a bird perched on branch.
/home/whx/Dataset/semi-aves/trainval_images/104/6.jpg	a bird perched, facing right.
/home/whx/Dataset/semi-aves/trainval_images/104/28.jpg	a bird perched on barbed wire.
/home/whx/Dataset/semi-aves/trainval_images/104/22.jpg	a bird perched.
/home/whx/Dataset/semi-aves/trainval_images/104/10.jpg	a bird perched, head raised, beak open.
/home/whx/Dataset/semi-aves/trainval_images/104/2.jpg	a bird perched on a branch.
/home/whx/Dataset/semi-aves/trainval_images/105/3.jpg	a bird perched, head slightly tilted.
/home/whx/Dataset/semi-aves/trainval_images/105/7.jpg	a bird perched.
/home/whx/Dataset/semi-aves/trainval_images/105/13.jpg	a bird perched on branch.
/home/whx/Dataset/semi-aves/trainval_images/105/11.jpg	a bird perched on branch.
/home/whx/Dataset/semi-aves/trainval_images/105/16.jpg	a bird perched on fence post.
/home/whx/Dataset/semi-aves/trainval_images/105/31.jpg	a bird perched on branch.
/home/whx/Dataset/semi-aves/trainval_images/105/5.jpg	a bird perched on branch.
/home/whx/Dataset/semi-aves/trainval_images/105/1.jpg	a bird perched on branch.
/home/whx/Dataset/semi-aves/trainval_images/106/1.jpg	a bird perched on a post.
/home/whx/Dataset/semi-aves/trainval_images/106/26.jpg	a bird perched on a branch.
/home/whx/Dataset/semi-aves/trainval_images/106/20.jpg	a bird perched on a branch.
/home/whx/Dataset/semi-aves/trainval_images/106/0.jpg	a bird perched on branch.
/home/whx/Dataset/semi-aves/trainval_images/106/25.jpg	a bird perched on tree trunk.
/home/whx/Dataset/semi-aves/trainval_images/106/7.jpg	a bird perched on ground.
/home/whx/Dataset/semi-aves/trainval_images/106/22.jpg	a bird perched on a log.
/home/whx/Dataset/semi-aves/trainval_images/106/31.jpg	a bird perched on branch.
/home/whx/Dataset/semi-aves/trainval_images/107/32.jpg	a bird stands on ground, head slightly tilted.
/home/whx/Dataset/semi-aves/trainval_images/107/23.jpg	a bird perched on branch.
/home/whx/Dataset/semi-aves/trainval_images/107/17.jpg	a bird perched on a branch.
/home/whx/Dataset/semi-aves/trainval_images/107/27.jpg	a bird perched on branch.
/home/whx/Dataset/semi-aves/trainval_images/107/24.jpg	a bird perched on branch.
/home/whx/Dataset/semi-aves/trainval_images/107/20.jpg	a bird perched on branch.
/home/whx/Dataset/semi-aves/trainval_images/107/15.jpg	a bird perched on a branch.
/home/whx/Dataset/semi-aves/trainval_images/107/10.jpg	a bird perched on a branch.
/home/whx/Dataset/semi-aves/trainval_images/108/17.jpg	a bird perched on a branch.
/home/whx/Dataset/semi-aves/trainval_images/108/7.jpg	a bird perched, head turned, holding seed.
/home/whx/Dataset/semi-aves/trainval_images/108/11.jpg	a bird perched on a branch.
/home/whx/Dataset/semi-aves/trainval_images/108/3.jpg	a bird stands on ground, head slightly lowered.
/home/whx/Dataset/semi-aves/trainval_images/108/32.jpg	a bird perched on branch.
/home/whx/Dataset/semi-aves/trainval_images/108/12.jpg	a bird perched on a branch.
/home/whx/Dataset/semi-aves/trainval_images/108/29.jpg	a bird perched on branch.
/home/whx/Dataset/semi-aves/trainval_images/108/15.jpg	a bird perched on a branch.
/home/whx/Dataset/semi-aves/trainval_images/109/15.jpg	a bird is perched on grass.
/home/whx/Dataset/semi-aves/trainval_images/109/13.jpg	a bird perched on a branch.
/home/whx/Dataset/semi-aves/trainval_images/109/25.jpg	a bird perched on a branch.
/home/whx/Dataset/semi-aves/trainval_images/109/6.jpg	a bird stands on rocks.
/home/whx/Dataset/semi-aves/trainval_images/109/8.jpg	a bird stands on the ground, facing right.
/home/whx/Dataset/semi-aves/trainval_images/109/24.jpg	a bird perched on branch.
/home/whx/Dataset/semi-aves/trainval_images/109/10.jpg	a bird perched on a branch.
/home/whx/Dataset/semi-aves/trainval_images/109/28.jpg	a bird perched on a branch.
/home/whx/Dataset/semi-aves/trainval_images/110/17.jpg	a bird perched on a branch.
/home/whx/Dataset/semi-aves/trainval_images/110/18.jpg	a bird perched on a branch.
/home/whx/Dataset/semi-aves/trainval_images/110/12.jpg	a bird perched, open beak.
/home/whx/Dataset/semi-aves/trainval_images/110/6.jpg	a bird perched on a branch.
/home/whx/Dataset/semi-aves/trainval_images/110/14.jpg	a bird perched on branch.
/home/whx/Dataset/semi-aves/trainval_images/110/22.jpg	a bird perched on a branch.
/home/whx/Dataset/semi-aves/trainval_images/110/8.jpg	a bird perched on a branch.
/home/whx/Dataset/semi-aves/trainval_images/110/10.jpg	a bird perched on nest.
/home/whx/Dataset/semi-aves/trainval_images/111/16.jpg	a bird perched on branch.
/home/whx/Dataset/semi-aves/trainval_images/111/19.jpg	a bird perched on a branch.
/home/whx/Dataset/semi-aves/trainval_images/111/3.jpg	a bird perched on a branch.
/home/whx/Dataset/semi-aves/trainval_images/111/6.jpg	a bird perched on a hand.
/home/whx/Dataset/semi-aves/trainval_images/111/2.jpg	a bird perched, head down.
/home/whx/Dataset/semi-aves/trainval_images/111/1.jpg	a bird perched on a branch.
/home/whx/Dataset/semi-aves/trainval_images/111/0.jpg	a bird perched on branch.
/home/whx/Dataset/semi-aves/trainval_images/111/20.jpg	a bird perched on a hand.
/home/whx/Dataset/semi-aves/trainval_images/112/17.jpg	a bird perched on ground.
/home/whx/Dataset/semi-aves/trainval_images/112/12.jpg	a bird perched on branch.
/home/whx/Dataset/semi-aves/trainval_images/112/14.jpg	a bird perched on branch.
/home/whx/Dataset/semi-aves/trainval_images/112/20.jpg	a bird perched on a branch.
/home/whx/Dataset/semi-aves/trainval_images/112/11.jpg	a bird perched
/home/whx/Dataset/semi-aves/trainval_images/112/7.jpg	a bird perched on a fence post.
/home/whx/Dataset/semi-aves/trainval_images/112/26.jpg	a bird perched.
/home/whx/Dataset/semi-aves/trainval_images/112/6.jpg	a bird perched on branch.
/home/whx/Dataset/semi-aves/trainval_images/113/24.jpg	a bird perched on a branch.
/home/whx/Dataset/semi-aves/trainval_images/113/20.jpg	a bird perched on a branch.
/home/whx/Dataset/semi-aves/trainval_images/113/4.jpg	a bird in flight, wings spread, holding prey.
/home/whx/Dataset/semi-aves/trainval_images/113/0.jpg	a bird perched on a post.
/home/whx/Dataset/semi-aves/trainval_images/113/22.jpg	a bird stands on a ledge, head turned.
/home/whx/Dataset/semi-aves/trainval_images/113/12.jpg	a bird stands on a rock, tail extended.
/home/whx/Dataset/semi-aves/trainval_images/113/23.jpg	a bird perched on branch.
/home/whx/Dataset/semi-aves/trainval_images/113/17.jpg	a bird in flight, wings spread, tail extended.
/home/whx/Dataset/semi-aves/trainval_images/114/1.jpg	a bird perched on a branch.
/home/whx/Dataset/semi-aves/trainval_images/114/18.jpg	a bird perched on wire.
/home/whx/Dataset/semi-aves/trainval_images/114/12.jpg	a bird perched on a branch.
/home/whx/Dataset/semi-aves/trainval_images/114/8.jpg	a bird perched on a branch.
/home/whx/Dataset/semi-aves/trainval_images/114/4.jpg	a bird perched on a branch.
/home/whx/Dataset/semi-aves/trainval_images/114/2.jpg	a bird perched on ground, head slightly raised.
/home/whx/Dataset/semi-aves/trainval_images/114/14.jpg	a bird perched, head turned.
/home/whx/Dataset/semi-aves/trainval_images/114/9.jpg	a bird is standing.
/home/whx/Dataset/semi-aves/trainval_images/115/0.jpg	a bird perched, head turned.
/home/whx/Dataset/semi-aves/trainval_images/115/1.jpg	a bird stands still, head slightly tilted.
/home/whx/Dataset/semi-aves/trainval_images/115/17.jpg	a bird stands still, head slightly tilted.
/home/whx/Dataset/semi-aves/trainval_images/115/23.jpg	a bird stands tall, head slightly tilted.
/home/whx/Dataset/semi-aves/trainval_images/115/16.jpg	a bird perched on a branch.
/home/whx/Dataset/semi-aves/trainval_images/115/4.jpg	a bird stands tall, neck extended.
/home/whx/Dataset/semi-aves/trainval_images/115/21.jpg	a bird perched, head turned.
/home/whx/Dataset/semi-aves/trainval_images/115/8.jpg	a bird in flight, wings spread.
/home/whx/Dataset/semi-aves/trainval_images/116/7.jpg	a bird perched on a branch.
/home/whx/Dataset/semi-aves/trainval_images/116/27.jpg	a bird perched on a branch.
/home/whx/Dataset/semi-aves/trainval_images/116/2.jpg	a bird perched on a branch.
/home/whx/Dataset/semi-aves/trainval_images/116/6.jpg	a bird spreads wings, perched on branch.
/home/whx/Dataset/semi-aves/trainval_images/116/0.jpg	a bird perched on a branch.
/home/whx/Dataset/semi-aves/trainval_images/116/15.jpg	a bird perched on a branch.
/home/whx/Dataset/semi-aves/trainval_images/116/20.jpg	a bird in flight, wings spread.
/home/whx/Dataset/semi-aves/trainval_images/116/4.jpg	a bird stands on a rock, wings slightly spread.
/home/whx/Dataset/semi-aves/trainval_images/117/23.jpg	a bird stands on sandy ground.
/home/whx/Dataset/semi-aves/trainval_images/117/8.jpg	a bird stands on one leg.
/home/whx/Dataset/semi-aves/trainval_images/117/21.jpg	a bird stands on sandy beach.
/home/whx/Dataset/semi-aves/trainval_images/117/6.jpg	a bird stands on one leg.
/home/whx/Dataset/semi-aves/trainval_images/117/26.jpg	a bird stands on pebbles, facing left.
/home/whx/Dataset/semi-aves/trainval_images/117/14.jpg	a bird stands on one leg.
/home/whx/Dataset/semi-aves/trainval_images/117/12.jpg	a bird stands in water.
/home/whx/Dataset/semi-aves/trainval_images/117/10.jpg	a bird stands on one leg.
/home/whx/Dataset/semi-aves/trainval_images/118/20.jpg	a bird perched on branch.
/home/whx/Dataset/semi-aves/trainval_images/118/8.jpg	a bird perched on a branch.
/home/whx/Dataset/semi-aves/trainval_images/118/27.jpg	a bird perched on branch.
/home/whx/Dataset/semi-aves/trainval_images/118/28.jpg	a bird perched on a branch.
/home/whx/Dataset/semi-aves/trainval_images/118/25.jpg	a bird perched on a reed.
/home/whx/Dataset/semi-aves/trainval_images/118/7.jpg	a bird perched on barbed wire.
/home/whx/Dataset/semi-aves/trainval_images/118/23.jpg	a bird perched on branch.
/home/whx/Dataset/semi-aves/trainval_images/118/1.jpg	a bird stands alert, perched on ground.
/home/whx/Dataset/semi-aves/trainval_images/119/18.jpg	a bird perched on a branch.
/home/whx/Dataset/semi-aves/trainval_images/119/24.jpg	a bird perched on a branch.
/home/whx/Dataset/semi-aves/trainval_images/119/5.jpg	a bird in flight, wings spread.
/home/whx/Dataset/semi-aves/trainval_images/119/11.jpg	a bird perched on branch.
/home/whx/Dataset/semi-aves/trainval_images/119/13.jpg	a bird perched on a branch.
/home/whx/Dataset/semi-aves/trainval_images/119/19.jpg	a bird perched on branch.
/home/whx/Dataset/semi-aves/trainval_images/119/17.jpg	a bird perched on a branch.
/home/whx/Dataset/semi-aves/trainval_images/119/16.jpg	a bird perched on a branch.
/home/whx/Dataset/semi-aves/trainval_images/120/1.jpg	a bird swimming
/home/whx/Dataset/semi-aves/trainval_images/120/11.jpg	a bird perched.
/home/whx/Dataset/semi-aves/trainval_images/120/17.jpg	a bird in flight, wings spread.
/home/whx/Dataset/semi-aves/trainval_images/120/13.jpg	a bird in flight, wings spread.
/home/whx/Dataset/semi-aves/trainval_images/120/6.jpg	a bird is in flight, wings spread.
/home/whx/Dataset/semi-aves/trainval_images/120/18.jpg	a bird in flight, wings spread.
/home/whx/Dataset/semi-aves/trainval_images/120/14.jpg	a bird perched on grass.
/home/whx/Dataset/semi-aves/trainval_images/120/10.jpg	a bird stands in shallow water.
/home/whx/Dataset/semi-aves/trainval_images/121/2.jpg	a bird soars with wings spread.
/home/whx/Dataset/semi-aves/trainval_images/121/22.jpg	a bird stands on the shore.
/home/whx/Dataset/semi-aves/trainval_images/121/8.jpg	a bird spreads wings, perches on rock.
/home/whx/Dataset/semi-aves/trainval_images/121/23.jpg	a bird soars gracefully.
/home/whx/Dataset/semi-aves/trainval_images/121/19.jpg	a bird perched on a rock.
/home/whx/Dataset/semi-aves/trainval_images/121/25.jpg	a bird perched.
/home/whx/Dataset/semi-aves/trainval_images/121/28.jpg	a bird stands on rocks, facing right.
/home/whx/Dataset/semi-aves/trainval_images/121/26.jpg	a bird stands on ground, head slightly tilted.
/home/whx/Dataset/semi-aves/trainval_images/122/11.jpg	a bird stands in water, head down, pecking.
/home/whx/Dataset/semi-aves/trainval_images/122/6.jpg	a bird perched, facing left.
/home/whx/Dataset/semi-aves/trainval_images/122/9.jpg	a bird perched, preening.
/home/whx/Dataset/semi-aves/trainval_images/122/1.jpg	a bird stands on a rock, facing right.
/home/whx/Dataset/semi-aves/trainval_images/122/29.jpg	a bird stands on one leg.
/home/whx/Dataset/semi-aves/trainval_images/122/32.jpg	a bird stands on a rock, looking down.
/home/whx/Dataset/semi-aves/trainval_images/122/27.jpg	a bird stands on rocks, head down.
/home/whx/Dataset/semi-aves/trainval_images/122/13.jpg	a bird stands on one leg.
/home/whx/Dataset/semi-aves/trainval_images/123/1.jpg	a bird perched, head raised.
/home/whx/Dataset/semi-aves/trainval_images/123/26.jpg	a bird perched
/home/whx/Dataset/semi-aves/trainval_images/123/20.jpg	a bird stands on grass.
/home/whx/Dataset/semi-aves/trainval_images/123/2.jpg	a bird perched on driftwood.
/home/whx/Dataset/semi-aves/trainval_images/123/16.jpg	a bird perched, head turned.
/home/whx/Dataset/semi-aves/trainval_images/123/15.jpg	a bird perched on a branch.
/home/whx/Dataset/semi-aves/trainval_images/123/22.jpg	a bird stands on grass near sidewalk.
/home/whx/Dataset/semi-aves/trainval_images/123/11.jpg	a bird standing on the ground.
/home/whx/Dataset/semi-aves/trainval_images/124/3.jpg	a bird perched.
/home/whx/Dataset/semi-aves/trainval_images/124/10.jpg	a bird stands in water, head lowered.
/home/whx/Dataset/semi-aves/trainval_images/124/1.jpg	a bird perched on a branch.
/home/whx/Dataset/semi-aves/trainval_images/124/4.jpg	a bird stands still, head slightly tilted.
/home/whx/Dataset/semi-aves/trainval_images/124/17.jpg	a bird perched, head slightly turned.
/home/whx/Dataset/semi-aves/trainval_images/124/26.jpg	a bird stands upright.
/home/whx/Dataset/semi-aves/trainval_images/124/14.jpg	a bird standing in water, head raised.
/home/whx/Dataset/semi-aves/trainval_images/124/21.jpg	a bird stands still.
/home/whx/Dataset/semi-aves/trainval_images/125/4.jpg	a bird stands in water, head down.
/home/whx/Dataset/semi-aves/trainval_images/125/12.jpg	a bird soars with outstretched wings.
/home/whx/Dataset/semi-aves/trainval_images/125/24.jpg	a bird soars with wings spread.
/home/whx/Dataset/semi-aves/trainval_images/125/22.jpg	a bird soars with wings spread.
/home/whx/Dataset/semi-aves/trainval_images/125/14.jpg	a bird in flight, wings spread.
/home/whx/Dataset/semi-aves/trainval_images/125/0.jpg	a bird soars with wings spread.
/home/whx/Dataset/semi-aves/trainval_images/125/16.jpg	a bird perched on a branch.
/home/whx/Dataset/semi-aves/trainval_images/125/8.jpg	a bird in flight, wings spread.
/home/whx/Dataset/semi-aves/trainval_images/126/2.jpg	a bird perched on a branch.
/home/whx/Dataset/semi-aves/trainval_images/126/8.jpg	a bird perched on a branch.
/home/whx/Dataset/semi-aves/trainval_images/126/10.jpg	a bird perched, facing away.
/home/whx/Dataset/semi-aves/trainval_images/126/25.jpg	a bird perched on a branch.
/home/whx/Dataset/semi-aves/trainval_images/126/9.jpg	a bird perched on a branch.
/home/whx/Dataset/semi-aves/trainval_images/126/1.jpg	a bird perched on branch.
/home/whx/Dataset/semi-aves/trainval_images/126/12.jpg	a bird perched on a branch.
/home/whx/Dataset/semi-aves/trainval_images/126/20.jpg	a bird perched on a branch.
/home/whx/Dataset/semi-aves/trainval_images/127/23.jpg	a bird perched on a branch.
/home/whx/Dataset/semi-aves/trainval_images/127/8.jpg	a bird perched on a branch.
/home/whx/Dataset/semi-aves/trainval_images/127/10.jpg	a bird perched on a branch.
/home/whx/Dataset/semi-aves/trainval_images/127/27.jpg	a bird perched, head turned.
/home/whx/Dataset/semi-aves/trainval_images/127/4.jpg	a bird perched on a branch.
/home/whx/Dataset/semi-aves/trainval_images/127/26.jpg	a bird perched on a branch.
/home/whx/Dataset/semi-aves/trainval_images/127/12.jpg	a bird perched on a stick.
/home/whx/Dataset/semi-aves/trainval_images/127/3.jpg	a bird perched on a branch.
/home/whx/Dataset/semi-aves/trainval_images/128/21.jpg	a bird perched on branch.
/home/whx/Dataset/semi-aves/trainval_images/128/9.jpg	a bird perched on a branch.
/home/whx/Dataset/semi-aves/trainval_images/128/3.jpg	a bird perched on branch.
/home/whx/Dataset/semi-aves/trainval_images/128/13.jpg	a bird perched.
/home/whx/Dataset/semi-aves/trainval_images/128/7.jpg	a bird perched on branch.
/home/whx/Dataset/semi-aves/trainval_images/128/16.jpg	a bird perched on branch.
/home/whx/Dataset/semi-aves/trainval_images/128/6.jpg	a bird perched on a branch.
/home/whx/Dataset/semi-aves/trainval_images/128/10.jpg	a bird perched on branch.
/home/whx/Dataset/semi-aves/trainval_images/129/10.jpg	a bird perched on a branch.
/home/whx/Dataset/semi-aves/trainval_images/129/16.jpg	a bird soars with wings spread.
/home/whx/Dataset/semi-aves/trainval_images/129/12.jpg	a bird perched on branch.
/home/whx/Dataset/semi-aves/trainval_images/129/18.jpg	a bird perched on branch.
/home/whx/Dataset/semi-aves/trainval_images/129/15.jpg	a bird soars with wings spread.
/home/whx/Dataset/semi-aves/trainval_images/129/3.jpg	a bird soars with wings spread wide.
/home/whx/Dataset/semi-aves/trainval_images/129/4.jpg	a bird soars with wings spread.
/home/whx/Dataset/semi-aves/trainval_images/129/14.jpg	a bird is resting on the ground.
/home/whx/Dataset/semi-aves/trainval_images/130/16.jpg	a bird stands upright.
/home/whx/Dataset/semi-aves/trainval_images/130/17.jpg	a bird stands on beach, facing right.
/home/whx/Dataset/semi-aves/trainval_images/130/23.jpg	a bird stands alert, legs spread, head slightly tilted.
/home/whx/Dataset/semi-aves/trainval_images/130/18.jpg	a bird stands on muddy ground.
/home/whx/Dataset/semi-aves/trainval_images/130/22.jpg	a bird stands on one leg.
/home/whx/Dataset/semi-aves/trainval_images/130/26.jpg	a bird stands on sand, head slightly tilted.
/home/whx/Dataset/semi-aves/trainval_images/130/25.jpg	a bird stands on muddy ground.
/home/whx/Dataset/semi-aves/trainval_images/130/0.jpg	a bird stands upright.
/home/whx/Dataset/semi-aves/trainval_images/131/26.jpg	a bird perched vertically on tree trunk.
/home/whx/Dataset/semi-aves/trainval_images/131/9.jpg	a bird perched upside down.
/home/whx/Dataset/semi-aves/trainval_images/131/23.jpg	a bird perched on moss.
/home/whx/Dataset/semi-aves/trainval_images/131/5.jpg	a bird perched on branch.
/home/whx/Dataset/semi-aves/trainval_images/131/6.jpg	a bird perched vertically on tree trunk.
/home/whx/Dataset/semi-aves/trainval_images/131/11.jpg	a bird perched on tree trunk, head down.
/home/whx/Dataset/semi-aves/trainval_images/131/12.jpg	a bird perched vertically on tree trunk.
/home/whx/Dataset/semi-aves/trainval_images/131/16.jpg	a bird perched on a rock.
/home/whx/Dataset/semi-aves/trainval_images/132/10.jpg	a bird perched on a branch.
/home/whx/Dataset/semi-aves/trainval_images/132/3.jpg	a bird perched on a branch.
/home/whx/Dataset/semi-aves/trainval_images/132/13.jpg	a bird perched on a branch.
/home/whx/Dataset/semi-aves/trainval_images/132/11.jpg	a bird perched on a branch.
/home/whx/Dataset/semi-aves/trainval_images/132/4.jpg	a bird perched on a branch.
/home/whx/Dataset/semi-aves/trainval_images/132/18.jpg	a bird perched on a branch.
/home/whx/Dataset/semi-aves/trainval_images/132/2.jpg	a bird perched on a branch.
/home/whx/Dataset/semi-aves/trainval_images/132/1.jpg	a bird perched on a branch.
/home/whx/Dataset/semi-aves/trainval_images/133/9.jpg	a bird floats calmly on the water.
/home/whx/Dataset/semi-aves/trainval_images/133/25.jpg	a bird stands on rocks near water.
/home/whx/Dataset/semi-aves/trainval_images/133/20.jpg	a bird floating calmly on water.
/home/whx/Dataset/semi-aves/trainval_images/133/17.jpg	a bird stands alert on seaweed.
/home/whx/Dataset/semi-aves/trainval_images/133/10.jpg	a bird stands on grass, head slightly turned.
/home/whx/Dataset/semi-aves/trainval_images/133/13.jpg	a bird perched on rocks.
/home/whx/Dataset/semi-aves/trainval_images/133/26.jpg	a bird soars with wings spread.
/home/whx/Dataset/semi-aves/trainval_images/133/22.jpg	a bird stands on wet sand.
/home/whx/Dataset/semi-aves/trainval_images/134/11.jpg	a bird is standing on the ground with its wings slightly spread.
/home/whx/Dataset/semi-aves/trainval_images/134/8.jpg	a bird perched on a branch.
/home/whx/Dataset/semi-aves/trainval_images/134/10.jpg	a bird perched on leaf.
/home/whx/Dataset/semi-aves/trainval_images/134/23.jpg	a bird perched on a leaf.
/home/whx/Dataset/semi-aves/trainval_images/134/16.jpg	a bird perched on a branch.
/home/whx/Dataset/semi-aves/trainval_images/134/22.jpg	a bird perched, feeding on flower.
/home/whx/Dataset/semi-aves/trainval_images/134/0.jpg	a bird perched on a branch.
/home/whx/Dataset/semi-aves/trainval_images/134/21.jpg	a bird perched on a branch.
/home/whx/Dataset/semi-aves/trainval_images/135/3.jpg	a bird perched on a branch.
/home/whx/Dataset/semi-aves/trainval_images/135/4.jpg	a bird perched on a beam.
/home/whx/Dataset/semi-aves/trainval_images/135/10.jpg	a bird perched on ledge.
/home/whx/Dataset/semi-aves/trainval_images/135/23.jpg	a bird stands on grass, head turned.
/home/whx/Dataset/semi-aves/trainval_images/135/26.jpg	a bird perched on a branch.
/home/whx/Dataset/semi-aves/trainval_images/135/24.jpg	a bird stands on grass, tail extended.
/home/whx/Dataset/semi-aves/trainval_images/135/18.jpg	a bird perched, wings slightly spread.
/home/whx/Dataset/semi-aves/trainval_images/135/2.jpg	a bird stands on grass, tail extended.
/home/whx/Dataset/semi-aves/trainval_images/136/14.jpg	a bird perched on a post.
/home/whx/Dataset/semi-aves/trainval_images/136/8.jpg	a bird perched on a branch.
/home/whx/Dataset/semi-aves/trainval_images/136/15.jpg	a bird perched, head turned.
/home/whx/Dataset/semi-aves/trainval_images/136/26.jpg	a bird perched on branch.
/home/whx/Dataset/semi-aves/trainval_images/136/11.jpg	a bird floats calmly on water.
/home/whx/Dataset/semi-aves/trainval_images/136/12.jpg	a bird spreads wings.
/home/whx/Dataset/semi-aves/trainval_images/136/2.jpg	a bird perched on a branch.
/home/whx/Dataset/semi-aves/trainval_images/136/18.jpg	a bird perched, head turned.
/home/whx/Dataset/semi-aves/trainval_images/137/1.jpg	a bird stands still.
/home/whx/Dataset/semi-aves/trainval_images/137/4.jpg	a bird stands on muddy ground.
/home/whx/Dataset/semi-aves/trainval_images/137/23.jpg	a bird stands on sandy ground.
/home/whx/Dataset/semi-aves/trainval_images/137/16.jpg	a bird is standing on the ground, head lowered.
/home/whx/Dataset/semi-aves/trainval_images/137/15.jpg	a bird stands on muddy ground, head lowered.
/home/whx/Dataset/semi-aves/trainval_images/137/18.jpg	a bird stands on one leg.
/home/whx/Dataset/semi-aves/trainval_images/137/8.jpg	a bird stands alert, perched on grass.
/home/whx/Dataset/semi-aves/trainval_images/137/7.jpg	a bird stands on wet sand, head slightly lowered.
/home/whx/Dataset/semi-aves/trainval_images/138/22.jpg	a bird stands in water, head down, beak open.
/home/whx/Dataset/semi-aves/trainval_images/138/18.jpg	a bird perched on a branch.
/home/whx/Dataset/semi-aves/trainval_images/138/10.jpg	a bird stands with head lowered near water.
/home/whx/Dataset/semi-aves/trainval_images/138/11.jpg	a bird stands in shallow water, legs spread, beak slightly open.
/home/whx/Dataset/semi-aves/trainval_images/138/20.jpg	a bird stands in water.
/home/whx/Dataset/semi-aves/trainval_images/138/21.jpg	a bird in flight, wings spread.
/home/whx/Dataset/semi-aves/trainval_images/138/12.jpg	a bird stands in water, head lowered.
/home/whx/Dataset/semi-aves/trainval_images/138/9.jpg	a bird stands with legs apart, head lowered.
/home/whx/Dataset/semi-aves/trainval_images/139/15.jpg	a bird is resting on a hand.
/home/whx/Dataset/semi-aves/trainval_images/139/20.jpg	a bird perched on branch.
/home/whx/Dataset/semi-aves/trainval_images/139/11.jpg	a bird perched on a branch.
/home/whx/Dataset/semi-aves/trainval_images/139/18.jpg	a bird perched on branch.
/home/whx/Dataset/semi-aves/trainval_images/139/17.jpg	a bird perched, head slightly tilted.
/home/whx/Dataset/semi-aves/trainval_images/139/5.jpg	a bird perched on a branch.
/home/whx/Dataset/semi-aves/trainval_images/139/0.jpg	a bird lies still on the ground.
/home/whx/Dataset/semi-aves/trainval_images/139/2.jpg	a bird perched on branch.
/home/whx/Dataset/semi-aves/trainval_images/140/8.jpg	a bird stands in water, head slightly raised.
/home/whx/Dataset/semi-aves/trainval_images/140/21.jpg	a bird swimming
/home/whx/Dataset/semi-aves/trainval_images/140/7.jpg	a bird is swimming.
/home/whx/Dataset/semi-aves/trainval_images/140/18.jpg	a bird swimming.
/home/whx/Dataset/semi-aves/trainval_images/140/4.jpg	a bird stands still.
/home/whx/Dataset/semi-aves/trainval_images/140/3.jpg	a bird stands on a mossy rock.
/home/whx/Dataset/semi-aves/trainval_images/140/5.jpg	a bird swimming
/home/whx/Dataset/semi-aves/trainval_images/140/13.jpg	a bird stands on a rock.
/home/whx/Dataset/semi-aves/trainval_images/141/23.jpg	a bird perched on a branch.
/home/whx/Dataset/semi-aves/trainval_images/141/19.jpg	a bird perched on a branch.
/home/whx/Dataset/semi-aves/trainval_images/141/1.jpg	a bird perched on a branch.
/home/whx/Dataset/semi-aves/trainval_images/141/3.jpg	a bird perched on a branch.
/home/whx/Dataset/semi-aves/trainval_images/141/17.jpg	a bird stands on grass, holding food in its beak.
/home/whx/Dataset/semi-aves/trainval_images/141/8.jpg	a bird perched on a branch.
/home/whx/Dataset/semi-aves/trainval_images/141/21.jpg	a bird perched on a branch.
/home/whx/Dataset/semi-aves/trainval_images/141/6.jpg	a bird perched on a branch.
/home/whx/Dataset/semi-aves/trainval_images/142/8.jpg	a bird perched.
/home/whx/Dataset/semi-aves/trainval_images/142/2.jpg	a bird perched on branch.
/home/whx/Dataset/semi-aves/trainval_images/142/20.jpg	a bird perched on branch, head down.
/home/whx/Dataset/semi-aves/trainval_images/142/18.jpg	a bird perched on tree trunk.
/home/whx/Dataset/semi-aves/trainval_images/142/16.jpg	a bird perched on a branch.
/home/whx/Dataset/semi-aves/trainval_images/142/23.jpg	a bird perched on branch.
/home/whx/Dataset/semi-aves/trainval_images/142/19.jpg	a bird perched on branch.
/home/whx/Dataset/semi-aves/trainval_images/142/6.jpg	a bird perched on a branch.
/home/whx/Dataset/semi-aves/trainval_images/143/20.jpg	a bird perched on a leaf.
/home/whx/Dataset/semi-aves/trainval_images/143/26.jpg	a bird perched on flowers, head tilted upwards.
/home/whx/Dataset/semi-aves/trainval_images/143/5.jpg	a bird perched on a branch.
/home/whx/Dataset/semi-aves/trainval_images/143/16.jpg	a bird perched on tree trunk.
/home/whx/Dataset/semi-aves/trainval_images/143/13.jpg	a bird perched on branch.
/home/whx/Dataset/semi-aves/trainval_images/143/0.jpg	a bird stands on ground, beak open.
/home/whx/Dataset/semi-aves/trainval_images/143/18.jpg	a bird perched on branch.
/home/whx/Dataset/semi-aves/trainval_images/143/11.jpg	a bird perched on a branch.
/home/whx/Dataset/semi-aves/trainval_images/144/15.jpg	a bird is walking.
/home/whx/Dataset/semi-aves/trainval_images/144/22.jpg	a bird stands on a flat surface.
/home/whx/Dataset/semi-aves/trainval_images/144/9.jpg	a bird perched on a branch.
/home/whx/Dataset/semi-aves/trainval_images/144/7.jpg	a bird stands on sandy ground.
/home/whx/Dataset/semi-aves/trainval_images/144/6.jpg	a bird is bathing.
/home/whx/Dataset/semi-aves/trainval_images/144/19.jpg	a bird perched on a finger.
/home/whx/Dataset/semi-aves/trainval_images/144/26.jpg	a bird perched on a hand.
/home/whx/Dataset/semi-aves/trainval_images/144/23.jpg	a bird perched, head slightly turned.
/home/whx/Dataset/semi-aves/trainval_images/145/13.jpg	a bird perched, holding worm in beak.
/home/whx/Dataset/semi-aves/trainval_images/145/14.jpg	a bird perched on a branch.
/home/whx/Dataset/semi-aves/trainval_images/145/24.jpg	a bird perched on branch.
/home/whx/Dataset/semi-aves/trainval_images/145/11.jpg	a bird perched, head turned.
/home/whx/Dataset/semi-aves/trainval_images/145/18.jpg	a bird perched on branch.
/home/whx/Dataset/semi-aves/trainval_images/145/6.jpg	a bird perched on branch.
/home/whx/Dataset/semi-aves/trainval_images/145/15.jpg	a bird perched on branch.
/home/whx/Dataset/semi-aves/trainval_images/145/2.jpg	a bird perched on a branch.
/home/whx/Dataset/semi-aves/trainval_images/146/8.jpg	a bird stands on ground, head slightly turned.
/home/whx/Dataset/semi-aves/trainval_images/146/13.jpg	a bird perched on a branch.
/home/whx/Dataset/semi-aves/trainval_images/146/6.jpg	a bird perched on a branch.
/home/whx/Dataset/semi-aves/trainval_images/146/0.jpg	a bird perched on a reed.
/home/whx/Dataset/semi-aves/trainval_images/146/17.jpg	a bird perched on a branch.
/home/whx/Dataset/semi-aves/trainval_images/146/12.jpg	a bird perched, facing right.
/home/whx/Dataset/semi-aves/trainval_images/146/16.jpg	a bird perched on a post.
/home/whx/Dataset/semi-aves/trainval_images/146/15.jpg	a bird perched.
/home/whx/Dataset/semi-aves/trainval_images/147/2.jpg	a bird perched on edge.
/home/whx/Dataset/semi-aves/trainval_images/147/12.jpg	a bird perched on a hand.
/home/whx/Dataset/semi-aves/trainval_images/147/19.jpg	a bird perched on a wire fence.
/home/whx/Dataset/semi-aves/trainval_images/147/16.jpg	a bird perched on a pipe.
/home/whx/Dataset/semi-aves/trainval_images/147/18.jpg	a bird perched on branch.
/home/whx/Dataset/semi-aves/trainval_images/147/21.jpg	a bird perched on a branch.
/home/whx/Dataset/semi-aves/trainval_images/147/13.jpg	a bird perched in nest.
/home/whx/Dataset/semi-aves/trainval_images/147/1.jpg	a bird perched on a branch.
/home/whx/Dataset/semi-aves/trainval_images/148/11.jpg	a bird stands alert on the ground.
/home/whx/Dataset/semi-aves/trainval_images/148/14.jpg	a bird stands on ground, head slightly tilted.
/home/whx/Dataset/semi-aves/trainval_images/148/0.jpg	a bird stands on the ground, facing right.
/home/whx/Dataset/semi-aves/trainval_images/148/6.jpg	a bird perched on a branch.
/home/whx/Dataset/semi-aves/trainval_images/148/9.jpg	a bird perched on a branch.
/home/whx/Dataset/semi-aves/trainval_images/148/19.jpg	a bird perched on a branch.
/home/whx/Dataset/semi-aves/trainval_images/148/3.jpg	a bird perched on branch.
/home/whx/Dataset/semi-aves/trainval_images/148/13.jpg	a bird stands on ground, head slightly turned.
/home/whx/Dataset/semi-aves/trainval_images/149/9.jpg	a bird stands in shallow water, head down.
/home/whx/Dataset/semi-aves/trainval_images/149/16.jpg	a bird stands on one leg.
/home/whx/Dataset/semi-aves/trainval_images/149/10.jpg	a bird stands on grass, head slightly lowered.
/home/whx/Dataset/semi-aves/trainval_images/149/17.jpg	a bird stands in shallow water, legs spread, head slightly lowered.
/home/whx/Dataset/semi-aves/trainval_images/149/18.jpg	a bird stands on muddy ground, head down.
/home/whx/Dataset/semi-aves/trainval_images/149/21.jpg	a bird stands on rocks.
/home/whx/Dataset/semi-aves/trainval_images/149/13.jpg	a bird stands on wet ground.
/home/whx/Dataset/semi-aves/trainval_images/149/8.jpg	a bird in flight, wings spread.
/home/whx/Dataset/semi-aves/trainval_images/150/16.jpg	a bird stands on one leg.
/home/whx/Dataset/semi-aves/trainval_images/150/13.jpg	a bird stands on one leg, beak down.
/home/whx/Dataset/semi-aves/trainval_images/150/18.jpg	a bird stands in water, legs spread, head slightly lowered.
/home/whx/Dataset/semi-aves/trainval_images/150/9.jpg	a bird stands in water, legs extended.
/home/whx/Dataset/semi-aves/trainval_images/150/14.jpg	a bird stands in shallow water.
/home/whx/Dataset/semi-aves/trainval_images/150/17.jpg	a bird stands in shallow water, head lowered.
/home/whx/Dataset/semi-aves/trainval_images/150/2.jpg	a bird stands on the shore.
/home/whx/Dataset/semi-aves/trainval_images/150/8.jpg	a bird stands on the ground.
/home/whx/Dataset/semi-aves/trainval_images/151/15.jpg	a bird perched on a branch.
/home/whx/Dataset/semi-aves/trainval_images/151/21.jpg	a bird perched on a branch.
/home/whx/Dataset/semi-aves/trainval_images/151/5.jpg	a bird perched on a branch.
/home/whx/Dataset/semi-aves/trainval_images/151/20.jpg	a bird perched on a branch.
/home/whx/Dataset/semi-aves/trainval_images/151/6.jpg	a bird perched on a branch.
/home/whx/Dataset/semi-aves/trainval_images/151/9.jpg	a bird perched on a branch.
/home/whx/Dataset/semi-aves/trainval_images/151/0.jpg	a bird perched on barbed wire.
/home/whx/Dataset/semi-aves/trainval_images/151/7.jpg	a bird perched on a branch.
/home/whx/Dataset/semi-aves/trainval_images/152/23.jpg	a bird perched, head turned.
/home/whx/Dataset/semi-aves/trainval_images/152/21.jpg	a bird perched.
/home/whx/Dataset/semi-aves/trainval_images/152/18.jpg	a bird soars with outstretched wings.
/home/whx/Dataset/semi-aves/trainval_images/152/1.jpg	a bird perched on a branch.
/home/whx/Dataset/semi-aves/trainval_images/152/11.jpg	a bird soars with wings spread wide.
/home/whx/Dataset/semi-aves/trainval_images/152/13.jpg	a bird perched on branch.
/home/whx/Dataset/semi-aves/trainval_images/152/12.jpg	a bird perched, head turned.
/home/whx/Dataset/semi-aves/trainval_images/152/9.jpg	a bird soars with outstretched wings.
/home/whx/Dataset/semi-aves/trainval_images/153/21.jpg	a bird is standing in grass.
/home/whx/Dataset/semi-aves/trainval_images/153/22.jpg	a bird perched on a branch.
/home/whx/Dataset/semi-aves/trainval_images/153/0.jpg	a bird perched.
/home/whx/Dataset/semi-aves/trainval_images/153/2.jpg	a bird is bathing in water.
/home/whx/Dataset/semi-aves/trainval_images/153/19.jpg	a bird perched on a rock.
/home/whx/Dataset/semi-aves/trainval_images/153/20.jpg	a bird perched on plant.
/home/whx/Dataset/semi-aves/trainval_images/153/12.jpg	a bird perched, head raised.
/home/whx/Dataset/semi-aves/trainval_images/153/8.jpg	a bird perched on a branch.
/home/whx/Dataset/semi-aves/trainval_images/154/14.jpg	a bird perched on branch.
/home/whx/Dataset/semi-aves/trainval_images/154/8.jpg	a bird perched on wire fence.
/home/whx/Dataset/semi-aves/trainval_images/154/11.jpg	a bird perched on branch.
/home/whx/Dataset/semi-aves/trainval_images/154/16.jpg	a bird perched on a branch.
/home/whx/Dataset/semi-aves/trainval_images/154/10.jpg	a bird perched on a branch.
/home/whx/Dataset/semi-aves/trainval_images/154/12.jpg	a bird perched on branch.
/home/whx/Dataset/semi-aves/trainval_images/154/22.jpg	a bird perched on ground.
/home/whx/Dataset/semi-aves/trainval_images/154/17.jpg	a bird perched on branch.
/home/whx/Dataset/semi-aves/trainval_images/155/3.jpg	a bird soars with wings spread wide.
/home/whx/Dataset/semi-aves/trainval_images/155/15.jpg	a bird soars with outstretched wings.
/home/whx/Dataset/semi-aves/trainval_images/155/11.jpg	a bird stands alert on the ground.
/home/whx/Dataset/semi-aves/trainval_images/155/4.jpg	a bird perched on wire.
/home/whx/Dataset/semi-aves/trainval_images/155/13.jpg	a bird soars with wings spread.
/home/whx/Dataset/semi-aves/trainval_images/155/20.jpg	a bird perched on a rock.
/home/whx/Dataset/semi-aves/trainval_images/155/0.jpg	a bird soars with wings spread.
/home/whx/Dataset/semi-aves/trainval_images/155/5.jpg	a bird in flight, wings spread, talons extended.
/home/whx/Dataset/semi-aves/trainval_images/156/8.jpg	a bird soars with outstretched wings.
/home/whx/Dataset/semi-aves/trainval_images/156/11.jpg	a bird perched on wire.
/home/whx/Dataset/semi-aves/trainval_images/156/4.jpg	a bird is not visible in the image.
/home/whx/Dataset/semi-aves/trainval_images/156/18.jpg	a bird perched on a wire.
/home/whx/Dataset/semi-aves/trainval_images/156/9.jpg	a bird soars with outstretched wings.
/home/whx/Dataset/semi-aves/trainval_images/156/13.jpg	a bird is perched on a nest.
/home/whx/Dataset/semi-aves/trainval_images/156/23.jpg	a bird is perched on a wire, another bird is in flight nearby.
/home/whx/Dataset/semi-aves/trainval_images/156/16.jpg	a bird is perched.
/home/whx/Dataset/semi-aves/trainval_images/157/9.jpg	a bird in flight.
/home/whx/Dataset/semi-aves/trainval_images/157/13.jpg	a bird stands on rocks, facing right.
/home/whx/Dataset/semi-aves/trainval_images/157/8.jpg	a bird stands in water, head down.
/home/whx/Dataset/semi-aves/trainval_images/157/22.jpg	a bird stands still.
/home/whx/Dataset/semi-aves/trainval_images/157/10.jpg	a bird in flight.
/home/whx/Dataset/semi-aves/trainval_images/157/15.jpg	a bird in flight, wings spread, tail feathers fanned.
/home/whx/Dataset/semi-aves/trainval_images/157/6.jpg	a bird stands in a field.
/home/whx/Dataset/semi-aves/trainval_images/157/18.jpg	a bird in flight.
/home/whx/Dataset/semi-aves/trainval_images/158/12.jpg	a bird is standing in water, dipping its head.
/home/whx/Dataset/semi-aves/trainval_images/158/22.jpg	a bird spreads its wings.
/home/whx/Dataset/semi-aves/trainval_images/158/13.jpg	a bird is standing with its head down.
/home/whx/Dataset/semi-aves/trainval_images/158/2.jpg	a bird swimming.
/home/whx/Dataset/semi-aves/trainval_images/158/20.jpg	a bird floating, head turned.
/home/whx/Dataset/semi-aves/trainval_images/158/4.jpg	a bird stands in water, head slightly turned.
/home/whx/Dataset/semi-aves/trainval_images/158/6.jpg	a bird swimming, head slightly raised.
/home/whx/Dataset/semi-aves/trainval_images/158/18.jpg	a bird swimming, head slightly raised.
/home/whx/Dataset/semi-aves/trainval_images/159/7.jpg	a bird stands on sand, facing right.
/home/whx/Dataset/semi-aves/trainval_images/159/0.jpg	a bird perched on a rock.
/home/whx/Dataset/semi-aves/trainval_images/159/3.jpg	a bird perched, facing left.
/home/whx/Dataset/semi-aves/trainval_images/159/8.jpg	a bird is standing still.
/home/whx/Dataset/semi-aves/trainval_images/159/4.jpg	a bird stands on rocks.
/home/whx/Dataset/semi-aves/trainval_images/159/19.jpg	a bird stands on a rock.
/home/whx/Dataset/semi-aves/trainval_images/159/12.jpg	a bird perched on grass.
/home/whx/Dataset/semi-aves/trainval_images/159/1.jpg	a bird perched on rock.
/home/whx/Dataset/semi-aves/trainval_images/160/12.jpg	a bird stands with head turned, beak open.
/home/whx/Dataset/semi-aves/trainval_images/160/20.jpg	a bird perched, head turned.
/home/whx/Dataset/semi-aves/trainval_images/160/5.jpg	a bird spreads its wings.
/home/whx/Dataset/semi-aves/trainval_images/160/0.jpg	a bird perched on a branch.
/home/whx/Dataset/semi-aves/trainval_images/160/2.jpg	a bird perched on a branch.
/home/whx/Dataset/semi-aves/trainval_images/160/13.jpg	a bird stands on the ground.
/home/whx/Dataset/semi-aves/trainval_images/160/1.jpg	a bird perched on branch.
/home/whx/Dataset/semi-aves/trainval_images/160/6.jpg	a bird stands upright.
/home/whx/Dataset/semi-aves/trainval_images/161/17.jpg	a bird perched, head raised, beak open.
/home/whx/Dataset/semi-aves/trainval_images/161/13.jpg	a bird perched on edge of birdbath.
/home/whx/Dataset/semi-aves/trainval_images/161/11.jpg	a bird perched on a branch.
/home/whx/Dataset/semi-aves/trainval_images/161/1.jpg	a bird perched on branch.
/home/whx/Dataset/semi-aves/trainval_images/161/20.jpg	a bird perched on a branch.
/home/whx/Dataset/semi-aves/trainval_images/161/3.jpg	a bird stands upright.
/home/whx/Dataset/semi-aves/trainval_images/161/24.jpg	a bird stands on one leg.
/home/whx/Dataset/semi-aves/trainval_images/161/23.jpg	a bird stands alert.
/home/whx/Dataset/semi-aves/trainval_images/162/3.jpg	a bird perched on a branch.
/home/whx/Dataset/semi-aves/trainval_images/162/8.jpg	a bird stands on a path.
/home/whx/Dataset/semi-aves/trainval_images/162/19.jpg	a bird perched on branch.
/home/whx/Dataset/semi-aves/trainval_images/162/5.jpg	a bird perched on a branch.
/home/whx/Dataset/semi-aves/trainval_images/162/15.jpg	a bird perched on a branch.
/home/whx/Dataset/semi-aves/trainval_images/162/1.jpg	a bird perched on branch.
/home/whx/Dataset/semi-aves/trainval_images/162/12.jpg	a bird perched on a branch.
/home/whx/Dataset/semi-aves/trainval_images/162/20.jpg	a bird perched on a branch.
/home/whx/Dataset/semi-aves/trainval_images/163/20.jpg	a bird gliding over water.
/home/whx/Dataset/semi-aves/trainval_images/163/2.jpg	a bird soars with wings spread.
/home/whx/Dataset/semi-aves/trainval_images/163/12.jpg	a bird soars.
/home/whx/Dataset/semi-aves/trainval_images/163/3.jpg	a bird swimming.
/home/whx/Dataset/semi-aves/trainval_images/163/14.jpg	a bird floating on water.
/home/whx/Dataset/semi-aves/trainval_images/163/9.jpg	a bird soars.
/home/whx/Dataset/semi-aves/trainval_images/163/10.jpg	a bird in flight, wings spread.
/home/whx/Dataset/semi-aves/trainval_images/163/8.jpg	a bird in flight, wings spread.
/home/whx/Dataset/semi-aves/trainval_images/164/15.jpg	a bird perched on ground.
/home/whx/Dataset/semi-aves/trainval_images/164/12.jpg	a bird stands in grass, head slightly turned.
/home/whx/Dataset/semi-aves/trainval_images/164/3.jpg	a bird in flight, wings spread.
/home/whx/Dataset/semi-aves/trainval_images/164/19.jpg	a bird stands on one leg.
/home/whx/Dataset/semi-aves/trainval_images/164/17.jpg	a bird stands with legs apart, head down.
/home/whx/Dataset/semi-aves/trainval_images/164/2.jpg	a bird in flight, wings spread, head turned.
/home/whx/Dataset/semi-aves/trainval_images/164/6.jpg	a bird stands alert in grass.
/home/whx/Dataset/semi-aves/trainval_images/164/9.jpg	a bird walking in grass.
/home/whx/Dataset/semi-aves/trainval_images/165/6.jpg	a bird perched on a branch.
/home/whx/Dataset/semi-aves/trainval_images/165/5.jpg	a bird perched, head turned.
/home/whx/Dataset/semi-aves/trainval_images/165/8.jpg	a bird perched on a branch.
/home/whx/Dataset/semi-aves/trainval_images/165/17.jpg	a bird perched on branch.
/home/whx/Dataset/semi-aves/trainval_images/165/11.jpg	a bird not visible.
/home/whx/Dataset/semi-aves/trainval_images/165/15.jpg	a bird perched on branch.
/home/whx/Dataset/semi-aves/trainval_images/165/4.jpg	a bird perched on a branch.
/home/whx/Dataset/semi-aves/trainval_images/165/7.jpg	a bird perched on a branch.
/home/whx/Dataset/semi-aves/trainval_images/166/20.jpg	a bird perched on nest.
/home/whx/Dataset/semi-aves/trainval_images/166/17.jpg	a bird perched on flowers.
/home/whx/Dataset/semi-aves/trainval_images/166/6.jpg	a bird perched on a branch.
/home/whx/Dataset/semi-aves/trainval_images/166/19.jpg	a bird perched on branch, head tilted.
/home/whx/Dataset/semi-aves/trainval_images/166/10.jpg	a bird perched, head turned.
/home/whx/Dataset/semi-aves/trainval_images/166/15.jpg	a bird perched on a branch.
/home/whx/Dataset/semi-aves/trainval_images/166/3.jpg	a bird perched on a branch.
/home/whx/Dataset/semi-aves/trainval_images/166/0.jpg	a bird perched on wire.
/home/whx/Dataset/semi-aves/trainval_images/167/21.jpg	a bird perched on a branch.
/home/whx/Dataset/semi-aves/trainval_images/167/11.jpg	a bird stands on grass, head slightly tilted.
/home/whx/Dataset/semi-aves/trainval_images/167/8.jpg	a bird perched, another bird vocalizing.
/home/whx/Dataset/semi-aves/trainval_images/167/1.jpg	a bird stands on a patch of dirt.
/home/whx/Dataset/semi-aves/trainval_images/167/17.jpg	a bird perched on a rock.
/home/whx/Dataset/semi-aves/trainval_images/167/14.jpg	a bird perched, open beak.
/home/whx/Dataset/semi-aves/trainval_images/167/9.jpg	a bird perched on branch.
/home/whx/Dataset/semi-aves/trainval_images/167/12.jpg	a bird stands on grass, head slightly lowered.
/home/whx/Dataset/semi-aves/trainval_images/168/3.jpg	a bird stands in grass.
/home/whx/Dataset/semi-aves/trainval_images/168/7.jpg	a bird stands alert, head slightly tilted.
/home/whx/Dataset/semi-aves/trainval_images/168/16.jpg	a bird stands in grass, head slightly lowered.
/home/whx/Dataset/semi-aves/trainval_images/168/8.jpg	a bird stands alert, head slightly tilted.
/home/whx/Dataset/semi-aves/trainval_images/168/20.jpg	a bird stands on one leg.
/home/whx/Dataset/semi-aves/trainval_images/168/22.jpg	a bird stands in shallow water.
/home/whx/Dataset/semi-aves/trainval_images/168/13.jpg	a bird stands alert, head slightly tilted.
/home/whx/Dataset/semi-aves/trainval_images/168/4.jpg	a bird stands alert near water.
/home/whx/Dataset/semi-aves/trainval_images/169/4.jpg	a bird stands on pebbles.
/home/whx/Dataset/semi-aves/trainval_images/169/8.jpg	a bird stands on one leg.
/home/whx/Dataset/semi-aves/trainval_images/169/6.jpg	a bird stands upright.
/home/whx/Dataset/semi-aves/trainval_images/169/13.jpg	a bird stands in shallow water.
/home/whx/Dataset/semi-aves/trainval_images/169/1.jpg	a bird stands on sand, legs spread.
/home/whx/Dataset/semi-aves/trainval_images/169/18.jpg	a bird stands on one leg.
/home/whx/Dataset/semi-aves/trainval_images/169/16.jpg	a bird stands still.
/home/whx/Dataset/semi-aves/trainval_images/169/9.jpg	a bird walks on water.
/home/whx/Dataset/semi-aves/trainval_images/170/16.jpg	a bird perched, head slightly tilted.
/home/whx/Dataset/semi-aves/trainval_images/170/4.jpg	a bird perched, partially obscured by branches.
/home/whx/Dataset/semi-aves/trainval_images/170/13.jpg	a bird perched, head turned.
/home/whx/Dataset/semi-aves/trainval_images/170/8.jpg	a bird stands on ground, wings slightly raised.
/home/whx/Dataset/semi-aves/trainval_images/170/24.jpg	a bird is foraging on the ground.
/home/whx/Dataset/semi-aves/trainval_images/170/15.jpg	a bird perched, head turned.
/home/whx/Dataset/semi-aves/trainval_images/170/9.jpg	a bird perched on branch.
/home/whx/Dataset/semi-aves/trainval_images/170/23.jpg	a bird perched, head turned.
/home/whx/Dataset/semi-aves/trainval_images/171/15.jpg	a bird perched on a ledge.
/home/whx/Dataset/semi-aves/trainval_images/171/6.jpg	a bird perched on a branch.
/home/whx/Dataset/semi-aves/trainval_images/171/18.jpg	a bird perched on a branch.
/home/whx/Dataset/semi-aves/trainval_images/171/11.jpg	a bird perched on a branch.
/home/whx/Dataset/semi-aves/trainval_images/171/9.jpg	a bird perched on a stump.
/home/whx/Dataset/semi-aves/trainval_images/171/7.jpg	a bird perched on a branch.
/home/whx/Dataset/semi-aves/trainval_images/171/3.jpg	a bird perched on a branch.
/home/whx/Dataset/semi-aves/trainval_images/171/5.jpg	a bird perched on a wooden post.
/home/whx/Dataset/semi-aves/trainval_images/172/5.jpg	a bird perched on a branch.
/home/whx/Dataset/semi-aves/trainval_images/172/19.jpg	a bird perched on a branch.
/home/whx/Dataset/semi-aves/trainval_images/172/14.jpg	a bird perched on a branch.
/home/whx/Dataset/semi-aves/trainval_images/172/4.jpg	a bird perched on a branch.
/home/whx/Dataset/semi-aves/trainval_images/172/1.jpg	a bird perched, tail extended.
/home/whx/Dataset/semi-aves/trainval_images/172/8.jpg	a bird perched on a branch.
/home/whx/Dataset/semi-aves/trainval_images/172/18.jpg	a bird perched on a branch.
/home/whx/Dataset/semi-aves/trainval_images/172/17.jpg	a bird perched on wire.
/home/whx/Dataset/semi-aves/trainval_images/173/4.jpg	a bird perched on branch, head turned.
/home/whx/Dataset/semi-aves/trainval_images/173/6.jpg	a bird perched on a branch.
/home/whx/Dataset/semi-aves/trainval_images/173/10.jpg	a bird perched, head down.
/home/whx/Dataset/semi-aves/trainval_images/173/15.jpg	a bird perched on branch.
/home/whx/Dataset/semi-aves/trainval_images/173/7.jpg	a bird perched on a branch.
/home/whx/Dataset/semi-aves/trainval_images/173/5.jpg	a bird perched on a branch.
/home/whx/Dataset/semi-aves/trainval_images/173/1.jpg	a bird perched on branch.
/home/whx/Dataset/semi-aves/trainval_images/173/2.jpg	a bird perched on branch.
/home/whx/Dataset/semi-aves/trainval_images/174/4.jpg	a bird perched on branch.
/home/whx/Dataset/semi-aves/trainval_images/174/8.jpg	a bird perched on branch.
/home/whx/Dataset/semi-aves/trainval_images/174/7.jpg	a bird perched on cactus.
/home/whx/Dataset/semi-aves/trainval_images/174/2.jpg	a bird perched on cactus.
/home/whx/Dataset/semi-aves/trainval_images/174/10.jpg	a bird perched on cactus.
/home/whx/Dataset/semi-aves/trainval_images/174/17.jpg	a bird perched on branch.
/home/whx/Dataset/semi-aves/trainval_images/174/11.jpg	a bird perched on cactus, wings slightly spread.
/home/whx/Dataset/semi-aves/trainval_images/174/0.jpg	a bird perched in a cactus hole.
/home/whx/Dataset/semi-aves/trainval_images/175/5.jpg	a bird perched on a branch.
/home/whx/Dataset/semi-aves/trainval_images/175/3.jpg	a bird soars with outstretched wings.
/home/whx/Dataset/semi-aves/trainval_images/175/7.jpg	a bird perched, head turned.
/home/whx/Dataset/semi-aves/trainval_images/175/9.jpg	a bird perched on a branch.
/home/whx/Dataset/semi-aves/trainval_images/175/16.jpg	a bird perched on a branch.
/home/whx/Dataset/semi-aves/trainval_images/175/8.jpg	a bird perched, head raised.
/home/whx/Dataset/semi-aves/trainval_images/175/14.jpg	a bird perched, head raised.
/home/whx/Dataset/semi-aves/trainval_images/175/10.jpg	a bird perched on a fence post.
/home/whx/Dataset/semi-aves/trainval_images/176/9.jpg	a bird perched among grass.
/home/whx/Dataset/semi-aves/trainval_images/176/13.jpg	a bird perched vertically.
/home/whx/Dataset/semi-aves/trainval_images/176/10.jpg	a bird perched on branch.
/home/whx/Dataset/semi-aves/trainval_images/176/0.jpg	a bird in flight, wings spread.
/home/whx/Dataset/semi-aves/trainval_images/176/16.jpg	a bird perched, head turned.
/home/whx/Dataset/semi-aves/trainval_images/176/18.jpg	a bird in flight, wings spread.
/home/whx/Dataset/semi-aves/trainval_images/176/4.jpg	a bird perched, head raised.
/home/whx/Dataset/semi-aves/trainval_images/176/19.jpg	a bird perched, head turned.
/home/whx/Dataset/semi-aves/trainval_images/177/7.jpg	a bird stands in water, head lowered.
/home/whx/Dataset/semi-aves/trainval_images/177/2.jpg	a bird stands alert, head turned to the side.
/home/whx/Dataset/semi-aves/trainval_images/177/20.jpg	a bird stands tall, observing.
/home/whx/Dataset/semi-aves/trainval_images/177/8.jpg	a bird stands alert, facing left.
/home/whx/Dataset/semi-aves/trainval_images/177/10.jpg	a bird stands tall in water.
/home/whx/Dataset/semi-aves/trainval_images/177/17.jpg	a bird stands tall, legs spread, head turned.
/home/whx/Dataset/semi-aves/trainval_images/177/9.jpg	a bird stands tall, legs spread, head slightly tilted.
/home/whx/Dataset/semi-aves/trainval_images/177/11.jpg	a bird stands in water, neck extended.
/home/whx/Dataset/semi-aves/trainval_images/178/16.jpg	a bird spreads its wings.
/home/whx/Dataset/semi-aves/trainval_images/178/12.jpg	a bird in flight, wings spread, tail feathers extended.
/home/whx/Dataset/semi-aves/trainval_images/178/0.jpg	a bird perched on a rock.
/home/whx/Dataset/semi-aves/trainval_images/178/3.jpg	a bird soars with wings spread wide.
/home/whx/Dataset/semi-aves/trainval_images/178/10.jpg	a bird soars with wings spread wide.
/home/whx/Dataset/semi-aves/trainval_images/178/11.jpg	a bird soars with outstretched wings.
/home/whx/Dataset/semi-aves/trainval_images/178/2.jpg	a bird in flight, wings spread.
/home/whx/Dataset/semi-aves/trainval_images/178/1.jpg	a bird stands on the shore.
/home/whx/Dataset/semi-aves/trainval_images/179/8.jpg	a bird perched on branch.
/home/whx/Dataset/semi-aves/trainval_images/179/4.jpg	a bird perched upside down.
/home/whx/Dataset/semi-aves/trainval_images/179/18.jpg	a bird perched, head down.
/home/whx/Dataset/semi-aves/trainval_images/179/1.jpg	a bird perched on a branch.
/home/whx/Dataset/semi-aves/trainval_images/179/11.jpg	a bird perched, head raised.
/home/whx/Dataset/semi-aves/trainval_images/179/2.jpg	a bird perched on a branch.
/home/whx/Dataset/semi-aves/trainval_images/179/16.jpg	a bird perched on a flower.
/home/whx/Dataset/semi-aves/trainval_images/179/17.jpg	a bird perched, beak open, holding insect.
/home/whx/Dataset/semi-aves/trainval_images/180/3.jpg	a bird perched on a branch.
/home/whx/Dataset/semi-aves/trainval_images/180/9.jpg	a bird perched on a branch.
/home/whx/Dataset/semi-aves/trainval_images/180/10.jpg	a bird perched among leaves.
/home/whx/Dataset/semi-aves/trainval_images/180/7.jpg	a bird perched on a branch.
/home/whx/Dataset/semi-aves/trainval_images/180/8.jpg	a bird perched on a branch.
/home/whx/Dataset/semi-aves/trainval_images/180/15.jpg	a bird stands still, perched.
/home/whx/Dataset/semi-aves/trainval_images/180/0.jpg	a bird is not visible in the image.
/home/whx/Dataset/semi-aves/trainval_images/180/5.jpg	a bird perched on a branch.
/home/whx/Dataset/semi-aves/trainval_images/181/0.jpg	a bird stands upright.
/home/whx/Dataset/semi-aves/trainval_images/181/2.jpg	a bird perched in nest.
/home/whx/Dataset/semi-aves/trainval_images/181/15.jpg	a bird stands on the ground.
/home/whx/Dataset/semi-aves/trainval_images/181/6.jpg	a bird perched on railing.
/home/whx/Dataset/semi-aves/trainval_images/181/5.jpg	a bird perched on a branch.
/home/whx/Dataset/semi-aves/trainval_images/181/11.jpg	a bird stands upright.
/home/whx/Dataset/semi-aves/trainval_images/181/10.jpg	a bird stands on grass.
/home/whx/Dataset/semi-aves/trainval_images/181/3.jpg	a bird perched on a branch.
/home/whx/Dataset/semi-aves/trainval_images/182/3.jpg	a bird perched on a branch.
/home/whx/Dataset/semi-aves/trainval_images/182/10.jpg	a bird perched on branch.
/home/whx/Dataset/semi-aves/trainval_images/182/8.jpg	a bird in flight, wings spread.
/home/whx/Dataset/semi-aves/trainval_images/182/0.jpg	a bird perched on a branch.
/home/whx/Dataset/semi-aves/trainval_images/182/15.jpg	a bird in flight, wings spread, head tilted.
/home/whx/Dataset/semi-aves/trainval_images/182/5.jpg	a bird perched on branch, head turned.
/home/whx/Dataset/semi-aves/trainval_images/182/1.jpg	a bird perched, holding food in beak.
/home/whx/Dataset/semi-aves/trainval_images/182/12.jpg	a bird perched on a branch.
/home/whx/Dataset/semi-aves/trainval_images/183/5.jpg	a bird perched, head raised.
/home/whx/Dataset/semi-aves/trainval_images/183/9.jpg	a bird perched on branch.
/home/whx/Dataset/semi-aves/trainval_images/183/14.jpg	a bird perched on a branch.
/home/whx/Dataset/semi-aves/trainval_images/183/2.jpg	a bird perched on edge.
/home/whx/Dataset/semi-aves/trainval_images/183/12.jpg	a bird perched in hand.
/home/whx/Dataset/semi-aves/trainval_images/183/10.jpg	a bird perched on branch.
/home/whx/Dataset/semi-aves/trainval_images/183/17.jpg	a bird perched on a branch.
/home/whx/Dataset/semi-aves/trainval_images/183/18.jpg	a bird is perched on a hand, showing its wing.
/home/whx/Dataset/semi-aves/trainval_images/184/15.jpg	a bird perched on a branch.
/home/whx/Dataset/semi-aves/trainval_images/184/13.jpg	a bird perched on a branch, head slightly tilted.
/home/whx/Dataset/semi-aves/trainval_images/184/12.jpg	a bird perched, facing left.
/home/whx/Dataset/semi-aves/trainval_images/184/4.jpg	a bird perched on a branch.
/home/whx/Dataset/semi-aves/trainval_images/184/3.jpg	a bird perched on a branch.
/home/whx/Dataset/semi-aves/trainval_images/184/10.jpg	a bird perched on a branch.
/home/whx/Dataset/semi-aves/trainval_images/184/14.jpg	a bird perched, head turned.
/home/whx/Dataset/semi-aves/trainval_images/184/8.jpg	a bird perched on a branch.
/home/whx/Dataset/semi-aves/trainval_images/185/2.jpg	a bird perched on a twig.
/home/whx/Dataset/semi-aves/trainval_images/185/0.jpg	a bird perched on a wire.
/home/whx/Dataset/semi-aves/trainval_images/185/9.jpg	a bird perched on wire.
/home/whx/Dataset/semi-aves/trainval_images/185/8.jpg	a bird perched on a wire.
/home/whx/Dataset/semi-aves/trainval_images/185/1.jpg	a bird perched on a branch.
/home/whx/Dataset/semi-aves/trainval_images/185/14.jpg	a bird perched, head slightly turned.
/home/whx/Dataset/semi-aves/trainval_images/185/3.jpg	a bird perched on a branch.
/home/whx/Dataset/semi-aves/trainval_images/185/11.jpg	a bird perched on wire.
/home/whx/Dataset/semi-aves/trainval_images/186/13.jpg	a bird stands on the ground, facing right.
/home/whx/Dataset/semi-aves/trainval_images/186/8.jpg	a bird perched on a branch.
/home/whx/Dataset/semi-aves/trainval_images/186/0.jpg	a bird perched on a branch.
/home/whx/Dataset/semi-aves/trainval_images/186/4.jpg	a bird perched, head slightly tilted.
/home/whx/Dataset/semi-aves/trainval_images/186/16.jpg	a bird perched on a branch.
/home/whx/Dataset/semi-aves/trainval_images/186/14.jpg	a bird stands on grass, head slightly lowered.
/home/whx/Dataset/semi-aves/trainval_images/186/17.jpg	a bird perched on a branch.
/home/whx/Dataset/semi-aves/trainval_images/186/12.jpg	a bird perched on branch.
/home/whx/Dataset/semi-aves/trainval_images/187/15.jpg	a bird perched.
/home/whx/Dataset/semi-aves/trainval_images/187/4.jpg	a bird perched on wire.
/home/whx/Dataset/semi-aves/trainval_images/187/12.jpg	a bird perched on branch.
/home/whx/Dataset/semi-aves/trainval_images/187/11.jpg	a bird perched on wire.
/home/whx/Dataset/semi-aves/trainval_images/187/1.jpg	a bird perched on a branch.
/home/whx/Dataset/semi-aves/trainval_images/187/14.jpg	a bird perched on branch.
/home/whx/Dataset/semi-aves/trainval_images/187/5.jpg	a bird perched.
/home/whx/Dataset/semi-aves/trainval_images/187/13.jpg	a bird perched on branch, eating.
/home/whx/Dataset/semi-aves/trainval_images/188/17.jpg	a bird perched on a branch.
/home/whx/Dataset/semi-aves/trainval_images/188/11.jpg	a bird perched on a branch.
/home/whx/Dataset/semi-aves/trainval_images/188/0.jpg	a bird perched on a branch.
/home/whx/Dataset/semi-aves/trainval_images/188/9.jpg	a bird perched on a branch.
/home/whx/Dataset/semi-aves/trainval_images/188/4.jpg	a bird perched among leaves.
/home/whx/Dataset/semi-aves/trainval_images/188/7.jpg	a bird perched on a branch.
/home/whx/Dataset/semi-aves/trainval_images/188/10.jpg	a bird perched on a branch.
/home/whx/Dataset/semi-aves/trainval_images/188/2.jpg	a bird perched on a branch.
/home/whx/Dataset/semi-aves/trainval_images/189/4.jpg	a bird perched on a branch.
/home/whx/Dataset/semi-aves/trainval_images/189/2.jpg	a bird in flight, hovering.
/home/whx/Dataset/semi-aves/trainval_images/189/17.jpg	a bird perched, feeding.
/home/whx/Dataset/semi-aves/trainval_images/189/10.jpg	a bird perched on a branch.
/home/whx/Dataset/semi-aves/trainval_images/189/13.jpg	a bird perched on a branch.
/home/whx/Dataset/semi-aves/trainval_images/189/3.jpg	a bird perched on wire, head slightly tilted.
/home/whx/Dataset/semi-aves/trainval_images/189/7.jpg	a bird perched on wire.
/home/whx/Dataset/semi-aves/trainval_images/189/5.jpg	a bird perched on a branch.
/home/whx/Dataset/semi-aves/trainval_images/190/11.jpg	a bird perched on a branch, open beak.
/home/whx/Dataset/semi-aves/trainval_images/190/9.jpg	a bird perched on a branch.
/home/whx/Dataset/semi-aves/trainval_images/190/5.jpg	a bird perched on branch.
/home/whx/Dataset/semi-aves/trainval_images/190/2.jpg	a bird perched on a pipe.
/home/whx/Dataset/semi-aves/trainval_images/190/13.jpg	a bird perched on a branch.
/home/whx/Dataset/semi-aves/trainval_images/190/12.jpg	a bird perched
/home/whx/Dataset/semi-aves/trainval_images/190/6.jpg	a bird perched, tail fanned.
/home/whx/Dataset/semi-aves/trainval_images/190/7.jpg	a bird perched on a branch.
/home/whx/Dataset/semi-aves/trainval_images/191/12.jpg	a bird perched on tree trunk.
/home/whx/Dataset/semi-aves/trainval_images/191/3.jpg	a bird perched on tree branch.
/home/whx/Dataset/semi-aves/trainval_images/191/9.jpg	a bird perched on branch.
/home/whx/Dataset/semi-aves/trainval_images/191/2.jpg	a bird perched on branch.
/home/whx/Dataset/semi-aves/trainval_images/191/4.jpg	a bird perched on a branch.
/home/whx/Dataset/semi-aves/trainval_images/191/16.jpg	a bird perched on tree trunk.
/home/whx/Dataset/semi-aves/trainval_images/191/10.jpg	a bird perched on branch, head turned.
/home/whx/Dataset/semi-aves/trainval_images/191/14.jpg	a bird perched on tree trunk.
/home/whx/Dataset/semi-aves/trainval_images/192/0.jpg	a bird perched, open beak.
/home/whx/Dataset/semi-aves/trainval_images/192/17.jpg	a bird perched on a branch.
/home/whx/Dataset/semi-aves/trainval_images/192/18.jpg	a bird perched on a branch.
/home/whx/Dataset/semi-aves/trainval_images/192/4.jpg	a bird perched on a branch.
/home/whx/Dataset/semi-aves/trainval_images/192/6.jpg	a bird perched on a branch.
/home/whx/Dataset/semi-aves/trainval_images/192/11.jpg	a bird perched on a hand.
/home/whx/Dataset/semi-aves/trainval_images/192/8.jpg	a bird perched on a branch.
/home/whx/Dataset/semi-aves/trainval_images/192/1.jpg	a bird perched on a branch.
/home/whx/Dataset/semi-aves/trainval_images/193/14.jpg	a bird perched on branch.
/home/whx/Dataset/semi-aves/trainval_images/193/0.jpg	a bird perched on a branch.
/home/whx/Dataset/semi-aves/trainval_images/193/12.jpg	a bird perched on branch.
/home/whx/Dataset/semi-aves/trainval_images/193/6.jpg	a bird perched on a branch.
/home/whx/Dataset/semi-aves/trainval_images/193/9.jpg	a bird perched on branch.
/home/whx/Dataset/semi-aves/trainval_images/193/10.jpg	a bird perched.
/home/whx/Dataset/semi-aves/trainval_images/193/13.jpg	a bird perched, head down, feeding.
/home/whx/Dataset/semi-aves/trainval_images/193/4.jpg	a bird perched on branch.
/home/whx/Dataset/semi-aves/trainval_images/194/11.jpg	a bird perched on a branch.
/home/whx/Dataset/semi-aves/trainval_images/194/13.jpg	a bird perched on a branch.
/home/whx/Dataset/semi-aves/trainval_images/194/6.jpg	a bird perched on a leaf.
/home/whx/Dataset/semi-aves/trainval_images/194/9.jpg	a bird perched on branch.
/home/whx/Dataset/semi-aves/trainval_images/194/7.jpg	a bird is standing.
/home/whx/Dataset/semi-aves/trainval_images/194/0.jpg	a bird perched on a branch.
/home/whx/Dataset/semi-aves/trainval_images/194/1.jpg	a bird perched on a branch.
/home/whx/Dataset/semi-aves/trainval_images/194/12.jpg	a bird perched on a branch.
/home/whx/Dataset/semi-aves/trainval_images/195/1.jpg	a bird perched on branch.
/home/whx/Dataset/semi-aves/trainval_images/195/0.jpg	a bird perched on a branch.
/home/whx/Dataset/semi-aves/trainval_images/195/17.jpg	a bird perched on a hand.
/home/whx/Dataset/semi-aves/trainval_images/195/13.jpg	a bird perched on a wire.
/home/whx/Dataset/semi-aves/trainval_images/195/15.jpg	a bird perched on a branch.
/home/whx/Dataset/semi-aves/trainval_images/195/9.jpg	a bird perched in a tree hole.
/home/whx/Dataset/semi-aves/trainval_images/195/2.jpg	a bird perched on a branch.
/home/whx/Dataset/semi-aves/trainval_images/195/8.jpg	a bird perched on a branch.
/home/whx/Dataset/semi-aves/trainval_images/196/16.jpg	a bird perched, tail extended.
/home/whx/Dataset/semi-aves/trainval_images/196/11.jpg	a bird is feeding.
/home/whx/Dataset/semi-aves/trainval_images/196/8.jpg	a bird in flight, wings blurred, tail extended.
/home/whx/Dataset/semi-aves/trainval_images/196/4.jpg	a bird perched on a plant.
/home/whx/Dataset/semi-aves/trainval_images/196/12.jpg	a bird in flight, wings spread, tail extended.
/home/whx/Dataset/semi-aves/trainval_images/196/9.jpg	a bird is hovering near a feeder.
/home/whx/Dataset/semi-aves/trainval_images/196/10.jpg	a bird perched on a branch.
/home/whx/Dataset/semi-aves/trainval_images/196/5.jpg	a bird perches on feeder, tail extended.
/home/whx/Dataset/semi-aves/trainval_images/197/15.jpg	a bird perched on a branch.
/home/whx/Dataset/semi-aves/trainval_images/197/7.jpg	a bird perched on branch.
/home/whx/Dataset/semi-aves/trainval_images/197/14.jpg	a bird perched on a branch.
/home/whx/Dataset/semi-aves/trainval_images/197/12.jpg	a bird perched on a branch.
/home/whx/Dataset/semi-aves/trainval_images/197/9.jpg	a bird perched on a branch.
/home/whx/Dataset/semi-aves/trainval_images/197/3.jpg	a bird perched on branch.
/home/whx/Dataset/semi-aves/trainval_images/197/1.jpg	a bird perched on a branch.
/home/whx/Dataset/semi-aves/trainval_images/197/8.jpg	a bird perched on a branch.
/home/whx/Dataset/semi-aves/trainval_images/198/14.jpg	a bird perched on a branch.
/home/whx/Dataset/semi-aves/trainval_images/198/5.jpg	a bird perched on a log.
/home/whx/Dataset/semi-aves/trainval_images/198/3.jpg	a bird is resting.
/home/whx/Dataset/semi-aves/trainval_images/198/19.jpg	a bird perched on a branch.
/home/whx/Dataset/semi-aves/trainval_images/198/0.jpg	a bird is perched on a person's hand.
/home/whx/Dataset/semi-aves/trainval_images/198/25.jpg	a bird perched on a branch.
/home/whx/Dataset/semi-aves/trainval_images/198/24.jpg	a bird is resting.
/home/whx/Dataset/semi-aves/trainval_images/198/6.jpg	a bird perched, eyes glowing.
/home/whx/Dataset/semi-aves/trainval_images/199/11.jpg	a bird lying still.
/home/whx/Dataset/semi-aves/trainval_images/199/4.jpg	a bird is resting in a burrow.
/home/whx/Dataset/semi-aves/trainval_images/199/10.jpg	a bird stands upright.
/home/whx/Dataset/semi-aves/trainval_images/199/13.jpg	a bird stands upright, head slightly tilted.
/home/whx/Dataset/semi-aves/trainval_images/199/0.jpg	a bird lying on sand, head down.
/home/whx/Dataset/semi-aves/trainval_images/199/9.jpg	a bird is lying down.
/home/whx/Dataset/semi-aves/trainval_images/199/6.jpg	a bird stands on rocks, head turned to the left.
/home/whx/Dataset/semi-aves/trainval_images/199/12.jpg	a bird stands with open beak, head tilted back.
