image	response
../dataset/datasets/imb_cub_0.1/train/Black_footed_Albatross/5.jpg	Ocean waves.
../dataset/datasets/imb_cub_0.1/train/Black_footed_Albatross/7.jpg	The bird is floating on water.
../dataset/datasets/imb_cub_0.1/train/Black_footed_Albatross/17.jpg	A bird soars over calm, grayish-blue water.
../dataset/datasets/imb_cub_0.1/train/Black_footed_Albatross/10.jpg	A bird floats on calm water.
../dataset/datasets/imb_cub_0.1/train/Black_footed_Albatross/18.jpg	A bird flying over water.
../dataset/datasets/imb_cub_0.1/train/Black_footed_Albatross/26.jpg	Ocean waves.
../dataset/datasets/imb_cub_0.1/train/Black_footed_Albatross/15.jpg	The bird is floating on calm water with a blurred background.
../dataset/datasets/imb_cub_0.1/train/Black_footed_Albatross/22.jpg	The background is water.
../dataset/datasets/imb_cub_0.1/train/Black_footed_Albatross/12.jpg	A bird soars over calm ocean waters.
../dataset/datasets/imb_cub_0.1/train/Black_footed_Albatross/13.jpg	Ocean waves.
../dataset/datasets/imb_cub_0.1/train/Black_footed_Albatross/27.jpg	A bird floats on calm blue water.
../dataset/datasets/imb_cub_0.1/train/Black_footed_Albatross/2.jpg	A bird soars over calm, gray ocean waters under overcast sky.
../dataset/datasets/imb_cub_0.1/train/Black_footed_Albatross/8.jpg	A bird on water with blurred waves.
../dataset/datasets/imb_cub_0.1/train/Black_footed_Albatross/0.jpg	Ocean.
../dataset/datasets/imb_cub_0.1/train/Black_footed_Albatross/4.jpg	Ocean and sky.
../dataset/datasets/imb_cub_0.1/train/Black_footed_Albatross/3.jpg	Ocean waves.
../dataset/datasets/imb_cub_0.1/train/Black_footed_Albatross/28.jpg	A bird on calm blue water.
../dataset/datasets/imb_cub_0.1/train/Black_footed_Albatross/16.jpg	Ocean waves.
../dataset/datasets/imb_cub_0.1/train/Black_footed_Albatross/25.jpg	Ocean and sky.
../dataset/datasets/imb_cub_0.1/train/Black_footed_Albatross/9.jpg	Water.
../dataset/datasets/imb_cub_0.1/train/Black_footed_Albatross/6.jpg	Water.
../dataset/datasets/imb_cub_0.1/train/Black_footed_Albatross/14.jpg	A bird soars over blue ocean waves.
../dataset/datasets/imb_cub_0.1/train/Black_footed_Albatross/24.jpg	Water.
../dataset/datasets/imb_cub_0.1/train/Black_footed_Albatross/11.jpg	Ocean waves.
../dataset/datasets/imb_cub_0.1/train/Black_footed_Albatross/19.jpg	Oceanic, underwater scene with fish.
../dataset/datasets/imb_cub_0.1/train/Black_footed_Albatross/21.jpg	A bird soars over deep blue ocean.
../dataset/datasets/imb_cub_0.1/train/Black_footed_Albatross/1.jpg	Ocean waves.
../dataset/datasets/imb_cub_0.1/train/Black_footed_Albatross/23.jpg	The background is blurred with green and brown hues.
../dataset/datasets/imb_cub_0.1/train/Black_footed_Albatross/20.jpg	The bird is set against a plain, light sky.
../dataset/datasets/imb_cub_0.1/train/Laysan_Albatross/51.jpg	Grassy, rocky.
../dataset/datasets/imb_cub_0.1/train/Laysan_Albatross/40.jpg	Water.
../dataset/datasets/imb_cub_0.1/train/Laysan_Albatross/31.jpg	Clear blue sky.
../dataset/datasets/imb_cub_0.1/train/Laysan_Albatross/41.jpg	Clear blue sky.
../dataset/datasets/imb_cub_0.1/train/Laysan_Albatross/55.jpg	The background is calm water.
../dataset/datasets/imb_cub_0.1/train/Laysan_Albatross/53.jpg	A bird soars over rippling water.
../dataset/datasets/imb_cub_0.1/train/Laysan_Albatross/54.jpg	A bird is on a tray with sand, near people and a window.
../dataset/datasets/imb_cub_0.1/train/Laysan_Albatross/52.jpg	Ocean waves.
../dataset/datasets/imb_cub_0.1/train/Laysan_Albatross/33.jpg	Grass and dirt.
../dataset/datasets/imb_cub_0.1/train/Laysan_Albatross/32.jpg	The background is a plain, light gray sky.
../dataset/datasets/imb_cub_0.1/train/Laysan_Albatross/35.jpg	The background is dark.
../dataset/datasets/imb_cub_0.1/train/Laysan_Albatross/36.jpg	Ocean waves.
../dataset/datasets/imb_cub_0.1/train/Laysan_Albatross/30.jpg	The background includes greenery and a concrete surface.
../dataset/datasets/imb_cub_0.1/train/Laysan_Albatross/29.jpg	The background is plain gray.
../dataset/datasets/imb_cub_0.1/train/Laysan_Albatross/39.jpg	Ocean water.
../dataset/datasets/imb_cub_0.1/train/Laysan_Albatross/48.jpg	Grass, leaves, sunlight.
../dataset/datasets/imb_cub_0.1/train/Laysan_Albatross/34.jpg	The background is water.
../dataset/datasets/imb_cub_0.1/train/Laysan_Albatross/57.jpg	A bird soars against a blue sky with scattered clouds and rocky terrain below.
../dataset/datasets/imb_cub_0.1/train/Laysan_Albatross/49.jpg	A bird against blue sky and water.
../dataset/datasets/imb_cub_0.1/train/Laysan_Albatross/42.jpg	A bird stands against tree trunk and grass.
../dataset/datasets/imb_cub_0.1/train/Laysan_Albatross/47.jpg	Clear blue sky.
../dataset/datasets/imb_cub_0.1/train/Laysan_Albatross/46.jpg	The background is dark and blurred.
../dataset/datasets/imb_cub_0.1/train/Laysan_Albatross/45.jpg	A bird soars against a clear blue sky.
../dataset/datasets/imb_cub_0.1/train/Laysan_Albatross/43.jpg	Green grass, blurred background.
../dataset/datasets/imb_cub_0.1/train/Laysan_Albatross/37.jpg	A bird soars against a clear blue sky.
../dataset/datasets/imb_cub_0.1/train/Laysan_Albatross/44.jpg	A bird soars against a blue sky with scattered clouds and green trees below.
../dataset/datasets/imb_cub_0.1/train/Laysan_Albatross/50.jpg	Water.
../dataset/datasets/imb_cub_0.1/train/Laysan_Albatross/38.jpg	Grass, leaves, sunlight.
../dataset/datasets/imb_cub_0.1/train/Laysan_Albatross/56.jpg	The background is grassy and earthy.
../dataset/datasets/imb_cub_0.1/train/Sooty_Albatross/61.jpg	Ocean and sky.
../dataset/datasets/imb_cub_0.1/train/Sooty_Albatross/70.jpg	Ocean.
../dataset/datasets/imb_cub_0.1/train/Sooty_Albatross/84.jpg	A bird soars against a cloudy sky.
../dataset/datasets/imb_cub_0.1/train/Sooty_Albatross/66.jpg	Cloudy sky.
../dataset/datasets/imb_cub_0.1/train/Sooty_Albatross/78.jpg	A bird on calm water.
../dataset/datasets/imb_cub_0.1/train/Sooty_Albatross/82.jpg	A bird stands on grass with blue ocean and rocks in the background.
../dataset/datasets/imb_cub_0.1/train/Sooty_Albatross/83.jpg	A bird soars against a clear blue sky.
../dataset/datasets/imb_cub_0.1/train/Sooty_Albatross/85.jpg	Ocean waves.
../dataset/datasets/imb_cub_0.1/train/Sooty_Albatross/69.jpg	A bird flying over water.
../dataset/datasets/imb_cub_0.1/train/Sooty_Albatross/72.jpg	A bird soars over dark, textured ocean.
../dataset/datasets/imb_cub_0.1/train/Sooty_Albatross/59.jpg	Grass, rocks, and vegetation.
../dataset/datasets/imb_cub_0.1/train/Sooty_Albatross/68.jpg	The background shows an outdoor setting with grass, trees, and a structure.
../dataset/datasets/imb_cub_0.1/train/Sooty_Albatross/60.jpg	Ocean and cliffs.
../dataset/datasets/imb_cub_0.1/train/Sooty_Albatross/67.jpg	The background is blurred green.
../dataset/datasets/imb_cub_0.1/train/Sooty_Albatross/71.jpg	Ocean.
../dataset/datasets/imb_cub_0.1/train/Sooty_Albatross/77.jpg	Ocean waves.
../dataset/datasets/imb_cub_0.1/train/Sooty_Albatross/62.jpg	The background consists of sandy ground and patches of green vegetation.
../dataset/datasets/imb_cub_0.1/train/Sooty_Albatross/81.jpg	The background is dark blue.
../dataset/datasets/imb_cub_0.1/train/Sooty_Albatross/58.jpg	A bird soars against a clear blue sky.
../dataset/datasets/imb_cub_0.1/train/Sooty_Albatross/65.jpg	A bird stands on grassy hillside, overlooking lake and mountains.
../dataset/datasets/imb_cub_0.1/train/Sooty_Albatross/80.jpg	The bird is flying against a clear blue sky.
../dataset/datasets/imb_cub_0.1/train/Sooty_Albatross/76.jpg	A bird soars against a blue sky backdrop.
../dataset/datasets/imb_cub_0.1/train/Sooty_Albatross/75.jpg	The background consists of moss-covered rocks and vegetation.
../dataset/datasets/imb_cub_0.1/train/Sooty_Albatross/86.jpg	A bird soars over blue ocean.
../dataset/datasets/imb_cub_0.1/train/Sooty_Albatross/63.jpg	The background is a plain, light gray sky.
../dataset/datasets/imb_cub_0.1/train/Sooty_Albatross/73.jpg	The background is a clear, light blue sky.
../dataset/datasets/imb_cub_0.1/train/Sooty_Albatross/74.jpg	A bird soars over ocean, Antarctica.
../dataset/datasets/imb_cub_0.1/train/Sooty_Albatross/64.jpg	A bird soars over textured water.
../dataset/datasets/imb_cub_0.1/train/Sooty_Albatross/79.jpg	The background is a clear, light sky.
../dataset/datasets/imb_cub_0.1/train/Groove_billed_Ani/102.jpg	The background is a plain, light sky.
../dataset/datasets/imb_cub_0.1/train/Groove_billed_Ani/97.jpg	The background is a blurred mix of green foliage and sky.
../dataset/datasets/imb_cub_0.1/train/Groove_billed_Ani/99.jpg	A bird perched on bare branches with green leaves.
../dataset/datasets/imb_cub_0.1/train/Groove_billed_Ani/96.jpg	A bird perched on a tree with a clear sky and sparse foliage.
../dataset/datasets/imb_cub_0.1/train/Groove_billed_Ani/110.jpg	Green foliage, blurred background.
../dataset/datasets/imb_cub_0.1/train/Groove_billed_Ani/98.jpg	Green foliage.
../dataset/datasets/imb_cub_0.1/train/Groove_billed_Ani/108.jpg	The background consists of green foliage and branches.
../dataset/datasets/imb_cub_0.1/train/Groove_billed_Ani/87.jpg	Green grass and barbed wire.
../dataset/datasets/imb_cub_0.1/train/Groove_billed_Ani/103.jpg	A bird perched on tree branches with green leaves and blue sky.
../dataset/datasets/imb_cub_0.1/train/Groove_billed_Ani/106.jpg	A bird perched on tree branches against a clear sky.
../dataset/datasets/imb_cub_0.1/train/Groove_billed_Ani/101.jpg	Desert-like, blurred, sandy.
../dataset/datasets/imb_cub_0.1/train/Groove_billed_Ani/88.jpg	A bird perched on tree branch with green leaves and blue sky.
../dataset/datasets/imb_cub_0.1/train/Groove_billed_Ani/107.jpg	Green leaves, grass, rock.
../dataset/datasets/imb_cub_0.1/train/Groove_billed_Ani/105.jpg	The bird is perched on a branch with dried leaves and greenery in the background.
../dataset/datasets/imb_cub_0.1/train/Groove_billed_Ani/95.jpg	The background consists of green foliage and a blurred wall.
../dataset/datasets/imb_cub_0.1/train/Groove_billed_Ani/104.jpg	Green leaves, blue sky.
../dataset/datasets/imb_cub_0.1/train/Groove_billed_Ani/90.jpg	A bird perched on wooden post, blurred wooden fence and greenery behind.
../dataset/datasets/imb_cub_0.1/train/Groove_billed_Ani/114.jpg	The background is blurred with green and brown tones.
../dataset/datasets/imb_cub_0.1/train/Groove_billed_Ani/91.jpg	Green grass, blurred flowers.
../dataset/datasets/imb_cub_0.1/train/Groove_billed_Ani/112.jpg	The background is blurred green foliage.
../dataset/datasets/imb_cub_0.1/train/Groove_billed_Ani/93.jpg	A bird perched on branch with green foliage and yellow leaves.
../dataset/datasets/imb_cub_0.1/train/Groove_billed_Ani/92.jpg	A bird perched on a branch amidst green foliage.
../dataset/datasets/imb_cub_0.1/train/Groove_billed_Ani/94.jpg	Dry grass.
../dataset/datasets/imb_cub_0.1/train/Groove_billed_Ani/109.jpg	Dry grass and twigs.
../dataset/datasets/imb_cub_0.1/train/Groove_billed_Ani/100.jpg	The background is plain and neutral, possibly indoors or against a wall.
../dataset/datasets/imb_cub_0.1/train/Groove_billed_Ani/111.jpg	Leaves and twigs.
../dataset/datasets/imb_cub_0.1/train/Groove_billed_Ani/113.jpg	Clear blue sky.
../dataset/datasets/imb_cub_0.1/train/Groove_billed_Ani/89.jpg	Green foliage, blurred background.
../dataset/datasets/imb_cub_0.1/train/Crested_Auklet/134.jpg	Ocean waves.
../dataset/datasets/imb_cub_0.1/train/Crested_Auklet/127.jpg	Ocean waves.
../dataset/datasets/imb_cub_0.1/train/Crested_Auklet/132.jpg	A bird stands against a green background.
../dataset/datasets/imb_cub_0.1/train/Crested_Auklet/130.jpg	The background is blurred green foliage.
../dataset/datasets/imb_cub_0.1/train/Crested_Auklet/139.jpg	Rocky, dark water.
../dataset/datasets/imb_cub_0.1/train/Crested_Auklet/116.jpg	The bird is perched on a rock against a gray sky.
../dataset/datasets/imb_cub_0.1/train/Crested_Auklet/125.jpg	The background is dark and blurred.
../dataset/datasets/imb_cub_0.1/train/Crested_Auklet/121.jpg	Rocky, moss-covered terrain.
../dataset/datasets/imb_cub_0.1/train/Crested_Auklet/118.jpg	Rocky, green moss.
../dataset/datasets/imb_cub_0.1/train/Crested_Auklet/133.jpg	Rocky, moss-covered cliff.
../dataset/datasets/imb_cub_0.1/train/Crested_Auklet/122.jpg	A bird perched on rock against blue sky.
../dataset/datasets/imb_cub_0.1/train/Crested_Auklet/141.jpg	Rocky, mossy, blurred.
../dataset/datasets/imb_cub_0.1/train/Crested_Auklet/119.jpg	A bird stands on mossy, cracked rock.
../dataset/datasets/imb_cub_0.1/train/Crested_Auklet/124.jpg	The background is dark and blurred, possibly water or rocks.
../dataset/datasets/imb_cub_0.1/train/Crested_Auklet/135.jpg	A bird perched on a rocky surface.
../dataset/datasets/imb_cub_0.1/train/Crested_Auklet/136.jpg	A bird with black feathers and an orange beak is held by a person's hand against a rocky background.
../dataset/datasets/imb_cub_0.1/train/Crested_Auklet/117.jpg	The bird is set against a dark, blurred background.
../dataset/datasets/imb_cub_0.1/train/Crested_Auklet/140.jpg	A bird stands on rock against clear sky.
../dataset/datasets/imb_cub_0.1/train/Crested_Auklet/115.jpg	The background is blurred greenery.
../dataset/datasets/imb_cub_0.1/train/Crested_Auklet/123.jpg	The bird is set against a clear, light blue sky.
../dataset/datasets/imb_cub_0.1/train/Crested_Auklet/120.jpg	Rocky, mossy surface.
../dataset/datasets/imb_cub_0.1/train/Crested_Auklet/129.jpg	The bird is perched on a rocky surface with a blurred natural backdrop.
../dataset/datasets/imb_cub_0.1/train/Crested_Auklet/131.jpg	Rocky, moss-covered cliffside.
../dataset/datasets/imb_cub_0.1/train/Crested_Auklet/128.jpg	The background is blurred, suggesting a natural setting.
../dataset/datasets/imb_cub_0.1/train/Crested_Auklet/138.jpg	The background is blurred green.
../dataset/datasets/imb_cub_0.1/train/Crested_Auklet/137.jpg	The background is blurred, dark gray.
../dataset/datasets/imb_cub_0.1/train/Crested_Auklet/142.jpg	Rocky, blurred, natural setting.
../dataset/datasets/imb_cub_0.1/train/Crested_Auklet/126.jpg	Ripples on water surface.
../dataset/datasets/imb_cub_0.1/train/Least_Auklet/147.jpg	The background is blurred, showing rocks and greenery.
../dataset/datasets/imb_cub_0.1/train/Least_Auklet/168.jpg	The background is a plain, light gray sky.
../dataset/datasets/imb_cub_0.1/train/Least_Auklet/166.jpg	The bird is set against a plain, light gray sky.
../dataset/datasets/imb_cub_0.1/train/Least_Auklet/163.jpg	The background is plain gray.
../dataset/datasets/imb_cub_0.1/train/Least_Auklet/170.jpg	The bird is perched on a rock with a blurred, natural background.
../dataset/datasets/imb_cub_0.1/train/Least_Auklet/148.jpg	The background is blurred, suggesting a natural outdoor setting.
../dataset/datasets/imb_cub_0.1/train/Least_Auklet/145.jpg	Rocky, textured background.
../dataset/datasets/imb_cub_0.1/train/Least_Auklet/161.jpg	A bird perched on mossy rock, with water in the background.
../dataset/datasets/imb_cub_0.1/train/Least_Auklet/167.jpg	The background is a muted, grayish sky.
../dataset/datasets/imb_cub_0.1/train/Least_Auklet/154.jpg	The background is blurred, suggesting a natural outdoor setting.
../dataset/datasets/imb_cub_0.1/train/Least_Auklet/146.jpg	A bird flying over water.
../dataset/datasets/imb_cub_0.1/train/Least_Auklet/160.jpg	The bird is against a plain, light gray background.
../dataset/datasets/imb_cub_0.1/train/Least_Auklet/152.jpg	The background is blurred, showing indistinct shapes and colors.
../dataset/datasets/imb_cub_0.1/train/Least_Auklet/151.jpg	The bird is set against a blurred, dark background.
../dataset/datasets/imb_cub_0.1/train/Least_Auklet/143.jpg	A bird stands on rock against clear blue sky.
../dataset/datasets/imb_cub_0.1/train/Least_Auklet/156.jpg	The bird is perched on a rock with a blurred, warm-toned background.
../dataset/datasets/imb_cub_0.1/train/Least_Auklet/144.jpg	The bird is set against a blurred, natural backdrop.
../dataset/datasets/imb_cub_0.1/train/Least_Auklet/169.jpg	The bird is on a rocky surface with a blurred background.
../dataset/datasets/imb_cub_0.1/train/Least_Auklet/149.jpg	A bird perched on rocks with blurred background.
../dataset/datasets/imb_cub_0.1/train/Least_Auklet/150.jpg	The background is a plain, light blue sky.
../dataset/datasets/imb_cub_0.1/train/Least_Auklet/162.jpg	A bird sits on a rock against a plain, light background.
../dataset/datasets/imb_cub_0.1/train/Least_Auklet/158.jpg	Rocky, greenery.
../dataset/datasets/imb_cub_0.1/train/Least_Auklet/159.jpg	A bird perched on rock against clear blue sky.
../dataset/datasets/imb_cub_0.1/train/Least_Auklet/165.jpg	The bird is perched on a rock with green moss and blurred foliage in the background.
../dataset/datasets/imb_cub_0.1/train/Least_Auklet/164.jpg	The bird is perched on a rock with a blurred natural backdrop.
../dataset/datasets/imb_cub_0.1/train/Least_Auklet/153.jpg	The bird is on a rocky surface.
../dataset/datasets/imb_cub_0.1/train/Least_Auklet/155.jpg	Rocky, blurred water.
../dataset/datasets/imb_cub_0.1/train/Least_Auklet/157.jpg	The bird is perched on a rock with a blurred, natural background.
../dataset/datasets/imb_cub_0.1/train/Parakeet_Auklet/185.jpg	A bird on a rocky surface with a blurred background.
../dataset/datasets/imb_cub_0.1/train/Parakeet_Auklet/172.jpg	The background is blurred greenery.
../dataset/datasets/imb_cub_0.1/train/Parakeet_Auklet/181.jpg	The background is gray and blurred.
../dataset/datasets/imb_cub_0.1/train/Parakeet_Auklet/192.jpg	A bird perched on mossy rock, green background.
../dataset/datasets/imb_cub_0.1/train/Parakeet_Auklet/175.jpg	Rocky, greenery.
../dataset/datasets/imb_cub_0.1/train/Parakeet_Auklet/194.jpg	The background is blurred, suggesting a natural outdoor setting.
../dataset/datasets/imb_cub_0.1/train/Parakeet_Auklet/188.jpg	A bird perched on mossy rock, blurred green and yellow background.
../dataset/datasets/imb_cub_0.1/train/Parakeet_Auklet/187.jpg	The background is gray.
../dataset/datasets/imb_cub_0.1/train/Parakeet_Auklet/174.jpg	A bird stands against a gray, overcast sky.
../dataset/datasets/imb_cub_0.1/train/Parakeet_Auklet/171.jpg	Rocky, moss-covered.
../dataset/datasets/imb_cub_0.1/train/Parakeet_Auklet/176.jpg	Rocky, moss-covered, coastal.
../dataset/datasets/imb_cub_0.1/train/Parakeet_Auklet/184.jpg	The bird is perched on a rocky surface with moss and lichen.
../dataset/datasets/imb_cub_0.1/train/Parakeet_Auklet/179.jpg	The background is blurred, showing green and brown tones.
../dataset/datasets/imb_cub_0.1/train/Parakeet_Auklet/182.jpg	The background is blurred green.
../dataset/datasets/imb_cub_0.1/train/Parakeet_Auklet/191.jpg	The background is dark and blurry, suggesting water or a forested area.
../dataset/datasets/imb_cub_0.1/train/Parakeet_Auklet/196.jpg	The bird is set against a blurred, natural backdrop.
../dataset/datasets/imb_cub_0.1/train/Parakeet_Auklet/173.jpg	Green, blurred, grassy.
../dataset/datasets/imb_cub_0.1/train/Parakeet_Auklet/193.jpg	Rocky, mossy cliffside.
../dataset/datasets/imb_cub_0.1/train/Parakeet_Auklet/177.jpg	The background is blurred, dark, and out of focus.
../dataset/datasets/imb_cub_0.1/train/Parakeet_Auklet/189.jpg	A bird perched on mossy rocks.
../dataset/datasets/imb_cub_0.1/train/Parakeet_Auklet/186.jpg	A bird on a rock with yellow spots.
../dataset/datasets/imb_cub_0.1/train/Parakeet_Auklet/180.jpg	A bird perched on rock with moss and lichen.
../dataset/datasets/imb_cub_0.1/train/Parakeet_Auklet/183.jpg	A bird perched on rock, water behind.
../dataset/datasets/imb_cub_0.1/train/Parakeet_Auklet/178.jpg	A bird perched on a rocky cliff with greenery and flowers.
../dataset/datasets/imb_cub_0.1/train/Parakeet_Auklet/190.jpg	The background is blurred, suggesting a natural outdoor setting.
../dataset/datasets/imb_cub_0.1/train/Parakeet_Auklet/197.jpg	Rocky, water.
../dataset/datasets/imb_cub_0.1/train/Parakeet_Auklet/195.jpg	The bird is on a rocky surface with greenery.
../dataset/datasets/imb_cub_0.1/train/Rhinoceros_Auklet/205.jpg	A bird on sandy ground near a pipe and person's hand.
../dataset/datasets/imb_cub_0.1/train/Rhinoceros_Auklet/214.jpg	A bird swimming in blue water.
../dataset/datasets/imb_cub_0.1/train/Rhinoceros_Auklet/209.jpg	A bird on rippling blue water.
../dataset/datasets/imb_cub_0.1/train/Rhinoceros_Auklet/200.jpg	The bird is in water with a blurred background.
../dataset/datasets/imb_cub_0.1/train/Rhinoceros_Auklet/206.jpg	A bird flying over blue water.
../dataset/datasets/imb_cub_0.1/train/Rhinoceros_Auklet/210.jpg	A bird against a blue sky.
../dataset/datasets/imb_cub_0.1/train/Rhinoceros_Auklet/213.jpg	The bird is on a gray, textured surface.
../dataset/datasets/imb_cub_0.1/train/Rhinoceros_Auklet/202.jpg	A bird on rippling blue water.
../dataset/datasets/imb_cub_0.1/train/Rhinoceros_Auklet/224.jpg	Ocean waves.
../dataset/datasets/imb_cub_0.1/train/Rhinoceros_Auklet/208.jpg	A bird with wings spread, floating on calm water under a clear sky.
../dataset/datasets/imb_cub_0.1/train/Rhinoceros_Auklet/219.jpg	A bird in water with ripples.
../dataset/datasets/imb_cub_0.1/train/Rhinoceros_Auklet/221.jpg	A bird swimming on blue water.
../dataset/datasets/imb_cub_0.1/train/Rhinoceros_Auklet/212.jpg	A bird swimming on calm blue water.
../dataset/datasets/imb_cub_0.1/train/Rhinoceros_Auklet/199.jpg	The bird is on a dark, possibly grassy surface.
../dataset/datasets/imb_cub_0.1/train/Rhinoceros_Auklet/215.jpg	The background is blurred, suggesting water and rocks.
../dataset/datasets/imb_cub_0.1/train/Rhinoceros_Auklet/222.jpg	Water with ripples and reflections.
../dataset/datasets/imb_cub_0.1/train/Rhinoceros_Auklet/201.jpg	A bird against a clear blue sky.
../dataset/datasets/imb_cub_0.1/train/Rhinoceros_Auklet/220.jpg	A bird in water with ripples and reflections.
../dataset/datasets/imb_cub_0.1/train/Rhinoceros_Auklet/211.jpg	The bird is on a sandy surface with some branches and twigs in the background.
../dataset/datasets/imb_cub_0.1/train/Rhinoceros_Auklet/204.jpg	The background is blurred, suggesting a natural outdoor setting.
../dataset/datasets/imb_cub_0.1/train/Rhinoceros_Auklet/223.jpg	Blue water with ripples.
../dataset/datasets/imb_cub_0.1/train/Rhinoceros_Auklet/217.jpg	The background is blurred, suggesting a natural outdoor setting.
../dataset/datasets/imb_cub_0.1/train/Rhinoceros_Auklet/207.jpg	A bird stands on a rock with a textured, grayish background.
../dataset/datasets/imb_cub_0.1/train/Rhinoceros_Auklet/218.jpg	A bird on calm blue water.
../dataset/datasets/imb_cub_0.1/train/Rhinoceros_Auklet/203.jpg	A bird swimming on blue water.
../dataset/datasets/imb_cub_0.1/train/Rhinoceros_Auklet/216.jpg	A bird swimming on calm water with a blurred blue background.
../dataset/datasets/imb_cub_0.1/train/Rhinoceros_Auklet/198.jpg	Water.
../dataset/datasets/imb_cub_0.1/train/Brewer_Blackbird/251.jpg	A bird perched on branch, green landscape and blue sky behind.
../dataset/datasets/imb_cub_0.1/train/Brewer_Blackbird/234.jpg	The background is blurred, suggesting a natural outdoor setting.
../dataset/datasets/imb_cub_0.1/train/Brewer_Blackbird/240.jpg	Rushing water, sunlight reflections.
../dataset/datasets/imb_cub_0.1/train/Brewer_Blackbird/248.jpg	Green grass.
../dataset/datasets/imb_cub_0.1/train/Brewer_Blackbird/245.jpg	The background is blurred, suggesting a natural outdoor setting.
../dataset/datasets/imb_cub_0.1/train/Brewer_Blackbird/242.jpg	The background is blurred, showing grass and dirt.
../dataset/datasets/imb_cub_0.1/train/Brewer_Blackbird/241.jpg	The background is sandy and textured.
../dataset/datasets/imb_cub_0.1/train/Brewer_Blackbird/227.jpg	Green, blurred grass.
../dataset/datasets/imb_cub_0.1/train/Brewer_Blackbird/235.jpg	A bird perched on branch, blue sky and tree trunk behind.
../dataset/datasets/imb_cub_0.1/train/Brewer_Blackbird/236.jpg	Rocky surface.
../dataset/datasets/imb_cub_0.1/train/Brewer_Blackbird/250.jpg	The bird is on sandy ground with sparse vegetation.
../dataset/datasets/imb_cub_0.1/train/Brewer_Blackbird/244.jpg	The background is blurred, suggesting a natural setting.
../dataset/datasets/imb_cub_0.1/train/Brewer_Blackbird/238.jpg	Blurred, earthy tones.
../dataset/datasets/imb_cub_0.1/train/Brewer_Blackbird/225.jpg	Green foliage.
../dataset/datasets/imb_cub_0.1/train/Brewer_Blackbird/233.jpg	Green leaves and branches.
../dataset/datasets/imb_cub_0.1/train/Brewer_Blackbird/247.jpg	The background consists of rocks, dirt, and some greenery.
../dataset/datasets/imb_cub_0.1/train/Brewer_Blackbird/243.jpg	A bird stands on rocks near water.
../dataset/datasets/imb_cub_0.1/train/Brewer_Blackbird/230.jpg	A bird on concrete with leaves.
../dataset/datasets/imb_cub_0.1/train/Brewer_Blackbird/237.jpg	The background is a clear, light blue sky.
../dataset/datasets/imb_cub_0.1/train/Brewer_Blackbird/246.jpg	The background is blurred green.
../dataset/datasets/imb_cub_0.1/train/Brewer_Blackbird/231.jpg	The background is a plain, light gray sky.
../dataset/datasets/imb_cub_0.1/train/Brewer_Blackbird/229.jpg	The background is water.
../dataset/datasets/imb_cub_0.1/train/Brewer_Blackbird/226.jpg	Clear blue sky.
../dataset/datasets/imb_cub_0.1/train/Brewer_Blackbird/232.jpg	Fence, blurred background.
../dataset/datasets/imb_cub_0.1/train/Brewer_Blackbird/249.jpg	The background is blurred green.
../dataset/datasets/imb_cub_0.1/train/Brewer_Blackbird/228.jpg	Clear blue sky.
../dataset/datasets/imb_cub_0.1/train/Brewer_Blackbird/239.jpg	A bird stands on a rocky surface with a blurred, light blue background.
../dataset/datasets/imb_cub_0.1/train/Red_winged_Blackbird/272.jpg	Green, blurred background.
../dataset/datasets/imb_cub_0.1/train/Red_winged_Blackbird/262.jpg	Green, blurred.
../dataset/datasets/imb_cub_0.1/train/Red_winged_Blackbird/269.jpg	A bird perched on branches against a clear sky.
../dataset/datasets/imb_cub_0.1/train/Red_winged_Blackbird/264.jpg	The background is blurred, suggesting a natural outdoor setting.
../dataset/datasets/imb_cub_0.1/train/Red_winged_Blackbird/266.jpg	The background is a plain, light sky.
../dataset/datasets/imb_cub_0.1/train/Red_winged_Blackbird/253.jpg	The background is blurred, with soft, neutral tones.
../dataset/datasets/imb_cub_0.1/train/Red_winged_Blackbird/260.jpg	Snowy ground with patches of dirt.
../dataset/datasets/imb_cub_0.1/train/Red_winged_Blackbird/258.jpg	Grass and sunlight.
../dataset/datasets/imb_cub_0.1/train/Red_winged_Blackbird/263.jpg	Blurred green foliage.
../dataset/datasets/imb_cub_0.1/train/Red_winged_Blackbird/268.jpg	The bird is perched on a branch against a pale sky.
../dataset/datasets/imb_cub_0.1/train/Red_winged_Blackbird/274.jpg	Dry reeds.
../dataset/datasets/imb_cub_0.1/train/Red_winged_Blackbird/255.jpg	Clear blue sky.
../dataset/datasets/imb_cub_0.1/train/Red_winged_Blackbird/265.jpg	A bird perched on a tree branch with green leaves and small buds, against a blurred blue sky.
../dataset/datasets/imb_cub_0.1/train/Red_winged_Blackbird/271.jpg	A bird perched on branch, green foliage blurred behind.
../dataset/datasets/imb_cub_0.1/train/Red_winged_Blackbird/277.jpg	Reeds and blurred greenery.
../dataset/datasets/imb_cub_0.1/train/Red_winged_Blackbird/256.jpg	A bird perched on reeds near water.
../dataset/datasets/imb_cub_0.1/train/Red_winged_Blackbird/273.jpg	A bird perched on a chain with a blurred blue background.
../dataset/datasets/imb_cub_0.1/train/Red_winged_Blackbird/261.jpg	The background is blurred, showing branches and sky.
../dataset/datasets/imb_cub_0.1/train/Red_winged_Blackbird/275.jpg	A bird perched on reed, blurred water and greenery behind.
../dataset/datasets/imb_cub_0.1/train/Red_winged_Blackbird/257.jpg	A bird perched on branches, blurred background.
../dataset/datasets/imb_cub_0.1/train/Red_winged_Blackbird/270.jpg	The background is blurred, with soft green and brown tones.
../dataset/datasets/imb_cub_0.1/train/Red_winged_Blackbird/259.jpg	Dry reeds.
../dataset/datasets/imb_cub_0.1/train/Red_winged_Blackbird/254.jpg	Green grass and plants.
../dataset/datasets/imb_cub_0.1/train/Red_winged_Blackbird/252.jpg	Blurred green and brown.
../dataset/datasets/imb_cub_0.1/train/Red_winged_Blackbird/267.jpg	Branches, leaves, sky.
../dataset/datasets/imb_cub_0.1/train/Red_winged_Blackbird/276.jpg	A bird perched on bare branches against a blurred blue sky.
../dataset/datasets/imb_cub_0.1/train/Rusty_Blackbird/294.jpg	The bird is on a textured, light-colored surface.
../dataset/datasets/imb_cub_0.1/train/Rusty_Blackbird/283.jpg	Autumn leaves, blurred greenery.
../dataset/datasets/imb_cub_0.1/train/Rusty_Blackbird/279.jpg	Snowy ground.
../dataset/datasets/imb_cub_0.1/train/Rusty_Blackbird/290.jpg	A bird perched on branch with autumn leaves and clear sky.
../dataset/datasets/imb_cub_0.1/train/Rusty_Blackbird/293.jpg	The background is blurred, with hints of green and brown.
../dataset/datasets/imb_cub_0.1/train/Rusty_Blackbird/282.jpg	Clear blue sky.
../dataset/datasets/imb_cub_0.1/train/Rusty_Blackbird/295.jpg	Muddy ground.
../dataset/datasets/imb_cub_0.1/train/Rusty_Blackbird/281.jpg	A bird perched on a branch with a blurred background.
../dataset/datasets/imb_cub_0.1/train/Rusty_Blackbird/287.jpg	Muddy water, leaves, rocks.
../dataset/datasets/imb_cub_0.1/train/Rusty_Blackbird/291.jpg	Blurred grassy field.
../dataset/datasets/imb_cub_0.1/train/Rusty_Blackbird/286.jpg	The background is blurry, with muted earth tones and indistinct shapes.
../dataset/datasets/imb_cub_0.1/train/Rusty_Blackbird/278.jpg	Clear blue sky.
../dataset/datasets/imb_cub_0.1/train/Rusty_Blackbird/296.jpg	The background is blurred with soft, muted colors.
../dataset/datasets/imb_cub_0.1/train/Rusty_Blackbird/289.jpg	A bird perched on branch with yellow leaves and blue sky.
../dataset/datasets/imb_cub_0.1/train/Rusty_Blackbird/299.jpg	Water and tree trunk.
../dataset/datasets/imb_cub_0.1/train/Rusty_Blackbird/302.jpg	Wetland with reeds and water.
../dataset/datasets/imb_cub_0.1/train/Rusty_Blackbird/300.jpg	The background is blurred, showing branches and muted colors.
../dataset/datasets/imb_cub_0.1/train/Rusty_Blackbird/303.jpg	Dry grass, snow patches.
../dataset/datasets/imb_cub_0.1/train/Rusty_Blackbird/284.jpg	The bird is on a textured, gray surface.
../dataset/datasets/imb_cub_0.1/train/Rusty_Blackbird/298.jpg	The background consists of wetland vegetation and water.
../dataset/datasets/imb_cub_0.1/train/Rusty_Blackbird/301.jpg	Clear blue sky, bare branches.
../dataset/datasets/imb_cub_0.1/train/Rusty_Blackbird/285.jpg	A bird perched on tree branches with blurred greenery and sky.
../dataset/datasets/imb_cub_0.1/train/Rusty_Blackbird/297.jpg	Clear blue sky.
../dataset/datasets/imb_cub_0.1/train/Rusty_Blackbird/280.jpg	The background is blurred with muted colors, suggesting a natural setting.
../dataset/datasets/imb_cub_0.1/train/Rusty_Blackbird/288.jpg	Dry grass and branches.
../dataset/datasets/imb_cub_0.1/train/Rusty_Blackbird/292.jpg	Water and trees.
../dataset/datasets/imb_cub_0.1/train/Yellow_headed_Blackbird/325.jpg	A bird perched on cattails near water.
../dataset/datasets/imb_cub_0.1/train/Yellow_headed_Blackbird/319.jpg	Reeds and water.
../dataset/datasets/imb_cub_0.1/train/Yellow_headed_Blackbird/324.jpg	A bird perched on flowers with large green leaf in background.
../dataset/datasets/imb_cub_0.1/train/Yellow_headed_Blackbird/320.jpg	A bird perched on bare branches with new buds.
../dataset/datasets/imb_cub_0.1/train/Yellow_headed_Blackbird/313.jpg	A bird perched on green bush, cloudy sky.
../dataset/datasets/imb_cub_0.1/train/Yellow_headed_Blackbird/305.jpg	Reeds and marshy water.
../dataset/datasets/imb_cub_0.1/train/Yellow_headed_Blackbird/310.jpg	Clear blue sky.
../dataset/datasets/imb_cub_0.1/train/Yellow_headed_Blackbird/311.jpg	The background is blurred, with muted tones suggesting grass and sky.
../dataset/datasets/imb_cub_0.1/train/Yellow_headed_Blackbird/315.jpg	A bird perched on reeds.
../dataset/datasets/imb_cub_0.1/train/Yellow_headed_Blackbird/329.jpg	Dry grass.
../dataset/datasets/imb_cub_0.1/train/Yellow_headed_Blackbird/308.jpg	The bird is on a textured, gray surface.
../dataset/datasets/imb_cub_0.1/train/Yellow_headed_Blackbird/323.jpg	A bird perched on branch, blurred water behind.
../dataset/datasets/imb_cub_0.1/train/Yellow_headed_Blackbird/322.jpg	Dry reeds.
../dataset/datasets/imb_cub_0.1/train/Yellow_headed_Blackbird/314.jpg	Dry reeds, water.
../dataset/datasets/imb_cub_0.1/train/Yellow_headed_Blackbird/306.jpg	Dry reeds.
../dataset/datasets/imb_cub_0.1/train/Yellow_headed_Blackbird/327.jpg	Dry reeds.
../dataset/datasets/imb_cub_0.1/train/Yellow_headed_Blackbird/304.jpg	Water and reeds.
../dataset/datasets/imb_cub_0.1/train/Yellow_headed_Blackbird/326.jpg	A bird perched on reeds.
../dataset/datasets/imb_cub_0.1/train/Yellow_headed_Blackbird/318.jpg	A bird perched on green leaves with water in the background.
../dataset/datasets/imb_cub_0.1/train/Yellow_headed_Blackbird/321.jpg	The background is blurred green vegetation.
../dataset/datasets/imb_cub_0.1/train/Yellow_headed_Blackbird/309.jpg	Green foliage and reeds.
../dataset/datasets/imb_cub_0.1/train/Yellow_headed_Blackbird/316.jpg	A bird perched on branches against a blue sky.
../dataset/datasets/imb_cub_0.1/train/Yellow_headed_Blackbird/307.jpg	Water and reeds.
../dataset/datasets/imb_cub_0.1/train/Yellow_headed_Blackbird/317.jpg	A bird perched against a clear blue sky.
../dataset/datasets/imb_cub_0.1/train/Yellow_headed_Blackbird/312.jpg	The background is blurred green.
../dataset/datasets/imb_cub_0.1/train/Yellow_headed_Blackbird/328.jpg	Green leaves and branches.
../dataset/datasets/imb_cub_0.1/train/Bobolink/331.jpg	The background is blurred, likely green and brown.
../dataset/datasets/imb_cub_0.1/train/Bobolink/346.jpg	Green grassy field.
../dataset/datasets/imb_cub_0.1/train/Bobolink/349.jpg	Grassy field.
../dataset/datasets/imb_cub_0.1/train/Bobolink/335.jpg	A bird perched on a stump against a green backdrop.
../dataset/datasets/imb_cub_0.1/train/Bobolink/355.jpg	Green foliage.
../dataset/datasets/imb_cub_0.1/train/Bobolink/330.jpg	Green, blurred background.
../dataset/datasets/imb_cub_0.1/train/Bobolink/347.jpg	A bird perched on grass with yellow flowers.
../dataset/datasets/imb_cub_0.1/train/Bobolink/352.jpg	Green, blurred vegetation.
../dataset/datasets/imb_cub_0.1/train/Bobolink/345.jpg	A bird perched on tree branches with green leaves and red-brown hues.
../dataset/datasets/imb_cub_0.1/train/Bobolink/343.jpg	Green and blurred.
../dataset/datasets/imb_cub_0.1/train/Bobolink/336.jpg	A bird perched on a branch with green background and white flowers.
../dataset/datasets/imb_cub_0.1/train/Bobolink/354.jpg	The background is a clear sky.
../dataset/datasets/imb_cub_0.1/train/Bobolink/348.jpg	The background is blurred, suggesting a natural outdoor setting with muted colors.
../dataset/datasets/imb_cub_0.1/train/Bobolink/353.jpg	Green foliage, daisies.
../dataset/datasets/imb_cub_0.1/train/Bobolink/342.jpg	A bird perched on green foliage against a blurred green background.
../dataset/datasets/imb_cub_0.1/train/Bobolink/338.jpg	Green, blurred background.
../dataset/datasets/imb_cub_0.1/train/Bobolink/340.jpg	The background is blurred green.
../dataset/datasets/imb_cub_0.1/train/Bobolink/350.jpg	A bird perched on green branch, blurred green background.
../dataset/datasets/imb_cub_0.1/train/Bobolink/339.jpg	Blurred grassy field.
../dataset/datasets/imb_cub_0.1/train/Bobolink/344.jpg	Green, blurred background.
../dataset/datasets/imb_cub_0.1/train/Bobolink/333.jpg	The background is a blurred sky.
../dataset/datasets/imb_cub_0.1/train/Bobolink/337.jpg	A bird perched on wire against clear blue sky.
../dataset/datasets/imb_cub_0.1/train/Bobolink/332.jpg	Grassy field.
../dataset/datasets/imb_cub_0.1/train/Bobolink/334.jpg	Green grass and plants.
../dataset/datasets/imb_cub_0.1/train/Bobolink/351.jpg	The background is blurred, likely green and natural.
../dataset/datasets/imb_cub_0.1/train/Bobolink/341.jpg	Green, blurred field.
../dataset/datasets/imb_cub_0.1/train/Indigo_Bunting/373.jpg	Grass, dirt, seeds.
../dataset/datasets/imb_cub_0.1/train/Indigo_Bunting/368.jpg	The background is blurred green.
../dataset/datasets/imb_cub_0.1/train/Indigo_Bunting/359.jpg	Green and blurred.
../dataset/datasets/imb_cub_0.1/train/Indigo_Bunting/371.jpg	Green foliage, blurred background.
../dataset/datasets/imb_cub_0.1/train/Indigo_Bunting/378.jpg	Blurred green and yellow.
../dataset/datasets/imb_cub_0.1/train/Indigo_Bunting/356.jpg	Green leaves and branches.
../dataset/datasets/imb_cub_0.1/train/Indigo_Bunting/360.jpg	Green grass.
../dataset/datasets/imb_cub_0.1/train/Indigo_Bunting/366.jpg	Green, blurred background.
../dataset/datasets/imb_cub_0.1/train/Indigo_Bunting/377.jpg	The background is a black and white vertical slatted wall.
../dataset/datasets/imb_cub_0.1/train/Indigo_Bunting/376.jpg	Green foliage.
../dataset/datasets/imb_cub_0.1/train/Indigo_Bunting/372.jpg	The background is blurred green foliage.
../dataset/datasets/imb_cub_0.1/train/Indigo_Bunting/364.jpg	Green foliage.
../dataset/datasets/imb_cub_0.1/train/Indigo_Bunting/362.jpg	Green foliage, brown ground.
../dataset/datasets/imb_cub_0.1/train/Indigo_Bunting/379.jpg	The background is blurred with green and brown leaves.
../dataset/datasets/imb_cub_0.1/train/Indigo_Bunting/363.jpg	The background is blurred green.
../dataset/datasets/imb_cub_0.1/train/Indigo_Bunting/370.jpg	Grass and leaves.
../dataset/datasets/imb_cub_0.1/train/Indigo_Bunting/374.jpg	A bird perched on a wooden surface with a blurred background.
../dataset/datasets/imb_cub_0.1/train/Indigo_Bunting/380.jpg	Blurred trees and sky.
../dataset/datasets/imb_cub_0.1/train/Indigo_Bunting/369.jpg	Green and blurred.
../dataset/datasets/imb_cub_0.1/train/Indigo_Bunting/367.jpg	Green foliage, blurred branches.
../dataset/datasets/imb_cub_0.1/train/Indigo_Bunting/357.jpg	Green, blurred foliage.
../dataset/datasets/imb_cub_0.1/train/Indigo_Bunting/365.jpg	Green foliage and dried stems.
../dataset/datasets/imb_cub_0.1/train/Indigo_Bunting/361.jpg	The background is blurred green.
../dataset/datasets/imb_cub_0.1/train/Indigo_Bunting/358.jpg	A bird perched on wood near feeder, blurred background.
../dataset/datasets/imb_cub_0.1/train/Indigo_Bunting/375.jpg	Green foliage.
../dataset/datasets/imb_cub_0.1/train/Lazuli_Bunting/405.jpg	The background is blurred, with muted browns and blues.
../dataset/datasets/imb_cub_0.1/train/Lazuli_Bunting/394.jpg	A bird on concrete near wood.
../dataset/datasets/imb_cub_0.1/train/Lazuli_Bunting/390.jpg	A bird perched on green foliage against a clear blue sky.
../dataset/datasets/imb_cub_0.1/train/Lazuli_Bunting/402.jpg	Blurred greenery.
../dataset/datasets/imb_cub_0.1/train/Lazuli_Bunting/401.jpg	Dry branches, blurred green grass.
../dataset/datasets/imb_cub_0.1/train/Lazuli_Bunting/400.jpg	The background is blurred green.
../dataset/datasets/imb_cub_0.1/train/Lazuli_Bunting/396.jpg	Green grass and blurred foliage.
../dataset/datasets/imb_cub_0.1/train/Lazuli_Bunting/399.jpg	A bird perched on a branch against a clear blue sky.
../dataset/datasets/imb_cub_0.1/train/Lazuli_Bunting/392.jpg	Green leaves, blurred background.
../dataset/datasets/imb_cub_0.1/train/Lazuli_Bunting/389.jpg	Green grass.
../dataset/datasets/imb_cub_0.1/train/Lazuli_Bunting/383.jpg	Blurred grass and rusted metal.
../dataset/datasets/imb_cub_0.1/train/Lazuli_Bunting/403.jpg	Grass and dirt.
../dataset/datasets/imb_cub_0.1/train/Lazuli_Bunting/385.jpg	The background is green foliage.
../dataset/datasets/imb_cub_0.1/train/Lazuli_Bunting/404.jpg	The background is dark.
../dataset/datasets/imb_cub_0.1/train/Lazuli_Bunting/397.jpg	Blurred green foliage.
../dataset/datasets/imb_cub_0.1/train/Lazuli_Bunting/391.jpg	The background is blurred green.
../dataset/datasets/imb_cub_0.1/train/Lazuli_Bunting/395.jpg	A bird perched on green leaves with blurred background.
../dataset/datasets/imb_cub_0.1/train/Lazuli_Bunting/382.jpg	Green leaves, blurred background.
../dataset/datasets/imb_cub_0.1/train/Lazuli_Bunting/388.jpg	Green, blurred background.
../dataset/datasets/imb_cub_0.1/train/Lazuli_Bunting/393.jpg	Green, blurred background.
../dataset/datasets/imb_cub_0.1/train/Lazuli_Bunting/386.jpg	A bird perched on branch against blue sky.
../dataset/datasets/imb_cub_0.1/train/Lazuli_Bunting/384.jpg	Blurred, soft green and brown tones.
../dataset/datasets/imb_cub_0.1/train/Lazuli_Bunting/381.jpg	The background is blurred with green leaves and yellow flowers.
../dataset/datasets/imb_cub_0.1/train/Lazuli_Bunting/387.jpg	The background consists of scattered seeds and dried leaves on a dark surface.
../dataset/datasets/imb_cub_0.1/train/Lazuli_Bunting/398.jpg	A bird perched on branches against a clear blue sky.
../dataset/datasets/imb_cub_0.1/train/Painted_Bunting/419.jpg	Blurred green foliage.
../dataset/datasets/imb_cub_0.1/train/Painted_Bunting/420.jpg	Green, blurred background.
../dataset/datasets/imb_cub_0.1/train/Painted_Bunting/413.jpg	The background is blurred green.
../dataset/datasets/imb_cub_0.1/train/Painted_Bunting/407.jpg	Green and blurred.
../dataset/datasets/imb_cub_0.1/train/Painted_Bunting/426.jpg	The background is blurred green foliage.
../dataset/datasets/imb_cub_0.1/train/Painted_Bunting/421.jpg	A bird perched on feeder with green background.
../dataset/datasets/imb_cub_0.1/train/Painted_Bunting/425.jpg	Green foliage, blurred background.
../dataset/datasets/imb_cub_0.1/train/Painted_Bunting/422.jpg	Green, blurred background.
../dataset/datasets/imb_cub_0.1/train/Painted_Bunting/416.jpg	Green foliage.
../dataset/datasets/imb_cub_0.1/train/Painted_Bunting/410.jpg	Green leaves and branches.
../dataset/datasets/imb_cub_0.1/train/Painted_Bunting/412.jpg	Green, blurred foliage.
../dataset/datasets/imb_cub_0.1/train/Painted_Bunting/411.jpg	Green leaves, blurred background.
../dataset/datasets/imb_cub_0.1/train/Painted_Bunting/414.jpg	Green foliage, blurred background.
../dataset/datasets/imb_cub_0.1/train/Painted_Bunting/417.jpg	The background is muddy with grass and water.
../dataset/datasets/imb_cub_0.1/train/Painted_Bunting/406.jpg	A bird perched on tree branches with green leaves.
../dataset/datasets/imb_cub_0.1/train/Painted_Bunting/427.jpg	Green foliage.
../dataset/datasets/imb_cub_0.1/train/Painted_Bunting/408.jpg	The background is blurred with green foliage and light filtering through.
../dataset/datasets/imb_cub_0.1/train/Painted_Bunting/415.jpg	The background is dark with green foliage.
../dataset/datasets/imb_cub_0.1/train/Painted_Bunting/409.jpg	The background is blurred green foliage.
../dataset/datasets/imb_cub_0.1/train/Painted_Bunting/428.jpg	A bird perched on a thin branch with blurred greenery in the background.
../dataset/datasets/imb_cub_0.1/train/Painted_Bunting/430.jpg	Green leaves, blurred.
../dataset/datasets/imb_cub_0.1/train/Painted_Bunting/424.jpg	Green, leafy background.
../dataset/datasets/imb_cub_0.1/train/Painted_Bunting/423.jpg	Green foliage, wooden deck.
../dataset/datasets/imb_cub_0.1/train/Painted_Bunting/429.jpg	Green, blurred foliage.
../dataset/datasets/imb_cub_0.1/train/Painted_Bunting/418.jpg	Green grass, rocks, dirt.
../dataset/datasets/imb_cub_0.1/train/Cardinal/445.jpg	Snowy, bare branches.
../dataset/datasets/imb_cub_0.1/train/Cardinal/444.jpg	A bird perched on a branch with green lichen, against a blurred green background.
../dataset/datasets/imb_cub_0.1/train/Cardinal/438.jpg	The background is blurred green.
../dataset/datasets/imb_cub_0.1/train/Cardinal/440.jpg	The background is blurred, suggesting a natural outdoor setting.
../dataset/datasets/imb_cub_0.1/train/Cardinal/451.jpg	The background is blurred greenery.
../dataset/datasets/imb_cub_0.1/train/Cardinal/441.jpg	The background is blurred, showing trees and sky.
../dataset/datasets/imb_cub_0.1/train/Cardinal/453.jpg	The background is blurred, showing a natural setting.
../dataset/datasets/imb_cub_0.1/train/Cardinal/443.jpg	The background is black.
../dataset/datasets/imb_cub_0.1/train/Cardinal/435.jpg	Bare branches, blurred background.
../dataset/datasets/imb_cub_0.1/train/Cardinal/434.jpg	Blurred grass and twigs.
../dataset/datasets/imb_cub_0.1/train/Cardinal/446.jpg	A bird perched on blue feeder, blurred orange and blue background.
../dataset/datasets/imb_cub_0.1/train/Cardinal/450.jpg	The background is blurred and gray.
../dataset/datasets/imb_cub_0.1/train/Cardinal/437.jpg	The background is blurred, with soft, neutral tones.
../dataset/datasets/imb_cub_0.1/train/Cardinal/439.jpg	The background is blurred, with green and white tones.
../dataset/datasets/imb_cub_0.1/train/Cardinal/448.jpg	A bird on wooden surface.
../dataset/datasets/imb_cub_0.1/train/Cardinal/447.jpg	The background is blurred, suggesting water or sky.
../dataset/datasets/imb_cub_0.1/train/Cardinal/452.jpg	Bare branches, wooden surface.
../dataset/datasets/imb_cub_0.1/train/Cardinal/454.jpg	A bird on white snow.
../dataset/datasets/imb_cub_0.1/train/Cardinal/431.jpg	A bird perched on tree branches, with blurred background.
../dataset/datasets/imb_cub_0.1/train/Cardinal/432.jpg	The background is blurred, with soft, muted colors.
../dataset/datasets/imb_cub_0.1/train/Cardinal/433.jpg	The background is blurred, showing a blue sky and tree branches.
../dataset/datasets/imb_cub_0.1/train/Cardinal/436.jpg	Blurred, earthy tones.
../dataset/datasets/imb_cub_0.1/train/Cardinal/449.jpg	Snowy ground with scattered seeds.
../dataset/datasets/imb_cub_0.1/train/Cardinal/442.jpg	The background is blurred, with dark and light streaks.
../dataset/datasets/imb_cub_0.1/train/Spotted_Catbird/461.jpg	A bird perched on a branch with green foliage in the background.
../dataset/datasets/imb_cub_0.1/train/Spotted_Catbird/468.jpg	The background is dark and blurred, with hints of green foliage.
../dataset/datasets/imb_cub_0.1/train/Spotted_Catbird/474.jpg	The bird is perched on a tree stump with a blurred green background.
../dataset/datasets/imb_cub_0.1/train/Spotted_Catbird/477.jpg	The background is dark and blurred, suggesting an outdoor setting with some greenery.
../dataset/datasets/imb_cub_0.1/train/Spotted_Catbird/458.jpg	A bird perched on branch, surrounded by green foliage.
../dataset/datasets/imb_cub_0.1/train/Spotted_Catbird/463.jpg	A bird perched on tree branches with green leaves.
../dataset/datasets/imb_cub_0.1/train/Spotted_Catbird/459.jpg	The bird is perched on a branch with a blurred green and brown background.
../dataset/datasets/imb_cub_0.1/train/Spotted_Catbird/471.jpg	A bird perched on tree branches with green foliage and sky.
../dataset/datasets/imb_cub_0.1/train/Spotted_Catbird/465.jpg	The bird is set against a blurred green and brown background, suggesting foliage.
../dataset/datasets/imb_cub_0.1/train/Spotted_Catbird/456.jpg	Green foliage, blurred background.
../dataset/datasets/imb_cub_0.1/train/Spotted_Catbird/466.jpg	The background is blurred green foliage.
../dataset/datasets/imb_cub_0.1/train/Spotted_Catbird/476.jpg	Green foliage, blurred background.
../dataset/datasets/imb_cub_0.1/train/Spotted_Catbird/469.jpg	The background is a ground covered with leaves and dirt.
../dataset/datasets/imb_cub_0.1/train/Spotted_Catbird/460.jpg	The background is dark and blurred, with branches visible.
../dataset/datasets/imb_cub_0.1/train/Spotted_Catbird/475.jpg	A bird perched on tree branch, green foliage behind.
../dataset/datasets/imb_cub_0.1/train/Spotted_Catbird/462.jpg	The background is dark and blurred, suggesting an indoor setting with artificial lighting.
../dataset/datasets/imb_cub_0.1/train/Spotted_Catbird/478.jpg	The background is blurred, showing tree branches and foliage.
../dataset/datasets/imb_cub_0.1/train/Spotted_Catbird/455.jpg	The bird is on a dark surface with a blurred background.
../dataset/datasets/imb_cub_0.1/train/Spotted_Catbird/467.jpg	The background is blurred, dark green.
../dataset/datasets/imb_cub_0.1/train/Spotted_Catbird/473.jpg	A bird perched on a branch surrounded by green foliage.
../dataset/datasets/imb_cub_0.1/train/Spotted_Catbird/470.jpg	The background is blurred greenery.
../dataset/datasets/imb_cub_0.1/train/Spotted_Catbird/464.jpg	A bird perched on tree branches with green foliage.
../dataset/datasets/imb_cub_0.1/train/Spotted_Catbird/457.jpg	A bird perched on branch, surrounded by green foliage and tree trunks.
../dataset/datasets/imb_cub_0.1/train/Spotted_Catbird/472.jpg	The background features green foliage and a dark tree trunk.
../dataset/datasets/imb_cub_0.1/train/Gray_Catbird/480.jpg	Rocky, textured surface.
../dataset/datasets/imb_cub_0.1/train/Gray_Catbird/493.jpg	Green foliage, blurred background.
../dataset/datasets/imb_cub_0.1/train/Gray_Catbird/479.jpg	Green foliage, blurred background.
../dataset/datasets/imb_cub_0.1/train/Gray_Catbird/500.jpg	Green foliage, blurred background.
../dataset/datasets/imb_cub_0.1/train/Gray_Catbird/486.jpg	The background is blurred, neutral tones.
../dataset/datasets/imb_cub_0.1/train/Gray_Catbird/502.jpg	Green, blurred.
../dataset/datasets/imb_cub_0.1/train/Gray_Catbird/490.jpg	Green foliage.
../dataset/datasets/imb_cub_0.1/train/Gray_Catbird/492.jpg	Green, blurred foliage.
../dataset/datasets/imb_cub_0.1/train/Gray_Catbird/494.jpg	Green leaves and branches.
../dataset/datasets/imb_cub_0.1/train/Gray_Catbird/483.jpg	Green foliage.
../dataset/datasets/imb_cub_0.1/train/Gray_Catbird/499.jpg	Green, blurred background.
../dataset/datasets/imb_cub_0.1/train/Gray_Catbird/491.jpg	Brick wall, green foliage.
../dataset/datasets/imb_cub_0.1/train/Gray_Catbird/488.jpg	Blurred green foliage.
../dataset/datasets/imb_cub_0.1/train/Gray_Catbird/498.jpg	Green leaves.
../dataset/datasets/imb_cub_0.1/train/Gray_Catbird/481.jpg	Green leaves, blurred background.
../dataset/datasets/imb_cub_0.1/train/Gray_Catbird/489.jpg	The background is a plain, overcast sky.
../dataset/datasets/imb_cub_0.1/train/Gray_Catbird/497.jpg	The background is sandy with scattered leaves and greenery.
../dataset/datasets/imb_cub_0.1/train/Gray_Catbird/501.jpg	Green leaves blurred.
../dataset/datasets/imb_cub_0.1/train/Gray_Catbird/487.jpg	Green foliage.
../dataset/datasets/imb_cub_0.1/train/Gray_Catbird/495.jpg	Corn and gravel.
../dataset/datasets/imb_cub_0.1/train/Gray_Catbird/496.jpg	Green, blurred foliage.
../dataset/datasets/imb_cub_0.1/train/Gray_Catbird/482.jpg	The background is a blurred mix of green foliage and bare branches.
../dataset/datasets/imb_cub_0.1/train/Gray_Catbird/484.jpg	Green plants, concrete edge.
../dataset/datasets/imb_cub_0.1/train/Gray_Catbird/485.jpg	The background is a textured, earthy surface with small stones and patches of green moss.
../dataset/datasets/imb_cub_0.1/train/Yellow_breasted_Chat/523.jpg	A bird perched on a wire against a clear blue sky.
../dataset/datasets/imb_cub_0.1/train/Yellow_breasted_Chat/508.jpg	Dry grass and branches.
../dataset/datasets/imb_cub_0.1/train/Yellow_breasted_Chat/516.jpg	Green plants, brown ground.
../dataset/datasets/imb_cub_0.1/train/Yellow_breasted_Chat/521.jpg	Green leaves, blurred background.
../dataset/datasets/imb_cub_0.1/train/Yellow_breasted_Chat/512.jpg	Green trees, blurred background.
../dataset/datasets/imb_cub_0.1/train/Yellow_breasted_Chat/506.jpg	Leaves, grass, tree.
../dataset/datasets/imb_cub_0.1/train/Yellow_breasted_Chat/526.jpg	Green leaves and branches.
../dataset/datasets/imb_cub_0.1/train/Yellow_breasted_Chat/519.jpg	Clear blue sky.
../dataset/datasets/imb_cub_0.1/train/Yellow_breasted_Chat/511.jpg	Clear blue sky.
../dataset/datasets/imb_cub_0.1/train/Yellow_breasted_Chat/525.jpg	Water and branches.
../dataset/datasets/imb_cub_0.1/train/Yellow_breasted_Chat/504.jpg	Green, blurred foliage.
../dataset/datasets/imb_cub_0.1/train/Yellow_breasted_Chat/518.jpg	Green leaves, blurred background.
../dataset/datasets/imb_cub_0.1/train/Yellow_breasted_Chat/514.jpg	A bird perched on a branch against a blurred, natural backdrop.
../dataset/datasets/imb_cub_0.1/train/Yellow_breasted_Chat/513.jpg	Green, blurred foliage.
../dataset/datasets/imb_cub_0.1/train/Yellow_breasted_Chat/517.jpg	Green leaves, blurred background.
../dataset/datasets/imb_cub_0.1/train/Yellow_breasted_Chat/505.jpg	A bird perched on branch, green background.
../dataset/datasets/imb_cub_0.1/train/Yellow_breasted_Chat/509.jpg	A bird perched on branches with green foliage.
../dataset/datasets/imb_cub_0.1/train/Yellow_breasted_Chat/524.jpg	Green foliage.
../dataset/datasets/imb_cub_0.1/train/Yellow_breasted_Chat/522.jpg	Green foliage, blurred background.
../dataset/datasets/imb_cub_0.1/train/Yellow_breasted_Chat/510.jpg	A bird perched on branch, green foliage blurred behind.
../dataset/datasets/imb_cub_0.1/train/Yellow_breasted_Chat/507.jpg	A bird perched on a branch against a clear blue sky.
../dataset/datasets/imb_cub_0.1/train/Yellow_breasted_Chat/503.jpg	The background is dark and blurred, with branches.
../dataset/datasets/imb_cub_0.1/train/Yellow_breasted_Chat/515.jpg	A bird perched on tree branch with blurred green foliage.
../dataset/datasets/imb_cub_0.1/train/Yellow_breasted_Chat/520.jpg	Green and blurred.
../dataset/datasets/imb_cub_0.1/train/Eastern_Towhee/531.jpg	A bird perched on tree branch with green leaves and blue sky.
../dataset/datasets/imb_cub_0.1/train/Eastern_Towhee/540.jpg	A bird stands on snow-covered ground with pine needles and twigs scattered around.
../dataset/datasets/imb_cub_0.1/train/Eastern_Towhee/542.jpg	The background is blurred, with muted browns and greens.
../dataset/datasets/imb_cub_0.1/train/Eastern_Towhee/537.jpg	The background is blurred green foliage.
../dataset/datasets/imb_cub_0.1/train/Eastern_Towhee/549.jpg	The background is blurred green.
../dataset/datasets/imb_cub_0.1/train/Eastern_Towhee/528.jpg	Clear blue sky.
../dataset/datasets/imb_cub_0.1/train/Eastern_Towhee/543.jpg	The background is blurred green foliage.
../dataset/datasets/imb_cub_0.1/train/Eastern_Towhee/534.jpg	The background is blurred green.
../dataset/datasets/imb_cub_0.1/train/Eastern_Towhee/548.jpg	Grass and fallen leaves.
../dataset/datasets/imb_cub_0.1/train/Eastern_Towhee/538.jpg	The background is blurred green foliage.
../dataset/datasets/imb_cub_0.1/train/Eastern_Towhee/535.jpg	The background is a mix of green foliage and brown twigs.
../dataset/datasets/imb_cub_0.1/train/Eastern_Towhee/532.jpg	A bird perched on branch against clear blue sky.
../dataset/datasets/imb_cub_0.1/train/Eastern_Towhee/546.jpg	The background is green foliage.
../dataset/datasets/imb_cub_0.1/train/Eastern_Towhee/530.jpg	The background is a mix of dry grass and sparse greenery.
../dataset/datasets/imb_cub_0.1/train/Eastern_Towhee/541.jpg	Green, blurred background.
../dataset/datasets/imb_cub_0.1/train/Eastern_Towhee/536.jpg	A bird perched against a clear blue sky.
../dataset/datasets/imb_cub_0.1/train/Eastern_Towhee/539.jpg	Blurred green background.
../dataset/datasets/imb_cub_0.1/train/Eastern_Towhee/529.jpg	The background is a plain, light sky.
../dataset/datasets/imb_cub_0.1/train/Eastern_Towhee/547.jpg	The background is blurred with green and brown leaves.
../dataset/datasets/imb_cub_0.1/train/Eastern_Towhee/533.jpg	The background is blurred, with hints of greenery and light.
../dataset/datasets/imb_cub_0.1/train/Eastern_Towhee/545.jpg	The background is blurred, showing rocks and earth tones.
../dataset/datasets/imb_cub_0.1/train/Eastern_Towhee/544.jpg	The background is blurred, showing green and brown hues.
../dataset/datasets/imb_cub_0.1/train/Eastern_Towhee/527.jpg	A bird perched on bare branches against a blue sky.
../dataset/datasets/imb_cub_0.1/train/Chuck_will_Widow/557.jpg	The background consists of tree branches and leaves.
../dataset/datasets/imb_cub_0.1/train/Chuck_will_Widow/563.jpg	Green foliage.
../dataset/datasets/imb_cub_0.1/train/Chuck_will_Widow/567.jpg	The background is blurred green foliage.
../dataset/datasets/imb_cub_0.1/train/Chuck_will_Widow/570.jpg	The background features branches and leaves, suggesting a natural setting.
../dataset/datasets/imb_cub_0.1/train/Chuck_will_Widow/559.jpg	A bird is perched on a branch amidst green foliage and tree trunks.
../dataset/datasets/imb_cub_0.1/train/Chuck_will_Widow/562.jpg	The bird is on a bed of dried leaves and twigs.
../dataset/datasets/imb_cub_0.1/train/Chuck_will_Widow/571.jpg	The bird is on a mesh surface.
../dataset/datasets/imb_cub_0.1/train/Chuck_will_Widow/569.jpg	A bird perched on tree branch with green leaves.
../dataset/datasets/imb_cub_0.1/train/Chuck_will_Widow/556.jpg	Leaves and ground.
../dataset/datasets/imb_cub_0.1/train/Chuck_will_Widow/572.jpg	The background is blurred with green and brown tones.
../dataset/datasets/imb_cub_0.1/train/Chuck_will_Widow/554.jpg	The background is blurred green foliage.
../dataset/datasets/imb_cub_0.1/train/Chuck_will_Widow/550.jpg	A bird perched on branch, blurred greenery behind.
../dataset/datasets/imb_cub_0.1/train/Chuck_will_Widow/552.jpg	A bird is perched on tree branches with green leaves and brown bark.
../dataset/datasets/imb_cub_0.1/train/Chuck_will_Widow/564.jpg	A bird perched on branch against blue sky.
../dataset/datasets/imb_cub_0.1/train/Chuck_will_Widow/561.jpg	The bird is surrounded by leaves and twigs on the ground.
../dataset/datasets/imb_cub_0.1/train/Chuck_will_Widow/565.jpg	Green, blurred background.
../dataset/datasets/imb_cub_0.1/train/Chuck_will_Widow/566.jpg	The background consists of green leaves and brown branches.
../dataset/datasets/imb_cub_0.1/train/Chuck_will_Widow/568.jpg	The bird is perched on a branch with green foliage and a blurred background.
../dataset/datasets/imb_cub_0.1/train/Chuck_will_Widow/558.jpg	The bird is on a bed of dry leaves and twigs.
../dataset/datasets/imb_cub_0.1/train/Chuck_will_Widow/553.jpg	Grassy field with yellow tape.
../dataset/datasets/imb_cub_0.1/train/Chuck_will_Widow/551.jpg	The background is a mix of dry branches and green leaves.
../dataset/datasets/imb_cub_0.1/train/Chuck_will_Widow/560.jpg	Green foliage, blurred background.
../dataset/datasets/imb_cub_0.1/train/Chuck_will_Widow/555.jpg	The background is blurred green foliage.
../dataset/datasets/imb_cub_0.1/train/Brandt_Cormorant/587.jpg	Water and branches.
../dataset/datasets/imb_cub_0.1/train/Brandt_Cormorant/588.jpg	Water and rocks.
../dataset/datasets/imb_cub_0.1/train/Brandt_Cormorant/584.jpg	A bird perched on a post against a blurred water backdrop.
../dataset/datasets/imb_cub_0.1/train/Brandt_Cormorant/581.jpg	The background is blurred water.
../dataset/datasets/imb_cub_0.1/train/Brandt_Cormorant/592.jpg	A bird stands against rippling water.
../dataset/datasets/imb_cub_0.1/train/Brandt_Cormorant/585.jpg	A bird perched on rock, ocean and sky behind.
../dataset/datasets/imb_cub_0.1/train/Brandt_Cormorant/593.jpg	A bird stands on rocks.
../dataset/datasets/imb_cub_0.1/train/Brandt_Cormorant/594.jpg	A bird stands against a backdrop of water and rocks.
../dataset/datasets/imb_cub_0.1/train/Brandt_Cormorant/582.jpg	A bird against a plain white background.
../dataset/datasets/imb_cub_0.1/train/Brandt_Cormorant/595.jpg	Water.
../dataset/datasets/imb_cub_0.1/train/Brandt_Cormorant/576.jpg	Clear sky.
../dataset/datasets/imb_cub_0.1/train/Brandt_Cormorant/583.jpg	A bird stands against a blurred blue sky.
../dataset/datasets/imb_cub_0.1/train/Brandt_Cormorant/578.jpg	Rocky, blurred.
../dataset/datasets/imb_cub_0.1/train/Brandt_Cormorant/591.jpg	Clear blue sky.
../dataset/datasets/imb_cub_0.1/train/Brandt_Cormorant/580.jpg	A bird stands on wet sand near water.
../dataset/datasets/imb_cub_0.1/train/Brandt_Cormorant/575.jpg	Water.
../dataset/datasets/imb_cub_0.1/train/Brandt_Cormorant/574.jpg	A bird swims on calm water with ripples.
../dataset/datasets/imb_cub_0.1/train/Brandt_Cormorant/590.jpg	Rocky, light-colored background.
../dataset/datasets/imb_cub_0.1/train/Brandt_Cormorant/573.jpg	The background is plain and light-colored.
../dataset/datasets/imb_cub_0.1/train/Brandt_Cormorant/589.jpg	A bird swims on calm water with ripples.
../dataset/datasets/imb_cub_0.1/train/Brandt_Cormorant/577.jpg	Water.
../dataset/datasets/imb_cub_0.1/train/Brandt_Cormorant/586.jpg	The background is blurred, suggesting water or sky.
../dataset/datasets/imb_cub_0.1/train/Brandt_Cormorant/579.jpg	The background is sandy and light-colored.
../dataset/datasets/imb_cub_0.1/train/Red_faced_Cormorant/610.jpg	Water and rocks.
../dataset/datasets/imb_cub_0.1/train/Red_faced_Cormorant/596.jpg	Water.
../dataset/datasets/imb_cub_0.1/train/Red_faced_Cormorant/604.jpg	The bird is set against a plain, muted blue background.
../dataset/datasets/imb_cub_0.1/train/Red_faced_Cormorant/597.jpg	The background is blurred, suggesting a natural setting.
../dataset/datasets/imb_cub_0.1/train/Red_faced_Cormorant/601.jpg	Rocky, moss-covered cliffside.
../dataset/datasets/imb_cub_0.1/train/Red_faced_Cormorant/613.jpg	Rocky, water.
../dataset/datasets/imb_cub_0.1/train/Red_faced_Cormorant/603.jpg	A bird stands on a rocky perch against a light blue sky.
../dataset/datasets/imb_cub_0.1/train/Red_faced_Cormorant/614.jpg	Rocky, moss-covered cliff.
../dataset/datasets/imb_cub_0.1/train/Red_faced_Cormorant/602.jpg	A bird perched on a cliff, with a blue sky and water in the background.
../dataset/datasets/imb_cub_0.1/train/Red_faced_Cormorant/607.jpg	The bird is set against a clear blue sky.
../dataset/datasets/imb_cub_0.1/train/Red_faced_Cormorant/616.jpg	The background is blurred and light-colored.
../dataset/datasets/imb_cub_0.1/train/Red_faced_Cormorant/599.jpg	Rocky, moss-covered cliffside.
../dataset/datasets/imb_cub_0.1/train/Red_faced_Cormorant/612.jpg	A bird on a nest against a rock wall.
../dataset/datasets/imb_cub_0.1/train/Red_faced_Cormorant/611.jpg	A bird flying over calm blue water.
../dataset/datasets/imb_cub_0.1/train/Red_faced_Cormorant/609.jpg	Water.
../dataset/datasets/imb_cub_0.1/train/Red_faced_Cormorant/617.jpg	A bird is perched on a nest with a tree trunk and grassy ground behind it.
../dataset/datasets/imb_cub_0.1/train/Red_faced_Cormorant/608.jpg	Clear blue sky.
../dataset/datasets/imb_cub_0.1/train/Red_faced_Cormorant/598.jpg	The bird is perched on a rock against a cloudy sky.
../dataset/datasets/imb_cub_0.1/train/Red_faced_Cormorant/600.jpg	Rocky, textured surface.
../dataset/datasets/imb_cub_0.1/train/Red_faced_Cormorant/615.jpg	A bird perched on rock, blurred water behind.
../dataset/datasets/imb_cub_0.1/train/Red_faced_Cormorant/606.jpg	Rocky, blurred background.
../dataset/datasets/imb_cub_0.1/train/Red_faced_Cormorant/605.jpg	The bird is perched on a rocky surface with a blurred natural backdrop.
../dataset/datasets/imb_cub_0.1/train/Pelagic_Cormorant/620.jpg	A bird stands on rocky surface.
../dataset/datasets/imb_cub_0.1/train/Pelagic_Cormorant/626.jpg	Rusty metal, blurred grass.
../dataset/datasets/imb_cub_0.1/train/Pelagic_Cormorant/634.jpg	Water with ripples and reflections.
../dataset/datasets/imb_cub_0.1/train/Pelagic_Cormorant/622.jpg	A bird flying against a gray sky.
../dataset/datasets/imb_cub_0.1/train/Pelagic_Cormorant/621.jpg	A bird swims on rippling water.
../dataset/datasets/imb_cub_0.1/train/Pelagic_Cormorant/630.jpg	Rocky, grassy ground.
../dataset/datasets/imb_cub_0.1/train/Pelagic_Cormorant/628.jpg	Water with ripples.
../dataset/datasets/imb_cub_0.1/train/Pelagic_Cormorant/625.jpg	A bird perched on tree branches against a cloudy sky.
../dataset/datasets/imb_cub_0.1/train/Pelagic_Cormorant/637.jpg	Water.
../dataset/datasets/imb_cub_0.1/train/Pelagic_Cormorant/627.jpg	Rocky, wet surface.
../dataset/datasets/imb_cub_0.1/train/Pelagic_Cormorant/619.jpg	Water.
../dataset/datasets/imb_cub_0.1/train/Pelagic_Cormorant/629.jpg	Ocean waves, rocky shore.
../dataset/datasets/imb_cub_0.1/train/Pelagic_Cormorant/624.jpg	Rocky, textured surface.
../dataset/datasets/imb_cub_0.1/train/Pelagic_Cormorant/623.jpg	A bird flying over water.
../dataset/datasets/imb_cub_0.1/train/Pelagic_Cormorant/633.jpg	Water.
../dataset/datasets/imb_cub_0.1/train/Pelagic_Cormorant/618.jpg	Water.
../dataset/datasets/imb_cub_0.1/train/Pelagic_Cormorant/639.jpg	A bird stands on rock, blue water behind.
../dataset/datasets/imb_cub_0.1/train/Pelagic_Cormorant/632.jpg	The background is white.
../dataset/datasets/imb_cub_0.1/train/Pelagic_Cormorant/635.jpg	Water with ripples.
../dataset/datasets/imb_cub_0.1/train/Pelagic_Cormorant/631.jpg	Water with ripples.
../dataset/datasets/imb_cub_0.1/train/Pelagic_Cormorant/638.jpg	Rocky terrain with grass.
../dataset/datasets/imb_cub_0.1/train/Pelagic_Cormorant/636.jpg	A bird on rippling water.
../dataset/datasets/imb_cub_0.1/train/Bronzed_Cowbird/645.jpg	The background is blurred green foliage.
../dataset/datasets/imb_cub_0.1/train/Bronzed_Cowbird/661.jpg	The background is blurred, with muted greens and browns.
../dataset/datasets/imb_cub_0.1/train/Bronzed_Cowbird/659.jpg	The background consists of dirt and sparse vegetation.
../dataset/datasets/imb_cub_0.1/train/Bronzed_Cowbird/648.jpg	Green, blurred foliage.
../dataset/datasets/imb_cub_0.1/train/Bronzed_Cowbird/647.jpg	Grass and dirt.
../dataset/datasets/imb_cub_0.1/train/Bronzed_Cowbird/649.jpg	A bird stands on a concrete ledge with red flowers behind it.
../dataset/datasets/imb_cub_0.1/train/Bronzed_Cowbird/641.jpg	The background is blurred, with hints of green foliage and a neutral backdrop.
../dataset/datasets/imb_cub_0.1/train/Bronzed_Cowbird/642.jpg	Grass and dirt.
../dataset/datasets/imb_cub_0.1/train/Bronzed_Cowbird/654.jpg	The background is blurred greenery.
../dataset/datasets/imb_cub_0.1/train/Bronzed_Cowbird/646.jpg	Grassy field with scattered leaves.
../dataset/datasets/imb_cub_0.1/train/Bronzed_Cowbird/651.jpg	A bird on a wire against a clear sky.
../dataset/datasets/imb_cub_0.1/train/Bronzed_Cowbird/644.jpg	The bird is perched on a branch with green foliage and brown bark.
../dataset/datasets/imb_cub_0.1/train/Bronzed_Cowbird/643.jpg	The background is blurred green.
../dataset/datasets/imb_cub_0.1/train/Bronzed_Cowbird/655.jpg	The bird is on a dry, earthy ground with sparse vegetation.
../dataset/datasets/imb_cub_0.1/train/Bronzed_Cowbird/640.jpg	A bird on rocky ground.
../dataset/datasets/imb_cub_0.1/train/Bronzed_Cowbird/657.jpg	A bird perched on tree branches with green foliage.
../dataset/datasets/imb_cub_0.1/train/Bronzed_Cowbird/660.jpg	A bird on rocky ground.
../dataset/datasets/imb_cub_0.1/train/Bronzed_Cowbird/652.jpg	A bird perched on a feeder with a blurred background.
../dataset/datasets/imb_cub_0.1/train/Bronzed_Cowbird/650.jpg	A bird stands on rocks with blurred background.
../dataset/datasets/imb_cub_0.1/train/Bronzed_Cowbird/658.jpg	Clear blue sky.
../dataset/datasets/imb_cub_0.1/train/Bronzed_Cowbird/653.jpg	Blurred green and yellow.
../dataset/datasets/imb_cub_0.1/train/Bronzed_Cowbird/656.jpg	Blurred greenery.
../dataset/datasets/imb_cub_0.1/train/Shiny_Cowbird/673.jpg	The background is a mix of grass and pavement.
../dataset/datasets/imb_cub_0.1/train/Shiny_Cowbird/668.jpg	The background consists of dry branches and ground.
../dataset/datasets/imb_cub_0.1/train/Shiny_Cowbird/682.jpg	The background is blurred grass.
../dataset/datasets/imb_cub_0.1/train/Shiny_Cowbird/677.jpg	A bird perched against a clear blue sky.
../dataset/datasets/imb_cub_0.1/train/Shiny_Cowbird/674.jpg	A bird perched on a branch with green foliage and blurred background.
../dataset/datasets/imb_cub_0.1/train/Shiny_Cowbird/667.jpg	The background is blurred, with soft green and brown tones.
../dataset/datasets/imb_cub_0.1/train/Shiny_Cowbird/666.jpg	Blurred green foliage.
../dataset/datasets/imb_cub_0.1/train/Shiny_Cowbird/671.jpg	The background is sandy with scattered leaves and shadows.
../dataset/datasets/imb_cub_0.1/train/Shiny_Cowbird/662.jpg	Grass, plants, flowers.
../dataset/datasets/imb_cub_0.1/train/Shiny_Cowbird/679.jpg	Grass.
../dataset/datasets/imb_cub_0.1/train/Shiny_Cowbird/665.jpg	Green foliage, brown pole.
../dataset/datasets/imb_cub_0.1/train/Shiny_Cowbird/664.jpg	Green leaves and plants.
../dataset/datasets/imb_cub_0.1/train/Shiny_Cowbird/676.jpg	The background consists of dry grass and scattered leaves.
../dataset/datasets/imb_cub_0.1/train/Shiny_Cowbird/681.jpg	Bird on ground with leaves and grass.
../dataset/datasets/imb_cub_0.1/train/Shiny_Cowbird/669.jpg	The bird is against a clear blue sky.
../dataset/datasets/imb_cub_0.1/train/Shiny_Cowbird/672.jpg	A bird perched on wire against clear blue sky.
../dataset/datasets/imb_cub_0.1/train/Shiny_Cowbird/675.jpg	Dry grass and dirt.
../dataset/datasets/imb_cub_0.1/train/Shiny_Cowbird/683.jpg	Clear blue sky.
../dataset/datasets/imb_cub_0.1/train/Shiny_Cowbird/680.jpg	Clear blue sky.
../dataset/datasets/imb_cub_0.1/train/Shiny_Cowbird/678.jpg	Grassy field.
../dataset/datasets/imb_cub_0.1/train/Shiny_Cowbird/670.jpg	The background is blurred, showing a natural setting with earthy tones and some greenery.
../dataset/datasets/imb_cub_0.1/train/Shiny_Cowbird/663.jpg	The background is a mix of dry leaves and soil.
../dataset/datasets/imb_cub_0.1/train/Brown_Creeper/689.jpg	A bird on tree trunk, blurred background.
../dataset/datasets/imb_cub_0.1/train/Brown_Creeper/684.jpg	A bird perched on tree bark.
../dataset/datasets/imb_cub_0.1/train/Brown_Creeper/687.jpg	A bird on tree bark.
../dataset/datasets/imb_cub_0.1/train/Brown_Creeper/699.jpg	A bird perched on tree trunk, blurred background.
../dataset/datasets/imb_cub_0.1/train/Brown_Creeper/695.jpg	A bird perched on tree trunk, blurred background.
../dataset/datasets/imb_cub_0.1/train/Brown_Creeper/690.jpg	A bird perched on tree branch with blurred background.
../dataset/datasets/imb_cub_0.1/train/Brown_Creeper/697.jpg	A bird on tree bark.
../dataset/datasets/imb_cub_0.1/train/Brown_Creeper/691.jpg	A bird perched on tree trunk, blurred background.
../dataset/datasets/imb_cub_0.1/train/Brown_Creeper/696.jpg	A bird on tree bark.
../dataset/datasets/imb_cub_0.1/train/Brown_Creeper/694.jpg	Mossy tree, blurred background.
../dataset/datasets/imb_cub_0.1/train/Brown_Creeper/703.jpg	The background is blurred greenery.
../dataset/datasets/imb_cub_0.1/train/Brown_Creeper/685.jpg	A bird perched on tree trunk, blurred greenery behind.
../dataset/datasets/imb_cub_0.1/train/Brown_Creeper/704.jpg	A bird perched on tree trunk with blurred green foliage behind.
../dataset/datasets/imb_cub_0.1/train/Brown_Creeper/698.jpg	The background is blurred, showing a blue sky and tree branches.
../dataset/datasets/imb_cub_0.1/train/Brown_Creeper/686.jpg	Tree trunk, blue sky.
../dataset/datasets/imb_cub_0.1/train/Brown_Creeper/688.jpg	The background is blurred, showing tree bark and leaves.
../dataset/datasets/imb_cub_0.1/train/Brown_Creeper/700.jpg	Tree trunk, blurred background.
../dataset/datasets/imb_cub_0.1/train/Brown_Creeper/701.jpg	A bird on tree bark.
../dataset/datasets/imb_cub_0.1/train/Brown_Creeper/692.jpg	A bird perched on mossy tree trunk, blurred background.
../dataset/datasets/imb_cub_0.1/train/Brown_Creeper/693.jpg	A bird perched on tree trunk, blurred background.
../dataset/datasets/imb_cub_0.1/train/Brown_Creeper/702.jpg	Tree trunk and branches.
../dataset/datasets/imb_cub_0.1/train/American_Crow/705.jpg	Grass and twigs.
../dataset/datasets/imb_cub_0.1/train/American_Crow/720.jpg	Branches, sky.
../dataset/datasets/imb_cub_0.1/train/American_Crow/713.jpg	Grassy field with tall grass.
../dataset/datasets/imb_cub_0.1/train/American_Crow/725.jpg	Dry grass and reeds.
../dataset/datasets/imb_cub_0.1/train/American_Crow/717.jpg	The background is a dirt ground with small rocks scattered around.
../dataset/datasets/imb_cub_0.1/train/American_Crow/714.jpg	Clear blue sky.
../dataset/datasets/imb_cub_0.1/train/American_Crow/712.jpg	A bird stands on a seed feeder against a green backdrop.
../dataset/datasets/imb_cub_0.1/train/American_Crow/722.jpg	Snowy ground with sparse grass.
../dataset/datasets/imb_cub_0.1/train/American_Crow/719.jpg	A bird perched on a branch against a clear sky.
../dataset/datasets/imb_cub_0.1/train/American_Crow/710.jpg	The background is green foliage.
../dataset/datasets/imb_cub_0.1/train/American_Crow/708.jpg	The background is a plain, light sky.
../dataset/datasets/imb_cub_0.1/train/American_Crow/715.jpg	Grassy field with dry grass.
../dataset/datasets/imb_cub_0.1/train/American_Crow/724.jpg	The background is a blurred mix of earthy tones and scattered leaves.
../dataset/datasets/imb_cub_0.1/train/American_Crow/721.jpg	Green, blurred foliage.
../dataset/datasets/imb_cub_0.1/train/American_Crow/711.jpg	Snowy ground with grass patches.
../dataset/datasets/imb_cub_0.1/train/American_Crow/718.jpg	A bird stands on a feeder with fallen leaves and a fence in the background.
../dataset/datasets/imb_cub_0.1/train/American_Crow/706.jpg	A bird perched on blossoming branches against a blue sky.
../dataset/datasets/imb_cub_0.1/train/American_Crow/716.jpg	The background is blurred greenery.
../dataset/datasets/imb_cub_0.1/train/American_Crow/707.jpg	Grass, sunlight, shadow.
../dataset/datasets/imb_cub_0.1/train/American_Crow/723.jpg	Green grass, blurred background.
../dataset/datasets/imb_cub_0.1/train/American_Crow/709.jpg	Bird perched on post, background includes water and distant land.
../dataset/datasets/imb_cub_0.1/train/Fish_Crow/746.jpg	Clear blue sky.
../dataset/datasets/imb_cub_0.1/train/Fish_Crow/743.jpg	Dry grass, water.
../dataset/datasets/imb_cub_0.1/train/Fish_Crow/740.jpg	A bird stands on sandy ground near water, with blurred vegetation and sky in the background.
../dataset/datasets/imb_cub_0.1/train/Fish_Crow/744.jpg	Blurred, natural setting.
../dataset/datasets/imb_cub_0.1/train/Fish_Crow/731.jpg	A bird perched on wooden railing, blurred white structure behind.
../dataset/datasets/imb_cub_0.1/train/Fish_Crow/728.jpg	A bird perched on white surface, background includes railing and greenery.
../dataset/datasets/imb_cub_0.1/train/Fish_Crow/741.jpg	Grassy, earthy ground.
../dataset/datasets/imb_cub_0.1/train/Fish_Crow/732.jpg	Green foliage, blurred background.
../dataset/datasets/imb_cub_0.1/train/Fish_Crow/727.jpg	A bird against a pale sky.
../dataset/datasets/imb_cub_0.1/train/Fish_Crow/734.jpg	The background features green foliage and a bright sky.
../dataset/datasets/imb_cub_0.1/train/Fish_Crow/726.jpg	A bird perched on post, blurred grassy field and sky behind.
../dataset/datasets/imb_cub_0.1/train/Fish_Crow/739.jpg	Grassy field with some plants.
../dataset/datasets/imb_cub_0.1/train/Fish_Crow/736.jpg	A bird perched on tree branches with green leaves.
../dataset/datasets/imb_cub_0.1/train/Fish_Crow/737.jpg	A bird perched on wire against clear blue sky.
../dataset/datasets/imb_cub_0.1/train/Fish_Crow/733.jpg	A bird on a white surface with brick wall behind.
../dataset/datasets/imb_cub_0.1/train/Fish_Crow/735.jpg	Clear blue sky.
../dataset/datasets/imb_cub_0.1/train/Fish_Crow/745.jpg	The background is sandy and blurred.
../dataset/datasets/imb_cub_0.1/train/Fish_Crow/730.jpg	Grassy field with scattered leaves.
../dataset/datasets/imb_cub_0.1/train/Fish_Crow/729.jpg	A bird perched on dead branches against a blue sky.
../dataset/datasets/imb_cub_0.1/train/Fish_Crow/742.jpg	The background is a plain, light-colored sky with some faint branches.
../dataset/datasets/imb_cub_0.1/train/Fish_Crow/738.jpg	A bird perched on tree branch with blurred green foliage.
../dataset/datasets/imb_cub_0.1/train/Black_billed_Cuckoo/765.jpg	A bird perched on tree branch with blurred green leaves and sky.
../dataset/datasets/imb_cub_0.1/train/Black_billed_Cuckoo/747.jpg	A bird perched on tree branches with blurred greenery.
../dataset/datasets/imb_cub_0.1/train/Black_billed_Cuckoo/752.jpg	A bird is perched on a hand against a tree trunk with greenery in the background.
../dataset/datasets/imb_cub_0.1/train/Black_billed_Cuckoo/762.jpg	Green foliage, blurred background.
../dataset/datasets/imb_cub_0.1/train/Black_billed_Cuckoo/763.jpg	The background is blurred green.
../dataset/datasets/imb_cub_0.1/train/Black_billed_Cuckoo/767.jpg	A bird is perched on a hand against a white backdrop.
../dataset/datasets/imb_cub_0.1/train/Black_billed_Cuckoo/761.jpg	A bird perched on branches with green leaves.
../dataset/datasets/imb_cub_0.1/train/Black_billed_Cuckoo/748.jpg	A bird perched on green branches.
../dataset/datasets/imb_cub_0.1/train/Black_billed_Cuckoo/750.jpg	A bird perched on tree branches with green leaves and bark.
../dataset/datasets/imb_cub_0.1/train/Black_billed_Cuckoo/749.jpg	The background is green foliage.
../dataset/datasets/imb_cub_0.1/train/Black_billed_Cuckoo/760.jpg	Green foliage.
../dataset/datasets/imb_cub_0.1/train/Black_billed_Cuckoo/758.jpg	A bird perched on tree branches against a blue sky.
../dataset/datasets/imb_cub_0.1/train/Black_billed_Cuckoo/759.jpg	Green foliage.
../dataset/datasets/imb_cub_0.1/train/Black_billed_Cuckoo/756.jpg	A bird perched on a branch with green leaves and blue sky.
../dataset/datasets/imb_cub_0.1/train/Black_billed_Cuckoo/757.jpg	A bird perched on a branch with green leaves.
../dataset/datasets/imb_cub_0.1/train/Black_billed_Cuckoo/755.jpg	Green leaves, blurred background.
../dataset/datasets/imb_cub_0.1/train/Black_billed_Cuckoo/754.jpg	Green foliage, blurred background.
../dataset/datasets/imb_cub_0.1/train/Black_billed_Cuckoo/766.jpg	A bird perched on tree branches with green foliage.
../dataset/datasets/imb_cub_0.1/train/Black_billed_Cuckoo/751.jpg	The background is blurred greenery.
../dataset/datasets/imb_cub_0.1/train/Black_billed_Cuckoo/764.jpg	Green foliage, white flowers.
../dataset/datasets/imb_cub_0.1/train/Black_billed_Cuckoo/753.jpg	Clear blue sky, bare branches.
../dataset/datasets/imb_cub_0.1/train/Mangrove_Cuckoo/771.jpg	The background is blurred green foliage.
../dataset/datasets/imb_cub_0.1/train/Mangrove_Cuckoo/768.jpg	A bird perched on a branch with green leaves and blue sky.
../dataset/datasets/imb_cub_0.1/train/Mangrove_Cuckoo/770.jpg	A bird perched on a tree branch with green leaves and blue sky.
../dataset/datasets/imb_cub_0.1/train/Mangrove_Cuckoo/782.jpg	A bird perched on tree branches with green leaves.
../dataset/datasets/imb_cub_0.1/train/Mangrove_Cuckoo/776.jpg	Green leaves, white sky.
../dataset/datasets/imb_cub_0.1/train/Mangrove_Cuckoo/781.jpg	A bird perched on tree branches with green leaves and pink flowers.
../dataset/datasets/imb_cub_0.1/train/Mangrove_Cuckoo/773.jpg	A bird perched on branch, surrounded by green foliage and sunlight.
../dataset/datasets/imb_cub_0.1/train/Mangrove_Cuckoo/786.jpg	A bird perched on tree branches with blurred greenery and sky.
../dataset/datasets/imb_cub_0.1/train/Mangrove_Cuckoo/787.jpg	The background is a blurred mix of green foliage and blue sky.
../dataset/datasets/imb_cub_0.1/train/Mangrove_Cuckoo/777.jpg	A bird perched on branch against blue sky.
../dataset/datasets/imb_cub_0.1/train/Mangrove_Cuckoo/785.jpg	A bird is perched on a tree branch surrounded by green leaves and branches.
../dataset/datasets/imb_cub_0.1/train/Mangrove_Cuckoo/778.jpg	A bird perched on a branch against a blue sky.
../dataset/datasets/imb_cub_0.1/train/Mangrove_Cuckoo/780.jpg	The background is green foliage.
../dataset/datasets/imb_cub_0.1/train/Mangrove_Cuckoo/783.jpg	A bird perched on tree branches with green leaves.
../dataset/datasets/imb_cub_0.1/train/Mangrove_Cuckoo/774.jpg	Tree branches and sky.
../dataset/datasets/imb_cub_0.1/train/Mangrove_Cuckoo/772.jpg	A bird perched on branches with leaves and blue sky.
../dataset/datasets/imb_cub_0.1/train/Mangrove_Cuckoo/779.jpg	A bird perched on green branches against a blue sky.
../dataset/datasets/imb_cub_0.1/train/Mangrove_Cuckoo/784.jpg	A bird perched on tree branches with green leaves.
../dataset/datasets/imb_cub_0.1/train/Mangrove_Cuckoo/775.jpg	Green foliage, blue sky.
../dataset/datasets/imb_cub_0.1/train/Mangrove_Cuckoo/769.jpg	A bird perched on a branch with green leaves and blurred background.
../dataset/datasets/imb_cub_0.1/train/Yellow_billed_Cuckoo/805.jpg	Green leaves, blurred background.
../dataset/datasets/imb_cub_0.1/train/Yellow_billed_Cuckoo/794.jpg	Green foliage.
../dataset/datasets/imb_cub_0.1/train/Yellow_billed_Cuckoo/802.jpg	Green foliage, blurred background.
../dataset/datasets/imb_cub_0.1/train/Yellow_billed_Cuckoo/806.jpg	The background is blurred with green foliage and light.
../dataset/datasets/imb_cub_0.1/train/Yellow_billed_Cuckoo/800.jpg	A bird perched on tree branches with green leaves.
../dataset/datasets/imb_cub_0.1/train/Yellow_billed_Cuckoo/804.jpg	The background is green and blurred, suggesting foliage.
../dataset/datasets/imb_cub_0.1/train/Yellow_billed_Cuckoo/798.jpg	A bird perched on a tree branch with green leaves.
../dataset/datasets/imb_cub_0.1/train/Yellow_billed_Cuckoo/803.jpg	A bird perched on a branch against a blue sky.
../dataset/datasets/imb_cub_0.1/train/Yellow_billed_Cuckoo/807.jpg	A bird perched on green branches.
../dataset/datasets/imb_cub_0.1/train/Yellow_billed_Cuckoo/789.jpg	A bird perched on a branch with green leaves and blurred background.
../dataset/datasets/imb_cub_0.1/train/Yellow_billed_Cuckoo/801.jpg	A bird perched on tree branches with green leaves.
../dataset/datasets/imb_cub_0.1/train/Yellow_billed_Cuckoo/792.jpg	Green grassy field.
../dataset/datasets/imb_cub_0.1/train/Yellow_billed_Cuckoo/788.jpg	A bird perched on tree branches with autumn leaves.
../dataset/datasets/imb_cub_0.1/train/Yellow_billed_Cuckoo/797.jpg	A bird perched on branches with green buds.
../dataset/datasets/imb_cub_0.1/train/Yellow_billed_Cuckoo/791.jpg	A bird perched on tree branch with green foliage and blurred background.
../dataset/datasets/imb_cub_0.1/train/Yellow_billed_Cuckoo/790.jpg	A bird perched on a branch against a blue sky with green foliage.
../dataset/datasets/imb_cub_0.1/train/Yellow_billed_Cuckoo/796.jpg	A bird perched on tree branches with green leaves.
../dataset/datasets/imb_cub_0.1/train/Yellow_billed_Cuckoo/795.jpg	A bird stands against a blurred brick wall.
../dataset/datasets/imb_cub_0.1/train/Yellow_billed_Cuckoo/793.jpg	A bird perched on tree branch with green foliage and blue sky.
../dataset/datasets/imb_cub_0.1/train/Yellow_billed_Cuckoo/799.jpg	A bird perched on green leaves.
../dataset/datasets/imb_cub_0.1/train/Gray_crowned_Rosy_Finch/827.jpg	Snowy, blurred fence.
../dataset/datasets/imb_cub_0.1/train/Gray_crowned_Rosy_Finch/817.jpg	The background is blurred, with soft, warm tones and indistinct shapes.
../dataset/datasets/imb_cub_0.1/train/Gray_crowned_Rosy_Finch/815.jpg	A bird perched on chain against blurred background.
../dataset/datasets/imb_cub_0.1/train/Gray_crowned_Rosy_Finch/811.jpg	The background is blurred, showing earthy tones and possibly vegetation.
../dataset/datasets/imb_cub_0.1/train/Gray_crowned_Rosy_Finch/825.jpg	A bird perched on a dark surface.
../dataset/datasets/imb_cub_0.1/train/Gray_crowned_Rosy_Finch/822.jpg	A bird perched on a branch with blurred background.
../dataset/datasets/imb_cub_0.1/train/Gray_crowned_Rosy_Finch/810.jpg	Snowy, blurred trees.
../dataset/datasets/imb_cub_0.1/train/Gray_crowned_Rosy_Finch/820.jpg	The background is white and blurred.
../dataset/datasets/imb_cub_0.1/train/Gray_crowned_Rosy_Finch/818.jpg	A bird perched on icy pine branches.
../dataset/datasets/imb_cub_0.1/train/Gray_crowned_Rosy_Finch/816.jpg	A bird perched on a mossy stone with blurred trees and sky behind.
../dataset/datasets/imb_cub_0.1/train/Gray_crowned_Rosy_Finch/819.jpg	The background is blurred, suggesting an outdoor setting with soft, muted colors.
../dataset/datasets/imb_cub_0.1/train/Gray_crowned_Rosy_Finch/821.jpg	The background consists of dried leaves and wood.
../dataset/datasets/imb_cub_0.1/train/Gray_crowned_Rosy_Finch/813.jpg	The background is blurred, with muted earth tones and dry grass.
../dataset/datasets/imb_cub_0.1/train/Gray_crowned_Rosy_Finch/814.jpg	Rocky, mossy surface.
../dataset/datasets/imb_cub_0.1/train/Gray_crowned_Rosy_Finch/826.jpg	A bird on a lichen-covered rock.
../dataset/datasets/imb_cub_0.1/train/Gray_crowned_Rosy_Finch/808.jpg	Dry grass and rocks.
../dataset/datasets/imb_cub_0.1/train/Gray_crowned_Rosy_Finch/824.jpg	Background: snowy ground with pine cones.
../dataset/datasets/imb_cub_0.1/train/Gray_crowned_Rosy_Finch/823.jpg	The background is blurred and light-colored.
../dataset/datasets/imb_cub_0.1/train/Gray_crowned_Rosy_Finch/809.jpg	The background is blurred, suggesting an outdoor setting with soft focus.
../dataset/datasets/imb_cub_0.1/train/Gray_crowned_Rosy_Finch/812.jpg	A bird perched on pine branch, blurred background.
../dataset/datasets/imb_cub_0.1/train/Purple_Finch/841.jpg	A bird stands on wet ground with a wooden structure and green wall behind it.
../dataset/datasets/imb_cub_0.1/train/Purple_Finch/828.jpg	Green leaves, blurred background.
../dataset/datasets/imb_cub_0.1/train/Purple_Finch/847.jpg	Green and blurred.
../dataset/datasets/imb_cub_0.1/train/Purple_Finch/838.jpg	The background is blurred, suggesting a natural outdoor setting.
../dataset/datasets/imb_cub_0.1/train/Purple_Finch/836.jpg	The background is a ground covered with scattered seeds and pebbles.
../dataset/datasets/imb_cub_0.1/train/Purple_Finch/832.jpg	Blurred green and brown.
../dataset/datasets/imb_cub_0.1/train/Purple_Finch/844.jpg	The background is blurred, showing a soft, neutral tone.
../dataset/datasets/imb_cub_0.1/train/Purple_Finch/835.jpg	Green, blurred background.
../dataset/datasets/imb_cub_0.1/train/Purple_Finch/846.jpg	The background is blurred, showing a feeder and tree branches.
../dataset/datasets/imb_cub_0.1/train/Purple_Finch/837.jpg	The background is plain and light-colored.
../dataset/datasets/imb_cub_0.1/train/Purple_Finch/829.jpg	A bird perched on branch, green foliage blurred behind.
../dataset/datasets/imb_cub_0.1/train/Purple_Finch/840.jpg	The background is blurred, with indistinct colors suggesting foliage or trees.
../dataset/datasets/imb_cub_0.1/train/Purple_Finch/843.jpg	Clear blue sky.
../dataset/datasets/imb_cub_0.1/train/Purple_Finch/839.jpg	Clear blue sky, bare branches.
../dataset/datasets/imb_cub_0.1/train/Purple_Finch/833.jpg	Branches, blurred green.
../dataset/datasets/imb_cub_0.1/train/Purple_Finch/834.jpg	The background is blurred, likely green and gray.
../dataset/datasets/imb_cub_0.1/train/Purple_Finch/845.jpg	Green, blurred background.
../dataset/datasets/imb_cub_0.1/train/Purple_Finch/830.jpg	A bird perched on branch, tree trunk behind.
../dataset/datasets/imb_cub_0.1/train/Purple_Finch/831.jpg	A bird perched on branch, blue sky blurred behind.
../dataset/datasets/imb_cub_0.1/train/Purple_Finch/842.jpg	Snowy, blurred background.
../dataset/datasets/imb_cub_0.1/train/Northern_Flicker/858.jpg	Grass.
../dataset/datasets/imb_cub_0.1/train/Northern_Flicker/865.jpg	Green, blurred, foliage.
../dataset/datasets/imb_cub_0.1/train/Northern_Flicker/859.jpg	Grass and dried plants.
../dataset/datasets/imb_cub_0.1/train/Northern_Flicker/852.jpg	Blurred greenery.
../dataset/datasets/imb_cub_0.1/train/Northern_Flicker/860.jpg	A bird perched on tree branch with green foliage.
../dataset/datasets/imb_cub_0.1/train/Northern_Flicker/848.jpg	A bird perched on branch, blue sky and blurred foliage behind.
../dataset/datasets/imb_cub_0.1/train/Northern_Flicker/853.jpg	A bird perched on wooden fence with blurred greenery behind.
../dataset/datasets/imb_cub_0.1/train/Northern_Flicker/850.jpg	A bird perched on a branch with bare branches and a pale sky in the background.
../dataset/datasets/imb_cub_0.1/train/Northern_Flicker/861.jpg	Tree trunk, blurred branches.
../dataset/datasets/imb_cub_0.1/train/Northern_Flicker/855.jpg	Rocky, snowy stream bed.
../dataset/datasets/imb_cub_0.1/train/Northern_Flicker/866.jpg	Grass and leaves.
../dataset/datasets/imb_cub_0.1/train/Northern_Flicker/856.jpg	Green, blurred background.
../dataset/datasets/imb_cub_0.1/train/Northern_Flicker/849.jpg	A bird perched on branch, blue sky and bare branches behind.
../dataset/datasets/imb_cub_0.1/train/Northern_Flicker/851.jpg	A bird perched on branch against blue sky.
../dataset/datasets/imb_cub_0.1/train/Northern_Flicker/862.jpg	A bird perched on tree trunk, blurred background.
../dataset/datasets/imb_cub_0.1/train/Northern_Flicker/854.jpg	A bird perched on branch against clear sky.
../dataset/datasets/imb_cub_0.1/train/Northern_Flicker/857.jpg	The bird is against a white background.
../dataset/datasets/imb_cub_0.1/train/Northern_Flicker/863.jpg	Grass and dirt.
../dataset/datasets/imb_cub_0.1/train/Northern_Flicker/864.jpg	Dry, brown grass and wood.
../dataset/datasets/imb_cub_0.1/train/Acadian_Flycatcher/870.jpg	Green foliage.
../dataset/datasets/imb_cub_0.1/train/Acadian_Flycatcher/867.jpg	Dark, leafy.
../dataset/datasets/imb_cub_0.1/train/Acadian_Flycatcher/871.jpg	A bird perched on a branch with green leaves.
../dataset/datasets/imb_cub_0.1/train/Acadian_Flycatcher/884.jpg	Green, blurred, natural setting.
../dataset/datasets/imb_cub_0.1/train/Acadian_Flycatcher/869.jpg	The background is blurred green foliage.
../dataset/datasets/imb_cub_0.1/train/Acadian_Flycatcher/878.jpg	A bird perched on branch, green background.
../dataset/datasets/imb_cub_0.1/train/Acadian_Flycatcher/881.jpg	Green leaves, blurred background.
../dataset/datasets/imb_cub_0.1/train/Acadian_Flycatcher/872.jpg	Green, blurred foliage.
../dataset/datasets/imb_cub_0.1/train/Acadian_Flycatcher/882.jpg	The background is a blurred natural setting with branches and leaves, suggesting a forest or woodland environment.
../dataset/datasets/imb_cub_0.1/train/Acadian_Flycatcher/879.jpg	A bird perched on a branch with green foliage in the background.
../dataset/datasets/imb_cub_0.1/train/Acadian_Flycatcher/876.jpg	Green, blurred foliage.
../dataset/datasets/imb_cub_0.1/train/Acadian_Flycatcher/875.jpg	Green leaves and branches.
../dataset/datasets/imb_cub_0.1/train/Acadian_Flycatcher/873.jpg	Green leaves, blurred background.
../dataset/datasets/imb_cub_0.1/train/Acadian_Flycatcher/883.jpg	The background is blurred greenery.
../dataset/datasets/imb_cub_0.1/train/Acadian_Flycatcher/874.jpg	Green foliage.
../dataset/datasets/imb_cub_0.1/train/Acadian_Flycatcher/868.jpg	Green, blurred foliage.
../dataset/datasets/imb_cub_0.1/train/Acadian_Flycatcher/880.jpg	A bird on blue fabric.
../dataset/datasets/imb_cub_0.1/train/Acadian_Flycatcher/885.jpg	The background is a clear, light blue sky.
../dataset/datasets/imb_cub_0.1/train/Acadian_Flycatcher/877.jpg	Green foliage, blurred background.
../dataset/datasets/imb_cub_0.1/train/Great_Crested_Flycatcher/898.jpg	A bird perched on a branch against a blurred sky.
../dataset/datasets/imb_cub_0.1/train/Great_Crested_Flycatcher/894.jpg	Blurred green foliage.
../dataset/datasets/imb_cub_0.1/train/Great_Crested_Flycatcher/897.jpg	Green foliage, branches.
../dataset/datasets/imb_cub_0.1/train/Great_Crested_Flycatcher/900.jpg	A bird perched on branch with green foliage and blue sky.
../dataset/datasets/imb_cub_0.1/train/Great_Crested_Flycatcher/891.jpg	Green foliage, ground.
../dataset/datasets/imb_cub_0.1/train/Great_Crested_Flycatcher/902.jpg	A bird perched on branch, green foliage and blue sky.
../dataset/datasets/imb_cub_0.1/train/Great_Crested_Flycatcher/886.jpg	Green foliage.
../dataset/datasets/imb_cub_0.1/train/Great_Crested_Flycatcher/896.jpg	Green foliage, blurred background.
../dataset/datasets/imb_cub_0.1/train/Great_Crested_Flycatcher/904.jpg	Green, blurred foliage.
../dataset/datasets/imb_cub_0.1/train/Great_Crested_Flycatcher/889.jpg	Clear blue sky.
../dataset/datasets/imb_cub_0.1/train/Great_Crested_Flycatcher/888.jpg	Green foliage.
../dataset/datasets/imb_cub_0.1/train/Great_Crested_Flycatcher/895.jpg	Blurred green and brown.
../dataset/datasets/imb_cub_0.1/train/Great_Crested_Flycatcher/892.jpg	Clear blue sky.
../dataset/datasets/imb_cub_0.1/train/Great_Crested_Flycatcher/901.jpg	Green foliage.
../dataset/datasets/imb_cub_0.1/train/Great_Crested_Flycatcher/887.jpg	Tree branches, blue sky.
../dataset/datasets/imb_cub_0.1/train/Great_Crested_Flycatcher/890.jpg	Green, blurred foliage.
../dataset/datasets/imb_cub_0.1/train/Great_Crested_Flycatcher/903.jpg	Blurred greenery and brown ground.
../dataset/datasets/imb_cub_0.1/train/Great_Crested_Flycatcher/893.jpg	The background is a plain, light sky.
../dataset/datasets/imb_cub_0.1/train/Great_Crested_Flycatcher/899.jpg	The background is a blurred mix of green foliage and sky.
../dataset/datasets/imb_cub_0.1/train/Least_Flycatcher/919.jpg	Green foliage, branches.
../dataset/datasets/imb_cub_0.1/train/Least_Flycatcher/911.jpg	The background is blurred green foliage.
../dataset/datasets/imb_cub_0.1/train/Least_Flycatcher/922.jpg	Green foliage, blurred background.
../dataset/datasets/imb_cub_0.1/train/Least_Flycatcher/916.jpg	Blurred greenery.
../dataset/datasets/imb_cub_0.1/train/Least_Flycatcher/918.jpg	Green, blurred foliage.
../dataset/datasets/imb_cub_0.1/train/Least_Flycatcher/917.jpg	Green grass and wooden post.
../dataset/datasets/imb_cub_0.1/train/Least_Flycatcher/905.jpg	Green leaves and branches.
../dataset/datasets/imb_cub_0.1/train/Least_Flycatcher/915.jpg	The background is blurred, likely green and brown.
../dataset/datasets/imb_cub_0.1/train/Least_Flycatcher/908.jpg	Green, blurred foliage.
../dataset/datasets/imb_cub_0.1/train/Least_Flycatcher/923.jpg	Green leaves and branches.
../dataset/datasets/imb_cub_0.1/train/Least_Flycatcher/920.jpg	The background is blurred and light-colored.
../dataset/datasets/imb_cub_0.1/train/Least_Flycatcher/912.jpg	The background is blurred, with muted browns and grays.
../dataset/datasets/imb_cub_0.1/train/Least_Flycatcher/914.jpg	A bird perched on hand, blue and orange blurred background.
../dataset/datasets/imb_cub_0.1/train/Least_Flycatcher/921.jpg	Green, blurred foliage.
../dataset/datasets/imb_cub_0.1/train/Least_Flycatcher/906.jpg	Green foliage, tree trunk.
../dataset/datasets/imb_cub_0.1/train/Least_Flycatcher/907.jpg	Green, blurred background.
../dataset/datasets/imb_cub_0.1/train/Least_Flycatcher/913.jpg	Green leaves, blue sky.
../dataset/datasets/imb_cub_0.1/train/Least_Flycatcher/910.jpg	The background is blurred green.
../dataset/datasets/imb_cub_0.1/train/Least_Flycatcher/909.jpg	Green foliage, branches.
../dataset/datasets/imb_cub_0.1/train/Olive_sided_Flycatcher/926.jpg	Green foliage.
../dataset/datasets/imb_cub_0.1/train/Olive_sided_Flycatcher/933.jpg	Green, blurred vegetation.
../dataset/datasets/imb_cub_0.1/train/Olive_sided_Flycatcher/936.jpg	A bird perched on a branch against a clear sky.
../dataset/datasets/imb_cub_0.1/train/Olive_sided_Flycatcher/928.jpg	Blurred green background.
../dataset/datasets/imb_cub_0.1/train/Olive_sided_Flycatcher/941.jpg	A bird perched against a clear blue sky.
../dataset/datasets/imb_cub_0.1/train/Olive_sided_Flycatcher/931.jpg	Forest setting with trees and ground cover.
../dataset/datasets/imb_cub_0.1/train/Olive_sided_Flycatcher/942.jpg	A bird perched on wire against clear sky.
../dataset/datasets/imb_cub_0.1/train/Olive_sided_Flycatcher/938.jpg	A bird perched on a tree branch with green foliage in the background.
../dataset/datasets/imb_cub_0.1/train/Olive_sided_Flycatcher/924.jpg	A bird perched on a white fence with blurred greenery and dark sky behind.
../dataset/datasets/imb_cub_0.1/train/Olive_sided_Flycatcher/935.jpg	Clear blue sky.
../dataset/datasets/imb_cub_0.1/train/Olive_sided_Flycatcher/927.jpg	Clear blue sky.
../dataset/datasets/imb_cub_0.1/train/Olive_sided_Flycatcher/937.jpg	Clear blue sky.
../dataset/datasets/imb_cub_0.1/train/Olive_sided_Flycatcher/925.jpg	The background is blurred green foliage.
../dataset/datasets/imb_cub_0.1/train/Olive_sided_Flycatcher/929.jpg	Clear blue sky.
../dataset/datasets/imb_cub_0.1/train/Olive_sided_Flycatcher/940.jpg	The background is a plain, light sky.
../dataset/datasets/imb_cub_0.1/train/Olive_sided_Flycatcher/932.jpg	Clear blue sky.
../dataset/datasets/imb_cub_0.1/train/Olive_sided_Flycatcher/939.jpg	A bird perched on a branch against a pale sky.
../dataset/datasets/imb_cub_0.1/train/Olive_sided_Flycatcher/934.jpg	The background is plain white.
../dataset/datasets/imb_cub_0.1/train/Olive_sided_Flycatcher/930.jpg	Clear blue sky.
../dataset/datasets/imb_cub_0.1/train/Scissor_tailed_Flycatcher/945.jpg	The background is blurred, brownish.
../dataset/datasets/imb_cub_0.1/train/Scissor_tailed_Flycatcher/946.jpg	Green, blurred background.
../dataset/datasets/imb_cub_0.1/train/Scissor_tailed_Flycatcher/947.jpg	Green foliage, blurred background.
../dataset/datasets/imb_cub_0.1/train/Scissor_tailed_Flycatcher/959.jpg	Green grass, blurred background.
../dataset/datasets/imb_cub_0.1/train/Scissor_tailed_Flycatcher/952.jpg	The background is blurred, showing a soft, muted grayish tone.
../dataset/datasets/imb_cub_0.1/train/Scissor_tailed_Flycatcher/948.jpg	A bird perched on branches against a netted backdrop.
../dataset/datasets/imb_cub_0.1/train/Scissor_tailed_Flycatcher/950.jpg	Dry, brown vegetation.
../dataset/datasets/imb_cub_0.1/train/Scissor_tailed_Flycatcher/949.jpg	Clear blue sky.
../dataset/datasets/imb_cub_0.1/train/Scissor_tailed_Flycatcher/953.jpg	Green, blurred grass and foliage.
../dataset/datasets/imb_cub_0.1/train/Scissor_tailed_Flycatcher/944.jpg	Green grass.
../dataset/datasets/imb_cub_0.1/train/Scissor_tailed_Flycatcher/957.jpg	Blurred, earthy tones.
../dataset/datasets/imb_cub_0.1/train/Scissor_tailed_Flycatcher/943.jpg	Clear blue sky, dry grass.
../dataset/datasets/imb_cub_0.1/train/Scissor_tailed_Flycatcher/960.jpg	Clear blue sky.
../dataset/datasets/imb_cub_0.1/train/Scissor_tailed_Flycatcher/951.jpg	The background is a blurred blue sky.
../dataset/datasets/imb_cub_0.1/train/Scissor_tailed_Flycatcher/954.jpg	Clear blue sky.
../dataset/datasets/imb_cub_0.1/train/Scissor_tailed_Flycatcher/956.jpg	Green trees, blue sky, barbed wire.
../dataset/datasets/imb_cub_0.1/train/Scissor_tailed_Flycatcher/955.jpg	Clear blue sky, bare trees.
../dataset/datasets/imb_cub_0.1/train/Scissor_tailed_Flycatcher/958.jpg	Green grass, wildflowers.
../dataset/datasets/imb_cub_0.1/train/Vermilion_Flycatcher/962.jpg	Blurred, natural setting.
../dataset/datasets/imb_cub_0.1/train/Vermilion_Flycatcher/975.jpg	The background is plain white.
../dataset/datasets/imb_cub_0.1/train/Vermilion_Flycatcher/978.jpg	Green leaves, blurred background.
../dataset/datasets/imb_cub_0.1/train/Vermilion_Flycatcher/972.jpg	Green, blurred background.
../dataset/datasets/imb_cub_0.1/train/Vermilion_Flycatcher/970.jpg	Blurred green foliage.
../dataset/datasets/imb_cub_0.1/train/Vermilion_Flycatcher/968.jpg	Blurred green and brown.
../dataset/datasets/imb_cub_0.1/train/Vermilion_Flycatcher/961.jpg	The background is blurred, with muted earth tones.
../dataset/datasets/imb_cub_0.1/train/Vermilion_Flycatcher/971.jpg	The background is blurred, suggesting a natural outdoor setting.
../dataset/datasets/imb_cub_0.1/train/Vermilion_Flycatcher/973.jpg	The background is blurred, suggesting a natural outdoor setting.
../dataset/datasets/imb_cub_0.1/train/Vermilion_Flycatcher/969.jpg	Clear blue sky.
../dataset/datasets/imb_cub_0.1/train/Vermilion_Flycatcher/965.jpg	The background is blurred, likely a soft, neutral color.
../dataset/datasets/imb_cub_0.1/train/Vermilion_Flycatcher/963.jpg	Blurred, soft focus.
../dataset/datasets/imb_cub_0.1/train/Vermilion_Flycatcher/966.jpg	The background is blurred water.
../dataset/datasets/imb_cub_0.1/train/Vermilion_Flycatcher/974.jpg	Grassy field.
../dataset/datasets/imb_cub_0.1/train/Vermilion_Flycatcher/976.jpg	The background is a plain, muted gray sky with bare branches.
../dataset/datasets/imb_cub_0.1/train/Vermilion_Flycatcher/967.jpg	The background is blurred, with muted greens and browns.
../dataset/datasets/imb_cub_0.1/train/Vermilion_Flycatcher/964.jpg	The background is blurred, with soft colors and branches.
../dataset/datasets/imb_cub_0.1/train/Vermilion_Flycatcher/977.jpg	The background is blurred, brownish.
../dataset/datasets/imb_cub_0.1/train/Yellow_bellied_Flycatcher/983.jpg	The background is green foliage.
../dataset/datasets/imb_cub_0.1/train/Yellow_bellied_Flycatcher/985.jpg	The background is blurred green foliage.
../dataset/datasets/imb_cub_0.1/train/Yellow_bellied_Flycatcher/993.jpg	The background is green foliage.
../dataset/datasets/imb_cub_0.1/train/Yellow_bellied_Flycatcher/979.jpg	Green, blurred background.
../dataset/datasets/imb_cub_0.1/train/Yellow_bellied_Flycatcher/995.jpg	Green, blurred foliage.
../dataset/datasets/imb_cub_0.1/train/Yellow_bellied_Flycatcher/994.jpg	The background is green foliage.
../dataset/datasets/imb_cub_0.1/train/Yellow_bellied_Flycatcher/982.jpg	A bird perched on a branch against a clear sky.
../dataset/datasets/imb_cub_0.1/train/Yellow_bellied_Flycatcher/980.jpg	Green, blurred foliage.
../dataset/datasets/imb_cub_0.1/train/Yellow_bellied_Flycatcher/981.jpg	The background is green foliage.
../dataset/datasets/imb_cub_0.1/train/Yellow_bellied_Flycatcher/986.jpg	Green foliage, blurred background.
../dataset/datasets/imb_cub_0.1/train/Yellow_bellied_Flycatcher/988.jpg	The background is blurred green foliage and branches.
../dataset/datasets/imb_cub_0.1/train/Yellow_bellied_Flycatcher/984.jpg	Shingles and roof.
../dataset/datasets/imb_cub_0.1/train/Yellow_bellied_Flycatcher/990.jpg	The background is blurred green foliage.
../dataset/datasets/imb_cub_0.1/train/Yellow_bellied_Flycatcher/987.jpg	The background is blurred green foliage.
../dataset/datasets/imb_cub_0.1/train/Yellow_bellied_Flycatcher/991.jpg	Green, blurred.
../dataset/datasets/imb_cub_0.1/train/Yellow_bellied_Flycatcher/989.jpg	Dark, blurred branches.
../dataset/datasets/imb_cub_0.1/train/Yellow_bellied_Flycatcher/992.jpg	The background is green foliage.
../dataset/datasets/imb_cub_0.1/train/Yellow_bellied_Flycatcher/996.jpg	A bird perched on branch, blue sky and green foliage behind.
../dataset/datasets/imb_cub_0.1/train/Frigatebird/1005.jpg	Rocky, natural setting.
../dataset/datasets/imb_cub_0.1/train/Frigatebird/1000.jpg	Clear blue sky.
../dataset/datasets/imb_cub_0.1/train/Frigatebird/1007.jpg	The background is a cloudy sky and distant land.
../dataset/datasets/imb_cub_0.1/train/Frigatebird/1002.jpg	A bird soars against a clear blue sky with distant structures and water.
../dataset/datasets/imb_cub_0.1/train/Frigatebird/1008.jpg	The background is rocky and blurred.
../dataset/datasets/imb_cub_0.1/train/Frigatebird/1009.jpg	A bird soars against a clear blue sky.
../dataset/datasets/imb_cub_0.1/train/Frigatebird/1011.jpg	The bird is surrounded by green foliage and branches.
../dataset/datasets/imb_cub_0.1/train/Frigatebird/1006.jpg	Clear blue sky.
../dataset/datasets/imb_cub_0.1/train/Frigatebird/1003.jpg	Clear blue sky.
../dataset/datasets/imb_cub_0.1/train/Frigatebird/999.jpg	Clear blue sky.
../dataset/datasets/imb_cub_0.1/train/Frigatebird/1004.jpg	A bird soars against a clear blue sky.
../dataset/datasets/imb_cub_0.1/train/Frigatebird/997.jpg	A bird soars against a pale sky.
../dataset/datasets/imb_cub_0.1/train/Frigatebird/1001.jpg	The background is dry, with sparse vegetation and branches.
../dataset/datasets/imb_cub_0.1/train/Frigatebird/1012.jpg	Ocean and sky.
../dataset/datasets/imb_cub_0.1/train/Frigatebird/1014.jpg	A bird with red gular pouch, black head and greenish-blue wings, surrounded by green vegetation and rocks under a blue sky.
../dataset/datasets/imb_cub_0.1/train/Frigatebird/1013.jpg	A bird soars against a clear blue sky.
../dataset/datasets/imb_cub_0.1/train/Frigatebird/998.jpg	Clear blue sky.
../dataset/datasets/imb_cub_0.1/train/Frigatebird/1010.jpg	A bird perched on tree branch with green foliage.
../dataset/datasets/imb_cub_0.1/train/Northern_Fulmar/1024.jpg	Ocean waves.
../dataset/datasets/imb_cub_0.1/train/Northern_Fulmar/1020.jpg	The background is calm water with ripples.
../dataset/datasets/imb_cub_0.1/train/Northern_Fulmar/1023.jpg	Ocean waves.
../dataset/datasets/imb_cub_0.1/train/Northern_Fulmar/1031.jpg	Water, snow, rocks.
../dataset/datasets/imb_cub_0.1/train/Northern_Fulmar/1019.jpg	Rocky, mossy terrain.
../dataset/datasets/imb_cub_0.1/train/Northern_Fulmar/1022.jpg	The background is blurred green.
../dataset/datasets/imb_cub_0.1/train/Northern_Fulmar/1026.jpg	A bird flying over water.
../dataset/datasets/imb_cub_0.1/train/Northern_Fulmar/1021.jpg	The background is blurred, likely water.
../dataset/datasets/imb_cub_0.1/train/Northern_Fulmar/1015.jpg	A bird soars against a clear blue sky.
../dataset/datasets/imb_cub_0.1/train/Northern_Fulmar/1030.jpg	A bird soars over water with rocks.
../dataset/datasets/imb_cub_0.1/train/Northern_Fulmar/1028.jpg	A bird sits on grass near rocks and flowers.
../dataset/datasets/imb_cub_0.1/train/Northern_Fulmar/1018.jpg	A bird soars over blue ocean waves.
../dataset/datasets/imb_cub_0.1/train/Northern_Fulmar/1029.jpg	Ocean waves.
../dataset/datasets/imb_cub_0.1/train/Northern_Fulmar/1016.jpg	The bird is on a metallic surface.
../dataset/datasets/imb_cub_0.1/train/Northern_Fulmar/1027.jpg	Cloudy sky.
../dataset/datasets/imb_cub_0.1/train/Northern_Fulmar/1025.jpg	The background is a gray, overcast sky.
../dataset/datasets/imb_cub_0.1/train/Northern_Fulmar/1017.jpg	A bird soars over rippling water with sunlight reflecting.
../dataset/datasets/imb_cub_0.1/train/Gadwall/1045.jpg	Water with ripples.
../dataset/datasets/imb_cub_0.1/train/Gadwall/1036.jpg	Muddy water and rocks.
../dataset/datasets/imb_cub_0.1/train/Gadwall/1032.jpg	Water and blurred vegetation.
../dataset/datasets/imb_cub_0.1/train/Gadwall/1040.jpg	Water and mud.
../dataset/datasets/imb_cub_0.1/train/Gadwall/1041.jpg	Water with ripples.
../dataset/datasets/imb_cub_0.1/train/Gadwall/1048.jpg	Water with ripples.
../dataset/datasets/imb_cub_0.1/train/Gadwall/1034.jpg	Water.
../dataset/datasets/imb_cub_0.1/train/Gadwall/1038.jpg	A bird is displayed on a beige surface with a pink border.
../dataset/datasets/imb_cub_0.1/train/Gadwall/1046.jpg	A bird on rippling water.
../dataset/datasets/imb_cub_0.1/train/Gadwall/1044.jpg	Water and reflections.
../dataset/datasets/imb_cub_0.1/train/Gadwall/1042.jpg	Dark, rippling water.
../dataset/datasets/imb_cub_0.1/train/Gadwall/1047.jpg	Water with ripples.
../dataset/datasets/imb_cub_0.1/train/Gadwall/1033.jpg	Grassy field.
../dataset/datasets/imb_cub_0.1/train/Gadwall/1037.jpg	Water.
../dataset/datasets/imb_cub_0.1/train/Gadwall/1035.jpg	Water with ripples.
../dataset/datasets/imb_cub_0.1/train/Gadwall/1039.jpg	Blue water.
../dataset/datasets/imb_cub_0.1/train/Gadwall/1043.jpg	Water.
../dataset/datasets/imb_cub_0.1/train/American_Goldfinch/1049.jpg	Green foliage.
../dataset/datasets/imb_cub_0.1/train/American_Goldfinch/1053.jpg	The background is blurred green foliage.
../dataset/datasets/imb_cub_0.1/train/American_Goldfinch/1065.jpg	The background is a blurred, dark gray.
../dataset/datasets/imb_cub_0.1/train/American_Goldfinch/1061.jpg	Green grass, blurred trees.
../dataset/datasets/imb_cub_0.1/train/American_Goldfinch/1064.jpg	Green, blurred background.
../dataset/datasets/imb_cub_0.1/train/American_Goldfinch/1054.jpg	The background consists of dry grass and twigs.
../dataset/datasets/imb_cub_0.1/train/American_Goldfinch/1059.jpg	Blurred green trees.
../dataset/datasets/imb_cub_0.1/train/American_Goldfinch/1056.jpg	Gravel and grass.
../dataset/datasets/imb_cub_0.1/train/American_Goldfinch/1055.jpg	The background is blurred, with warm tones.
../dataset/datasets/imb_cub_0.1/train/American_Goldfinch/1062.jpg	A bird perched on bare branches against a pale sky.
../dataset/datasets/imb_cub_0.1/train/American_Goldfinch/1063.jpg	The background is plain white.
../dataset/datasets/imb_cub_0.1/train/American_Goldfinch/1060.jpg	Green leaves and branches.
../dataset/datasets/imb_cub_0.1/train/American_Goldfinch/1057.jpg	The background is blurred green foliage.
../dataset/datasets/imb_cub_0.1/train/American_Goldfinch/1058.jpg	The background is blurred green foliage.
../dataset/datasets/imb_cub_0.1/train/American_Goldfinch/1051.jpg	Green foliage, blurred background.
../dataset/datasets/imb_cub_0.1/train/American_Goldfinch/1052.jpg	Green and blurred.
../dataset/datasets/imb_cub_0.1/train/American_Goldfinch/1050.jpg	The background is blurred, showing a tree trunk and greenery.
../dataset/datasets/imb_cub_0.1/train/European_Goldfinch/1077.jpg	The background is blurred green.
../dataset/datasets/imb_cub_0.1/train/European_Goldfinch/1078.jpg	A bird perched on branch near water.
../dataset/datasets/imb_cub_0.1/train/European_Goldfinch/1070.jpg	Green foliage with yellow flowers.
../dataset/datasets/imb_cub_0.1/train/European_Goldfinch/1082.jpg	A bird perched on a branch with green foliage and plants behind it.
../dataset/datasets/imb_cub_0.1/train/European_Goldfinch/1066.jpg	The background is blurred greenery.
../dataset/datasets/imb_cub_0.1/train/European_Goldfinch/1080.jpg	The background is blurred greenery.
../dataset/datasets/imb_cub_0.1/train/European_Goldfinch/1079.jpg	Metal feeder with holes.
../dataset/datasets/imb_cub_0.1/train/European_Goldfinch/1067.jpg	A bird perched on finger, background shows cage and wall.
../dataset/datasets/imb_cub_0.1/train/European_Goldfinch/1068.jpg	A bird perched on branch, green background.
../dataset/datasets/imb_cub_0.1/train/European_Goldfinch/1076.jpg	The background is a plain, muted green.
../dataset/datasets/imb_cub_0.1/train/European_Goldfinch/1072.jpg	Green foliage.
../dataset/datasets/imb_cub_0.1/train/European_Goldfinch/1073.jpg	Grass and plants.
../dataset/datasets/imb_cub_0.1/train/European_Goldfinch/1081.jpg	The background is plain green.
../dataset/datasets/imb_cub_0.1/train/European_Goldfinch/1071.jpg	The background is a rocky, pebbled ground with scattered leaves.
../dataset/datasets/imb_cub_0.1/train/European_Goldfinch/1075.jpg	A bird perched on branch, green background.
../dataset/datasets/imb_cub_0.1/train/European_Goldfinch/1069.jpg	The background is a blurred, snowy landscape.
../dataset/datasets/imb_cub_0.1/train/European_Goldfinch/1074.jpg	The background is blurred, reddish-brown.
../dataset/datasets/imb_cub_0.1/train/Boat_tailed_Grackle/1083.jpg	The background is dark and shadowy.
../dataset/datasets/imb_cub_0.1/train/Boat_tailed_Grackle/1099.jpg	The background is blurred, with indistinct shapes and colors suggesting an outdoor setting.
../dataset/datasets/imb_cub_0.1/train/Boat_tailed_Grackle/1084.jpg	Grassy field, blurred background.
../dataset/datasets/imb_cub_0.1/train/Boat_tailed_Grackle/1095.jpg	The background is a clear blue sky with water below.
../dataset/datasets/imb_cub_0.1/train/Boat_tailed_Grackle/1097.jpg	A bird perched on a branch with green foliage in the background.
../dataset/datasets/imb_cub_0.1/train/Boat_tailed_Grackle/1094.jpg	The background is blurred, suggesting an outdoor setting with soft lighting.
../dataset/datasets/imb_cub_0.1/train/Boat_tailed_Grackle/1092.jpg	The background is blurred, with soft green and brown tones.
../dataset/datasets/imb_cub_0.1/train/Boat_tailed_Grackle/1088.jpg	A bird stands near water with grass and reeds.
../dataset/datasets/imb_cub_0.1/train/Boat_tailed_Grackle/1085.jpg	A bird perched on branch, blue sky backdrop.
../dataset/datasets/imb_cub_0.1/train/Boat_tailed_Grackle/1087.jpg	Water and green vegetation.
../dataset/datasets/imb_cub_0.1/train/Boat_tailed_Grackle/1091.jpg	The background is blurred greenery.
../dataset/datasets/imb_cub_0.1/train/Boat_tailed_Grackle/1096.jpg	Green, blurred vegetation.
../dataset/datasets/imb_cub_0.1/train/Boat_tailed_Grackle/1098.jpg	Grass and leaves.
../dataset/datasets/imb_cub_0.1/train/Boat_tailed_Grackle/1086.jpg	The background is blurred green foliage.
../dataset/datasets/imb_cub_0.1/train/Boat_tailed_Grackle/1090.jpg	Green, algae-covered water.
../dataset/datasets/imb_cub_0.1/train/Boat_tailed_Grackle/1093.jpg	Dry grass, blue sky.
../dataset/datasets/imb_cub_0.1/train/Boat_tailed_Grackle/1089.jpg	A bird perched on wooden bench, red foliage, black fence, playground equipment.
../dataset/datasets/imb_cub_0.1/train/Eared_Grebe/1108.jpg	The background is a calm, muted water surface.
../dataset/datasets/imb_cub_0.1/train/Eared_Grebe/1114.jpg	The bird is on calm water with ripples around it.
../dataset/datasets/imb_cub_0.1/train/Eared_Grebe/1113.jpg	A bird on calm water.
../dataset/datasets/imb_cub_0.1/train/Eared_Grebe/1101.jpg	Water.
../dataset/datasets/imb_cub_0.1/train/Eared_Grebe/1112.jpg	A bird on calm water.
../dataset/datasets/imb_cub_0.1/train/Eared_Grebe/1109.jpg	Water with ripples.
../dataset/datasets/imb_cub_0.1/train/Eared_Grebe/1111.jpg	A bird on calm water.
../dataset/datasets/imb_cub_0.1/train/Eared_Grebe/1105.jpg	A bird on calm water.
../dataset/datasets/imb_cub_0.1/train/Eared_Grebe/1103.jpg	Water.
../dataset/datasets/imb_cub_0.1/train/Eared_Grebe/1100.jpg	Water.
../dataset/datasets/imb_cub_0.1/train/Eared_Grebe/1107.jpg	A bird on calm water.
../dataset/datasets/imb_cub_0.1/train/Eared_Grebe/1102.jpg	A bird on calm water.
../dataset/datasets/imb_cub_0.1/train/Eared_Grebe/1115.jpg	Water.
../dataset/datasets/imb_cub_0.1/train/Eared_Grebe/1106.jpg	Blue water.
../dataset/datasets/imb_cub_0.1/train/Eared_Grebe/1104.jpg	A bird swimming on calm water.
../dataset/datasets/imb_cub_0.1/train/Eared_Grebe/1110.jpg	Dark water.
../dataset/datasets/imb_cub_0.1/train/Horned_Grebe/1119.jpg	The background is calm water with ripples.
../dataset/datasets/imb_cub_0.1/train/Horned_Grebe/1124.jpg	Water with ripples.
../dataset/datasets/imb_cub_0.1/train/Horned_Grebe/1125.jpg	A bird swimming on calm water.
../dataset/datasets/imb_cub_0.1/train/Horned_Grebe/1129.jpg	Water and blurred background.
../dataset/datasets/imb_cub_0.1/train/Horned_Grebe/1118.jpg	A bird swims on calm water.
../dataset/datasets/imb_cub_0.1/train/Horned_Grebe/1130.jpg	Water.
../dataset/datasets/imb_cub_0.1/train/Horned_Grebe/1122.jpg	Water with ripples.
../dataset/datasets/imb_cub_0.1/train/Horned_Grebe/1128.jpg	A bird in water with ripples.
../dataset/datasets/imb_cub_0.1/train/Horned_Grebe/1116.jpg	Water.
../dataset/datasets/imb_cub_0.1/train/Horned_Grebe/1120.jpg	A bird in water with ripples.
../dataset/datasets/imb_cub_0.1/train/Horned_Grebe/1117.jpg	A bird on water with ripples.
../dataset/datasets/imb_cub_0.1/train/Horned_Grebe/1121.jpg	Water.
../dataset/datasets/imb_cub_0.1/train/Horned_Grebe/1126.jpg	The background is calm water.
../dataset/datasets/imb_cub_0.1/train/Horned_Grebe/1131.jpg	Water.
../dataset/datasets/imb_cub_0.1/train/Horned_Grebe/1123.jpg	A bird on pebbled beach, waves in distance.
../dataset/datasets/imb_cub_0.1/train/Horned_Grebe/1127.jpg	A bird swims on calm water with reflections.
../dataset/datasets/imb_cub_0.1/train/Pied_billed_Grebe/1132.jpg	Water.
../dataset/datasets/imb_cub_0.1/train/Pied_billed_Grebe/1139.jpg	The background is calm water with ripples and a reflection.
../dataset/datasets/imb_cub_0.1/train/Pied_billed_Grebe/1141.jpg	Dark, textured surface.
../dataset/datasets/imb_cub_0.1/train/Pied_billed_Grebe/1133.jpg	The background is murky water.
../dataset/datasets/imb_cub_0.1/train/Pied_billed_Grebe/1137.jpg	A bird swims on calm water.
../dataset/datasets/imb_cub_0.1/train/Pied_billed_Grebe/1134.jpg	Water with ripples and reflections.
../dataset/datasets/imb_cub_0.1/train/Pied_billed_Grebe/1140.jpg	Dark, reflective water.
../dataset/datasets/imb_cub_0.1/train/Pied_billed_Grebe/1142.jpg	Clear blue sky.
../dataset/datasets/imb_cub_0.1/train/Pied_billed_Grebe/1135.jpg	Water with ripples.
../dataset/datasets/imb_cub_0.1/train/Pied_billed_Grebe/1136.jpg	A bird on pavement with leaves and pole.
../dataset/datasets/imb_cub_0.1/train/Pied_billed_Grebe/1145.jpg	The background is calm water.
../dataset/datasets/imb_cub_0.1/train/Pied_billed_Grebe/1143.jpg	The background is calm water with ripples.
../dataset/datasets/imb_cub_0.1/train/Pied_billed_Grebe/1147.jpg	Reeds and water.
../dataset/datasets/imb_cub_0.1/train/Pied_billed_Grebe/1146.jpg	A bird on calm water.
../dataset/datasets/imb_cub_0.1/train/Pied_billed_Grebe/1138.jpg	Water with ripples.
../dataset/datasets/imb_cub_0.1/train/Pied_billed_Grebe/1144.jpg	The background is water.
../dataset/datasets/imb_cub_0.1/train/Western_Grebe/1156.jpg	Water.
../dataset/datasets/imb_cub_0.1/train/Western_Grebe/1154.jpg	Water.
../dataset/datasets/imb_cub_0.1/train/Western_Grebe/1159.jpg	The background is calm water with ripples.
../dataset/datasets/imb_cub_0.1/train/Western_Grebe/1151.jpg	The background is a flat, sandy surface with some water.
../dataset/datasets/imb_cub_0.1/train/Western_Grebe/1153.jpg	A bird swims on calm water.
../dataset/datasets/imb_cub_0.1/train/Western_Grebe/1150.jpg	Water with ripples.
../dataset/datasets/imb_cub_0.1/train/Western_Grebe/1162.jpg	A bird swims on calm water.
../dataset/datasets/imb_cub_0.1/train/Western_Grebe/1158.jpg	A bird swims on calm blue water.
../dataset/datasets/imb_cub_0.1/train/Western_Grebe/1160.jpg	A bird on calm water.
../dataset/datasets/imb_cub_0.1/train/Western_Grebe/1149.jpg	A bird on calm water.
../dataset/datasets/imb_cub_0.1/train/Western_Grebe/1148.jpg	Water surface.
../dataset/datasets/imb_cub_0.1/train/Western_Grebe/1157.jpg	Water.
../dataset/datasets/imb_cub_0.1/train/Western_Grebe/1152.jpg	A bird swims on calm water.
../dataset/datasets/imb_cub_0.1/train/Western_Grebe/1161.jpg	Water with ripples.
../dataset/datasets/imb_cub_0.1/train/Western_Grebe/1155.jpg	A bird on calm water.
../dataset/datasets/imb_cub_0.1/train/Western_Grebe/1163.jpg	Water.
../dataset/datasets/imb_cub_0.1/train/Blue_Grosbeak/1173.jpg	Dry grass and blurred greenery.
../dataset/datasets/imb_cub_0.1/train/Blue_Grosbeak/1175.jpg	The background is blurred, with a mix of dark and light tones.
../dataset/datasets/imb_cub_0.1/train/Blue_Grosbeak/1179.jpg	The background consists of dry leaves and grass.
../dataset/datasets/imb_cub_0.1/train/Blue_Grosbeak/1174.jpg	Green, blurred background.
../dataset/datasets/imb_cub_0.1/train/Blue_Grosbeak/1177.jpg	Blurred green foliage.
../dataset/datasets/imb_cub_0.1/train/Blue_Grosbeak/1171.jpg	Green plants and small yellow flowers.
../dataset/datasets/imb_cub_0.1/train/Blue_Grosbeak/1178.jpg	Green foliage.
../dataset/datasets/imb_cub_0.1/train/Blue_Grosbeak/1176.jpg	The background is blurred green.
../dataset/datasets/imb_cub_0.1/train/Blue_Grosbeak/1169.jpg	Green, blurred foliage.
../dataset/datasets/imb_cub_0.1/train/Blue_Grosbeak/1168.jpg	The background consists of dry grass and twigs.
../dataset/datasets/imb_cub_0.1/train/Blue_Grosbeak/1164.jpg	Green foliage, brown ground.
../dataset/datasets/imb_cub_0.1/train/Blue_Grosbeak/1167.jpg	The background is blurred green.
../dataset/datasets/imb_cub_0.1/train/Blue_Grosbeak/1170.jpg	Green, blurred background.
../dataset/datasets/imb_cub_0.1/train/Blue_Grosbeak/1166.jpg	Dry, blurred grass.
../dataset/datasets/imb_cub_0.1/train/Blue_Grosbeak/1165.jpg	A bird on gravel ground.
../dataset/datasets/imb_cub_0.1/train/Blue_Grosbeak/1172.jpg	The background is blurred, with muted earth tones.
../dataset/datasets/imb_cub_0.1/train/Evening_Grosbeak/1193.jpg	Tree branches and sky.
../dataset/datasets/imb_cub_0.1/train/Evening_Grosbeak/1189.jpg	Blurred, autumnal foliage.
../dataset/datasets/imb_cub_0.1/train/Evening_Grosbeak/1187.jpg	The background is blurred, showing branches and sky.
../dataset/datasets/imb_cub_0.1/train/Evening_Grosbeak/1186.jpg	A bird perched on wooden structure.
../dataset/datasets/imb_cub_0.1/train/Evening_Grosbeak/1185.jpg	Green, blurred background.
../dataset/datasets/imb_cub_0.1/train/Evening_Grosbeak/1190.jpg	Green, blurred foliage.
../dataset/datasets/imb_cub_0.1/train/Evening_Grosbeak/1183.jpg	The background is blurred, showing branches and green buds.
../dataset/datasets/imb_cub_0.1/train/Evening_Grosbeak/1184.jpg	The background is blurred greenery.
../dataset/datasets/imb_cub_0.1/train/Evening_Grosbeak/1192.jpg	Snowy, blurred background.
../dataset/datasets/imb_cub_0.1/train/Evening_Grosbeak/1188.jpg	Green pine needles, blurred background.
../dataset/datasets/imb_cub_0.1/train/Evening_Grosbeak/1182.jpg	A bird perched on wooden post with green foliage behind.
../dataset/datasets/imb_cub_0.1/train/Evening_Grosbeak/1194.jpg	A bird on gravel.
../dataset/datasets/imb_cub_0.1/train/Evening_Grosbeak/1181.jpg	Green leaves, blurred background.
../dataset/datasets/imb_cub_0.1/train/Evening_Grosbeak/1191.jpg	The background consists of rocks and twigs.
../dataset/datasets/imb_cub_0.1/train/Evening_Grosbeak/1180.jpg	The background is blurred, warm tones.
../dataset/datasets/imb_cub_0.1/train/Pine_Grosbeak/1208.jpg	A bird perched on a snowy branch with blurred trees and snow in the background.
../dataset/datasets/imb_cub_0.1/train/Pine_Grosbeak/1198.jpg	A bird perched on branch against blue sky.
../dataset/datasets/imb_cub_0.1/train/Pine_Grosbeak/1204.jpg	The background is snowy and blurred.
../dataset/datasets/imb_cub_0.1/train/Pine_Grosbeak/1195.jpg	The background is blurred, showing trees and sky.
../dataset/datasets/imb_cub_0.1/train/Pine_Grosbeak/1203.jpg	A bird perched on branch with blurred red berries and bare branches.
../dataset/datasets/imb_cub_0.1/train/Pine_Grosbeak/1196.jpg	A bird perched on stone fountain with blurred wooden structure behind.
../dataset/datasets/imb_cub_0.1/train/Pine_Grosbeak/1197.jpg	The background is blurred green foliage.
../dataset/datasets/imb_cub_0.1/train/Pine_Grosbeak/1199.jpg	A bird perched on post, blurred trees behind.
../dataset/datasets/imb_cub_0.1/train/Pine_Grosbeak/1205.jpg	A bird perched on pine branch with green needles.
../dataset/datasets/imb_cub_0.1/train/Pine_Grosbeak/1200.jpg	A bird perched on snow-covered branches.
../dataset/datasets/imb_cub_0.1/train/Pine_Grosbeak/1207.jpg	Clear blue sky.
../dataset/datasets/imb_cub_0.1/train/Pine_Grosbeak/1201.jpg	A bird perched on a tree branch against a blue sky.
../dataset/datasets/imb_cub_0.1/train/Pine_Grosbeak/1206.jpg	Green pine needles.
../dataset/datasets/imb_cub_0.1/train/Pine_Grosbeak/1202.jpg	Snowy ground with scattered seeds.
../dataset/datasets/imb_cub_0.1/train/Pine_Grosbeak/1209.jpg	Branches with red berries.
../dataset/datasets/imb_cub_0.1/train/Rose_breasted_Grosbeak/1218.jpg	Blurred, natural setting.
../dataset/datasets/imb_cub_0.1/train/Rose_breasted_Grosbeak/1213.jpg	Blurred green foliage.
../dataset/datasets/imb_cub_0.1/train/Rose_breasted_Grosbeak/1219.jpg	The background is blurred with green and red hues.
../dataset/datasets/imb_cub_0.1/train/Rose_breasted_Grosbeak/1220.jpg	A bird perched on tree branch with green leaves.
../dataset/datasets/imb_cub_0.1/train/Rose_breasted_Grosbeak/1217.jpg	A bird perched on a branch with green foliage in the background.
../dataset/datasets/imb_cub_0.1/train/Rose_breasted_Grosbeak/1224.jpg	A bird perched on branch with blurred leaves and sky.
../dataset/datasets/imb_cub_0.1/train/Rose_breasted_Grosbeak/1223.jpg	The background is blurred green.
../dataset/datasets/imb_cub_0.1/train/Rose_breasted_Grosbeak/1222.jpg	Green, blurred background.
../dataset/datasets/imb_cub_0.1/train/Rose_breasted_Grosbeak/1214.jpg	The background shows green foliage and a person.
../dataset/datasets/imb_cub_0.1/train/Rose_breasted_Grosbeak/1215.jpg	A bird perched on green foliage.
../dataset/datasets/imb_cub_0.1/train/Rose_breasted_Grosbeak/1210.jpg	A bird perched on branch against blue sky.
../dataset/datasets/imb_cub_0.1/train/Rose_breasted_Grosbeak/1221.jpg	A bird perched on branch, green grass and trees behind.
../dataset/datasets/imb_cub_0.1/train/Rose_breasted_Grosbeak/1212.jpg	A bird perched on a branch with blurred greenery in the background.
../dataset/datasets/imb_cub_0.1/train/Rose_breasted_Grosbeak/1211.jpg	A bird perched on branch, blurred background.
../dataset/datasets/imb_cub_0.1/train/Rose_breasted_Grosbeak/1216.jpg	The background is blurred green.
../dataset/datasets/imb_cub_0.1/train/Pigeon_Guillemot/1239.jpg	Dark water with ripples.
../dataset/datasets/imb_cub_0.1/train/Pigeon_Guillemot/1230.jpg	The background is blurred, suggesting water and vegetation.
../dataset/datasets/imb_cub_0.1/train/Pigeon_Guillemot/1238.jpg	A bird soars over calm, dark water.
../dataset/datasets/imb_cub_0.1/train/Pigeon_Guillemot/1227.jpg	Water.
../dataset/datasets/imb_cub_0.1/train/Pigeon_Guillemot/1231.jpg	Rocky, blurred, natural setting.
../dataset/datasets/imb_cub_0.1/train/Pigeon_Guillemot/1237.jpg	Rocky, natural setting.
../dataset/datasets/imb_cub_0.1/train/Pigeon_Guillemot/1228.jpg	Dark, water-like surface.
../dataset/datasets/imb_cub_0.1/train/Pigeon_Guillemot/1232.jpg	Rocky, wet surface.
../dataset/datasets/imb_cub_0.1/train/Pigeon_Guillemot/1233.jpg	Water with ripples.
../dataset/datasets/imb_cub_0.1/train/Pigeon_Guillemot/1234.jpg	The background is blurred, suggesting a natural setting.
../dataset/datasets/imb_cub_0.1/train/Pigeon_Guillemot/1235.jpg	A bird with wings spread, flying over water.
../dataset/datasets/imb_cub_0.1/train/Pigeon_Guillemot/1229.jpg	A bird on mossy rocks with seaweed.
../dataset/datasets/imb_cub_0.1/train/Pigeon_Guillemot/1226.jpg	Water.
../dataset/datasets/imb_cub_0.1/train/Pigeon_Guillemot/1236.jpg	Rocky, pebbled ground.
../dataset/datasets/imb_cub_0.1/train/Pigeon_Guillemot/1225.jpg	Rocky surface.
../dataset/datasets/imb_cub_0.1/train/California_Gull/1247.jpg	The background is sandy with blurred objects.
../dataset/datasets/imb_cub_0.1/train/California_Gull/1242.jpg	A bird stands on sandy beach with water and foam behind it.
../dataset/datasets/imb_cub_0.1/train/California_Gull/1246.jpg	Water.
../dataset/datasets/imb_cub_0.1/train/California_Gull/1248.jpg	The background is blurred, showing water and land.
../dataset/datasets/imb_cub_0.1/train/California_Gull/1245.jpg	Ocean, beach, vegetation.
../dataset/datasets/imb_cub_0.1/train/California_Gull/1240.jpg	Clear blue sky.
../dataset/datasets/imb_cub_0.1/train/California_Gull/1244.jpg	Gray, wet sand.
../dataset/datasets/imb_cub_0.1/train/California_Gull/1253.jpg	The background is a blurred body of water.
../dataset/datasets/imb_cub_0.1/train/California_Gull/1249.jpg	The background is a solid, muted gray.
../dataset/datasets/imb_cub_0.1/train/California_Gull/1254.jpg	The background is sandy and textured.
../dataset/datasets/imb_cub_0.1/train/California_Gull/1250.jpg	A bird perched on railing, blue water and distant land in background.
../dataset/datasets/imb_cub_0.1/train/California_Gull/1251.jpg	The background features blurred greenery and yellow flowers.
../dataset/datasets/imb_cub_0.1/train/California_Gull/1252.jpg	Grass and water.
../dataset/datasets/imb_cub_0.1/train/California_Gull/1243.jpg	A bird stands on wet ground with a textured wall behind.
../dataset/datasets/imb_cub_0.1/train/California_Gull/1241.jpg	The background is a plain, dark surface.
../dataset/datasets/imb_cub_0.1/train/Glaucous_winged_Gull/1255.jpg	A bird stands on grass with small white flowers.
../dataset/datasets/imb_cub_0.1/train/Glaucous_winged_Gull/1263.jpg	Water, trees, blurred background.
../dataset/datasets/imb_cub_0.1/train/Glaucous_winged_Gull/1257.jpg	Muddy ground.
../dataset/datasets/imb_cub_0.1/train/Glaucous_winged_Gull/1258.jpg	A bird stands on rocky, muddy ground near water.
../dataset/datasets/imb_cub_0.1/train/Glaucous_winged_Gull/1259.jpg	Ocean waves, rocks.
../dataset/datasets/imb_cub_0.1/train/Glaucous_winged_Gull/1260.jpg	The background is asphalt with white lines.
../dataset/datasets/imb_cub_0.1/train/Glaucous_winged_Gull/1266.jpg	The background is a blurred, earthy landscape with dry grass and patches of green moss.
../dataset/datasets/imb_cub_0.1/train/Glaucous_winged_Gull/1261.jpg	A bird perched on wooden railing, life preserver visible in background.
../dataset/datasets/imb_cub_0.1/train/Glaucous_winged_Gull/1267.jpg	The background is blurred, showing water and vegetation.
../dataset/datasets/imb_cub_0.1/train/Glaucous_winged_Gull/1268.jpg	A bird stands on rocks near water.
../dataset/datasets/imb_cub_0.1/train/Glaucous_winged_Gull/1256.jpg	The background is dark and blurry.
../dataset/datasets/imb_cub_0.1/train/Glaucous_winged_Gull/1265.jpg	Wet sand and water.
../dataset/datasets/imb_cub_0.1/train/Glaucous_winged_Gull/1264.jpg	Water and rocks.
../dataset/datasets/imb_cub_0.1/train/Glaucous_winged_Gull/1269.jpg	Rocky, moss-covered ground.
../dataset/datasets/imb_cub_0.1/train/Glaucous_winged_Gull/1262.jpg	The background is blurred with boats and water.
../dataset/datasets/imb_cub_0.1/train/Heermann_Gull/1272.jpg	The background is blurred, showing water and structures.
../dataset/datasets/imb_cub_0.1/train/Heermann_Gull/1275.jpg	The background is sandy.
../dataset/datasets/imb_cub_0.1/train/Heermann_Gull/1270.jpg	The background is plain white.
../dataset/datasets/imb_cub_0.1/train/Heermann_Gull/1283.jpg	The background is a muted, overcast sky.
../dataset/datasets/imb_cub_0.1/train/Heermann_Gull/1271.jpg	The background is sandy and blurred.
../dataset/datasets/imb_cub_0.1/train/Heermann_Gull/1273.jpg	Blurred water and sand.
../dataset/datasets/imb_cub_0.1/train/Heermann_Gull/1281.jpg	A bird soars against a blue backdrop.
../dataset/datasets/imb_cub_0.1/train/Heermann_Gull/1276.jpg	A bird stands on sandy beach with scattered rocks and driftwood.
../dataset/datasets/imb_cub_0.1/train/Heermann_Gull/1279.jpg	The background is blurred water.
../dataset/datasets/imb_cub_0.1/train/Heermann_Gull/1277.jpg	Ocean waves.
../dataset/datasets/imb_cub_0.1/train/Heermann_Gull/1278.jpg	Rocky, blurred.
../dataset/datasets/imb_cub_0.1/train/Heermann_Gull/1280.jpg	Ripples on water surface.
../dataset/datasets/imb_cub_0.1/train/Heermann_Gull/1282.jpg	The background is a calm, light blue water surface.
../dataset/datasets/imb_cub_0.1/train/Heermann_Gull/1274.jpg	The background is a plain, light sky with a rock formation on the left.
../dataset/datasets/imb_cub_0.1/train/Herring_Gull/1285.jpg	Water, dock, boats.
../dataset/datasets/imb_cub_0.1/train/Herring_Gull/1292.jpg	Clear blue sky, grassy mound.
../dataset/datasets/imb_cub_0.1/train/Herring_Gull/1295.jpg	A bird stands on rocks with blurred greenery in the background.
../dataset/datasets/imb_cub_0.1/train/Herring_Gull/1290.jpg	A bird stands near water with green vegetation.
../dataset/datasets/imb_cub_0.1/train/Herring_Gull/1293.jpg	The background is blurred water.
../dataset/datasets/imb_cub_0.1/train/Herring_Gull/1288.jpg	A bird perched on car, with Fisherman's Grotto sign and people in background.
../dataset/datasets/imb_cub_0.1/train/Herring_Gull/1289.jpg	The background is a blurred, muted gray.
../dataset/datasets/imb_cub_0.1/train/Herring_Gull/1291.jpg	Water and rocks.
../dataset/datasets/imb_cub_0.1/train/Herring_Gull/1296.jpg	The background is dark and blurred.
../dataset/datasets/imb_cub_0.1/train/Herring_Gull/1294.jpg	Rushing water, rocks.
../dataset/datasets/imb_cub_0.1/train/Herring_Gull/1297.jpg	The background is blurred, suggesting water and vegetation.
../dataset/datasets/imb_cub_0.1/train/Herring_Gull/1287.jpg	The background is a plain, light gray sky.
../dataset/datasets/imb_cub_0.1/train/Herring_Gull/1284.jpg	Cloudy sky, water, pier.
../dataset/datasets/imb_cub_0.1/train/Herring_Gull/1286.jpg	The background is textured and muted, with earthy tones.
../dataset/datasets/imb_cub_0.1/train/Ivory_Gull/1306.jpg	A bird stands on wooden dock, water and metal structures behind.
../dataset/datasets/imb_cub_0.1/train/Ivory_Gull/1300.jpg	A bird soars against a clear blue sky.
../dataset/datasets/imb_cub_0.1/train/Ivory_Gull/1310.jpg	Frozen water, ice.
../dataset/datasets/imb_cub_0.1/train/Ivory_Gull/1311.jpg	A bird perched on a post near water.
../dataset/datasets/imb_cub_0.1/train/Ivory_Gull/1299.jpg	A bird perched on a wooden post with a blurred background.
../dataset/datasets/imb_cub_0.1/train/Ivory_Gull/1307.jpg	The background is dark and blurred.
../dataset/datasets/imb_cub_0.1/train/Ivory_Gull/1304.jpg	Water and rocks.
../dataset/datasets/imb_cub_0.1/train/Ivory_Gull/1302.jpg	Wet, rocky shoreline.
../dataset/datasets/imb_cub_0.1/train/Ivory_Gull/1309.jpg	A bird stands on wet sand near water.
../dataset/datasets/imb_cub_0.1/train/Ivory_Gull/1305.jpg	Rocky, outdoor setting.
../dataset/datasets/imb_cub_0.1/train/Ivory_Gull/1308.jpg	A bird stands on snow, blurred water behind.
../dataset/datasets/imb_cub_0.1/train/Ivory_Gull/1298.jpg	A bird soars against a clear blue sky.
../dataset/datasets/imb_cub_0.1/train/Ivory_Gull/1303.jpg	A bird stands on sandy beach with seaweed and rocks.
../dataset/datasets/imb_cub_0.1/train/Ivory_Gull/1301.jpg	A bird stands on snow-covered ground with ice and rocks.
../dataset/datasets/imb_cub_0.1/train/Ring_billed_Gull/1318.jpg	The background is a clear blue sky.
../dataset/datasets/imb_cub_0.1/train/Ring_billed_Gull/1323.jpg	Dark, blurred background.
../dataset/datasets/imb_cub_0.1/train/Ring_billed_Gull/1314.jpg	A bird soars over calm blue water.
../dataset/datasets/imb_cub_0.1/train/Ring_billed_Gull/1322.jpg	Water.
../dataset/datasets/imb_cub_0.1/train/Ring_billed_Gull/1320.jpg	A bird stands on pebbles and shells.
../dataset/datasets/imb_cub_0.1/train/Ring_billed_Gull/1316.jpg	A bird soars against a blue sky with soft clouds.
../dataset/datasets/imb_cub_0.1/train/Ring_billed_Gull/1315.jpg	The background is a blurred body of water.
../dataset/datasets/imb_cub_0.1/train/Ring_billed_Gull/1324.jpg	A bird stands on pebbles near water.
../dataset/datasets/imb_cub_0.1/train/Ring_billed_Gull/1312.jpg	Green foliage.
../dataset/datasets/imb_cub_0.1/train/Ring_billed_Gull/1325.jpg	Water with ripples.
../dataset/datasets/imb_cub_0.1/train/Ring_billed_Gull/1317.jpg	A bird stands on pavement with red and gray background.
../dataset/datasets/imb_cub_0.1/train/Ring_billed_Gull/1313.jpg	Ocean waves, sandy beach.
../dataset/datasets/imb_cub_0.1/train/Ring_billed_Gull/1321.jpg	A bird flying over water.
../dataset/datasets/imb_cub_0.1/train/Ring_billed_Gull/1319.jpg	The background is blurred, suggesting an outdoor setting with muted colors.
../dataset/datasets/imb_cub_0.1/train/Slaty_backed_Gull/1332.jpg	Clear blue sky.
../dataset/datasets/imb_cub_0.1/train/Slaty_backed_Gull/1339.jpg	A bird soars over dark, rippling water.
../dataset/datasets/imb_cub_0.1/train/Slaty_backed_Gull/1333.jpg	A bird against clear blue sky.
../dataset/datasets/imb_cub_0.1/train/Slaty_backed_Gull/1330.jpg	The bird is perched on a surface with water in the background.
../dataset/datasets/imb_cub_0.1/train/Slaty_backed_Gull/1338.jpg	The background is gray pavement.
../dataset/datasets/imb_cub_0.1/train/Slaty_backed_Gull/1336.jpg	Water.
../dataset/datasets/imb_cub_0.1/train/Slaty_backed_Gull/1327.jpg	Cloudy sky.
../dataset/datasets/imb_cub_0.1/train/Slaty_backed_Gull/1337.jpg	The background is water.
../dataset/datasets/imb_cub_0.1/train/Slaty_backed_Gull/1329.jpg	The background is sandy.
../dataset/datasets/imb_cub_0.1/train/Slaty_backed_Gull/1326.jpg	A bird stands on ice, with snow and water in the background.
../dataset/datasets/imb_cub_0.1/train/Slaty_backed_Gull/1328.jpg	A bird stands on rocks, with water and sky visible behind it.
../dataset/datasets/imb_cub_0.1/train/Slaty_backed_Gull/1334.jpg	A bird perched on snow, blurred water behind.
../dataset/datasets/imb_cub_0.1/train/Slaty_backed_Gull/1331.jpg	A bird flying over water with land in the distance.
../dataset/datasets/imb_cub_0.1/train/Slaty_backed_Gull/1335.jpg	A bird stands on wet dockside, with yellow and black barriers behind it.
../dataset/datasets/imb_cub_0.1/train/Western_Gull/1341.jpg	Rocky, water.
../dataset/datasets/imb_cub_0.1/train/Western_Gull/1345.jpg	A bird stands on wet sand near water.
../dataset/datasets/imb_cub_0.1/train/Western_Gull/1344.jpg	Ocean waves.
../dataset/datasets/imb_cub_0.1/train/Western_Gull/1342.jpg	Grass, bushes, sunny day.
../dataset/datasets/imb_cub_0.1/train/Western_Gull/1352.jpg	Water.
../dataset/datasets/imb_cub_0.1/train/Western_Gull/1348.jpg	Ocean and sky.
../dataset/datasets/imb_cub_0.1/train/Western_Gull/1353.jpg	Cloudy sky.
../dataset/datasets/imb_cub_0.1/train/Western_Gull/1347.jpg	The background is blurred and neutral-toned.
../dataset/datasets/imb_cub_0.1/train/Western_Gull/1340.jpg	A bird stands on rocks, with water in the background.
../dataset/datasets/imb_cub_0.1/train/Western_Gull/1343.jpg	A bird stands on ice with blurred background.
../dataset/datasets/imb_cub_0.1/train/Western_Gull/1351.jpg	Ocean waves.
../dataset/datasets/imb_cub_0.1/train/Western_Gull/1349.jpg	A bird stands on concrete, with water and trees in the background.
../dataset/datasets/imb_cub_0.1/train/Western_Gull/1346.jpg	A bird perched against blurred lights and sky.
../dataset/datasets/imb_cub_0.1/train/Western_Gull/1350.jpg	A bird stands on a ledge with cars and a FedEx truck in the background.
../dataset/datasets/imb_cub_0.1/train/Anna_Hummingbird/1362.jpg	The background is blurred, with soft, out-of-focus colors.
../dataset/datasets/imb_cub_0.1/train/Anna_Hummingbird/1359.jpg	The background is blurred with red and green hues.
../dataset/datasets/imb_cub_0.1/train/Anna_Hummingbird/1361.jpg	Green and blurred.
../dataset/datasets/imb_cub_0.1/train/Anna_Hummingbird/1363.jpg	Wooden fence.
../dataset/datasets/imb_cub_0.1/train/Anna_Hummingbird/1357.jpg	The background is dark and blurred.
../dataset/datasets/imb_cub_0.1/train/Anna_Hummingbird/1356.jpg	Blurred greenery.
../dataset/datasets/imb_cub_0.1/train/Anna_Hummingbird/1364.jpg	The background is plain and gray.
../dataset/datasets/imb_cub_0.1/train/Anna_Hummingbird/1366.jpg	Blurred green and brown.
../dataset/datasets/imb_cub_0.1/train/Anna_Hummingbird/1365.jpg	Green foliage and red flowers.
../dataset/datasets/imb_cub_0.1/train/Anna_Hummingbird/1360.jpg	Blurred greenery and red flower.
../dataset/datasets/imb_cub_0.1/train/Anna_Hummingbird/1358.jpg	Green foliage.
../dataset/datasets/imb_cub_0.1/train/Anna_Hummingbird/1355.jpg	The background is blurred, showing a neutral, earthy tone.
../dataset/datasets/imb_cub_0.1/train/Anna_Hummingbird/1354.jpg	The background is plain and light-colored.
../dataset/datasets/imb_cub_0.1/train/Ruby_throated_Hummingbird/1370.jpg	Green and blurred.
../dataset/datasets/imb_cub_0.1/train/Ruby_throated_Hummingbird/1377.jpg	Green, blurred.
../dataset/datasets/imb_cub_0.1/train/Ruby_throated_Hummingbird/1376.jpg	Blurred green and blue.
../dataset/datasets/imb_cub_0.1/train/Ruby_throated_Hummingbird/1369.jpg	The background is a clear blue sky.
../dataset/datasets/imb_cub_0.1/train/Ruby_throated_Hummingbird/1368.jpg	Blurred green background.
../dataset/datasets/imb_cub_0.1/train/Ruby_throated_Hummingbird/1372.jpg	Green, blurred foliage.
../dataset/datasets/imb_cub_0.1/train/Ruby_throated_Hummingbird/1374.jpg	Blurred green.
../dataset/datasets/imb_cub_0.1/train/Ruby_throated_Hummingbird/1378.jpg	Green background.
../dataset/datasets/imb_cub_0.1/train/Ruby_throated_Hummingbird/1371.jpg	The background is blurred and neutral-toned.
../dataset/datasets/imb_cub_0.1/train/Ruby_throated_Hummingbird/1367.jpg	Dark green, blurred.
../dataset/datasets/imb_cub_0.1/train/Ruby_throated_Hummingbird/1379.jpg	Green, blurred background.
../dataset/datasets/imb_cub_0.1/train/Ruby_throated_Hummingbird/1375.jpg	Green, blurred leaves.
../dataset/datasets/imb_cub_0.1/train/Ruby_throated_Hummingbird/1373.jpg	The background is dark.
../dataset/datasets/imb_cub_0.1/train/Rufous_Hummingbird/1382.jpg	Blurred green background.
../dataset/datasets/imb_cub_0.1/train/Rufous_Hummingbird/1391.jpg	Green leaves and branches.
../dataset/datasets/imb_cub_0.1/train/Rufous_Hummingbird/1386.jpg	The background is plain and light-colored.
../dataset/datasets/imb_cub_0.1/train/Rufous_Hummingbird/1381.jpg	Green leaves, blurred background.
../dataset/datasets/imb_cub_0.1/train/Rufous_Hummingbird/1387.jpg	Blurred, dark green and purple flowers.
../dataset/datasets/imb_cub_0.1/train/Rufous_Hummingbird/1388.jpg	The background is a solid, muted blue-gray.
../dataset/datasets/imb_cub_0.1/train/Rufous_Hummingbird/1392.jpg	Green leaves and branches.
../dataset/datasets/imb_cub_0.1/train/Rufous_Hummingbird/1380.jpg	Green, blurred background.
../dataset/datasets/imb_cub_0.1/train/Rufous_Hummingbird/1383.jpg	Green, blurred.
../dataset/datasets/imb_cub_0.1/train/Rufous_Hummingbird/1389.jpg	The background is green and blurred.
../dataset/datasets/imb_cub_0.1/train/Rufous_Hummingbird/1384.jpg	Blurred, soft focus.
../dataset/datasets/imb_cub_0.1/train/Rufous_Hummingbird/1385.jpg	Green, blurred foliage.
../dataset/datasets/imb_cub_0.1/train/Rufous_Hummingbird/1390.jpg	Dark, blurred background.
../dataset/datasets/imb_cub_0.1/train/Green_Violetear/1394.jpg	The background features blurred green foliage and red flowers.
../dataset/datasets/imb_cub_0.1/train/Green_Violetear/1396.jpg	Green leaves, blurred background.
../dataset/datasets/imb_cub_0.1/train/Green_Violetear/1401.jpg	The background is blurred, suggesting a natural setting.
../dataset/datasets/imb_cub_0.1/train/Green_Violetear/1402.jpg	Blurred orange and green foliage.
../dataset/datasets/imb_cub_0.1/train/Green_Violetear/1397.jpg	Green, blurred foliage.
../dataset/datasets/imb_cub_0.1/train/Green_Violetear/1398.jpg	The background is blurred with pink and green hues.
../dataset/datasets/imb_cub_0.1/train/Green_Violetear/1403.jpg	Blurred green and purple.
../dataset/datasets/imb_cub_0.1/train/Green_Violetear/1393.jpg	Dark, blurred background.
../dataset/datasets/imb_cub_0.1/train/Green_Violetear/1395.jpg	Green foliage.
../dataset/datasets/imb_cub_0.1/train/Green_Violetear/1405.jpg	Dark, blurred background.
../dataset/datasets/imb_cub_0.1/train/Green_Violetear/1400.jpg	Green leaves and blurred background.
../dataset/datasets/imb_cub_0.1/train/Green_Violetear/1404.jpg	Blurred green.
../dataset/datasets/imb_cub_0.1/train/Green_Violetear/1399.jpg	The background is green foliage.
../dataset/datasets/imb_cub_0.1/train/Long_tailed_Jaeger/1413.jpg	The background is blurred greenery.
../dataset/datasets/imb_cub_0.1/train/Long_tailed_Jaeger/1414.jpg	A bird soars against a pale sky.
../dataset/datasets/imb_cub_0.1/train/Long_tailed_Jaeger/1409.jpg	A bird in water with ripples.
../dataset/datasets/imb_cub_0.1/train/Long_tailed_Jaeger/1408.jpg	Clear blue sky.
../dataset/datasets/imb_cub_0.1/train/Long_tailed_Jaeger/1412.jpg	A bird soars over water with blurred horizon.
../dataset/datasets/imb_cub_0.1/train/Long_tailed_Jaeger/1406.jpg	Grassy field with blurred vegetation.
../dataset/datasets/imb_cub_0.1/train/Long_tailed_Jaeger/1411.jpg	Clear blue sky.
../dataset/datasets/imb_cub_0.1/train/Long_tailed_Jaeger/1407.jpg	A bird perched on post, grassy field, water, mountains.
../dataset/datasets/imb_cub_0.1/train/Long_tailed_Jaeger/1417.jpg	Clear blue sky.
../dataset/datasets/imb_cub_0.1/train/Long_tailed_Jaeger/1416.jpg	Clear blue sky.
../dataset/datasets/imb_cub_0.1/train/Long_tailed_Jaeger/1418.jpg	The bird is set against a plain white background.
../dataset/datasets/imb_cub_0.1/train/Long_tailed_Jaeger/1415.jpg	Open, flat landscape with cloudy sky.
../dataset/datasets/imb_cub_0.1/train/Long_tailed_Jaeger/1410.jpg	The background is blurred green.
../dataset/datasets/imb_cub_0.1/train/Pomarine_Jaeger/1424.jpg	The bird is set against a plain, light sky.
../dataset/datasets/imb_cub_0.1/train/Pomarine_Jaeger/1430.jpg	A bird soars against a clear blue sky.
../dataset/datasets/imb_cub_0.1/train/Pomarine_Jaeger/1431.jpg	Clear blue sky.
../dataset/datasets/imb_cub_0.1/train/Pomarine_Jaeger/1427.jpg	Beach, sand, water.
../dataset/datasets/imb_cub_0.1/train/Pomarine_Jaeger/1423.jpg	A bird flying over rippling water.
../dataset/datasets/imb_cub_0.1/train/Pomarine_Jaeger/1426.jpg	A bird is flying over water with ripples and reflections.
../dataset/datasets/imb_cub_0.1/train/Pomarine_Jaeger/1425.jpg	Clear blue sky.
../dataset/datasets/imb_cub_0.1/train/Pomarine_Jaeger/1420.jpg	A bird soars over calm blue water.
../dataset/datasets/imb_cub_0.1/train/Pomarine_Jaeger/1421.jpg	Clear blue sky.
../dataset/datasets/imb_cub_0.1/train/Pomarine_Jaeger/1422.jpg	A bird against clear blue sky.
../dataset/datasets/imb_cub_0.1/train/Pomarine_Jaeger/1429.jpg	A bird flying over water.
../dataset/datasets/imb_cub_0.1/train/Pomarine_Jaeger/1428.jpg	Clear blue sky.
../dataset/datasets/imb_cub_0.1/train/Pomarine_Jaeger/1419.jpg	A bird soars against a clear blue sky.
../dataset/datasets/imb_cub_0.1/train/Blue_Jay/1442.jpg	Grass and foliage.
../dataset/datasets/imb_cub_0.1/train/Blue_Jay/1443.jpg	A bird perched on tree branches with green leaves.
../dataset/datasets/imb_cub_0.1/train/Blue_Jay/1439.jpg	The background is blurred, with muted tones and tree branches.
../dataset/datasets/imb_cub_0.1/train/Blue_Jay/1440.jpg	Green foliage.
../dataset/datasets/imb_cub_0.1/train/Blue_Jay/1441.jpg	A bird stands against red autumn leaves.
../dataset/datasets/imb_cub_0.1/train/Blue_Jay/1438.jpg	The background is blurred, suggesting a natural setting with muted colors.
../dataset/datasets/imb_cub_0.1/train/Blue_Jay/1437.jpg	A bird perched on a branch surrounded by green leaves.
../dataset/datasets/imb_cub_0.1/train/Blue_Jay/1432.jpg	Ground covered with seeds and leaves.
../dataset/datasets/imb_cub_0.1/train/Blue_Jay/1434.jpg	The background is blurred greenery.
../dataset/datasets/imb_cub_0.1/train/Blue_Jay/1433.jpg	Blurred greenery.
../dataset/datasets/imb_cub_0.1/train/Blue_Jay/1436.jpg	A bird perched on a branch surrounded by green foliage and white flowers.
../dataset/datasets/imb_cub_0.1/train/Blue_Jay/1435.jpg	Bare branches, snowy.
../dataset/datasets/imb_cub_0.1/train/Florida_Jay/1445.jpg	Blurred greenery.
../dataset/datasets/imb_cub_0.1/train/Florida_Jay/1450.jpg	Green foliage.
../dataset/datasets/imb_cub_0.1/train/Florida_Jay/1448.jpg	The background is a plain, light gray sky.
../dataset/datasets/imb_cub_0.1/train/Florida_Jay/1453.jpg	A bird perched on branch, blue sky and green foliage behind.
../dataset/datasets/imb_cub_0.1/train/Florida_Jay/1447.jpg	Clear blue sky, green leaves.
../dataset/datasets/imb_cub_0.1/train/Florida_Jay/1449.jpg	The background is a plain, light sky.
../dataset/datasets/imb_cub_0.1/train/Florida_Jay/1452.jpg	The background is blurred with green and brown foliage.
../dataset/datasets/imb_cub_0.1/train/Florida_Jay/1444.jpg	The background is a blurred mix of green foliage and brown branches.
../dataset/datasets/imb_cub_0.1/train/Florida_Jay/1446.jpg	Clear blue sky.
../dataset/datasets/imb_cub_0.1/train/Florida_Jay/1455.jpg	Blurred, natural setting.
../dataset/datasets/imb_cub_0.1/train/Florida_Jay/1451.jpg	Grass and sunlight.
../dataset/datasets/imb_cub_0.1/train/Florida_Jay/1454.jpg	Dry grass and blurred ground.
../dataset/datasets/imb_cub_0.1/train/Green_Jay/1458.jpg	The background is blurred greenery.
../dataset/datasets/imb_cub_0.1/train/Green_Jay/1467.jpg	The background is a blurred mix of earthy tones, suggesting a natural setting.
../dataset/datasets/imb_cub_0.1/train/Green_Jay/1462.jpg	A bird perched on a branch with green foliage and trees in the background.
../dataset/datasets/imb_cub_0.1/train/Green_Jay/1461.jpg	The background is blurred green.
../dataset/datasets/imb_cub_0.1/train/Green_Jay/1457.jpg	The background is dry grass and foliage.
../dataset/datasets/imb_cub_0.1/train/Green_Jay/1466.jpg	The background is blurred greenery.
../dataset/datasets/imb_cub_0.1/train/Green_Jay/1465.jpg	A bird perched on green foliage.
../dataset/datasets/imb_cub_0.1/train/Green_Jay/1456.jpg	The background is blurred green foliage.
../dataset/datasets/imb_cub_0.1/train/Green_Jay/1463.jpg	Green leaves, blurred background.
../dataset/datasets/imb_cub_0.1/train/Green_Jay/1464.jpg	A bird on rocks.
../dataset/datasets/imb_cub_0.1/train/Green_Jay/1460.jpg	A bird perched on branch, green foliage blurred behind.
../dataset/datasets/imb_cub_0.1/train/Green_Jay/1459.jpg	The background is blurred green foliage and branches.
../dataset/datasets/imb_cub_0.1/train/Dark_eyed_Junco/1473.jpg	The background is blurred, greenish-yellow.
../dataset/datasets/imb_cub_0.1/train/Dark_eyed_Junco/1468.jpg	The background is blurred, with muted green and brown tones.
../dataset/datasets/imb_cub_0.1/train/Dark_eyed_Junco/1472.jpg	The background is plain and blurred.
../dataset/datasets/imb_cub_0.1/train/Dark_eyed_Junco/1476.jpg	The background is blurred branches and greenery.
../dataset/datasets/imb_cub_0.1/train/Dark_eyed_Junco/1469.jpg	A bird on a rock.
../dataset/datasets/imb_cub_0.1/train/Dark_eyed_Junco/1478.jpg	The background is blurred, showing muted colors.
../dataset/datasets/imb_cub_0.1/train/Dark_eyed_Junco/1479.jpg	Blurred, bokeh effect with warm tones.
../dataset/datasets/imb_cub_0.1/train/Dark_eyed_Junco/1477.jpg	The background is blurred with branches and soft colors.
../dataset/datasets/imb_cub_0.1/train/Dark_eyed_Junco/1474.jpg	Blurred branches and sky.
../dataset/datasets/imb_cub_0.1/train/Dark_eyed_Junco/1470.jpg	Fall leaves, grass.
../dataset/datasets/imb_cub_0.1/train/Dark_eyed_Junco/1471.jpg	The background is green and mossy.
../dataset/datasets/imb_cub_0.1/train/Dark_eyed_Junco/1475.jpg	The background is grassy and blurred.
../dataset/datasets/imb_cub_0.1/train/Tropical_Kingbird/1485.jpg	Green, blurred foliage.
../dataset/datasets/imb_cub_0.1/train/Tropical_Kingbird/1491.jpg	Clear blue sky.
../dataset/datasets/imb_cub_0.1/train/Tropical_Kingbird/1487.jpg	The bird is against a plain white background.
../dataset/datasets/imb_cub_0.1/train/Tropical_Kingbird/1481.jpg	Clear blue sky.
../dataset/datasets/imb_cub_0.1/train/Tropical_Kingbird/1482.jpg	A bird perched on branch against clear sky.
../dataset/datasets/imb_cub_0.1/train/Tropical_Kingbird/1486.jpg	Blurred green and yellow.
../dataset/datasets/imb_cub_0.1/train/Tropical_Kingbird/1483.jpg	The background is blurred with green and brown tones.
../dataset/datasets/imb_cub_0.1/train/Tropical_Kingbird/1488.jpg	The background is dry, earthy ground with scattered leaves and twigs.
../dataset/datasets/imb_cub_0.1/train/Tropical_Kingbird/1480.jpg	Blurred green foliage.
../dataset/datasets/imb_cub_0.1/train/Tropical_Kingbird/1484.jpg	A bird perched on ropes against a clear blue sky.
../dataset/datasets/imb_cub_0.1/train/Tropical_Kingbird/1490.jpg	Clear blue sky.
../dataset/datasets/imb_cub_0.1/train/Tropical_Kingbird/1489.jpg	Green foliage.
../dataset/datasets/imb_cub_0.1/train/Gray_Kingbird/1500.jpg	A bird perched on branch against blue sky.
../dataset/datasets/imb_cub_0.1/train/Gray_Kingbird/1498.jpg	A bird perched against a clear blue sky.
../dataset/datasets/imb_cub_0.1/train/Gray_Kingbird/1495.jpg	The background is a clear sky with some green foliage.
../dataset/datasets/imb_cub_0.1/train/Gray_Kingbird/1502.jpg	The background is blurred, with shades of blue and brown.
../dataset/datasets/imb_cub_0.1/train/Gray_Kingbird/1493.jpg	Dark, blurred background.
../dataset/datasets/imb_cub_0.1/train/Gray_Kingbird/1496.jpg	Clear blue sky.
../dataset/datasets/imb_cub_0.1/train/Gray_Kingbird/1499.jpg	The bird is set against a clear blue sky.
../dataset/datasets/imb_cub_0.1/train/Gray_Kingbird/1494.jpg	The background is a plain, dark gray.
../dataset/datasets/imb_cub_0.1/train/Gray_Kingbird/1501.jpg	The background is blurred green.
../dataset/datasets/imb_cub_0.1/train/Gray_Kingbird/1492.jpg	Clear blue sky.
../dataset/datasets/imb_cub_0.1/train/Gray_Kingbird/1497.jpg	The background is plain and light-colored.
../dataset/datasets/imb_cub_0.1/train/Gray_Kingbird/1503.jpg	A bird perched on branch, blue sky and leaves behind.
../dataset/datasets/imb_cub_0.1/train/Belted_Kingfisher/1515.jpg	Green, blurred background.
../dataset/datasets/imb_cub_0.1/train/Belted_Kingfisher/1505.jpg	A bird perched on bare branches, blurred background.
../dataset/datasets/imb_cub_0.1/train/Belted_Kingfisher/1507.jpg	A bird perched on branch, blurred background.
../dataset/datasets/imb_cub_0.1/train/Belted_Kingfisher/1514.jpg	The background is a plain, light sky.
../dataset/datasets/imb_cub_0.1/train/Belted_Kingfisher/1509.jpg	The background is plain white.
../dataset/datasets/imb_cub_0.1/train/Belted_Kingfisher/1506.jpg	A bird perched on bare branches against a clear sky.
../dataset/datasets/imb_cub_0.1/train/Belted_Kingfisher/1513.jpg	Green leaves, tree branch.
../dataset/datasets/imb_cub_0.1/train/Belted_Kingfisher/1510.jpg	Green foliage, pine needles.
../dataset/datasets/imb_cub_0.1/train/Belted_Kingfisher/1508.jpg	The background is plain and light-colored.
../dataset/datasets/imb_cub_0.1/train/Belted_Kingfisher/1511.jpg	A bird perched on metal railing with boat and windows in background.
../dataset/datasets/imb_cub_0.1/train/Belted_Kingfisher/1504.jpg	Green foliage.
../dataset/datasets/imb_cub_0.1/train/Belted_Kingfisher/1512.jpg	Clear blue sky.
../dataset/datasets/imb_cub_0.1/train/Green_Kingfisher/1520.jpg	The background is blurred, showing branches and soft light.
../dataset/datasets/imb_cub_0.1/train/Green_Kingfisher/1518.jpg	The background is a plain, light gray sky.
../dataset/datasets/imb_cub_0.1/train/Green_Kingfisher/1516.jpg	Blurred greenery.
../dataset/datasets/imb_cub_0.1/train/Green_Kingfisher/1523.jpg	The background is blurred greenery.
../dataset/datasets/imb_cub_0.1/train/Green_Kingfisher/1526.jpg	Green, blurred background.
../dataset/datasets/imb_cub_0.1/train/Green_Kingfisher/1525.jpg	Green leaves and branches.
../dataset/datasets/imb_cub_0.1/train/Green_Kingfisher/1522.jpg	The background is blurred, showing a natural setting.
../dataset/datasets/imb_cub_0.1/train/Green_Kingfisher/1524.jpg	Green, blurred background.
../dataset/datasets/imb_cub_0.1/train/Green_Kingfisher/1517.jpg	Blurred green grass.
../dataset/datasets/imb_cub_0.1/train/Green_Kingfisher/1521.jpg	Blurred branches and foliage.
../dataset/datasets/imb_cub_0.1/train/Green_Kingfisher/1519.jpg	A bird perches on branch over water with leaves and branches in background.
../dataset/datasets/imb_cub_0.1/train/Pied_Kingfisher/1534.jpg	Tall grass and reeds.
../dataset/datasets/imb_cub_0.1/train/Pied_Kingfisher/1531.jpg	A bird perched on branch, blurred greenery behind.
../dataset/datasets/imb_cub_0.1/train/Pied_Kingfisher/1533.jpg	A bird perched on a stump against rippling water.
../dataset/datasets/imb_cub_0.1/train/Pied_Kingfisher/1536.jpg	A bird perched on a branch with blurred grass and sky.
../dataset/datasets/imb_cub_0.1/train/Pied_Kingfisher/1537.jpg	The background is blurred, with muted earth tones.
../dataset/datasets/imb_cub_0.1/train/Pied_Kingfisher/1527.jpg	A bird perched on a branch against a cloudy sky.
../dataset/datasets/imb_cub_0.1/train/Pied_Kingfisher/1529.jpg	The background is blurred, with muted colors.
../dataset/datasets/imb_cub_0.1/train/Pied_Kingfisher/1532.jpg	The background is blurred, suggesting water.
../dataset/datasets/imb_cub_0.1/train/Pied_Kingfisher/1530.jpg	A bird stands on dry, earthy ground with scattered debris.
../dataset/datasets/imb_cub_0.1/train/Pied_Kingfisher/1528.jpg	A bird perched on branch, blurred greenery behind.
../dataset/datasets/imb_cub_0.1/train/Pied_Kingfisher/1535.jpg	A bird on sandy ground with a log and small plant.
../dataset/datasets/imb_cub_0.1/train/Ringed_Kingfisher/1546.jpg	The background is blurred with green foliage and trees.
../dataset/datasets/imb_cub_0.1/train/Ringed_Kingfisher/1543.jpg	A bird perched on wire against clear sky.
../dataset/datasets/imb_cub_0.1/train/Ringed_Kingfisher/1547.jpg	A bird perched on branch, green and blue blurred background.
../dataset/datasets/imb_cub_0.1/train/Ringed_Kingfisher/1539.jpg	A bird perched on branch, green foliage behind.
../dataset/datasets/imb_cub_0.1/train/Ringed_Kingfisher/1540.jpg	A bird perched on branch, green foliage and yellow flowers.
../dataset/datasets/imb_cub_0.1/train/Ringed_Kingfisher/1542.jpg	A bird perched on a branch with green leaves.
../dataset/datasets/imb_cub_0.1/train/Ringed_Kingfisher/1544.jpg	The background is a plain, light gray sky.
../dataset/datasets/imb_cub_0.1/train/Ringed_Kingfisher/1545.jpg	The background is a plain, light gray sky.
../dataset/datasets/imb_cub_0.1/train/Ringed_Kingfisher/1541.jpg	Green, blurred background.
../dataset/datasets/imb_cub_0.1/train/Ringed_Kingfisher/1538.jpg	The bird is set against a plain, overcast sky.
../dataset/datasets/imb_cub_0.1/train/Ringed_Kingfisher/1548.jpg	A bird perched on green foliage.
../dataset/datasets/imb_cub_0.1/train/White_breasted_Kingfisher/1549.jpg	The background is blurred greenery.
../dataset/datasets/imb_cub_0.1/train/White_breasted_Kingfisher/1557.jpg	The background is blurred, with muted colors and indistinct shapes.
../dataset/datasets/imb_cub_0.1/train/White_breasted_Kingfisher/1551.jpg	A bird perched on branch against green background.
../dataset/datasets/imb_cub_0.1/train/White_breasted_Kingfisher/1553.jpg	A bird perched on rock, blurred water behind.
../dataset/datasets/imb_cub_0.1/train/White_breasted_Kingfisher/1552.jpg	A bird perched on a rope against a clear blue sky.
../dataset/datasets/imb_cub_0.1/train/White_breasted_Kingfisher/1555.jpg	A bird perched on wires against a clear blue sky.
../dataset/datasets/imb_cub_0.1/train/White_breasted_Kingfisher/1559.jpg	The background is blurred, showing greenery and a wooden structure.
../dataset/datasets/imb_cub_0.1/train/White_breasted_Kingfisher/1558.jpg	A bird perched on a branch against a dark blue sky.
../dataset/datasets/imb_cub_0.1/train/White_breasted_Kingfisher/1556.jpg	Blurred greenery.
../dataset/datasets/imb_cub_0.1/train/White_breasted_Kingfisher/1554.jpg	A bird perched on tree branches against a clear blue sky.
../dataset/datasets/imb_cub_0.1/train/White_breasted_Kingfisher/1550.jpg	The background is green foliage.
../dataset/datasets/imb_cub_0.1/train/Red_legged_Kittiwake/1563.jpg	The bird is perched on a rocky surface.
../dataset/datasets/imb_cub_0.1/train/Red_legged_Kittiwake/1570.jpg	The background is blurred, suggesting a natural setting.
../dataset/datasets/imb_cub_0.1/train/Red_legged_Kittiwake/1569.jpg	Rocky cliff, blue water.
../dataset/datasets/imb_cub_0.1/train/Red_legged_Kittiwake/1565.jpg	A bird soars over rippling water.
../dataset/datasets/imb_cub_0.1/train/Red_legged_Kittiwake/1562.jpg	A bird perched on rock, water behind.
../dataset/datasets/imb_cub_0.1/train/Red_legged_Kittiwake/1567.jpg	The background is a mossy, textured surface.
../dataset/datasets/imb_cub_0.1/train/Red_legged_Kittiwake/1564.jpg	Rocky, grassy terrain.
../dataset/datasets/imb_cub_0.1/train/Red_legged_Kittiwake/1560.jpg	The background is dark.
../dataset/datasets/imb_cub_0.1/train/Red_legged_Kittiwake/1568.jpg	The background is rocky and dark.
../dataset/datasets/imb_cub_0.1/train/Red_legged_Kittiwake/1566.jpg	A bird stands on dark sand near water.
../dataset/datasets/imb_cub_0.1/train/Red_legged_Kittiwake/1561.jpg	The background is dark and blurred, suggesting a natural setting.
../dataset/datasets/imb_cub_0.1/train/Horned_Lark/1578.jpg	The background is a textured, gray surface.
../dataset/datasets/imb_cub_0.1/train/Horned_Lark/1572.jpg	Snowy ground with dried grass.
../dataset/datasets/imb_cub_0.1/train/Horned_Lark/1580.jpg	The background is blurred, with muted greens and grays.
../dataset/datasets/imb_cub_0.1/train/Horned_Lark/1581.jpg	The background is a mix of soil and small green plants.
../dataset/datasets/imb_cub_0.1/train/Horned_Lark/1579.jpg	A bird on snow.
../dataset/datasets/imb_cub_0.1/train/Horned_Lark/1577.jpg	The background is blurred, suggesting a natural outdoor setting.
../dataset/datasets/imb_cub_0.1/train/Horned_Lark/1571.jpg	The background is dry, earthy, and blurred.
../dataset/datasets/imb_cub_0.1/train/Horned_Lark/1573.jpg	A bird stands on sandy ground with scattered rocks and sparse vegetation.
../dataset/datasets/imb_cub_0.1/train/Horned_Lark/1574.jpg	The background is sandy and rocky.
../dataset/datasets/imb_cub_0.1/train/Horned_Lark/1575.jpg	The background is a plain, snowy landscape.
../dataset/datasets/imb_cub_0.1/train/Horned_Lark/1576.jpg	Grassy field with blurred background.
../dataset/datasets/imb_cub_0.1/train/Pacific_Loon/1588.jpg	A bird on rippling water.
../dataset/datasets/imb_cub_0.1/train/Pacific_Loon/1592.jpg	A bird floats on clear water with rocks visible beneath.
../dataset/datasets/imb_cub_0.1/train/Pacific_Loon/1583.jpg	Water with ripples.
../dataset/datasets/imb_cub_0.1/train/Pacific_Loon/1582.jpg	Ripples on water surface.
../dataset/datasets/imb_cub_0.1/train/Pacific_Loon/1584.jpg	Water.
../dataset/datasets/imb_cub_0.1/train/Pacific_Loon/1589.jpg	A bird on calm water.
../dataset/datasets/imb_cub_0.1/train/Pacific_Loon/1591.jpg	The background is blurred, suggesting water or sand.
../dataset/datasets/imb_cub_0.1/train/Pacific_Loon/1590.jpg	A bird swimming in rippling water.
../dataset/datasets/imb_cub_0.1/train/Pacific_Loon/1587.jpg	A bird swimming on blue water.
../dataset/datasets/imb_cub_0.1/train/Pacific_Loon/1586.jpg	Water with ripples.
../dataset/datasets/imb_cub_0.1/train/Pacific_Loon/1585.jpg	The background is sandy and wet.
../dataset/datasets/imb_cub_0.1/train/Mallard/1600.jpg	Grass, water, plants.
../dataset/datasets/imb_cub_0.1/train/Mallard/1594.jpg	Water, plants, reflection.
../dataset/datasets/imb_cub_0.1/train/Mallard/1593.jpg	Gravel and grass.
../dataset/datasets/imb_cub_0.1/train/Mallard/1601.jpg	Water.
../dataset/datasets/imb_cub_0.1/train/Mallard/1598.jpg	The background is a textured, gray surface with some scattered debris.
../dataset/datasets/imb_cub_0.1/train/Mallard/1602.jpg	Water with ripples.
../dataset/datasets/imb_cub_0.1/train/Mallard/1595.jpg	The background is sandy and wet.
../dataset/datasets/imb_cub_0.1/train/Mallard/1597.jpg	Water with reflections.
../dataset/datasets/imb_cub_0.1/train/Mallard/1596.jpg	Green grass with yellow flowers.
../dataset/datasets/imb_cub_0.1/train/Mallard/1599.jpg	Grass and water.
../dataset/datasets/imb_cub_0.1/train/Mallard/1603.jpg	Water with ripples.
../dataset/datasets/imb_cub_0.1/train/Western_Meadowlark/1604.jpg	The background is a solid green.
../dataset/datasets/imb_cub_0.1/train/Western_Meadowlark/1609.jpg	Blurred, dry, earthy tones.
../dataset/datasets/imb_cub_0.1/train/Western_Meadowlark/1608.jpg	Green, blurred background.
../dataset/datasets/imb_cub_0.1/train/Western_Meadowlark/1606.jpg	A bird against a blue sky.
../dataset/datasets/imb_cub_0.1/train/Western_Meadowlark/1613.jpg	Clear blue sky.
../dataset/datasets/imb_cub_0.1/train/Western_Meadowlark/1610.jpg	The background is a plain, light-colored sky.
../dataset/datasets/imb_cub_0.1/train/Western_Meadowlark/1605.jpg	Blurred, dry grass.
../dataset/datasets/imb_cub_0.1/train/Western_Meadowlark/1607.jpg	The background is blurred green.
../dataset/datasets/imb_cub_0.1/train/Western_Meadowlark/1612.jpg	The background is blurred, suggesting an outdoor setting.
../dataset/datasets/imb_cub_0.1/train/Western_Meadowlark/1611.jpg	The background is plain white.
../dataset/datasets/imb_cub_0.1/train/Hooded_Merganser/1622.jpg	The bird is on water.
../dataset/datasets/imb_cub_0.1/train/Hooded_Merganser/1617.jpg	Ripples, water reflections.
../dataset/datasets/imb_cub_0.1/train/Hooded_Merganser/1619.jpg	A bird swims on calm water.
../dataset/datasets/imb_cub_0.1/train/Hooded_Merganser/1623.jpg	Water.
../dataset/datasets/imb_cub_0.1/train/Hooded_Merganser/1614.jpg	Water with reflections.
../dataset/datasets/imb_cub_0.1/train/Hooded_Merganser/1615.jpg	Water.
../dataset/datasets/imb_cub_0.1/train/Hooded_Merganser/1621.jpg	Water.
../dataset/datasets/imb_cub_0.1/train/Hooded_Merganser/1620.jpg	The bird is swimming on water with ripples around it.
../dataset/datasets/imb_cub_0.1/train/Hooded_Merganser/1616.jpg	Ripples and reflections on water.
../dataset/datasets/imb_cub_0.1/train/Hooded_Merganser/1618.jpg	The background is a blurred, muted water surface.
../dataset/datasets/imb_cub_0.1/train/Red_breasted_Merganser/1628.jpg	Ripples on water surface.
../dataset/datasets/imb_cub_0.1/train/Red_breasted_Merganser/1630.jpg	Ripples on water surface.
../dataset/datasets/imb_cub_0.1/train/Red_breasted_Merganser/1624.jpg	Water.
../dataset/datasets/imb_cub_0.1/train/Red_breasted_Merganser/1631.jpg	Ripples on water surface.
../dataset/datasets/imb_cub_0.1/train/Red_breasted_Merganser/1632.jpg	Water.
../dataset/datasets/imb_cub_0.1/train/Red_breasted_Merganser/1625.jpg	A bird on rippling water.
../dataset/datasets/imb_cub_0.1/train/Red_breasted_Merganser/1626.jpg	Blue water.
../dataset/datasets/imb_cub_0.1/train/Red_breasted_Merganser/1627.jpg	Water.
../dataset/datasets/imb_cub_0.1/train/Red_breasted_Merganser/1633.jpg	The background is water.
../dataset/datasets/imb_cub_0.1/train/Red_breasted_Merganser/1629.jpg	Water.
../dataset/datasets/imb_cub_0.1/train/Mockingbird/1639.jpg	A bird perched on red berries with blurred background.
../dataset/datasets/imb_cub_0.1/train/Mockingbird/1635.jpg	Dry grass and twigs.
../dataset/datasets/imb_cub_0.1/train/Mockingbird/1642.jpg	A bird perched on branch, green leaves and sky.
../dataset/datasets/imb_cub_0.1/train/Mockingbird/1641.jpg	A bird perched on branch, blue sky and green foliage.
../dataset/datasets/imb_cub_0.1/train/Mockingbird/1637.jpg	Grass and leaves.
../dataset/datasets/imb_cub_0.1/train/Mockingbird/1634.jpg	Clear blue sky.
../dataset/datasets/imb_cub_0.1/train/Mockingbird/1643.jpg	Leaves and twigs on ground.
../dataset/datasets/imb_cub_0.1/train/Mockingbird/1640.jpg	Grassy field.
../dataset/datasets/imb_cub_0.1/train/Mockingbird/1638.jpg	Blurred greenery, tree trunk.
../dataset/datasets/imb_cub_0.1/train/Mockingbird/1636.jpg	The background is blurred greenery.
../dataset/datasets/imb_cub_0.1/train/Nighthawk/1649.jpg	The background is a mix of green and brown vegetation.
../dataset/datasets/imb_cub_0.1/train/Nighthawk/1651.jpg	The bird is on a rough, textured surface with scattered debris.
../dataset/datasets/imb_cub_0.1/train/Nighthawk/1648.jpg	Clear blue sky.
../dataset/datasets/imb_cub_0.1/train/Nighthawk/1644.jpg	The background is a plain, light gray sky.
../dataset/datasets/imb_cub_0.1/train/Nighthawk/1652.jpg	The background consists of sandy ground with scattered shells.
../dataset/datasets/imb_cub_0.1/train/Nighthawk/1645.jpg	The background is a clear, light blue sky.
../dataset/datasets/imb_cub_0.1/train/Nighthawk/1650.jpg	A bird stands against a blue, blurred background.
../dataset/datasets/imb_cub_0.1/train/Nighthawk/1646.jpg	The background is blurred with tree branches and sky.
../dataset/datasets/imb_cub_0.1/train/Nighthawk/1647.jpg	Green, blurred background.
../dataset/datasets/imb_cub_0.1/train/Nighthawk/1653.jpg	Clear blue sky.
../dataset/datasets/imb_cub_0.1/train/Clark_Nutcracker/1661.jpg	A bird perched on car roof, surrounded by trees and sky.
../dataset/datasets/imb_cub_0.1/train/Clark_Nutcracker/1655.jpg	A bird stands near water, with logs and rocks in the background.
../dataset/datasets/imb_cub_0.1/train/Clark_Nutcracker/1657.jpg	Green, blurred foliage.
../dataset/datasets/imb_cub_0.1/train/Clark_Nutcracker/1658.jpg	Grass and dirt.
../dataset/datasets/imb_cub_0.1/train/Clark_Nutcracker/1659.jpg	Cloudy sky.
../dataset/datasets/imb_cub_0.1/train/Clark_Nutcracker/1656.jpg	A bird on wooden surface, blurry background.
../dataset/datasets/imb_cub_0.1/train/Clark_Nutcracker/1654.jpg	Rocky, green foliage.
../dataset/datasets/imb_cub_0.1/train/Clark_Nutcracker/1660.jpg	Grass and plants.
../dataset/datasets/imb_cub_0.1/train/Clark_Nutcracker/1662.jpg	The background is blurred, showing greenery and earth tones.
../dataset/datasets/imb_cub_0.1/train/Clark_Nutcracker/1663.jpg	The background is blurred, suggesting a natural outdoor setting.
../dataset/datasets/imb_cub_0.1/train/White_breasted_Nuthatch/1664.jpg	Clear blue sky.
../dataset/datasets/imb_cub_0.1/train/White_breasted_Nuthatch/1673.jpg	Green, blurred foliage.
../dataset/datasets/imb_cub_0.1/train/White_breasted_Nuthatch/1671.jpg	The background is blurred, showing a natural setting with muted colors.
../dataset/datasets/imb_cub_0.1/train/White_breasted_Nuthatch/1666.jpg	The background is blurred, showing a natural setting with muted colors.
../dataset/datasets/imb_cub_0.1/train/White_breasted_Nuthatch/1667.jpg	The background is blurred with green and brown tones, suggesting grass and fallen leaves.
../dataset/datasets/imb_cub_0.1/train/White_breasted_Nuthatch/1672.jpg	Blurred, natural setting.
../dataset/datasets/imb_cub_0.1/train/White_breasted_Nuthatch/1669.jpg	The background is blurred, showing a natural setting with earthy tones.
../dataset/datasets/imb_cub_0.1/train/White_breasted_Nuthatch/1665.jpg	The background is blurred, showing a natural setting with soft colors.
../dataset/datasets/imb_cub_0.1/train/White_breasted_Nuthatch/1670.jpg	The background is blurred, light-colored.
../dataset/datasets/imb_cub_0.1/train/White_breasted_Nuthatch/1668.jpg	Blurred greenery.
../dataset/datasets/imb_cub_0.1/train/Baltimore_Oriole/1680.jpg	Green leaves and branches.
../dataset/datasets/imb_cub_0.1/train/Baltimore_Oriole/1677.jpg	Green blurred background.
../dataset/datasets/imb_cub_0.1/train/Baltimore_Oriole/1676.jpg	The background is blurred green foliage.
../dataset/datasets/imb_cub_0.1/train/Baltimore_Oriole/1682.jpg	A bird perched on branch, blurred background.
../dataset/datasets/imb_cub_0.1/train/Baltimore_Oriole/1678.jpg	Green, blurred grass.
../dataset/datasets/imb_cub_0.1/train/Baltimore_Oriole/1674.jpg	Green, blurred background.
../dataset/datasets/imb_cub_0.1/train/Baltimore_Oriole/1675.jpg	Green grass, wooden railing.
../dataset/datasets/imb_cub_0.1/train/Baltimore_Oriole/1679.jpg	Blurred, natural setting.
../dataset/datasets/imb_cub_0.1/train/Baltimore_Oriole/1681.jpg	A bird perched on a branch with green leaves and blue sky.
../dataset/datasets/imb_cub_0.1/train/Baltimore_Oriole/1683.jpg	Green, blurred foliage.
../dataset/datasets/imb_cub_0.1/train/Hooded_Oriole/1685.jpg	Green, blurred background.
../dataset/datasets/imb_cub_0.1/train/Hooded_Oriole/1689.jpg	Blurred, out-of-focus background.
../dataset/datasets/imb_cub_0.1/train/Hooded_Oriole/1684.jpg	The background is blurred with green foliage and branches.
../dataset/datasets/imb_cub_0.1/train/Hooded_Oriole/1687.jpg	The background is blurred, with muted earth tones.
../dataset/datasets/imb_cub_0.1/train/Hooded_Oriole/1692.jpg	The background is blurred, showing a neutral tone.
../dataset/datasets/imb_cub_0.1/train/Hooded_Oriole/1688.jpg	A bird perched on a branch with green foliage and blurred background.
../dataset/datasets/imb_cub_0.1/train/Hooded_Oriole/1691.jpg	The background is blurred with green leaves and a soft, muted sky.
../dataset/datasets/imb_cub_0.1/train/Hooded_Oriole/1686.jpg	The background is blurred, with muted colors.
../dataset/datasets/imb_cub_0.1/train/Hooded_Oriole/1690.jpg	A bird perched on a branch with green leaves and twigs.
../dataset/datasets/imb_cub_0.1/train/Orchard_Oriole/1701.jpg	White siding, green foliage.
../dataset/datasets/imb_cub_0.1/train/Orchard_Oriole/1698.jpg	The background is a clear blue sky with some tree branches and leaves.
../dataset/datasets/imb_cub_0.1/train/Orchard_Oriole/1697.jpg	The background is a pale, blurred sky with bare branches.
../dataset/datasets/imb_cub_0.1/train/Orchard_Oriole/1694.jpg	Blurred green foliage.
../dataset/datasets/imb_cub_0.1/train/Orchard_Oriole/1696.jpg	Green leaves, blurred background.
../dataset/datasets/imb_cub_0.1/train/Orchard_Oriole/1699.jpg	The background is a plain, light sky.
../dataset/datasets/imb_cub_0.1/train/Orchard_Oriole/1693.jpg	The background is blurred, with muted browns and grays.
../dataset/datasets/imb_cub_0.1/train/Orchard_Oriole/1695.jpg	The background is a blurred mix of green foliage and branches.
../dataset/datasets/imb_cub_0.1/train/Orchard_Oriole/1700.jpg	The background is blurred, showing greenery and a window.
../dataset/datasets/imb_cub_0.1/train/Scott_Oriole/1703.jpg	The background is blurred greenery.
../dataset/datasets/imb_cub_0.1/train/Scott_Oriole/1707.jpg	The background is blurred green foliage.
../dataset/datasets/imb_cub_0.1/train/Scott_Oriole/1709.jpg	The background is blurred, suggesting a natural outdoor setting.
../dataset/datasets/imb_cub_0.1/train/Scott_Oriole/1708.jpg	The background is blurred green foliage and branches.
../dataset/datasets/imb_cub_0.1/train/Scott_Oriole/1702.jpg	Green and blurred.
../dataset/datasets/imb_cub_0.1/train/Scott_Oriole/1704.jpg	The background is blurred with green foliage and a pale sky.
../dataset/datasets/imb_cub_0.1/train/Scott_Oriole/1710.jpg	The background is blurred greenery.
../dataset/datasets/imb_cub_0.1/train/Scott_Oriole/1706.jpg	A bird perched on red flowers with blurred greenery behind.
../dataset/datasets/imb_cub_0.1/train/Scott_Oriole/1705.jpg	The bird is on grass with scattered leaves and pebbles.
../dataset/datasets/imb_cub_0.1/train/Ovenbird/1711.jpg	Green foliage.
../dataset/datasets/imb_cub_0.1/train/Ovenbird/1717.jpg	The background is sandy with scattered leaves and twigs.
../dataset/datasets/imb_cub_0.1/train/Ovenbird/1712.jpg	Bare branches, blue sky.
../dataset/datasets/imb_cub_0.1/train/Ovenbird/1719.jpg	Green foliage, blurred.
../dataset/datasets/imb_cub_0.1/train/Ovenbird/1715.jpg	Green foliage, blurred background.
../dataset/datasets/imb_cub_0.1/train/Ovenbird/1714.jpg	Leaves and twigs.
../dataset/datasets/imb_cub_0.1/train/Ovenbird/1718.jpg	The background is a mix of dry leaves, twigs, and soil.
../dataset/datasets/imb_cub_0.1/train/Ovenbird/1716.jpg	Clear blue sky.
../dataset/datasets/imb_cub_0.1/train/Ovenbird/1713.jpg	Green foliage, blurred background.
../dataset/datasets/imb_cub_0.1/train/Brown_Pelican/1724.jpg	The background is a plain, overcast sky.
../dataset/datasets/imb_cub_0.1/train/Brown_Pelican/1727.jpg	Green water.
../dataset/datasets/imb_cub_0.1/train/Brown_Pelican/1722.jpg	Ocean waves.
../dataset/datasets/imb_cub_0.1/train/Brown_Pelican/1728.jpg	Water.
../dataset/datasets/imb_cub_0.1/train/Brown_Pelican/1723.jpg	Dark, textured background.
../dataset/datasets/imb_cub_0.1/train/Brown_Pelican/1725.jpg	A bird stands on wet sand near water.
../dataset/datasets/imb_cub_0.1/train/Brown_Pelican/1721.jpg	Water and wooden posts.
../dataset/datasets/imb_cub_0.1/train/Brown_Pelican/1726.jpg	A bird stands on sandy ground with blurred greenery in the background.
../dataset/datasets/imb_cub_0.1/train/Brown_Pelican/1720.jpg	Ocean and sky.
../dataset/datasets/imb_cub_0.1/train/White_Pelican/1729.jpg	Water.
../dataset/datasets/imb_cub_0.1/train/White_Pelican/1731.jpg	Water.
../dataset/datasets/imb_cub_0.1/train/White_Pelican/1736.jpg	Clear blue sky.
../dataset/datasets/imb_cub_0.1/train/White_Pelican/1737.jpg	The background is water.
../dataset/datasets/imb_cub_0.1/train/White_Pelican/1734.jpg	Dark, blurred background.
../dataset/datasets/imb_cub_0.1/train/White_Pelican/1732.jpg	The background is water.
../dataset/datasets/imb_cub_0.1/train/White_Pelican/1730.jpg	A bird against blue water.
../dataset/datasets/imb_cub_0.1/train/White_Pelican/1735.jpg	Green water, tree branches.
../dataset/datasets/imb_cub_0.1/train/White_Pelican/1733.jpg	Water.
../dataset/datasets/imb_cub_0.1/train/Western_Wood_Pewee/1744.jpg	The background is blurred green foliage.
../dataset/datasets/imb_cub_0.1/train/Western_Wood_Pewee/1743.jpg	The background is blurred with autumn leaves and branches.
../dataset/datasets/imb_cub_0.1/train/Western_Wood_Pewee/1740.jpg	Blurred green background.
../dataset/datasets/imb_cub_0.1/train/Western_Wood_Pewee/1745.jpg	Green, blurred background.
../dataset/datasets/imb_cub_0.1/train/Western_Wood_Pewee/1742.jpg	Green foliage, white flowers.
../dataset/datasets/imb_cub_0.1/train/Western_Wood_Pewee/1739.jpg	Green and blurred.
../dataset/datasets/imb_cub_0.1/train/Western_Wood_Pewee/1738.jpg	The background is blurred, suggesting water and sky.
../dataset/datasets/imb_cub_0.1/train/Western_Wood_Pewee/1741.jpg	Blurred greenery.
../dataset/datasets/imb_cub_0.1/train/Western_Wood_Pewee/1746.jpg	Green leaves and branches.
../dataset/datasets/imb_cub_0.1/train/Sayornis/1754.jpg	Clear blue sky.
../dataset/datasets/imb_cub_0.1/train/Sayornis/1753.jpg	Blurred green background.
../dataset/datasets/imb_cub_0.1/train/Sayornis/1750.jpg	The background is blurred and gray.
../dataset/datasets/imb_cub_0.1/train/Sayornis/1752.jpg	Clear blue sky.
../dataset/datasets/imb_cub_0.1/train/Sayornis/1747.jpg	A bird perched on yellow surface with blurred green and blue background.
../dataset/datasets/imb_cub_0.1/train/Sayornis/1751.jpg	Clear blue sky.
../dataset/datasets/imb_cub_0.1/train/Sayornis/1755.jpg	Blurred green and brown.
../dataset/datasets/imb_cub_0.1/train/Sayornis/1748.jpg	The background is a plain, warm brown.
../dataset/datasets/imb_cub_0.1/train/Sayornis/1749.jpg	The background is plain and light gray.
../dataset/datasets/imb_cub_0.1/train/American_Pipit/1764.jpg	The background is blurred greenery.
../dataset/datasets/imb_cub_0.1/train/American_Pipit/1758.jpg	The background is a mix of gravel and small rocks.
../dataset/datasets/imb_cub_0.1/train/American_Pipit/1760.jpg	The background is blurred, suggesting water and vegetation.
../dataset/datasets/imb_cub_0.1/train/American_Pipit/1759.jpg	A bird stands on soil with dry grass.
../dataset/datasets/imb_cub_0.1/train/American_Pipit/1762.jpg	Dry, earthy ground with scattered twigs and water.
../dataset/datasets/imb_cub_0.1/train/American_Pipit/1756.jpg	The background is a mix of dirt and small rocks.
../dataset/datasets/imb_cub_0.1/train/American_Pipit/1763.jpg	The background is blurred, showing green and brown tones.
../dataset/datasets/imb_cub_0.1/train/American_Pipit/1761.jpg	Water and rocks.
../dataset/datasets/imb_cub_0.1/train/American_Pipit/1757.jpg	Grassy field with blurred background.
../dataset/datasets/imb_cub_0.1/train/Whip_poor_Will/1768.jpg	Blurred green and pink foliage.
../dataset/datasets/imb_cub_0.1/train/Whip_poor_Will/1765.jpg	The background is blurred with green leaves and red flowers.
../dataset/datasets/imb_cub_0.1/train/Whip_poor_Will/1766.jpg	The background is blurred, with dark and green tones.
../dataset/datasets/imb_cub_0.1/train/Whip_poor_Will/1769.jpg	A bird perched on a branch with green leaves and blue sky.
../dataset/datasets/imb_cub_0.1/train/Whip_poor_Will/1767.jpg	The background consists of dried leaves and twigs.
../dataset/datasets/imb_cub_0.1/train/Whip_poor_Will/1771.jpg	The bird is perched on a tree stump surrounded by green foliage and leaves.
../dataset/datasets/imb_cub_0.1/train/Whip_poor_Will/1770.jpg	Grass and dirt.
../dataset/datasets/imb_cub_0.1/train/Whip_poor_Will/1772.jpg	The bird is on the ground with dry leaves and dirt.
../dataset/datasets/imb_cub_0.1/train/Horned_Puffin/1775.jpg	The background is black.
../dataset/datasets/imb_cub_0.1/train/Horned_Puffin/1780.jpg	Rocky, grassy, clear blue sky.
../dataset/datasets/imb_cub_0.1/train/Horned_Puffin/1776.jpg	Dark, blurred, water splashing.
../dataset/datasets/imb_cub_0.1/train/Horned_Puffin/1779.jpg	The background is blurred, suggesting an outdoor setting with indistinct shapes and colors.
../dataset/datasets/imb_cub_0.1/train/Horned_Puffin/1778.jpg	Rocky, blurred.
../dataset/datasets/imb_cub_0.1/train/Horned_Puffin/1774.jpg	A bird stands on rocks near a tree trunk and red structure.
../dataset/datasets/imb_cub_0.1/train/Horned_Puffin/1777.jpg	A bird stands on a rocky surface with blurred rocks behind.
../dataset/datasets/imb_cub_0.1/train/Horned_Puffin/1773.jpg	Rocky, gray background.
../dataset/datasets/imb_cub_0.1/train/Common_Raven/2224.jpg	The background is a mix of dry grass and pine needles.
../dataset/datasets/imb_cub_0.1/train/Common_Raven/2222.jpg	A bird perched on a post with blurred greenery behind.
../dataset/datasets/imb_cub_0.1/train/Common_Raven/2223.jpg	The background consists of forest floor with pine needles, twigs, and green foliage.
../dataset/datasets/imb_cub_0.1/train/White_necked_Raven/1788.jpg	Blurred green and brown.
../dataset/datasets/imb_cub_0.1/train/White_necked_Raven/1783.jpg	The bird is perched on a plant with a blurred, natural background.
../dataset/datasets/imb_cub_0.1/train/White_necked_Raven/1782.jpg	A bird perched on rock, misty gray sky behind.
../dataset/datasets/imb_cub_0.1/train/White_necked_Raven/1781.jpg	Blurred, grassy, rocky.
../dataset/datasets/imb_cub_0.1/train/White_necked_Raven/1786.jpg	The bird is perched on a structure with greenery and a white sky in the background.
../dataset/datasets/imb_cub_0.1/train/White_necked_Raven/1784.jpg	Rocky, earthy background.
../dataset/datasets/imb_cub_0.1/train/White_necked_Raven/1785.jpg	The background is blurred, showing earthy tones.
../dataset/datasets/imb_cub_0.1/train/White_necked_Raven/1787.jpg	A bird stands on rocks with grass behind it.
../dataset/datasets/imb_cub_0.1/train/American_Redstart/1789.jpg	The background is blurred green foliage.
../dataset/datasets/imb_cub_0.1/train/American_Redstart/1793.jpg	The background is blurred greenery.
../dataset/datasets/imb_cub_0.1/train/American_Redstart/1792.jpg	The background is a mix of dried leaves, twigs, and wood chips.
../dataset/datasets/imb_cub_0.1/train/American_Redstart/1794.jpg	The background is green foliage and branches.
../dataset/datasets/imb_cub_0.1/train/American_Redstart/1795.jpg	Green, blurred background.
../dataset/datasets/imb_cub_0.1/train/American_Redstart/1790.jpg	The background is blurred green foliage and sky.
../dataset/datasets/imb_cub_0.1/train/American_Redstart/1791.jpg	Green foliage, blurred background.
../dataset/datasets/imb_cub_0.1/train/American_Redstart/1796.jpg	A bird on a green background.
../dataset/datasets/imb_cub_0.1/train/Geococcyx/1798.jpg	A bird on stone pavement.
../dataset/datasets/imb_cub_0.1/train/Geococcyx/1802.jpg	The bird is on a patchy, dry ground with sparse grass.
../dataset/datasets/imb_cub_0.1/train/Geococcyx/1797.jpg	Desert ground, rocks, sparse vegetation.
../dataset/datasets/imb_cub_0.1/train/Geococcyx/1799.jpg	Dry grass and rocks.
../dataset/datasets/imb_cub_0.1/train/Geococcyx/1800.jpg	Cactus and rocks.
../dataset/datasets/imb_cub_0.1/train/Geococcyx/1801.jpg	Dry, brown grass and dirt.
../dataset/datasets/imb_cub_0.1/train/Geococcyx/1803.jpg	A bird on rocky ground.
../dataset/datasets/imb_cub_0.1/train/Geococcyx/1804.jpg	The background features grass and rocks.
../dataset/datasets/imb_cub_0.1/train/Loggerhead_Shrike/1808.jpg	Clear blue sky.
../dataset/datasets/imb_cub_0.1/train/Loggerhead_Shrike/1812.jpg	Clear blue sky.
../dataset/datasets/imb_cub_0.1/train/Loggerhead_Shrike/1807.jpg	Clear blue sky.
../dataset/datasets/imb_cub_0.1/train/Loggerhead_Shrike/1805.jpg	A bird perched on barbed wire with dry vegetation and clear sky.
../dataset/datasets/imb_cub_0.1/train/Loggerhead_Shrike/1810.jpg	The background is a plain, light sky.
../dataset/datasets/imb_cub_0.1/train/Loggerhead_Shrike/1809.jpg	Green foliage, blurred background.
../dataset/datasets/imb_cub_0.1/train/Loggerhead_Shrike/1811.jpg	Clear blue sky.
../dataset/datasets/imb_cub_0.1/train/Loggerhead_Shrike/1806.jpg	Green, blurred trees.
../dataset/datasets/imb_cub_0.1/train/Great_Grey_Shrike/1813.jpg	The background is blurred, suggesting a natural setting with muted colors.
../dataset/datasets/imb_cub_0.1/train/Great_Grey_Shrike/1816.jpg	The bird is perched against a clear blue sky.
../dataset/datasets/imb_cub_0.1/train/Great_Grey_Shrike/1814.jpg	Clear blue sky.
../dataset/datasets/imb_cub_0.1/train/Great_Grey_Shrike/1818.jpg	The background is blurred, with muted greens and browns.
../dataset/datasets/imb_cub_0.1/train/Great_Grey_Shrike/1817.jpg	The background is a blurred, muted gray.
../dataset/datasets/imb_cub_0.1/train/Great_Grey_Shrike/1819.jpg	The background is a plain, light gray sky.
../dataset/datasets/imb_cub_0.1/train/Great_Grey_Shrike/1815.jpg	The background is a plain, overcast sky.
../dataset/datasets/imb_cub_0.1/train/Great_Grey_Shrike/1820.jpg	A bird perched on a branch against a blue sky.
../dataset/datasets/imb_cub_0.1/train/Baird_Sparrow/1827.jpg	Green grass and pebbles.
../dataset/datasets/imb_cub_0.1/train/Baird_Sparrow/1825.jpg	Dry grass and blurred background.
../dataset/datasets/imb_cub_0.1/train/Baird_Sparrow/1826.jpg	The background is blurred green.
../dataset/datasets/imb_cub_0.1/train/Baird_Sparrow/1822.jpg	A bird perched on branch, green background.
../dataset/datasets/imb_cub_0.1/train/Baird_Sparrow/1828.jpg	The bird is perched on green foliage against a blurred green background.
../dataset/datasets/imb_cub_0.1/train/Baird_Sparrow/1824.jpg	Blurred green grass.
../dataset/datasets/imb_cub_0.1/train/Baird_Sparrow/1821.jpg	Green, blurred grass.
../dataset/datasets/imb_cub_0.1/train/Baird_Sparrow/1823.jpg	Grassy field.
../dataset/datasets/imb_cub_0.1/train/Black_throated_Sparrow/1829.jpg	Green leaves, blurred background.
../dataset/datasets/imb_cub_0.1/train/Black_throated_Sparrow/1831.jpg	A bird perched on branch against clear blue sky.
../dataset/datasets/imb_cub_0.1/train/Black_throated_Sparrow/1834.jpg	The background is blurred greenery.
../dataset/datasets/imb_cub_0.1/train/Black_throated_Sparrow/1830.jpg	Grass, dirt, snow.
../dataset/datasets/imb_cub_0.1/train/Black_throated_Sparrow/1835.jpg	The background is blurred green foliage.
../dataset/datasets/imb_cub_0.1/train/Black_throated_Sparrow/1833.jpg	A bird perched on a branch against a clear sky.
../dataset/datasets/imb_cub_0.1/train/Black_throated_Sparrow/1832.jpg	Brick pavement with scattered debris.
../dataset/datasets/imb_cub_0.1/train/Black_throated_Sparrow/1836.jpg	The background is blurred, showing rocks and earth tones.
../dataset/datasets/imb_cub_0.1/train/Brewer_Sparrow/1840.jpg	A bird perched on branch against clear blue sky.
../dataset/datasets/imb_cub_0.1/train/Brewer_Sparrow/1837.jpg	The background is blurred green.
../dataset/datasets/imb_cub_0.1/train/Brewer_Sparrow/1838.jpg	The background is blurred, with soft, indistinct colors.
../dataset/datasets/imb_cub_0.1/train/Brewer_Sparrow/1843.jpg	The background is a plain, muted brown.
../dataset/datasets/imb_cub_0.1/train/Brewer_Sparrow/1842.jpg	A bird perched on a branch with blurred greenery and tree trunk in the background.
../dataset/datasets/imb_cub_0.1/train/Brewer_Sparrow/1839.jpg	A bird perched on a branch with green foliage.
../dataset/datasets/imb_cub_0.1/train/Brewer_Sparrow/1841.jpg	Dry grass and gravel.
../dataset/datasets/imb_cub_0.1/train/Brewer_Sparrow/1844.jpg	Green, blurred vegetation.
../dataset/datasets/imb_cub_0.1/train/Chipping_Sparrow/1847.jpg	Green blurred background.
../dataset/datasets/imb_cub_0.1/train/Chipping_Sparrow/1848.jpg	A bird perched on feeder, green grass and gray sky.
../dataset/datasets/imb_cub_0.1/train/Chipping_Sparrow/1849.jpg	Clear blue sky.
../dataset/datasets/imb_cub_0.1/train/Chipping_Sparrow/1850.jpg	The background is a mix of dirt and small rocks.
../dataset/datasets/imb_cub_0.1/train/Chipping_Sparrow/1846.jpg	The background is blurred, with hints of red and green.
../dataset/datasets/imb_cub_0.1/train/Chipping_Sparrow/1851.jpg	Blurred trees and sky.
../dataset/datasets/imb_cub_0.1/train/Chipping_Sparrow/1845.jpg	Dry, blurred branches.
../dataset/datasets/imb_cub_0.1/train/Clay_colored_Sparrow/1852.jpg	The background is dry, earthy ground with scattered twigs and grass.
../dataset/datasets/imb_cub_0.1/train/Clay_colored_Sparrow/1853.jpg	Green, blurred foliage.
../dataset/datasets/imb_cub_0.1/train/Clay_colored_Sparrow/1858.jpg	The background is blurred, with soft, warm tones.
../dataset/datasets/imb_cub_0.1/train/Clay_colored_Sparrow/1856.jpg	A bird perched on a branch with blurred background.
../dataset/datasets/imb_cub_0.1/train/Clay_colored_Sparrow/1857.jpg	Green, blurred vegetation.
../dataset/datasets/imb_cub_0.1/train/Clay_colored_Sparrow/1855.jpg	The bird is perched on a plant with blurred green and brown tones in the background.
../dataset/datasets/imb_cub_0.1/train/Clay_colored_Sparrow/1854.jpg	Dry, blurred ground with branches.
../dataset/datasets/imb_cub_0.1/train/House_Sparrow/1862.jpg	The background is plain white.
../dataset/datasets/imb_cub_0.1/train/House_Sparrow/1863.jpg	The background is a clear blue sky.
../dataset/datasets/imb_cub_0.1/train/House_Sparrow/1861.jpg	A bird perched on branches with blurred greenery and sky.
../dataset/datasets/imb_cub_0.1/train/House_Sparrow/1864.jpg	The background is blurred with green and brown tones.
../dataset/datasets/imb_cub_0.1/train/House_Sparrow/1865.jpg	A bird perched on wooden railing against brown backdrop.
../dataset/datasets/imb_cub_0.1/train/House_Sparrow/1859.jpg	A bird perched on rock against clear blue sky.
../dataset/datasets/imb_cub_0.1/train/House_Sparrow/1860.jpg	A bird on tree trunk, green foliage blurred behind.
../dataset/datasets/imb_cub_0.1/train/Field_Sparrow/1870.jpg	A bird perched on branch against clear blue sky.
../dataset/datasets/imb_cub_0.1/train/Field_Sparrow/1871.jpg	The background is blurred, with muted browns and grays.
../dataset/datasets/imb_cub_0.1/train/Field_Sparrow/1867.jpg	Green foliage.
../dataset/datasets/imb_cub_0.1/train/Field_Sparrow/1866.jpg	The background is a blurred, neutral-toned setting with branches.
../dataset/datasets/imb_cub_0.1/train/Field_Sparrow/1869.jpg	Green, blurred background.
../dataset/datasets/imb_cub_0.1/train/Field_Sparrow/1868.jpg	The background is blurred with warm tones.
../dataset/datasets/imb_cub_0.1/train/Field_Sparrow/1872.jpg	Blurred green foliage.
../dataset/datasets/imb_cub_0.1/train/Fox_Sparrow/1877.jpg	The background is rocky and mossy.
../dataset/datasets/imb_cub_0.1/train/Fox_Sparrow/1879.jpg	A bird perched on bare branches.
../dataset/datasets/imb_cub_0.1/train/Fox_Sparrow/1876.jpg	Snowy ground with grass patches.
../dataset/datasets/imb_cub_0.1/train/Fox_Sparrow/1874.jpg	A bird stands on snow with dark sky behind.
../dataset/datasets/imb_cub_0.1/train/Fox_Sparrow/1873.jpg	A bird on snow with blurred background.
../dataset/datasets/imb_cub_0.1/train/Fox_Sparrow/1878.jpg	A bird perched on a branch with a green background.
../dataset/datasets/imb_cub_0.1/train/Fox_Sparrow/1875.jpg	A bird perched on a pine branch.
../dataset/datasets/imb_cub_0.1/train/Grasshopper_Sparrow/1883.jpg	Grassy field with blurred background.
../dataset/datasets/imb_cub_0.1/train/Grasshopper_Sparrow/1886.jpg	A bird perched on a wooden post with a blurred green and gray background.
../dataset/datasets/imb_cub_0.1/train/Grasshopper_Sparrow/1880.jpg	Green, blurred background.
../dataset/datasets/imb_cub_0.1/train/Grasshopper_Sparrow/1884.jpg	The background is blurred green.
../dataset/datasets/imb_cub_0.1/train/Grasshopper_Sparrow/1885.jpg	The background is blurred, with warm tones and out-of-focus elements.
../dataset/datasets/imb_cub_0.1/train/Grasshopper_Sparrow/1881.jpg	The background is green and blurred.
../dataset/datasets/imb_cub_0.1/train/Grasshopper_Sparrow/1882.jpg	A bird perched on wire, green background.
../dataset/datasets/imb_cub_0.1/train/Harris_Sparrow/1893.jpg	The background is a blurred mix of brown and green, suggesting a natural setting with branches and leaves.
../dataset/datasets/imb_cub_0.1/train/Harris_Sparrow/1887.jpg	A bird perched on tree branches with sparse foliage.
../dataset/datasets/imb_cub_0.1/train/Harris_Sparrow/1891.jpg	A bird perched on bare branches against a blue sky.
../dataset/datasets/imb_cub_0.1/train/Harris_Sparrow/1890.jpg	Green, blurred vegetation.
../dataset/datasets/imb_cub_0.1/train/Harris_Sparrow/1892.jpg	The background is blurred, suggesting a natural outdoor setting with soft light.
../dataset/datasets/imb_cub_0.1/train/Harris_Sparrow/1889.jpg	Dry, leafless branches and twigs.
../dataset/datasets/imb_cub_0.1/train/Harris_Sparrow/1888.jpg	The background is rocky and sandy.
../dataset/datasets/imb_cub_0.1/train/Henslow_Sparrow/1897.jpg	Blurred greenery.
../dataset/datasets/imb_cub_0.1/train/Henslow_Sparrow/1895.jpg	Dry grass.
../dataset/datasets/imb_cub_0.1/train/Henslow_Sparrow/1898.jpg	Grassy field with dry stems.
../dataset/datasets/imb_cub_0.1/train/Henslow_Sparrow/1899.jpg	A bird on dry grass and twigs.
../dataset/datasets/imb_cub_0.1/train/Henslow_Sparrow/1896.jpg	The background is blurred, with soft green and brown tones.
../dataset/datasets/imb_cub_0.1/train/Henslow_Sparrow/1900.jpg	Green leaves and branches.
../dataset/datasets/imb_cub_0.1/train/Henslow_Sparrow/1894.jpg	Green, blurred background.
../dataset/datasets/imb_cub_0.1/train/Le_Conte_Sparrow/1901.jpg	A bird perched on branches with green foliage.
../dataset/datasets/imb_cub_0.1/train/Le_Conte_Sparrow/1906.jpg	The background is a mix of dried branches and green foliage.
../dataset/datasets/imb_cub_0.1/train/Le_Conte_Sparrow/1907.jpg	A bird perched on branches, blurred background.
../dataset/datasets/imb_cub_0.1/train/Le_Conte_Sparrow/1905.jpg	Dry grass and reeds.
../dataset/datasets/imb_cub_0.1/train/Le_Conte_Sparrow/1902.jpg	The background is blurred, with muted earth tones.
../dataset/datasets/imb_cub_0.1/train/Le_Conte_Sparrow/1904.jpg	Blurred grasses and plants.
../dataset/datasets/imb_cub_0.1/train/Le_Conte_Sparrow/1903.jpg	The background is a blurred mix of dark and light branches.
../dataset/datasets/imb_cub_0.1/train/Lincoln_Sparrow/1908.jpg	The background consists of green foliage and brown leaves on the ground.
../dataset/datasets/imb_cub_0.1/train/Lincoln_Sparrow/1911.jpg	A bird perched on branches with green leaves.
../dataset/datasets/imb_cub_0.1/train/Lincoln_Sparrow/1914.jpg	The background is blurred, suggesting a natural outdoor setting.
../dataset/datasets/imb_cub_0.1/train/Lincoln_Sparrow/1913.jpg	The background is blurred with greenery and brown earth tones.
../dataset/datasets/imb_cub_0.1/train/Lincoln_Sparrow/1912.jpg	Green leaves and branches.
../dataset/datasets/imb_cub_0.1/train/Lincoln_Sparrow/1910.jpg	The background consists of scattered seeds and pebbles.
../dataset/datasets/imb_cub_0.1/train/Lincoln_Sparrow/1909.jpg	Reeds and greenery.
../dataset/datasets/imb_cub_0.1/train/Nelson_Sharp_tailed_Sparrow/2226.jpg	Dry, blurred branches.
../dataset/datasets/imb_cub_0.1/train/Nelson_Sharp_tailed_Sparrow/2225.jpg	The background is blurred, showing a mix of brown and white tones.
../dataset/datasets/imb_cub_0.1/train/Nelson_Sharp_tailed_Sparrow/2227.jpg	A bird perched on a tree branch against a blue sky.
../dataset/datasets/imb_cub_0.1/train/Savannah_Sparrow/1915.jpg	Green, blurred background.
../dataset/datasets/imb_cub_0.1/train/Savannah_Sparrow/1920.jpg	Dry grass and blurred background.
../dataset/datasets/imb_cub_0.1/train/Savannah_Sparrow/1921.jpg	The background is blurred, with muted greens and browns.
../dataset/datasets/imb_cub_0.1/train/Savannah_Sparrow/1919.jpg	Blurred green and brown.
../dataset/datasets/imb_cub_0.1/train/Savannah_Sparrow/1917.jpg	The background is a plain, light gray sky.
../dataset/datasets/imb_cub_0.1/train/Savannah_Sparrow/1916.jpg	The background is a plain, light gray sky.
../dataset/datasets/imb_cub_0.1/train/Savannah_Sparrow/1918.jpg	The background is a blurred green field.
../dataset/datasets/imb_cub_0.1/train/Seaside_Sparrow/1926.jpg	The background is blurred, suggesting an outdoor setting with grass and sky.
../dataset/datasets/imb_cub_0.1/train/Seaside_Sparrow/1928.jpg	A bird perched on reeds against a blurred, warm-toned background.
../dataset/datasets/imb_cub_0.1/train/Seaside_Sparrow/1924.jpg	Dry reeds.
../dataset/datasets/imb_cub_0.1/train/Seaside_Sparrow/1922.jpg	A bird perched on reeds and grasses.
../dataset/datasets/imb_cub_0.1/train/Seaside_Sparrow/1927.jpg	A bird perched on bare branches, soft green background.
../dataset/datasets/imb_cub_0.1/train/Seaside_Sparrow/1923.jpg	Blurred grass and foliage.
../dataset/datasets/imb_cub_0.1/train/Seaside_Sparrow/1925.jpg	Blurred green and brown.
../dataset/datasets/imb_cub_0.1/train/Song_Sparrow/1929.jpg	The background is blurred, with soft, neutral tones.
../dataset/datasets/imb_cub_0.1/train/Song_Sparrow/1932.jpg	A bird perched on snow-covered stick against wooden fence.
../dataset/datasets/imb_cub_0.1/train/Song_Sparrow/1930.jpg	A bird perched on a post against a blurred green background.
../dataset/datasets/imb_cub_0.1/train/Song_Sparrow/1933.jpg	A bird on gravel with sparse vegetation.
../dataset/datasets/imb_cub_0.1/train/Song_Sparrow/1931.jpg	A bird perched on branches against a clear blue sky.
../dataset/datasets/imb_cub_0.1/train/Song_Sparrow/1934.jpg	The background is blurred, brownish.
../dataset/datasets/imb_cub_0.1/train/Tree_Sparrow/1939.jpg	The background is plain and beige.
../dataset/datasets/imb_cub_0.1/train/Tree_Sparrow/1936.jpg	The background is blurred, showing dry branches and muted colors.
../dataset/datasets/imb_cub_0.1/train/Tree_Sparrow/1937.jpg	A bird perched on bare branches.
../dataset/datasets/imb_cub_0.1/train/Tree_Sparrow/1935.jpg	The background is blurred, with muted browns and greens.
../dataset/datasets/imb_cub_0.1/train/Tree_Sparrow/1938.jpg	Blurred green background.
../dataset/datasets/imb_cub_0.1/train/Tree_Sparrow/1940.jpg	The background is blurred, with warm tones and bare branches.
../dataset/datasets/imb_cub_0.1/train/Vesper_Sparrow/1946.jpg	The background consists of dry pine needles and rocks.
../dataset/datasets/imb_cub_0.1/train/Vesper_Sparrow/1941.jpg	The background is a plain, muted brown.
../dataset/datasets/imb_cub_0.1/train/Vesper_Sparrow/1943.jpg	Grassy, blurred background.
../dataset/datasets/imb_cub_0.1/train/Vesper_Sparrow/1942.jpg	The background consists of dried leaves and grass.
../dataset/datasets/imb_cub_0.1/train/Vesper_Sparrow/1945.jpg	The background is blurred, showing earthy tones.
../dataset/datasets/imb_cub_0.1/train/Vesper_Sparrow/1944.jpg	Clear blue sky.
../dataset/datasets/imb_cub_0.1/train/White_crowned_Sparrow/1952.jpg	The background is blurred green.
../dataset/datasets/imb_cub_0.1/train/White_crowned_Sparrow/1951.jpg	The background is blurred, with muted browns and whites.
../dataset/datasets/imb_cub_0.1/train/White_crowned_Sparrow/1947.jpg	The background is blurred, showing branches and soft colors.
../dataset/datasets/imb_cub_0.1/train/White_crowned_Sparrow/1950.jpg	The background is blurred, sandy.
../dataset/datasets/imb_cub_0.1/train/White_crowned_Sparrow/1949.jpg	The background is a rustic, outdoor setting with a wooden trough and natural elements.
../dataset/datasets/imb_cub_0.1/train/White_crowned_Sparrow/1948.jpg	A bird perched on a branch with green foliage.
../dataset/datasets/imb_cub_0.1/train/White_throated_Sparrow/1953.jpg	Fall leaves and twigs.
../dataset/datasets/imb_cub_0.1/train/White_throated_Sparrow/1954.jpg	The background is blurred, showing green and brown hues.
../dataset/datasets/imb_cub_0.1/train/White_throated_Sparrow/1957.jpg	The background is a mix of dried leaves and twigs on the ground.
../dataset/datasets/imb_cub_0.1/train/White_throated_Sparrow/1955.jpg	The background is blurred, dark, and out of focus.
../dataset/datasets/imb_cub_0.1/train/White_throated_Sparrow/1958.jpg	Bare branches, blurred leaves.
../dataset/datasets/imb_cub_0.1/train/White_throated_Sparrow/1956.jpg	The background is blurred, suggesting a natural outdoor setting.
../dataset/datasets/imb_cub_0.1/train/Cape_Glossy_Starling/1963.jpg	Green, blurred foliage.
../dataset/datasets/imb_cub_0.1/train/Cape_Glossy_Starling/1964.jpg	Clear blue sky.
../dataset/datasets/imb_cub_0.1/train/Cape_Glossy_Starling/1960.jpg	Blurred, natural setting.
../dataset/datasets/imb_cub_0.1/train/Cape_Glossy_Starling/1961.jpg	The background is blurred with hints of green and red.
../dataset/datasets/imb_cub_0.1/train/Cape_Glossy_Starling/1962.jpg	Green, blurred field.
../dataset/datasets/imb_cub_0.1/train/Cape_Glossy_Starling/1959.jpg	Dark, blurred background.
../dataset/datasets/imb_cub_0.1/train/Bank_Swallow/2229.jpg	The background is blurred greenery.
../dataset/datasets/imb_cub_0.1/train/Bank_Swallow/2228.jpg	The background is blurred, showing rocks and greenery.
../dataset/datasets/imb_cub_0.1/train/Bank_Swallow/2230.jpg	Green wall, wooden structure.
../dataset/datasets/imb_cub_0.1/train/Barn_Swallow/1966.jpg	The background is blurred, with muted earth tones.
../dataset/datasets/imb_cub_0.1/train/Barn_Swallow/1969.jpg	A bird perched on wood, blurred greenery behind.
../dataset/datasets/imb_cub_0.1/train/Barn_Swallow/1968.jpg	The background is blurred, with vertical lines and neutral tones.
../dataset/datasets/imb_cub_0.1/train/Barn_Swallow/1965.jpg	The background is blurred water.
../dataset/datasets/imb_cub_0.1/train/Barn_Swallow/1967.jpg	Green, blurred background.
../dataset/datasets/imb_cub_0.1/train/Barn_Swallow/1970.jpg	Blurred greenery.
../dataset/datasets/imb_cub_0.1/train/Cliff_Swallow/1976.jpg	Blurred, natural setting.
../dataset/datasets/imb_cub_0.1/train/Cliff_Swallow/1974.jpg	White, textured surface.
../dataset/datasets/imb_cub_0.1/train/Cliff_Swallow/1973.jpg	Blurred, greenish-brown.
../dataset/datasets/imb_cub_0.1/train/Cliff_Swallow/1975.jpg	A bird perched against a clear blue sky.
../dataset/datasets/imb_cub_0.1/train/Cliff_Swallow/1972.jpg	The background is blurred green.
../dataset/datasets/imb_cub_0.1/train/Cliff_Swallow/1971.jpg	Overcast sky.
../dataset/datasets/imb_cub_0.1/train/Tree_Swallow/1981.jpg	The background is blurred green.
../dataset/datasets/imb_cub_0.1/train/Tree_Swallow/1982.jpg	The background is blurred green.
../dataset/datasets/imb_cub_0.1/train/Tree_Swallow/1977.jpg	The background is blurred, suggesting a natural outdoor setting.
../dataset/datasets/imb_cub_0.1/train/Tree_Swallow/1980.jpg	Green foliage.
../dataset/datasets/imb_cub_0.1/train/Tree_Swallow/1979.jpg	Green foliage.
../dataset/datasets/imb_cub_0.1/train/Tree_Swallow/1978.jpg	Clear blue sky.
../dataset/datasets/imb_cub_0.1/train/Scarlet_Tanager/1988.jpg	Green foliage.
../dataset/datasets/imb_cub_0.1/train/Scarlet_Tanager/1984.jpg	Green leaves, blurred background.
../dataset/datasets/imb_cub_0.1/train/Scarlet_Tanager/1986.jpg	Green foliage, blurred background.
../dataset/datasets/imb_cub_0.1/train/Scarlet_Tanager/1987.jpg	Green leaves and branches.
../dataset/datasets/imb_cub_0.1/train/Scarlet_Tanager/1983.jpg	Green grass.
../dataset/datasets/imb_cub_0.1/train/Scarlet_Tanager/1985.jpg	Green blurred background.
../dataset/datasets/imb_cub_0.1/train/Summer_Tanager/1990.jpg	Green leaves, blurred background.
../dataset/datasets/imb_cub_0.1/train/Summer_Tanager/1992.jpg	Green, blurred foliage.
../dataset/datasets/imb_cub_0.1/train/Summer_Tanager/1994.jpg	Green, blurred background.
../dataset/datasets/imb_cub_0.1/train/Summer_Tanager/1989.jpg	Rocky, water.
../dataset/datasets/imb_cub_0.1/train/Summer_Tanager/1993.jpg	The background is blurred with green foliage and tree branches.
../dataset/datasets/imb_cub_0.1/train/Summer_Tanager/1991.jpg	Tree trunk and branches, blurred sky.
../dataset/datasets/imb_cub_0.1/train/Artic_Tern/2231.jpg	A bird soars against a clear blue sky.
../dataset/datasets/imb_cub_0.1/train/Artic_Tern/2232.jpg	The background is a blurred blue, likely water.
../dataset/datasets/imb_cub_0.1/train/Artic_Tern/2233.jpg	The background is blurred, showing rocks and greenery.
../dataset/datasets/imb_cub_0.1/train/Black_Tern/1997.jpg	The background is plain and light-colored.
../dataset/datasets/imb_cub_0.1/train/Black_Tern/1999.jpg	A bird stands against a blurred, teal water backdrop.
../dataset/datasets/imb_cub_0.1/train/Black_Tern/1995.jpg	Clear blue sky.
../dataset/datasets/imb_cub_0.1/train/Black_Tern/2000.jpg	A bird perched on a wooden post with a blurred green background.
../dataset/datasets/imb_cub_0.1/train/Black_Tern/1996.jpg	Green, blurred background.
../dataset/datasets/imb_cub_0.1/train/Black_Tern/1998.jpg	Clear blue sky.
../dataset/datasets/imb_cub_0.1/train/Caspian_Tern/2003.jpg	A bird against a clear sky.
../dataset/datasets/imb_cub_0.1/train/Caspian_Tern/2001.jpg	A bird soars against a pale sky.
../dataset/datasets/imb_cub_0.1/train/Caspian_Tern/2004.jpg	A bird soars against a clear blue sky.
../dataset/datasets/imb_cub_0.1/train/Caspian_Tern/2002.jpg	The background is a blurred, flat, and grayish surface with some indistinct greenery.
../dataset/datasets/imb_cub_0.1/train/Caspian_Tern/2005.jpg	A bird stands on wet sand near water.
../dataset/datasets/imb_cub_0.1/train/Caspian_Tern/2006.jpg	The background is sandy and blurred, with other birds visible.
../dataset/datasets/imb_cub_0.1/train/Common_Tern/2011.jpg	A bird flying over water.
../dataset/datasets/imb_cub_0.1/train/Common_Tern/2007.jpg	The background is sandy with scattered pebbles.
../dataset/datasets/imb_cub_0.1/train/Common_Tern/2008.jpg	A bird is flying over water.
../dataset/datasets/imb_cub_0.1/train/Common_Tern/2009.jpg	Blurred green and yellow grass.
../dataset/datasets/imb_cub_0.1/train/Common_Tern/2010.jpg	A bird soars against a clear sky.
../dataset/datasets/imb_cub_0.1/train/Elegant_Tern/2015.jpg	Blurred green and brown.
../dataset/datasets/imb_cub_0.1/train/Elegant_Tern/2013.jpg	Clear blue sky.
../dataset/datasets/imb_cub_0.1/train/Elegant_Tern/2012.jpg	Clear blue sky.
../dataset/datasets/imb_cub_0.1/train/Elegant_Tern/2014.jpg	The background is sandy and blurred.
../dataset/datasets/imb_cub_0.1/train/Elegant_Tern/2016.jpg	Clear blue sky.
../dataset/datasets/imb_cub_0.1/train/Forsters_Tern/2020.jpg	The background is blurred, with soft blue and yellow tones.
../dataset/datasets/imb_cub_0.1/train/Forsters_Tern/2019.jpg	Bird held by gloved hand, water and vegetation in background.
../dataset/datasets/imb_cub_0.1/train/Forsters_Tern/2018.jpg	The background is a clear, light blue sky.
../dataset/datasets/imb_cub_0.1/train/Forsters_Tern/2017.jpg	A bird on sandy beach with blurred birds in background.
../dataset/datasets/imb_cub_0.1/train/Forsters_Tern/2021.jpg	The background is a plain, light gray sky.
../dataset/datasets/imb_cub_0.1/train/Least_Tern/2026.jpg	The background is sandy and blurred.
../dataset/datasets/imb_cub_0.1/train/Least_Tern/2025.jpg	A bird on sandy beach with scattered debris.
../dataset/datasets/imb_cub_0.1/train/Least_Tern/2023.jpg	A bird stands on wet sand near water.
../dataset/datasets/imb_cub_0.1/train/Least_Tern/2022.jpg	A bird on sandy beach.
../dataset/datasets/imb_cub_0.1/train/Least_Tern/2024.jpg	Clear blue sky.
../dataset/datasets/imb_cub_0.1/train/Green_tailed_Towhee/2028.jpg	A bird on ground near log and dirt.
../dataset/datasets/imb_cub_0.1/train/Green_tailed_Towhee/2029.jpg	The background is blurred, showing earthy tones.
../dataset/datasets/imb_cub_0.1/train/Green_tailed_Towhee/2031.jpg	The background features green foliage and brown ground with scattered leaves.
../dataset/datasets/imb_cub_0.1/train/Green_tailed_Towhee/2030.jpg	The background is blurred greenery.
../dataset/datasets/imb_cub_0.1/train/Green_tailed_Towhee/2027.jpg	A bird stands on rocky ground with scattered pebbles and small stones.
../dataset/datasets/imb_cub_0.1/train/Brown_Thrasher/2035.jpg	The background is a mix of dark soil, green grass, and scattered debris.
../dataset/datasets/imb_cub_0.1/train/Brown_Thrasher/2033.jpg	Grass, plants, and soil.
../dataset/datasets/imb_cub_0.1/train/Brown_Thrasher/2034.jpg	Green leaves and blurred flowers.
../dataset/datasets/imb_cub_0.1/train/Brown_Thrasher/2036.jpg	The background is blurred green foliage and branches.
../dataset/datasets/imb_cub_0.1/train/Brown_Thrasher/2032.jpg	Clear blue sky, green leaves.
../dataset/datasets/imb_cub_0.1/train/Sage_Thrasher/2041.jpg	A bird perched on tree branch, bare branches behind.
../dataset/datasets/imb_cub_0.1/train/Sage_Thrasher/2037.jpg	Dry, sandy ground with sparse vegetation.
../dataset/datasets/imb_cub_0.1/train/Sage_Thrasher/2039.jpg	The background is blurred, suggesting a natural setting with soft colors.
../dataset/datasets/imb_cub_0.1/train/Sage_Thrasher/2040.jpg	Clear blue sky.
../dataset/datasets/imb_cub_0.1/train/Sage_Thrasher/2038.jpg	Blurred greenery.
../dataset/datasets/imb_cub_0.1/train/Black_capped_Vireo/2046.jpg	A bird perched on a branch with blurred greenery in the background.
../dataset/datasets/imb_cub_0.1/train/Black_capped_Vireo/2045.jpg	The background is blurred green foliage and branches.
../dataset/datasets/imb_cub_0.1/train/Black_capped_Vireo/2043.jpg	A bird perched on branch, green leaves and blue sky.
../dataset/datasets/imb_cub_0.1/train/Black_capped_Vireo/2044.jpg	The background is blurred green foliage.
../dataset/datasets/imb_cub_0.1/train/Black_capped_Vireo/2042.jpg	The bird is perched on a branch with green leaves against a pale sky.
../dataset/datasets/imb_cub_0.1/train/Blue_headed_Vireo/2048.jpg	The background is blurred with warm tones.
../dataset/datasets/imb_cub_0.1/train/Blue_headed_Vireo/2049.jpg	The background is blurred green.
../dataset/datasets/imb_cub_0.1/train/Blue_headed_Vireo/2050.jpg	Clear blue sky with branches and berries.
../dataset/datasets/imb_cub_0.1/train/Blue_headed_Vireo/2051.jpg	Blurred green foliage.
../dataset/datasets/imb_cub_0.1/train/Blue_headed_Vireo/2047.jpg	Clear blue sky, tree branches.
../dataset/datasets/imb_cub_0.1/train/Philadelphia_Vireo/2054.jpg	Green leaves and branches.
../dataset/datasets/imb_cub_0.1/train/Philadelphia_Vireo/2056.jpg	Green leaves, blurred background.
../dataset/datasets/imb_cub_0.1/train/Philadelphia_Vireo/2055.jpg	A bird perched on tree branches against a blue sky.
../dataset/datasets/imb_cub_0.1/train/Philadelphia_Vireo/2053.jpg	Green leaves and branches.
../dataset/datasets/imb_cub_0.1/train/Philadelphia_Vireo/2052.jpg	Green, blurred foliage.
../dataset/datasets/imb_cub_0.1/train/Red_eyed_Vireo/2057.jpg	Green leaves and branches.
../dataset/datasets/imb_cub_0.1/train/Red_eyed_Vireo/2061.jpg	The background is blurred with soft green and blue hues.
../dataset/datasets/imb_cub_0.1/train/Red_eyed_Vireo/2058.jpg	Green foliage.
../dataset/datasets/imb_cub_0.1/train/Red_eyed_Vireo/2060.jpg	Green leaves, blurred background.
../dataset/datasets/imb_cub_0.1/train/Red_eyed_Vireo/2059.jpg	A bird perched on branch against blue sky.
../dataset/datasets/imb_cub_0.1/train/Warbling_Vireo/2063.jpg	The background is blurred green foliage.
../dataset/datasets/imb_cub_0.1/train/Warbling_Vireo/2065.jpg	Leaves and branches.
../dataset/datasets/imb_cub_0.1/train/Warbling_Vireo/2066.jpg	Green foliage, blurred background.
../dataset/datasets/imb_cub_0.1/train/Warbling_Vireo/2064.jpg	Green leaves, blurred background.
../dataset/datasets/imb_cub_0.1/train/Warbling_Vireo/2062.jpg	The background is blurred with green foliage and branches.
../dataset/datasets/imb_cub_0.1/train/White_eyed_Vireo/2070.jpg	A bird perched on branch, green foliage blurred behind.
../dataset/datasets/imb_cub_0.1/train/White_eyed_Vireo/2067.jpg	Green foliage, blurred background.
../dataset/datasets/imb_cub_0.1/train/White_eyed_Vireo/2069.jpg	The background is blurred, with tree branches and soft light.
../dataset/datasets/imb_cub_0.1/train/White_eyed_Vireo/2068.jpg	Green foliage, blurred background.
../dataset/datasets/imb_cub_0.1/train/White_eyed_Vireo/2071.jpg	Green, blurred background.
../dataset/datasets/imb_cub_0.1/train/Yellow_throated_Vireo/2073.jpg	The background is a mix of dirt, twigs, and small rocks.
../dataset/datasets/imb_cub_0.1/train/Yellow_throated_Vireo/2074.jpg	Blurred green foliage, blue sky.
../dataset/datasets/imb_cub_0.1/train/Yellow_throated_Vireo/2076.jpg	The background is blurred green foliage.
../dataset/datasets/imb_cub_0.1/train/Yellow_throated_Vireo/2072.jpg	The background consists of bare tree branches and a blurred, light-colored sky.
../dataset/datasets/imb_cub_0.1/train/Yellow_throated_Vireo/2075.jpg	A bird perched on branch with green leaves and blurred background.
../dataset/datasets/imb_cub_0.1/train/Bay_breasted_Warbler/2077.jpg	A bird perched on branch, green foliage blurred behind.
../dataset/datasets/imb_cub_0.1/train/Bay_breasted_Warbler/2079.jpg	A bird perched on tree branch, green background.
../dataset/datasets/imb_cub_0.1/train/Bay_breasted_Warbler/2080.jpg	A bird perched on a branch near tree trunk.
../dataset/datasets/imb_cub_0.1/train/Bay_breasted_Warbler/2078.jpg	The background is blurred, showing trees and branches.
../dataset/datasets/imb_cub_0.1/train/Bay_breasted_Warbler/2081.jpg	A bird perched on branch with blurred greenery.
../dataset/datasets/imb_cub_0.1/train/Black_and_white_Warbler/2085.jpg	Green leaves, blurred background.
../dataset/datasets/imb_cub_0.1/train/Black_and_white_Warbler/2084.jpg	Blurred green foliage.
../dataset/datasets/imb_cub_0.1/train/Black_and_white_Warbler/2082.jpg	Green foliage.
../dataset/datasets/imb_cub_0.1/train/Black_and_white_Warbler/2083.jpg	Blurred greenery.
../dataset/datasets/imb_cub_0.1/train/Black_throated_Blue_Warbler/2086.jpg	The background is blurred green foliage and tree trunk.
../dataset/datasets/imb_cub_0.1/train/Black_throated_Blue_Warbler/2088.jpg	Green leaves.
../dataset/datasets/imb_cub_0.1/train/Black_throated_Blue_Warbler/2087.jpg	The background is blurred with brown and green tones, suggesting a forest floor.
../dataset/datasets/imb_cub_0.1/train/Black_throated_Blue_Warbler/2089.jpg	Branches, blurred background.
../dataset/datasets/imb_cub_0.1/train/Blue_winged_Warbler/2090.jpg	Green leaves and branches.
../dataset/datasets/imb_cub_0.1/train/Blue_winged_Warbler/2091.jpg	Green leaves, blurred background.
../dataset/datasets/imb_cub_0.1/train/Blue_winged_Warbler/2093.jpg	Yellow leaves, blurred branches.
../dataset/datasets/imb_cub_0.1/train/Blue_winged_Warbler/2092.jpg	Green foliage.
../dataset/datasets/imb_cub_0.1/train/Canada_Warbler/2097.jpg	Green foliage, blurred background.
../dataset/datasets/imb_cub_0.1/train/Canada_Warbler/2095.jpg	The background is blurred green.
../dataset/datasets/imb_cub_0.1/train/Canada_Warbler/2096.jpg	The background is blurred, with hints of green foliage and branches.
../dataset/datasets/imb_cub_0.1/train/Canada_Warbler/2094.jpg	The background is blurred green foliage.
../dataset/datasets/imb_cub_0.1/train/Cape_May_Warbler/2101.jpg	A bird perched on blooming branches.
../dataset/datasets/imb_cub_0.1/train/Cape_May_Warbler/2100.jpg	Snow-covered ground with grass and leaves.
../dataset/datasets/imb_cub_0.1/train/Cape_May_Warbler/2099.jpg	pine branches, cones, blurred background.
../dataset/datasets/imb_cub_0.1/train/Cape_May_Warbler/2098.jpg	Green foliage.
../dataset/datasets/imb_cub_0.1/train/Cerulean_Warbler/2105.jpg	Green, blurred leaves.
../dataset/datasets/imb_cub_0.1/train/Cerulean_Warbler/2103.jpg	Green, blurred background.
../dataset/datasets/imb_cub_0.1/train/Cerulean_Warbler/2102.jpg	The background is dark and reflective, with water and some greenery.
../dataset/datasets/imb_cub_0.1/train/Cerulean_Warbler/2104.jpg	Green foliage.
../dataset/datasets/imb_cub_0.1/train/Chestnut_sided_Warbler/2108.jpg	Green plants, blurred background.
../dataset/datasets/imb_cub_0.1/train/Chestnut_sided_Warbler/2109.jpg	Green foliage, blurred background.
../dataset/datasets/imb_cub_0.1/train/Chestnut_sided_Warbler/2106.jpg	The background is blurred green foliage.
../dataset/datasets/imb_cub_0.1/train/Chestnut_sided_Warbler/2107.jpg	Green and blurred.
../dataset/datasets/imb_cub_0.1/train/Golden_winged_Warbler/2112.jpg	The bird is set against a clear blue sky.
../dataset/datasets/imb_cub_0.1/train/Golden_winged_Warbler/2113.jpg	Green, blurred leaves.
../dataset/datasets/imb_cub_0.1/train/Golden_winged_Warbler/2110.jpg	Green leaves, blue sky.
../dataset/datasets/imb_cub_0.1/train/Golden_winged_Warbler/2111.jpg	Blurred green.
../dataset/datasets/imb_cub_0.1/train/Hooded_Warbler/2115.jpg	Green foliage, blurred.
../dataset/datasets/imb_cub_0.1/train/Hooded_Warbler/2117.jpg	The background is a mix of green foliage and brown twigs.
../dataset/datasets/imb_cub_0.1/train/Hooded_Warbler/2116.jpg	Branches and leaves.
../dataset/datasets/imb_cub_0.1/train/Hooded_Warbler/2114.jpg	The background is blurred, with muted browns and greens.
../dataset/datasets/imb_cub_0.1/train/Kentucky_Warbler/2120.jpg	The background is blurred green foliage.
../dataset/datasets/imb_cub_0.1/train/Kentucky_Warbler/2119.jpg	The background is dark and leafy.
../dataset/datasets/imb_cub_0.1/train/Kentucky_Warbler/2121.jpg	A bird perched on tree branch against textured bark.
../dataset/datasets/imb_cub_0.1/train/Kentucky_Warbler/2118.jpg	A bird perched on tree branch with green leaves.
../dataset/datasets/imb_cub_0.1/train/Magnolia_Warbler/2125.jpg	The background consists of dry leaves and grass.
../dataset/datasets/imb_cub_0.1/train/Magnolia_Warbler/2123.jpg	The background is blurred green foliage.
../dataset/datasets/imb_cub_0.1/train/Magnolia_Warbler/2122.jpg	Green and blurred.
../dataset/datasets/imb_cub_0.1/train/Magnolia_Warbler/2124.jpg	A bird perched on a branch with green leaves and blurred yellow background.
../dataset/datasets/imb_cub_0.1/train/Mourning_Warbler/2129.jpg	The background is blurred green.
../dataset/datasets/imb_cub_0.1/train/Mourning_Warbler/2126.jpg	The background is blurred green foliage.
../dataset/datasets/imb_cub_0.1/train/Mourning_Warbler/2127.jpg	Green, blurred foliage.
../dataset/datasets/imb_cub_0.1/train/Mourning_Warbler/2128.jpg	Green leaves and blurred background.
../dataset/datasets/imb_cub_0.1/train/Myrtle_Warbler/2130.jpg	The background is blurred, showing branches and greenery.
../dataset/datasets/imb_cub_0.1/train/Myrtle_Warbler/2131.jpg	bare branches, blurred background.
../dataset/datasets/imb_cub_0.1/train/Myrtle_Warbler/2133.jpg	A bird perched on branch, blue sky and buds behind.
../dataset/datasets/imb_cub_0.1/train/Myrtle_Warbler/2132.jpg	Blurred yellow and green foliage.
../dataset/datasets/imb_cub_0.1/train/Nashville_Warbler/2136.jpg	Green foliage.
../dataset/datasets/imb_cub_0.1/train/Nashville_Warbler/2135.jpg	Green and blurred.
../dataset/datasets/imb_cub_0.1/train/Nashville_Warbler/2134.jpg	A bird is perched on a hand with a blurred forest background.
../dataset/datasets/imb_cub_0.1/train/Nashville_Warbler/2137.jpg	Green, blurred foliage.
../dataset/datasets/imb_cub_0.1/train/Orange_crowned_Warbler/2139.jpg	Clear blue sky.
../dataset/datasets/imb_cub_0.1/train/Orange_crowned_Warbler/2140.jpg	The background is blurred and neutral-toned.
../dataset/datasets/imb_cub_0.1/train/Orange_crowned_Warbler/2138.jpg	A bird perched on branch against clear blue sky.
../dataset/datasets/imb_cub_0.1/train/Orange_crowned_Warbler/2141.jpg	The background is blurred, consisting of muted browns and grays.
../dataset/datasets/imb_cub_0.1/train/Palm_Warbler/2143.jpg	A bird perched on bare branches against a blurred blue sky.
../dataset/datasets/imb_cub_0.1/train/Palm_Warbler/2142.jpg	Blurred trees and branches.
../dataset/datasets/imb_cub_0.1/train/Palm_Warbler/2145.jpg	The background is blurred, showing earthy tones and shadows.
../dataset/datasets/imb_cub_0.1/train/Palm_Warbler/2144.jpg	bare branches, blurred background.
../dataset/datasets/imb_cub_0.1/train/Pine_Warbler/2147.jpg	Green, blurred foliage.
../dataset/datasets/imb_cub_0.1/train/Pine_Warbler/2148.jpg	The background is blurred, greenish-brown.
../dataset/datasets/imb_cub_0.1/train/Pine_Warbler/2149.jpg	Green leaves, blurred background.
../dataset/datasets/imb_cub_0.1/train/Pine_Warbler/2146.jpg	The background is dark and blurred.
../dataset/datasets/imb_cub_0.1/train/Prairie_Warbler/2152.jpg	The background is blurred green foliage and branches.
../dataset/datasets/imb_cub_0.1/train/Prairie_Warbler/2150.jpg	The background is blurred with green and brown tones.
../dataset/datasets/imb_cub_0.1/train/Prairie_Warbler/2153.jpg	The background is blurred with green foliage and brown leaves.
../dataset/datasets/imb_cub_0.1/train/Prairie_Warbler/2151.jpg	A bird perched on branches with blurred greenery and flowers.
../dataset/datasets/imb_cub_0.1/train/Prothonotary_Warbler/2156.jpg	Green, blurred foliage.
../dataset/datasets/imb_cub_0.1/train/Prothonotary_Warbler/2157.jpg	The background is dark with a red horizontal line.
../dataset/datasets/imb_cub_0.1/train/Prothonotary_Warbler/2154.jpg	The background is blurred, suggesting a natural setting.
../dataset/datasets/imb_cub_0.1/train/Prothonotary_Warbler/2155.jpg	The background is blurred green foliage.
../dataset/datasets/imb_cub_0.1/train/Swainson_Warbler/2160.jpg	A bird perched on tree branch surrounded by green leaves.
../dataset/datasets/imb_cub_0.1/train/Swainson_Warbler/2159.jpg	Green leaves, blurred background.
../dataset/datasets/imb_cub_0.1/train/Swainson_Warbler/2161.jpg	A bird on dried leaves.
../dataset/datasets/imb_cub_0.1/train/Swainson_Warbler/2158.jpg	A bird on dried leaves.
../dataset/datasets/imb_cub_0.1/train/Tennessee_Warbler/2163.jpg	Green and blurred.
../dataset/datasets/imb_cub_0.1/train/Tennessee_Warbler/2162.jpg	The background is blurred green foliage and branches.
../dataset/datasets/imb_cub_0.1/train/Tennessee_Warbler/2164.jpg	A bird perched on green leaves with red berries and yellow flowers.
../dataset/datasets/imb_cub_0.1/train/Wilson_Warbler/2166.jpg	Green leaves and branches.
../dataset/datasets/imb_cub_0.1/train/Wilson_Warbler/2165.jpg	The background is blurred green foliage.
../dataset/datasets/imb_cub_0.1/train/Wilson_Warbler/2167.jpg	Dry branches and grass.
../dataset/datasets/imb_cub_0.1/train/Worm_eating_Warbler/2170.jpg	Green background.
../dataset/datasets/imb_cub_0.1/train/Worm_eating_Warbler/2169.jpg	Green leaves and branches.
../dataset/datasets/imb_cub_0.1/train/Worm_eating_Warbler/2168.jpg	Green leaves, blurred background.
../dataset/datasets/imb_cub_0.1/train/Yellow_Warbler/2171.jpg	The background is blurred with soft blue tones and tree branches.
../dataset/datasets/imb_cub_0.1/train/Yellow_Warbler/2173.jpg	Green leaves and branches.
../dataset/datasets/imb_cub_0.1/train/Yellow_Warbler/2172.jpg	The background is blurred, with hints of green and brown.
../dataset/datasets/imb_cub_0.1/train/Northern_Waterthrush/2174.jpg	A bird perched on a branch with a blurred, dark background.
../dataset/datasets/imb_cub_0.1/train/Northern_Waterthrush/2175.jpg	Blurred green foliage.
../dataset/datasets/imb_cub_0.1/train/Northern_Waterthrush/2176.jpg	Water, logs, leaves.
../dataset/datasets/imb_cub_0.1/train/Louisiana_Waterthrush/2179.jpg	Green leaves, blurred background.
../dataset/datasets/imb_cub_0.1/train/Louisiana_Waterthrush/2178.jpg	Rocky, mossy ground.
../dataset/datasets/imb_cub_0.1/train/Louisiana_Waterthrush/2177.jpg	Dry, leafy debris.
../dataset/datasets/imb_cub_0.1/train/Bohemian_Waxwing/2181.jpg	A bird perched on bare branches against a blue sky.
../dataset/datasets/imb_cub_0.1/train/Bohemian_Waxwing/2182.jpg	The background is blurred greenery.
../dataset/datasets/imb_cub_0.1/train/Bohemian_Waxwing/2180.jpg	A bird perched on bare branches, snowy background.
../dataset/datasets/imb_cub_0.1/train/Cedar_Waxwing/2183.jpg	A bird perched on a branch with blurred, light-colored background.
../dataset/datasets/imb_cub_0.1/train/Cedar_Waxwing/2185.jpg	A bird perched on branch, green background.
../dataset/datasets/imb_cub_0.1/train/Cedar_Waxwing/2184.jpg	A bird perched on green branches.
../dataset/datasets/imb_cub_0.1/train/American_Three_toed_Woodpecker/2188.jpg	A bird perched on tree trunk, green foliage and blue sky behind.
../dataset/datasets/imb_cub_0.1/train/American_Three_toed_Woodpecker/2186.jpg	Tree trunk, branches, blurred greenery.
../dataset/datasets/imb_cub_0.1/train/American_Three_toed_Woodpecker/2187.jpg	A bird perched on tree trunk with blurred background.
../dataset/datasets/imb_cub_0.1/train/Pileated_Woodpecker/2190.jpg	A bird perched on tree trunk, with blurred branches and sky in background.
../dataset/datasets/imb_cub_0.1/train/Pileated_Woodpecker/2189.jpg	Clear blue sky.
../dataset/datasets/imb_cub_0.1/train/Pileated_Woodpecker/2191.jpg	Blurred, natural setting.
../dataset/datasets/imb_cub_0.1/train/Red_bellied_Woodpecker/2193.jpg	Clear blue sky.
../dataset/datasets/imb_cub_0.1/train/Red_bellied_Woodpecker/2194.jpg	The background is white.
../dataset/datasets/imb_cub_0.1/train/Red_bellied_Woodpecker/2192.jpg	The background is a mix of dirt and scattered seeds.
../dataset/datasets/imb_cub_0.1/train/Red_cockaded_Woodpecker/2234.jpg	Tree trunk with hole.
../dataset/datasets/imb_cub_0.1/train/Red_cockaded_Woodpecker/2235.jpg	A bird perched on tree bark with blurred greenery behind.
../dataset/datasets/imb_cub_0.1/train/Red_headed_Woodpecker/2195.jpg	Green foliage.
../dataset/datasets/imb_cub_0.1/train/Red_headed_Woodpecker/2196.jpg	Green grass, fence, leaves.
../dataset/datasets/imb_cub_0.1/train/Red_headed_Woodpecker/2197.jpg	Green, blurred background.
../dataset/datasets/imb_cub_0.1/train/Downy_Woodpecker/2199.jpg	A bird perched on tree trunk, forested background.
../dataset/datasets/imb_cub_0.1/train/Downy_Woodpecker/2198.jpg	A bird perched on tree trunk with snowy background.
../dataset/datasets/imb_cub_0.1/train/Downy_Woodpecker/2200.jpg	The background is blurred greenery.
../dataset/datasets/imb_cub_0.1/train/Bewick_Wren/2201.jpg	The background is blurred, suggesting an urban setting with concrete and glass.
../dataset/datasets/imb_cub_0.1/train/Bewick_Wren/2203.jpg	The background is blurred, with branches and soft colors.
../dataset/datasets/imb_cub_0.1/train/Bewick_Wren/2202.jpg	The background is white and blurred.
../dataset/datasets/imb_cub_0.1/train/Cactus_Wren/2206.jpg	A bird perched on red surface, metal chair with holes behind.
../dataset/datasets/imb_cub_0.1/train/Cactus_Wren/2205.jpg	Clear blue sky.
../dataset/datasets/imb_cub_0.1/train/Cactus_Wren/2204.jpg	The background is a blurred mix of earthy tones and textures, suggesting a natural setting.
../dataset/datasets/imb_cub_0.1/train/Carolina_Wren/2207.jpg	The background is blurred, with soft, warm tones.
../dataset/datasets/imb_cub_0.1/train/Carolina_Wren/2208.jpg	Dry, reed-like grasses.
../dataset/datasets/imb_cub_0.1/train/Carolina_Wren/2209.jpg	A bird perched on wicker.
../dataset/datasets/imb_cub_0.1/train/House_Wren/2237.jpg	The background is blurred greenery.
../dataset/datasets/imb_cub_0.1/train/House_Wren/2236.jpg	Blurred greenery.
../dataset/datasets/imb_cub_0.1/train/Marsh_Wren/2212.jpg	Green reeds and grasses.
../dataset/datasets/imb_cub_0.1/train/Marsh_Wren/2211.jpg	Green leaves and branches.
../dataset/datasets/imb_cub_0.1/train/Marsh_Wren/2210.jpg	The background is blurred green.
../dataset/datasets/imb_cub_0.1/train/Rock_Wren/2215.jpg	Green grass, blurred rocks.
../dataset/datasets/imb_cub_0.1/train/Rock_Wren/2214.jpg	The background is blurred, with muted earth tones and out-of-focus elements.
../dataset/datasets/imb_cub_0.1/train/Rock_Wren/2213.jpg	Clear blue sky.
../dataset/datasets/imb_cub_0.1/train/Winter_Wren/2216.jpg	A bird on wooden bench.
../dataset/datasets/imb_cub_0.1/train/Winter_Wren/2217.jpg	A bird stands on wet, reflective surface with ripples and small plants.
../dataset/datasets/imb_cub_0.1/train/Winter_Wren/2218.jpg	A bird perched on branch, green foliage behind.
../dataset/datasets/imb_cub_0.1/train/Common_Yellowthroat/2221.jpg	The background is blurred green.
../dataset/datasets/imb_cub_0.1/train/Common_Yellowthroat/2220.jpg	A bird perched on reeds.
../dataset/datasets/imb_cub_0.1/train/Common_Yellowthroat/2219.jpg	The background is blurred green foliage.