image	response
../dataset/datasets/imb_cub_0.1/train/Black_footed_Albatross/5.jpg	A bird soars gracefully over the ocean waves.
../dataset/datasets/imb_cub_0.1/train/Black_footed_Albatross/7.jpg	A bird is floating on water with its wings slightly spread.
../dataset/datasets/imb_cub_0.1/train/Black_footed_Albatross/17.jpg	A bird soars with wings spread wide, gliding over water.
../dataset/datasets/imb_cub_0.1/train/Black_footed_Albatross/10.jpg	A bird floats calmly on water, head slightly tilted.
../dataset/datasets/imb_cub_0.1/train/Black_footed_Albatross/18.jpg	A bird is flying with wings spread, facing right.
../dataset/datasets/imb_cub_0.1/train/Black_footed_Albatross/26.jpg	A bird floats calmly on water.
../dataset/datasets/imb_cub_0.1/train/Black_footed_Albatross/15.jpg	A bird floats calmly on water, wings slightly folded.
../dataset/datasets/imb_cub_0.1/train/Black_footed_Albatross/22.jpg	A bird is floating on water, head slightly tilted.
../dataset/datasets/imb_cub_0.1/train/Black_footed_Albatross/12.jpg	A bird soars with outstretched wings.
../dataset/datasets/imb_cub_0.1/train/Black_footed_Albatross/13.jpg	A bird soars with wings spread wide over water.
../dataset/datasets/imb_cub_0.1/train/Black_footed_Albatross/27.jpg	A bird floats calmly on water.
../dataset/datasets/imb_cub_0.1/train/Black_footed_Albatross/2.jpg	A bird soars with wings spread wide, head slightly tilted down.
../dataset/datasets/imb_cub_0.1/train/Black_footed_Albatross/8.jpg	A bird floats calmly on water.
../dataset/datasets/imb_cub_0.1/train/Black_footed_Albatross/0.jpg	A bird is gliding over water with wings spread wide.
../dataset/datasets/imb_cub_0.1/train/Black_footed_Albatross/4.jpg	A bird soars with wings fully extended.
../dataset/datasets/imb_cub_0.1/train/Black_footed_Albatross/3.jpg	A bird is gliding over water with wings spread.
../dataset/datasets/imb_cub_0.1/train/Black_footed_Albatross/28.jpg	A bird floats calmly on water.
../dataset/datasets/imb_cub_0.1/train/Black_footed_Albatross/16.jpg	A bird soars with wings spread wide over water.
../dataset/datasets/imb_cub_0.1/train/Black_footed_Albatross/25.jpg	A bird soars with wings fully extended.
../dataset/datasets/imb_cub_0.1/train/Black_footed_Albatross/9.jpg	A bird soars with wings spread wide, gliding over water.
../dataset/datasets/imb_cub_0.1/train/Black_footed_Albatross/6.jpg	A bird is diving into water with head submerged.
../dataset/datasets/imb_cub_0.1/train/Black_footed_Albatross/14.jpg	A bird soars with wings spread, legs trailing.
../dataset/datasets/imb_cub_0.1/train/Black_footed_Albatross/24.jpg	A bird is swimming with its head above water, wings slightly raised.
../dataset/datasets/imb_cub_0.1/train/Black_footed_Albatross/11.jpg	A bird is floating on water, wings slightly spread.
../dataset/datasets/imb_cub_0.1/train/Black_footed_Albatross/19.jpg	A bird is in flight, wings spread wide.
../dataset/datasets/imb_cub_0.1/train/Black_footed_Albatross/21.jpg	A bird soars gracefully over the ocean.
../dataset/datasets/imb_cub_0.1/train/Black_footed_Albatross/1.jpg	A bird soars gracefully over the ocean.
../dataset/datasets/imb_cub_0.1/train/Black_footed_Albatross/23.jpg	A bird stands still, gazing forward.
../dataset/datasets/imb_cub_0.1/train/Black_footed_Albatross/20.jpg	A bird soars with wings spread wide.
../dataset/datasets/imb_cub_0.1/train/Laysan_Albatross/51.jpg	A bird stands alert, head slightly tilted.
../dataset/datasets/imb_cub_0.1/train/Laysan_Albatross/40.jpg	A bird is swimming with its head turned slightly to the side.
../dataset/datasets/imb_cub_0.1/train/Laysan_Albatross/31.jpg	A bird soars with wings spread wide.
../dataset/datasets/imb_cub_0.1/train/Laysan_Albatross/41.jpg	A bird soars with wings spread wide.
../dataset/datasets/imb_cub_0.1/train/Laysan_Albatross/55.jpg	A bird spreads its wings wide, balancing on water.
../dataset/datasets/imb_cub_0.1/train/Laysan_Albatross/53.jpg	A bird soars with wings spread wide.
../dataset/datasets/imb_cub_0.1/train/Laysan_Albatross/54.jpg	A bird stands upright on a tray.
../dataset/datasets/imb_cub_0.1/train/Laysan_Albatross/52.jpg	A bird soars gracefully over the ocean.
../dataset/datasets/imb_cub_0.1/train/Laysan_Albatross/33.jpg	A bird stands with head slightly tilted, wings folded.
../dataset/datasets/imb_cub_0.1/train/Laysan_Albatross/32.jpg	A bird soars with wings spread wide.
../dataset/datasets/imb_cub_0.1/train/Laysan_Albatross/35.jpg	A bird stands still, head slightly tilted.
../dataset/datasets/imb_cub_0.1/train/Laysan_Albatross/36.jpg	A bird soars with wings spread wide, gliding over water.
../dataset/datasets/imb_cub_0.1/train/Laysan_Albatross/30.jpg	A bird is lying down with its wings slightly spread.
../dataset/datasets/imb_cub_0.1/train/Laysan_Albatross/29.jpg	A bird soars with wings spread wide.
../dataset/datasets/imb_cub_0.1/train/Laysan_Albatross/39.jpg	A bird soars with wings spread wide.
../dataset/datasets/imb_cub_0.1/train/Laysan_Albatross/48.jpg	A bird is sitting on the ground.
../dataset/datasets/imb_cub_0.1/train/Laysan_Albatross/34.jpg	A bird floats calmly on water.
../dataset/datasets/imb_cub_0.1/train/Laysan_Albatross/57.jpg	A bird soars with wings spread wide.
../dataset/datasets/imb_cub_0.1/train/Laysan_Albatross/49.jpg	A bird soars gracefully.
../dataset/datasets/imb_cub_0.1/train/Laysan_Albatross/42.jpg	A bird stands upright with legs spread apart.
../dataset/datasets/imb_cub_0.1/train/Laysan_Albatross/47.jpg	A bird soars with wings spread wide.
../dataset/datasets/imb_cub_0.1/train/Laysan_Albatross/46.jpg	A bird stands still, facing forward.
../dataset/datasets/imb_cub_0.1/train/Laysan_Albatross/45.jpg	A bird soars with wings spread wide.
../dataset/datasets/imb_cub_0.1/train/Laysan_Albatross/43.jpg	A bird stands upright on grass, head slightly tilted forward.
../dataset/datasets/imb_cub_0.1/train/Laysan_Albatross/37.jpg	A bird soars with wings fully extended.
../dataset/datasets/imb_cub_0.1/train/Laysan_Albatross/44.jpg	A bird soars with wings spread wide.
../dataset/datasets/imb_cub_0.1/train/Laysan_Albatross/50.jpg	A bird is diving into water with wings spread, holding fish in its beak.
../dataset/datasets/imb_cub_0.1/train/Laysan_Albatross/38.jpg	A bird is resting on the ground.
../dataset/datasets/imb_cub_0.1/train/Laysan_Albatross/56.jpg	A bird is lying down with its head turned to the side.
../dataset/datasets/imb_cub_0.1/train/Sooty_Albatross/61.jpg	A bird soars gracefully over the ocean.
../dataset/datasets/imb_cub_0.1/train/Sooty_Albatross/70.jpg	A bird soars gracefully over water.
../dataset/datasets/imb_cub_0.1/train/Sooty_Albatross/84.jpg	A bird soars with wings spread wide.
../dataset/datasets/imb_cub_0.1/train/Sooty_Albatross/66.jpg	A bird soars with wings spread wide.
../dataset/datasets/imb_cub_0.1/train/Sooty_Albatross/78.jpg	A bird floats calmly on water, wings slightly spread.
../dataset/datasets/imb_cub_0.1/train/Sooty_Albatross/82.jpg	A bird stands perched on grass, facing left.
../dataset/datasets/imb_cub_0.1/train/Sooty_Albatross/83.jpg	A bird soars with wings fully extended.
../dataset/datasets/imb_cub_0.1/train/Sooty_Albatross/85.jpg	A bird soars with wings spread wide, facing left.
../dataset/datasets/imb_cub_0.1/train/Sooty_Albatross/69.jpg	A bird soars gracefully over the water.
../dataset/datasets/imb_cub_0.1/train/Sooty_Albatross/72.jpg	A bird soars with wings spread wide.
../dataset/datasets/imb_cub_0.1/train/Sooty_Albatross/59.jpg	A bird sits upright on nest.
../dataset/datasets/imb_cub_0.1/train/Sooty_Albatross/68.jpg	A bird is being held gently, facing forward.
../dataset/datasets/imb_cub_0.1/train/Sooty_Albatross/60.jpg	A bird stands on grassy cliff edge, head turned slightly.
../dataset/datasets/imb_cub_0.1/train/Sooty_Albatross/67.jpg	A bird stands still, head slightly tilted.
../dataset/datasets/imb_cub_0.1/train/Sooty_Albatross/71.jpg	A bird soars with wings spread wide.
../dataset/datasets/imb_cub_0.1/train/Sooty_Albatross/77.jpg	A bird soars gracefully above the waves.
../dataset/datasets/imb_cub_0.1/train/Sooty_Albatross/62.jpg	A bird stands with head slightly tilted, legs straight.
../dataset/datasets/imb_cub_0.1/train/Sooty_Albatross/81.jpg	A bird stands on grass, head turned slightly.
../dataset/datasets/imb_cub_0.1/train/Sooty_Albatross/58.jpg	A bird soars with wings fully extended.
../dataset/datasets/imb_cub_0.1/train/Sooty_Albatross/65.jpg	A bird stands with head raised, wings slightly spread.
../dataset/datasets/imb_cub_0.1/train/Sooty_Albatross/80.jpg	A bird soars with outstretched wings.
../dataset/datasets/imb_cub_0.1/train/Sooty_Albatross/76.jpg	A bird soars with wings spread wide.
../dataset/datasets/imb_cub_0.1/train/Sooty_Albatross/75.jpg	A bird perches on nest, wings slightly spread.
../dataset/datasets/imb_cub_0.1/train/Sooty_Albatross/86.jpg	A bird soars with wings spread wide, gliding over water.
../dataset/datasets/imb_cub_0.1/train/Sooty_Albatross/63.jpg	A bird soars with wings spread wide.
../dataset/datasets/imb_cub_0.1/train/Sooty_Albatross/73.jpg	A bird soars with wings spread, head turned.
../dataset/datasets/imb_cub_0.1/train/Sooty_Albatross/74.jpg	A bird soars gracefully over the ocean.
../dataset/datasets/imb_cub_0.1/train/Sooty_Albatross/64.jpg	A bird soars gracefully with wings spread wide.
../dataset/datasets/imb_cub_0.1/train/Sooty_Albatross/79.jpg	A bird soars with wings spread wide.
../dataset/datasets/imb_cub_0.1/train/Groove_billed_Ani/102.jpg	A bird perches on a branch, head slightly tilted.
../dataset/datasets/imb_cub_0.1/train/Groove_billed_Ani/97.jpg	A bird perches on branch, head turned.
../dataset/datasets/imb_cub_0.1/train/Groove_billed_Ani/99.jpg	A bird perches on branches, head slightly tilted.
../dataset/datasets/imb_cub_0.1/train/Groove_billed_Ani/96.jpg	A bird perched, head turned.
../dataset/datasets/imb_cub_0.1/train/Groove_billed_Ani/110.jpg	A bird perches on branch, head slightly tilted.
../dataset/datasets/imb_cub_0.1/train/Groove_billed_Ani/98.jpg	A bird perches on branch, head slightly lowered.
../dataset/datasets/imb_cub_0.1/train/Groove_billed_Ani/108.jpg	A bird perched on branch, facing left.
../dataset/datasets/imb_cub_0.1/train/Groove_billed_Ani/87.jpg	A bird perches on barbed wire, head slightly tilted.
../dataset/datasets/imb_cub_0.1/train/Groove_billed_Ani/103.jpg	A bird perched on branch, head slightly tilted.
../dataset/datasets/imb_cub_0.1/train/Groove_billed_Ani/106.jpg	A bird perches on branch, head slightly tilted.
../dataset/datasets/imb_cub_0.1/train/Groove_billed_Ani/101.jpg	A bird perches on branch, head slightly tilted.
../dataset/datasets/imb_cub_0.1/train/Groove_billed_Ani/88.jpg	A bird perches on branch, head turned slightly.
../dataset/datasets/imb_cub_0.1/train/Groove_billed_Ani/107.jpg	A bird perches on rock, tail extended.
../dataset/datasets/imb_cub_0.1/train/Groove_billed_Ani/105.jpg	A bird perches on a branch, head slightly tilted.
../dataset/datasets/imb_cub_0.1/train/Groove_billed_Ani/95.jpg	A bird perches on a branch, facing left.
../dataset/datasets/imb_cub_0.1/train/Groove_billed_Ani/104.jpg	A bird perches on branch, head slightly tilted.
../dataset/datasets/imb_cub_0.1/train/Groove_billed_Ani/90.jpg	A bird perches on a wooden post, facing left.
../dataset/datasets/imb_cub_0.1/train/Groove_billed_Ani/114.jpg	A bird perched on branch, facing right.
../dataset/datasets/imb_cub_0.1/train/Groove_billed_Ani/91.jpg	A bird stands with tail extended, head slightly tilted.
../dataset/datasets/imb_cub_0.1/train/Groove_billed_Ani/112.jpg	A bird perches on branch, head slightly tilted.
../dataset/datasets/imb_cub_0.1/train/Groove_billed_Ani/93.jpg	A bird perches on branch, head slightly tilted.
../dataset/datasets/imb_cub_0.1/train/Groove_billed_Ani/92.jpg	A bird perches on branch, head turned.
../dataset/datasets/imb_cub_0.1/train/Groove_billed_Ani/94.jpg	A bird stands on dry grass, head slightly tilted.
../dataset/datasets/imb_cub_0.1/train/Groove_billed_Ani/109.jpg	A bird stands on grass, head slightly tilted.
../dataset/datasets/imb_cub_0.1/train/Groove_billed_Ani/100.jpg	A bird perched on railing, facing right.
../dataset/datasets/imb_cub_0.1/train/Groove_billed_Ani/111.jpg	A bird stands on ground, head slightly tilted.
../dataset/datasets/imb_cub_0.1/train/Groove_billed_Ani/113.jpg	A bird perches on branches, head slightly tilted.
../dataset/datasets/imb_cub_0.1/train/Groove_billed_Ani/89.jpg	A bird perches on barbed wire.
../dataset/datasets/imb_cub_0.1/train/Crested_Auklet/134.jpg	a bird perched, head raised.
../dataset/datasets/imb_cub_0.1/train/Crested_Auklet/127.jpg	A bird soars with wings spread, facing left.
../dataset/datasets/imb_cub_0.1/train/Crested_Auklet/132.jpg	A bird stands upright, head slightly tilted.
../dataset/datasets/imb_cub_0.1/train/Crested_Auklet/130.jpg	A bird perched, head tilted upward.
../dataset/datasets/imb_cub_0.1/train/Crested_Auklet/139.jpg	A bird perches on rock, head slightly tilted.
../dataset/datasets/imb_cub_0.1/train/Crested_Auklet/116.jpg	A bird perches on rock, head slightly tilted.
../dataset/datasets/imb_cub_0.1/train/Crested_Auklet/125.jpg	A bird perches on rock, head tilted upward.
../dataset/datasets/imb_cub_0.1/train/Crested_Auklet/121.jpg	A bird perches on rock, head slightly tilted.
../dataset/datasets/imb_cub_0.1/train/Crested_Auklet/118.jpg	A bird perches on rock, head slightly tilted.
../dataset/datasets/imb_cub_0.1/train/Crested_Auklet/133.jpg	A bird spreads its wings while perched on rocks.
../dataset/datasets/imb_cub_0.1/train/Crested_Auklet/122.jpg	A bird perches on rock, head tilted upward.
../dataset/datasets/imb_cub_0.1/train/Crested_Auklet/141.jpg	A bird perches on rock, head slightly tilted.
../dataset/datasets/imb_cub_0.1/train/Crested_Auklet/119.jpg	A bird stands with head tilted back, wings slightly spread.
../dataset/datasets/imb_cub_0.1/train/Crested_Auklet/124.jpg	A bird stands upright, head slightly tilted.
../dataset/datasets/imb_cub_0.1/train/Crested_Auklet/135.jpg	A bird stands perched on a rock, facing right.
../dataset/datasets/imb_cub_0.1/train/Crested_Auklet/136.jpg	A bird perched on hand, head tilted.
../dataset/datasets/imb_cub_0.1/train/Crested_Auklet/117.jpg	A bird perches on rock, head tilted back.
../dataset/datasets/imb_cub_0.1/train/Crested_Auklet/140.jpg	A bird stands on a rock, head slightly tilted.
../dataset/datasets/imb_cub_0.1/train/Crested_Auklet/115.jpg	A bird stands upright, head slightly tilted.
../dataset/datasets/imb_cub_0.1/train/Crested_Auklet/123.jpg	A bird perched, head slightly tilted.
../dataset/datasets/imb_cub_0.1/train/Crested_Auklet/120.jpg	A bird perches on rock, head tilted upward.
../dataset/datasets/imb_cub_0.1/train/Crested_Auklet/129.jpg	A bird stands upright, head slightly tilted.
../dataset/datasets/imb_cub_0.1/train/Crested_Auklet/131.jpg	a bird perched on rock, head turned.
../dataset/datasets/imb_cub_0.1/train/Crested_Auklet/128.jpg	A bird stands with head slightly tilted, beak open.
../dataset/datasets/imb_cub_0.1/train/Crested_Auklet/138.jpg	A bird perches on rock, head slightly tilted.
../dataset/datasets/imb_cub_0.1/train/Crested_Auklet/137.jpg	A bird perches on rock, head tilted upward.
../dataset/datasets/imb_cub_0.1/train/Crested_Auklet/142.jpg	A bird perched on rock, facing right.
../dataset/datasets/imb_cub_0.1/train/Crested_Auklet/126.jpg	A bird floats calmly on water, head slightly tilted.
../dataset/datasets/imb_cub_0.1/train/Least_Auklet/147.jpg	A bird perches on rock, mouth open.
../dataset/datasets/imb_cub_0.1/train/Least_Auklet/168.jpg	A bird perches on rock, head slightly tilted.
../dataset/datasets/imb_cub_0.1/train/Least_Auklet/166.jpg	A bird is in flight, wings spread wide.
../dataset/datasets/imb_cub_0.1/train/Least_Auklet/163.jpg	A bird stands with head turned slightly, beak open.
../dataset/datasets/imb_cub_0.1/train/Least_Auklet/170.jpg	A bird perches on rock, head slightly tilted.
../dataset/datasets/imb_cub_0.1/train/Least_Auklet/148.jpg	A bird perched on rock, head slightly tilted.
../dataset/datasets/imb_cub_0.1/train/Least_Auklet/145.jpg	A bird perches on rock, head slightly tilted.
../dataset/datasets/imb_cub_0.1/train/Least_Auklet/161.jpg	A bird stands on a rock, facing left.
../dataset/datasets/imb_cub_0.1/train/Least_Auklet/167.jpg	a bird perched on rock, head tilted.
../dataset/datasets/imb_cub_0.1/train/Least_Auklet/154.jpg	A bird perched on rock, head tilted upward.
../dataset/datasets/imb_cub_0.1/train/Least_Auklet/146.jpg	A bird is in flight, wings spread.
../dataset/datasets/imb_cub_0.1/train/Least_Auklet/160.jpg	A bird perched on rock, head slightly tilted.
../dataset/datasets/imb_cub_0.1/train/Least_Auklet/152.jpg	A bird with head tilted, beak open.
../dataset/datasets/imb_cub_0.1/train/Least_Auklet/151.jpg	A bird stands on one leg, beak open.
../dataset/datasets/imb_cub_0.1/train/Least_Auklet/143.jpg	A bird stands perched on a rock, facing right.
../dataset/datasets/imb_cub_0.1/train/Least_Auklet/156.jpg	A bird perched on rock, head slightly tilted.
../dataset/datasets/imb_cub_0.1/train/Least_Auklet/144.jpg	A bird stands upright, head slightly tilted.
../dataset/datasets/imb_cub_0.1/train/Least_Auklet/169.jpg	The bird stands upright on a rock, facing slightly to the right.
../dataset/datasets/imb_cub_0.1/train/Least_Auklet/149.jpg	A bird perches on rock, head slightly tilted.
../dataset/datasets/imb_cub_0.1/train/Least_Auklet/150.jpg	A bird perches on rock, head slightly tilted.
../dataset/datasets/imb_cub_0.1/train/Least_Auklet/162.jpg	A bird perches on rock, head tilted slightly.
../dataset/datasets/imb_cub_0.1/train/Least_Auklet/158.jpg	A bird perches on rock, head tilted back.
../dataset/datasets/imb_cub_0.1/train/Least_Auklet/159.jpg	A bird perches on rock, head slightly tilted.
../dataset/datasets/imb_cub_0.1/train/Least_Auklet/165.jpg	A bird perches on rock, head tilted slightly.
../dataset/datasets/imb_cub_0.1/train/Least_Auklet/164.jpg	A bird perches on rock, head slightly tilted.
../dataset/datasets/imb_cub_0.1/train/Least_Auklet/153.jpg	A bird stands on rocks, head slightly tilted.
../dataset/datasets/imb_cub_0.1/train/Least_Auklet/155.jpg	A bird stands on a rock, head slightly tilted.
../dataset/datasets/imb_cub_0.1/train/Least_Auklet/157.jpg	A bird perches on rock, head tilted upward.
../dataset/datasets/imb_cub_0.1/train/Parakeet_Auklet/185.jpg	A bird stands on a rock, slightly hunched.
../dataset/datasets/imb_cub_0.1/train/Parakeet_Auklet/172.jpg	A bird stands with open beak, head tilted back.
../dataset/datasets/imb_cub_0.1/train/Parakeet_Auklet/181.jpg	A bird perched on rock, facing left.
../dataset/datasets/imb_cub_0.1/train/Parakeet_Auklet/192.jpg	A bird perched, beak open.
../dataset/datasets/imb_cub_0.1/train/Parakeet_Auklet/175.jpg	A bird stands on rocks, head slightly tilted.
../dataset/datasets/imb_cub_0.1/train/Parakeet_Auklet/194.jpg	A bird stands upright on a rock.
../dataset/datasets/imb_cub_0.1/train/Parakeet_Auklet/188.jpg	A bird stands on a rock, head tilted back.
../dataset/datasets/imb_cub_0.1/train/Parakeet_Auklet/187.jpg	A bird is looking to the left with its head slightly tilted.
../dataset/datasets/imb_cub_0.1/train/Parakeet_Auklet/174.jpg	A bird stands upright on a rocky perch.
../dataset/datasets/imb_cub_0.1/train/Parakeet_Auklet/171.jpg	A bird is perched on a rock, wings slightly spread.
../dataset/datasets/imb_cub_0.1/train/Parakeet_Auklet/176.jpg	A bird stands on rocks, head slightly tilted, beak open.
../dataset/datasets/imb_cub_0.1/train/Parakeet_Auklet/184.jpg	A bird perches on rocks, head slightly tilted.
../dataset/datasets/imb_cub_0.1/train/Parakeet_Auklet/179.jpg	A bird perches on rock, head slightly tilted.
../dataset/datasets/imb_cub_0.1/train/Parakeet_Auklet/182.jpg	A bird stands alert, head slightly tilted.
../dataset/datasets/imb_cub_0.1/train/Parakeet_Auklet/191.jpg	A bird perches on rock, beak open.
../dataset/datasets/imb_cub_0.1/train/Parakeet_Auklet/196.jpg	A bird stands upright, head slightly tilted.
../dataset/datasets/imb_cub_0.1/train/Parakeet_Auklet/173.jpg	A bird perches on rock, head slightly tilted.
../dataset/datasets/imb_cub_0.1/train/Parakeet_Auklet/193.jpg	A bird perches on rock, head slightly tilted.
../dataset/datasets/imb_cub_0.1/train/Parakeet_Auklet/177.jpg	A bird perches on rock, head tilted upward.
../dataset/datasets/imb_cub_0.1/train/Parakeet_Auklet/189.jpg	A bird stands on rocks, head slightly tilted.
../dataset/datasets/imb_cub_0.1/train/Parakeet_Auklet/186.jpg	a bird perched on rock, head slightly tilted.
../dataset/datasets/imb_cub_0.1/train/Parakeet_Auklet/180.jpg	A bird perched on rock, mouth open.
../dataset/datasets/imb_cub_0.1/train/Parakeet_Auklet/183.jpg	A bird perched, head tilted upward.
../dataset/datasets/imb_cub_0.1/train/Parakeet_Auklet/178.jpg	A bird perches on rock, head slightly tilted.
../dataset/datasets/imb_cub_0.1/train/Parakeet_Auklet/190.jpg	A bird stands upright on a rock.
../dataset/datasets/imb_cub_0.1/train/Parakeet_Auklet/197.jpg	A bird stands on rock, head tilted upward.
../dataset/datasets/imb_cub_0.1/train/Parakeet_Auklet/195.jpg	A bird perches on rocks, head slightly tilted.
../dataset/datasets/imb_cub_0.1/train/Rhinoceros_Auklet/205.jpg	A bird lies on its back, seemingly distressed.
../dataset/datasets/imb_cub_0.1/train/Rhinoceros_Auklet/214.jpg	A bird floats calmly on water, head slightly tilted.
../dataset/datasets/imb_cub_0.1/train/Rhinoceros_Auklet/209.jpg	A bird is floating on water, head slightly tilted.
../dataset/datasets/imb_cub_0.1/train/Rhinoceros_Auklet/200.jpg	A bird is swimming with its head above water, facing right.
../dataset/datasets/imb_cub_0.1/train/Rhinoceros_Auklet/206.jpg	A bird is flying with fish in its beak.
../dataset/datasets/imb_cub_0.1/train/Rhinoceros_Auklet/210.jpg	A bird is looking straight ahead.
../dataset/datasets/imb_cub_0.1/train/Rhinoceros_Auklet/213.jpg	A bird is standing on a rock, facing right.
../dataset/datasets/imb_cub_0.1/train/Rhinoceros_Auklet/202.jpg	A bird is floating on water, head slightly tilted.
../dataset/datasets/imb_cub_0.1/train/Rhinoceros_Auklet/224.jpg	A bird floats on water, head above surface.
../dataset/datasets/imb_cub_0.1/train/Rhinoceros_Auklet/208.jpg	A bird spreads its wings while floating on water.
../dataset/datasets/imb_cub_0.1/train/Rhinoceros_Auklet/219.jpg	A bird swimming, head slightly raised.
../dataset/datasets/imb_cub_0.1/train/Rhinoceros_Auklet/221.jpg	A bird is swimming with its wings slightly spread.
../dataset/datasets/imb_cub_0.1/train/Rhinoceros_Auklet/212.jpg	A bird is swimming calmly on water.
../dataset/datasets/imb_cub_0.1/train/Rhinoceros_Auklet/199.jpg	A bird is lying on its back with its legs spread out and beak open.
../dataset/datasets/imb_cub_0.1/train/Rhinoceros_Auklet/215.jpg	A bird is resting on water, head slightly tilted.
../dataset/datasets/imb_cub_0.1/train/Rhinoceros_Auklet/222.jpg	A bird swimming, wings slightly raised.
../dataset/datasets/imb_cub_0.1/train/Rhinoceros_Auklet/201.jpg	A bird is flying with wings spread.
../dataset/datasets/imb_cub_0.1/train/Rhinoceros_Auklet/220.jpg	A bird is mid-flight, wings spread, water droplets around it.
../dataset/datasets/imb_cub_0.1/train/Rhinoceros_Auklet/211.jpg	A bird stands with feet apart, head slightly tilted.
../dataset/datasets/imb_cub_0.1/train/Rhinoceros_Auklet/204.jpg	A bird with open beak, head tilted back.
../dataset/datasets/imb_cub_0.1/train/Rhinoceros_Auklet/223.jpg	A bird with open beak, holding fish.
../dataset/datasets/imb_cub_0.1/train/Rhinoceros_Auklet/217.jpg	A bird stands still, head slightly tilted.
../dataset/datasets/imb_cub_0.1/train/Rhinoceros_Auklet/207.jpg	A bird stands on one leg, head slightly tilted.
../dataset/datasets/imb_cub_0.1/train/Rhinoceros_Auklet/218.jpg	A bird floats calmly on water.
../dataset/datasets/imb_cub_0.1/train/Rhinoceros_Auklet/203.jpg	A bird floats calmly on water.
../dataset/datasets/imb_cub_0.1/train/Rhinoceros_Auklet/216.jpg	A bird floats calmly on water, head slightly tilted.
../dataset/datasets/imb_cub_0.1/train/Rhinoceros_Auklet/198.jpg	A bird is floating on water, head slightly tilted.
../dataset/datasets/imb_cub_0.1/train/Brewer_Blackbird/251.jpg	A bird perches on branch, head tilted upward.
../dataset/datasets/imb_cub_0.1/train/Brewer_Blackbird/234.jpg	A bird perches on wood, head slightly tilted.
../dataset/datasets/imb_cub_0.1/train/Brewer_Blackbird/240.jpg	A bird stands on rocks, facing left.
../dataset/datasets/imb_cub_0.1/train/Brewer_Blackbird/248.jpg	A bird stands on grass, head slightly tilted.
../dataset/datasets/imb_cub_0.1/train/Brewer_Blackbird/245.jpg	A bird is perched on a rock, facing left.
../dataset/datasets/imb_cub_0.1/train/Brewer_Blackbird/242.jpg	A bird stands alert, head slightly tilted.
../dataset/datasets/imb_cub_0.1/train/Brewer_Blackbird/241.jpg	A bird stands on sandy ground, head slightly tilted.
../dataset/datasets/imb_cub_0.1/train/Brewer_Blackbird/227.jpg	A bird stands upright on a log.
../dataset/datasets/imb_cub_0.1/train/Brewer_Blackbird/235.jpg	A bird perched on branch, head turned slightly.
../dataset/datasets/imb_cub_0.1/train/Brewer_Blackbird/236.jpg	A bird perched, head slightly tilted.
../dataset/datasets/imb_cub_0.1/train/Brewer_Blackbird/250.jpg	A bird stands on one leg, head slightly tilted.
../dataset/datasets/imb_cub_0.1/train/Brewer_Blackbird/244.jpg	A bird perches on branch, head slightly tilted.
../dataset/datasets/imb_cub_0.1/train/Brewer_Blackbird/238.jpg	A bird perched, head slightly turned.
../dataset/datasets/imb_cub_0.1/train/Brewer_Blackbird/225.jpg	A bird perches amidst greenery, head slightly tilted.
../dataset/datasets/imb_cub_0.1/train/Brewer_Blackbird/233.jpg	A bird perches on branch, tail extended.
../dataset/datasets/imb_cub_0.1/train/Brewer_Blackbird/247.jpg	A bird perches on rocks, head slightly tilted.
../dataset/datasets/imb_cub_0.1/train/Brewer_Blackbird/243.jpg	A bird stands on rocks, slightly crouched.
../dataset/datasets/imb_cub_0.1/train/Brewer_Blackbird/230.jpg	A bird stands on one leg, head slightly tilted.
../dataset/datasets/imb_cub_0.1/train/Brewer_Blackbird/237.jpg	A bird is flying with a plant in its beak.
../dataset/datasets/imb_cub_0.1/train/Brewer_Blackbird/246.jpg	A bird perched, wings slightly spread, head turned.
../dataset/datasets/imb_cub_0.1/train/Brewer_Blackbird/231.jpg	A bird perches on a tree stump, head slightly tilted.
../dataset/datasets/imb_cub_0.1/train/Brewer_Blackbird/229.jpg	A bird stands on one leg, head slightly tilted.
../dataset/datasets/imb_cub_0.1/train/Brewer_Blackbird/226.jpg	A bird perches on branch, head slightly tilted.
../dataset/datasets/imb_cub_0.1/train/Brewer_Blackbird/232.jpg	a bird perched on fence, head turned.
../dataset/datasets/imb_cub_0.1/train/Brewer_Blackbird/249.jpg	A bird perched, head slightly tilted.
../dataset/datasets/imb_cub_0.1/train/Brewer_Blackbird/228.jpg	A bird perched on wood, head turned.
../dataset/datasets/imb_cub_0.1/train/Brewer_Blackbird/239.jpg	A bird stands on a rock, facing right.
../dataset/datasets/imb_cub_0.1/train/Red_winged_Blackbird/272.jpg	A bird perches on cattail, head slightly tilted.
../dataset/datasets/imb_cub_0.1/train/Red_winged_Blackbird/262.jpg	A bird perched on plant, facing right.
../dataset/datasets/imb_cub_0.1/train/Red_winged_Blackbird/269.jpg	A bird perched on branch, facing left.
../dataset/datasets/imb_cub_0.1/train/Red_winged_Blackbird/264.jpg	A bird perches on plant, head slightly tilted upward.
../dataset/datasets/imb_cub_0.1/train/Red_winged_Blackbird/266.jpg	A bird perched on post, facing right.
../dataset/datasets/imb_cub_0.1/train/Red_winged_Blackbird/253.jpg	A bird perches on edge, head slightly tilted.
../dataset/datasets/imb_cub_0.1/train/Red_winged_Blackbird/260.jpg	A bird stands on snowy ground, head slightly turned.
../dataset/datasets/imb_cub_0.1/train/Red_winged_Blackbird/258.jpg	A bird stands on grass, head slightly tilted.
../dataset/datasets/imb_cub_0.1/train/Red_winged_Blackbird/263.jpg	A bird perches on wood, head raised.
../dataset/datasets/imb_cub_0.1/train/Red_winged_Blackbird/268.jpg	A bird perched on branch, head turned slightly.
../dataset/datasets/imb_cub_0.1/train/Red_winged_Blackbird/274.jpg	A bird perches on reed, head tilted upward.
../dataset/datasets/imb_cub_0.1/train/Red_winged_Blackbird/255.jpg	A bird perches on branch, head turned slightly.
../dataset/datasets/imb_cub_0.1/train/Red_winged_Blackbird/265.jpg	A bird perches on branch, head slightly tilted.
../dataset/datasets/imb_cub_0.1/train/Red_winged_Blackbird/271.jpg	A bird perches on branch, head slightly tilted.
../dataset/datasets/imb_cub_0.1/train/Red_winged_Blackbird/277.jpg	A bird perches on reed, head slightly turned.
../dataset/datasets/imb_cub_0.1/train/Red_winged_Blackbird/256.jpg	A bird perched, head raised, wings slightly spread.
../dataset/datasets/imb_cub_0.1/train/Red_winged_Blackbird/273.jpg	A bird perches on a chain, facing right.
../dataset/datasets/imb_cub_0.1/train/Red_winged_Blackbird/261.jpg	A bird perched on branch, facing right.
../dataset/datasets/imb_cub_0.1/train/Red_winged_Blackbird/275.jpg	A bird perches on reed, head turned slightly.
../dataset/datasets/imb_cub_0.1/train/Red_winged_Blackbird/257.jpg	A bird perched on branch, facing left.
../dataset/datasets/imb_cub_0.1/train/Red_winged_Blackbird/270.jpg	A bird perches on wood, head slightly turned.
../dataset/datasets/imb_cub_0.1/train/Red_winged_Blackbird/259.jpg	A bird perches on reeds, head raised.
../dataset/datasets/imb_cub_0.1/train/Red_winged_Blackbird/254.jpg	A bird perches on branch, head slightly tilted.
../dataset/datasets/imb_cub_0.1/train/Red_winged_Blackbird/252.jpg	A bird perches on a twig, facing right.
../dataset/datasets/imb_cub_0.1/train/Red_winged_Blackbird/267.jpg	A bird perched on branch, facing left.
../dataset/datasets/imb_cub_0.1/train/Red_winged_Blackbird/276.jpg	A bird perched on branch, facing right.
../dataset/datasets/imb_cub_0.1/train/Rusty_Blackbird/294.jpg	A bird stands on ice, head slightly lowered.
../dataset/datasets/imb_cub_0.1/train/Rusty_Blackbird/283.jpg	a bird perched on branch, facing right.
../dataset/datasets/imb_cub_0.1/train/Rusty_Blackbird/279.jpg	A bird stands on snow, head slightly raised.
../dataset/datasets/imb_cub_0.1/train/Rusty_Blackbird/290.jpg	A bird perches on branch, facing left.
../dataset/datasets/imb_cub_0.1/train/Rusty_Blackbird/293.jpg	A bird perched on hand, wings slightly spread.
../dataset/datasets/imb_cub_0.1/train/Rusty_Blackbird/282.jpg	A bird perches on a branch, facing left.
../dataset/datasets/imb_cub_0.1/train/Rusty_Blackbird/295.jpg	A bird stands on muddy ground, beak open.
../dataset/datasets/imb_cub_0.1/train/Rusty_Blackbird/281.jpg	A bird perches on branch, head slightly turned.
../dataset/datasets/imb_cub_0.1/train/Rusty_Blackbird/287.jpg	A bird stands on muddy ground, slightly hunched.
../dataset/datasets/imb_cub_0.1/train/Rusty_Blackbird/291.jpg	A bird stands on grass, head slightly tilted.
../dataset/datasets/imb_cub_0.1/train/Rusty_Blackbird/286.jpg	A bird stands alert, head slightly tilted.
../dataset/datasets/imb_cub_0.1/train/Rusty_Blackbird/278.jpg	A bird perched, facing left.
../dataset/datasets/imb_cub_0.1/train/Rusty_Blackbird/296.jpg	A bird perches on branch, head slightly tilted.
../dataset/datasets/imb_cub_0.1/train/Rusty_Blackbird/289.jpg	A bird perches on branch, head slightly tilted.
../dataset/datasets/imb_cub_0.1/train/Rusty_Blackbird/299.jpg	A bird perches on a branch, facing left.
../dataset/datasets/imb_cub_0.1/train/Rusty_Blackbird/302.jpg	A bird stands on wet ground, slightly tilted forward.
../dataset/datasets/imb_cub_0.1/train/Rusty_Blackbird/300.jpg	A bird perches on branch, head slightly tilted.
../dataset/datasets/imb_cub_0.1/train/Rusty_Blackbird/303.jpg	a bird stands on ground, head slightly tilted.
../dataset/datasets/imb_cub_0.1/train/Rusty_Blackbird/284.jpg	A bird stands on pavement, head slightly tilted.
../dataset/datasets/imb_cub_0.1/train/Rusty_Blackbird/298.jpg	A bird stands on one leg, head turned slightly.
../dataset/datasets/imb_cub_0.1/train/Rusty_Blackbird/301.jpg	A bird perches on branch, head slightly turned.
../dataset/datasets/imb_cub_0.1/train/Rusty_Blackbird/285.jpg	a bird perched on branch, facing left.
../dataset/datasets/imb_cub_0.1/train/Rusty_Blackbird/297.jpg	A bird perches on a branch, facing right.
../dataset/datasets/imb_cub_0.1/train/Rusty_Blackbird/280.jpg	A bird perches on branch, head slightly tilted.
../dataset/datasets/imb_cub_0.1/train/Rusty_Blackbird/288.jpg	A bird perches on branch, head slightly tilted.
../dataset/datasets/imb_cub_0.1/train/Rusty_Blackbird/292.jpg	A bird perches on log, head slightly turned.
../dataset/datasets/imb_cub_0.1/train/Yellow_headed_Blackbird/325.jpg	A bird perches on cattail, head turned.
../dataset/datasets/imb_cub_0.1/train/Yellow_headed_Blackbird/319.jpg	A bird perches on reeds, head slightly tilted.
../dataset/datasets/imb_cub_0.1/train/Yellow_headed_Blackbird/324.jpg	A bird perches on flowers, head slightly lowered.
../dataset/datasets/imb_cub_0.1/train/Yellow_headed_Blackbird/320.jpg	A bird perches on branches, head slightly tilted.
../dataset/datasets/imb_cub_0.1/train/Yellow_headed_Blackbird/313.jpg	A bird perches on a branch, facing left.
../dataset/datasets/imb_cub_0.1/train/Yellow_headed_Blackbird/305.jpg	A bird is mid-flight, wings spread wide.
../dataset/datasets/imb_cub_0.1/train/Yellow_headed_Blackbird/310.jpg	A bird perches on reeds, facing right.
../dataset/datasets/imb_cub_0.1/train/Yellow_headed_Blackbird/311.jpg	A bird perched, head raised, wings slightly spread.
../dataset/datasets/imb_cub_0.1/train/Yellow_headed_Blackbird/315.jpg	A bird perches on reeds, head slightly tilted.
../dataset/datasets/imb_cub_0.1/train/Yellow_headed_Blackbird/329.jpg	A bird perches on a branch, facing right.
../dataset/datasets/imb_cub_0.1/train/Yellow_headed_Blackbird/308.jpg	A bird stands on pavement, head slightly tilted.
../dataset/datasets/imb_cub_0.1/train/Yellow_headed_Blackbird/323.jpg	A bird perches on a branch, facing right.
../dataset/datasets/imb_cub_0.1/train/Yellow_headed_Blackbird/322.jpg	A bird perches on cattail, head slightly tilted.
../dataset/datasets/imb_cub_0.1/train/Yellow_headed_Blackbird/314.jpg	A bird perches on reeds, head slightly turned.
../dataset/datasets/imb_cub_0.1/train/Yellow_headed_Blackbird/306.jpg	A bird perches on reeds, facing left.
../dataset/datasets/imb_cub_0.1/train/Yellow_headed_Blackbird/327.jpg	A bird perches on reeds, head slightly tilted.
../dataset/datasets/imb_cub_0.1/train/Yellow_headed_Blackbird/304.jpg	A bird perches on reeds, head slightly tilted.
../dataset/datasets/imb_cub_0.1/train/Yellow_headed_Blackbird/326.jpg	A bird perches on reeds, head slightly turned.
../dataset/datasets/imb_cub_0.1/train/Yellow_headed_Blackbird/318.jpg	A bird perches on branch, head slightly tilted.
../dataset/datasets/imb_cub_0.1/train/Yellow_headed_Blackbird/321.jpg	A bird perches on reed, head turned slightly.
../dataset/datasets/imb_cub_0.1/train/Yellow_headed_Blackbird/309.jpg	A bird perches on reeds, facing right.
../dataset/datasets/imb_cub_0.1/train/Yellow_headed_Blackbird/316.jpg	A bird perches on branch, head slightly tilted.
../dataset/datasets/imb_cub_0.1/train/Yellow_headed_Blackbird/307.jpg	A bird perches on cattail, head slightly tilted.
../dataset/datasets/imb_cub_0.1/train/Yellow_headed_Blackbird/317.jpg	A bird perches on branch, head raised, beak open.
../dataset/datasets/imb_cub_0.1/train/Yellow_headed_Blackbird/312.jpg	A bird perches on feeder, head slightly tilted.
../dataset/datasets/imb_cub_0.1/train/Yellow_headed_Blackbird/328.jpg	A bird perches on branch, head slightly turned.
../dataset/datasets/imb_cub_0.1/train/Bobolink/331.jpg	A bird perched on a pole, head slightly tilted.
../dataset/datasets/imb_cub_0.1/train/Bobolink/346.jpg	A bird perched, head slightly tilted.
../dataset/datasets/imb_cub_0.1/train/Bobolink/349.jpg	A bird perched on hand, open beak.
../dataset/datasets/imb_cub_0.1/train/Bobolink/335.jpg	A bird perches on a stump, facing left.
../dataset/datasets/imb_cub_0.1/train/Bobolink/355.jpg	A bird perches on green plant, facing left.
../dataset/datasets/imb_cub_0.1/train/Bobolink/330.jpg	A bird perched on branch, facing left.
../dataset/datasets/imb_cub_0.1/train/Bobolink/347.jpg	A bird perches on a plant, facing left.
../dataset/datasets/imb_cub_0.1/train/Bobolink/352.jpg	A bird perches on a twig, head slightly tilted.
../dataset/datasets/imb_cub_0.1/train/Bobolink/345.jpg	A bird perched on branch, facing left.
../dataset/datasets/imb_cub_0.1/train/Bobolink/343.jpg	A bird perches on a flower stem.
../dataset/datasets/imb_cub_0.1/train/Bobolink/336.jpg	A bird perches on branch, head slightly tilted.
../dataset/datasets/imb_cub_0.1/train/Bobolink/354.jpg	A bird perches on wire, head slightly tilted.
../dataset/datasets/imb_cub_0.1/train/Bobolink/348.jpg	A bird perched on branch, head slightly tilted.
../dataset/datasets/imb_cub_0.1/train/Bobolink/353.jpg	A bird perches on a plant, facing left.
../dataset/datasets/imb_cub_0.1/train/Bobolink/342.jpg	A bird perched on a branch, facing left.
../dataset/datasets/imb_cub_0.1/train/Bobolink/338.jpg	A bird perches on twig, head slightly tilted.
../dataset/datasets/imb_cub_0.1/train/Bobolink/340.jpg	A bird perches on plant stem, head slightly tilted.
../dataset/datasets/imb_cub_0.1/train/Bobolink/350.jpg	A bird perches on branch, head slightly tilted.
../dataset/datasets/imb_cub_0.1/train/Bobolink/339.jpg	A bird perches on barbed wire.
../dataset/datasets/imb_cub_0.1/train/Bobolink/344.jpg	A bird perches on barbed wire.
../dataset/datasets/imb_cub_0.1/train/Bobolink/333.jpg	A bird perches on branch, head slightly turned.
../dataset/datasets/imb_cub_0.1/train/Bobolink/337.jpg	A bird perched on wire, head raised.
../dataset/datasets/imb_cub_0.1/train/Bobolink/332.jpg	A bird perches on grass, head slightly tilted.
../dataset/datasets/imb_cub_0.1/train/Bobolink/334.jpg	A bird stands alert, perched on grass.
../dataset/datasets/imb_cub_0.1/train/Bobolink/351.jpg	A bird perched on branch, head slightly turned.
../dataset/datasets/imb_cub_0.1/train/Bobolink/341.jpg	A bird perches on a twig, facing right.
../dataset/datasets/imb_cub_0.1/train/Indigo_Bunting/373.jpg	A bird stands on ground, head slightly tilted.
../dataset/datasets/imb_cub_0.1/train/Indigo_Bunting/368.jpg	A bird perched on plant stem, facing right.
../dataset/datasets/imb_cub_0.1/train/Indigo_Bunting/359.jpg	A bird perches on branch, wings slightly spread.
../dataset/datasets/imb_cub_0.1/train/Indigo_Bunting/371.jpg	a bird perched on branch, head turned.
../dataset/datasets/imb_cub_0.1/train/Indigo_Bunting/378.jpg	A bird perched on branch, facing left.
../dataset/datasets/imb_cub_0.1/train/Indigo_Bunting/356.jpg	a bird perched on branch.
../dataset/datasets/imb_cub_0.1/train/Indigo_Bunting/360.jpg	A bird perches on feeder.
../dataset/datasets/imb_cub_0.1/train/Indigo_Bunting/366.jpg	A bird perched on a stem.
../dataset/datasets/imb_cub_0.1/train/Indigo_Bunting/377.jpg	a bird is perched, head slightly tilted down.
../dataset/datasets/imb_cub_0.1/train/Indigo_Bunting/376.jpg	A bird perched on branch, facing right.
../dataset/datasets/imb_cub_0.1/train/Indigo_Bunting/372.jpg	A bird perches on a pole, facing left.
../dataset/datasets/imb_cub_0.1/train/Indigo_Bunting/364.jpg	A bird is perched on hands, wings slightly spread.
../dataset/datasets/imb_cub_0.1/train/Indigo_Bunting/362.jpg	A bird stands on ground, head slightly tilted.
../dataset/datasets/imb_cub_0.1/train/Indigo_Bunting/379.jpg	A bird perched on branch, facing right.
../dataset/datasets/imb_cub_0.1/train/Indigo_Bunting/363.jpg	A bird perched on branch.
../dataset/datasets/imb_cub_0.1/train/Indigo_Bunting/370.jpg	a bird stands on grass, head slightly tilted.
../dataset/datasets/imb_cub_0.1/train/Indigo_Bunting/374.jpg	a bird perched on edge.
../dataset/datasets/imb_cub_0.1/train/Indigo_Bunting/380.jpg	A bird perched on wire, facing right.
../dataset/datasets/imb_cub_0.1/train/Indigo_Bunting/369.jpg	A bird stands on a log, facing left.
../dataset/datasets/imb_cub_0.1/train/Indigo_Bunting/367.jpg	A bird perched on branch, facing left.
../dataset/datasets/imb_cub_0.1/train/Indigo_Bunting/357.jpg	A bird perched on branch, facing right.
../dataset/datasets/imb_cub_0.1/train/Indigo_Bunting/365.jpg	A bird perched on branch, facing left.
../dataset/datasets/imb_cub_0.1/train/Indigo_Bunting/361.jpg	A bird perches on feeder.
../dataset/datasets/imb_cub_0.1/train/Indigo_Bunting/358.jpg	A bird perched, head slightly turned.
../dataset/datasets/imb_cub_0.1/train/Indigo_Bunting/375.jpg	A bird stands on a surface, pecking at seeds.
../dataset/datasets/imb_cub_0.1/train/Lazuli_Bunting/405.jpg	A bird perched on branch, facing right.
../dataset/datasets/imb_cub_0.1/train/Lazuli_Bunting/394.jpg	a bird perched on ground, head slightly tilted.
../dataset/datasets/imb_cub_0.1/train/Lazuli_Bunting/390.jpg	A bird perches on branch, head turned slightly.
../dataset/datasets/imb_cub_0.1/train/Lazuli_Bunting/402.jpg	A bird perches on feeder, head slightly tilted.
../dataset/datasets/imb_cub_0.1/train/Lazuli_Bunting/401.jpg	A bird perches on branch, facing right.
../dataset/datasets/imb_cub_0.1/train/Lazuli_Bunting/400.jpg	A bird perches calmly on a branch.
../dataset/datasets/imb_cub_0.1/train/Lazuli_Bunting/396.jpg	A bird perches on branch, facing left.
../dataset/datasets/imb_cub_0.1/train/Lazuli_Bunting/399.jpg	A bird perches on a branch, facing left.
../dataset/datasets/imb_cub_0.1/train/Lazuli_Bunting/392.jpg	A bird perches on branch, facing forward.
../dataset/datasets/imb_cub_0.1/train/Lazuli_Bunting/389.jpg	A bird perches on a feeder, head slightly tilted.
../dataset/datasets/imb_cub_0.1/train/Lazuli_Bunting/383.jpg	A bird perches on barbed wire, head slightly tilted.
../dataset/datasets/imb_cub_0.1/train/Lazuli_Bunting/403.jpg	a bird stands on ground, head slightly tilted.
../dataset/datasets/imb_cub_0.1/train/Lazuli_Bunting/385.jpg	A bird perched on branch, facing right.
../dataset/datasets/imb_cub_0.1/train/Lazuli_Bunting/404.jpg	A bird perched on a hand, facing right.
../dataset/datasets/imb_cub_0.1/train/Lazuli_Bunting/397.jpg	A bird perched, head raised, beak open.
../dataset/datasets/imb_cub_0.1/train/Lazuli_Bunting/391.jpg	A bird perches on branch, facing left.
../dataset/datasets/imb_cub_0.1/train/Lazuli_Bunting/395.jpg	A bird perched on branch, facing right.
../dataset/datasets/imb_cub_0.1/train/Lazuli_Bunting/382.jpg	A bird perches on branch, head slightly tilted.
../dataset/datasets/imb_cub_0.1/train/Lazuli_Bunting/388.jpg	A bird perches on branch, facing right.
../dataset/datasets/imb_cub_0.1/train/Lazuli_Bunting/393.jpg	A bird perches on barbed wire.
../dataset/datasets/imb_cub_0.1/train/Lazuli_Bunting/386.jpg	A bird perched on branch, facing right.
../dataset/datasets/imb_cub_0.1/train/Lazuli_Bunting/384.jpg	A bird perches on a branch.
../dataset/datasets/imb_cub_0.1/train/Lazuli_Bunting/381.jpg	A bird perched on branch, open beak.
../dataset/datasets/imb_cub_0.1/train/Lazuli_Bunting/387.jpg	a bird stands on ground, head slightly tilted.
../dataset/datasets/imb_cub_0.1/train/Lazuli_Bunting/398.jpg	A bird perched on branch, facing left.
../dataset/datasets/imb_cub_0.1/train/Painted_Bunting/419.jpg	A bird perches on branch, facing left.
../dataset/datasets/imb_cub_0.1/train/Painted_Bunting/420.jpg	A bird perches on plant, facing left.
../dataset/datasets/imb_cub_0.1/train/Painted_Bunting/413.jpg	A bird perches on branch, facing left.
../dataset/datasets/imb_cub_0.1/train/Painted_Bunting/407.jpg	A bird perched on feeder, head slightly tilted.
../dataset/datasets/imb_cub_0.1/train/Painted_Bunting/426.jpg	A bird perched on branch, facing right.
../dataset/datasets/imb_cub_0.1/train/Painted_Bunting/421.jpg	A bird perches on feeder, head slightly tilted.
../dataset/datasets/imb_cub_0.1/train/Painted_Bunting/425.jpg	A bird perches on branch, facing left.
../dataset/datasets/imb_cub_0.1/train/Painted_Bunting/422.jpg	A bird perches on wire, head slightly tilted.
../dataset/datasets/imb_cub_0.1/train/Painted_Bunting/416.jpg	A bird perches on birdbath.
../dataset/datasets/imb_cub_0.1/train/Painted_Bunting/410.jpg	A bird perched on branch, facing right.
../dataset/datasets/imb_cub_0.1/train/Painted_Bunting/412.jpg	A bird perches on a branch.
../dataset/datasets/imb_cub_0.1/train/Painted_Bunting/411.jpg	A bird perches on branch, facing right.
../dataset/datasets/imb_cub_0.1/train/Painted_Bunting/414.jpg	A bird perched on branch, facing left.
../dataset/datasets/imb_cub_0.1/train/Painted_Bunting/417.jpg	A bird stands near water, slightly tilted forward.
../dataset/datasets/imb_cub_0.1/train/Painted_Bunting/406.jpg	A bird perched on branch, facing left.
../dataset/datasets/imb_cub_0.1/train/Painted_Bunting/427.jpg	A bird perches on a branch.
../dataset/datasets/imb_cub_0.1/train/Painted_Bunting/408.jpg	A bird perches on branch, facing forward.
../dataset/datasets/imb_cub_0.1/train/Painted_Bunting/415.jpg	A bird perched, open beak.
../dataset/datasets/imb_cub_0.1/train/Painted_Bunting/409.jpg	A bird perches on branch, head slightly tilted.
../dataset/datasets/imb_cub_0.1/train/Painted_Bunting/428.jpg	A bird perches on a branch, facing right.
../dataset/datasets/imb_cub_0.1/train/Painted_Bunting/430.jpg	a bird perched on fence.
../dataset/datasets/imb_cub_0.1/train/Painted_Bunting/424.jpg	A bird perched, facing right.
../dataset/datasets/imb_cub_0.1/train/Painted_Bunting/423.jpg	A bird perched on hand, facing right.
../dataset/datasets/imb_cub_0.1/train/Painted_Bunting/429.jpg	A bird perches on a curved metal hook.
../dataset/datasets/imb_cub_0.1/train/Painted_Bunting/418.jpg	A bird stands upright on ground.
../dataset/datasets/imb_cub_0.1/train/Cardinal/445.jpg	A bird stands upright on snow, facing right.
../dataset/datasets/imb_cub_0.1/train/Cardinal/444.jpg	A bird perched on branch, facing right.
../dataset/datasets/imb_cub_0.1/train/Cardinal/438.jpg	A bird perches on flower.
../dataset/datasets/imb_cub_0.1/train/Cardinal/440.jpg	A bird perched, head slightly tilted.
../dataset/datasets/imb_cub_0.1/train/Cardinal/451.jpg	A bird perches on feeder, beak near seeds.
../dataset/datasets/imb_cub_0.1/train/Cardinal/441.jpg	A bird perches on feeder edge, head slightly tilted.
../dataset/datasets/imb_cub_0.1/train/Cardinal/453.jpg	A bird perched, head slightly tilted.
../dataset/datasets/imb_cub_0.1/train/Cardinal/443.jpg	A bird perched on branch, facing right.
../dataset/datasets/imb_cub_0.1/train/Cardinal/435.jpg	A bird perched on branch, facing left.
../dataset/datasets/imb_cub_0.1/train/Cardinal/434.jpg	A bird stands still, facing forward.
../dataset/datasets/imb_cub_0.1/train/Cardinal/446.jpg	A bird perches on feeder, head slightly tilted.
../dataset/datasets/imb_cub_0.1/train/Cardinal/450.jpg	A bird perches on fence, head slightly tilted.
../dataset/datasets/imb_cub_0.1/train/Cardinal/437.jpg	A bird perched on branch, facing right.
../dataset/datasets/imb_cub_0.1/train/Cardinal/439.jpg	A bird perched, head slightly tilted.
../dataset/datasets/imb_cub_0.1/train/Cardinal/448.jpg	A bird perched on wood, head slightly tilted.
../dataset/datasets/imb_cub_0.1/train/Cardinal/447.jpg	A bird perched on branch, facing left.
../dataset/datasets/imb_cub_0.1/train/Cardinal/452.jpg	A bird perched, tail extended.
../dataset/datasets/imb_cub_0.1/train/Cardinal/454.jpg	A bird is lying on its side in the snow.
../dataset/datasets/imb_cub_0.1/train/Cardinal/431.jpg	A bird perches on branch, facing forward.
../dataset/datasets/imb_cub_0.1/train/Cardinal/432.jpg	A bird perches on branch, head slightly turned.
../dataset/datasets/imb_cub_0.1/train/Cardinal/433.jpg	A bird perched on branch, facing left.
../dataset/datasets/imb_cub_0.1/train/Cardinal/436.jpg	A bird perched on branch, facing left.
../dataset/datasets/imb_cub_0.1/train/Cardinal/449.jpg	A bird stands on snowy ground, head slightly tilted.
../dataset/datasets/imb_cub_0.1/train/Cardinal/442.jpg	A bird perched calmly.
../dataset/datasets/imb_cub_0.1/train/Spotted_Catbird/461.jpg	A bird perched on branch, facing right.
../dataset/datasets/imb_cub_0.1/train/Spotted_Catbird/468.jpg	A bird perched, head slightly turned.
../dataset/datasets/imb_cub_0.1/train/Spotted_Catbird/474.jpg	A bird perched on a stump.
../dataset/datasets/imb_cub_0.1/train/Spotted_Catbird/477.jpg	A bird perched on railing.
../dataset/datasets/imb_cub_0.1/train/Spotted_Catbird/458.jpg	A bird perches on branch, holding insect in beak.
../dataset/datasets/imb_cub_0.1/train/Spotted_Catbird/463.jpg	A bird perched on branch, facing right.
../dataset/datasets/imb_cub_0.1/train/Spotted_Catbird/459.jpg	A bird perched on branch, facing right.
../dataset/datasets/imb_cub_0.1/train/Spotted_Catbird/471.jpg	A bird perched on branch, facing right.
../dataset/datasets/imb_cub_0.1/train/Spotted_Catbird/465.jpg	A bird perched on branch, facing right.
../dataset/datasets/imb_cub_0.1/train/Spotted_Catbird/456.jpg	A bird perches on branch, head slightly turned.
../dataset/datasets/imb_cub_0.1/train/Spotted_Catbird/466.jpg	A bird perched, head slightly tilted.
../dataset/datasets/imb_cub_0.1/train/Spotted_Catbird/476.jpg	A bird perched, feeding.
../dataset/datasets/imb_cub_0.1/train/Spotted_Catbird/469.jpg	A bird stands on ground, head slightly turned.
../dataset/datasets/imb_cub_0.1/train/Spotted_Catbird/460.jpg	A bird perched upside down.
../dataset/datasets/imb_cub_0.1/train/Spotted_Catbird/475.jpg	A bird perched on branch, head slightly tilted.
../dataset/datasets/imb_cub_0.1/train/Spotted_Catbird/462.jpg	A bird perched, beak open.
../dataset/datasets/imb_cub_0.1/train/Spotted_Catbird/478.jpg	A bird perched on branch, facing right.
../dataset/datasets/imb_cub_0.1/train/Spotted_Catbird/455.jpg	A bird stands on one leg, head tilted.
../dataset/datasets/imb_cub_0.1/train/Spotted_Catbird/467.jpg	A bird perched on branch, wings slightly spread.
../dataset/datasets/imb_cub_0.1/train/Spotted_Catbird/473.jpg	A bird perched on branch, facing right.
../dataset/datasets/imb_cub_0.1/train/Spotted_Catbird/470.jpg	A bird perches on branch, head slightly tilted.
../dataset/datasets/imb_cub_0.1/train/Spotted_Catbird/464.jpg	A bird perches on branch, head slightly turned.
../dataset/datasets/imb_cub_0.1/train/Spotted_Catbird/457.jpg	A bird perches on branch, head slightly tilted.
../dataset/datasets/imb_cub_0.1/train/Spotted_Catbird/472.jpg	A bird perches, eating.
../dataset/datasets/imb_cub_0.1/train/Gray_Catbird/480.jpg	A bird stands on one leg, head slightly tilted.
../dataset/datasets/imb_cub_0.1/train/Gray_Catbird/493.jpg	A bird perches on branch, beak open.
../dataset/datasets/imb_cub_0.1/train/Gray_Catbird/479.jpg	A bird perches on branch, head slightly tilted.
../dataset/datasets/imb_cub_0.1/train/Gray_Catbird/500.jpg	A bird perches on wire, tail extended.
../dataset/datasets/imb_cub_0.1/train/Gray_Catbird/486.jpg	A bird perched, standing still.
../dataset/datasets/imb_cub_0.1/train/Gray_Catbird/502.jpg	A bird perches on an orange slice, gripping with its feet.
../dataset/datasets/imb_cub_0.1/train/Gray_Catbird/490.jpg	a bird perched on branch, facing left.
../dataset/datasets/imb_cub_0.1/train/Gray_Catbird/492.jpg	A bird perches on a metal railing.
../dataset/datasets/imb_cub_0.1/train/Gray_Catbird/494.jpg	A bird perched on branch, facing left.
../dataset/datasets/imb_cub_0.1/train/Gray_Catbird/483.jpg	A bird perches on branch, head slightly tilted.
../dataset/datasets/imb_cub_0.1/train/Gray_Catbird/499.jpg	A bird perches on branch, tail fanned out.
../dataset/datasets/imb_cub_0.1/train/Gray_Catbird/491.jpg	A bird perches on a brick wall.
../dataset/datasets/imb_cub_0.1/train/Gray_Catbird/488.jpg	A bird perches on a branch, facing left.
../dataset/datasets/imb_cub_0.1/train/Gray_Catbird/498.jpg	A bird perches on branch, head slightly tilted.
../dataset/datasets/imb_cub_0.1/train/Gray_Catbird/481.jpg	A bird perches on branch, head turned slightly.
../dataset/datasets/imb_cub_0.1/train/Gray_Catbird/489.jpg	A bird perches on branch, tail extended.
../dataset/datasets/imb_cub_0.1/train/Gray_Catbird/497.jpg	a bird stands on ground, head slightly tilted.
../dataset/datasets/imb_cub_0.1/train/Gray_Catbird/501.jpg	A bird stands upright, perched on a surface.
../dataset/datasets/imb_cub_0.1/train/Gray_Catbird/487.jpg	A bird perches on branch, head slightly tilted.
../dataset/datasets/imb_cub_0.1/train/Gray_Catbird/495.jpg	A bird stands on ground, pecking at seeds.
../dataset/datasets/imb_cub_0.1/train/Gray_Catbird/496.jpg	A bird perches on branch, facing left.
../dataset/datasets/imb_cub_0.1/train/Gray_Catbird/482.jpg	A bird perches on a branch, facing left.
../dataset/datasets/imb_cub_0.1/train/Gray_Catbird/484.jpg	a bird stands on concrete, head slightly lowered.
../dataset/datasets/imb_cub_0.1/train/Gray_Catbird/485.jpg	A bird stands on ground, head slightly tilted.
../dataset/datasets/imb_cub_0.1/train/Yellow_breasted_Chat/523.jpg	A bird perches on wire, head tilted upward.
../dataset/datasets/imb_cub_0.1/train/Yellow_breasted_Chat/508.jpg	A bird perches on branch, head slightly tilted.
../dataset/datasets/imb_cub_0.1/train/Yellow_breasted_Chat/516.jpg	A bird stands in water, head slightly tilted.
../dataset/datasets/imb_cub_0.1/train/Yellow_breasted_Chat/521.jpg	A bird perches on branch, head slightly tilted.
../dataset/datasets/imb_cub_0.1/train/Yellow_breasted_Chat/512.jpg	A bird perched on hand, feet spread.
../dataset/datasets/imb_cub_0.1/train/Yellow_breasted_Chat/506.jpg	A bird stands on ground, facing left.
../dataset/datasets/imb_cub_0.1/train/Yellow_breasted_Chat/526.jpg	A bird perches on branch, facing right.
../dataset/datasets/imb_cub_0.1/train/Yellow_breasted_Chat/519.jpg	A bird perched on branch, head tilted back, beak open.
../dataset/datasets/imb_cub_0.1/train/Yellow_breasted_Chat/511.jpg	A bird perched on branch, head slightly tilted.
../dataset/datasets/imb_cub_0.1/train/Yellow_breasted_Chat/525.jpg	A bird perches on branch, facing right.
../dataset/datasets/imb_cub_0.1/train/Yellow_breasted_Chat/504.jpg	A bird perched on branch, facing right.
../dataset/datasets/imb_cub_0.1/train/Yellow_breasted_Chat/518.jpg	A bird perches on branch, facing left.
../dataset/datasets/imb_cub_0.1/train/Yellow_breasted_Chat/514.jpg	A bird perches on branch, facing left.
../dataset/datasets/imb_cub_0.1/train/Yellow_breasted_Chat/513.jpg	a bird perched on branch, facing right.
../dataset/datasets/imb_cub_0.1/train/Yellow_breasted_Chat/517.jpg	A bird perched on branch, facing left.
../dataset/datasets/imb_cub_0.1/train/Yellow_breasted_Chat/505.jpg	A bird perched on branch, facing left.
../dataset/datasets/imb_cub_0.1/train/Yellow_breasted_Chat/509.jpg	A bird perched on branch, facing left.
../dataset/datasets/imb_cub_0.1/train/Yellow_breasted_Chat/524.jpg	A bird in flight, wings spread.
../dataset/datasets/imb_cub_0.1/train/Yellow_breasted_Chat/522.jpg	A bird perches on branch, facing left.
../dataset/datasets/imb_cub_0.1/train/Yellow_breasted_Chat/510.jpg	A bird perches on branch, head slightly tilted.
../dataset/datasets/imb_cub_0.1/train/Yellow_breasted_Chat/507.jpg	A bird perches on branch, head slightly tilted.
../dataset/datasets/imb_cub_0.1/train/Yellow_breasted_Chat/503.jpg	A bird perches on branch, facing right.
../dataset/datasets/imb_cub_0.1/train/Yellow_breasted_Chat/515.jpg	A bird perches on branch, facing right.
../dataset/datasets/imb_cub_0.1/train/Yellow_breasted_Chat/520.jpg	A bird perches on plant stem, facing right.
../dataset/datasets/imb_cub_0.1/train/Eastern_Towhee/531.jpg	A bird perched on branch, facing right.
../dataset/datasets/imb_cub_0.1/train/Eastern_Towhee/540.jpg	A bird stands on snowy ground, tail raised.
../dataset/datasets/imb_cub_0.1/train/Eastern_Towhee/542.jpg	A bird perches on branch, facing left.
../dataset/datasets/imb_cub_0.1/train/Eastern_Towhee/537.jpg	A bird perches on branch, head slightly tilted.
../dataset/datasets/imb_cub_0.1/train/Eastern_Towhee/549.jpg	A bird perched, facing left.
../dataset/datasets/imb_cub_0.1/train/Eastern_Towhee/528.jpg	A bird perched, head raised, open beak.
../dataset/datasets/imb_cub_0.1/train/Eastern_Towhee/543.jpg	A bird perches on branch, wings slightly spread.
../dataset/datasets/imb_cub_0.1/train/Eastern_Towhee/534.jpg	A bird perches on branch, head slightly tilted.
../dataset/datasets/imb_cub_0.1/train/Eastern_Towhee/548.jpg	A bird stands on grass, tail extended.
../dataset/datasets/imb_cub_0.1/train/Eastern_Towhee/538.jpg	A bird perched on wire, tail fanned out.
../dataset/datasets/imb_cub_0.1/train/Eastern_Towhee/535.jpg	A bird perches on branch, head slightly tilted.
../dataset/datasets/imb_cub_0.1/train/Eastern_Towhee/532.jpg	A bird perches on branch, tail fanned out.
../dataset/datasets/imb_cub_0.1/train/Eastern_Towhee/546.jpg	A bird perches on branch, tail extended.
../dataset/datasets/imb_cub_0.1/train/Eastern_Towhee/530.jpg	A bird stands alert, tail fanned out.
../dataset/datasets/imb_cub_0.1/train/Eastern_Towhee/541.jpg	A bird perches on a stump, facing right.
../dataset/datasets/imb_cub_0.1/train/Eastern_Towhee/536.jpg	A bird perched on branch, facing left.
../dataset/datasets/imb_cub_0.1/train/Eastern_Towhee/539.jpg	A bird perches on branch, head slightly tilted.
../dataset/datasets/imb_cub_0.1/train/Eastern_Towhee/529.jpg	A bird perches on branch, head turned.
../dataset/datasets/imb_cub_0.1/train/Eastern_Towhee/547.jpg	A bird perched on branch, head slightly turned.
../dataset/datasets/imb_cub_0.1/train/Eastern_Towhee/533.jpg	A bird stands on ground, tail raised.
../dataset/datasets/imb_cub_0.1/train/Eastern_Towhee/545.jpg	A bird stands on rocks, head slightly tilted.
../dataset/datasets/imb_cub_0.1/train/Eastern_Towhee/544.jpg	A bird perches on branch, head slightly tilted.
../dataset/datasets/imb_cub_0.1/train/Eastern_Towhee/527.jpg	A bird perches on branch, facing left.
../dataset/datasets/imb_cub_0.1/train/Chuck_will_Widow/557.jpg	a bird perched on branch, wings slightly spread.
../dataset/datasets/imb_cub_0.1/train/Chuck_will_Widow/563.jpg	a bird is perched, head slightly raised.
../dataset/datasets/imb_cub_0.1/train/Chuck_will_Widow/567.jpg	A bird perches on branch, head slightly raised.
../dataset/datasets/imb_cub_0.1/train/Chuck_will_Widow/570.jpg	A bird is lying on the ground, camouflaged among leaves and twigs.
../dataset/datasets/imb_cub_0.1/train/Chuck_will_Widow/559.jpg	A bird perched on a branch, facing right.
../dataset/datasets/imb_cub_0.1/train/Chuck_will_Widow/562.jpg	A bird is lying on the ground with its mouth open.
../dataset/datasets/imb_cub_0.1/train/Chuck_will_Widow/571.jpg	a bird lies still, curled up.
../dataset/datasets/imb_cub_0.1/train/Chuck_will_Widow/569.jpg	A bird perched on a branch.
../dataset/datasets/imb_cub_0.1/train/Chuck_will_Widow/556.jpg	a bird lying on ground, head raised.
../dataset/datasets/imb_cub_0.1/train/Chuck_will_Widow/572.jpg	A bird perches on branch, wings slightly spread.
../dataset/datasets/imb_cub_0.1/train/Chuck_will_Widow/554.jpg	a bird perched on branch, wings slightly spread.
../dataset/datasets/imb_cub_0.1/train/Chuck_will_Widow/550.jpg	A bird perches on branch, wings slightly spread.
../dataset/datasets/imb_cub_0.1/train/Chuck_will_Widow/552.jpg	A bird perches on tree branch, head slightly tilted.
../dataset/datasets/imb_cub_0.1/train/Chuck_will_Widow/564.jpg	A bird perches on branch, head turned.
../dataset/datasets/imb_cub_0.1/train/Chuck_will_Widow/561.jpg	A bird is lying on the ground, camouflaged among leaves and twigs.
../dataset/datasets/imb_cub_0.1/train/Chuck_will_Widow/565.jpg	A bird perched, head slightly tilted.
../dataset/datasets/imb_cub_0.1/train/Chuck_will_Widow/566.jpg	A bird is perched on a branch, camouflaged among leaves and twigs.
../dataset/datasets/imb_cub_0.1/train/Chuck_will_Widow/568.jpg	A bird perches on branch, head slightly tilted.
../dataset/datasets/imb_cub_0.1/train/Chuck_will_Widow/558.jpg	a bird lying on ground, camouflaged among leaves.
../dataset/datasets/imb_cub_0.1/train/Chuck_will_Widow/553.jpg	A bird perched on a hand, wings slightly spread.
../dataset/datasets/imb_cub_0.1/train/Chuck_will_Widow/551.jpg	A bird perches on branch, head slightly tilted.
../dataset/datasets/imb_cub_0.1/train/Chuck_will_Widow/560.jpg	a bird perched on branch, wings slightly spread.
../dataset/datasets/imb_cub_0.1/train/Chuck_will_Widow/555.jpg	A bird perched on branch, head turned slightly.
../dataset/datasets/imb_cub_0.1/train/Brandt_Cormorant/587.jpg	A bird perches on branch, head turned slightly.
../dataset/datasets/imb_cub_0.1/train/Brandt_Cormorant/588.jpg	A bird stands upright on a rock, head slightly tilted.
../dataset/datasets/imb_cub_0.1/train/Brandt_Cormorant/584.jpg	A bird spreads its wings while perched on a post.
../dataset/datasets/imb_cub_0.1/train/Brandt_Cormorant/581.jpg	A bird stands still, head slightly tilted.
../dataset/datasets/imb_cub_0.1/train/Brandt_Cormorant/592.jpg	A bird spreads its wings.
../dataset/datasets/imb_cub_0.1/train/Brandt_Cormorant/585.jpg	A bird perches on rock, head turned slightly.
../dataset/datasets/imb_cub_0.1/train/Brandt_Cormorant/593.jpg	A bird stands on rocks, head slightly tilted.
../dataset/datasets/imb_cub_0.1/train/Brandt_Cormorant/594.jpg	A bird stands with open beak, head tilted back.
../dataset/datasets/imb_cub_0.1/train/Brandt_Cormorant/582.jpg	A bird perched, head slightly tilted.
../dataset/datasets/imb_cub_0.1/train/Brandt_Cormorant/595.jpg	A bird perched on rock, facing right.
../dataset/datasets/imb_cub_0.1/train/Brandt_Cormorant/576.jpg	A bird stands upright on a rock, head slightly tilted.
../dataset/datasets/imb_cub_0.1/train/Brandt_Cormorant/583.jpg	A bird stands upright on a concrete surface, facing left.
../dataset/datasets/imb_cub_0.1/train/Brandt_Cormorant/578.jpg	A bird perches on rock, head turned, wings slightly spread.
../dataset/datasets/imb_cub_0.1/train/Brandt_Cormorant/591.jpg	A bird soars with wings spread wide.
../dataset/datasets/imb_cub_0.1/train/Brandt_Cormorant/580.jpg	A bird stands on one leg, head turned.
../dataset/datasets/imb_cub_0.1/train/Brandt_Cormorant/575.jpg	A bird flapping wings in water.
../dataset/datasets/imb_cub_0.1/train/Brandt_Cormorant/574.jpg	A bird swims with a fish in its beak.
../dataset/datasets/imb_cub_0.1/train/Brandt_Cormorant/590.jpg	A bird stands upright on rocks.
../dataset/datasets/imb_cub_0.1/train/Brandt_Cormorant/573.jpg	A bird stands still, head slightly tilted.
../dataset/datasets/imb_cub_0.1/train/Brandt_Cormorant/589.jpg	A bird is floating on water, head slightly raised.
../dataset/datasets/imb_cub_0.1/train/Brandt_Cormorant/577.jpg	A bird is flying with wings spread.
../dataset/datasets/imb_cub_0.1/train/Brandt_Cormorant/586.jpg	A bird stands still, head slightly tilted.
../dataset/datasets/imb_cub_0.1/train/Brandt_Cormorant/579.jpg	A bird stands with head slightly tilted, legs apart.
../dataset/datasets/imb_cub_0.1/train/Red_faced_Cormorant/610.jpg	A bird perches on rock, head slightly tilted.
../dataset/datasets/imb_cub_0.1/train/Red_faced_Cormorant/596.jpg	A bird swims calmly, head slightly tilted.
../dataset/datasets/imb_cub_0.1/train/Red_faced_Cormorant/604.jpg	A bird stands still, head slightly tilted.
../dataset/datasets/imb_cub_0.1/train/Red_faced_Cormorant/597.jpg	A bird with head turned slightly, beak open.
../dataset/datasets/imb_cub_0.1/train/Red_faced_Cormorant/601.jpg	A bird perches on mossy rock, head slightly tilted.
../dataset/datasets/imb_cub_0.1/train/Red_faced_Cormorant/613.jpg	A bird perches on rock, head slightly tilted.
../dataset/datasets/imb_cub_0.1/train/Red_faced_Cormorant/603.jpg	A bird stands upright, head slightly tilted.
../dataset/datasets/imb_cub_0.1/train/Red_faced_Cormorant/614.jpg	A bird stands on nest, head raised.
../dataset/datasets/imb_cub_0.1/train/Red_faced_Cormorant/602.jpg	A bird perches on rock, head slightly tilted.
../dataset/datasets/imb_cub_0.1/train/Red_faced_Cormorant/607.jpg	A bird stands upright, head slightly tilted.
../dataset/datasets/imb_cub_0.1/train/Red_faced_Cormorant/616.jpg	A bird stands still, head slightly turned.
../dataset/datasets/imb_cub_0.1/train/Red_faced_Cormorant/599.jpg	A bird sits on eggs, head raised.
../dataset/datasets/imb_cub_0.1/train/Red_faced_Cormorant/612.jpg	A bird stands on nest, head slightly tilted.
../dataset/datasets/imb_cub_0.1/train/Red_faced_Cormorant/611.jpg	A bird is in flight, wings spread wide.
../dataset/datasets/imb_cub_0.1/train/Red_faced_Cormorant/609.jpg	A bird perches on rock, head turned, beak open.
../dataset/datasets/imb_cub_0.1/train/Red_faced_Cormorant/617.jpg	A bird is perched on nest, head slightly tilted.
../dataset/datasets/imb_cub_0.1/train/Red_faced_Cormorant/608.jpg	a bird perched on branch, head turned.
../dataset/datasets/imb_cub_0.1/train/Red_faced_Cormorant/598.jpg	A bird perches on rock, head slightly tilted.
../dataset/datasets/imb_cub_0.1/train/Red_faced_Cormorant/600.jpg	A bird stands on rocks, head turned slightly.
../dataset/datasets/imb_cub_0.1/train/Red_faced_Cormorant/615.jpg	A bird stands on rock, head raised, beak open.
../dataset/datasets/imb_cub_0.1/train/Red_faced_Cormorant/606.jpg	A bird perched, head turned.
../dataset/datasets/imb_cub_0.1/train/Red_faced_Cormorant/605.jpg	A bird stands upright on a rock, head slightly tilted.
../dataset/datasets/imb_cub_0.1/train/Pelagic_Cormorant/620.jpg	A bird stands upright on rocky ground.
../dataset/datasets/imb_cub_0.1/train/Pelagic_Cormorant/626.jpg	A bird stands upright on a rock, head slightly tilted.
../dataset/datasets/imb_cub_0.1/train/Pelagic_Cormorant/634.jpg	A bird is swimming with its head slightly raised.
../dataset/datasets/imb_cub_0.1/train/Pelagic_Cormorant/622.jpg	A bird is flying with wings spread wide.
../dataset/datasets/imb_cub_0.1/train/Pelagic_Cormorant/621.jpg	A bird floats calmly on water, head slightly tilted.
../dataset/datasets/imb_cub_0.1/train/Pelagic_Cormorant/630.jpg	A bird stands upright, head slightly tilted.
../dataset/datasets/imb_cub_0.1/train/Pelagic_Cormorant/628.jpg	A bird is swimming with its head turned slightly to the side.
../dataset/datasets/imb_cub_0.1/train/Pelagic_Cormorant/625.jpg	A bird perched on tree branch, head slightly tilted.
../dataset/datasets/imb_cub_0.1/train/Pelagic_Cormorant/637.jpg	A bird is preening its feathers while floating on water.
../dataset/datasets/imb_cub_0.1/train/Pelagic_Cormorant/627.jpg	A bird stands on rocks, head slightly tilted.
../dataset/datasets/imb_cub_0.1/train/Pelagic_Cormorant/619.jpg	A bird perches on post, head turned.
../dataset/datasets/imb_cub_0.1/train/Pelagic_Cormorant/629.jpg	A bird spreads its wings wide, perched on rocks.
../dataset/datasets/imb_cub_0.1/train/Pelagic_Cormorant/624.jpg	A bird perches on rocks, head tilted back.
../dataset/datasets/imb_cub_0.1/train/Pelagic_Cormorant/623.jpg	A bird is flying with wings spread, holding prey in its beak.
../dataset/datasets/imb_cub_0.1/train/Pelagic_Cormorant/633.jpg	A bird is in flight, wings spread wide.
../dataset/datasets/imb_cub_0.1/train/Pelagic_Cormorant/618.jpg	A bird is in flight, wings spread wide.
../dataset/datasets/imb_cub_0.1/train/Pelagic_Cormorant/639.jpg	A bird stands on rock, head turned right.
../dataset/datasets/imb_cub_0.1/train/Pelagic_Cormorant/632.jpg	A bird soars with wings spread wide.
../dataset/datasets/imb_cub_0.1/train/Pelagic_Cormorant/635.jpg	A bird swims with a fish in its beak.
../dataset/datasets/imb_cub_0.1/train/Pelagic_Cormorant/631.jpg	A bird is floating on water with its head slightly tilted upward.
../dataset/datasets/imb_cub_0.1/train/Pelagic_Cormorant/638.jpg	A bird stands on rock, head slightly tilted.
../dataset/datasets/imb_cub_0.1/train/Pelagic_Cormorant/636.jpg	A bird is swimming with its head turned to the side.
../dataset/datasets/imb_cub_0.1/train/Bronzed_Cowbird/645.jpg	A bird perches on branch, head slightly tilted.
../dataset/datasets/imb_cub_0.1/train/Bronzed_Cowbird/661.jpg	A bird perched on branch, facing right.
../dataset/datasets/imb_cub_0.1/train/Bronzed_Cowbird/659.jpg	A bird stands on ground, head slightly raised.
../dataset/datasets/imb_cub_0.1/train/Bronzed_Cowbird/648.jpg	A bird perches on branch, head slightly tilted.
../dataset/datasets/imb_cub_0.1/train/Bronzed_Cowbird/647.jpg	A bird stands alert, head slightly tilted.
../dataset/datasets/imb_cub_0.1/train/Bronzed_Cowbird/649.jpg	A bird stands on one leg, head slightly tilted.
../dataset/datasets/imb_cub_0.1/train/Bronzed_Cowbird/641.jpg	A bird perches on branch, head slightly tilted.
../dataset/datasets/imb_cub_0.1/train/Bronzed_Cowbird/642.jpg	A bird stands on ground, head slightly tilted.
../dataset/datasets/imb_cub_0.1/train/Bronzed_Cowbird/654.jpg	A bird stands on one leg, wings slightly spread.
../dataset/datasets/imb_cub_0.1/train/Bronzed_Cowbird/646.jpg	A bird stands on grass, head slightly tilted.
../dataset/datasets/imb_cub_0.1/train/Bronzed_Cowbird/651.jpg	A bird perches on wire, head slightly tilted.
../dataset/datasets/imb_cub_0.1/train/Bronzed_Cowbird/644.jpg	A bird perched on branch, head slightly tilted.
../dataset/datasets/imb_cub_0.1/train/Bronzed_Cowbird/643.jpg	A bird perched, head slightly tilted.
../dataset/datasets/imb_cub_0.1/train/Bronzed_Cowbird/655.jpg	A bird stands on ground, head slightly tilted.
../dataset/datasets/imb_cub_0.1/train/Bronzed_Cowbird/640.jpg	A bird stands on rocks, head slightly tilted.
../dataset/datasets/imb_cub_0.1/train/Bronzed_Cowbird/657.jpg	A bird perched on branch, head slightly tilted.
../dataset/datasets/imb_cub_0.1/train/Bronzed_Cowbird/660.jpg	A bird stands on rocky ground, beak open.
../dataset/datasets/imb_cub_0.1/train/Bronzed_Cowbird/652.jpg	A bird perches on a feeder, head slightly tilted.
../dataset/datasets/imb_cub_0.1/train/Bronzed_Cowbird/650.jpg	A bird stands on rocks, head slightly tilted.
../dataset/datasets/imb_cub_0.1/train/Bronzed_Cowbird/658.jpg	A bird perches on a branch, facing right.
../dataset/datasets/imb_cub_0.1/train/Bronzed_Cowbird/653.jpg	A bird perches on ropes, head turned.
../dataset/datasets/imb_cub_0.1/train/Bronzed_Cowbird/656.jpg	A bird perches on a ledge, head slightly turned.
../dataset/datasets/imb_cub_0.1/train/Shiny_Cowbird/673.jpg	A bird stands on grass, head slightly tilted.
../dataset/datasets/imb_cub_0.1/train/Shiny_Cowbird/668.jpg	A bird stands alert, head slightly tilted.
../dataset/datasets/imb_cub_0.1/train/Shiny_Cowbird/682.jpg	A bird stands on ground, head slightly tilted.
../dataset/datasets/imb_cub_0.1/train/Shiny_Cowbird/677.jpg	A bird perches on a branch, facing right.
../dataset/datasets/imb_cub_0.1/train/Shiny_Cowbird/674.jpg	A bird perches on a branch, looking upward.
../dataset/datasets/imb_cub_0.1/train/Shiny_Cowbird/667.jpg	A bird perched, head slightly tilted.
../dataset/datasets/imb_cub_0.1/train/Shiny_Cowbird/666.jpg	A bird perched, head slightly tilted.
../dataset/datasets/imb_cub_0.1/train/Shiny_Cowbird/671.jpg	A bird stands on sandy ground, head slightly raised.
../dataset/datasets/imb_cub_0.1/train/Shiny_Cowbird/662.jpg	A bird stands on grass, head slightly tilted.
../dataset/datasets/imb_cub_0.1/train/Shiny_Cowbird/679.jpg	A bird stands on grass, head slightly raised.
../dataset/datasets/imb_cub_0.1/train/Shiny_Cowbird/665.jpg	A bird perches on a metal bar, facing right.
../dataset/datasets/imb_cub_0.1/train/Shiny_Cowbird/664.jpg	A bird perches on leaves, head slightly tilted.
../dataset/datasets/imb_cub_0.1/train/Shiny_Cowbird/676.jpg	A bird stands on ground, head slightly tilted.
../dataset/datasets/imb_cub_0.1/train/Shiny_Cowbird/681.jpg	A bird stands on grass, beak open.
../dataset/datasets/imb_cub_0.1/train/Shiny_Cowbird/669.jpg	A bird perches on a wooden stump, facing left.
../dataset/datasets/imb_cub_0.1/train/Shiny_Cowbird/672.jpg	A bird perched on wire, head turned slightly upward.
../dataset/datasets/imb_cub_0.1/train/Shiny_Cowbird/675.jpg	A bird stands on ground, head slightly tilted.
../dataset/datasets/imb_cub_0.1/train/Shiny_Cowbird/683.jpg	A bird perches on branch, head slightly tilted.
../dataset/datasets/imb_cub_0.1/train/Shiny_Cowbird/680.jpg	A bird perched, head slightly turned.
../dataset/datasets/imb_cub_0.1/train/Shiny_Cowbird/678.jpg	A bird stands on grass, head slightly lowered.
../dataset/datasets/imb_cub_0.1/train/Shiny_Cowbird/670.jpg	A bird stands on one leg, head slightly tilted.
../dataset/datasets/imb_cub_0.1/train/Shiny_Cowbird/663.jpg	A bird perches on mossy rock, head slightly tilted.
../dataset/datasets/imb_cub_0.1/train/Brown_Creeper/689.jpg	A bird perches on tree trunk, head raised.
../dataset/datasets/imb_cub_0.1/train/Brown_Creeper/684.jpg	A bird perches vertically on tree trunk, clinging with feet and tail.
../dataset/datasets/imb_cub_0.1/train/Brown_Creeper/687.jpg	A bird perches vertically on tree trunk, clinging with feet and tail.
../dataset/datasets/imb_cub_0.1/train/Brown_Creeper/699.jpg	A bird perches on tree trunk, head slightly tilted.
../dataset/datasets/imb_cub_0.1/train/Brown_Creeper/695.jpg	A bird perches vertically on tree trunk, head tilted upward.
../dataset/datasets/imb_cub_0.1/train/Brown_Creeper/690.jpg	A bird perches on branch, head tilted upward.
../dataset/datasets/imb_cub_0.1/train/Brown_Creeper/697.jpg	A bird perches vertically on tree bark, head tilted upward.
../dataset/datasets/imb_cub_0.1/train/Brown_Creeper/691.jpg	A bird perches vertically on tree trunk, head tilted upward.
../dataset/datasets/imb_cub_0.1/train/Brown_Creeper/696.jpg	A bird perches on tree trunk, head down.
../dataset/datasets/imb_cub_0.1/train/Brown_Creeper/694.jpg	A bird perches on moss, head turned.
../dataset/datasets/imb_cub_0.1/train/Brown_Creeper/703.jpg	A bird perches on branch, legs spread.
../dataset/datasets/imb_cub_0.1/train/Brown_Creeper/685.jpg	A bird perches vertically on tree trunk, beak open.
../dataset/datasets/imb_cub_0.1/train/Brown_Creeper/704.jpg	A bird perches vertically on tree trunk, head tilted upward.
../dataset/datasets/imb_cub_0.1/train/Brown_Creeper/698.jpg	A bird perches vertically on tree trunk, head tilted upward.
../dataset/datasets/imb_cub_0.1/train/Brown_Creeper/686.jpg	A bird perches upside down on tree branch.
../dataset/datasets/imb_cub_0.1/train/Brown_Creeper/688.jpg	A bird perches on tree trunk, gripping with feet and beak.
../dataset/datasets/imb_cub_0.1/train/Brown_Creeper/700.jpg	A bird perches vertically on tree trunk, head tilted upward.
../dataset/datasets/imb_cub_0.1/train/Brown_Creeper/701.jpg	A bird perches vertically on tree trunk, claws gripping bark.
../dataset/datasets/imb_cub_0.1/train/Brown_Creeper/692.jpg	A bird perches on mossy tree trunk, head tilted upward.
../dataset/datasets/imb_cub_0.1/train/Brown_Creeper/693.jpg	A bird perches on tree trunk, head tilted upward.
../dataset/datasets/imb_cub_0.1/train/Brown_Creeper/702.jpg	A bird perches vertically on tree trunk, head tilted upward.
../dataset/datasets/imb_cub_0.1/train/American_Crow/705.jpg	A bird stands on grass, head slightly tilted.
../dataset/datasets/imb_cub_0.1/train/American_Crow/720.jpg	A bird perched, head down, pecking.
../dataset/datasets/imb_cub_0.1/train/American_Crow/713.jpg	A bird stands with prey in its beak.
../dataset/datasets/imb_cub_0.1/train/American_Crow/725.jpg	A bird stands alert, head slightly tilted.
../dataset/datasets/imb_cub_0.1/train/American_Crow/717.jpg	A bird stands on ground, beak open.
../dataset/datasets/imb_cub_0.1/train/American_Crow/714.jpg	A bird perched on branch, facing right.
../dataset/datasets/imb_cub_0.1/train/American_Crow/712.jpg	A bird stands on a surface, head slightly lowered.
../dataset/datasets/imb_cub_0.1/train/American_Crow/722.jpg	A bird stands on snowy ground, holding an insect in its beak.
../dataset/datasets/imb_cub_0.1/train/American_Crow/719.jpg	A bird perched on branch, head turned slightly.
../dataset/datasets/imb_cub_0.1/train/American_Crow/710.jpg	A bird perches on branch, head slightly tilted.
../dataset/datasets/imb_cub_0.1/train/American_Crow/708.jpg	A bird is in flight, wings spread wide and tail fanned out.
../dataset/datasets/imb_cub_0.1/train/American_Crow/715.jpg	A bird stands with a worm in its beak.
../dataset/datasets/imb_cub_0.1/train/American_Crow/724.jpg	A bird stands on ground, head slightly tilted.
../dataset/datasets/imb_cub_0.1/train/American_Crow/721.jpg	A bird perched, beak open.
../dataset/datasets/imb_cub_0.1/train/American_Crow/711.jpg	A bird stands on snow-covered ground, beak near food.
../dataset/datasets/imb_cub_0.1/train/American_Crow/718.jpg	A bird stands on a feeder, head slightly tilted.
../dataset/datasets/imb_cub_0.1/train/American_Crow/706.jpg	A bird perched on branch.
../dataset/datasets/imb_cub_0.1/train/American_Crow/716.jpg	A bird perched on branch, head slightly turned.
../dataset/datasets/imb_cub_0.1/train/American_Crow/707.jpg	A bird stands on grass, head slightly lowered.
../dataset/datasets/imb_cub_0.1/train/American_Crow/723.jpg	A bird stands on grass, head slightly tilted.
../dataset/datasets/imb_cub_0.1/train/American_Crow/709.jpg	A bird perched, head slightly tilted.
../dataset/datasets/imb_cub_0.1/train/Fish_Crow/746.jpg	A bird perched on wire, head slightly tilted.
../dataset/datasets/imb_cub_0.1/train/Fish_Crow/743.jpg	A bird is flying with wings spread.
../dataset/datasets/imb_cub_0.1/train/Fish_Crow/740.jpg	A bird stands on ground, head turned slightly.
../dataset/datasets/imb_cub_0.1/train/Fish_Crow/744.jpg	A bird perched on branch, legs spread.
../dataset/datasets/imb_cub_0.1/train/Fish_Crow/731.jpg	A bird perches on wooden railing, head turned slightly.
../dataset/datasets/imb_cub_0.1/train/Fish_Crow/728.jpg	A bird perched, head turned.
../dataset/datasets/imb_cub_0.1/train/Fish_Crow/741.jpg	Bird in flight, wings spread, legs extended.
../dataset/datasets/imb_cub_0.1/train/Fish_Crow/732.jpg	A bird perches on branch, head slightly turned.
../dataset/datasets/imb_cub_0.1/train/Fish_Crow/727.jpg	A bird soars with wings spread wide, beak open.
../dataset/datasets/imb_cub_0.1/train/Fish_Crow/734.jpg	A bird spreads wings, poised mid-flight.
../dataset/datasets/imb_cub_0.1/train/Fish_Crow/726.jpg	A bird perched on post, facing left.
../dataset/datasets/imb_cub_0.1/train/Fish_Crow/739.jpg	A bird stands in grass, head slightly lowered.
../dataset/datasets/imb_cub_0.1/train/Fish_Crow/736.jpg	A bird perched on branch, head turned slightly.
../dataset/datasets/imb_cub_0.1/train/Fish_Crow/737.jpg	A bird perched on wire, head slightly tilted.
../dataset/datasets/imb_cub_0.1/train/Fish_Crow/733.jpg	A bird perched, legs spread, facing left.
../dataset/datasets/imb_cub_0.1/train/Fish_Crow/735.jpg	A bird soars with wings spread wide.
../dataset/datasets/imb_cub_0.1/train/Fish_Crow/745.jpg	A bird stands on sandy ground, head slightly turned.
../dataset/datasets/imb_cub_0.1/train/Fish_Crow/730.jpg	A bird stands on grass, head slightly tilted.
../dataset/datasets/imb_cub_0.1/train/Fish_Crow/729.jpg	A bird perches on branch, head turned slightly.
../dataset/datasets/imb_cub_0.1/train/Fish_Crow/742.jpg	A bird perched on branch, beak open.
../dataset/datasets/imb_cub_0.1/train/Fish_Crow/738.jpg	A bird perched on branch, head slightly tilted.
../dataset/datasets/imb_cub_0.1/train/Black_billed_Cuckoo/765.jpg	A bird perched on branch, facing left.
../dataset/datasets/imb_cub_0.1/train/Black_billed_Cuckoo/747.jpg	a bird perched on branch, head slightly tilted.
../dataset/datasets/imb_cub_0.1/train/Black_billed_Cuckoo/752.jpg	A bird perched on hand, head slightly tilted.
../dataset/datasets/imb_cub_0.1/train/Black_billed_Cuckoo/762.jpg	A bird perches on branch, head slightly tilted.
../dataset/datasets/imb_cub_0.1/train/Black_billed_Cuckoo/763.jpg	A bird perched on branch, facing right.
../dataset/datasets/imb_cub_0.1/train/Black_billed_Cuckoo/767.jpg	A bird perched on hand, wings slightly spread.
../dataset/datasets/imb_cub_0.1/train/Black_billed_Cuckoo/761.jpg	A bird perched on branch, facing right.
../dataset/datasets/imb_cub_0.1/train/Black_billed_Cuckoo/748.jpg	A bird perched on branch, head slightly tilted.
../dataset/datasets/imb_cub_0.1/train/Black_billed_Cuckoo/750.jpg	A bird perched on branch, head slightly tilted.
../dataset/datasets/imb_cub_0.1/train/Black_billed_Cuckoo/749.jpg	A bird perches on branch, head slightly tilted.
../dataset/datasets/imb_cub_0.1/train/Black_billed_Cuckoo/760.jpg	A bird perched on a hand, facing right.
../dataset/datasets/imb_cub_0.1/train/Black_billed_Cuckoo/758.jpg	A bird perched on branch, head turned slightly.
../dataset/datasets/imb_cub_0.1/train/Black_billed_Cuckoo/759.jpg	a bird perched on branch, facing right.
../dataset/datasets/imb_cub_0.1/train/Black_billed_Cuckoo/756.jpg	A bird perched on branch, facing right.
../dataset/datasets/imb_cub_0.1/train/Black_billed_Cuckoo/757.jpg	A bird perched on branch, facing left.
../dataset/datasets/imb_cub_0.1/train/Black_billed_Cuckoo/755.jpg	A bird perches on branch, head slightly tilted.
../dataset/datasets/imb_cub_0.1/train/Black_billed_Cuckoo/754.jpg	A bird perches on wires, head slightly tilted.
../dataset/datasets/imb_cub_0.1/train/Black_billed_Cuckoo/766.jpg	A bird perches on branch, head slightly tilted.
../dataset/datasets/imb_cub_0.1/train/Black_billed_Cuckoo/751.jpg	A bird perched, head turned.
../dataset/datasets/imb_cub_0.1/train/Black_billed_Cuckoo/764.jpg	A bird perches on branch, tail extended.
../dataset/datasets/imb_cub_0.1/train/Black_billed_Cuckoo/753.jpg	A bird perches on branch, tail extended.
../dataset/datasets/imb_cub_0.1/train/Mangrove_Cuckoo/771.jpg	A bird perches on a branch, facing right.
../dataset/datasets/imb_cub_0.1/train/Mangrove_Cuckoo/768.jpg	A bird perches on branch, head slightly tilted.
../dataset/datasets/imb_cub_0.1/train/Mangrove_Cuckoo/770.jpg	A bird perches on a branch, tail feathers fanned out.
../dataset/datasets/imb_cub_0.1/train/Mangrove_Cuckoo/782.jpg	A bird perches on branch, head turned slightly.
../dataset/datasets/imb_cub_0.1/train/Mangrove_Cuckoo/776.jpg	a bird perched on branch, head turned slightly.
../dataset/datasets/imb_cub_0.1/train/Mangrove_Cuckoo/781.jpg	A bird perches on branch, head slightly tilted.
../dataset/datasets/imb_cub_0.1/train/Mangrove_Cuckoo/773.jpg	A bird perches on branch, head slightly tilted.
../dataset/datasets/imb_cub_0.1/train/Mangrove_Cuckoo/786.jpg	A bird perched on branch, head slightly lowered.
../dataset/datasets/imb_cub_0.1/train/Mangrove_Cuckoo/787.jpg	A bird perches on branch, head slightly tilted.
../dataset/datasets/imb_cub_0.1/train/Mangrove_Cuckoo/777.jpg	A bird perched on branch, head slightly tilted.
../dataset/datasets/imb_cub_0.1/train/Mangrove_Cuckoo/785.jpg	A bird perches on branch, head slightly tilted.
../dataset/datasets/imb_cub_0.1/train/Mangrove_Cuckoo/778.jpg	A bird perched on a branch, facing right.
../dataset/datasets/imb_cub_0.1/train/Mangrove_Cuckoo/780.jpg	A bird perches on branch, tail fanned out.
../dataset/datasets/imb_cub_0.1/train/Mangrove_Cuckoo/783.jpg	A bird perches on branch, head slightly tilted.
../dataset/datasets/imb_cub_0.1/train/Mangrove_Cuckoo/774.jpg	A bird perched on branch, head slightly tilted.
../dataset/datasets/imb_cub_0.1/train/Mangrove_Cuckoo/772.jpg	A bird perches on branch, tail fanned out.
../dataset/datasets/imb_cub_0.1/train/Mangrove_Cuckoo/779.jpg	A bird perches on branch, head slightly tilted.
../dataset/datasets/imb_cub_0.1/train/Mangrove_Cuckoo/784.jpg	A bird perched on branch, facing left.
../dataset/datasets/imb_cub_0.1/train/Mangrove_Cuckoo/775.jpg	a bird perched on branch, head turned slightly.
../dataset/datasets/imb_cub_0.1/train/Mangrove_Cuckoo/769.jpg	A bird perched on a branch, facing left.
../dataset/datasets/imb_cub_0.1/train/Yellow_billed_Cuckoo/805.jpg	A bird perches on branch, tail extended.
../dataset/datasets/imb_cub_0.1/train/Yellow_billed_Cuckoo/794.jpg	A bird perched on branch, head slightly tilted.
../dataset/datasets/imb_cub_0.1/train/Yellow_billed_Cuckoo/802.jpg	A bird perches on branch, facing left.
../dataset/datasets/imb_cub_0.1/train/Yellow_billed_Cuckoo/806.jpg	A bird perches on branch, tail fanned out.
../dataset/datasets/imb_cub_0.1/train/Yellow_billed_Cuckoo/800.jpg	a bird perched on branch, facing right.
../dataset/datasets/imb_cub_0.1/train/Yellow_billed_Cuckoo/804.jpg	A bird perched on branch, facing right.
../dataset/datasets/imb_cub_0.1/train/Yellow_billed_Cuckoo/798.jpg	A bird perches on a branch.
../dataset/datasets/imb_cub_0.1/train/Yellow_billed_Cuckoo/803.jpg	A bird perches on branch, holding twig.
../dataset/datasets/imb_cub_0.1/train/Yellow_billed_Cuckoo/807.jpg	A bird perched on branch, facing right.
../dataset/datasets/imb_cub_0.1/train/Yellow_billed_Cuckoo/789.jpg	A bird perched on a branch, facing right.
../dataset/datasets/imb_cub_0.1/train/Yellow_billed_Cuckoo/801.jpg	A bird perched on branch, tail extended.
../dataset/datasets/imb_cub_0.1/train/Yellow_billed_Cuckoo/792.jpg	a bird perched on wire fence.
../dataset/datasets/imb_cub_0.1/train/Yellow_billed_Cuckoo/788.jpg	A bird perches on branch, head slightly tilted.
../dataset/datasets/imb_cub_0.1/train/Yellow_billed_Cuckoo/797.jpg	A bird perches on branch, head slightly tilted.
../dataset/datasets/imb_cub_0.1/train/Yellow_billed_Cuckoo/791.jpg	A bird perched on branch, tail fanned out.
../dataset/datasets/imb_cub_0.1/train/Yellow_billed_Cuckoo/790.jpg	A bird perches on branch, facing right.
../dataset/datasets/imb_cub_0.1/train/Yellow_billed_Cuckoo/796.jpg	A bird perched on branch, facing right.
../dataset/datasets/imb_cub_0.1/train/Yellow_billed_Cuckoo/795.jpg	A bird perched, head slightly tilted.
../dataset/datasets/imb_cub_0.1/train/Yellow_billed_Cuckoo/793.jpg	A bird perches on branch, facing right.
../dataset/datasets/imb_cub_0.1/train/Yellow_billed_Cuckoo/799.jpg	a bird perched on branch, facing right.
../dataset/datasets/imb_cub_0.1/train/Gray_crowned_Rosy_Finch/827.jpg	A bird perched on snowy railing.
../dataset/datasets/imb_cub_0.1/train/Gray_crowned_Rosy_Finch/817.jpg	A bird perches on railing, head slightly tilted.
../dataset/datasets/imb_cub_0.1/train/Gray_crowned_Rosy_Finch/815.jpg	A bird perches on edge, facing left.
../dataset/datasets/imb_cub_0.1/train/Gray_crowned_Rosy_Finch/811.jpg	A bird perches on fence wire, facing right.
../dataset/datasets/imb_cub_0.1/train/Gray_crowned_Rosy_Finch/825.jpg	A bird perched on a surface, facing right.
../dataset/datasets/imb_cub_0.1/train/Gray_crowned_Rosy_Finch/822.jpg	A bird perched, facing right.
../dataset/datasets/imb_cub_0.1/train/Gray_crowned_Rosy_Finch/810.jpg	A bird perched on snow, head slightly tilted.
../dataset/datasets/imb_cub_0.1/train/Gray_crowned_Rosy_Finch/820.jpg	A bird perched, head slightly tilted.
../dataset/datasets/imb_cub_0.1/train/Gray_crowned_Rosy_Finch/818.jpg	A bird perched on branch, facing left.
../dataset/datasets/imb_cub_0.1/train/Gray_crowned_Rosy_Finch/816.jpg	A bird perches on a mossy surface, facing left.
../dataset/datasets/imb_cub_0.1/train/Gray_crowned_Rosy_Finch/819.jpg	A bird perched on a post, facing right.
../dataset/datasets/imb_cub_0.1/train/Gray_crowned_Rosy_Finch/821.jpg	A bird perched on wood, head slightly tilted.
../dataset/datasets/imb_cub_0.1/train/Gray_crowned_Rosy_Finch/813.jpg	A bird is crouched on the ground.
../dataset/datasets/imb_cub_0.1/train/Gray_crowned_Rosy_Finch/814.jpg	a bird perched on rock, facing left.
../dataset/datasets/imb_cub_0.1/train/Gray_crowned_Rosy_Finch/826.jpg	A bird perched on rock, head slightly tilted.
../dataset/datasets/imb_cub_0.1/train/Gray_crowned_Rosy_Finch/808.jpg	A bird perched on rock, facing right.
../dataset/datasets/imb_cub_0.1/train/Gray_crowned_Rosy_Finch/824.jpg	A bird stands on ground, perched near pine cones.
../dataset/datasets/imb_cub_0.1/train/Gray_crowned_Rosy_Finch/823.jpg	A bird perched on branch, facing left.
../dataset/datasets/imb_cub_0.1/train/Gray_crowned_Rosy_Finch/809.jpg	A bird perches on dry grass, facing right.
../dataset/datasets/imb_cub_0.1/train/Gray_crowned_Rosy_Finch/812.jpg	A bird perched on branch, facing right.
../dataset/datasets/imb_cub_0.1/train/Purple_Finch/841.jpg	A bird stands on wet ground, pecking at seeds.
../dataset/datasets/imb_cub_0.1/train/Purple_Finch/828.jpg	A bird perched on branch, head slightly tilted.
../dataset/datasets/imb_cub_0.1/train/Purple_Finch/847.jpg	A bird perched, head slightly tilted.
../dataset/datasets/imb_cub_0.1/train/Purple_Finch/838.jpg	A bird perched on branch, facing right.
../dataset/datasets/imb_cub_0.1/train/Purple_Finch/836.jpg	A bird stands on ground, head slightly tilted forward.
../dataset/datasets/imb_cub_0.1/train/Purple_Finch/832.jpg	A bird perches on branch, facing left.
../dataset/datasets/imb_cub_0.1/train/Purple_Finch/844.jpg	A bird perched on a metal structure, facing right.
../dataset/datasets/imb_cub_0.1/train/Purple_Finch/835.jpg	A bird perches on curved metal, facing left.
../dataset/datasets/imb_cub_0.1/train/Purple_Finch/846.jpg	A bird perched on feeder, head tilted slightly.
../dataset/datasets/imb_cub_0.1/train/Purple_Finch/837.jpg	A bird perched on a curved metal bar, facing left.
../dataset/datasets/imb_cub_0.1/train/Purple_Finch/829.jpg	A bird perched on branch, facing right.
../dataset/datasets/imb_cub_0.1/train/Purple_Finch/840.jpg	A bird perches on seeds, head slightly tilted.
../dataset/datasets/imb_cub_0.1/train/Purple_Finch/843.jpg	A bird perched on wire, facing right.
../dataset/datasets/imb_cub_0.1/train/Purple_Finch/839.jpg	A bird perched on branch, facing right.
../dataset/datasets/imb_cub_0.1/train/Purple_Finch/833.jpg	A bird perched on branch, head slightly tilted.
../dataset/datasets/imb_cub_0.1/train/Purple_Finch/834.jpg	A bird perched on a curved surface, facing right.
../dataset/datasets/imb_cub_0.1/train/Purple_Finch/845.jpg	A bird perches on feeder, head slightly tilted.
../dataset/datasets/imb_cub_0.1/train/Purple_Finch/830.jpg	A bird perched on branch, facing left.
../dataset/datasets/imb_cub_0.1/train/Purple_Finch/831.jpg	A bird perched on branch, facing left.
../dataset/datasets/imb_cub_0.1/train/Purple_Finch/842.jpg	A bird perches on a feeder, head slightly tilted.
../dataset/datasets/imb_cub_0.1/train/Northern_Flicker/858.jpg	a bird stands on grass, head slightly tilted.
../dataset/datasets/imb_cub_0.1/train/Northern_Flicker/865.jpg	a bird perched on branch.
../dataset/datasets/imb_cub_0.1/train/Northern_Flicker/859.jpg	A bird stands upright in grass.
../dataset/datasets/imb_cub_0.1/train/Northern_Flicker/852.jpg	A bird perched, head slightly tilted.
../dataset/datasets/imb_cub_0.1/train/Northern_Flicker/860.jpg	a bird perched on branch, head turned slightly.
../dataset/datasets/imb_cub_0.1/train/Northern_Flicker/848.jpg	a bird perched on branch, facing left.
../dataset/datasets/imb_cub_0.1/train/Northern_Flicker/853.jpg	A bird perches on fence post.
../dataset/datasets/imb_cub_0.1/train/Northern_Flicker/850.jpg	A bird perches on branch, head slightly turned.
../dataset/datasets/imb_cub_0.1/train/Northern_Flicker/861.jpg	A bird perches on tree trunk, head turned slightly.
../dataset/datasets/imb_cub_0.1/train/Northern_Flicker/855.jpg	A bird stands on rocks, head slightly tilted.
../dataset/datasets/imb_cub_0.1/train/Northern_Flicker/866.jpg	A bird stands on grass, head slightly turned.
../dataset/datasets/imb_cub_0.1/train/Northern_Flicker/856.jpg	A bird perches on tree trunk, head slightly tilted.
../dataset/datasets/imb_cub_0.1/train/Northern_Flicker/849.jpg	A bird perches on branch, head slightly turned.
../dataset/datasets/imb_cub_0.1/train/Northern_Flicker/851.jpg	A bird perches on branch, head slightly turned.
../dataset/datasets/imb_cub_0.1/train/Northern_Flicker/862.jpg	A bird perches on tree trunk, head slightly tilted.
../dataset/datasets/imb_cub_0.1/train/Northern_Flicker/854.jpg	A bird perched on branch, head turned right.
../dataset/datasets/imb_cub_0.1/train/Northern_Flicker/857.jpg	A bird perched on wire, facing right.
../dataset/datasets/imb_cub_0.1/train/Northern_Flicker/863.jpg	a bird stands on ground, head slightly turned.
../dataset/datasets/imb_cub_0.1/train/Northern_Flicker/864.jpg	A bird perches on tree trunk, clinging with one foot.
../dataset/datasets/imb_cub_0.1/train/Acadian_Flycatcher/870.jpg	A bird perched on a hand, held gently.
../dataset/datasets/imb_cub_0.1/train/Acadian_Flycatcher/867.jpg	A bird perches on nest, looking down.
../dataset/datasets/imb_cub_0.1/train/Acadian_Flycatcher/871.jpg	A bird perches on branch, facing forward.
../dataset/datasets/imb_cub_0.1/train/Acadian_Flycatcher/884.jpg	A bird perches on a branch, facing slightly left.
../dataset/datasets/imb_cub_0.1/train/Acadian_Flycatcher/869.jpg	A bird perched on branch, facing right.
../dataset/datasets/imb_cub_0.1/train/Acadian_Flycatcher/878.jpg	A bird perched on branch, mouth open.
../dataset/datasets/imb_cub_0.1/train/Acadian_Flycatcher/881.jpg	a bird perched on branch, facing left.
../dataset/datasets/imb_cub_0.1/train/Acadian_Flycatcher/872.jpg	A bird perches on branch, holding insect.
../dataset/datasets/imb_cub_0.1/train/Acadian_Flycatcher/882.jpg	A bird perches on branch, head slightly tilted.
../dataset/datasets/imb_cub_0.1/train/Acadian_Flycatcher/879.jpg	A bird perches on branch, facing left.
../dataset/datasets/imb_cub_0.1/train/Acadian_Flycatcher/876.jpg	A bird perches on branch, facing left.
../dataset/datasets/imb_cub_0.1/train/Acadian_Flycatcher/875.jpg	A bird perched on branch, facing left.
../dataset/datasets/imb_cub_0.1/train/Acadian_Flycatcher/873.jpg	a bird perched on branch, facing right.
../dataset/datasets/imb_cub_0.1/train/Acadian_Flycatcher/883.jpg	A bird perches on branch, facing right.
../dataset/datasets/imb_cub_0.1/train/Acadian_Flycatcher/874.jpg	A bird perched on a hand.
../dataset/datasets/imb_cub_0.1/train/Acadian_Flycatcher/868.jpg	a bird perched on branch, facing right.
../dataset/datasets/imb_cub_0.1/train/Acadian_Flycatcher/880.jpg	A bird perched on hand, wings slightly spread.
../dataset/datasets/imb_cub_0.1/train/Acadian_Flycatcher/885.jpg	a bird perched on fence wire.
../dataset/datasets/imb_cub_0.1/train/Acadian_Flycatcher/877.jpg	A bird perches on branch, facing left.
../dataset/datasets/imb_cub_0.1/train/Great_Crested_Flycatcher/898.jpg	A bird perches on branch, head slightly tilted.
../dataset/datasets/imb_cub_0.1/train/Great_Crested_Flycatcher/894.jpg	A bird perches on branch, head slightly tilted.
../dataset/datasets/imb_cub_0.1/train/Great_Crested_Flycatcher/897.jpg	a bird perched on branch, facing left.
../dataset/datasets/imb_cub_0.1/train/Great_Crested_Flycatcher/900.jpg	a bird perched on branch, facing right.
../dataset/datasets/imb_cub_0.1/train/Great_Crested_Flycatcher/891.jpg	a bird stands on ground, head slightly tilted.
../dataset/datasets/imb_cub_0.1/train/Great_Crested_Flycatcher/902.jpg	A bird perched on branch, facing left.
../dataset/datasets/imb_cub_0.1/train/Great_Crested_Flycatcher/886.jpg	a bird perched on branch, facing right.
../dataset/datasets/imb_cub_0.1/train/Great_Crested_Flycatcher/896.jpg	A bird perches on branch, tail extended.
../dataset/datasets/imb_cub_0.1/train/Great_Crested_Flycatcher/904.jpg	A bird perches on a plant, facing right.
../dataset/datasets/imb_cub_0.1/train/Great_Crested_Flycatcher/889.jpg	A bird perches on branch, facing right.
../dataset/datasets/imb_cub_0.1/train/Great_Crested_Flycatcher/888.jpg	A bird perched on branch, facing right.
../dataset/datasets/imb_cub_0.1/train/Great_Crested_Flycatcher/895.jpg	A bird perches on branch, head slightly turned.
../dataset/datasets/imb_cub_0.1/train/Great_Crested_Flycatcher/892.jpg	A bird perches on branch, tail fanned out.
../dataset/datasets/imb_cub_0.1/train/Great_Crested_Flycatcher/901.jpg	A bird perches on wire, facing left.
../dataset/datasets/imb_cub_0.1/train/Great_Crested_Flycatcher/887.jpg	A bird perches on branch, head slightly tilted upward.
../dataset/datasets/imb_cub_0.1/train/Great_Crested_Flycatcher/890.jpg	A bird perches on branch, head slightly tilted.
../dataset/datasets/imb_cub_0.1/train/Great_Crested_Flycatcher/903.jpg	a bird perched on wire, facing left.
../dataset/datasets/imb_cub_0.1/train/Great_Crested_Flycatcher/893.jpg	a bird perched on branch, facing left.
../dataset/datasets/imb_cub_0.1/train/Great_Crested_Flycatcher/899.jpg	A bird perches near tree hole, wings slightly spread.
../dataset/datasets/imb_cub_0.1/train/Least_Flycatcher/919.jpg	a bird perched on wood, facing right.
../dataset/datasets/imb_cub_0.1/train/Least_Flycatcher/911.jpg	A bird perches on branch, facing right.
../dataset/datasets/imb_cub_0.1/train/Least_Flycatcher/922.jpg	A bird perches on branch, facing left.
../dataset/datasets/imb_cub_0.1/train/Least_Flycatcher/916.jpg	A bird perches on a branch.
../dataset/datasets/imb_cub_0.1/train/Least_Flycatcher/918.jpg	A bird perches on branch, beak open.
../dataset/datasets/imb_cub_0.1/train/Least_Flycatcher/917.jpg	a bird perched, head slightly tilted.
../dataset/datasets/imb_cub_0.1/train/Least_Flycatcher/905.jpg	A bird perches on branch, facing right.
../dataset/datasets/imb_cub_0.1/train/Least_Flycatcher/915.jpg	A bird perches on branch, facing right.
../dataset/datasets/imb_cub_0.1/train/Least_Flycatcher/908.jpg	A bird perches on branch, facing right.
../dataset/datasets/imb_cub_0.1/train/Least_Flycatcher/923.jpg	A bird perches on branch, facing right.
../dataset/datasets/imb_cub_0.1/train/Least_Flycatcher/920.jpg	A bird perched on a hand, slightly tilted.
../dataset/datasets/imb_cub_0.1/train/Least_Flycatcher/912.jpg	A bird perches on branch, facing left.
../dataset/datasets/imb_cub_0.1/train/Least_Flycatcher/914.jpg	A bird perched on a hand.
../dataset/datasets/imb_cub_0.1/train/Least_Flycatcher/921.jpg	A bird perches on branch, head slightly tilted.
../dataset/datasets/imb_cub_0.1/train/Least_Flycatcher/906.jpg	A bird perches on branch, facing right.
../dataset/datasets/imb_cub_0.1/train/Least_Flycatcher/907.jpg	a bird perched on branch, facing left.
../dataset/datasets/imb_cub_0.1/train/Least_Flycatcher/913.jpg	A bird perches on a branch, facing right.
../dataset/datasets/imb_cub_0.1/train/Least_Flycatcher/910.jpg	A bird is perched, facing right.
../dataset/datasets/imb_cub_0.1/train/Least_Flycatcher/909.jpg	A bird perched on branch, facing left.
../dataset/datasets/imb_cub_0.1/train/Olive_sided_Flycatcher/926.jpg	A bird perches on a branch, facing left.
../dataset/datasets/imb_cub_0.1/train/Olive_sided_Flycatcher/933.jpg	a bird perched on branch, facing right.
../dataset/datasets/imb_cub_0.1/train/Olive_sided_Flycatcher/936.jpg	A bird perches on branch, facing right.
../dataset/datasets/imb_cub_0.1/train/Olive_sided_Flycatcher/928.jpg	a bird perched on branch, facing right.
../dataset/datasets/imb_cub_0.1/train/Olive_sided_Flycatcher/941.jpg	A bird perches on branch, head slightly tilted.
../dataset/datasets/imb_cub_0.1/train/Olive_sided_Flycatcher/931.jpg	A bird perched on hand, wings slightly spread.
../dataset/datasets/imb_cub_0.1/train/Olive_sided_Flycatcher/942.jpg	A bird perched on wire, facing right.
../dataset/datasets/imb_cub_0.1/train/Olive_sided_Flycatcher/938.jpg	A bird perches on branch, facing left.
../dataset/datasets/imb_cub_0.1/train/Olive_sided_Flycatcher/924.jpg	a bird perched on fence
../dataset/datasets/imb_cub_0.1/train/Olive_sided_Flycatcher/935.jpg	A bird perches on branch, facing right.
../dataset/datasets/imb_cub_0.1/train/Olive_sided_Flycatcher/927.jpg	a bird perched on branch.
../dataset/datasets/imb_cub_0.1/train/Olive_sided_Flycatcher/937.jpg	A bird perched on branch, open beak.
../dataset/datasets/imb_cub_0.1/train/Olive_sided_Flycatcher/925.jpg	A bird perches on a branch, facing right.
../dataset/datasets/imb_cub_0.1/train/Olive_sided_Flycatcher/929.jpg	A bird perched on branch, facing left.
../dataset/datasets/imb_cub_0.1/train/Olive_sided_Flycatcher/940.jpg	A bird perches on branch, beak open.
../dataset/datasets/imb_cub_0.1/train/Olive_sided_Flycatcher/932.jpg	A bird perches on branch, facing right.
../dataset/datasets/imb_cub_0.1/train/Olive_sided_Flycatcher/939.jpg	a bird perched on branch, facing right.
../dataset/datasets/imb_cub_0.1/train/Olive_sided_Flycatcher/934.jpg	A bird perches on branch, facing right.
../dataset/datasets/imb_cub_0.1/train/Olive_sided_Flycatcher/930.jpg	a bird perched on branch, facing left.
../dataset/datasets/imb_cub_0.1/train/Scissor_tailed_Flycatcher/945.jpg	a bird perched on barbed wire.
../dataset/datasets/imb_cub_0.1/train/Scissor_tailed_Flycatcher/946.jpg	a bird perched on wire, tail extended.
../dataset/datasets/imb_cub_0.1/train/Scissor_tailed_Flycatcher/947.jpg	a bird perched on branch, tail fanned out.
../dataset/datasets/imb_cub_0.1/train/Scissor_tailed_Flycatcher/959.jpg	a bird perched on barbed wire.
../dataset/datasets/imb_cub_0.1/train/Scissor_tailed_Flycatcher/952.jpg	a bird perched on branch, tail extended.
../dataset/datasets/imb_cub_0.1/train/Scissor_tailed_Flycatcher/948.jpg	A bird perches on branch, head slightly tilted.
../dataset/datasets/imb_cub_0.1/train/Scissor_tailed_Flycatcher/950.jpg	A bird perches on branch, tail fanned out.
../dataset/datasets/imb_cub_0.1/train/Scissor_tailed_Flycatcher/949.jpg	a bird perched on wire, tail fanned out.
../dataset/datasets/imb_cub_0.1/train/Scissor_tailed_Flycatcher/953.jpg	a bird perched on wire, tail extended.
../dataset/datasets/imb_cub_0.1/train/Scissor_tailed_Flycatcher/944.jpg	a bird stands still, tail extended.
../dataset/datasets/imb_cub_0.1/train/Scissor_tailed_Flycatcher/957.jpg	A bird perches on post, tail fanned out.
../dataset/datasets/imb_cub_0.1/train/Scissor_tailed_Flycatcher/943.jpg	A bird perches on barbed wire.
../dataset/datasets/imb_cub_0.1/train/Scissor_tailed_Flycatcher/960.jpg	a bird perched on branch, facing right.
../dataset/datasets/imb_cub_0.1/train/Scissor_tailed_Flycatcher/951.jpg	A bird perches on branch, tail extended.
../dataset/datasets/imb_cub_0.1/train/Scissor_tailed_Flycatcher/954.jpg	a bird perched on wire, tail fanned out.
../dataset/datasets/imb_cub_0.1/train/Scissor_tailed_Flycatcher/956.jpg	a bird perched on barbed wire, tail fanned out.
../dataset/datasets/imb_cub_0.1/train/Scissor_tailed_Flycatcher/955.jpg	A bird perched on wire, tail extended.
../dataset/datasets/imb_cub_0.1/train/Scissor_tailed_Flycatcher/958.jpg	a bird perched on wire, tail extended.
../dataset/datasets/imb_cub_0.1/train/Vermilion_Flycatcher/962.jpg	A bird perched on branch, facing right.
../dataset/datasets/imb_cub_0.1/train/Vermilion_Flycatcher/975.jpg	A bird perches on branch, head slightly tilted.
../dataset/datasets/imb_cub_0.1/train/Vermilion_Flycatcher/978.jpg	A bird perches on branch, facing left.
../dataset/datasets/imb_cub_0.1/train/Vermilion_Flycatcher/972.jpg	A bird perches on barbed wire, facing left.
../dataset/datasets/imb_cub_0.1/train/Vermilion_Flycatcher/970.jpg	a bird perched on branch, head slightly tilted.
../dataset/datasets/imb_cub_0.1/train/Vermilion_Flycatcher/968.jpg	A bird perched on branch, facing left.
../dataset/datasets/imb_cub_0.1/train/Vermilion_Flycatcher/961.jpg	A bird perched on a branch, facing right.
../dataset/datasets/imb_cub_0.1/train/Vermilion_Flycatcher/971.jpg	A bird perches on branch, head slightly tilted.
../dataset/datasets/imb_cub_0.1/train/Vermilion_Flycatcher/973.jpg	A bird perches on branch, head slightly tilted.
../dataset/datasets/imb_cub_0.1/train/Vermilion_Flycatcher/969.jpg	A bird perches on a branch, facing right.
../dataset/datasets/imb_cub_0.1/train/Vermilion_Flycatcher/965.jpg	A bird perches on a branch, facing right.
../dataset/datasets/imb_cub_0.1/train/Vermilion_Flycatcher/963.jpg	A bird perches on branch, head slightly tilted.
../dataset/datasets/imb_cub_0.1/train/Vermilion_Flycatcher/966.jpg	A bird perches on a twig, facing left.
../dataset/datasets/imb_cub_0.1/train/Vermilion_Flycatcher/974.jpg	A bird is in flight, wings spread wide.
../dataset/datasets/imb_cub_0.1/train/Vermilion_Flycatcher/976.jpg	A bird perched on branch, facing left.
../dataset/datasets/imb_cub_0.1/train/Vermilion_Flycatcher/967.jpg	A bird perches on branch, head slightly tilted.
../dataset/datasets/imb_cub_0.1/train/Vermilion_Flycatcher/964.jpg	A bird perches on a branch, facing right.
../dataset/datasets/imb_cub_0.1/train/Vermilion_Flycatcher/977.jpg	A bird perches on branch, facing left.
../dataset/datasets/imb_cub_0.1/train/Yellow_bellied_Flycatcher/983.jpg	A bird perched on branch, head tilted slightly.
../dataset/datasets/imb_cub_0.1/train/Yellow_bellied_Flycatcher/985.jpg	A bird perches on branch, facing right.
../dataset/datasets/imb_cub_0.1/train/Yellow_bellied_Flycatcher/993.jpg	A bird perches on branch, facing left.
../dataset/datasets/imb_cub_0.1/train/Yellow_bellied_Flycatcher/979.jpg	A bird perches on branch, tail extended.
../dataset/datasets/imb_cub_0.1/train/Yellow_bellied_Flycatcher/995.jpg	A bird perches on branch, facing left.
../dataset/datasets/imb_cub_0.1/train/Yellow_bellied_Flycatcher/994.jpg	A bird perches on a branch, facing left.
../dataset/datasets/imb_cub_0.1/train/Yellow_bellied_Flycatcher/982.jpg	A bird perches on branch, facing forward.
../dataset/datasets/imb_cub_0.1/train/Yellow_bellied_Flycatcher/980.jpg	A bird perches on a branch, facing right.
../dataset/datasets/imb_cub_0.1/train/Yellow_bellied_Flycatcher/981.jpg	A bird perches on branch, facing left.
../dataset/datasets/imb_cub_0.1/train/Yellow_bellied_Flycatcher/986.jpg	A bird perches on branch, head slightly tilted.
../dataset/datasets/imb_cub_0.1/train/Yellow_bellied_Flycatcher/988.jpg	A bird perches on branch, facing right.
../dataset/datasets/imb_cub_0.1/train/Yellow_bellied_Flycatcher/984.jpg	A bird perched on edge, head slightly turned.
../dataset/datasets/imb_cub_0.1/train/Yellow_bellied_Flycatcher/990.jpg	A bird perches on a branch, facing right.
../dataset/datasets/imb_cub_0.1/train/Yellow_bellied_Flycatcher/987.jpg	A bird perches on branch, facing right.
../dataset/datasets/imb_cub_0.1/train/Yellow_bellied_Flycatcher/991.jpg	A bird perched on hand, slightly tilted head.
../dataset/datasets/imb_cub_0.1/train/Yellow_bellied_Flycatcher/989.jpg	a bird perched on branch, facing left.
../dataset/datasets/imb_cub_0.1/train/Yellow_bellied_Flycatcher/992.jpg	A bird perched on a hand, facing right.
../dataset/datasets/imb_cub_0.1/train/Yellow_bellied_Flycatcher/996.jpg	A bird perches on branch, facing left.
../dataset/datasets/imb_cub_0.1/train/Frigatebird/1005.jpg	A bird perched, head tilted back, red gular pouch inflated.
../dataset/datasets/imb_cub_0.1/train/Frigatebird/1000.jpg	A bird soars with wings spread wide.
../dataset/datasets/imb_cub_0.1/train/Frigatebird/1007.jpg	A bird perches on post, head turned.
../dataset/datasets/imb_cub_0.1/train/Frigatebird/1002.jpg	A bird soars with wings spread wide.
../dataset/datasets/imb_cub_0.1/train/Frigatebird/1008.jpg	A bird perched, head slightly tilted.
../dataset/datasets/imb_cub_0.1/train/Frigatebird/1009.jpg	A bird soars with wings spread wide.
../dataset/datasets/imb_cub_0.1/train/Frigatebird/1011.jpg	A bird perched on nest, red gular pouch inflated.
../dataset/datasets/imb_cub_0.1/train/Frigatebird/1006.jpg	A bird soars with wings spread wide.
../dataset/datasets/imb_cub_0.1/train/Frigatebird/1003.jpg	A bird soars with wings spread wide.
../dataset/datasets/imb_cub_0.1/train/Frigatebird/999.jpg	A bird soars with wings spread wide.
../dataset/datasets/imb_cub_0.1/train/Frigatebird/1004.jpg	A bird soars with wings spread wide.
../dataset/datasets/imb_cub_0.1/train/Frigatebird/997.jpg	A bird soars with wings spread wide, head slightly tilted.
../dataset/datasets/imb_cub_0.1/train/Frigatebird/1001.jpg	A bird stands alert, head slightly tilted.
../dataset/datasets/imb_cub_0.1/train/Frigatebird/1012.jpg	A bird perches on a rusted post, head slightly tilted.
../dataset/datasets/imb_cub_0.1/train/Frigatebird/1014.jpg	A bird rests, head slightly tilted.
../dataset/datasets/imb_cub_0.1/train/Frigatebird/1013.jpg	A bird soars with wings spread wide, head tilted slightly upward.
../dataset/datasets/imb_cub_0.1/train/Frigatebird/998.jpg	A bird soars with outstretched wings.
../dataset/datasets/imb_cub_0.1/train/Frigatebird/1010.jpg	A bird perches on branch, head slightly tilted.
../dataset/datasets/imb_cub_0.1/train/Northern_Fulmar/1024.jpg	A bird soars gracefully over the waves.
../dataset/datasets/imb_cub_0.1/train/Northern_Fulmar/1020.jpg	A bird floats calmly on water, wings slightly spread.
../dataset/datasets/imb_cub_0.1/train/Northern_Fulmar/1023.jpg	A bird soars with wings spread, beak open.
../dataset/datasets/imb_cub_0.1/train/Northern_Fulmar/1031.jpg	A bird soars with wings spread wide.
../dataset/datasets/imb_cub_0.1/train/Northern_Fulmar/1019.jpg	A bird soars with wings spread wide.
../dataset/datasets/imb_cub_0.1/train/Northern_Fulmar/1022.jpg	A bird is flying with wings spread.
../dataset/datasets/imb_cub_0.1/train/Northern_Fulmar/1026.jpg	A bird is flying with wings spread, holding an object in its beak.
../dataset/datasets/imb_cub_0.1/train/Northern_Fulmar/1021.jpg	A bird is flying with wings spread, holding an object in its beak.
../dataset/datasets/imb_cub_0.1/train/Northern_Fulmar/1015.jpg	A bird is in flight, wings spread wide.
../dataset/datasets/imb_cub_0.1/train/Northern_Fulmar/1030.jpg	A bird is in flight, wings spread wide.
../dataset/datasets/imb_cub_0.1/train/Northern_Fulmar/1028.jpg	a bird is sitting on grass.
../dataset/datasets/imb_cub_0.1/train/Northern_Fulmar/1018.jpg	A bird soars with wings spread wide.
../dataset/datasets/imb_cub_0.1/train/Northern_Fulmar/1029.jpg	A bird is in flight, wings spread, over water.
../dataset/datasets/imb_cub_0.1/train/Northern_Fulmar/1016.jpg	A bird is standing with wings slightly spread, head turned to the side.
../dataset/datasets/imb_cub_0.1/train/Northern_Fulmar/1027.jpg	A bird soars with wings spread wide.
../dataset/datasets/imb_cub_0.1/train/Northern_Fulmar/1025.jpg	A bird is flying with wings spread wide.
../dataset/datasets/imb_cub_0.1/train/Northern_Fulmar/1017.jpg	A bird soars with wings spread wide.
../dataset/datasets/imb_cub_0.1/train/Gadwall/1045.jpg	A bird is taking off from water with wings spread.
../dataset/datasets/imb_cub_0.1/train/Gadwall/1036.jpg	A bird stands on one leg, head down.
../dataset/datasets/imb_cub_0.1/train/Gadwall/1032.jpg	A bird is swimming with its head turned slightly to the left.
../dataset/datasets/imb_cub_0.1/train/Gadwall/1040.jpg	A bird stands on water, head slightly tilted.
../dataset/datasets/imb_cub_0.1/train/Gadwall/1041.jpg	A bird swims calmly on water.
../dataset/datasets/imb_cub_0.1/train/Gadwall/1048.jpg	A bird swims calmly, head slightly tilted.
../dataset/datasets/imb_cub_0.1/train/Gadwall/1034.jpg	A bird is swimming with its head slightly tilted.
../dataset/datasets/imb_cub_0.1/train/Gadwall/1038.jpg	A bird stands upright with head slightly tilted.
../dataset/datasets/imb_cub_0.1/train/Gadwall/1046.jpg	A bird is swimming calmly on water.
../dataset/datasets/imb_cub_0.1/train/Gadwall/1044.jpg	A bird spreads its wings while perched on a rock.
../dataset/datasets/imb_cub_0.1/train/Gadwall/1042.jpg	A bird is swimming with its head turned slightly to the left.
../dataset/datasets/imb_cub_0.1/train/Gadwall/1047.jpg	A bird is floating on water with its head slightly tilted down.
../dataset/datasets/imb_cub_0.1/train/Gadwall/1033.jpg	A bird stands on grass, head turned slightly.
../dataset/datasets/imb_cub_0.1/train/Gadwall/1037.jpg	A bird stands still on water, head slightly tilted.
../dataset/datasets/imb_cub_0.1/train/Gadwall/1035.jpg	A bird is swimming with its head slightly raised.
../dataset/datasets/imb_cub_0.1/train/Gadwall/1039.jpg	A bird is swimming with its head slightly tilted and wings tucked close to its body.
../dataset/datasets/imb_cub_0.1/train/Gadwall/1043.jpg	A bird swims calmly, head slightly raised.
../dataset/datasets/imb_cub_0.1/train/American_Goldfinch/1049.jpg	A bird perches on branch, head slightly tilted.
../dataset/datasets/imb_cub_0.1/train/American_Goldfinch/1053.jpg	A bird perches on branch, head slightly tilted.
../dataset/datasets/imb_cub_0.1/train/American_Goldfinch/1065.jpg	A bird perches on branch, facing right.
../dataset/datasets/imb_cub_0.1/train/American_Goldfinch/1061.jpg	A bird perched on edge, head slightly tilted.
../dataset/datasets/imb_cub_0.1/train/American_Goldfinch/1064.jpg	A bird perches on edge, facing right.
../dataset/datasets/imb_cub_0.1/train/American_Goldfinch/1054.jpg	a bird stands on ground, head slightly tilted.
../dataset/datasets/imb_cub_0.1/train/American_Goldfinch/1059.jpg	A bird perches on feeder, facing right.
../dataset/datasets/imb_cub_0.1/train/American_Goldfinch/1056.jpg	A bird stands on rocks, head slightly tilted.
../dataset/datasets/imb_cub_0.1/train/American_Goldfinch/1055.jpg	A bird perches on feeder.
../dataset/datasets/imb_cub_0.1/train/American_Goldfinch/1062.jpg	A bird perches on branch, facing right.
../dataset/datasets/imb_cub_0.1/train/American_Goldfinch/1063.jpg	A bird perches on branch, facing right.
../dataset/datasets/imb_cub_0.1/train/American_Goldfinch/1060.jpg	A bird perches on branch, facing left.
../dataset/datasets/imb_cub_0.1/train/American_Goldfinch/1057.jpg	A bird perches on branch, facing right.
../dataset/datasets/imb_cub_0.1/train/American_Goldfinch/1058.jpg	A bird perches on branch, facing right.
../dataset/datasets/imb_cub_0.1/train/American_Goldfinch/1051.jpg	A bird perches on wire, facing right.
../dataset/datasets/imb_cub_0.1/train/American_Goldfinch/1052.jpg	A bird perches on branch, facing right.
../dataset/datasets/imb_cub_0.1/train/American_Goldfinch/1050.jpg	A bird perches on a feeder, head slightly tilted.
../dataset/datasets/imb_cub_0.1/train/European_Goldfinch/1077.jpg	A bird perches on wire, facing forward.
../dataset/datasets/imb_cub_0.1/train/European_Goldfinch/1078.jpg	A bird perches on branch, facing right.
../dataset/datasets/imb_cub_0.1/train/European_Goldfinch/1070.jpg	A bird perches on a stem, facing right.
../dataset/datasets/imb_cub_0.1/train/European_Goldfinch/1082.jpg	A bird perched on branch, head turned slightly.
../dataset/datasets/imb_cub_0.1/train/European_Goldfinch/1066.jpg	A bird perches on plant, facing left.
../dataset/datasets/imb_cub_0.1/train/European_Goldfinch/1080.jpg	A bird perched, facing right.
../dataset/datasets/imb_cub_0.1/train/European_Goldfinch/1079.jpg	A bird perches on a feeder, facing right.
../dataset/datasets/imb_cub_0.1/train/European_Goldfinch/1067.jpg	A bird perched on finger, wings slightly spread.
../dataset/datasets/imb_cub_0.1/train/European_Goldfinch/1068.jpg	A bird perched on branch, facing right.
../dataset/datasets/imb_cub_0.1/train/European_Goldfinch/1076.jpg	A bird perched on branch, facing right.
../dataset/datasets/imb_cub_0.1/train/European_Goldfinch/1072.jpg	A bird perched on branch, facing right.
../dataset/datasets/imb_cub_0.1/train/European_Goldfinch/1073.jpg	A bird stands on grass, head slightly tilted.
../dataset/datasets/imb_cub_0.1/train/European_Goldfinch/1081.jpg	A bird perches on branch, facing right.
../dataset/datasets/imb_cub_0.1/train/European_Goldfinch/1071.jpg	a bird stands on ground, head slightly tilted.
../dataset/datasets/imb_cub_0.1/train/European_Goldfinch/1075.jpg	A bird perched on branch, facing right.
../dataset/datasets/imb_cub_0.1/train/European_Goldfinch/1069.jpg	A bird perched, facing left.
../dataset/datasets/imb_cub_0.1/train/European_Goldfinch/1074.jpg	A bird perched on branch, head turned slightly.
../dataset/datasets/imb_cub_0.1/train/Boat_tailed_Grackle/1083.jpg	A bird stands on one leg, head turned.
../dataset/datasets/imb_cub_0.1/train/Boat_tailed_Grackle/1099.jpg	A bird perched, head tilted upward.
../dataset/datasets/imb_cub_0.1/train/Boat_tailed_Grackle/1084.jpg	A bird perched, head slightly tilted.
../dataset/datasets/imb_cub_0.1/train/Boat_tailed_Grackle/1095.jpg	A bird stands on one leg, beak open.
../dataset/datasets/imb_cub_0.1/train/Boat_tailed_Grackle/1097.jpg	A bird perches on branch, head slightly tilted.
../dataset/datasets/imb_cub_0.1/train/Boat_tailed_Grackle/1094.jpg	A bird perches on a post, head turned slightly.
../dataset/datasets/imb_cub_0.1/train/Boat_tailed_Grackle/1092.jpg	A bird perched, tail extended.
../dataset/datasets/imb_cub_0.1/train/Boat_tailed_Grackle/1088.jpg	A bird stands with wings slightly spread, facing left.
../dataset/datasets/imb_cub_0.1/train/Boat_tailed_Grackle/1085.jpg	A bird perches on branch, head turned slightly.
../dataset/datasets/imb_cub_0.1/train/Boat_tailed_Grackle/1087.jpg	A bird stands on one leg, head slightly tilted.
../dataset/datasets/imb_cub_0.1/train/Boat_tailed_Grackle/1091.jpg	A bird perches on feeder, head turned.
../dataset/datasets/imb_cub_0.1/train/Boat_tailed_Grackle/1096.jpg	A bird perches on a plant stem, facing right.
../dataset/datasets/imb_cub_0.1/train/Boat_tailed_Grackle/1098.jpg	A bird stands on one leg, head slightly tilted.
../dataset/datasets/imb_cub_0.1/train/Boat_tailed_Grackle/1086.jpg	A bird perched, head slightly tilted.
../dataset/datasets/imb_cub_0.1/train/Boat_tailed_Grackle/1090.jpg	A bird is in flight, wings spread wide.
../dataset/datasets/imb_cub_0.1/train/Boat_tailed_Grackle/1093.jpg	A bird perches on reeds, head slightly turned.
../dataset/datasets/imb_cub_0.1/train/Boat_tailed_Grackle/1089.jpg	A bird perches on wooden bench.
../dataset/datasets/imb_cub_0.1/train/Eared_Grebe/1108.jpg	A bird is swimming with its head raised and feathers ruffled.
../dataset/datasets/imb_cub_0.1/train/Eared_Grebe/1114.jpg	A bird is floating calmly on water, head slightly tilted.
../dataset/datasets/imb_cub_0.1/train/Eared_Grebe/1113.jpg	A bird swims calmly on water.
../dataset/datasets/imb_cub_0.1/train/Eared_Grebe/1101.jpg	A bird is swimming with its head slightly tilted.
../dataset/datasets/imb_cub_0.1/train/Eared_Grebe/1112.jpg	A bird is swimming with its head slightly tilted back.
../dataset/datasets/imb_cub_0.1/train/Eared_Grebe/1109.jpg	A bird floats calmly on water.
../dataset/datasets/imb_cub_0.1/train/Eared_Grebe/1111.jpg	A bird is swimming with its head turned slightly to the side.
../dataset/datasets/imb_cub_0.1/train/Eared_Grebe/1105.jpg	A bird is swimming with its head slightly tilted.
../dataset/datasets/imb_cub_0.1/train/Eared_Grebe/1103.jpg	A bird is swimming with its head turned to the side.
../dataset/datasets/imb_cub_0.1/train/Eared_Grebe/1100.jpg	A bird swims calmly, head slightly tilted.
../dataset/datasets/imb_cub_0.1/train/Eared_Grebe/1107.jpg	A bird is swimming with its head slightly tilted.
../dataset/datasets/imb_cub_0.1/train/Eared_Grebe/1102.jpg	A bird is swimming with its head turned slightly to the side.
../dataset/datasets/imb_cub_0.1/train/Eared_Grebe/1115.jpg	A bird swims with head slightly raised, wings tucked close.
../dataset/datasets/imb_cub_0.1/train/Eared_Grebe/1106.jpg	A bird is swimming calmly with its head slightly tilted.
../dataset/datasets/imb_cub_0.1/train/Eared_Grebe/1104.jpg	A bird is swimming calmly on water.
../dataset/datasets/imb_cub_0.1/train/Eared_Grebe/1110.jpg	A bird is swimming with its head slightly tilted.
../dataset/datasets/imb_cub_0.1/train/Horned_Grebe/1119.jpg	A bird is swimming with its head slightly tilted and ripples around it.
../dataset/datasets/imb_cub_0.1/train/Horned_Grebe/1124.jpg	A bird swims calmly, head slightly tilted.
../dataset/datasets/imb_cub_0.1/train/Horned_Grebe/1125.jpg	A bird swims with head slightly raised, holding an insect in its beak.
../dataset/datasets/imb_cub_0.1/train/Horned_Grebe/1129.jpg	A bird is swimming with its head turned slightly to the side.
../dataset/datasets/imb_cub_0.1/train/Horned_Grebe/1118.jpg	A bird is swimming with its head slightly tilted.
../dataset/datasets/imb_cub_0.1/train/Horned_Grebe/1130.jpg	A bird swimming, head slightly tilted.
../dataset/datasets/imb_cub_0.1/train/Horned_Grebe/1122.jpg	A bird swims calmly on water.
../dataset/datasets/imb_cub_0.1/train/Horned_Grebe/1128.jpg	A bird swimming, head slightly raised.
../dataset/datasets/imb_cub_0.1/train/Horned_Grebe/1116.jpg	A bird is swimming with its head slightly tilted back.
../dataset/datasets/imb_cub_0.1/train/Horned_Grebe/1120.jpg	A bird swimming, head slightly raised.
../dataset/datasets/imb_cub_0.1/train/Horned_Grebe/1117.jpg	A bird is swimming with its head slightly tilted.
../dataset/datasets/imb_cub_0.1/train/Horned_Grebe/1121.jpg	A bird swims calmly, head slightly tilted.
../dataset/datasets/imb_cub_0.1/train/Horned_Grebe/1126.jpg	A bird swims calmly, head slightly tilted.
../dataset/datasets/imb_cub_0.1/train/Horned_Grebe/1131.jpg	A bird is floating on water, head slightly tilted.
../dataset/datasets/imb_cub_0.1/train/Horned_Grebe/1123.jpg	A bird sits on pebbles, head slightly tilted.
../dataset/datasets/imb_cub_0.1/train/Horned_Grebe/1127.jpg	A bird is swimming with its head slightly tilted back.
../dataset/datasets/imb_cub_0.1/train/Pied_billed_Grebe/1132.jpg	A bird floats calmly on water, head slightly tilted.
../dataset/datasets/imb_cub_0.1/train/Pied_billed_Grebe/1139.jpg	A bird swims calmly, head slightly tilted.
../dataset/datasets/imb_cub_0.1/train/Pied_billed_Grebe/1141.jpg	A bird is floating on water, head slightly tilted.
../dataset/datasets/imb_cub_0.1/train/Pied_billed_Grebe/1133.jpg	A bird is floating, head slightly tilted.
../dataset/datasets/imb_cub_0.1/train/Pied_billed_Grebe/1137.jpg	A bird is swimming calmly on water.
../dataset/datasets/imb_cub_0.1/train/Pied_billed_Grebe/1134.jpg	A bird is swimming calmly on water.
../dataset/datasets/imb_cub_0.1/train/Pied_billed_Grebe/1140.jpg	A bird floats calmly on water.
../dataset/datasets/imb_cub_0.1/train/Pied_billed_Grebe/1142.jpg	A bird is floating on water, head slightly tilted.
../dataset/datasets/imb_cub_0.1/train/Pied_billed_Grebe/1135.jpg	A bird is swimming with its head slightly tilted.
../dataset/datasets/imb_cub_0.1/train/Pied_billed_Grebe/1136.jpg	A bird is sitting on the ground with its head slightly tilted and beak open.
../dataset/datasets/imb_cub_0.1/train/Pied_billed_Grebe/1145.jpg	A bird is floating calmly on water.
../dataset/datasets/imb_cub_0.1/train/Pied_billed_Grebe/1143.jpg	A bird is floating calmly on water.
../dataset/datasets/imb_cub_0.1/train/Pied_billed_Grebe/1147.jpg	A bird floats calmly on water, head slightly tilted.
../dataset/datasets/imb_cub_0.1/train/Pied_billed_Grebe/1146.jpg	A bird spreads wings, mid-flight over water.
../dataset/datasets/imb_cub_0.1/train/Pied_billed_Grebe/1138.jpg	A bird is floating calmly on water.
../dataset/datasets/imb_cub_0.1/train/Pied_billed_Grebe/1144.jpg	A bird swimming, head slightly raised.
../dataset/datasets/imb_cub_0.1/train/Western_Grebe/1156.jpg	A bird diving into water.
../dataset/datasets/imb_cub_0.1/train/Western_Grebe/1154.jpg	A bird swims calmly, head slightly tilted.
../dataset/datasets/imb_cub_0.1/train/Western_Grebe/1159.jpg	A bird swims calmly, head slightly tilted.
../dataset/datasets/imb_cub_0.1/train/Western_Grebe/1151.jpg	A bird is floating on water with its head turned to the side, beak slightly open.
../dataset/datasets/imb_cub_0.1/train/Western_Grebe/1153.jpg	A bird swims gracefully on water.
../dataset/datasets/imb_cub_0.1/train/Western_Grebe/1150.jpg	A bird is swimming with its head slightly tilted back.
../dataset/datasets/imb_cub_0.1/train/Western_Grebe/1162.jpg	A bird is swimming with its head turned slightly to the side.
../dataset/datasets/imb_cub_0.1/train/Western_Grebe/1158.jpg	A bird swims gracefully on calm water.
../dataset/datasets/imb_cub_0.1/train/Western_Grebe/1160.jpg	A bird is floating calmly on water, head slightly tilted.
../dataset/datasets/imb_cub_0.1/train/Western_Grebe/1149.jpg	A bird floats calmly on water, head slightly tilted.
../dataset/datasets/imb_cub_0.1/train/Western_Grebe/1148.jpg	A bird is swimming with its head turned to the side.
../dataset/datasets/imb_cub_0.1/train/Western_Grebe/1157.jpg	A bird swimming, head slightly raised.
../dataset/datasets/imb_cub_0.1/train/Western_Grebe/1152.jpg	A bird swims calmly, head slightly tilted.
../dataset/datasets/imb_cub_0.1/train/Western_Grebe/1161.jpg	A bird swims calmly, head slightly tilted.
../dataset/datasets/imb_cub_0.1/train/Western_Grebe/1155.jpg	A bird floats calmly on water, head slightly tilted.
../dataset/datasets/imb_cub_0.1/train/Western_Grebe/1163.jpg	A bird swims with head turned, neck extended.
../dataset/datasets/imb_cub_0.1/train/Blue_Grosbeak/1173.jpg	A bird perched on reeds, facing left.
../dataset/datasets/imb_cub_0.1/train/Blue_Grosbeak/1175.jpg	A bird perches on feeder, beak open.
../dataset/datasets/imb_cub_0.1/train/Blue_Grosbeak/1179.jpg	A bird stands on ground, head slightly turned.
../dataset/datasets/imb_cub_0.1/train/Blue_Grosbeak/1174.jpg	A bird perches on feeder, beak open.
../dataset/datasets/imb_cub_0.1/train/Blue_Grosbeak/1177.jpg	A bird perched on branch, facing right.
../dataset/datasets/imb_cub_0.1/train/Blue_Grosbeak/1171.jpg	A bird stands on ground, head slightly tilted.
../dataset/datasets/imb_cub_0.1/train/Blue_Grosbeak/1178.jpg	A bird perched on branch, facing right.
../dataset/datasets/imb_cub_0.1/train/Blue_Grosbeak/1176.jpg	A bird perches on plant, facing left.
../dataset/datasets/imb_cub_0.1/train/Blue_Grosbeak/1169.jpg	A bird perched on branch, facing left.
../dataset/datasets/imb_cub_0.1/train/Blue_Grosbeak/1168.jpg	A bird stands on ground, head slightly tilted.
../dataset/datasets/imb_cub_0.1/train/Blue_Grosbeak/1164.jpg	a bird stands on ground, head slightly tilted.
../dataset/datasets/imb_cub_0.1/train/Blue_Grosbeak/1167.jpg	A bird perches on barbed wire.
../dataset/datasets/imb_cub_0.1/train/Blue_Grosbeak/1170.jpg	A bird perches on feeder, head slightly tilted.
../dataset/datasets/imb_cub_0.1/train/Blue_Grosbeak/1166.jpg	A bird perched on a post, facing right.
../dataset/datasets/imb_cub_0.1/train/Blue_Grosbeak/1165.jpg	A bird stands on ground, head slightly tilted.
../dataset/datasets/imb_cub_0.1/train/Blue_Grosbeak/1172.jpg	A bird perched on a twig.
../dataset/datasets/imb_cub_0.1/train/Evening_Grosbeak/1193.jpg	A bird perched on branch, facing left.
../dataset/datasets/imb_cub_0.1/train/Evening_Grosbeak/1189.jpg	A bird perched on branch, facing left.
../dataset/datasets/imb_cub_0.1/train/Evening_Grosbeak/1187.jpg	A bird perched on branch, facing right.
../dataset/datasets/imb_cub_0.1/train/Evening_Grosbeak/1186.jpg	A bird perched on wood, head slightly tilted.
../dataset/datasets/imb_cub_0.1/train/Evening_Grosbeak/1185.jpg	A bird perched on a branch, facing left.
../dataset/datasets/imb_cub_0.1/train/Evening_Grosbeak/1190.jpg	A bird perched on branch, facing right.
../dataset/datasets/imb_cub_0.1/train/Evening_Grosbeak/1183.jpg	A bird perched on branch, facing left.
../dataset/datasets/imb_cub_0.1/train/Evening_Grosbeak/1184.jpg	A bird perched on wood, facing left.
../dataset/datasets/imb_cub_0.1/train/Evening_Grosbeak/1192.jpg	A bird perches on seed, beak open.
../dataset/datasets/imb_cub_0.1/train/Evening_Grosbeak/1188.jpg	A bird perched on branch, facing left.
../dataset/datasets/imb_cub_0.1/train/Evening_Grosbeak/1182.jpg	A bird perches on wooden post.
../dataset/datasets/imb_cub_0.1/train/Evening_Grosbeak/1194.jpg	A bird stands on gravel, head slightly turned.
../dataset/datasets/imb_cub_0.1/train/Evening_Grosbeak/1181.jpg	A bird stands on a wooden surface, head slightly tilted.
../dataset/datasets/imb_cub_0.1/train/Evening_Grosbeak/1191.jpg	A bird perched on edge.
../dataset/datasets/imb_cub_0.1/train/Evening_Grosbeak/1180.jpg	A bird perches on branch, head slightly tilted.
../dataset/datasets/imb_cub_0.1/train/Pine_Grosbeak/1208.jpg	A bird perches on branch, facing left.
../dataset/datasets/imb_cub_0.1/train/Pine_Grosbeak/1198.jpg	A bird perched on branch, facing right.
../dataset/datasets/imb_cub_0.1/train/Pine_Grosbeak/1204.jpg	A bird perched, facing right.
../dataset/datasets/imb_cub_0.1/train/Pine_Grosbeak/1195.jpg	A bird perched on branch, facing right.
../dataset/datasets/imb_cub_0.1/train/Pine_Grosbeak/1203.jpg	A bird perched on branch, holding berry.
../dataset/datasets/imb_cub_0.1/train/Pine_Grosbeak/1196.jpg	A bird perched on edge.
../dataset/datasets/imb_cub_0.1/train/Pine_Grosbeak/1197.jpg	A bird perches on branch, facing left.
../dataset/datasets/imb_cub_0.1/train/Pine_Grosbeak/1199.jpg	A bird perched on post, facing right.
../dataset/datasets/imb_cub_0.1/train/Pine_Grosbeak/1205.jpg	A bird perched on branch, holding insect in beak.
../dataset/datasets/imb_cub_0.1/train/Pine_Grosbeak/1200.jpg	A bird perches on branch, head slightly tilted.
../dataset/datasets/imb_cub_0.1/train/Pine_Grosbeak/1207.jpg	A bird perches on branch, facing right.
../dataset/datasets/imb_cub_0.1/train/Pine_Grosbeak/1201.jpg	A bird perches on branch, facing left.
../dataset/datasets/imb_cub_0.1/train/Pine_Grosbeak/1206.jpg	A bird perched on branch, head slightly tilted.
../dataset/datasets/imb_cub_0.1/train/Pine_Grosbeak/1202.jpg	A bird stands on snowy ground, head slightly tilted.
../dataset/datasets/imb_cub_0.1/train/Pine_Grosbeak/1209.jpg	A bird perched on branch, feeding on berries.
../dataset/datasets/imb_cub_0.1/train/Rose_breasted_Grosbeak/1218.jpg	A bird perched on branch, facing right.
../dataset/datasets/imb_cub_0.1/train/Rose_breasted_Grosbeak/1213.jpg	A bird perches on feeder, head slightly tilted.
../dataset/datasets/imb_cub_0.1/train/Rose_breasted_Grosbeak/1219.jpg	A bird perches on rope, head slightly tilted down.
../dataset/datasets/imb_cub_0.1/train/Rose_breasted_Grosbeak/1220.jpg	A bird perches on branch, head slightly turned.
../dataset/datasets/imb_cub_0.1/train/Rose_breasted_Grosbeak/1217.jpg	A bird perches on branch, facing right.
../dataset/datasets/imb_cub_0.1/train/Rose_breasted_Grosbeak/1224.jpg	A bird perches on branch, head slightly tilted.
../dataset/datasets/imb_cub_0.1/train/Rose_breasted_Grosbeak/1223.jpg	A bird perches on branch, head slightly tilted.
../dataset/datasets/imb_cub_0.1/train/Rose_breasted_Grosbeak/1222.jpg	A bird perches on feeder, head turned.
../dataset/datasets/imb_cub_0.1/train/Rose_breasted_Grosbeak/1214.jpg	A bird perched on hand, head slightly tilted.
../dataset/datasets/imb_cub_0.1/train/Rose_breasted_Grosbeak/1215.jpg	A bird perches on branch, head slightly tilted.
../dataset/datasets/imb_cub_0.1/train/Rose_breasted_Grosbeak/1210.jpg	A bird perches on branch, facing right.
../dataset/datasets/imb_cub_0.1/train/Rose_breasted_Grosbeak/1221.jpg	A bird perches on branch, facing right.
../dataset/datasets/imb_cub_0.1/train/Rose_breasted_Grosbeak/1212.jpg	A bird perches on a branch, facing right.
../dataset/datasets/imb_cub_0.1/train/Rose_breasted_Grosbeak/1211.jpg	A bird perched on branch, facing right.
../dataset/datasets/imb_cub_0.1/train/Rose_breasted_Grosbeak/1216.jpg	A bird perches on feeder, head slightly tilted.
../dataset/datasets/imb_cub_0.1/train/Pigeon_Guillemot/1239.jpg	A bird swims calmly, head slightly raised.
../dataset/datasets/imb_cub_0.1/train/Pigeon_Guillemot/1230.jpg	A bird stands on rocks, head slightly turned.
../dataset/datasets/imb_cub_0.1/train/Pigeon_Guillemot/1238.jpg	A bird is diving into water with wings spread wide.
../dataset/datasets/imb_cub_0.1/train/Pigeon_Guillemot/1227.jpg	A bird is flying with wings spread.
../dataset/datasets/imb_cub_0.1/train/Pigeon_Guillemot/1231.jpg	A bird perches on rock, holding food in beak.
../dataset/datasets/imb_cub_0.1/train/Pigeon_Guillemot/1237.jpg	A bird stands on rocks, beak open.
../dataset/datasets/imb_cub_0.1/train/Pigeon_Guillemot/1228.jpg	A bird perches on rock, head slightly tilted.
../dataset/datasets/imb_cub_0.1/train/Pigeon_Guillemot/1232.jpg	A bird stands on one leg, head slightly tilted.
../dataset/datasets/imb_cub_0.1/train/Pigeon_Guillemot/1233.jpg	A bird perches on wood, head slightly tilted.
../dataset/datasets/imb_cub_0.1/train/Pigeon_Guillemot/1234.jpg	A bird stands still, head slightly turned.
../dataset/datasets/imb_cub_0.1/train/Pigeon_Guillemot/1235.jpg	A bird is diving into water with wings spread and legs extended.
../dataset/datasets/imb_cub_0.1/train/Pigeon_Guillemot/1229.jpg	A bird stands on rocks, legs spread apart.
../dataset/datasets/imb_cub_0.1/train/Pigeon_Guillemot/1226.jpg	A bird swims calmly, head slightly tilted.
../dataset/datasets/imb_cub_0.1/train/Pigeon_Guillemot/1236.jpg	A bird perches on rocks, beak open.
../dataset/datasets/imb_cub_0.1/train/Pigeon_Guillemot/1225.jpg	A bird is perched on rocks, facing right.
../dataset/datasets/imb_cub_0.1/train/California_Gull/1247.jpg	A bird stands on sand, head slightly turned.
../dataset/datasets/imb_cub_0.1/train/California_Gull/1242.jpg	A bird stands on sandy beach, head turned slightly right.
../dataset/datasets/imb_cub_0.1/train/California_Gull/1246.jpg	A bird stands on a rock, facing right.
../dataset/datasets/imb_cub_0.1/train/California_Gull/1248.jpg	A bird stands on muddy ground, head lowered.
../dataset/datasets/imb_cub_0.1/train/California_Gull/1245.jpg	A bird perches on a box, facing left.
../dataset/datasets/imb_cub_0.1/train/California_Gull/1240.jpg	A bird soars with wings spread, legs tucked.
../dataset/datasets/imb_cub_0.1/train/California_Gull/1244.jpg	a bird walks on wet sand.
../dataset/datasets/imb_cub_0.1/train/California_Gull/1253.jpg	A bird perches on a post.
../dataset/datasets/imb_cub_0.1/train/California_Gull/1249.jpg	A bird stands upright, facing left.
../dataset/datasets/imb_cub_0.1/train/California_Gull/1254.jpg	A bird stands on sand, head slightly tilted.
../dataset/datasets/imb_cub_0.1/train/California_Gull/1250.jpg	A bird perches on railing, legs spread.
../dataset/datasets/imb_cub_0.1/train/California_Gull/1251.jpg	A bird stands on a rock, head turned slightly.
../dataset/datasets/imb_cub_0.1/train/California_Gull/1252.jpg	A bird stands on grass, head slightly turned.
../dataset/datasets/imb_cub_0.1/train/California_Gull/1243.jpg	A bird stands on one leg, head slightly tilted.
../dataset/datasets/imb_cub_0.1/train/California_Gull/1241.jpg	A bird stands on one leg, head slightly tilted.
../dataset/datasets/imb_cub_0.1/train/Glaucous_winged_Gull/1255.jpg	A bird stands on grass, head slightly tilted.
../dataset/datasets/imb_cub_0.1/train/Glaucous_winged_Gull/1263.jpg	A bird stands perched on a wooden railing.
../dataset/datasets/imb_cub_0.1/train/Glaucous_winged_Gull/1257.jpg	A bird stands with head slightly tilted, legs apart.
../dataset/datasets/imb_cub_0.1/train/Glaucous_winged_Gull/1258.jpg	A bird stands on rocky shore, holding fish in its beak.
../dataset/datasets/imb_cub_0.1/train/Glaucous_winged_Gull/1259.jpg	A bird is perched on rocks, wings slightly spread.
../dataset/datasets/imb_cub_0.1/train/Glaucous_winged_Gull/1260.jpg	A bird stands on one leg, head slightly tilted.
../dataset/datasets/imb_cub_0.1/train/Glaucous_winged_Gull/1266.jpg	A bird stands on one leg, head slightly tilted.
../dataset/datasets/imb_cub_0.1/train/Glaucous_winged_Gull/1261.jpg	a bird perched, head turned.
../dataset/datasets/imb_cub_0.1/train/Glaucous_winged_Gull/1267.jpg	A bird stands with wings slightly raised, legs extended.
../dataset/datasets/imb_cub_0.1/train/Glaucous_winged_Gull/1268.jpg	A bird stands on rocks, head slightly turned.
../dataset/datasets/imb_cub_0.1/train/Glaucous_winged_Gull/1256.jpg	A bird perches on railing, legs spread.
../dataset/datasets/imb_cub_0.1/train/Glaucous_winged_Gull/1265.jpg	A bird stands on one leg, head slightly tilted.
../dataset/datasets/imb_cub_0.1/train/Glaucous_winged_Gull/1264.jpg	A bird stands on one leg, preening.
../dataset/datasets/imb_cub_0.1/train/Glaucous_winged_Gull/1269.jpg	A bird stands with head slightly tilted, beak open.
../dataset/datasets/imb_cub_0.1/train/Glaucous_winged_Gull/1262.jpg	A bird perched, head turned, beak open.
../dataset/datasets/imb_cub_0.1/train/Heermann_Gull/1272.jpg	A bird perches on railing, head slightly tilted.
../dataset/datasets/imb_cub_0.1/train/Heermann_Gull/1275.jpg	A bird stands on sand, head slightly tilted.
../dataset/datasets/imb_cub_0.1/train/Heermann_Gull/1270.jpg	A bird stands on a rock, head slightly tilted.
../dataset/datasets/imb_cub_0.1/train/Heermann_Gull/1283.jpg	A bird perches on railing, head slightly tilted.
../dataset/datasets/imb_cub_0.1/train/Heermann_Gull/1271.jpg	A bird stands upright on sandy ground.
../dataset/datasets/imb_cub_0.1/train/Heermann_Gull/1273.jpg	A bird stands on a rock, legs spread apart.
../dataset/datasets/imb_cub_0.1/train/Heermann_Gull/1281.jpg	A bird soars with wings spread, head tilted slightly downward.
../dataset/datasets/imb_cub_0.1/train/Heermann_Gull/1276.jpg	A bird stands upright on sandy ground.
../dataset/datasets/imb_cub_0.1/train/Heermann_Gull/1279.jpg	A bird stands perched, facing left.
../dataset/datasets/imb_cub_0.1/train/Heermann_Gull/1277.jpg	A bird stands on one leg, head turned slightly.
../dataset/datasets/imb_cub_0.1/train/Heermann_Gull/1278.jpg	A bird stands perched on a rock, facing right.
../dataset/datasets/imb_cub_0.1/train/Heermann_Gull/1280.jpg	A bird stands on one leg, head slightly tilted.
../dataset/datasets/imb_cub_0.1/train/Heermann_Gull/1282.jpg	A bird stands on one leg, head turned slightly.
../dataset/datasets/imb_cub_0.1/train/Heermann_Gull/1274.jpg	A bird is in flight, wings spread wide.
../dataset/datasets/imb_cub_0.1/train/Herring_Gull/1285.jpg	A bird stands on one leg, head slightly tilted.
../dataset/datasets/imb_cub_0.1/train/Herring_Gull/1292.jpg	A bird stands alert, perched on grass.
../dataset/datasets/imb_cub_0.1/train/Herring_Gull/1295.jpg	A bird stands on a rock, facing left.
../dataset/datasets/imb_cub_0.1/train/Herring_Gull/1290.jpg	A bird stands alert, perched on vegetation near water.
../dataset/datasets/imb_cub_0.1/train/Herring_Gull/1293.jpg	A bird perches on mossy rock, head slightly tilted.
../dataset/datasets/imb_cub_0.1/train/Herring_Gull/1288.jpg	A bird perches confidently on car roof.
../dataset/datasets/imb_cub_0.1/train/Herring_Gull/1289.jpg	A bird stands on grass, head slightly tilted.
../dataset/datasets/imb_cub_0.1/train/Herring_Gull/1291.jpg	A bird stands on rocks near water, facing right.
../dataset/datasets/imb_cub_0.1/train/Herring_Gull/1296.jpg	A bird stands upright on a stump.
../dataset/datasets/imb_cub_0.1/train/Herring_Gull/1294.jpg	A bird stands on a rock, perched with one foot.
../dataset/datasets/imb_cub_0.1/train/Herring_Gull/1297.jpg	A bird stands on a rock, head turned slightly.
../dataset/datasets/imb_cub_0.1/train/Herring_Gull/1287.jpg	A bird is flying with open beak and extended wings.
../dataset/datasets/imb_cub_0.1/train/Herring_Gull/1284.jpg	A bird spreads its wings wide, poised on a post.
../dataset/datasets/imb_cub_0.1/train/Herring_Gull/1286.jpg	A bird stands perched on a nest.
../dataset/datasets/imb_cub_0.1/train/Ivory_Gull/1306.jpg	A bird stands on a dock, facing left.
../dataset/datasets/imb_cub_0.1/train/Ivory_Gull/1300.jpg	A bird soars with wings spread wide, head tilted slightly downward.
../dataset/datasets/imb_cub_0.1/train/Ivory_Gull/1310.jpg	A bird stands on ice, facing right.
../dataset/datasets/imb_cub_0.1/train/Ivory_Gull/1311.jpg	A bird perches on post, head slightly tilted.
../dataset/datasets/imb_cub_0.1/train/Ivory_Gull/1299.jpg	A bird perches on a post, legs spread.
../dataset/datasets/imb_cub_0.1/train/Ivory_Gull/1307.jpg	A bird perched, facing right.
../dataset/datasets/imb_cub_0.1/train/Ivory_Gull/1304.jpg	A bird stands on rocky shore, facing right.
../dataset/datasets/imb_cub_0.1/train/Ivory_Gull/1302.jpg	A bird stands on one leg, head slightly tilted.
../dataset/datasets/imb_cub_0.1/train/Ivory_Gull/1309.jpg	A bird stands on one leg, head slightly tilted.
../dataset/datasets/imb_cub_0.1/train/Ivory_Gull/1305.jpg	A bird perches calmly on metal surface.
../dataset/datasets/imb_cub_0.1/train/Ivory_Gull/1308.jpg	A bird stands on snow, head slightly turned.
../dataset/datasets/imb_cub_0.1/train/Ivory_Gull/1298.jpg	A bird soars gracefully with wings spread wide.
../dataset/datasets/imb_cub_0.1/train/Ivory_Gull/1303.jpg	a bird perched on driftwood.
../dataset/datasets/imb_cub_0.1/train/Ivory_Gull/1301.jpg	A bird stands on ice, facing left.
../dataset/datasets/imb_cub_0.1/train/Ring_billed_Gull/1318.jpg	A bird perched, head turned.
../dataset/datasets/imb_cub_0.1/train/Ring_billed_Gull/1323.jpg	A bird stands upright, legs spread.
../dataset/datasets/imb_cub_0.1/train/Ring_billed_Gull/1314.jpg	A bird is flying with wings spread and legs extended.
../dataset/datasets/imb_cub_0.1/train/Ring_billed_Gull/1322.jpg	A bird stands with head slightly turned, legs submerged in water.
../dataset/datasets/imb_cub_0.1/train/Ring_billed_Gull/1320.jpg	A bird stands on one leg, head slightly tilted.
../dataset/datasets/imb_cub_0.1/train/Ring_billed_Gull/1316.jpg	A bird soars gracefully with wings spread wide.
../dataset/datasets/imb_cub_0.1/train/Ring_billed_Gull/1315.jpg	A bird soars with wings spread wide.
../dataset/datasets/imb_cub_0.1/train/Ring_billed_Gull/1324.jpg	A bird stands on one leg, head slightly turned.
../dataset/datasets/imb_cub_0.1/train/Ring_billed_Gull/1312.jpg	A bird stands alert, beak open.
../dataset/datasets/imb_cub_0.1/train/Ring_billed_Gull/1325.jpg	A bird stands on one leg, head slightly tilted.
../dataset/datasets/imb_cub_0.1/train/Ring_billed_Gull/1317.jpg	A bird stands upright on one leg.
../dataset/datasets/imb_cub_0.1/train/Ring_billed_Gull/1313.jpg	A bird stands on beach, head turned slightly.
../dataset/datasets/imb_cub_0.1/train/Ring_billed_Gull/1321.jpg	A bird is in flight, wings spread wide.
../dataset/datasets/imb_cub_0.1/train/Ring_billed_Gull/1319.jpg	A bird stands perched, head slightly tilted.
../dataset/datasets/imb_cub_0.1/train/Slaty_backed_Gull/1332.jpg	A bird soars with wings spread wide.
../dataset/datasets/imb_cub_0.1/train/Slaty_backed_Gull/1339.jpg	A bird is flying with wings spread wide.
../dataset/datasets/imb_cub_0.1/train/Slaty_backed_Gull/1333.jpg	A bird is in flight, wings spread.
../dataset/datasets/imb_cub_0.1/train/Slaty_backed_Gull/1330.jpg	A bird stands on one leg, head turned slightly.
../dataset/datasets/imb_cub_0.1/train/Slaty_backed_Gull/1338.jpg	A bird stands on one leg, head slightly tilted.
../dataset/datasets/imb_cub_0.1/train/Slaty_backed_Gull/1336.jpg	A bird is floating on water, head slightly tilted.
../dataset/datasets/imb_cub_0.1/train/Slaty_backed_Gull/1327.jpg	a bird stands upright on a railing.
../dataset/datasets/imb_cub_0.1/train/Slaty_backed_Gull/1337.jpg	A bird is floating on water, head slightly tilted.
../dataset/datasets/imb_cub_0.1/train/Slaty_backed_Gull/1329.jpg	A bird stands on sand, head slightly turned.
../dataset/datasets/imb_cub_0.1/train/Slaty_backed_Gull/1326.jpg	A bird stands on ice, facing right.
../dataset/datasets/imb_cub_0.1/train/Slaty_backed_Gull/1328.jpg	A bird stands on rocks, head turned.
../dataset/datasets/imb_cub_0.1/train/Slaty_backed_Gull/1334.jpg	A bird perches on a rope, facing left.
../dataset/datasets/imb_cub_0.1/train/Slaty_backed_Gull/1331.jpg	A bird is flying low over water with wings spread wide and beak open.
../dataset/datasets/imb_cub_0.1/train/Slaty_backed_Gull/1335.jpg	A bird spreads its wings, standing on one leg.
../dataset/datasets/imb_cub_0.1/train/Western_Gull/1341.jpg	A bird stands on rocks, legs spread apart.
../dataset/datasets/imb_cub_0.1/train/Western_Gull/1345.jpg	A bird stands on one leg, head slightly tilted.
../dataset/datasets/imb_cub_0.1/train/Western_Gull/1344.jpg	A bird stands perched on a rock, facing left.
../dataset/datasets/imb_cub_0.1/train/Western_Gull/1342.jpg	A bird stands on one leg, head slightly tilted.
../dataset/datasets/imb_cub_0.1/train/Western_Gull/1352.jpg	A bird stands perched on railing, facing right.
../dataset/datasets/imb_cub_0.1/train/Western_Gull/1348.jpg	A bird perches on railing, legs spread.
../dataset/datasets/imb_cub_0.1/train/Western_Gull/1353.jpg	A bird stands perched, head slightly tilted.
../dataset/datasets/imb_cub_0.1/train/Western_Gull/1347.jpg	A bird stands with wings slightly spread, head turned.
../dataset/datasets/imb_cub_0.1/train/Western_Gull/1340.jpg	A bird stands on rocks, holding food in its beak.
../dataset/datasets/imb_cub_0.1/train/Western_Gull/1343.jpg	A bird stands on ice, head slightly turned.
../dataset/datasets/imb_cub_0.1/train/Western_Gull/1351.jpg	A bird stands perched on a rock, facing left.
../dataset/datasets/imb_cub_0.1/train/Western_Gull/1349.jpg	A bird stands on one leg, head slightly tilted.
../dataset/datasets/imb_cub_0.1/train/Western_Gull/1346.jpg	A bird stands perched, facing left.
../dataset/datasets/imb_cub_0.1/train/Western_Gull/1350.jpg	a bird stands perched on a ledge.
../dataset/datasets/imb_cub_0.1/train/Anna_Hummingbird/1362.jpg	A bird perches on red feeder, facing left.
../dataset/datasets/imb_cub_0.1/train/Anna_Hummingbird/1359.jpg	A bird is hovering near red flowers.
../dataset/datasets/imb_cub_0.1/train/Anna_Hummingbird/1361.jpg	A bird is hovering near flowers.
../dataset/datasets/imb_cub_0.1/train/Anna_Hummingbird/1363.jpg	A bird perches on feeder, head slightly tilted.
../dataset/datasets/imb_cub_0.1/train/Anna_Hummingbird/1357.jpg	A bird perches on feeder, beak extended.
../dataset/datasets/imb_cub_0.1/train/Anna_Hummingbird/1356.jpg	A bird perched, beak near red object.
../dataset/datasets/imb_cub_0.1/train/Anna_Hummingbird/1364.jpg	A bird perches on feeder, head slightly tilted.
../dataset/datasets/imb_cub_0.1/train/Anna_Hummingbird/1366.jpg	A bird perches on wire, head slightly tilted.
../dataset/datasets/imb_cub_0.1/train/Anna_Hummingbird/1365.jpg	A bird is hovering near red flowers, wings slightly spread.
../dataset/datasets/imb_cub_0.1/train/Anna_Hummingbird/1360.jpg	A bird is hovering with wings spread.
../dataset/datasets/imb_cub_0.1/train/Anna_Hummingbird/1358.jpg	A bird perches on a branch, facing right.
../dataset/datasets/imb_cub_0.1/train/Anna_Hummingbird/1355.jpg	A bird is hovering near a feeder.
../dataset/datasets/imb_cub_0.1/train/Anna_Hummingbird/1354.jpg	A bird perches on a branch, facing right.
../dataset/datasets/imb_cub_0.1/train/Ruby_throated_Hummingbird/1370.jpg	A bird is hovering near a feeder.
../dataset/datasets/imb_cub_0.1/train/Ruby_throated_Hummingbird/1377.jpg	A bird hovers near feeder.
../dataset/datasets/imb_cub_0.1/train/Ruby_throated_Hummingbird/1376.jpg	A bird is hovering near a feeder.
../dataset/datasets/imb_cub_0.1/train/Ruby_throated_Hummingbird/1369.jpg	A bird is hovering near a feeder.
../dataset/datasets/imb_cub_0.1/train/Ruby_throated_Hummingbird/1368.jpg	A bird is hovering near flowers, beak extended.
../dataset/datasets/imb_cub_0.1/train/Ruby_throated_Hummingbird/1372.jpg	A bird is hovering with wings spread.
../dataset/datasets/imb_cub_0.1/train/Ruby_throated_Hummingbird/1374.jpg	A bird is hovering near flowers.
../dataset/datasets/imb_cub_0.1/train/Ruby_throated_Hummingbird/1378.jpg	A bird perches with wings spread, facing forward.
../dataset/datasets/imb_cub_0.1/train/Ruby_throated_Hummingbird/1371.jpg	A bird perches on red feeder, head slightly tilted.
../dataset/datasets/imb_cub_0.1/train/Ruby_throated_Hummingbird/1367.jpg	A bird is hovering with wings spread.
../dataset/datasets/imb_cub_0.1/train/Ruby_throated_Hummingbird/1379.jpg	A bird is hovering with wings spread.
../dataset/datasets/imb_cub_0.1/train/Ruby_throated_Hummingbird/1375.jpg	A bird is hovering near red flowers.
../dataset/datasets/imb_cub_0.1/train/Ruby_throated_Hummingbird/1373.jpg	A bird is hovering with wings spread.
../dataset/datasets/imb_cub_0.1/train/Rufous_Hummingbird/1382.jpg	A bird perches on a twig, facing right.
../dataset/datasets/imb_cub_0.1/train/Rufous_Hummingbird/1391.jpg	A bird perches on branch, head slightly tilted.
../dataset/datasets/imb_cub_0.1/train/Rufous_Hummingbird/1386.jpg	A bird perches on a branch, facing left.
../dataset/datasets/imb_cub_0.1/train/Rufous_Hummingbird/1381.jpg	A bird is hovering with wings spread.
../dataset/datasets/imb_cub_0.1/train/Rufous_Hummingbird/1387.jpg	A bird is hovering near a flower, feeding.
../dataset/datasets/imb_cub_0.1/train/Rufous_Hummingbird/1388.jpg	A bird is hovering with wings spread.
../dataset/datasets/imb_cub_0.1/train/Rufous_Hummingbird/1392.jpg	A bird perches on a branch, wings slightly spread.
../dataset/datasets/imb_cub_0.1/train/Rufous_Hummingbird/1380.jpg	A bird perches on thistle, wings slightly spread.
../dataset/datasets/imb_cub_0.1/train/Rufous_Hummingbird/1383.jpg	A bird is hovering near flowers.
../dataset/datasets/imb_cub_0.1/train/Rufous_Hummingbird/1389.jpg	A bird perches on feeder, head slightly tilted.
../dataset/datasets/imb_cub_0.1/train/Rufous_Hummingbird/1384.jpg	A bird is hovering near red flowers, feeding.
../dataset/datasets/imb_cub_0.1/train/Rufous_Hummingbird/1385.jpg	A bird is hovering with wings outstretched.
../dataset/datasets/imb_cub_0.1/train/Rufous_Hummingbird/1390.jpg	A bird is hovering near a red object with wings spread.
../dataset/datasets/imb_cub_0.1/train/Green_Violetear/1394.jpg	A bird perches on a branch, facing forward.
../dataset/datasets/imb_cub_0.1/train/Green_Violetear/1396.jpg	A bird is hovering near a feeder.
../dataset/datasets/imb_cub_0.1/train/Green_Violetear/1401.jpg	A bird perched on branch, head slightly tilted.
../dataset/datasets/imb_cub_0.1/train/Green_Violetear/1402.jpg	A bird perched on branch, facing right.
../dataset/datasets/imb_cub_0.1/train/Green_Violetear/1397.jpg	A bird perches on a branch, wings slightly spread.
../dataset/datasets/imb_cub_0.1/train/Green_Violetear/1398.jpg	A bird perches on branch, beak pointed forward.
../dataset/datasets/imb_cub_0.1/train/Green_Violetear/1403.jpg	A bird is feeding on a flower.
../dataset/datasets/imb_cub_0.1/train/Green_Violetear/1393.jpg	A bird perches still, head slightly tilted.
../dataset/datasets/imb_cub_0.1/train/Green_Violetear/1395.jpg	A bird perched on branch, facing right.
../dataset/datasets/imb_cub_0.1/train/Green_Violetear/1405.jpg	A bird perches on branch, facing left.
../dataset/datasets/imb_cub_0.1/train/Green_Violetear/1400.jpg	A bird perched on branch, facing right.
../dataset/datasets/imb_cub_0.1/train/Green_Violetear/1404.jpg	A bird perches on branch, head slightly tilted.
../dataset/datasets/imb_cub_0.1/train/Green_Violetear/1399.jpg	A bird perched, head slightly tilted.
../dataset/datasets/imb_cub_0.1/train/Long_tailed_Jaeger/1413.jpg	A bird perches on rock, head slightly tilted.
../dataset/datasets/imb_cub_0.1/train/Long_tailed_Jaeger/1414.jpg	A bird soars with outstretched wings and pointed beak.
../dataset/datasets/imb_cub_0.1/train/Long_tailed_Jaeger/1409.jpg	A bird spreads its wings wide, dipping into water.
../dataset/datasets/imb_cub_0.1/train/Long_tailed_Jaeger/1408.jpg	A bird soars with wings spread wide.
../dataset/datasets/imb_cub_0.1/train/Long_tailed_Jaeger/1412.jpg	A bird soars with wings spread wide, tail fanned out.
../dataset/datasets/imb_cub_0.1/train/Long_tailed_Jaeger/1406.jpg	A bird stands alert, perched on vegetation.
../dataset/datasets/imb_cub_0.1/train/Long_tailed_Jaeger/1411.jpg	A bird soars with wings spread wide, tail fanned out.
../dataset/datasets/imb_cub_0.1/train/Long_tailed_Jaeger/1407.jpg	A bird perches on post, tail extended.
../dataset/datasets/imb_cub_0.1/train/Long_tailed_Jaeger/1417.jpg	A bird soars with outstretched wings and tail.
../dataset/datasets/imb_cub_0.1/train/Long_tailed_Jaeger/1416.jpg	A bird soars with outstretched wings and trailing tail feathers.
../dataset/datasets/imb_cub_0.1/train/Long_tailed_Jaeger/1418.jpg	A bird soars with wings spread wide, tail feathers fanned out.
../dataset/datasets/imb_cub_0.1/train/Long_tailed_Jaeger/1415.jpg	A bird spreads its wings wide, soaring low over the landscape.
../dataset/datasets/imb_cub_0.1/train/Long_tailed_Jaeger/1410.jpg	A bird soars with wings spread, tail extended.
../dataset/datasets/imb_cub_0.1/train/Pomarine_Jaeger/1424.jpg	A bird soars with wings spread wide.
../dataset/datasets/imb_cub_0.1/train/Pomarine_Jaeger/1430.jpg	A bird soars with wings spread wide.
../dataset/datasets/imb_cub_0.1/train/Pomarine_Jaeger/1431.jpg	A bird soars with wings spread wide.
../dataset/datasets/imb_cub_0.1/train/Pomarine_Jaeger/1427.jpg	Bird in flight, wings spread, landing on beach.
../dataset/datasets/imb_cub_0.1/train/Pomarine_Jaeger/1423.jpg	A bird soars with wings spread wide.
../dataset/datasets/imb_cub_0.1/train/Pomarine_Jaeger/1426.jpg	A bird is taking off from water with wings spread.
../dataset/datasets/imb_cub_0.1/train/Pomarine_Jaeger/1425.jpg	A bird soars with wings spread wide.
../dataset/datasets/imb_cub_0.1/train/Pomarine_Jaeger/1420.jpg	A bird soars with wings spread wide.
../dataset/datasets/imb_cub_0.1/train/Pomarine_Jaeger/1421.jpg	A bird is in flight, wings spread wide.
../dataset/datasets/imb_cub_0.1/train/Pomarine_Jaeger/1422.jpg	A bird soars with wings spread wide.
../dataset/datasets/imb_cub_0.1/train/Pomarine_Jaeger/1429.jpg	A bird is in flight, wings spread wide.
../dataset/datasets/imb_cub_0.1/train/Pomarine_Jaeger/1428.jpg	A bird soars with wings spread wide.
../dataset/datasets/imb_cub_0.1/train/Pomarine_Jaeger/1419.jpg	A bird soars with wings spread wide.
../dataset/datasets/imb_cub_0.1/train/Blue_Jay/1442.jpg	a bird stands on grass, head slightly tilted.
../dataset/datasets/imb_cub_0.1/train/Blue_Jay/1443.jpg	A bird perches on branch, head slightly tilted.
../dataset/datasets/imb_cub_0.1/train/Blue_Jay/1439.jpg	A bird perches on branch, head turned slightly.
../dataset/datasets/imb_cub_0.1/train/Blue_Jay/1440.jpg	A bird perched, holding food in beak.
../dataset/datasets/imb_cub_0.1/train/Blue_Jay/1441.jpg	A bird perches on a wooden post, facing right.
../dataset/datasets/imb_cub_0.1/train/Blue_Jay/1438.jpg	A bird perched on branch, facing left.
../dataset/datasets/imb_cub_0.1/train/Blue_Jay/1437.jpg	A bird perches on a branch, facing right.
../dataset/datasets/imb_cub_0.1/train/Blue_Jay/1432.jpg	a bird stands on ground, pecking at seeds.
../dataset/datasets/imb_cub_0.1/train/Blue_Jay/1434.jpg	A bird perches on wood, head slightly tilted.
../dataset/datasets/imb_cub_0.1/train/Blue_Jay/1433.jpg	A bird perches on edge, facing forward.
../dataset/datasets/imb_cub_0.1/train/Blue_Jay/1436.jpg	A bird perched on branch, head slightly tilted.
../dataset/datasets/imb_cub_0.1/train/Blue_Jay/1435.jpg	A bird perches on branch, head down.
../dataset/datasets/imb_cub_0.1/train/Florida_Jay/1445.jpg	A bird perched on hand, wings slightly spread.
../dataset/datasets/imb_cub_0.1/train/Florida_Jay/1450.jpg	A bird perches, holding peanut in beak.
../dataset/datasets/imb_cub_0.1/train/Florida_Jay/1448.jpg	A bird perches on branch, tail extended.
../dataset/datasets/imb_cub_0.1/train/Florida_Jay/1453.jpg	A bird perches on branch, head turned slightly.
../dataset/datasets/imb_cub_0.1/train/Florida_Jay/1447.jpg	A bird perches on branch, head turned slightly.
../dataset/datasets/imb_cub_0.1/train/Florida_Jay/1449.jpg	A bird perched on branch, head slightly tilted.
../dataset/datasets/imb_cub_0.1/train/Florida_Jay/1452.jpg	A bird perched on branch, facing right.
../dataset/datasets/imb_cub_0.1/train/Florida_Jay/1444.jpg	A bird perches on branch, head slightly tilted.
../dataset/datasets/imb_cub_0.1/train/Florida_Jay/1446.jpg	A bird is in flight, wings spread wide.
../dataset/datasets/imb_cub_0.1/train/Florida_Jay/1455.jpg	A bird perches on post, head turned.
../dataset/datasets/imb_cub_0.1/train/Florida_Jay/1451.jpg	A bird perched, head slightly tilted.
../dataset/datasets/imb_cub_0.1/train/Florida_Jay/1454.jpg	A bird perches on bench, tail extended.
../dataset/datasets/imb_cub_0.1/train/Green_Jay/1458.jpg	A bird perched on branch, head slightly tilted.
../dataset/datasets/imb_cub_0.1/train/Green_Jay/1467.jpg	A bird perches on branch, head turned slightly.
../dataset/datasets/imb_cub_0.1/train/Green_Jay/1462.jpg	A bird perches on a branch, facing forward.
../dataset/datasets/imb_cub_0.1/train/Green_Jay/1461.jpg	A bird perches on branch, head slightly tilted.
../dataset/datasets/imb_cub_0.1/train/Green_Jay/1457.jpg	A bird stands on ground, head lowered.
../dataset/datasets/imb_cub_0.1/train/Green_Jay/1466.jpg	A bird perches on branch, head slightly tilted.
../dataset/datasets/imb_cub_0.1/train/Green_Jay/1465.jpg	A bird perches on branch, head slightly tilted.
../dataset/datasets/imb_cub_0.1/train/Green_Jay/1456.jpg	A bird perches on branch, head slightly tilted.
../dataset/datasets/imb_cub_0.1/train/Green_Jay/1463.jpg	A bird perched on branch, facing left.
../dataset/datasets/imb_cub_0.1/train/Green_Jay/1464.jpg	A bird perches on rocks, head slightly tilted.
../dataset/datasets/imb_cub_0.1/train/Green_Jay/1460.jpg	A bird perches on branch, head slightly tilted.
../dataset/datasets/imb_cub_0.1/train/Green_Jay/1459.jpg	A bird perched on a branch, facing left.
../dataset/datasets/imb_cub_0.1/train/Dark_eyed_Junco/1473.jpg	A bird perched, head slightly tilted.
../dataset/datasets/imb_cub_0.1/train/Dark_eyed_Junco/1468.jpg	A bird perched on branch, facing left.
../dataset/datasets/imb_cub_0.1/train/Dark_eyed_Junco/1472.jpg	A bird perched, head slightly tilted.
../dataset/datasets/imb_cub_0.1/train/Dark_eyed_Junco/1476.jpg	A bird perches calmly on a branch.
../dataset/datasets/imb_cub_0.1/train/Dark_eyed_Junco/1469.jpg	a bird perched on rock, facing left.
../dataset/datasets/imb_cub_0.1/train/Dark_eyed_Junco/1478.jpg	A bird perched, facing slightly right.
../dataset/datasets/imb_cub_0.1/train/Dark_eyed_Junco/1479.jpg	A bird perched on a branch, facing left.
../dataset/datasets/imb_cub_0.1/train/Dark_eyed_Junco/1477.jpg	A bird perches on branch, facing left.
../dataset/datasets/imb_cub_0.1/train/Dark_eyed_Junco/1474.jpg	A bird perches on branch, facing left.
../dataset/datasets/imb_cub_0.1/train/Dark_eyed_Junco/1470.jpg	a bird stands on grass, surrounded by fallen leaves.
../dataset/datasets/imb_cub_0.1/train/Dark_eyed_Junco/1471.jpg	A bird stands on ground, head slightly tilted.
../dataset/datasets/imb_cub_0.1/train/Dark_eyed_Junco/1475.jpg	A bird stands on grass, head slightly tilted.
../dataset/datasets/imb_cub_0.1/train/Tropical_Kingbird/1485.jpg	A bird perches on branch, head slightly tilted.
../dataset/datasets/imb_cub_0.1/train/Tropical_Kingbird/1491.jpg	a bird perched on wire, facing right.
../dataset/datasets/imb_cub_0.1/train/Tropical_Kingbird/1487.jpg	A bird perches on a branch, facing left.
../dataset/datasets/imb_cub_0.1/train/Tropical_Kingbird/1481.jpg	a bird perched on branch, facing left.
../dataset/datasets/imb_cub_0.1/train/Tropical_Kingbird/1482.jpg	A bird perched on branch, holding insect.
../dataset/datasets/imb_cub_0.1/train/Tropical_Kingbird/1486.jpg	a bird perched on branch, facing left.
../dataset/datasets/imb_cub_0.1/train/Tropical_Kingbird/1483.jpg	a bird perched on branch, facing right.
../dataset/datasets/imb_cub_0.1/train/Tropical_Kingbird/1488.jpg	a bird stands upright, slightly tilted head.
../dataset/datasets/imb_cub_0.1/train/Tropical_Kingbird/1480.jpg	A bird perches on branch, head slightly tilted.
../dataset/datasets/imb_cub_0.1/train/Tropical_Kingbird/1484.jpg	A bird perched on wires, facing right.
../dataset/datasets/imb_cub_0.1/train/Tropical_Kingbird/1490.jpg	a bird perched on wire, facing right.
../dataset/datasets/imb_cub_0.1/train/Tropical_Kingbird/1489.jpg	A bird perches on cattail, head slightly tilted.
../dataset/datasets/imb_cub_0.1/train/Gray_Kingbird/1500.jpg	a bird perched on branch, facing left.
../dataset/datasets/imb_cub_0.1/train/Gray_Kingbird/1498.jpg	A bird perches on a wire, facing left.
../dataset/datasets/imb_cub_0.1/train/Gray_Kingbird/1495.jpg	A bird perches on branch, head slightly tilted.
../dataset/datasets/imb_cub_0.1/train/Gray_Kingbird/1502.jpg	a bird perched on branch, facing right.
../dataset/datasets/imb_cub_0.1/train/Gray_Kingbird/1493.jpg	A bird perches on a branch, facing left.
../dataset/datasets/imb_cub_0.1/train/Gray_Kingbird/1496.jpg	A bird perches on wire, facing left.
../dataset/datasets/imb_cub_0.1/train/Gray_Kingbird/1499.jpg	A bird perches on branch, head slightly tilted.
../dataset/datasets/imb_cub_0.1/train/Gray_Kingbird/1494.jpg	a bird perched on wire, facing right.
../dataset/datasets/imb_cub_0.1/train/Gray_Kingbird/1501.jpg	A bird perches on branch, facing right.
../dataset/datasets/imb_cub_0.1/train/Gray_Kingbird/1492.jpg	a bird perched on branch, facing right.
../dataset/datasets/imb_cub_0.1/train/Gray_Kingbird/1497.jpg	a bird perched on wire, facing right.
../dataset/datasets/imb_cub_0.1/train/Gray_Kingbird/1503.jpg	A bird perched on branch, head slightly tilted.
../dataset/datasets/imb_cub_0.1/train/Belted_Kingfisher/1515.jpg	A bird perched, holding insect.
../dataset/datasets/imb_cub_0.1/train/Belted_Kingfisher/1505.jpg	A bird perches on branch, head slightly tilted.
../dataset/datasets/imb_cub_0.1/train/Belted_Kingfisher/1507.jpg	A bird perches on branch, head slightly tilted.
../dataset/datasets/imb_cub_0.1/train/Belted_Kingfisher/1514.jpg	A bird perched on wire, facing right.
../dataset/datasets/imb_cub_0.1/train/Belted_Kingfisher/1509.jpg	A bird is in flight, wings spread wide.
../dataset/datasets/imb_cub_0.1/train/Belted_Kingfisher/1506.jpg	A bird perches on branch, head slightly turned.
../dataset/datasets/imb_cub_0.1/train/Belted_Kingfisher/1513.jpg	A bird perched on branch, head slightly tilted.
../dataset/datasets/imb_cub_0.1/train/Belted_Kingfisher/1510.jpg	A bird perches on branch, head slightly tilted.
../dataset/datasets/imb_cub_0.1/train/Belted_Kingfisher/1508.jpg	A bird perched on wire, head turned slightly.
../dataset/datasets/imb_cub_0.1/train/Belted_Kingfisher/1511.jpg	A bird perches on railing, head turned.
../dataset/datasets/imb_cub_0.1/train/Belted_Kingfisher/1504.jpg	A bird perches on branch, head slightly tilted.
../dataset/datasets/imb_cub_0.1/train/Belted_Kingfisher/1512.jpg	A bird perches on a branch, facing left.
../dataset/datasets/imb_cub_0.1/train/Green_Kingfisher/1520.jpg	A bird perches on branch, head turned slightly.
../dataset/datasets/imb_cub_0.1/train/Green_Kingfisher/1518.jpg	A bird perches on branch, head slightly tilted.
../dataset/datasets/imb_cub_0.1/train/Green_Kingfisher/1516.jpg	A bird perches on branch, head slightly tilted.
../dataset/datasets/imb_cub_0.1/train/Green_Kingfisher/1523.jpg	A bird perched on branch, facing left.
../dataset/datasets/imb_cub_0.1/train/Green_Kingfisher/1526.jpg	A bird perched, head slightly tilted.
../dataset/datasets/imb_cub_0.1/train/Green_Kingfisher/1525.jpg	A bird perches on branch, head turned slightly.
../dataset/datasets/imb_cub_0.1/train/Green_Kingfisher/1522.jpg	A bird perched on branch, facing right.
../dataset/datasets/imb_cub_0.1/train/Green_Kingfisher/1524.jpg	A bird perches on a rock, beak open.
../dataset/datasets/imb_cub_0.1/train/Green_Kingfisher/1517.jpg	A bird perches on barbed wire, facing right.
../dataset/datasets/imb_cub_0.1/train/Green_Kingfisher/1521.jpg	A bird perches on branch, facing left.
../dataset/datasets/imb_cub_0.1/train/Green_Kingfisher/1519.jpg	A bird perches on branch, facing right.
../dataset/datasets/imb_cub_0.1/train/Pied_Kingfisher/1534.jpg	A bird perches on reeds, head slightly tilted.
../dataset/datasets/imb_cub_0.1/train/Pied_Kingfisher/1531.jpg	A bird perched on branch, head slightly tilted.
../dataset/datasets/imb_cub_0.1/train/Pied_Kingfisher/1533.jpg	A bird perches on a stump, facing left.
../dataset/datasets/imb_cub_0.1/train/Pied_Kingfisher/1536.jpg	A bird perches on a branch, head slightly tilted.
../dataset/datasets/imb_cub_0.1/train/Pied_Kingfisher/1537.jpg	A bird perched, head slightly tilted.
../dataset/datasets/imb_cub_0.1/train/Pied_Kingfisher/1527.jpg	A bird perched on branch, facing right.
../dataset/datasets/imb_cub_0.1/train/Pied_Kingfisher/1529.jpg	A bird perched on branch, head turned slightly.
../dataset/datasets/imb_cub_0.1/train/Pied_Kingfisher/1532.jpg	A bird perched on branch, head turned.
../dataset/datasets/imb_cub_0.1/train/Pied_Kingfisher/1530.jpg	A bird stands on ground, head slightly tilted.
../dataset/datasets/imb_cub_0.1/train/Pied_Kingfisher/1528.jpg	A bird perched on branch, facing right.
../dataset/datasets/imb_cub_0.1/train/Pied_Kingfisher/1535.jpg	A bird perches on a log.
../dataset/datasets/imb_cub_0.1/train/Ringed_Kingfisher/1546.jpg	A bird perches on branch, head slightly tilted.
../dataset/datasets/imb_cub_0.1/train/Ringed_Kingfisher/1543.jpg	A bird perched on wire, facing left.
../dataset/datasets/imb_cub_0.1/train/Ringed_Kingfisher/1547.jpg	A bird perches on branch, head slightly turned.
../dataset/datasets/imb_cub_0.1/train/Ringed_Kingfisher/1539.jpg	A bird perched on branch, facing left.
../dataset/datasets/imb_cub_0.1/train/Ringed_Kingfisher/1540.jpg	A bird perches on branch, head turned slightly.
../dataset/datasets/imb_cub_0.1/train/Ringed_Kingfisher/1542.jpg	A bird perches on a branch, facing right.
../dataset/datasets/imb_cub_0.1/train/Ringed_Kingfisher/1544.jpg	A bird is in flight, wings spread wide.
../dataset/datasets/imb_cub_0.1/train/Ringed_Kingfisher/1545.jpg	A bird perched on wire, facing left.
../dataset/datasets/imb_cub_0.1/train/Ringed_Kingfisher/1541.jpg	A bird perched on branch, facing left.
../dataset/datasets/imb_cub_0.1/train/Ringed_Kingfisher/1538.jpg	A bird is in flight, wings spread wide.
../dataset/datasets/imb_cub_0.1/train/Ringed_Kingfisher/1548.jpg	A bird perches on branch, facing left.
../dataset/datasets/imb_cub_0.1/train/White_breasted_Kingfisher/1549.jpg	A bird perched on branch, facing right.
../dataset/datasets/imb_cub_0.1/train/White_breasted_Kingfisher/1557.jpg	A bird perched on a post, facing right.
../dataset/datasets/imb_cub_0.1/train/White_breasted_Kingfisher/1551.jpg	A bird perches on branch, facing right.
../dataset/datasets/imb_cub_0.1/train/White_breasted_Kingfisher/1553.jpg	A bird perched on rock, facing left.
../dataset/datasets/imb_cub_0.1/train/White_breasted_Kingfisher/1552.jpg	A bird perched on a rope, facing right.
../dataset/datasets/imb_cub_0.1/train/White_breasted_Kingfisher/1555.jpg	A bird perched on wire, facing right.
../dataset/datasets/imb_cub_0.1/train/White_breasted_Kingfisher/1559.jpg	A bird perched on branch, head turned slightly.
../dataset/datasets/imb_cub_0.1/train/White_breasted_Kingfisher/1558.jpg	A bird perched on branch, facing right.
../dataset/datasets/imb_cub_0.1/train/White_breasted_Kingfisher/1556.jpg	A bird perches on branch, head turned slightly.
../dataset/datasets/imb_cub_0.1/train/White_breasted_Kingfisher/1554.jpg	A bird perched on branch, head turned right.
../dataset/datasets/imb_cub_0.1/train/White_breasted_Kingfisher/1550.jpg	A bird perched on rock, facing right.
../dataset/datasets/imb_cub_0.1/train/Red_legged_Kittiwake/1563.jpg	A bird perches on rock, head slightly tilted.
../dataset/datasets/imb_cub_0.1/train/Red_legged_Kittiwake/1570.jpg	A bird stands upright on a rock.
../dataset/datasets/imb_cub_0.1/train/Red_legged_Kittiwake/1569.jpg	A bird perches on rock, head slightly tilted.
../dataset/datasets/imb_cub_0.1/train/Red_legged_Kittiwake/1565.jpg	A bird is flying with wings spread and legs extended.
../dataset/datasets/imb_cub_0.1/train/Red_legged_Kittiwake/1562.jpg	A bird spreads its wings wide, perched on a rock.
../dataset/datasets/imb_cub_0.1/train/Red_legged_Kittiwake/1567.jpg	A bird spreads wings, another perches.
../dataset/datasets/imb_cub_0.1/train/Red_legged_Kittiwake/1564.jpg	A bird stands on one leg, head slightly tilted.
../dataset/datasets/imb_cub_0.1/train/Red_legged_Kittiwake/1560.jpg	A bird is looking to the left.
../dataset/datasets/imb_cub_0.1/train/Red_legged_Kittiwake/1568.jpg	A bird stands on rocks, head slightly tilted.
../dataset/datasets/imb_cub_0.1/train/Red_legged_Kittiwake/1566.jpg	A bird stands on sand, head slightly tilted.
../dataset/datasets/imb_cub_0.1/train/Red_legged_Kittiwake/1561.jpg	A bird perches on rock, legs spread.
../dataset/datasets/imb_cub_0.1/train/Horned_Lark/1578.jpg	A bird stands upright on pavement.
../dataset/datasets/imb_cub_0.1/train/Horned_Lark/1572.jpg	A bird stands on snow, head slightly tilted.
../dataset/datasets/imb_cub_0.1/train/Horned_Lark/1580.jpg	A bird perches on a post, head slightly tilted.
../dataset/datasets/imb_cub_0.1/train/Horned_Lark/1581.jpg	A bird stands upright, head slightly tilted.
../dataset/datasets/imb_cub_0.1/train/Horned_Lark/1579.jpg	A bird stands on snow, head slightly tilted.
../dataset/datasets/imb_cub_0.1/train/Horned_Lark/1577.jpg	A bird stands upright, facing forward.
../dataset/datasets/imb_cub_0.1/train/Horned_Lark/1571.jpg	A bird stands alert, perched on ground.
../dataset/datasets/imb_cub_0.1/train/Horned_Lark/1573.jpg	A bird stands alert on sandy ground.
../dataset/datasets/imb_cub_0.1/train/Horned_Lark/1574.jpg	A bird stands on sandy ground, head slightly tilted.
../dataset/datasets/imb_cub_0.1/train/Horned_Lark/1575.jpg	A bird stands on snow, head slightly tilted.
../dataset/datasets/imb_cub_0.1/train/Horned_Lark/1576.jpg	A bird stands alert, head slightly tilted.
../dataset/datasets/imb_cub_0.1/train/Pacific_Loon/1588.jpg	A bird is swimming calmly on water.
../dataset/datasets/imb_cub_0.1/train/Pacific_Loon/1592.jpg	A bird is floating on water, head slightly tilted.
../dataset/datasets/imb_cub_0.1/train/Pacific_Loon/1583.jpg	A bird is floating on water, head slightly raised.
../dataset/datasets/imb_cub_0.1/train/Pacific_Loon/1582.jpg	A bird swims calmly, head slightly tilted.
../dataset/datasets/imb_cub_0.1/train/Pacific_Loon/1584.jpg	A bird is swimming with its head turned slightly to the side.
../dataset/datasets/imb_cub_0.1/train/Pacific_Loon/1589.jpg	A bird is swimming with its head slightly tilted.
../dataset/datasets/imb_cub_0.1/train/Pacific_Loon/1591.jpg	A bird is resting with its head turned slightly to the side.
../dataset/datasets/imb_cub_0.1/train/Pacific_Loon/1590.jpg	A bird is swimming with its head turned slightly to the side.
../dataset/datasets/imb_cub_0.1/train/Pacific_Loon/1587.jpg	A bird is floating on water, head slightly tilted back.
../dataset/datasets/imb_cub_0.1/train/Pacific_Loon/1586.jpg	A bird is floating on water, head slightly tilted.
../dataset/datasets/imb_cub_0.1/train/Pacific_Loon/1585.jpg	A bird is standing on sand, head slightly tilted.
../dataset/datasets/imb_cub_0.1/train/Mallard/1600.jpg	A bird is preening its feathers.
../dataset/datasets/imb_cub_0.1/train/Mallard/1594.jpg	A bird is swimming with its head slightly raised.
../dataset/datasets/imb_cub_0.1/train/Mallard/1593.jpg	a bird stands on gravel, head slightly turned.
../dataset/datasets/imb_cub_0.1/train/Mallard/1601.jpg	A bird is swimming with its head slightly tilted.
../dataset/datasets/imb_cub_0.1/train/Mallard/1598.jpg	a bird stands on one leg.
../dataset/datasets/imb_cub_0.1/train/Mallard/1602.jpg	A bird is swimming with its head slightly tilted and wings partially spread.
../dataset/datasets/imb_cub_0.1/train/Mallard/1595.jpg	A bird is preening its feathers.
../dataset/datasets/imb_cub_0.1/train/Mallard/1597.jpg	A bird is flapping its wings.
../dataset/datasets/imb_cub_0.1/train/Mallard/1596.jpg	A bird stands on one leg.
../dataset/datasets/imb_cub_0.1/train/Mallard/1599.jpg	A bird stands in water, head slightly tilted.
../dataset/datasets/imb_cub_0.1/train/Mallard/1603.jpg	A bird is swimming with its wings slightly raised.
../dataset/datasets/imb_cub_0.1/train/Western_Meadowlark/1604.jpg	A bird perched, mouth open.
../dataset/datasets/imb_cub_0.1/train/Western_Meadowlark/1609.jpg	A bird perches on branch, head slightly tilted.
../dataset/datasets/imb_cub_0.1/train/Western_Meadowlark/1608.jpg	A bird perches on post, head raised, beak open.
../dataset/datasets/imb_cub_0.1/train/Western_Meadowlark/1606.jpg	A bird is perched on a branch, wings slightly spread.
../dataset/datasets/imb_cub_0.1/train/Western_Meadowlark/1613.jpg	A bird perches on wood, beak open.
../dataset/datasets/imb_cub_0.1/train/Western_Meadowlark/1610.jpg	A bird perched, head raised, beak open.
../dataset/datasets/imb_cub_0.1/train/Western_Meadowlark/1605.jpg	A bird perches on barbed wire, head raised.
../dataset/datasets/imb_cub_0.1/train/Western_Meadowlark/1607.jpg	A bird perches on branch, head slightly tilted.
../dataset/datasets/imb_cub_0.1/train/Western_Meadowlark/1612.jpg	a bird perched on wood, facing left.
../dataset/datasets/imb_cub_0.1/train/Western_Meadowlark/1611.jpg	A bird perches on branch, head raised, beak open.
../dataset/datasets/imb_cub_0.1/train/Hooded_Merganser/1622.jpg	A bird is swimming with its head slightly tilted back.
../dataset/datasets/imb_cub_0.1/train/Hooded_Merganser/1617.jpg	A bird swims gracefully on water.
../dataset/datasets/imb_cub_0.1/train/Hooded_Merganser/1619.jpg	A bird swims calmly, head slightly tilted.
../dataset/datasets/imb_cub_0.1/train/Hooded_Merganser/1623.jpg	A bird swimming with head slightly raised.
../dataset/datasets/imb_cub_0.1/train/Hooded_Merganser/1614.jpg	A bird is swimming with head turned slightly to the side.
../dataset/datasets/imb_cub_0.1/train/Hooded_Merganser/1615.jpg	A bird swims calmly, head slightly raised.
../dataset/datasets/imb_cub_0.1/train/Hooded_Merganser/1621.jpg	A bird is swimming with its head slightly tilted.
../dataset/datasets/imb_cub_0.1/train/Hooded_Merganser/1620.jpg	A bird is swimming with its head slightly tilted.
../dataset/datasets/imb_cub_0.1/train/Hooded_Merganser/1616.jpg	A bird is swimming with its head slightly raised.
../dataset/datasets/imb_cub_0.1/train/Hooded_Merganser/1618.jpg	A bird is resting on a rock, head slightly tilted.
../dataset/datasets/imb_cub_0.1/train/Red_breasted_Merganser/1628.jpg	A bird is swimming with its head slightly tilted.
../dataset/datasets/imb_cub_0.1/train/Red_breasted_Merganser/1630.jpg	A bird swimming, head raised.
../dataset/datasets/imb_cub_0.1/train/Red_breasted_Merganser/1624.jpg	A bird is landing on water with wings spread and feet touching surface.
../dataset/datasets/imb_cub_0.1/train/Red_breasted_Merganser/1631.jpg	A bird is swimming with its head slightly raised.
../dataset/datasets/imb_cub_0.1/train/Red_breasted_Merganser/1632.jpg	A bird is swimming with its head raised and feathers fluffed.
../dataset/datasets/imb_cub_0.1/train/Red_breasted_Merganser/1625.jpg	A bird is swimming with its head turned slightly to the side.
../dataset/datasets/imb_cub_0.1/train/Red_breasted_Merganser/1626.jpg	A bird is swimming calmly on water.
../dataset/datasets/imb_cub_0.1/train/Red_breasted_Merganser/1627.jpg	A bird is swimming with its head slightly tilted and beak pointing forward.
../dataset/datasets/imb_cub_0.1/train/Red_breasted_Merganser/1633.jpg	A bird is swimming with its head turned to the side.
../dataset/datasets/imb_cub_0.1/train/Red_breasted_Merganser/1629.jpg	A bird is taking off from water, wings spread.
../dataset/datasets/imb_cub_0.1/train/Mockingbird/1639.jpg	A bird perched on branch, facing right.
../dataset/datasets/imb_cub_0.1/train/Mockingbird/1635.jpg	a bird stands upright on grass.
../dataset/datasets/imb_cub_0.1/train/Mockingbird/1642.jpg	A bird perched, head turned.
../dataset/datasets/imb_cub_0.1/train/Mockingbird/1641.jpg	A bird perches with wings slightly spread, tail fanned out.
../dataset/datasets/imb_cub_0.1/train/Mockingbird/1637.jpg	A bird stands on grass, head slightly tilted.
../dataset/datasets/imb_cub_0.1/train/Mockingbird/1634.jpg	A bird perched on edge, head turned slightly.
../dataset/datasets/imb_cub_0.1/train/Mockingbird/1643.jpg	a bird stands on ground, head slightly tilted.
../dataset/datasets/imb_cub_0.1/train/Mockingbird/1640.jpg	A bird stands alert, head slightly tilted.
../dataset/datasets/imb_cub_0.1/train/Mockingbird/1638.jpg	A bird perches on a curved hook.
../dataset/datasets/imb_cub_0.1/train/Mockingbird/1636.jpg	A bird perches on surfboard, head slightly tilted.
../dataset/datasets/imb_cub_0.1/train/Nighthawk/1649.jpg	a bird is crouched low, blending with ground.
../dataset/datasets/imb_cub_0.1/train/Nighthawk/1651.jpg	a bird lying on its side, wings slightly spread.
../dataset/datasets/imb_cub_0.1/train/Nighthawk/1648.jpg	A bird is flying with wings spread.
../dataset/datasets/imb_cub_0.1/train/Nighthawk/1644.jpg	A bird perched, head tucked.
../dataset/datasets/imb_cub_0.1/train/Nighthawk/1652.jpg	a bird is lying on its side.
../dataset/datasets/imb_cub_0.1/train/Nighthawk/1645.jpg	A bird perches calmly on a wooden post.
../dataset/datasets/imb_cub_0.1/train/Nighthawk/1650.jpg	A bird perches on log, head turned.
../dataset/datasets/imb_cub_0.1/train/Nighthawk/1646.jpg	a bird perched on branch, head slightly turned.
../dataset/datasets/imb_cub_0.1/train/Nighthawk/1647.jpg	A bird perches on a pole, facing right.
../dataset/datasets/imb_cub_0.1/train/Nighthawk/1653.jpg	A bird is flying with wings spread.
../dataset/datasets/imb_cub_0.1/train/Clark_Nutcracker/1661.jpg	A bird perches on car roof, facing forward.
../dataset/datasets/imb_cub_0.1/train/Clark_Nutcracker/1655.jpg	A bird stands near water, beak dipping.
../dataset/datasets/imb_cub_0.1/train/Clark_Nutcracker/1657.jpg	A bird perched on branch, facing right.
../dataset/datasets/imb_cub_0.1/train/Clark_Nutcracker/1658.jpg	A bird stands on grass, head slightly tilted.
../dataset/datasets/imb_cub_0.1/train/Clark_Nutcracker/1659.jpg	A bird perched on branch, facing left.
../dataset/datasets/imb_cub_0.1/train/Clark_Nutcracker/1656.jpg	A bird stands perched on wood, facing left.
../dataset/datasets/imb_cub_0.1/train/Clark_Nutcracker/1654.jpg	a bird perched on rock, facing left.
../dataset/datasets/imb_cub_0.1/train/Clark_Nutcracker/1660.jpg	a bird stands on grass, head slightly tilted.
../dataset/datasets/imb_cub_0.1/train/Clark_Nutcracker/1662.jpg	A bird perched on rock, facing right.
../dataset/datasets/imb_cub_0.1/train/Clark_Nutcracker/1663.jpg	A bird perched, facing right.
../dataset/datasets/imb_cub_0.1/train/White_breasted_Nuthatch/1664.jpg	A bird perches upside down on branch, holding food in beak.
../dataset/datasets/imb_cub_0.1/train/White_breasted_Nuthatch/1673.jpg	A bird perches on tree trunk, head turned.
../dataset/datasets/imb_cub_0.1/train/White_breasted_Nuthatch/1671.jpg	A bird perched on branch, head slightly tilted.
../dataset/datasets/imb_cub_0.1/train/White_breasted_Nuthatch/1666.jpg	A bird perched, head tilted back.
../dataset/datasets/imb_cub_0.1/train/White_breasted_Nuthatch/1667.jpg	A bird perched on branch, head turned slightly.
../dataset/datasets/imb_cub_0.1/train/White_breasted_Nuthatch/1672.jpg	A bird perches on tree trunk, beak extended.
../dataset/datasets/imb_cub_0.1/train/White_breasted_Nuthatch/1669.jpg	A bird perches on branch, head slightly tilted.
../dataset/datasets/imb_cub_0.1/train/White_breasted_Nuthatch/1665.jpg	A bird perches sideways on branch, head turned.
../dataset/datasets/imb_cub_0.1/train/White_breasted_Nuthatch/1670.jpg	A bird perches on tree trunk, head down.
../dataset/datasets/imb_cub_0.1/train/White_breasted_Nuthatch/1668.jpg	A bird perches on tree trunk, head turned.
../dataset/datasets/imb_cub_0.1/train/Baltimore_Oriole/1680.jpg	A bird perched on branch, facing right.
../dataset/datasets/imb_cub_0.1/train/Baltimore_Oriole/1677.jpg	A bird perches on feeder, head slightly tilted.
../dataset/datasets/imb_cub_0.1/train/Baltimore_Oriole/1676.jpg	A bird perches on branch, near orange slice.
../dataset/datasets/imb_cub_0.1/train/Baltimore_Oriole/1682.jpg	A bird perched on branch, facing left.
../dataset/datasets/imb_cub_0.1/train/Baltimore_Oriole/1678.jpg	A bird perches on an orange, facing right.
../dataset/datasets/imb_cub_0.1/train/Baltimore_Oriole/1674.jpg	A bird perches on branch, facing left.
../dataset/datasets/imb_cub_0.1/train/Baltimore_Oriole/1675.jpg	A bird perches, beak near orange slice.
../dataset/datasets/imb_cub_0.1/train/Baltimore_Oriole/1679.jpg	A bird perches on a feeder, facing left.
../dataset/datasets/imb_cub_0.1/train/Baltimore_Oriole/1681.jpg	A bird perched on branch, facing right.
../dataset/datasets/imb_cub_0.1/train/Baltimore_Oriole/1683.jpg	A bird perches on wire, facing left.
../dataset/datasets/imb_cub_0.1/train/Hooded_Oriole/1685.jpg	A bird perches on feeder, head slightly tilted.
../dataset/datasets/imb_cub_0.1/train/Hooded_Oriole/1689.jpg	A bird perches on a hanging feeder, beak open.
../dataset/datasets/imb_cub_0.1/train/Hooded_Oriole/1684.jpg	A bird perched on branch, facing left.
../dataset/datasets/imb_cub_0.1/train/Hooded_Oriole/1687.jpg	A bird perched, beak open.
../dataset/datasets/imb_cub_0.1/train/Hooded_Oriole/1692.jpg	A bird perched, head turned.
../dataset/datasets/imb_cub_0.1/train/Hooded_Oriole/1688.jpg	A bird perched on branch, facing right.
../dataset/datasets/imb_cub_0.1/train/Hooded_Oriole/1691.jpg	A bird perches on a branch, facing left.
../dataset/datasets/imb_cub_0.1/train/Hooded_Oriole/1686.jpg	A bird perches on leaves, head slightly tilted.
../dataset/datasets/imb_cub_0.1/train/Hooded_Oriole/1690.jpg	A bird perched on branch, facing right.
../dataset/datasets/imb_cub_0.1/train/Orchard_Oriole/1701.jpg	A bird perches on wooden beam, facing left.
../dataset/datasets/imb_cub_0.1/train/Orchard_Oriole/1698.jpg	A bird perches on branch, head slightly tilted.
../dataset/datasets/imb_cub_0.1/train/Orchard_Oriole/1697.jpg	A bird perches on branch, facing right.
../dataset/datasets/imb_cub_0.1/train/Orchard_Oriole/1694.jpg	A bird perches on branch, facing left.
../dataset/datasets/imb_cub_0.1/train/Orchard_Oriole/1696.jpg	A bird perched on branch, facing right.
../dataset/datasets/imb_cub_0.1/train/Orchard_Oriole/1699.jpg	A bird perched, holding food in beak.
../dataset/datasets/imb_cub_0.1/train/Orchard_Oriole/1693.jpg	A bird perched on branch, facing right.
../dataset/datasets/imb_cub_0.1/train/Orchard_Oriole/1695.jpg	A bird perches on branch, head slightly tilted.
../dataset/datasets/imb_cub_0.1/train/Orchard_Oriole/1700.jpg	A bird perches on an orange slice, facing left.
../dataset/datasets/imb_cub_0.1/train/Scott_Oriole/1703.jpg	A bird perches on branch, head slightly tilted.
../dataset/datasets/imb_cub_0.1/train/Scott_Oriole/1707.jpg	A bird perched on branch, facing left.
../dataset/datasets/imb_cub_0.1/train/Scott_Oriole/1709.jpg	A bird perched, head raised, beak open.
../dataset/datasets/imb_cub_0.1/train/Scott_Oriole/1708.jpg	A bird perches on branch, head slightly tilted.
../dataset/datasets/imb_cub_0.1/train/Scott_Oriole/1702.jpg	A bird perches on branch, facing left.
../dataset/datasets/imb_cub_0.1/train/Scott_Oriole/1704.jpg	A bird perches on branch, head down.
../dataset/datasets/imb_cub_0.1/train/Scott_Oriole/1710.jpg	A bird perches on orange slice, head turned.
../dataset/datasets/imb_cub_0.1/train/Scott_Oriole/1706.jpg	A bird perched, wings slightly spread, head raised.
../dataset/datasets/imb_cub_0.1/train/Scott_Oriole/1705.jpg	A bird is pecking at an orange slice on the ground.
../dataset/datasets/imb_cub_0.1/train/Ovenbird/1711.jpg	A bird perched on branch, facing left.
../dataset/datasets/imb_cub_0.1/train/Ovenbird/1717.jpg	A bird stands on sandy ground, slightly tilted forward.
../dataset/datasets/imb_cub_0.1/train/Ovenbird/1712.jpg	A bird perched on branch, facing right.
../dataset/datasets/imb_cub_0.1/train/Ovenbird/1719.jpg	A bird perches on branch, holding insect.
../dataset/datasets/imb_cub_0.1/train/Ovenbird/1715.jpg	A bird perches on a branch, facing right.
../dataset/datasets/imb_cub_0.1/train/Ovenbird/1714.jpg	A bird stands on leaves, head slightly tilted.
../dataset/datasets/imb_cub_0.1/train/Ovenbird/1718.jpg	a bird stands on ground, head slightly tilted.
../dataset/datasets/imb_cub_0.1/train/Ovenbird/1716.jpg	A bird perches on branch, tail extended.
../dataset/datasets/imb_cub_0.1/train/Ovenbird/1713.jpg	A bird perches on branch, head slightly tilted.
../dataset/datasets/imb_cub_0.1/train/Brown_Pelican/1724.jpg	A bird stands on roof, head slightly tilted.
../dataset/datasets/imb_cub_0.1/train/Brown_Pelican/1727.jpg	A bird stands in water, head slightly tilted.
../dataset/datasets/imb_cub_0.1/train/Brown_Pelican/1722.jpg	A bird stands on one leg, head slightly tilted.
../dataset/datasets/imb_cub_0.1/train/Brown_Pelican/1728.jpg	A bird stands on one leg, head tilted upward.
../dataset/datasets/imb_cub_0.1/train/Brown_Pelican/1723.jpg	A bird stands with head slightly tilted, wings folded.
../dataset/datasets/imb_cub_0.1/train/Brown_Pelican/1725.jpg	A bird stands with head raised, wings slightly folded.
../dataset/datasets/imb_cub_0.1/train/Brown_Pelican/1721.jpg	A bird is in flight, wings spread wide.
../dataset/datasets/imb_cub_0.1/train/Brown_Pelican/1726.jpg	A bird stands on sand, head slightly tilted.
../dataset/datasets/imb_cub_0.1/train/Brown_Pelican/1720.jpg	A bird stands on a rock, head slightly tilted.
../dataset/datasets/imb_cub_0.1/train/White_Pelican/1729.jpg	A bird is diving into water with wings spread wide.
../dataset/datasets/imb_cub_0.1/train/White_Pelican/1731.jpg	A bird is floating on water with its head tilted slightly upward.
../dataset/datasets/imb_cub_0.1/train/White_Pelican/1736.jpg	A bird soars with wings spread wide.
../dataset/datasets/imb_cub_0.1/train/White_Pelican/1737.jpg	A bird stands with head tucked, wings slightly spread.
../dataset/datasets/imb_cub_0.1/train/White_Pelican/1734.jpg	A bird is resting with its head slightly tilted and beak open.
../dataset/datasets/imb_cub_0.1/train/White_Pelican/1732.jpg	A bird is floating on water with wings slightly spread.
../dataset/datasets/imb_cub_0.1/train/White_Pelican/1730.jpg	A bird stands with head slightly tilted, beak open.
../dataset/datasets/imb_cub_0.1/train/White_Pelican/1735.jpg	A bird stands with head tucked down, wings slightly folded.
../dataset/datasets/imb_cub_0.1/train/White_Pelican/1733.jpg	A bird with wings spread, floating on water.
../dataset/datasets/imb_cub_0.1/train/Western_Wood_Pewee/1744.jpg	A bird perches on wire fence, facing left.
../dataset/datasets/imb_cub_0.1/train/Western_Wood_Pewee/1743.jpg	A bird perches on a branch, facing right.
../dataset/datasets/imb_cub_0.1/train/Western_Wood_Pewee/1740.jpg	A bird perches on thorny branch, head slightly tilted.
../dataset/datasets/imb_cub_0.1/train/Western_Wood_Pewee/1745.jpg	a bird perched on branch, facing left.
../dataset/datasets/imb_cub_0.1/train/Western_Wood_Pewee/1742.jpg	A bird perches on branch, facing left.
../dataset/datasets/imb_cub_0.1/train/Western_Wood_Pewee/1739.jpg	A bird perched on brick, facing left.
../dataset/datasets/imb_cub_0.1/train/Western_Wood_Pewee/1738.jpg	A bird perches on a branch.
../dataset/datasets/imb_cub_0.1/train/Western_Wood_Pewee/1741.jpg	a bird perched on a tree stump.
../dataset/datasets/imb_cub_0.1/train/Western_Wood_Pewee/1746.jpg	a bird perched on branch, facing right.
../dataset/datasets/imb_cub_0.1/train/Sayornis/1754.jpg	a bird perched on branch, facing right.
../dataset/datasets/imb_cub_0.1/train/Sayornis/1753.jpg	a bird perched on branch, facing left.
../dataset/datasets/imb_cub_0.1/train/Sayornis/1750.jpg	A bird perches on a wooden post, facing right.
../dataset/datasets/imb_cub_0.1/train/Sayornis/1752.jpg	a bird perched on branch, facing left.
../dataset/datasets/imb_cub_0.1/train/Sayornis/1747.jpg	A bird perches with insect in beak.
../dataset/datasets/imb_cub_0.1/train/Sayornis/1751.jpg	a bird perched on branch, facing right.
../dataset/datasets/imb_cub_0.1/train/Sayornis/1755.jpg	a bird perched, facing right.
../dataset/datasets/imb_cub_0.1/train/Sayornis/1748.jpg	A bird perched on a wooden post, facing left.
../dataset/datasets/imb_cub_0.1/train/Sayornis/1749.jpg	A bird perches on a rusty post, facing left.
../dataset/datasets/imb_cub_0.1/train/American_Pipit/1764.jpg	A bird stands on grass, head slightly tilted.
../dataset/datasets/imb_cub_0.1/train/American_Pipit/1758.jpg	a bird stands on ground, legs spread.
../dataset/datasets/imb_cub_0.1/train/American_Pipit/1760.jpg	A bird perches on branch, head slightly tilted.
../dataset/datasets/imb_cub_0.1/train/American_Pipit/1759.jpg	A bird stands on ground, head slightly tilted.
../dataset/datasets/imb_cub_0.1/train/American_Pipit/1762.jpg	A bird stands alert, perched on ground near water.
../dataset/datasets/imb_cub_0.1/train/American_Pipit/1756.jpg	A bird stands on one leg, head slightly tilted.
../dataset/datasets/imb_cub_0.1/train/American_Pipit/1763.jpg	A bird perches on rock, head slightly tilted.
../dataset/datasets/imb_cub_0.1/train/American_Pipit/1761.jpg	A bird stands on a rock, facing left.
../dataset/datasets/imb_cub_0.1/train/American_Pipit/1757.jpg	A bird stands on grass, head slightly tilted.
../dataset/datasets/imb_cub_0.1/train/Whip_poor_Will/1768.jpg	a bird perched on branch, head tucked in.
../dataset/datasets/imb_cub_0.1/train/Whip_poor_Will/1765.jpg	A bird perched on a branch, head slightly tilted.
../dataset/datasets/imb_cub_0.1/train/Whip_poor_Will/1766.jpg	a bird perched on branch, wings slightly spread.
../dataset/datasets/imb_cub_0.1/train/Whip_poor_Will/1769.jpg	A bird perched on branch, facing right.
../dataset/datasets/imb_cub_0.1/train/Whip_poor_Will/1767.jpg	a bird lying down.
../dataset/datasets/imb_cub_0.1/train/Whip_poor_Will/1771.jpg	A bird perches on a log, wings slightly spread.
../dataset/datasets/imb_cub_0.1/train/Whip_poor_Will/1770.jpg	a bird lying on grass.
../dataset/datasets/imb_cub_0.1/train/Whip_poor_Will/1772.jpg	a bird lying on ground, camouflaged.
../dataset/datasets/imb_cub_0.1/train/Horned_Puffin/1775.jpg	A bird floats calmly on water, head slightly tilted.
../dataset/datasets/imb_cub_0.1/train/Horned_Puffin/1780.jpg	a bird lying on its side.
../dataset/datasets/imb_cub_0.1/train/Horned_Puffin/1776.jpg	A bird is shaking water off its head.
../dataset/datasets/imb_cub_0.1/train/Horned_Puffin/1779.jpg	A bird stands still, head slightly turned.
../dataset/datasets/imb_cub_0.1/train/Horned_Puffin/1778.jpg	A bird is resting on a rock, head slightly tilted.
../dataset/datasets/imb_cub_0.1/train/Horned_Puffin/1774.jpg	A bird stands on rocks, head slightly tilted.
../dataset/datasets/imb_cub_0.1/train/Horned_Puffin/1777.jpg	A bird stands on rock, head turned slightly.
../dataset/datasets/imb_cub_0.1/train/Horned_Puffin/1773.jpg	A bird spreads its wings, standing on one leg.
../dataset/datasets/imb_cub_0.1/train/Common_Raven/2224.jpg	A bird spreads its wings, perched on rock.
../dataset/datasets/imb_cub_0.1/train/Common_Raven/2222.jpg	A bird perched, legs spread, facing left.
../dataset/datasets/imb_cub_0.1/train/Common_Raven/2223.jpg	A bird stands with open beak, head slightly tilted.
../dataset/datasets/imb_cub_0.1/train/White_necked_Raven/1788.jpg	A bird soars with wings spread wide.
../dataset/datasets/imb_cub_0.1/train/White_necked_Raven/1783.jpg	A bird perches on a plant, legs spread.
../dataset/datasets/imb_cub_0.1/train/White_necked_Raven/1782.jpg	A bird perches on rock, head turned slightly.
../dataset/datasets/imb_cub_0.1/train/White_necked_Raven/1781.jpg	A bird stands on a rock, head slightly turned.
../dataset/datasets/imb_cub_0.1/train/White_necked_Raven/1786.jpg	A bird perched, holding food in its beak.
../dataset/datasets/imb_cub_0.1/train/White_necked_Raven/1784.jpg	A bird stands perched on rock, head slightly tilted.
../dataset/datasets/imb_cub_0.1/train/White_necked_Raven/1785.jpg	A bird perched, head turned.
../dataset/datasets/imb_cub_0.1/train/White_necked_Raven/1787.jpg	A bird stands on rock, head turned slightly left.
../dataset/datasets/imb_cub_0.1/train/American_Redstart/1789.jpg	A bird perches on branch, facing left.
../dataset/datasets/imb_cub_0.1/train/American_Redstart/1793.jpg	A bird perched on branch, head slightly turned.
../dataset/datasets/imb_cub_0.1/train/American_Redstart/1792.jpg	a bird stands on ground, head slightly turned.
../dataset/datasets/imb_cub_0.1/train/American_Redstart/1794.jpg	A bird perches on branch, head slightly tilted.
../dataset/datasets/imb_cub_0.1/train/American_Redstart/1795.jpg	A bird perches on branch, facing right.
../dataset/datasets/imb_cub_0.1/train/American_Redstart/1790.jpg	A bird perched on branch, wings slightly spread.
../dataset/datasets/imb_cub_0.1/train/American_Redstart/1791.jpg	A bird perched on branch, facing left.
../dataset/datasets/imb_cub_0.1/train/American_Redstart/1796.jpg	A bird perched on a branch, facing left.
../dataset/datasets/imb_cub_0.1/train/Geococcyx/1798.jpg	A bird stands on one leg, tail extended.
../dataset/datasets/imb_cub_0.1/train/Geococcyx/1802.jpg	A bird stands with extended tail and slightly bent legs.
../dataset/datasets/imb_cub_0.1/train/Geococcyx/1797.jpg	A bird stands alert, tail fanned out.
../dataset/datasets/imb_cub_0.1/train/Geococcyx/1799.jpg	A bird stands with wings slightly raised, tail fanned out.
../dataset/datasets/imb_cub_0.1/train/Geococcyx/1800.jpg	A bird stands perched on a rock, facing right.
../dataset/datasets/imb_cub_0.1/train/Geococcyx/1801.jpg	A bird stands alert, legs spread, tail extended.
../dataset/datasets/imb_cub_0.1/train/Geococcyx/1803.jpg	A bird is running on the ground.
../dataset/datasets/imb_cub_0.1/train/Geococcyx/1804.jpg	A bird is pecking at a lizard on the ground.
../dataset/datasets/imb_cub_0.1/train/Loggerhead_Shrike/1808.jpg	A bird perches on thorny branch, facing left.
../dataset/datasets/imb_cub_0.1/train/Loggerhead_Shrike/1812.jpg	A bird perches on wire, tail extended.
../dataset/datasets/imb_cub_0.1/train/Loggerhead_Shrike/1807.jpg	A bird perches on wire, facing left.
../dataset/datasets/imb_cub_0.1/train/Loggerhead_Shrike/1805.jpg	A bird perches on barbed wire, facing right.
../dataset/datasets/imb_cub_0.1/train/Loggerhead_Shrike/1810.jpg	A bird perches on barbed wire, facing right.
../dataset/datasets/imb_cub_0.1/train/Loggerhead_Shrike/1809.jpg	A bird perches on a branch, facing left.
../dataset/datasets/imb_cub_0.1/train/Loggerhead_Shrike/1811.jpg	a bird perched on branch, facing right.
../dataset/datasets/imb_cub_0.1/train/Loggerhead_Shrike/1806.jpg	A bird perches on fence, holding worm in beak.
../dataset/datasets/imb_cub_0.1/train/Great_Grey_Shrike/1813.jpg	A bird perches on branch, head slightly tilted.
../dataset/datasets/imb_cub_0.1/train/Great_Grey_Shrike/1816.jpg	A bird perches on branch, facing left.
../dataset/datasets/imb_cub_0.1/train/Great_Grey_Shrike/1814.jpg	A bird perches on a wooden post, facing left.
../dataset/datasets/imb_cub_0.1/train/Great_Grey_Shrike/1818.jpg	A bird perches on branch, head slightly turned.
../dataset/datasets/imb_cub_0.1/train/Great_Grey_Shrike/1817.jpg	A bird perched on plant, facing left.
../dataset/datasets/imb_cub_0.1/train/Great_Grey_Shrike/1819.jpg	A bird perches on branch, head slightly tilted.
../dataset/datasets/imb_cub_0.1/train/Great_Grey_Shrike/1815.jpg	A bird perched on branch, facing forward.
../dataset/datasets/imb_cub_0.1/train/Great_Grey_Shrike/1820.jpg	A bird perches on branch, facing right.
../dataset/datasets/imb_cub_0.1/train/Baird_Sparrow/1827.jpg	A bird stands upright on pebbles, facing left.
../dataset/datasets/imb_cub_0.1/train/Baird_Sparrow/1825.jpg	A bird stands on grass, head slightly turned.
../dataset/datasets/imb_cub_0.1/train/Baird_Sparrow/1826.jpg	A bird perched, head raised, beak open.
../dataset/datasets/imb_cub_0.1/train/Baird_Sparrow/1822.jpg	A bird perches on branch, facing right.
../dataset/datasets/imb_cub_0.1/train/Baird_Sparrow/1828.jpg	A bird perches on branch, facing left.
../dataset/datasets/imb_cub_0.1/train/Baird_Sparrow/1824.jpg	A bird perches on branch, legs spread.
../dataset/datasets/imb_cub_0.1/train/Baird_Sparrow/1821.jpg	A bird perches on grass, facing left.
../dataset/datasets/imb_cub_0.1/train/Baird_Sparrow/1823.jpg	A bird stands alert, perched on grass.
../dataset/datasets/imb_cub_0.1/train/Black_throated_Sparrow/1829.jpg	A bird perched, head slightly tilted.
../dataset/datasets/imb_cub_0.1/train/Black_throated_Sparrow/1831.jpg	A bird perches on branch, facing left.
../dataset/datasets/imb_cub_0.1/train/Black_throated_Sparrow/1834.jpg	A bird perched on branch, head slightly tilted.
../dataset/datasets/imb_cub_0.1/train/Black_throated_Sparrow/1830.jpg	A bird stands on grass, head slightly tilted.
../dataset/datasets/imb_cub_0.1/train/Black_throated_Sparrow/1835.jpg	A bird perched on branch, facing left.
../dataset/datasets/imb_cub_0.1/train/Black_throated_Sparrow/1833.jpg	A bird perches on branch, head slightly tilted.
../dataset/datasets/imb_cub_0.1/train/Black_throated_Sparrow/1832.jpg	A bird stands on bricks, head slightly tilted.
../dataset/datasets/imb_cub_0.1/train/Black_throated_Sparrow/1836.jpg	A bird perches on rock, head slightly tilted.
../dataset/datasets/imb_cub_0.1/train/Brewer_Sparrow/1840.jpg	A bird perches on branch, head slightly tilted.
../dataset/datasets/imb_cub_0.1/train/Brewer_Sparrow/1837.jpg	A bird perches on branch, head slightly tilted.
../dataset/datasets/imb_cub_0.1/train/Brewer_Sparrow/1838.jpg	A bird perches on a stump, facing right.
../dataset/datasets/imb_cub_0.1/train/Brewer_Sparrow/1843.jpg	A bird perched on branch, facing right.
../dataset/datasets/imb_cub_0.1/train/Brewer_Sparrow/1842.jpg	A bird perches on branch, facing right.
../dataset/datasets/imb_cub_0.1/train/Brewer_Sparrow/1839.jpg	A bird perches on branch, facing left.
../dataset/datasets/imb_cub_0.1/train/Brewer_Sparrow/1841.jpg	A bird is standing on ground, tail slightly raised.
../dataset/datasets/imb_cub_0.1/train/Brewer_Sparrow/1844.jpg	A bird perches on branch, facing left.
../dataset/datasets/imb_cub_0.1/train/Chipping_Sparrow/1847.jpg	A bird perches on edge, head slightly turned.
../dataset/datasets/imb_cub_0.1/train/Chipping_Sparrow/1848.jpg	A bird perches on feeder, open beak.
../dataset/datasets/imb_cub_0.1/train/Chipping_Sparrow/1849.jpg	A bird perches on branch, facing right.
../dataset/datasets/imb_cub_0.1/train/Chipping_Sparrow/1850.jpg	A bird stands on ground, head slightly raised.
../dataset/datasets/imb_cub_0.1/train/Chipping_Sparrow/1846.jpg	A bird perches on wooden feeder.
../dataset/datasets/imb_cub_0.1/train/Chipping_Sparrow/1851.jpg	A bird perches on wooden feeder, head slightly tilted.
../dataset/datasets/imb_cub_0.1/train/Chipping_Sparrow/1845.jpg	A bird perches on branch, head slightly tilted.
../dataset/datasets/imb_cub_0.1/train/Clay_colored_Sparrow/1852.jpg	A bird stands on ground, head slightly tilted.
../dataset/datasets/imb_cub_0.1/train/Clay_colored_Sparrow/1853.jpg	A bird perched on branch, facing right.
../dataset/datasets/imb_cub_0.1/train/Clay_colored_Sparrow/1858.jpg	A bird perched, head slightly tilted.
../dataset/datasets/imb_cub_0.1/train/Clay_colored_Sparrow/1856.jpg	A bird perched on branch, facing left.
../dataset/datasets/imb_cub_0.1/train/Clay_colored_Sparrow/1857.jpg	A bird perches on branch, facing right.
../dataset/datasets/imb_cub_0.1/train/Clay_colored_Sparrow/1855.jpg	A bird perches on branch, head slightly tilted.
../dataset/datasets/imb_cub_0.1/train/Clay_colored_Sparrow/1854.jpg	A bird perches on branch, head slightly tilted.
../dataset/datasets/imb_cub_0.1/train/House_Sparrow/1862.jpg	A bird perched on branch, facing right.
../dataset/datasets/imb_cub_0.1/train/House_Sparrow/1863.jpg	A bird perched on branch, facing right.
../dataset/datasets/imb_cub_0.1/train/House_Sparrow/1861.jpg	A bird perches on branch, facing left.
../dataset/datasets/imb_cub_0.1/train/House_Sparrow/1864.jpg	A bird perches on feeder, head slightly tilted.
../dataset/datasets/imb_cub_0.1/train/House_Sparrow/1865.jpg	A bird perches on fence, holding object in beak.
../dataset/datasets/imb_cub_0.1/train/House_Sparrow/1859.jpg	A bird perched on rock, facing right.
../dataset/datasets/imb_cub_0.1/train/House_Sparrow/1860.jpg	A bird perched on tree branch, facing left.
../dataset/datasets/imb_cub_0.1/train/Field_Sparrow/1870.jpg	A bird perched on branch, facing left.
../dataset/datasets/imb_cub_0.1/train/Field_Sparrow/1871.jpg	A bird perches on branch, facing left.
../dataset/datasets/imb_cub_0.1/train/Field_Sparrow/1867.jpg	A bird perches on wood, head slightly tilted.
../dataset/datasets/imb_cub_0.1/train/Field_Sparrow/1866.jpg	A bird perches on branch, facing right.
../dataset/datasets/imb_cub_0.1/train/Field_Sparrow/1869.jpg	A bird perches on barbed wire.
../dataset/datasets/imb_cub_0.1/train/Field_Sparrow/1868.jpg	A bird perches on branch, head slightly turned.
../dataset/datasets/imb_cub_0.1/train/Field_Sparrow/1872.jpg	A bird perches calmly on a branch.
../dataset/datasets/imb_cub_0.1/train/Fox_Sparrow/1877.jpg	A bird perches on mossy rock.
../dataset/datasets/imb_cub_0.1/train/Fox_Sparrow/1879.jpg	A bird perched on branch, facing right.
../dataset/datasets/imb_cub_0.1/train/Fox_Sparrow/1876.jpg	A bird is perched on grass, facing left.
../dataset/datasets/imb_cub_0.1/train/Fox_Sparrow/1874.jpg	A bird stands on snow, head slightly tilted.
../dataset/datasets/imb_cub_0.1/train/Fox_Sparrow/1873.jpg	A bird perched on snow, facing right.
../dataset/datasets/imb_cub_0.1/train/Fox_Sparrow/1878.jpg	A bird perches on branch, facing left.
../dataset/datasets/imb_cub_0.1/train/Fox_Sparrow/1875.jpg	A bird perched on branch, facing left.
../dataset/datasets/imb_cub_0.1/train/Grasshopper_Sparrow/1883.jpg	A bird perches on barbed wire.
../dataset/datasets/imb_cub_0.1/train/Grasshopper_Sparrow/1886.jpg	A bird perched, head slightly raised.
../dataset/datasets/imb_cub_0.1/train/Grasshopper_Sparrow/1880.jpg	A bird perches on branch, facing right.
../dataset/datasets/imb_cub_0.1/train/Grasshopper_Sparrow/1884.jpg	A bird perches on wire, legs spread.
../dataset/datasets/imb_cub_0.1/train/Grasshopper_Sparrow/1885.jpg	A bird perches on branch, facing left.
../dataset/datasets/imb_cub_0.1/train/Grasshopper_Sparrow/1881.jpg	A bird perched on a metal rail.
../dataset/datasets/imb_cub_0.1/train/Grasshopper_Sparrow/1882.jpg	A bird perched on wire, mouth open.
../dataset/datasets/imb_cub_0.1/train/Harris_Sparrow/1893.jpg	A bird perches on branch, facing right.
../dataset/datasets/imb_cub_0.1/train/Harris_Sparrow/1887.jpg	A bird perched on branch, facing right.
../dataset/datasets/imb_cub_0.1/train/Harris_Sparrow/1891.jpg	A bird perches on branch, facing right.
../dataset/datasets/imb_cub_0.1/train/Harris_Sparrow/1890.jpg	A bird perches on branch, facing slightly left.
../dataset/datasets/imb_cub_0.1/train/Harris_Sparrow/1892.jpg	A bird perched on branch, facing left.
../dataset/datasets/imb_cub_0.1/train/Harris_Sparrow/1889.jpg	A bird stands alert on dry ground.
../dataset/datasets/imb_cub_0.1/train/Harris_Sparrow/1888.jpg	a bird stands on ground, head slightly turned.
../dataset/datasets/imb_cub_0.1/train/Henslow_Sparrow/1897.jpg	A bird perches on fence post.
../dataset/datasets/imb_cub_0.1/train/Henslow_Sparrow/1895.jpg	A bird perches on reeds, head slightly tilted.
../dataset/datasets/imb_cub_0.1/train/Henslow_Sparrow/1898.jpg	A bird perches on a twig, facing right.
../dataset/datasets/imb_cub_0.1/train/Henslow_Sparrow/1899.jpg	A bird stands on ground, head slightly tilted.
../dataset/datasets/imb_cub_0.1/train/Henslow_Sparrow/1896.jpg	A bird perches on a plant, head raised, beak open.
../dataset/datasets/imb_cub_0.1/train/Henslow_Sparrow/1900.jpg	A bird perches on branch, head slightly tilted.
../dataset/datasets/imb_cub_0.1/train/Henslow_Sparrow/1894.jpg	A bird perches on branch, facing left.
../dataset/datasets/imb_cub_0.1/train/Le_Conte_Sparrow/1901.jpg	A bird perches on branch, facing left.
../dataset/datasets/imb_cub_0.1/train/Le_Conte_Sparrow/1906.jpg	A bird perches on branch, head slightly turned.
../dataset/datasets/imb_cub_0.1/train/Le_Conte_Sparrow/1907.jpg	A bird perches on branch, facing left.
../dataset/datasets/imb_cub_0.1/train/Le_Conte_Sparrow/1905.jpg	A bird perches on dry grass, facing right.
../dataset/datasets/imb_cub_0.1/train/Le_Conte_Sparrow/1902.jpg	A bird perches on branch, head slightly tilted.
../dataset/datasets/imb_cub_0.1/train/Le_Conte_Sparrow/1904.jpg	A bird perches on plant, facing left.
../dataset/datasets/imb_cub_0.1/train/Le_Conte_Sparrow/1903.jpg	A bird perches on branch, facing right.
../dataset/datasets/imb_cub_0.1/train/Lincoln_Sparrow/1908.jpg	A bird stands on ground, facing left.
../dataset/datasets/imb_cub_0.1/train/Lincoln_Sparrow/1911.jpg	A bird perched on branch, facing left.
../dataset/datasets/imb_cub_0.1/train/Lincoln_Sparrow/1914.jpg	A bird perched, facing right.
../dataset/datasets/imb_cub_0.1/train/Lincoln_Sparrow/1913.jpg	a bird stands on ground, head slightly tilted.
../dataset/datasets/imb_cub_0.1/train/Lincoln_Sparrow/1912.jpg	A bird perches on branch, facing right.
../dataset/datasets/imb_cub_0.1/train/Lincoln_Sparrow/1910.jpg	A bird stands on sunflower seeds, head slightly tilted.
../dataset/datasets/imb_cub_0.1/train/Lincoln_Sparrow/1909.jpg	A bird perched on reeds, facing right.
../dataset/datasets/imb_cub_0.1/train/Nelson_Sharp_tailed_Sparrow/2226.jpg	A bird perches on branch, facing left.
../dataset/datasets/imb_cub_0.1/train/Nelson_Sharp_tailed_Sparrow/2225.jpg	A bird perches on branch, facing left.
../dataset/datasets/imb_cub_0.1/train/Nelson_Sharp_tailed_Sparrow/2227.jpg	A bird perched on branch, facing right.
../dataset/datasets/imb_cub_0.1/train/Savannah_Sparrow/1915.jpg	A bird perches on barbed wire.
../dataset/datasets/imb_cub_0.1/train/Savannah_Sparrow/1920.jpg	A bird stands alert, perched on grass.
../dataset/datasets/imb_cub_0.1/train/Savannah_Sparrow/1921.jpg	A bird perches on plant, holding dandelion.
../dataset/datasets/imb_cub_0.1/train/Savannah_Sparrow/1919.jpg	A bird perches on railing, head slightly tilted.
../dataset/datasets/imb_cub_0.1/train/Savannah_Sparrow/1917.jpg	A bird perches calmly on rock.
../dataset/datasets/imb_cub_0.1/train/Savannah_Sparrow/1916.jpg	A bird perched on branch, facing right.
../dataset/datasets/imb_cub_0.1/train/Savannah_Sparrow/1918.jpg	A bird perches on plant, facing right.
../dataset/datasets/imb_cub_0.1/train/Seaside_Sparrow/1926.jpg	A bird perched on a hand, feet gripping.
../dataset/datasets/imb_cub_0.1/train/Seaside_Sparrow/1928.jpg	A bird perched, beak open.
../dataset/datasets/imb_cub_0.1/train/Seaside_Sparrow/1924.jpg	A bird perches on reeds, legs spread.
../dataset/datasets/imb_cub_0.1/train/Seaside_Sparrow/1922.jpg	A bird perches on reeds, head slightly tilted.
../dataset/datasets/imb_cub_0.1/train/Seaside_Sparrow/1927.jpg	A bird perches on branch, head slightly tilted.
../dataset/datasets/imb_cub_0.1/train/Seaside_Sparrow/1923.jpg	A bird perches on branch, facing left.
../dataset/datasets/imb_cub_0.1/train/Seaside_Sparrow/1925.jpg	A bird perches on branch, holding insect in beak.
../dataset/datasets/imb_cub_0.1/train/Song_Sparrow/1929.jpg	A bird perched, head raised, beak open.
../dataset/datasets/imb_cub_0.1/train/Song_Sparrow/1932.jpg	A bird perches on snowy branch, head slightly tilted.
../dataset/datasets/imb_cub_0.1/train/Song_Sparrow/1930.jpg	A bird perched, open beak, alert stance.
../dataset/datasets/imb_cub_0.1/train/Song_Sparrow/1933.jpg	A bird stands on gravel, head slightly tilted.
../dataset/datasets/imb_cub_0.1/train/Song_Sparrow/1931.jpg	A bird perched on branch, facing right.
../dataset/datasets/imb_cub_0.1/train/Song_Sparrow/1934.jpg	A bird perched on a post, facing left.
../dataset/datasets/imb_cub_0.1/train/Tree_Sparrow/1939.jpg	A bird perches on rock, head slightly tilted.
../dataset/datasets/imb_cub_0.1/train/Tree_Sparrow/1936.jpg	A bird perches on branch, tail extended.
../dataset/datasets/imb_cub_0.1/train/Tree_Sparrow/1937.jpg	A bird perched on branch, facing left.
../dataset/datasets/imb_cub_0.1/train/Tree_Sparrow/1935.jpg	A bird perches on branch, head slightly tilted.
../dataset/datasets/imb_cub_0.1/train/Tree_Sparrow/1938.jpg	A bird perches on edge, head slightly tilted.
../dataset/datasets/imb_cub_0.1/train/Tree_Sparrow/1940.jpg	A bird perched on branch, facing right.
../dataset/datasets/imb_cub_0.1/train/Vesper_Sparrow/1946.jpg	A bird perched on rock, facing left.
../dataset/datasets/imb_cub_0.1/train/Vesper_Sparrow/1941.jpg	A bird perches on wood, facing left.
../dataset/datasets/imb_cub_0.1/train/Vesper_Sparrow/1943.jpg	A bird perches on branch, facing right.
../dataset/datasets/imb_cub_0.1/train/Vesper_Sparrow/1942.jpg	A bird stands on ground, head slightly tilted.
../dataset/datasets/imb_cub_0.1/train/Vesper_Sparrow/1945.jpg	A bird perches on a twig, facing forward.
../dataset/datasets/imb_cub_0.1/train/Vesper_Sparrow/1944.jpg	A bird perches on a branch, facing right.
../dataset/datasets/imb_cub_0.1/train/White_crowned_Sparrow/1952.jpg	A bird perches on log, holding insect in beak.
../dataset/datasets/imb_cub_0.1/train/White_crowned_Sparrow/1951.jpg	A bird perches calmly on dried plant.
../dataset/datasets/imb_cub_0.1/train/White_crowned_Sparrow/1947.jpg	A bird perches on branch, facing forward.
../dataset/datasets/imb_cub_0.1/train/White_crowned_Sparrow/1950.jpg	A bird stands on sand, head slightly tilted.
../dataset/datasets/imb_cub_0.1/train/White_crowned_Sparrow/1949.jpg	A bird perches on edge of water trough.
../dataset/datasets/imb_cub_0.1/train/White_crowned_Sparrow/1948.jpg	A bird perched on branch, facing right.
../dataset/datasets/imb_cub_0.1/train/White_throated_Sparrow/1953.jpg	A bird stands on ground, facing right.
../dataset/datasets/imb_cub_0.1/train/White_throated_Sparrow/1954.jpg	A bird perches on a branch, facing left.
../dataset/datasets/imb_cub_0.1/train/White_throated_Sparrow/1957.jpg	A bird stands on ground, head slightly tilted.
../dataset/datasets/imb_cub_0.1/train/White_throated_Sparrow/1955.jpg	A bird perches on branch, facing right.
../dataset/datasets/imb_cub_0.1/train/White_throated_Sparrow/1958.jpg	A bird perched on branch, facing left.
../dataset/datasets/imb_cub_0.1/train/White_throated_Sparrow/1956.jpg	A bird perches on branch.
../dataset/datasets/imb_cub_0.1/train/Cape_Glossy_Starling/1963.jpg	A bird perches on branch, head slightly tilted.
../dataset/datasets/imb_cub_0.1/train/Cape_Glossy_Starling/1964.jpg	A bird perched on branch, facing right.
../dataset/datasets/imb_cub_0.1/train/Cape_Glossy_Starling/1960.jpg	A bird perches on branch, head slightly turned.
../dataset/datasets/imb_cub_0.1/train/Cape_Glossy_Starling/1961.jpg	A bird perches on branch, head slightly tilted.
../dataset/datasets/imb_cub_0.1/train/Cape_Glossy_Starling/1962.jpg	A bird perched, head turned.
../dataset/datasets/imb_cub_0.1/train/Cape_Glossy_Starling/1959.jpg	A bird perches on tree trunk, head slightly tilted.
../dataset/datasets/imb_cub_0.1/train/Bank_Swallow/2229.jpg	A bird perches on wooden structure, head turned.
../dataset/datasets/imb_cub_0.1/train/Bank_Swallow/2228.jpg	A bird perched on rock, wings slightly spread.
../dataset/datasets/imb_cub_0.1/train/Bank_Swallow/2230.jpg	A bird perches on wooden structure.
../dataset/datasets/imb_cub_0.1/train/Barn_Swallow/1966.jpg	A bird perches on wire fence.
../dataset/datasets/imb_cub_0.1/train/Barn_Swallow/1969.jpg	A bird perches calmly on wood.
../dataset/datasets/imb_cub_0.1/train/Barn_Swallow/1968.jpg	A bird perched, facing left.
../dataset/datasets/imb_cub_0.1/train/Barn_Swallow/1965.jpg	A bird perches on a chain, facing left.
../dataset/datasets/imb_cub_0.1/train/Barn_Swallow/1967.jpg	A bird perches on a pole, tail extended.
../dataset/datasets/imb_cub_0.1/train/Barn_Swallow/1970.jpg	A bird perches on branch, head slightly tilted.
../dataset/datasets/imb_cub_0.1/train/Cliff_Swallow/1976.jpg	A bird perched on a branch, facing right.
../dataset/datasets/imb_cub_0.1/train/Cliff_Swallow/1974.jpg	A bird perches on nest material, head tilted slightly.
../dataset/datasets/imb_cub_0.1/train/Cliff_Swallow/1973.jpg	A bird perches on barbed wire, head slightly tilted.
../dataset/datasets/imb_cub_0.1/train/Cliff_Swallow/1975.jpg	A bird perched on wire, head slightly tilted.
../dataset/datasets/imb_cub_0.1/train/Cliff_Swallow/1972.jpg	A bird perched on branch, facing right.
../dataset/datasets/imb_cub_0.1/train/Cliff_Swallow/1971.jpg	A bird perches on barbed wire, wings slightly spread.
../dataset/datasets/imb_cub_0.1/train/Tree_Swallow/1981.jpg	A bird perches on a pole, facing forward.
../dataset/datasets/imb_cub_0.1/train/Tree_Swallow/1982.jpg	A bird perched on a stick, facing left.
../dataset/datasets/imb_cub_0.1/train/Tree_Swallow/1977.jpg	A bird perches on red post, head slightly tilted.
../dataset/datasets/imb_cub_0.1/train/Tree_Swallow/1980.jpg	A bird spreads its wings while perched on a hand.
../dataset/datasets/imb_cub_0.1/train/Tree_Swallow/1979.jpg	A bird perches on a pipe, facing left.
../dataset/datasets/imb_cub_0.1/train/Tree_Swallow/1978.jpg	A bird perches on branch, facing right.
../dataset/datasets/imb_cub_0.1/train/Scarlet_Tanager/1988.jpg	A bird perched on rock, head slightly tilted.
../dataset/datasets/imb_cub_0.1/train/Scarlet_Tanager/1984.jpg	A bird perched on branch, facing right.
../dataset/datasets/imb_cub_0.1/train/Scarlet_Tanager/1986.jpg	A bird perched on branch, head slightly tilted.
../dataset/datasets/imb_cub_0.1/train/Scarlet_Tanager/1987.jpg	A bird perches on branch, facing right.
../dataset/datasets/imb_cub_0.1/train/Scarlet_Tanager/1983.jpg	A bird perched on a branch, facing left.
../dataset/datasets/imb_cub_0.1/train/Scarlet_Tanager/1985.jpg	A bird perched on branch, open beak.
../dataset/datasets/imb_cub_0.1/train/Summer_Tanager/1990.jpg	A bird perched on branch, head slightly tilted.
../dataset/datasets/imb_cub_0.1/train/Summer_Tanager/1992.jpg	A bird perches on feeder, head slightly tilted.
../dataset/datasets/imb_cub_0.1/train/Summer_Tanager/1994.jpg	A bird perches on branch, facing right.
../dataset/datasets/imb_cub_0.1/train/Summer_Tanager/1989.jpg	A bird perched on rock.
../dataset/datasets/imb_cub_0.1/train/Summer_Tanager/1993.jpg	A bird perched on branch, facing left.
../dataset/datasets/imb_cub_0.1/train/Summer_Tanager/1991.jpg	A bird perches on branch, facing left.
../dataset/datasets/imb_cub_0.1/train/Artic_Tern/2231.jpg	A bird soars with wings spread wide, beak open.
../dataset/datasets/imb_cub_0.1/train/Artic_Tern/2232.jpg	A bird perches on rock, holding fish in beak.
../dataset/datasets/imb_cub_0.1/train/Artic_Tern/2233.jpg	A bird perches on rock, holding fish in beak.
../dataset/datasets/imb_cub_0.1/train/Black_Tern/1997.jpg	A bird perches on a post, head slightly tilted.
../dataset/datasets/imb_cub_0.1/train/Black_Tern/1999.jpg	A bird perches on wood, facing right.
../dataset/datasets/imb_cub_0.1/train/Black_Tern/1995.jpg	A bird spreads wings, perched on post.
../dataset/datasets/imb_cub_0.1/train/Black_Tern/2000.jpg	A bird perches on post, head slightly tilted.
../dataset/datasets/imb_cub_0.1/train/Black_Tern/1996.jpg	A bird soars with wings spread wide, head tilted down.
../dataset/datasets/imb_cub_0.1/train/Black_Tern/1998.jpg	A bird soars with wings spread wide.
../dataset/datasets/imb_cub_0.1/train/Caspian_Tern/2003.jpg	A bird soars with wings spread wide.
../dataset/datasets/imb_cub_0.1/train/Caspian_Tern/2001.jpg	A bird soars gracefully with wings spread wide.
../dataset/datasets/imb_cub_0.1/train/Caspian_Tern/2004.jpg	A bird soars with wings spread wide.
../dataset/datasets/imb_cub_0.1/train/Caspian_Tern/2002.jpg	A bird stands upright on gravel, facing right.
../dataset/datasets/imb_cub_0.1/train/Caspian_Tern/2005.jpg	A bird stands on one leg, head turned.
../dataset/datasets/imb_cub_0.1/train/Caspian_Tern/2006.jpg	A bird stands with open beak, head tilted back.
../dataset/datasets/imb_cub_0.1/train/Common_Tern/2011.jpg	A bird is flying with wings spread and tail feathers trailing.
../dataset/datasets/imb_cub_0.1/train/Common_Tern/2007.jpg	A bird stands on sand, head slightly tilted.
../dataset/datasets/imb_cub_0.1/train/Common_Tern/2008.jpg	A bird spreads wings, poised above rock.
../dataset/datasets/imb_cub_0.1/train/Common_Tern/2009.jpg	A bird is flying with wings spread and tail fanned.
../dataset/datasets/imb_cub_0.1/train/Common_Tern/2010.jpg	A bird soars with wings spread wide.
../dataset/datasets/imb_cub_0.1/train/Elegant_Tern/2015.jpg	A bird perches upright on a post.
../dataset/datasets/imb_cub_0.1/train/Elegant_Tern/2013.jpg	A bird soars with wings spread wide.
../dataset/datasets/imb_cub_0.1/train/Elegant_Tern/2012.jpg	A bird soars with wings spread wide.
../dataset/datasets/imb_cub_0.1/train/Elegant_Tern/2014.jpg	A bird stands on ground, head slightly tilted.
../dataset/datasets/imb_cub_0.1/train/Elegant_Tern/2016.jpg	A bird soars with open beak, holding prey.
../dataset/datasets/imb_cub_0.1/train/Forsters_Tern/2020.jpg	A bird stands with wings slightly raised, poised on water.
../dataset/datasets/imb_cub_0.1/train/Forsters_Tern/2019.jpg	A bird perched, held gently.
../dataset/datasets/imb_cub_0.1/train/Forsters_Tern/2018.jpg	A bird soars with outstretched wings.
../dataset/datasets/imb_cub_0.1/train/Forsters_Tern/2017.jpg	A bird stands on sandy ground, legs spread apart.
../dataset/datasets/imb_cub_0.1/train/Forsters_Tern/2021.jpg	A bird soars gracefully with wings spread wide.
../dataset/datasets/imb_cub_0.1/train/Least_Tern/2026.jpg	A bird is preening on sandy ground.
../dataset/datasets/imb_cub_0.1/train/Least_Tern/2025.jpg	A bird stands on sandy ground, head slightly tilted.
../dataset/datasets/imb_cub_0.1/train/Least_Tern/2023.jpg	A bird stands on one leg, head slightly tilted.
../dataset/datasets/imb_cub_0.1/train/Least_Tern/2022.jpg	A bird stands on sand, head slightly tilted.
../dataset/datasets/imb_cub_0.1/train/Least_Tern/2024.jpg	A bird soars with wings spread wide.
../dataset/datasets/imb_cub_0.1/train/Green_tailed_Towhee/2028.jpg	A bird stands on ground, head slightly tilted.
../dataset/datasets/imb_cub_0.1/train/Green_tailed_Towhee/2029.jpg	A bird stands on ground, head slightly tilted.
../dataset/datasets/imb_cub_0.1/train/Green_tailed_Towhee/2031.jpg	a bird stands on ground, head slightly tilted.
../dataset/datasets/imb_cub_0.1/train/Green_tailed_Towhee/2030.jpg	A bird perched on branch, facing left.
../dataset/datasets/imb_cub_0.1/train/Green_tailed_Towhee/2027.jpg	A bird stands on one leg, beak open.
../dataset/datasets/imb_cub_0.1/train/Brown_Thrasher/2035.jpg	a bird stands on ground, head slightly lowered.
../dataset/datasets/imb_cub_0.1/train/Brown_Thrasher/2033.jpg	A bird perches on a metal railing, facing right.
../dataset/datasets/imb_cub_0.1/train/Brown_Thrasher/2034.jpg	A bird perches on branch, head turned slightly.
../dataset/datasets/imb_cub_0.1/train/Brown_Thrasher/2036.jpg	A bird perches on branch, head slightly tilted.
../dataset/datasets/imb_cub_0.1/train/Brown_Thrasher/2032.jpg	A bird perches on branch, head slightly tilted.
../dataset/datasets/imb_cub_0.1/train/Sage_Thrasher/2041.jpg	A bird perched on tree branch, facing right.
../dataset/datasets/imb_cub_0.1/train/Sage_Thrasher/2037.jpg	A bird stands alert, head slightly tilted.
../dataset/datasets/imb_cub_0.1/train/Sage_Thrasher/2039.jpg	A bird perches on rock, head slightly turned.
../dataset/datasets/imb_cub_0.1/train/Sage_Thrasher/2040.jpg	A bird perches on branch, head slightly tilted.
../dataset/datasets/imb_cub_0.1/train/Sage_Thrasher/2038.jpg	A bird perches on plant, head turned slightly.
../dataset/datasets/imb_cub_0.1/train/Black_capped_Vireo/2046.jpg	A bird perched on branch, facing left.
../dataset/datasets/imb_cub_0.1/train/Black_capped_Vireo/2045.jpg	A bird perched, head slightly tilted.
../dataset/datasets/imb_cub_0.1/train/Black_capped_Vireo/2043.jpg	A bird perched, head tilted back, beak open.
../dataset/datasets/imb_cub_0.1/train/Black_capped_Vireo/2044.jpg	A bird perched on branch, head slightly turned.
../dataset/datasets/imb_cub_0.1/train/Black_capped_Vireo/2042.jpg	A bird perched on branch, facing left.
../dataset/datasets/imb_cub_0.1/train/Blue_headed_Vireo/2048.jpg	a bird perched on branch, head turned slightly.
../dataset/datasets/imb_cub_0.1/train/Blue_headed_Vireo/2049.jpg	A bird perched on hand, head slightly tilted.
../dataset/datasets/imb_cub_0.1/train/Blue_headed_Vireo/2050.jpg	a bird perched on branch.
../dataset/datasets/imb_cub_0.1/train/Blue_headed_Vireo/2051.jpg	A bird perched on branch, facing left.
../dataset/datasets/imb_cub_0.1/train/Blue_headed_Vireo/2047.jpg	A bird perches on branch, facing right.
../dataset/datasets/imb_cub_0.1/train/Philadelphia_Vireo/2054.jpg	A bird perches on branch, facing left.
../dataset/datasets/imb_cub_0.1/train/Philadelphia_Vireo/2056.jpg	a bird perched on branch, facing right.
../dataset/datasets/imb_cub_0.1/train/Philadelphia_Vireo/2055.jpg	A bird perched on branch, facing left.
../dataset/datasets/imb_cub_0.1/train/Philadelphia_Vireo/2053.jpg	A bird perched on branch, facing right.
../dataset/datasets/imb_cub_0.1/train/Philadelphia_Vireo/2052.jpg	a bird perched on branch, facing forward.
../dataset/datasets/imb_cub_0.1/train/Red_eyed_Vireo/2057.jpg	A bird perched on branch, facing right.
../dataset/datasets/imb_cub_0.1/train/Red_eyed_Vireo/2061.jpg	a bird perched on branch, facing left.
../dataset/datasets/imb_cub_0.1/train/Red_eyed_Vireo/2058.jpg	A bird perched on branch, head slightly tilted.
../dataset/datasets/imb_cub_0.1/train/Red_eyed_Vireo/2060.jpg	a bird perched on branch, facing left.
../dataset/datasets/imb_cub_0.1/train/Red_eyed_Vireo/2059.jpg	A bird perched on branch.
../dataset/datasets/imb_cub_0.1/train/Warbling_Vireo/2063.jpg	A bird perched on branch, head slightly tilted.
../dataset/datasets/imb_cub_0.1/train/Warbling_Vireo/2065.jpg	A bird perches on a branch, facing right.
../dataset/datasets/imb_cub_0.1/train/Warbling_Vireo/2066.jpg	A bird perches on branch, head slightly tilted.
../dataset/datasets/imb_cub_0.1/train/Warbling_Vireo/2064.jpg	a bird perched on branch, facing right.
../dataset/datasets/imb_cub_0.1/train/Warbling_Vireo/2062.jpg	A bird perched on branch, mouth open.
../dataset/datasets/imb_cub_0.1/train/White_eyed_Vireo/2070.jpg	A bird perches on branch, head slightly tilted.
../dataset/datasets/imb_cub_0.1/train/White_eyed_Vireo/2067.jpg	A bird perches on branch, head slightly tilted.
../dataset/datasets/imb_cub_0.1/train/White_eyed_Vireo/2069.jpg	A bird perched on branch, facing right.
../dataset/datasets/imb_cub_0.1/train/White_eyed_Vireo/2068.jpg	A bird perches on branch, head slightly tilted.
../dataset/datasets/imb_cub_0.1/train/White_eyed_Vireo/2071.jpg	a bird perched on branch, facing right.
../dataset/datasets/imb_cub_0.1/train/Yellow_throated_Vireo/2073.jpg	a bird stands on ground, head slightly tilted.
../dataset/datasets/imb_cub_0.1/train/Yellow_throated_Vireo/2074.jpg	A bird perches on branch, facing right.
../dataset/datasets/imb_cub_0.1/train/Yellow_throated_Vireo/2076.jpg	A bird perches on branch, facing right.
../dataset/datasets/imb_cub_0.1/train/Yellow_throated_Vireo/2072.jpg	A bird perched on branch, head slightly tilted.
../dataset/datasets/imb_cub_0.1/train/Yellow_throated_Vireo/2075.jpg	A bird perches on branch, facing left.
../dataset/datasets/imb_cub_0.1/train/Bay_breasted_Warbler/2077.jpg	A bird perched on branch, head tilted upward.
../dataset/datasets/imb_cub_0.1/train/Bay_breasted_Warbler/2079.jpg	A bird perches on branch, facing left.
../dataset/datasets/imb_cub_0.1/train/Bay_breasted_Warbler/2080.jpg	A bird perches on branch, facing right.
../dataset/datasets/imb_cub_0.1/train/Bay_breasted_Warbler/2078.jpg	A bird perched on branch, facing left.
../dataset/datasets/imb_cub_0.1/train/Bay_breasted_Warbler/2081.jpg	A bird perches on branch, wings slightly spread.
../dataset/datasets/imb_cub_0.1/train/Black_and_white_Warbler/2085.jpg	A bird perches on branch, head tilted upward.
../dataset/datasets/imb_cub_0.1/train/Black_and_white_Warbler/2084.jpg	A bird perched on branch, head turned slightly.
../dataset/datasets/imb_cub_0.1/train/Black_and_white_Warbler/2082.jpg	A bird perched on a hand, facing left.
../dataset/datasets/imb_cub_0.1/train/Black_and_white_Warbler/2083.jpg	A bird perches on tree trunk, head slightly tilted.
../dataset/datasets/imb_cub_0.1/train/Black_throated_Blue_Warbler/2086.jpg	A bird perches on branch, head slightly tilted.
../dataset/datasets/imb_cub_0.1/train/Black_throated_Blue_Warbler/2088.jpg	A bird perches on branch, head slightly tilted.
../dataset/datasets/imb_cub_0.1/train/Black_throated_Blue_Warbler/2087.jpg	A bird perches on branch, facing right.
../dataset/datasets/imb_cub_0.1/train/Black_throated_Blue_Warbler/2089.jpg	A bird perches on branch, head slightly tilted.
../dataset/datasets/imb_cub_0.1/train/Blue_winged_Warbler/2090.jpg	A bird perched on branch, facing left.
../dataset/datasets/imb_cub_0.1/train/Blue_winged_Warbler/2091.jpg	A bird perched on branch, facing right.
../dataset/datasets/imb_cub_0.1/train/Blue_winged_Warbler/2093.jpg	A bird perched on branch, facing left.
../dataset/datasets/imb_cub_0.1/train/Blue_winged_Warbler/2092.jpg	A bird perches on mossy surface, head slightly tilted.
../dataset/datasets/imb_cub_0.1/train/Canada_Warbler/2097.jpg	A bird perches on branch, facing left.
../dataset/datasets/imb_cub_0.1/train/Canada_Warbler/2095.jpg	A bird is perched, facing left.
../dataset/datasets/imb_cub_0.1/train/Canada_Warbler/2096.jpg	A bird perches on branch, facing right.
../dataset/datasets/imb_cub_0.1/train/Canada_Warbler/2094.jpg	A bird perched on branch, head tilted upward.
../dataset/datasets/imb_cub_0.1/train/Cape_May_Warbler/2101.jpg	A bird perched on branch.
../dataset/datasets/imb_cub_0.1/train/Cape_May_Warbler/2100.jpg	A bird stands on snowy ground, head slightly tilted.
../dataset/datasets/imb_cub_0.1/train/Cape_May_Warbler/2099.jpg	A bird perches on branch, head slightly tilted.
../dataset/datasets/imb_cub_0.1/train/Cape_May_Warbler/2098.jpg	A bird perched on branch, facing right.
../dataset/datasets/imb_cub_0.1/train/Cerulean_Warbler/2105.jpg	A bird perched on branch, facing left.
../dataset/datasets/imb_cub_0.1/train/Cerulean_Warbler/2103.jpg	A bird perched on branch, head slightly turned.
../dataset/datasets/imb_cub_0.1/train/Cerulean_Warbler/2102.jpg	A bird stands on one leg, head slightly tilted.
../dataset/datasets/imb_cub_0.1/train/Cerulean_Warbler/2104.jpg	A bird perched on a hand, facing right.
../dataset/datasets/imb_cub_0.1/train/Chestnut_sided_Warbler/2108.jpg	A bird perches on a branch, facing left.
../dataset/datasets/imb_cub_0.1/train/Chestnut_sided_Warbler/2109.jpg	A bird perches on a branch.
../dataset/datasets/imb_cub_0.1/train/Chestnut_sided_Warbler/2106.jpg	A bird perches on branch, head slightly tilted.
../dataset/datasets/imb_cub_0.1/train/Chestnut_sided_Warbler/2107.jpg	A bird perches on branch, head turned slightly.
../dataset/datasets/imb_cub_0.1/train/Golden_winged_Warbler/2112.jpg	A bird perches on branch, head raised.
../dataset/datasets/imb_cub_0.1/train/Golden_winged_Warbler/2113.jpg	A bird perches on branch, head slightly tilted.
../dataset/datasets/imb_cub_0.1/train/Golden_winged_Warbler/2110.jpg	A bird perches on branch, head slightly tilted.
../dataset/datasets/imb_cub_0.1/train/Golden_winged_Warbler/2111.jpg	A bird perches on branch, head slightly tilted.
../dataset/datasets/imb_cub_0.1/train/Hooded_Warbler/2115.jpg	A bird perches on branch, head slightly tilted.
../dataset/datasets/imb_cub_0.1/train/Hooded_Warbler/2117.jpg	A bird perches on branch, head slightly tilted.
../dataset/datasets/imb_cub_0.1/train/Hooded_Warbler/2116.jpg	A bird perches on branch, head slightly tilted.
../dataset/datasets/imb_cub_0.1/train/Hooded_Warbler/2114.jpg	A bird perches on branch, head slightly tilted.
../dataset/datasets/imb_cub_0.1/train/Kentucky_Warbler/2120.jpg	A bird perched on a hand, facing right.
../dataset/datasets/imb_cub_0.1/train/Kentucky_Warbler/2119.jpg	A bird perches on branch, head slightly tilted.
../dataset/datasets/imb_cub_0.1/train/Kentucky_Warbler/2121.jpg	A bird perches on branch, facing left.
../dataset/datasets/imb_cub_0.1/train/Kentucky_Warbler/2118.jpg	A bird perches on branch, head tilted upward.
../dataset/datasets/imb_cub_0.1/train/Magnolia_Warbler/2125.jpg	A bird stands on ground, head slightly tilted.
../dataset/datasets/imb_cub_0.1/train/Magnolia_Warbler/2123.jpg	A bird perched on branch, head tilted upward.
../dataset/datasets/imb_cub_0.1/train/Magnolia_Warbler/2122.jpg	A bird perched on branch, facing right.
../dataset/datasets/imb_cub_0.1/train/Magnolia_Warbler/2124.jpg	A bird perched on branch, facing right.
../dataset/datasets/imb_cub_0.1/train/Mourning_Warbler/2129.jpg	A bird perched, mouth open.
../dataset/datasets/imb_cub_0.1/train/Mourning_Warbler/2126.jpg	A bird perches on branch, facing left.
../dataset/datasets/imb_cub_0.1/train/Mourning_Warbler/2127.jpg	A bird perched on a hand, facing right.
../dataset/datasets/imb_cub_0.1/train/Mourning_Warbler/2128.jpg	A bird perched on branch, facing right.
../dataset/datasets/imb_cub_0.1/train/Myrtle_Warbler/2130.jpg	A bird perched on branch, head slightly tilted.
../dataset/datasets/imb_cub_0.1/train/Myrtle_Warbler/2131.jpg	A bird perches on a branch, facing right.
../dataset/datasets/imb_cub_0.1/train/Myrtle_Warbler/2133.jpg	A bird perched on branch, facing right.
../dataset/datasets/imb_cub_0.1/train/Myrtle_Warbler/2132.jpg	A bird perched on branch, facing right.
../dataset/datasets/imb_cub_0.1/train/Nashville_Warbler/2136.jpg	a bird perched on branch, facing right.
../dataset/datasets/imb_cub_0.1/train/Nashville_Warbler/2135.jpg	A bird perches on orange slice, head tilted down.
../dataset/datasets/imb_cub_0.1/train/Nashville_Warbler/2134.jpg	A bird perched on a hand.
../dataset/datasets/imb_cub_0.1/train/Nashville_Warbler/2137.jpg	A bird perches on branch, head slightly tilted.
../dataset/datasets/imb_cub_0.1/train/Orange_crowned_Warbler/2139.jpg	a bird perched on branch.
../dataset/datasets/imb_cub_0.1/train/Orange_crowned_Warbler/2140.jpg	A bird perches on a branch, facing right.
../dataset/datasets/imb_cub_0.1/train/Orange_crowned_Warbler/2138.jpg	A bird perched on branch, facing right.
../dataset/datasets/imb_cub_0.1/train/Orange_crowned_Warbler/2141.jpg	A bird perches on a branch, facing left.
../dataset/datasets/imb_cub_0.1/train/Palm_Warbler/2143.jpg	A bird perches on branch, head slightly tilted.
../dataset/datasets/imb_cub_0.1/train/Palm_Warbler/2142.jpg	A bird perches on branch, head slightly tilted.
../dataset/datasets/imb_cub_0.1/train/Palm_Warbler/2145.jpg	A bird perches on rock, head slightly tilted.
../dataset/datasets/imb_cub_0.1/train/Palm_Warbler/2144.jpg	A bird perched on branch, facing right.
../dataset/datasets/imb_cub_0.1/train/Pine_Warbler/2147.jpg	A bird perched on a pine branch, facing right.
../dataset/datasets/imb_cub_0.1/train/Pine_Warbler/2148.jpg	A bird perched on branch, head slightly turned.
../dataset/datasets/imb_cub_0.1/train/Pine_Warbler/2149.jpg	A bird perched on branch, facing left.
../dataset/datasets/imb_cub_0.1/train/Pine_Warbler/2146.jpg	A bird perches on branch, head slightly tilted.
../dataset/datasets/imb_cub_0.1/train/Prairie_Warbler/2152.jpg	A bird perches on branch, facing left.
../dataset/datasets/imb_cub_0.1/train/Prairie_Warbler/2150.jpg	A bird perches on leaf, head slightly tilted.
../dataset/datasets/imb_cub_0.1/train/Prairie_Warbler/2153.jpg	A bird perches on branch, head slightly tilted.
../dataset/datasets/imb_cub_0.1/train/Prairie_Warbler/2151.jpg	A bird perches on branch, head slightly tilted.
../dataset/datasets/imb_cub_0.1/train/Prothonotary_Warbler/2156.jpg	A bird perched on a stump, facing left.
../dataset/datasets/imb_cub_0.1/train/Prothonotary_Warbler/2157.jpg	A bird perches on edge, head slightly tilted.
../dataset/datasets/imb_cub_0.1/train/Prothonotary_Warbler/2154.jpg	A bird perched on branch, facing left.
../dataset/datasets/imb_cub_0.1/train/Prothonotary_Warbler/2155.jpg	A bird perches on branch, wings slightly spread.
../dataset/datasets/imb_cub_0.1/train/Swainson_Warbler/2160.jpg	a bird perched on branch, facing right.
../dataset/datasets/imb_cub_0.1/train/Swainson_Warbler/2159.jpg	A bird perches on branch, head slightly tilted.
../dataset/datasets/imb_cub_0.1/train/Swainson_Warbler/2161.jpg	A bird stands on dry leaves, slightly hunched.
../dataset/datasets/imb_cub_0.1/train/Swainson_Warbler/2158.jpg	a bird stands on dry leaves, slightly tilted forward.
../dataset/datasets/imb_cub_0.1/train/Tennessee_Warbler/2163.jpg	A bird perches on branch, head slightly tilted.
../dataset/datasets/imb_cub_0.1/train/Tennessee_Warbler/2162.jpg	A bird perched on branch, facing left.
../dataset/datasets/imb_cub_0.1/train/Tennessee_Warbler/2164.jpg	A bird perched on branch, facing left.
../dataset/datasets/imb_cub_0.1/train/Wilson_Warbler/2166.jpg	A bird perches on branch, head slightly tilted.
../dataset/datasets/imb_cub_0.1/train/Wilson_Warbler/2165.jpg	A bird perched on branch, head slightly tilted.
../dataset/datasets/imb_cub_0.1/train/Wilson_Warbler/2167.jpg	A bird perches on branch, head slightly tilted.
../dataset/datasets/imb_cub_0.1/train/Worm_eating_Warbler/2170.jpg	A bird perched on a hand, facing right.
../dataset/datasets/imb_cub_0.1/train/Worm_eating_Warbler/2169.jpg	A bird perched on branch, facing left.
../dataset/datasets/imb_cub_0.1/train/Worm_eating_Warbler/2168.jpg	A bird perches on leaves, facing left.
../dataset/datasets/imb_cub_0.1/train/Yellow_Warbler/2171.jpg	A bird perched, head tilted back, beak open.
../dataset/datasets/imb_cub_0.1/train/Yellow_Warbler/2173.jpg	A bird perches on branch, facing right.
../dataset/datasets/imb_cub_0.1/train/Yellow_Warbler/2172.jpg	A bird perched on rock, facing left.
../dataset/datasets/imb_cub_0.1/train/Northern_Waterthrush/2174.jpg	A bird perches on branch, head slightly tilted.
../dataset/datasets/imb_cub_0.1/train/Northern_Waterthrush/2175.jpg	A bird stands on a log, head turned slightly.
../dataset/datasets/imb_cub_0.1/train/Northern_Waterthrush/2176.jpg	A bird stands on a log, facing right.
../dataset/datasets/imb_cub_0.1/train/Louisiana_Waterthrush/2179.jpg	A bird perches on branch, head slightly tilted.
../dataset/datasets/imb_cub_0.1/train/Louisiana_Waterthrush/2178.jpg	A bird stands on rocks, head slightly tilted.
../dataset/datasets/imb_cub_0.1/train/Louisiana_Waterthrush/2177.jpg	a bird perched on dried leaves, head slightly tilted.
../dataset/datasets/imb_cub_0.1/train/Bohemian_Waxwing/2181.jpg	A bird perches on branch, facing left.
../dataset/datasets/imb_cub_0.1/train/Bohemian_Waxwing/2182.jpg	A bird perches on branch, head raised.
../dataset/datasets/imb_cub_0.1/train/Bohemian_Waxwing/2180.jpg	A bird perches on branch, head slightly tilted.
../dataset/datasets/imb_cub_0.1/train/Cedar_Waxwing/2183.jpg	A bird perches on a branch, facing right.
../dataset/datasets/imb_cub_0.1/train/Cedar_Waxwing/2185.jpg	A bird perched on branch, facing left.
../dataset/datasets/imb_cub_0.1/train/Cedar_Waxwing/2184.jpg	A bird perched on branch, facing left.
../dataset/datasets/imb_cub_0.1/train/American_Three_toed_Woodpecker/2188.jpg	A bird perches on tree trunk, head slightly tilted.
../dataset/datasets/imb_cub_0.1/train/American_Three_toed_Woodpecker/2186.jpg	A bird perches on tree trunk, head slightly tilted.
../dataset/datasets/imb_cub_0.1/train/American_Three_toed_Woodpecker/2187.jpg	A bird perches on tree trunk, head turned.
../dataset/datasets/imb_cub_0.1/train/Pileated_Woodpecker/2190.jpg	A bird perches on tree trunk, head slightly tilted.
../dataset/datasets/imb_cub_0.1/train/Pileated_Woodpecker/2189.jpg	A bird perches on wood, head slightly tilted.
../dataset/datasets/imb_cub_0.1/train/Pileated_Woodpecker/2191.jpg	A bird perches on tree trunk, head slightly tilted.
../dataset/datasets/imb_cub_0.1/train/Red_bellied_Woodpecker/2193.jpg	A bird perches on tree trunk, pecking.
../dataset/datasets/imb_cub_0.1/train/Red_bellied_Woodpecker/2194.jpg	A bird perches on feeder, head tilted upward.
../dataset/datasets/imb_cub_0.1/train/Red_bellied_Woodpecker/2192.jpg	A bird stands on ground, head slightly tilted.
../dataset/datasets/imb_cub_0.1/train/Red_cockaded_Woodpecker/2234.jpg	A bird perches on tree trunk, beak near hole.
../dataset/datasets/imb_cub_0.1/train/Red_cockaded_Woodpecker/2235.jpg	A bird perches on tree trunk, beak near wood.
../dataset/datasets/imb_cub_0.1/train/Red_headed_Woodpecker/2195.jpg	A bird perches on branch, head tilted upward.
../dataset/datasets/imb_cub_0.1/train/Red_headed_Woodpecker/2196.jpg	A bird perches on a feeder, head tilted upward.
../dataset/datasets/imb_cub_0.1/train/Red_headed_Woodpecker/2197.jpg	A bird perches on branch, head slightly tilted.
../dataset/datasets/imb_cub_0.1/train/Downy_Woodpecker/2199.jpg	A bird perches on tree trunk, head turned slightly.
../dataset/datasets/imb_cub_0.1/train/Downy_Woodpecker/2198.jpg	A bird perches on tree trunk, head turned.
../dataset/datasets/imb_cub_0.1/train/Downy_Woodpecker/2200.jpg	A bird perches on branch, head slightly tilted.
../dataset/datasets/imb_cub_0.1/train/Bewick_Wren/2201.jpg	A bird perches with tail fanned out.
../dataset/datasets/imb_cub_0.1/train/Bewick_Wren/2203.jpg	A bird perches on branch, tail fanned out.
../dataset/datasets/imb_cub_0.1/train/Bewick_Wren/2202.jpg	A bird perches on branch, head slightly tilted.
../dataset/datasets/imb_cub_0.1/train/Cactus_Wren/2206.jpg	A bird stands on one leg, head tilted.
../dataset/datasets/imb_cub_0.1/train/Cactus_Wren/2205.jpg	A bird perches on cactus, head slightly tilted.
../dataset/datasets/imb_cub_0.1/train/Cactus_Wren/2204.jpg	A bird perched on a rock, head turned slightly.
../dataset/datasets/imb_cub_0.1/train/Carolina_Wren/2207.jpg	A bird perches on green structure, head tilted upward.
../dataset/datasets/imb_cub_0.1/train/Carolina_Wren/2208.jpg	A bird perches on reeds, head slightly tilted.
../dataset/datasets/imb_cub_0.1/train/Carolina_Wren/2209.jpg	A bird perched on wicker, head slightly tilted.
../dataset/datasets/imb_cub_0.1/train/House_Wren/2237.jpg	A bird perches on branch, head slightly tilted.
../dataset/datasets/imb_cub_0.1/train/House_Wren/2236.jpg	A bird perched on a branch, facing right.
../dataset/datasets/imb_cub_0.1/train/Marsh_Wren/2212.jpg	A bird perches on reeds, head slightly tilted.
../dataset/datasets/imb_cub_0.1/train/Marsh_Wren/2211.jpg	A bird perches on branch, head turned slightly.
../dataset/datasets/imb_cub_0.1/train/Marsh_Wren/2210.jpg	A bird perches on branch, head raised, beak open.
../dataset/datasets/imb_cub_0.1/train/Rock_Wren/2215.jpg	A bird stands perched on a rock, facing left.
../dataset/datasets/imb_cub_0.1/train/Rock_Wren/2214.jpg	A bird perches on rock, head slightly tilted.
../dataset/datasets/imb_cub_0.1/train/Rock_Wren/2213.jpg	A bird perches on rock, head slightly tilted.
../dataset/datasets/imb_cub_0.1/train/Winter_Wren/2216.jpg	A bird perches on bench, head slightly tilted.
../dataset/datasets/imb_cub_0.1/train/Winter_Wren/2217.jpg	A bird stands on a log near water.
../dataset/datasets/imb_cub_0.1/train/Winter_Wren/2218.jpg	A bird perched, mouth open.
../dataset/datasets/imb_cub_0.1/train/Common_Yellowthroat/2221.jpg	A bird perches on a branch, facing right.
../dataset/datasets/imb_cub_0.1/train/Common_Yellowthroat/2220.jpg	A bird perches on reeds, head slightly tilted.
../dataset/datasets/imb_cub_0.1/train/Common_Yellowthroat/2219.jpg	A bird perches on branch, head slightly tilted.