image	response
../dataset/datasets/cub/10shot/train/Black_footed_Albatross/5.jpg	The bird is set against a plain, light sky.
../dataset/datasets/cub/10shot/train/Black_footed_Albatross/7.jpg	Blurred green and brown.
../dataset/datasets/cub/10shot/train/Black_footed_Albatross/40.jpg	Ocean waves.
../dataset/datasets/cub/10shot/train/Black_footed_Albatross/55.jpg	Water.
../dataset/datasets/cub/10shot/train/Black_footed_Albatross/32.jpg	Ocean waves.
../dataset/datasets/cub/10shot/train/Black_footed_Albatross/36.jpg	Ocean water.
../dataset/datasets/cub/10shot/train/Black_footed_Albatross/60.jpg	Water.
../dataset/datasets/cub/10shot/train/Black_footed_Albatross/4.jpg	A bird soars over calm ocean waters under a gray sky.
../dataset/datasets/cub/10shot/train/Black_footed_Albatross/42.jpg	Ocean waves.
../dataset/datasets/cub/10shot/train/Black_footed_Albatross/20.jpg	Oceanic, fish-filled.
../dataset/datasets/cub/10shot/train/Laysan_Albatross/99.jpg	Water.
../dataset/datasets/cub/10shot/train/Laysan_Albatross/72.jpg	Grass, leaves, sunlight.
../dataset/datasets/cub/10shot/train/Laysan_Albatross/105.jpg	The background is a plain, light gray sky.
../dataset/datasets/cub/10shot/train/Laysan_Albatross/104.jpg	Green grass, blurred background.
../dataset/datasets/cub/10shot/train/Laysan_Albatross/67.jpg	Ocean waves.
../dataset/datasets/cub/10shot/train/Laysan_Albatross/77.jpg	The background includes grass and concrete.
../dataset/datasets/cub/10shot/train/Laysan_Albatross/62.jpg	A bird stands near tree trunk and grass.
../dataset/datasets/cub/10shot/train/Laysan_Albatross/75.jpg	Water.
../dataset/datasets/cub/10shot/train/Laysan_Albatross/111.jpg	A bird soars against a blue sky with scattered clouds and green trees below.
../dataset/datasets/cub/10shot/train/Laysan_Albatross/113.jpg	The background is water.
../dataset/datasets/cub/10shot/train/Sooty_Albatross/168.jpg	Ocean waves.
../dataset/datasets/cub/10shot/train/Sooty_Albatross/127.jpg	Ocean and sky.
../dataset/datasets/cub/10shot/train/Sooty_Albatross/160.jpg	The background is a plain, light gray sky.
../dataset/datasets/cub/10shot/train/Sooty_Albatross/152.jpg	Cloudy sky.
../dataset/datasets/cub/10shot/train/Sooty_Albatross/176.jpg	Ocean.
../dataset/datasets/cub/10shot/train/Sooty_Albatross/123.jpg	The background is dark blue, possibly water.
../dataset/datasets/cub/10shot/train/Sooty_Albatross/177.jpg	A bird soars against a clear blue sky.
../dataset/datasets/cub/10shot/train/Sooty_Albatross/128.jpg	Ocean waves.
../dataset/datasets/cub/10shot/train/Sooty_Albatross/138.jpg	A bird stands on grass with white sand and green vegetation in the background.
../dataset/datasets/cub/10shot/train/Sooty_Albatross/142.jpg	Ocean.
../dataset/datasets/cub/10shot/train/Groove_billed_Ani/206.jpg	Green leaves, blurred background.
../dataset/datasets/cub/10shot/train/Groove_billed_Ani/224.jpg	The background is blurred with green and brown tones.
../dataset/datasets/cub/10shot/train/Groove_billed_Ani/235.jpg	The background is a clear blue sky with tree branches.
../dataset/datasets/cub/10shot/train/Groove_billed_Ani/184.jpg	A bird perched on dried leaves and branches.
../dataset/datasets/cub/10shot/train/Groove_billed_Ani/215.jpg	The background is blurred green.
../dataset/datasets/cub/10shot/train/Groove_billed_Ani/220.jpg	The background is green foliage and blurred wall.
../dataset/datasets/cub/10shot/train/Groove_billed_Ani/204.jpg	Desert-like, blurred, sandy.
../dataset/datasets/cub/10shot/train/Groove_billed_Ani/218.jpg	The background is a plain, light sky.
../dataset/datasets/cub/10shot/train/Groove_billed_Ani/203.jpg	The bird is perched on a branch with green leaves against a clear sky.
../dataset/datasets/cub/10shot/train/Groove_billed_Ani/216.jpg	Green grass, blurred flowers.
../dataset/datasets/cub/10shot/train/Crested_Auklet/272.jpg	A bird on hand, rocks behind.
../dataset/datasets/cub/10shot/train/Crested_Auklet/262.jpg	A bird stands against a green background.
../dataset/datasets/cub/10shot/train/Crested_Auklet/269.jpg	Rocky, greenish.
../dataset/datasets/cub/10shot/train/Crested_Auklet/264.jpg	Rocky, moss-covered terrain.
../dataset/datasets/cub/10shot/train/Crested_Auklet/242.jpg	The background is a blurred, textured surface.
../dataset/datasets/cub/10shot/train/Crested_Auklet/253.jpg	The bird is set against a clear blue sky.
../dataset/datasets/cub/10shot/train/Crested_Auklet/258.jpg	Rocky, blurred green and yellow.
../dataset/datasets/cub/10shot/train/Crested_Auklet/243.jpg	The background is dark and blurred.
../dataset/datasets/cub/10shot/train/Crested_Auklet/276.jpg	Rocky perch, ocean backdrop.
../dataset/datasets/cub/10shot/train/Crested_Auklet/249.jpg	A bird perched on rock against blue sky.
../dataset/datasets/cub/10shot/train/Least_Auklet/294.jpg	The bird is set against a blurred natural backdrop, possibly rocks or trees.
../dataset/datasets/cub/10shot/train/Least_Auklet/283.jpg	The background is blurred, with soft, neutral tones.
../dataset/datasets/cub/10shot/train/Least_Auklet/290.jpg	The bird is perched on a rock with a blurred, colorful background.
../dataset/datasets/cub/10shot/train/Least_Auklet/310.jpg	The bird is perched on a rock.
../dataset/datasets/cub/10shot/train/Least_Auklet/296.jpg	The background is a plain, light sky.
../dataset/datasets/cub/10shot/train/Least_Auklet/303.jpg	The bird is on a rock with a blurred background.
../dataset/datasets/cub/10shot/train/Least_Auklet/284.jpg	Rocky, blurred water.
../dataset/datasets/cub/10shot/train/Least_Auklet/321.jpg	A bird stands on mossy rock, with blurred water behind.
../dataset/datasets/cub/10shot/train/Least_Auklet/317.jpg	The bird is set against a plain, light gray sky.
../dataset/datasets/cub/10shot/train/Least_Auklet/288.jpg	The background is blurred, showing rocks and water.
../dataset/datasets/cub/10shot/train/Parakeet_Auklet/366.jpg	The background is blurred greenery.
../dataset/datasets/cub/10shot/train/Parakeet_Auklet/324.jpg	A bird perched on a rock with moss and lichen.
../dataset/datasets/cub/10shot/train/Parakeet_Auklet/376.jpg	Rocky, mossy backdrop.
../dataset/datasets/cub/10shot/train/Parakeet_Auklet/345.jpg	A bird on a rock with yellow spots.
../dataset/datasets/cub/10shot/train/Parakeet_Auklet/364.jpg	The background is blurred, dark, and out of focus.
../dataset/datasets/cub/10shot/train/Parakeet_Auklet/362.jpg	The background is gray.
../dataset/datasets/cub/10shot/train/Parakeet_Auklet/342.jpg	Rocky, greenery.
../dataset/datasets/cub/10shot/train/Parakeet_Auklet/327.jpg	The background is blurred green.
../dataset/datasets/cub/10shot/train/Parakeet_Auklet/339.jpg	The bird is perched on a rock with blurred water and vegetation in the background.
../dataset/datasets/cub/10shot/train/Parakeet_Auklet/333.jpg	The bird is perched on a rocky surface with moss and lichen.
../dataset/datasets/cub/10shot/train/Rhinoceros_Auklet/413.jpg	The bird is on a dark, possibly sandy or muddy surface with some scattered debris.
../dataset/datasets/cub/10shot/train/Rhinoceros_Auklet/401.jpg	The bird is on a concrete surface.
../dataset/datasets/cub/10shot/train/Rhinoceros_Auklet/400.jpg	A bird swimming on calm water with a clear sky.
../dataset/datasets/cub/10shot/train/Rhinoceros_Auklet/399.jpg	Blue water.
../dataset/datasets/cub/10shot/train/Rhinoceros_Auklet/416.jpg	Rocky, natural setting with greenery.
../dataset/datasets/cub/10shot/train/Rhinoceros_Auklet/404.jpg	A bird swimming on calm blue water.
../dataset/datasets/cub/10shot/train/Rhinoceros_Auklet/395.jpg	A bird flying over water.
../dataset/datasets/cub/10shot/train/Rhinoceros_Auklet/409.jpg	A bird stands on sandy ground with branches and twigs in the background.
../dataset/datasets/cub/10shot/train/Rhinoceros_Auklet/393.jpg	A bird flying over blue water.
../dataset/datasets/cub/10shot/train/Rhinoceros_Auklet/418.jpg	A bird swimming in deep blue water.
../dataset/datasets/cub/10shot/train/Brewer_Blackbird/426.jpg	The background is blurred green and brown.
../dataset/datasets/cub/10shot/train/Brewer_Blackbird/477.jpg	The background is blurred, suggesting a natural setting.
../dataset/datasets/cub/10shot/train/Brewer_Blackbird/444.jpg	Water and rocks.
../dataset/datasets/cub/10shot/train/Brewer_Blackbird/441.jpg	Rocky surface.
../dataset/datasets/cub/10shot/train/Brewer_Blackbird/467.jpg	Blurred reddish-brown.
../dataset/datasets/cub/10shot/train/Brewer_Blackbird/481.jpg	Green grass.
../dataset/datasets/cub/10shot/train/Brewer_Blackbird/470.jpg	Branches, blurred background.
../dataset/datasets/cub/10shot/train/Brewer_Blackbird/452.jpg	A bird stands on rocks near water.
../dataset/datasets/cub/10shot/train/Brewer_Blackbird/432.jpg	The background is sandy with sparse vegetation.
../dataset/datasets/cub/10shot/train/Brewer_Blackbird/429.jpg	A bird perched on a branch with a scenic background of trees, grass, and mountains under a clear sky.
../dataset/datasets/cub/10shot/train/Red_winged_Blackbird/531.jpg	Snowy ground.
../dataset/datasets/cub/10shot/train/Red_winged_Blackbird/502.jpg	The background is blurred, with soft, neutral tones.
../dataset/datasets/cub/10shot/train/Red_winged_Blackbird/537.jpg	Grass and leaves.
../dataset/datasets/cub/10shot/train/Red_winged_Blackbird/511.jpg	A bird perched on a chain with a blurred blue background.
../dataset/datasets/cub/10shot/train/Red_winged_Blackbird/497.jpg	Dry reeds and muted colors.
../dataset/datasets/cub/10shot/train/Red_winged_Blackbird/524.jpg	A bird perched on branches, blurred background.
../dataset/datasets/cub/10shot/train/Red_winged_Blackbird/529.jpg	A bird perched on a branch with a blurred blue background.
../dataset/datasets/cub/10shot/train/Red_winged_Blackbird/515.jpg	Green, blurred background.
../dataset/datasets/cub/10shot/train/Red_winged_Blackbird/527.jpg	Dry reeds.
../dataset/datasets/cub/10shot/train/Red_winged_Blackbird/485.jpg	Branches, leaves, sky.
../dataset/datasets/cub/10shot/train/Rusty_Blackbird/596.jpg	Clear blue sky with branches and leaves.
../dataset/datasets/cub/10shot/train/Rusty_Blackbird/557.jpg	A bird perched on a branch with a blurred background.
../dataset/datasets/cub/10shot/train/Rusty_Blackbird/593.jpg	Wetland with sticks and water.
../dataset/datasets/cub/10shot/train/Rusty_Blackbird/570.jpg	The background is blurred, showing a mix of light and dark tones, possibly sand or rocks.
../dataset/datasets/cub/10shot/train/Rusty_Blackbird/595.jpg	Muddy water, debris.
../dataset/datasets/cub/10shot/train/Rusty_Blackbird/576.jpg	Tree branches, blurred greenery.
../dataset/datasets/cub/10shot/train/Rusty_Blackbird/599.jpg	Water and tree trunk.
../dataset/datasets/cub/10shot/train/Rusty_Blackbird/554.jpg	The background is blurred, with muted browns and greens suggesting a natural setting.
../dataset/datasets/cub/10shot/train/Rusty_Blackbird/552.jpg	The background is a textured, light-colored surface.
../dataset/datasets/cub/10shot/train/Rusty_Blackbird/566.jpg	The background is a mix of soil, leaves, and small twigs.
../dataset/datasets/cub/10shot/train/Yellow_headed_Blackbird/648.jpg	Dry reeds.
../dataset/datasets/cub/10shot/train/Yellow_headed_Blackbird/647.jpg	Green, blurred background.
../dataset/datasets/cub/10shot/train/Yellow_headed_Blackbird/613.jpg	Reeds and water.
../dataset/datasets/cub/10shot/train/Yellow_headed_Blackbird/614.jpg	Dry grass.
../dataset/datasets/cub/10shot/train/Yellow_headed_Blackbird/625.jpg	Dry reeds.
../dataset/datasets/cub/10shot/train/Yellow_headed_Blackbird/619.jpg	Green blurred background.
../dataset/datasets/cub/10shot/train/Yellow_headed_Blackbird/629.jpg	A bird perched on green bush against cloudy sky.
../dataset/datasets/cub/10shot/train/Yellow_headed_Blackbird/611.jpg	Green reeds.
../dataset/datasets/cub/10shot/train/Yellow_headed_Blackbird/655.jpg	Dry reeds.
../dataset/datasets/cub/10shot/train/Yellow_headed_Blackbird/606.jpg	A bird perched against a blue sky backdrop.
../dataset/datasets/cub/10shot/train/Bobolink/682.jpg	Green foliage, daisies.
../dataset/datasets/cub/10shot/train/Bobolink/667.jpg	Blurred grassy field.
../dataset/datasets/cub/10shot/train/Bobolink/710.jpg	Blurred green background.
../dataset/datasets/cub/10shot/train/Bobolink/691.jpg	Green, blurred foliage.
../dataset/datasets/cub/10shot/train/Bobolink/694.jpg	Green grassy field.
../dataset/datasets/cub/10shot/train/Bobolink/706.jpg	A bird perched on a twig against a green background.
../dataset/datasets/cub/10shot/train/Bobolink/716.jpg	The background is blurred green.
../dataset/datasets/cub/10shot/train/Bobolink/670.jpg	The background is blurred and neutral-toned.
../dataset/datasets/cub/10shot/train/Bobolink/660.jpg	Green, blurred background.
../dataset/datasets/cub/10shot/train/Bobolink/702.jpg	A bird perched on branches with green leaves.
../dataset/datasets/cub/10shot/train/Indigo_Bunting/720.jpg	Green foliage.
../dataset/datasets/cub/10shot/train/Indigo_Bunting/740.jpg	Green, blurred foliage.
../dataset/datasets/cub/10shot/train/Indigo_Bunting/741.jpg	Blurred green and blue.
../dataset/datasets/cub/10shot/train/Indigo_Bunting/748.jpg	Green, blurred background.
../dataset/datasets/cub/10shot/train/Indigo_Bunting/727.jpg	Green and blurred.
../dataset/datasets/cub/10shot/train/Indigo_Bunting/760.jpg	Green grass.
../dataset/datasets/cub/10shot/train/Indigo_Bunting/758.jpg	Green leaves, blurred background.
../dataset/datasets/cub/10shot/train/Indigo_Bunting/756.jpg	Green, blurred foliage.
../dataset/datasets/cub/10shot/train/Indigo_Bunting/733.jpg	Grass, dirt, seeds.
../dataset/datasets/cub/10shot/train/Indigo_Bunting/735.jpg	Blurred green.
../dataset/datasets/cub/10shot/train/Lazuli_Bunting/794.jpg	Green, blurred background.
../dataset/datasets/cub/10shot/train/Lazuli_Bunting/828.jpg	The background is sandy with scattered debris and seeds.
../dataset/datasets/cub/10shot/train/Lazuli_Bunting/836.jpg	The background is dark.
../dataset/datasets/cub/10shot/train/Lazuli_Bunting/810.jpg	The background is blurred green.
../dataset/datasets/cub/10shot/train/Lazuli_Bunting/798.jpg	A bird perched on branch against blue sky.
../dataset/datasets/cub/10shot/train/Lazuli_Bunting/807.jpg	Green grass.
../dataset/datasets/cub/10shot/train/Lazuli_Bunting/819.jpg	Green grassy field.
../dataset/datasets/cub/10shot/train/Lazuli_Bunting/833.jpg	Blurred, soft green and brown tones.
../dataset/datasets/cub/10shot/train/Lazuli_Bunting/790.jpg	A bird on concrete near wood.
../dataset/datasets/cub/10shot/train/Lazuli_Bunting/793.jpg	Green leaves, blurred background.
../dataset/datasets/cub/10shot/train/Painted_Bunting/841.jpg	Green foliage, blurred.
../dataset/datasets/cub/10shot/train/Painted_Bunting/867.jpg	Green foliage, blurred background.
../dataset/datasets/cub/10shot/train/Painted_Bunting/891.jpg	The background is a mix of rocks and sparse greenery.
../dataset/datasets/cub/10shot/train/Painted_Bunting/871.jpg	Green, blurred foliage.
../dataset/datasets/cub/10shot/train/Painted_Bunting/860.jpg	The background is sandy with scattered seeds and twigs.
../dataset/datasets/cub/10shot/train/Painted_Bunting/872.jpg	Green, blurred background.
../dataset/datasets/cub/10shot/train/Painted_Bunting/888.jpg	Green grass, blurred.
../dataset/datasets/cub/10shot/train/Painted_Bunting/845.jpg	Green, leafy background.
../dataset/datasets/cub/10shot/train/Painted_Bunting/857.jpg	Green plants, rocks, dirt.
../dataset/datasets/cub/10shot/train/Painted_Bunting/864.jpg	A bird perched on feeder with green background.
../dataset/datasets/cub/10shot/train/Cardinal/898.jpg	Blurred, natural setting.
../dataset/datasets/cub/10shot/train/Cardinal/916.jpg	Grass and dirt.
../dataset/datasets/cub/10shot/train/Cardinal/900.jpg	The background is white snow.
../dataset/datasets/cub/10shot/train/Cardinal/946.jpg	The background is blurred, showing a natural setting with muted colors.
../dataset/datasets/cub/10shot/train/Cardinal/902.jpg	The background is blurred green foliage.
../dataset/datasets/cub/10shot/train/Cardinal/923.jpg	The background is blurred, with hints of greenery and brown tones.
../dataset/datasets/cub/10shot/train/Cardinal/950.jpg	Blurred, earthy tones.
../dataset/datasets/cub/10shot/train/Cardinal/920.jpg	Green grass and dirt.
../dataset/datasets/cub/10shot/train/Cardinal/935.jpg	Green and purple flowers.
../dataset/datasets/cub/10shot/train/Cardinal/934.jpg	Snowy ground with scattered seeds.
../dataset/datasets/cub/10shot/train/Spotted_Catbird/985.jpg	Green foliage, blurred background.
../dataset/datasets/cub/10shot/train/Spotted_Catbird/972.jpg	A bird perched on a branch with green foliage and tree trunk in the background.
../dataset/datasets/cub/10shot/train/Spotted_Catbird/970.jpg	The background is dark and blurred, with branches visible.
../dataset/datasets/cub/10shot/train/Spotted_Catbird/995.jpg	The bird is perched on a branch with a blurred natural background.
../dataset/datasets/cub/10shot/train/Spotted_Catbird/963.jpg	The background is dark and blurred, with indistinct shapes suggesting foliage or structures.
../dataset/datasets/cub/10shot/train/Spotted_Catbird/980.jpg	The background is a blurred mix of green and brown foliage.
../dataset/datasets/cub/10shot/train/Spotted_Catbird/984.jpg	The background is lush green foliage and a dark tree trunk.
../dataset/datasets/cub/10shot/train/Spotted_Catbird/955.jpg	The background is blurred, showing green and brown tones.
../dataset/datasets/cub/10shot/train/Spotted_Catbird/991.jpg	A bird perched on a branch with green foliage in the background.
../dataset/datasets/cub/10shot/train/Spotted_Catbird/989.jpg	The background is blurred green foliage.
../dataset/datasets/cub/10shot/train/Gray_Catbird/1024.jpg	Green foliage.
../dataset/datasets/cub/10shot/train/Gray_Catbird/1020.jpg	Green foliage.
../dataset/datasets/cub/10shot/train/Gray_Catbird/1007.jpg	The background is blurred green foliage.
../dataset/datasets/cub/10shot/train/Gray_Catbird/1019.jpg	The background is a textured, pebbled surface with scattered debris and patches of green moss.
../dataset/datasets/cub/10shot/train/Gray_Catbird/1008.jpg	The background is blurred green foliage.
../dataset/datasets/cub/10shot/train/Gray_Catbird/1022.jpg	The background is blurred green foliage.
../dataset/datasets/cub/10shot/train/Gray_Catbird/1048.jpg	Blurred green foliage.
../dataset/datasets/cub/10shot/train/Gray_Catbird/1056.jpg	Rocky, water.
../dataset/datasets/cub/10shot/train/Gray_Catbird/1037.jpg	Green foliage, blurred background.
../dataset/datasets/cub/10shot/train/Gray_Catbird/1051.jpg	Green leaves, blurred background.
../dataset/datasets/cub/10shot/train/Yellow_breasted_Chat/1059.jpg	The background is green and earthy, with some blurred elements.
../dataset/datasets/cub/10shot/train/Yellow_breasted_Chat/1094.jpg	Clear blue sky.
../dataset/datasets/cub/10shot/train/Yellow_breasted_Chat/1079.jpg	Green, blurred background.
../dataset/datasets/cub/10shot/train/Yellow_breasted_Chat/1067.jpg	A bird perched on bare branches against a clear blue sky.
../dataset/datasets/cub/10shot/train/Yellow_breasted_Chat/1060.jpg	Green foliage.
../dataset/datasets/cub/10shot/train/Yellow_breasted_Chat/1093.jpg	Water and branches.
../dataset/datasets/cub/10shot/train/Yellow_breasted_Chat/1107.jpg	A bird perched on branches with blurred green foliage.
../dataset/datasets/cub/10shot/train/Yellow_breasted_Chat/1058.jpg	Green trees, blurred background.
../dataset/datasets/cub/10shot/train/Yellow_breasted_Chat/1069.jpg	Green leaves, blurred background.
../dataset/datasets/cub/10shot/train/Yellow_breasted_Chat/1110.jpg	Green foliage, tree branches.
../dataset/datasets/cub/10shot/train/Eastern_Towhee/1173.jpg	The background is blurred, with muted greens and browns.
../dataset/datasets/cub/10shot/train/Eastern_Towhee/1175.jpg	The background is blurred, with soft green and gray tones.
../dataset/datasets/cub/10shot/train/Eastern_Towhee/1141.jpg	The background is blurred with tree branches and greenery.
../dataset/datasets/cub/10shot/train/Eastern_Towhee/1140.jpg	The background is blurred green.
../dataset/datasets/cub/10shot/train/Eastern_Towhee/1122.jpg	Green foliage, brown ground.
../dataset/datasets/cub/10shot/train/Eastern_Towhee/1145.jpg	The background is blurred, with shades of green and gray.
../dataset/datasets/cub/10shot/train/Eastern_Towhee/1120.jpg	Clear blue sky.
../dataset/datasets/cub/10shot/train/Eastern_Towhee/1146.jpg	A bird on a stump with green background.
../dataset/datasets/cub/10shot/train/Eastern_Towhee/1152.jpg	The background is a mix of green leaves and brown twigs.
../dataset/datasets/cub/10shot/train/Eastern_Towhee/1163.jpg	bare branches, blue sky.
../dataset/datasets/cub/10shot/train/Chuck_will_Widow/1198.jpg	The bird is on a mesh surface.
../dataset/datasets/cub/10shot/train/Chuck_will_Widow/1189.jpg	The background is a mix of dried branches and green leaves.
../dataset/datasets/cub/10shot/train/Chuck_will_Widow/1197.jpg	A bird perched on a branch with blurred green foliage in the background.
../dataset/datasets/cub/10shot/train/Chuck_will_Widow/1224.jpg	The bird is perched on a branch with green foliage and a blurred background.
../dataset/datasets/cub/10shot/train/Chuck_will_Widow/1205.jpg	The background is textured and neutral-toned.
../dataset/datasets/cub/10shot/train/Chuck_will_Widow/1181.jpg	Green, blurred foliage.
../dataset/datasets/cub/10shot/train/Chuck_will_Widow/1228.jpg	Green blurred background.
../dataset/datasets/cub/10shot/train/Chuck_will_Widow/1210.jpg	Dry leaves and twigs.
../dataset/datasets/cub/10shot/train/Chuck_will_Widow/1201.jpg	Dark, blurred background.
../dataset/datasets/cub/10shot/train/Chuck_will_Widow/1229.jpg	The bird is held by a person's hand, with a green and yellow cloth in the background.
../dataset/datasets/cub/10shot/train/Brandt_Cormorant/1239.jpg	A bird swims on calm, blue water with ripples.
../dataset/datasets/cub/10shot/train/Brandt_Cormorant/1263.jpg	Rocky, light-colored background.
../dataset/datasets/cub/10shot/train/Brandt_Cormorant/1246.jpg	The background is plain and light-colored, possibly concrete or sand.
../dataset/datasets/cub/10shot/train/Brandt_Cormorant/1248.jpg	The background is blurred water.
../dataset/datasets/cub/10shot/train/Brandt_Cormorant/1290.jpg	Blue water.
../dataset/datasets/cub/10shot/train/Brandt_Cormorant/1260.jpg	Ocean waves.
../dataset/datasets/cub/10shot/train/Brandt_Cormorant/1279.jpg	Rocky, blurred.
../dataset/datasets/cub/10shot/train/Brandt_Cormorant/1253.jpg	A bird stands on water with ripples.
../dataset/datasets/cub/10shot/train/Brandt_Cormorant/1280.jpg	A bird perched on a post against a blurred water backdrop.
../dataset/datasets/cub/10shot/train/Brandt_Cormorant/1241.jpg	The background is blurred and neutral-toned.
../dataset/datasets/cub/10shot/train/Red_faced_Cormorant/1310.jpg	A bird is perched on a nest with a tree trunk and grassy ground behind it.
../dataset/datasets/cub/10shot/train/Red_faced_Cormorant/1311.jpg	The background is blurred, suggesting a natural outdoor setting.
../dataset/datasets/cub/10shot/train/Red_faced_Cormorant/1314.jpg	A bird stands on rock, water behind.
../dataset/datasets/cub/10shot/train/Red_faced_Cormorant/1338.jpg	A bird on nest, rocky wall with moss.
../dataset/datasets/cub/10shot/train/Red_faced_Cormorant/1327.jpg	The background is a cloudy sky.
../dataset/datasets/cub/10shot/train/Red_faced_Cormorant/1291.jpg	A bird stands on rocky terrain with other birds in the distance.
../dataset/datasets/cub/10shot/train/Red_faced_Cormorant/1296.jpg	A bird is perched on a nest against a stone wall.
../dataset/datasets/cub/10shot/train/Red_faced_Cormorant/1294.jpg	A bird stands against a light blue sky.
../dataset/datasets/cub/10shot/train/Red_faced_Cormorant/1328.jpg	Water.
../dataset/datasets/cub/10shot/train/Red_faced_Cormorant/1331.jpg	Rocky, blurred background.
../dataset/datasets/cub/10shot/train/Pelagic_Cormorant/1370.jpg	Rocky terrain with greenery.
../dataset/datasets/cub/10shot/train/Pelagic_Cormorant/1363.jpg	The bird is perched on a tree branch against a pale sky.
../dataset/datasets/cub/10shot/train/Pelagic_Cormorant/1353.jpg	A bird stands on rocky surface.
../dataset/datasets/cub/10shot/train/Pelagic_Cormorant/1374.jpg	Water with ripples and reflections.
../dataset/datasets/cub/10shot/train/Pelagic_Cormorant/1378.jpg	Water.
../dataset/datasets/cub/10shot/train/Pelagic_Cormorant/1383.jpg	Water with ripples.
../dataset/datasets/cub/10shot/train/Pelagic_Cormorant/1355.jpg	Water.
../dataset/datasets/cub/10shot/train/Pelagic_Cormorant/1349.jpg	Ocean and rocks.
../dataset/datasets/cub/10shot/train/Pelagic_Cormorant/1346.jpg	A bird stands on rock, blurred water behind.
../dataset/datasets/cub/10shot/train/Pelagic_Cormorant/1354.jpg	A bird stands on rock, water ripples behind.
../dataset/datasets/cub/10shot/train/Bronzed_Cowbird/1445.jpg	The background is blurred green.
../dataset/datasets/cub/10shot/train/Bronzed_Cowbird/1461.jpg	The background is blurred green foliage.
../dataset/datasets/cub/10shot/train/Bronzed_Cowbird/1406.jpg	Grass and dirt.
../dataset/datasets/cub/10shot/train/Bronzed_Cowbird/1456.jpg	Blurred green and yellow.
../dataset/datasets/cub/10shot/train/Bronzed_Cowbird/1407.jpg	The background is blurred, with muted tones and branches.
../dataset/datasets/cub/10shot/train/Bronzed_Cowbird/1441.jpg	The background is blurred greenery.
../dataset/datasets/cub/10shot/train/Bronzed_Cowbird/1459.jpg	Red flowers, green leaves, beige wall.
../dataset/datasets/cub/10shot/train/Bronzed_Cowbird/1418.jpg	Rocky, textured background.
../dataset/datasets/cub/10shot/train/Bronzed_Cowbird/1404.jpg	Clear blue sky.
../dataset/datasets/cub/10shot/train/Bronzed_Cowbird/1436.jpg	The bird is perched on a branch with green foliage in the background.
../dataset/datasets/cub/10shot/train/Shiny_Cowbird/1515.jpg	The background features green foliage and blurred trees.
../dataset/datasets/cub/10shot/train/Shiny_Cowbird/1505.jpg	Grass.
../dataset/datasets/cub/10shot/train/Shiny_Cowbird/1500.jpg	Grass and pavement.
../dataset/datasets/cub/10shot/train/Shiny_Cowbird/1465.jpg	Clear blue sky.
../dataset/datasets/cub/10shot/train/Shiny_Cowbird/1469.jpg	The background is sandy with scattered leaves and shadows.
../dataset/datasets/cub/10shot/train/Shiny_Cowbird/1464.jpg	Clear blue sky.
../dataset/datasets/cub/10shot/train/Shiny_Cowbird/1470.jpg	Clear blue sky.
../dataset/datasets/cub/10shot/train/Shiny_Cowbird/1519.jpg	Grassy field.
../dataset/datasets/cub/10shot/train/Shiny_Cowbird/1489.jpg	Green leaves and plants.
../dataset/datasets/cub/10shot/train/Shiny_Cowbird/1512.jpg	Blurred green foliage.
../dataset/datasets/cub/10shot/train/Brown_Creeper/1557.jpg	A bird on tree trunk, blurred background.
../dataset/datasets/cub/10shot/train/Brown_Creeper/1569.jpg	The background is blurred greenery.
../dataset/datasets/cub/10shot/train/Brown_Creeper/1537.jpg	A bird perched on tree branch, blurred background.
../dataset/datasets/cub/10shot/train/Brown_Creeper/1547.jpg	A bird on tree bark.
../dataset/datasets/cub/10shot/train/Brown_Creeper/1565.jpg	A bird on tree trunk, blurred background.
../dataset/datasets/cub/10shot/train/Brown_Creeper/1567.jpg	The background is blurred, showing tree branches and lichen.
../dataset/datasets/cub/10shot/train/Brown_Creeper/1532.jpg	Blurred, green mossy surface.
../dataset/datasets/cub/10shot/train/Brown_Creeper/1564.jpg	A bird on tree trunk, blurred sky.
../dataset/datasets/cub/10shot/train/Brown_Creeper/1573.jpg	A bird perched on tree trunk, blurred background.
../dataset/datasets/cub/10shot/train/Brown_Creeper/1541.jpg	Tree bark.
../dataset/datasets/cub/10shot/train/American_Crow/1604.jpg	A bird perched on post, blurred houses and water behind.
../dataset/datasets/cub/10shot/train/American_Crow/1592.jpg	Blurred green and blue.
../dataset/datasets/cub/10shot/train/American_Crow/1608.jpg	Green foliage.
../dataset/datasets/cub/10shot/train/American_Crow/1582.jpg	Grass and twigs.
../dataset/datasets/cub/10shot/train/American_Crow/1591.jpg	Green grass, blurred background.
../dataset/datasets/cub/10shot/train/American_Crow/1595.jpg	Grass.
../dataset/datasets/cub/10shot/train/American_Crow/1586.jpg	Blurred greenery.
../dataset/datasets/cub/10shot/train/American_Crow/1620.jpg	Dry, sandy ground with sparse vegetation.
../dataset/datasets/cub/10shot/train/American_Crow/1599.jpg	Dry grass.
../dataset/datasets/cub/10shot/train/American_Crow/1603.jpg	The bird is set against a plain, light sky.
../dataset/datasets/cub/10shot/train/Fish_Crow/1677.jpg	A bird perched on tree branches with green leaves.
../dataset/datasets/cub/10shot/train/Fish_Crow/1642.jpg	Grassy ground with patches of dirt.
../dataset/datasets/cub/10shot/train/Fish_Crow/1671.jpg	A bird perched on branch, blue water behind.
../dataset/datasets/cub/10shot/train/Fish_Crow/1672.jpg	A bird against clear blue sky.
../dataset/datasets/cub/10shot/train/Fish_Crow/1657.jpg	Green foliage, blurred sky.
../dataset/datasets/cub/10shot/train/Fish_Crow/1688.jpg	Dry grass and blurred background.
../dataset/datasets/cub/10shot/train/Fish_Crow/1699.jpg	A bird perched on white surface, blurred background with greenery and railing.
../dataset/datasets/cub/10shot/train/Fish_Crow/1691.jpg	Grassy field with some plants.
../dataset/datasets/cub/10shot/train/Fish_Crow/1645.jpg	Grassy field with dry grass.
../dataset/datasets/cub/10shot/train/Fish_Crow/1690.jpg	Grassy field.
../dataset/datasets/cub/10shot/train/Black_billed_Cuckoo/1754.jpg	Green foliage.
../dataset/datasets/cub/10shot/train/Black_billed_Cuckoo/1758.jpg	Branches and leaves.
../dataset/datasets/cub/10shot/train/Black_billed_Cuckoo/1759.jpg	Green leaves, blurred background.
../dataset/datasets/cub/10shot/train/Black_billed_Cuckoo/1724.jpg	A bird is perched on a hand against a tree trunk with greenery in the background.
../dataset/datasets/cub/10shot/train/Black_billed_Cuckoo/1707.jpg	Green foliage, blurred background.
../dataset/datasets/cub/10shot/train/Black_billed_Cuckoo/1734.jpg	The background is green foliage.
../dataset/datasets/cub/10shot/train/Black_billed_Cuckoo/1714.jpg	Green foliage and branches.
../dataset/datasets/cub/10shot/train/Black_billed_Cuckoo/1735.jpg	A bird perched on green pine needles.
../dataset/datasets/cub/10shot/train/Black_billed_Cuckoo/1721.jpg	Green foliage, white flowers.
../dataset/datasets/cub/10shot/train/Black_billed_Cuckoo/1751.jpg	A bird perched on tree branch with blurred green leaves and sky.
../dataset/datasets/cub/10shot/train/Mangrove_Cuckoo/1775.jpg	The background consists of green leaves and branches.
../dataset/datasets/cub/10shot/train/Mangrove_Cuckoo/1789.jpg	A bird perched on a branch with green leaves and blue sky.
../dataset/datasets/cub/10shot/train/Mangrove_Cuckoo/1802.jpg	A bird perched on tree branches with green leaves.
../dataset/datasets/cub/10shot/train/Mangrove_Cuckoo/1808.jpg	A bird perched on tree branches with green leaves and white flowers.
../dataset/datasets/cub/10shot/train/Mangrove_Cuckoo/1794.jpg	A bird perched on green branches against a blue sky.
../dataset/datasets/cub/10shot/train/Mangrove_Cuckoo/1781.jpg	Green foliage.
../dataset/datasets/cub/10shot/train/Mangrove_Cuckoo/1774.jpg	Green foliage, blurred background.
../dataset/datasets/cub/10shot/train/Mangrove_Cuckoo/1770.jpg	A bird perched on a tree branch with green leaves and blue sky.
../dataset/datasets/cub/10shot/train/Mangrove_Cuckoo/1773.jpg	A bird perched on branches against a blue sky with yellow leaves.
../dataset/datasets/cub/10shot/train/Mangrove_Cuckoo/1787.jpg	Green foliage, branches.
../dataset/datasets/cub/10shot/train/Yellow_billed_Cuckoo/1849.jpg	A bird perched on tree branch against clear blue sky.
../dataset/datasets/cub/10shot/train/Yellow_billed_Cuckoo/1827.jpg	A bird perched on a branch with a blue sky and green foliage in the background.
../dataset/datasets/cub/10shot/train/Yellow_billed_Cuckoo/1834.jpg	Green foliage.
../dataset/datasets/cub/10shot/train/Yellow_billed_Cuckoo/1852.jpg	A bird perched on tree branches with green leaves and blue sky.
../dataset/datasets/cub/10shot/train/Yellow_billed_Cuckoo/1830.jpg	Green leaves, blurred background.
../dataset/datasets/cub/10shot/train/Yellow_billed_Cuckoo/1817.jpg	A bird perched on tree branches with green leaves.
../dataset/datasets/cub/10shot/train/Yellow_billed_Cuckoo/1863.jpg	A bird perched on tree branches with green leaves.
../dataset/datasets/cub/10shot/train/Yellow_billed_Cuckoo/1839.jpg	Green leaves and branches.
../dataset/datasets/cub/10shot/train/Yellow_billed_Cuckoo/1854.jpg	A bird perched on a branch against a blue sky.
../dataset/datasets/cub/10shot/train/Yellow_billed_Cuckoo/1823.jpg	Green grassy field.
../dataset/datasets/cub/10shot/train/Gray_crowned_Rosy_Finch/1883.jpg	The background is white and blurry.
../dataset/datasets/cub/10shot/train/Gray_crowned_Rosy_Finch/1895.jpg	A bird perched on mossy stone with blurred background.
../dataset/datasets/cub/10shot/train/Gray_crowned_Rosy_Finch/1905.jpg	The background is a plain, light gray.
../dataset/datasets/cub/10shot/train/Gray_crowned_Rosy_Finch/1928.jpg	Dry grass and rocks.
../dataset/datasets/cub/10shot/train/Gray_crowned_Rosy_Finch/1892.jpg	A bird perched on frost-covered branches.
../dataset/datasets/cub/10shot/train/Gray_crowned_Rosy_Finch/1889.jpg	A bird perched on a branch with blurred green foliage behind.
../dataset/datasets/cub/10shot/train/Gray_crowned_Rosy_Finch/1879.jpg	The background is blurred, with muted earth tones.
../dataset/datasets/cub/10shot/train/Gray_crowned_Rosy_Finch/1912.jpg	The background consists of dried leaves and wood.
../dataset/datasets/cub/10shot/train/Gray_crowned_Rosy_Finch/1881.jpg	A bird perched on pine branch, snowy background.
../dataset/datasets/cub/10shot/train/Gray_crowned_Rosy_Finch/1875.jpg	Snowy, blurred fence.
../dataset/datasets/cub/10shot/train/Purple_Finch/1981.jpg	The background is plain and light-colored.
../dataset/datasets/cub/10shot/train/Purple_Finch/1990.jpg	Green leaves, blurred background.
../dataset/datasets/cub/10shot/train/Purple_Finch/1941.jpg	Leaves and wet ground.
../dataset/datasets/cub/10shot/train/Purple_Finch/1933.jpg	Green foliage.
../dataset/datasets/cub/10shot/train/Purple_Finch/1972.jpg	Clear blue sky.
../dataset/datasets/cub/10shot/train/Purple_Finch/1955.jpg	Green foliage, branches.
../dataset/datasets/cub/10shot/train/Purple_Finch/1934.jpg	Green blurred background.
../dataset/datasets/cub/10shot/train/Purple_Finch/1971.jpg	Green, blurred background.
../dataset/datasets/cub/10shot/train/Purple_Finch/1978.jpg	Green leaves and blurred branches.
../dataset/datasets/cub/10shot/train/Purple_Finch/1970.jpg	A bird perched on branch, tree trunk behind.
../dataset/datasets/cub/10shot/train/Northern_Flicker/2026.jpg	A bird perched on a branch against a blue sky with bare branches.
../dataset/datasets/cub/10shot/train/Northern_Flicker/2025.jpg	Green, blurred background.
../dataset/datasets/cub/10shot/train/Northern_Flicker/2011.jpg	A bird perched on branches with autumn leaves, blue sky behind.
../dataset/datasets/cub/10shot/train/Northern_Flicker/2033.jpg	A bird perched on a branch with green foliage and tree trunk in the background.
../dataset/datasets/cub/10shot/train/Northern_Flicker/2023.jpg	Grass and dirt.
../dataset/datasets/cub/10shot/train/Northern_Flicker/2034.jpg	The background is blurred greenery.
../dataset/datasets/cub/10shot/train/Northern_Flicker/2017.jpg	A bird perched on branch, sky and branches behind.
../dataset/datasets/cub/10shot/train/Northern_Flicker/2038.jpg	Grass, tree trunk, water.
../dataset/datasets/cub/10shot/train/Northern_Flicker/2012.jpg	Blurred, natural setting.
../dataset/datasets/cub/10shot/train/Northern_Flicker/2042.jpg	Blurred, tree branches, soft light.
../dataset/datasets/cub/10shot/train/Acadian_Flycatcher/2085.jpg	Green foliage.
../dataset/datasets/cub/10shot/train/Acadian_Flycatcher/2061.jpg	Green, blurred foliage.
../dataset/datasets/cub/10shot/train/Acadian_Flycatcher/2079.jpg	The background is blurred green foliage.
../dataset/datasets/cub/10shot/train/Acadian_Flycatcher/2099.jpg	Green, blurred background.
../dataset/datasets/cub/10shot/train/Acadian_Flycatcher/2083.jpg	The background is blurred green foliage.
../dataset/datasets/cub/10shot/train/Acadian_Flycatcher/2080.jpg	The background is blurred with green and gray tones.
../dataset/datasets/cub/10shot/train/Acadian_Flycatcher/2095.jpg	Green, blurred foliage.
../dataset/datasets/cub/10shot/train/Acadian_Flycatcher/2053.jpg	Green foliage, blurred background.
../dataset/datasets/cub/10shot/train/Acadian_Flycatcher/2089.jpg	Green, blurred foliage.
../dataset/datasets/cub/10shot/train/Acadian_Flycatcher/2071.jpg	Green, blurred foliage.
../dataset/datasets/cub/10shot/train/Great_Crested_Flycatcher/2157.jpg	Green, blurred foliage.
../dataset/datasets/cub/10shot/train/Great_Crested_Flycatcher/2154.jpg	Green foliage.
../dataset/datasets/cub/10shot/train/Great_Crested_Flycatcher/2147.jpg	The background is a plain, light gray sky.
../dataset/datasets/cub/10shot/train/Great_Crested_Flycatcher/2115.jpg	Green foliage.
../dataset/datasets/cub/10shot/train/Great_Crested_Flycatcher/2137.jpg	Tree trunk and green foliage.
../dataset/datasets/cub/10shot/train/Great_Crested_Flycatcher/2133.jpg	Blurred greenery and brown ground.
../dataset/datasets/cub/10shot/train/Great_Crested_Flycatcher/2116.jpg	A bird perched on branch, green foliage and sky.
../dataset/datasets/cub/10shot/train/Great_Crested_Flycatcher/2118.jpg	The background is a blurred sky with branches.
../dataset/datasets/cub/10shot/train/Great_Crested_Flycatcher/2151.jpg	Blurred, greenish-brown.
../dataset/datasets/cub/10shot/train/Great_Crested_Flycatcher/2114.jpg	Clear blue sky.
../dataset/datasets/cub/10shot/train/Least_Flycatcher/2199.jpg	Green foliage, branches.
../dataset/datasets/cub/10shot/train/Least_Flycatcher/2228.jpg	Green foliage.
../dataset/datasets/cub/10shot/train/Least_Flycatcher/2205.jpg	Green foliage, blurred background.
../dataset/datasets/cub/10shot/train/Least_Flycatcher/2176.jpg	The background is blurred with branches and muted colors.
../dataset/datasets/cub/10shot/train/Least_Flycatcher/2225.jpg	Blurred green and red.
../dataset/datasets/cub/10shot/train/Least_Flycatcher/2220.jpg	Green foliage.
../dataset/datasets/cub/10shot/train/Least_Flycatcher/2227.jpg	Green foliage.
../dataset/datasets/cub/10shot/train/Least_Flycatcher/2197.jpg	The background is blurred and neutral-toned.
../dataset/datasets/cub/10shot/train/Least_Flycatcher/2177.jpg	Green foliage, blurred background.
../dataset/datasets/cub/10shot/train/Least_Flycatcher/2172.jpg	Blurred greenery.
../dataset/datasets/cub/10shot/train/Olive_sided_Flycatcher/2267.jpg	Blurred green background.
../dataset/datasets/cub/10shot/train/Olive_sided_Flycatcher/2251.jpg	The background is plain white.
../dataset/datasets/cub/10shot/train/Olive_sided_Flycatcher/2262.jpg	Clear blue sky.
../dataset/datasets/cub/10shot/train/Olive_sided_Flycatcher/2246.jpg	The background is a pale, overcast sky with tree branches and leaves.
../dataset/datasets/cub/10shot/train/Olive_sided_Flycatcher/2271.jpg	A bird perched against a clear blue sky.
../dataset/datasets/cub/10shot/train/Olive_sided_Flycatcher/2266.jpg	A bird perched on branch against clear sky.
../dataset/datasets/cub/10shot/train/Olive_sided_Flycatcher/2248.jpg	A bird perched on wire against clear sky.
../dataset/datasets/cub/10shot/train/Olive_sided_Flycatcher/2253.jpg	The background is plain white.
../dataset/datasets/cub/10shot/train/Olive_sided_Flycatcher/2232.jpg	Green foliage.
../dataset/datasets/cub/10shot/train/Olive_sided_Flycatcher/2247.jpg	Clear blue sky.
../dataset/datasets/cub/10shot/train/Scissor_tailed_Flycatcher/2326.jpg	Green grass.
../dataset/datasets/cub/10shot/train/Scissor_tailed_Flycatcher/2344.jpg	Green, blurred background.
../dataset/datasets/cub/10shot/train/Scissor_tailed_Flycatcher/2304.jpg	Clear blue sky, dry grass.
../dataset/datasets/cub/10shot/train/Scissor_tailed_Flycatcher/2320.jpg	Dry grass and shrubs.
../dataset/datasets/cub/10shot/train/Scissor_tailed_Flycatcher/2299.jpg	A bird stands amidst yellow flowers and green grass.
../dataset/datasets/cub/10shot/train/Scissor_tailed_Flycatcher/2333.jpg	Green, blurred grass and foliage.
../dataset/datasets/cub/10shot/train/Scissor_tailed_Flycatcher/2313.jpg	Blurred green and brown grass.
../dataset/datasets/cub/10shot/train/Scissor_tailed_Flycatcher/2350.jpg	Grassy field with fence.
../dataset/datasets/cub/10shot/train/Scissor_tailed_Flycatcher/2334.jpg	Clear blue sky.
../dataset/datasets/cub/10shot/train/Scissor_tailed_Flycatcher/2309.jpg	The background is a blurred blue sky.
../dataset/datasets/cub/10shot/train/Vermilion_Flycatcher/2396.jpg	Green leaves, blurred background.
../dataset/datasets/cub/10shot/train/Vermilion_Flycatcher/2392.jpg	The background is plain and light-colored.
../dataset/datasets/cub/10shot/train/Vermilion_Flycatcher/2359.jpg	Clear blue sky.
../dataset/datasets/cub/10shot/train/Vermilion_Flycatcher/2408.jpg	Green trees and foliage.
../dataset/datasets/cub/10shot/train/Vermilion_Flycatcher/2403.jpg	The background is blurred, suggesting a natural outdoor setting.
../dataset/datasets/cub/10shot/train/Vermilion_Flycatcher/2354.jpg	The background is plain white.
../dataset/datasets/cub/10shot/train/Vermilion_Flycatcher/2398.jpg	A bird perched on tree trunk, light background.
../dataset/datasets/cub/10shot/train/Vermilion_Flycatcher/2391.jpg	The background is a blurred, muted water scene.
../dataset/datasets/cub/10shot/train/Vermilion_Flycatcher/2397.jpg	Blurred branches and greenery.
../dataset/datasets/cub/10shot/train/Vermilion_Flycatcher/2369.jpg	Blurred green and brown.
../dataset/datasets/cub/10shot/train/Yellow_bellied_Flycatcher/2429.jpg	Green, blurred background.
../dataset/datasets/cub/10shot/train/Yellow_bellied_Flycatcher/2461.jpg	The background is green and blurred, suggesting trees.
../dataset/datasets/cub/10shot/train/Yellow_bellied_Flycatcher/2455.jpg	Blurred green foliage.
../dataset/datasets/cub/10shot/train/Yellow_bellied_Flycatcher/2446.jpg	Blurred greenery.
../dataset/datasets/cub/10shot/train/Yellow_bellied_Flycatcher/2443.jpg	The background is blurred green foliage.
../dataset/datasets/cub/10shot/train/Yellow_bellied_Flycatcher/2467.jpg	The background is blurred green.
../dataset/datasets/cub/10shot/train/Yellow_bellied_Flycatcher/2432.jpg	Green, blurred foliage.
../dataset/datasets/cub/10shot/train/Yellow_bellied_Flycatcher/2433.jpg	Green, blurred background.
../dataset/datasets/cub/10shot/train/Yellow_bellied_Flycatcher/2428.jpg	Branches, blurred background.
../dataset/datasets/cub/10shot/train/Yellow_bellied_Flycatcher/2460.jpg	Green, blurred.
../dataset/datasets/cub/10shot/train/Frigatebird/2521.jpg	Clear blue sky.
../dataset/datasets/cub/10shot/train/Frigatebird/2519.jpg	A bird soars against a clear sky.
../dataset/datasets/cub/10shot/train/Frigatebird/2478.jpg	Ocean and sky.
../dataset/datasets/cub/10shot/train/Frigatebird/2484.jpg	Clear blue sky.
../dataset/datasets/cub/10shot/train/Frigatebird/2522.jpg	The background consists of dry branches and green foliage.
../dataset/datasets/cub/10shot/train/Frigatebird/2509.jpg	A bird perched on wire against cloudy sky.
../dataset/datasets/cub/10shot/train/Frigatebird/2517.jpg	Ocean water.
../dataset/datasets/cub/10shot/train/Frigatebird/2516.jpg	A bird soars against a clear blue sky with distant lights and water.
../dataset/datasets/cub/10shot/train/Frigatebird/2506.jpg	The background is blurred and neutral-toned.
../dataset/datasets/cub/10shot/train/Frigatebird/2487.jpg	The background is blurred with dry branches and vegetation.
../dataset/datasets/cub/10shot/train/Northern_Fulmar/2558.jpg	A bird floats on calm water.
../dataset/datasets/cub/10shot/train/Northern_Fulmar/2534.jpg	Water with ripples and sunlight reflection.
../dataset/datasets/cub/10shot/train/Northern_Fulmar/2584.jpg	The background is blurred, likely water.
../dataset/datasets/cub/10shot/train/Northern_Fulmar/2587.jpg	Rocky, mossy cliff face.
../dataset/datasets/cub/10shot/train/Northern_Fulmar/2563.jpg	A bird soars against a clear blue sky.
../dataset/datasets/cub/10shot/train/Northern_Fulmar/2536.jpg	A bird soars over water with rocks.
../dataset/datasets/cub/10shot/train/Northern_Fulmar/2560.jpg	The background is calm water.
../dataset/datasets/cub/10shot/train/Northern_Fulmar/2530.jpg	A bird soars over blue ocean.
../dataset/datasets/cub/10shot/train/Northern_Fulmar/2567.jpg	The background is a plain, light gray sky.
../dataset/datasets/cub/10shot/train/Northern_Fulmar/2554.jpg	Metallic, reflective surface.
../dataset/datasets/cub/10shot/train/Gadwall/2605.jpg	Water and reflection.
../dataset/datasets/cub/10shot/train/Gadwall/2635.jpg	Water with ripples.
../dataset/datasets/cub/10shot/train/Gadwall/2645.jpg	Green water.
../dataset/datasets/cub/10shot/train/Gadwall/2608.jpg	Water and blurred vegetation.
../dataset/datasets/cub/10shot/train/Gadwall/2591.jpg	Water.
../dataset/datasets/cub/10shot/train/Gadwall/2644.jpg	Water.
../dataset/datasets/cub/10shot/train/Gadwall/2637.jpg	Water.
../dataset/datasets/cub/10shot/train/Gadwall/2616.jpg	Dark, rippling water.
../dataset/datasets/cub/10shot/train/Gadwall/2646.jpg	Water with ripples.
../dataset/datasets/cub/10shot/train/Gadwall/2595.jpg	Water with ripples.
../dataset/datasets/cub/10shot/train/American_Goldfinch/2682.jpg	Blurred greenery.
../dataset/datasets/cub/10shot/train/American_Goldfinch/2690.jpg	Clear blue sky.
../dataset/datasets/cub/10shot/train/American_Goldfinch/2684.jpg	Green foliage, blurred background.
../dataset/datasets/cub/10shot/train/American_Goldfinch/2704.jpg	Green, blurred background.
../dataset/datasets/cub/10shot/train/American_Goldfinch/2651.jpg	The background is green and blurred.
../dataset/datasets/cub/10shot/train/American_Goldfinch/2663.jpg	Green, blurred foliage.
../dataset/datasets/cub/10shot/train/American_Goldfinch/2687.jpg	Green leaves and tree trunk.
../dataset/datasets/cub/10shot/train/American_Goldfinch/2667.jpg	The background is a clear blue sky.
../dataset/datasets/cub/10shot/train/American_Goldfinch/2668.jpg	Green leaves and blurred background.
../dataset/datasets/cub/10shot/train/American_Goldfinch/2656.jpg	The background is blurred green.
../dataset/datasets/cub/10shot/train/European_Goldfinch/2748.jpg	The background is blurred green.
../dataset/datasets/cub/10shot/train/European_Goldfinch/2741.jpg	The background is green and blurred.
../dataset/datasets/cub/10shot/train/European_Goldfinch/2729.jpg	A bird perched on branch, green background.
../dataset/datasets/cub/10shot/train/European_Goldfinch/2754.jpg	The background is blurred, with muted greens and grays.
../dataset/datasets/cub/10shot/train/European_Goldfinch/2721.jpg	A bird perched on a branch with green foliage and plants behind it.
../dataset/datasets/cub/10shot/train/European_Goldfinch/2756.jpg	Grassy field.
../dataset/datasets/cub/10shot/train/European_Goldfinch/2719.jpg	Grass, rocks, flowers.
../dataset/datasets/cub/10shot/train/European_Goldfinch/2745.jpg	The background is blurred, with hints of blue and white.
../dataset/datasets/cub/10shot/train/European_Goldfinch/2728.jpg	A bird perched on branch near water.
../dataset/datasets/cub/10shot/train/European_Goldfinch/2726.jpg	A bird perched on branch against green backdrop.
../dataset/datasets/cub/10shot/train/Boat_tailed_Grackle/2788.jpg	Blue sky, water.
../dataset/datasets/cub/10shot/train/Boat_tailed_Grackle/2820.jpg	The background is blurred, suggesting a natural outdoor setting with muted colors.
../dataset/datasets/cub/10shot/train/Boat_tailed_Grackle/2779.jpg	A bird perched on branches against a clear blue sky.
../dataset/datasets/cub/10shot/train/Boat_tailed_Grackle/2828.jpg	Green foliage.
../dataset/datasets/cub/10shot/train/Boat_tailed_Grackle/2775.jpg	The background is blurred, with soft green and brown tones.
../dataset/datasets/cub/10shot/train/Boat_tailed_Grackle/2793.jpg	The background is blurred, with indistinct shapes and muted colors.
../dataset/datasets/cub/10shot/train/Boat_tailed_Grackle/2800.jpg	Dry grass, blue sky, water.
../dataset/datasets/cub/10shot/train/Boat_tailed_Grackle/2797.jpg	The background is blurred green foliage.
../dataset/datasets/cub/10shot/train/Boat_tailed_Grackle/2825.jpg	Blurred grass and sky.
../dataset/datasets/cub/10shot/train/Boat_tailed_Grackle/2777.jpg	The background is sandy and light-colored.
../dataset/datasets/cub/10shot/train/Eared_Grebe/2870.jpg	The background is a calm, blue water surface with a subtle reflection.
../dataset/datasets/cub/10shot/train/Eared_Grebe/2877.jpg	A bird on calm blue water.
../dataset/datasets/cub/10shot/train/Eared_Grebe/2876.jpg	Water.
../dataset/datasets/cub/10shot/train/Eared_Grebe/2841.jpg	A bird on rippling water.
../dataset/datasets/cub/10shot/train/Eared_Grebe/2850.jpg	The background is a calm, muted water surface.
../dataset/datasets/cub/10shot/train/Eared_Grebe/2844.jpg	Dark water.
../dataset/datasets/cub/10shot/train/Eared_Grebe/2872.jpg	Water.
../dataset/datasets/cub/10shot/train/Eared_Grebe/2855.jpg	A bird on calm water.
../dataset/datasets/cub/10shot/train/Eared_Grebe/2881.jpg	A bird on calm water.
../dataset/datasets/cub/10shot/train/Eared_Grebe/2856.jpg	Water with ripples.
../dataset/datasets/cub/10shot/train/Horned_Grebe/2943.jpg	A bird swimming in clear water.
../dataset/datasets/cub/10shot/train/Horned_Grebe/2895.jpg	Water.
../dataset/datasets/cub/10shot/train/Horned_Grebe/2903.jpg	Water.
../dataset/datasets/cub/10shot/train/Horned_Grebe/2916.jpg	A bird on pebbled beach, waves in background.
../dataset/datasets/cub/10shot/train/Horned_Grebe/2927.jpg	The background is calm water.
../dataset/datasets/cub/10shot/train/Horned_Grebe/2922.jpg	Water.
../dataset/datasets/cub/10shot/train/Horned_Grebe/2930.jpg	A bird swims on calm water.
../dataset/datasets/cub/10shot/train/Horned_Grebe/2928.jpg	Water surface.
../dataset/datasets/cub/10shot/train/Horned_Grebe/2894.jpg	A bird on calm water.
../dataset/datasets/cub/10shot/train/Horned_Grebe/2931.jpg	Ripples on water surface.
../dataset/datasets/cub/10shot/train/Pied_billed_Grebe/3000.jpg	Dark, blurred water.
../dataset/datasets/cub/10shot/train/Pied_billed_Grebe/2966.jpg	The background is water.
../dataset/datasets/cub/10shot/train/Pied_billed_Grebe/2998.jpg	Water with lily pads.
../dataset/datasets/cub/10shot/train/Pied_billed_Grebe/2969.jpg	Ripples on water surface.
../dataset/datasets/cub/10shot/train/Pied_billed_Grebe/3002.jpg	Water with ripples and reflections.
../dataset/datasets/cub/10shot/train/Pied_billed_Grebe/2972.jpg	Reeds and water.
../dataset/datasets/cub/10shot/train/Pied_billed_Grebe/2976.jpg	The bird is on a concrete surface with scattered leaves and a green pole nearby.
../dataset/datasets/cub/10shot/train/Pied_billed_Grebe/2978.jpg	Water with ice patches.
../dataset/datasets/cub/10shot/train/Pied_billed_Grebe/2956.jpg	Water with ripples.
../dataset/datasets/cub/10shot/train/Pied_billed_Grebe/2964.jpg	Dark, reflective surface.
../dataset/datasets/cub/10shot/train/Western_Grebe/3046.jpg	Water.
../dataset/datasets/cub/10shot/train/Western_Grebe/3030.jpg	Water.
../dataset/datasets/cub/10shot/train/Western_Grebe/3052.jpg	Water with ripples.
../dataset/datasets/cub/10shot/train/Western_Grebe/3027.jpg	The background is calm water with ripples.
../dataset/datasets/cub/10shot/train/Western_Grebe/3048.jpg	Green water with debris.
../dataset/datasets/cub/10shot/train/Western_Grebe/3047.jpg	The background is a calm, blue water surface.
../dataset/datasets/cub/10shot/train/Western_Grebe/3040.jpg	Water.
../dataset/datasets/cub/10shot/train/Western_Grebe/3028.jpg	Water with ripples.
../dataset/datasets/cub/10shot/train/Western_Grebe/3054.jpg	A bird swims on calm water.
../dataset/datasets/cub/10shot/train/Western_Grebe/3031.jpg	The background is calm blue water.
../dataset/datasets/cub/10shot/train/Blue_Grosbeak/3082.jpg	Green leaves.
../dataset/datasets/cub/10shot/train/Blue_Grosbeak/3113.jpg	A bird perched on a branch against a clear sky.
../dataset/datasets/cub/10shot/train/Blue_Grosbeak/3103.jpg	Green foliage.
../dataset/datasets/cub/10shot/train/Blue_Grosbeak/3126.jpg	Green foliage.
../dataset/datasets/cub/10shot/train/Blue_Grosbeak/3120.jpg	Dry, blurred grass.
../dataset/datasets/cub/10shot/train/Blue_Grosbeak/3121.jpg	Green plants and small yellow flowers.
../dataset/datasets/cub/10shot/train/Blue_Grosbeak/3077.jpg	Green, blurred foliage.
../dataset/datasets/cub/10shot/train/Blue_Grosbeak/3104.jpg	Leaves and grass.
../dataset/datasets/cub/10shot/train/Blue_Grosbeak/3070.jpg	Blurred green foliage.
../dataset/datasets/cub/10shot/train/Blue_Grosbeak/3086.jpg	The background consists of dry grass and twigs.
../dataset/datasets/cub/10shot/train/Evening_Grosbeak/3161.jpg	Green, blurred foliage.
../dataset/datasets/cub/10shot/train/Evening_Grosbeak/3147.jpg	The background is blurred, showing a snowy or wintry scene with bare branches.
../dataset/datasets/cub/10shot/train/Evening_Grosbeak/3158.jpg	The background is blurred, warm tones.
../dataset/datasets/cub/10shot/train/Evening_Grosbeak/3141.jpg	Green foliage, wooden post.
../dataset/datasets/cub/10shot/train/Evening_Grosbeak/3139.jpg	Blurred greenery.
../dataset/datasets/cub/10shot/train/Evening_Grosbeak/3143.jpg	The background is blurred, showing trees and a feeder.
../dataset/datasets/cub/10shot/train/Evening_Grosbeak/3173.jpg	Green, blurred, natural setting.
../dataset/datasets/cub/10shot/train/Evening_Grosbeak/3189.jpg	Wooden structure, blurred background.
../dataset/datasets/cub/10shot/train/Evening_Grosbeak/3159.jpg	The background is blurred green foliage.
../dataset/datasets/cub/10shot/train/Evening_Grosbeak/3167.jpg	The background is blurred, with muted browns and blues.
../dataset/datasets/cub/10shot/train/Pine_Grosbeak/3212.jpg	The background is white and snowy.
../dataset/datasets/cub/10shot/train/Pine_Grosbeak/3215.jpg	The background is blurred, with reddish berries and branches.
../dataset/datasets/cub/10shot/train/Pine_Grosbeak/3241.jpg	Green, blurred foliage.
../dataset/datasets/cub/10shot/train/Pine_Grosbeak/3199.jpg	A bird perched on a tree branch against a blue sky.
../dataset/datasets/cub/10shot/train/Pine_Grosbeak/3235.jpg	A bird perched on a branch with snow and trees in the background.
../dataset/datasets/cub/10shot/train/Pine_Grosbeak/3200.jpg	A bird perched on red berries against a blue sky.
../dataset/datasets/cub/10shot/train/Pine_Grosbeak/3207.jpg	Green, blurred foliage.
../dataset/datasets/cub/10shot/train/Pine_Grosbeak/3210.jpg	The background is blurred, showing a mix of green and white hues.
../dataset/datasets/cub/10shot/train/Pine_Grosbeak/3217.jpg	The background consists of dry leaves and grass.
../dataset/datasets/cub/10shot/train/Pine_Grosbeak/3232.jpg	Snowy ground with scattered seeds.
../dataset/datasets/cub/10shot/train/Rose_breasted_Grosbeak/3266.jpg	Green grassy field.
../dataset/datasets/cub/10shot/train/Rose_breasted_Grosbeak/3268.jpg	Green, blurred background.
../dataset/datasets/cub/10shot/train/Rose_breasted_Grosbeak/3283.jpg	The background is blurred, greenish-gray.
../dataset/datasets/cub/10shot/train/Rose_breasted_Grosbeak/3308.jpg	Green leaves.
../dataset/datasets/cub/10shot/train/Rose_breasted_Grosbeak/3306.jpg	A bird perched on branches against a pale sky.
../dataset/datasets/cub/10shot/train/Rose_breasted_Grosbeak/3274.jpg	A bird perched on branch with blurred leaves and sky.
../dataset/datasets/cub/10shot/train/Rose_breasted_Grosbeak/3303.jpg	Blurred green and brown.
../dataset/datasets/cub/10shot/train/Rose_breasted_Grosbeak/3304.jpg	Green foliage, blurred background.
../dataset/datasets/cub/10shot/train/Rose_breasted_Grosbeak/3262.jpg	Blurred green background.
../dataset/datasets/cub/10shot/train/Rose_breasted_Grosbeak/3275.jpg	Green, blurred background.
../dataset/datasets/cub/10shot/train/Pigeon_Guillemot/3343.jpg	Rocky, pebbled surface.
../dataset/datasets/cub/10shot/train/Pigeon_Guillemot/3348.jpg	Water.
../dataset/datasets/cub/10shot/train/Pigeon_Guillemot/3316.jpg	Dark, water-like surface.
../dataset/datasets/cub/10shot/train/Pigeon_Guillemot/3339.jpg	Green foliage, blurred background.
../dataset/datasets/cub/10shot/train/Pigeon_Guillemot/3347.jpg	Rocky cliff with moss and water.
../dataset/datasets/cub/10shot/train/Pigeon_Guillemot/3352.jpg	Ocean water.
../dataset/datasets/cub/10shot/train/Pigeon_Guillemot/3340.jpg	A bird with wings spread, splashing water, against a blurred blue sky.
../dataset/datasets/cub/10shot/train/Pigeon_Guillemot/3346.jpg	The background is blurred, suggesting a natural setting.
../dataset/datasets/cub/10shot/train/Pigeon_Guillemot/3311.jpg	A bird stands on a rough, gray surface.
../dataset/datasets/cub/10shot/train/Pigeon_Guillemot/3324.jpg	Rocky, seaweed-covered ground.
../dataset/datasets/cub/10shot/train/California_Gull/3392.jpg	The background is sandy and flat.
../dataset/datasets/cub/10shot/train/California_Gull/3405.jpg	Rocky shoreline, water.
../dataset/datasets/cub/10shot/train/California_Gull/3394.jpg	Water, grass, rocks.
../dataset/datasets/cub/10shot/train/California_Gull/3395.jpg	Water and pavement.
../dataset/datasets/cub/10shot/train/California_Gull/3397.jpg	A bird stands on sandy ground with blurred horizon and sky.
../dataset/datasets/cub/10shot/train/California_Gull/3371.jpg	Clear blue sky.
../dataset/datasets/cub/10shot/train/California_Gull/3412.jpg	The background is a uniform gray.
../dataset/datasets/cub/10shot/train/California_Gull/3398.jpg	A bird is flying over water with a ship in the background.
../dataset/datasets/cub/10shot/train/California_Gull/3375.jpg	A bird stands on sandy beach with blurred background.
../dataset/datasets/cub/10shot/train/California_Gull/3401.jpg	A bird stands on wet, textured ground.
../dataset/datasets/cub/10shot/train/Glaucous_winged_Gull/3456.jpg	Water.
../dataset/datasets/cub/10shot/train/Glaucous_winged_Gull/3443.jpg	Rocky, moss-covered ground.
../dataset/datasets/cub/10shot/train/Glaucous_winged_Gull/3467.jpg	Blurred green and brown foliage.
../dataset/datasets/cub/10shot/train/Glaucous_winged_Gull/3479.jpg	Water and trees.
../dataset/datasets/cub/10shot/train/Glaucous_winged_Gull/3435.jpg	A bird perched on a post against a blue sky.
../dataset/datasets/cub/10shot/train/Glaucous_winged_Gull/3486.jpg	Wet, reflective water.
../dataset/datasets/cub/10shot/train/Glaucous_winged_Gull/3430.jpg	Water and reflections.
../dataset/datasets/cub/10shot/train/Glaucous_winged_Gull/3447.jpg	The background is a muted, grayish-blue water.
../dataset/datasets/cub/10shot/train/Glaucous_winged_Gull/3437.jpg	A bird stands on sand near rocks and water.
../dataset/datasets/cub/10shot/train/Glaucous_winged_Gull/3484.jpg	A bird on wet pavement with grass and sidewalk in background.
../dataset/datasets/cub/10shot/train/Heermann_Gull/3517.jpg	Wet, reflective surface with seaweed.
../dataset/datasets/cub/10shot/train/Heermann_Gull/3512.jpg	Rocky, blurred.
../dataset/datasets/cub/10shot/train/Heermann_Gull/3533.jpg	A bird against clear blue sky.
../dataset/datasets/cub/10shot/train/Heermann_Gull/3497.jpg	A bird stands on rocks near water.
../dataset/datasets/cub/10shot/train/Heermann_Gull/3507.jpg	Rocky, water.
../dataset/datasets/cub/10shot/train/Heermann_Gull/3503.jpg	The background is a plain, light sky.
../dataset/datasets/cub/10shot/train/Heermann_Gull/3524.jpg	Ocean waves.
../dataset/datasets/cub/10shot/train/Heermann_Gull/3488.jpg	A bird stands on wet sand with water in the background.
../dataset/datasets/cub/10shot/train/Heermann_Gull/3532.jpg	The background is sandy and blurred.
../dataset/datasets/cub/10shot/train/Heermann_Gull/3540.jpg	Sandy beach, concrete barrier.
../dataset/datasets/cub/10shot/train/Herring_Gull/3555.jpg	The background is a plain, light gray sky.
../dataset/datasets/cub/10shot/train/Herring_Gull/3561.jpg	A bird stands on rocks with pine needles and water in the background.
../dataset/datasets/cub/10shot/train/Herring_Gull/3558.jpg	Water, dock, boats.
../dataset/datasets/cub/10shot/train/Herring_Gull/3606.jpg	A bird stands on rocks near water.
../dataset/datasets/cub/10shot/train/Herring_Gull/3602.jpg	Rushing water, rocks.
../dataset/datasets/cub/10shot/train/Herring_Gull/3551.jpg	Rocky, grassy, water.
../dataset/datasets/cub/10shot/train/Herring_Gull/3574.jpg	Cloudy sky, water, distant land.
../dataset/datasets/cub/10shot/train/Herring_Gull/3595.jpg	A bird perched on car, Fisherman's Grotto sign visible in background.
../dataset/datasets/cub/10shot/train/Herring_Gull/3599.jpg	Clear blue sky.
../dataset/datasets/cub/10shot/train/Herring_Gull/3588.jpg	The background is a blurred body of water.
../dataset/datasets/cub/10shot/train/Ivory_Gull/3658.jpg	The background consists of pebbles and a dark, out-of-focus structure.
../dataset/datasets/cub/10shot/train/Ivory_Gull/3663.jpg	The background is dark and blurred.
../dataset/datasets/cub/10shot/train/Ivory_Gull/3621.jpg	A bird stands on sandy beach with seaweed and rocks.
../dataset/datasets/cub/10shot/train/Ivory_Gull/3635.jpg	The background is a blurred, icy landscape.
../dataset/datasets/cub/10shot/train/Ivory_Gull/3612.jpg	Frozen water.
../dataset/datasets/cub/10shot/train/Ivory_Gull/3634.jpg	A bird soars against a clear blue sky.
../dataset/datasets/cub/10shot/train/Ivory_Gull/3661.jpg	Snowy, rocky, icy ground.
../dataset/datasets/cub/10shot/train/Ivory_Gull/3620.jpg	Water and pebbles.
../dataset/datasets/cub/10shot/train/Ivory_Gull/3650.jpg	Clear blue sky.
../dataset/datasets/cub/10shot/train/Ivory_Gull/3611.jpg	A bird stands on icy ground with snow-covered landscape behind.
../dataset/datasets/cub/10shot/train/Ring_billed_Gull/3674.jpg	Water.
../dataset/datasets/cub/10shot/train/Ring_billed_Gull/3701.jpg	A bird stands on pebbles and shells.
../dataset/datasets/cub/10shot/train/Ring_billed_Gull/3681.jpg	The background is a textured, gray surface with a yellow line.
../dataset/datasets/cub/10shot/train/Ring_billed_Gull/3702.jpg	The background is gray and textured, possibly concrete or asphalt.
../dataset/datasets/cub/10shot/train/Ring_billed_Gull/3724.jpg	A bird stands on pavement with red and black background.
../dataset/datasets/cub/10shot/train/Ring_billed_Gull/3694.jpg	The background is blurred with indistinct colors and shapes.
../dataset/datasets/cub/10shot/train/Ring_billed_Gull/3710.jpg	The background is blurred, suggesting water and possibly a distant shoreline.
../dataset/datasets/cub/10shot/train/Ring_billed_Gull/3695.jpg	The background is blurred, showing earthy tones and water.
../dataset/datasets/cub/10shot/train/Ring_billed_Gull/3715.jpg	Water.
../dataset/datasets/cub/10shot/train/Ring_billed_Gull/3692.jpg	A bird stands on sandy beach with water nearby.
../dataset/datasets/cub/10shot/train/Slaty_backed_Gull/3743.jpg	The background is dark and blurry, suggesting water or sky.
../dataset/datasets/cub/10shot/train/Slaty_backed_Gull/3769.jpg	Cloudy sky.
../dataset/datasets/cub/10shot/train/Slaty_backed_Gull/3739.jpg	The background is a plain, gray surface.
../dataset/datasets/cub/10shot/train/Slaty_backed_Gull/3747.jpg	A bird stands on ice.
../dataset/datasets/cub/10shot/train/Slaty_backed_Gull/3762.jpg	A bird stands on railing, water behind.
../dataset/datasets/cub/10shot/train/Slaty_backed_Gull/3775.jpg	The background is a blurred blue water.
../dataset/datasets/cub/10shot/train/Slaty_backed_Gull/3774.jpg	Water.
../dataset/datasets/cub/10shot/train/Slaty_backed_Gull/3734.jpg	Ocean waves.
../dataset/datasets/cub/10shot/train/Slaty_backed_Gull/3731.jpg	A bird in water.
../dataset/datasets/cub/10shot/train/Slaty_backed_Gull/3741.jpg	A bird stands on rocks with blurred background.
../dataset/datasets/cub/10shot/train/Western_Gull/3816.jpg	Water and rocks.
../dataset/datasets/cub/10shot/train/Western_Gull/3819.jpg	Muddy, wet ground.
../dataset/datasets/cub/10shot/train/Western_Gull/3817.jpg	Ocean waves, cloudy sky.
../dataset/datasets/cub/10shot/train/Western_Gull/3815.jpg	Green grass, blurred trees, car.
../dataset/datasets/cub/10shot/train/Western_Gull/3794.jpg	A bird against clear blue sky.
../dataset/datasets/cub/10shot/train/Western_Gull/3822.jpg	Water.
../dataset/datasets/cub/10shot/train/Western_Gull/3833.jpg	A bird stands on sandy beach with blurred water in the background.
../dataset/datasets/cub/10shot/train/Western_Gull/3795.jpg	Ocean and sky.
../dataset/datasets/cub/10shot/train/Western_Gull/3790.jpg	A bird stands against a brick wall with a dark base.
../dataset/datasets/cub/10shot/train/Western_Gull/3807.jpg	A bird stands on ice with blurred background.
../dataset/datasets/cub/10shot/train/Anna_Hummingbird/3868.jpg	Clear blue sky.
../dataset/datasets/cub/10shot/train/Anna_Hummingbird/3858.jpg	Blurred, dark brown.
../dataset/datasets/cub/10shot/train/Anna_Hummingbird/3843.jpg	The background is blurred and light-colored.
../dataset/datasets/cub/10shot/train/Anna_Hummingbird/3841.jpg	The background is blurred with green and brown tones.
../dataset/datasets/cub/10shot/train/Anna_Hummingbird/3894.jpg	The background is blurred and neutral.
../dataset/datasets/cub/10shot/train/Anna_Hummingbird/3845.jpg	The background is blurred with red and white tones.
../dataset/datasets/cub/10shot/train/Anna_Hummingbird/3861.jpg	Green leaves, blurred background.
../dataset/datasets/cub/10shot/train/Anna_Hummingbird/3874.jpg	Blurred green and brown.
../dataset/datasets/cub/10shot/train/Anna_Hummingbird/3887.jpg	Blurred, soft focus.
../dataset/datasets/cub/10shot/train/Anna_Hummingbird/3862.jpg	Blurred green and brown.
../dataset/datasets/cub/10shot/train/Ruby_throated_Hummingbird/3956.jpg	Green background.
../dataset/datasets/cub/10shot/train/Ruby_throated_Hummingbird/3955.jpg	Blurred blue sky with green foliage.
../dataset/datasets/cub/10shot/train/Ruby_throated_Hummingbird/3954.jpg	Blurred, out-of-focus background.
../dataset/datasets/cub/10shot/train/Ruby_throated_Hummingbird/3942.jpg	Blurred branches and sky.
../dataset/datasets/cub/10shot/train/Ruby_throated_Hummingbird/3913.jpg	The background is blurred, green and brown.
../dataset/datasets/cub/10shot/train/Ruby_throated_Hummingbird/3928.jpg	Blurred green and brown.
../dataset/datasets/cub/10shot/train/Ruby_throated_Hummingbird/3920.jpg	Blurred green and blue.
../dataset/datasets/cub/10shot/train/Ruby_throated_Hummingbird/3915.jpg	Blurred green background.
../dataset/datasets/cub/10shot/train/Ruby_throated_Hummingbird/3906.jpg	The background is blurred, with muted green and yellow tones.
../dataset/datasets/cub/10shot/train/Ruby_throated_Hummingbird/3946.jpg	Green, blurred foliage.
../dataset/datasets/cub/10shot/train/Rufous_Hummingbird/3997.jpg	Green, blurred background.
../dataset/datasets/cub/10shot/train/Rufous_Hummingbird/3984.jpg	Green leaves and branches.
../dataset/datasets/cub/10shot/train/Rufous_Hummingbird/3990.jpg	The background is a plain, light beige color.
../dataset/datasets/cub/10shot/train/Rufous_Hummingbird/3970.jpg	Green and blurred.
../dataset/datasets/cub/10shot/train/Rufous_Hummingbird/3961.jpg	Green, blurred background.
../dataset/datasets/cub/10shot/train/Rufous_Hummingbird/3957.jpg	The background is green and blurred.
../dataset/datasets/cub/10shot/train/Rufous_Hummingbird/4007.jpg	Green, blurred background.
../dataset/datasets/cub/10shot/train/Rufous_Hummingbird/3995.jpg	Blurred green background.
../dataset/datasets/cub/10shot/train/Rufous_Hummingbird/3988.jpg	Green leaves, blurred background.
../dataset/datasets/cub/10shot/train/Rufous_Hummingbird/4005.jpg	Green leaves and branches.
../dataset/datasets/cub/10shot/train/Green_Violetear/4055.jpg	Blurred green and brown.
../dataset/datasets/cub/10shot/train/Green_Violetear/4031.jpg	Blurred green background.
../dataset/datasets/cub/10shot/train/Green_Violetear/4067.jpg	Green, blurred background.
../dataset/datasets/cub/10shot/train/Green_Violetear/4049.jpg	The background is blurred green.
../dataset/datasets/cub/10shot/train/Green_Violetear/4019.jpg	Blurred, natural setting.
../dataset/datasets/cub/10shot/train/Green_Violetear/4035.jpg	The background is blurred green foliage.
../dataset/datasets/cub/10shot/train/Green_Violetear/4032.jpg	The background is blurred green foliage.
../dataset/datasets/cub/10shot/train/Green_Violetear/4057.jpg	Blurred green and brown.
../dataset/datasets/cub/10shot/train/Green_Violetear/4029.jpg	Green leaves, blurred background.
../dataset/datasets/cub/10shot/train/Green_Violetear/4030.jpg	The background features blurred green foliage and red flowers.
../dataset/datasets/cub/10shot/train/Long_tailed_Jaeger/4127.jpg	A bird soars over a plain, blurred background.
../dataset/datasets/cub/10shot/train/Long_tailed_Jaeger/4113.jpg	A bird soars against a clear blue sky.
../dataset/datasets/cub/10shot/train/Long_tailed_Jaeger/4103.jpg	Clear blue sky.
../dataset/datasets/cub/10shot/train/Long_tailed_Jaeger/4130.jpg	Dry grass and shrubs.
../dataset/datasets/cub/10shot/train/Long_tailed_Jaeger/4129.jpg	Clear blue sky.
../dataset/datasets/cub/10shot/train/Long_tailed_Jaeger/4091.jpg	Water.
../dataset/datasets/cub/10shot/train/Long_tailed_Jaeger/4117.jpg	The bird is set against a plain, light gray background.
../dataset/datasets/cub/10shot/train/Long_tailed_Jaeger/4114.jpg	Foggy, icy landscape.
../dataset/datasets/cub/10shot/train/Long_tailed_Jaeger/4105.jpg	Water and rocks.
../dataset/datasets/cub/10shot/train/Long_tailed_Jaeger/4134.jpg	Clear blue sky.
../dataset/datasets/cub/10shot/train/Pomarine_Jaeger/4142.jpg	Clear blue sky.
../dataset/datasets/cub/10shot/train/Pomarine_Jaeger/4157.jpg	Beach, sand, water.
../dataset/datasets/cub/10shot/train/Pomarine_Jaeger/4149.jpg	A bird soars against a clear sky.
../dataset/datasets/cub/10shot/train/Pomarine_Jaeger/4173.jpg	A bird flying over rippling water.
../dataset/datasets/cub/10shot/train/Pomarine_Jaeger/4178.jpg	Clear blue sky.
../dataset/datasets/cub/10shot/train/Pomarine_Jaeger/4156.jpg	A bird soars against a clear blue sky.
../dataset/datasets/cub/10shot/train/Pomarine_Jaeger/4154.jpg	Water.
../dataset/datasets/cub/10shot/train/Pomarine_Jaeger/4191.jpg	Clear blue sky.
../dataset/datasets/cub/10shot/train/Pomarine_Jaeger/4193.jpg	Clear blue sky.
../dataset/datasets/cub/10shot/train/Pomarine_Jaeger/4155.jpg	The background is dry, grassy terrain.
../dataset/datasets/cub/10shot/train/Blue_Jay/4251.jpg	Blurred greenery.
../dataset/datasets/cub/10shot/train/Blue_Jay/4254.jpg	The background is blurred, suggesting a natural outdoor setting with muted colors.
../dataset/datasets/cub/10shot/train/Blue_Jay/4203.jpg	A bird perched on branch, blurred background.
../dataset/datasets/cub/10shot/train/Blue_Jay/4221.jpg	A bird perched on a fence against a textured wall.
../dataset/datasets/cub/10shot/train/Blue_Jay/4219.jpg	Snowy, blurred background.
../dataset/datasets/cub/10shot/train/Blue_Jay/4211.jpg	Ground with scattered seeds and leaves.
../dataset/datasets/cub/10shot/train/Blue_Jay/4233.jpg	The background is blurred, with muted colors and tree branches.
../dataset/datasets/cub/10shot/train/Blue_Jay/4230.jpg	A bird with a blurred yellow and orange background.
../dataset/datasets/cub/10shot/train/Blue_Jay/4241.jpg	The background is blurred green foliage.
../dataset/datasets/cub/10shot/train/Blue_Jay/4232.jpg	A bird stands on sandy ground with dried leaves and twigs.
../dataset/datasets/cub/10shot/train/Florida_Jay/4301.jpg	Grassy field.
../dataset/datasets/cub/10shot/train/Florida_Jay/4263.jpg	A bird perched on wooden fence with green foliage behind.
../dataset/datasets/cub/10shot/train/Florida_Jay/4269.jpg	The background is a plain, light blue sky.
../dataset/datasets/cub/10shot/train/Florida_Jay/4275.jpg	Clear blue sky, bare branches.
../dataset/datasets/cub/10shot/train/Florida_Jay/4271.jpg	Green foliage, blurred background.
../dataset/datasets/cub/10shot/train/Florida_Jay/4268.jpg	Green, blurred foliage.
../dataset/datasets/cub/10shot/train/Florida_Jay/4299.jpg	A bird perched on tree branch with green leaves and blue sky.
../dataset/datasets/cub/10shot/train/Florida_Jay/4259.jpg	Green foliage.
../dataset/datasets/cub/10shot/train/Florida_Jay/4286.jpg	Blurred greenery.
../dataset/datasets/cub/10shot/train/Florida_Jay/4267.jpg	Brown, dry grass.
../dataset/datasets/cub/10shot/train/Green_Jay/4334.jpg	The background is blurred with green foliage and tree bark.
../dataset/datasets/cub/10shot/train/Green_Jay/4350.jpg	The background is a blurred mix of brown and green foliage.
../dataset/datasets/cub/10shot/train/Green_Jay/4363.jpg	The background is blurred with green foliage and tree branches.
../dataset/datasets/cub/10shot/train/Green_Jay/4320.jpg	The background is blurred greenery and tree trunk.
../dataset/datasets/cub/10shot/train/Green_Jay/4341.jpg	The background is blurred green foliage.
../dataset/datasets/cub/10shot/train/Green_Jay/4349.jpg	A bird perched on tree branch, surrounded by green foliage.
../dataset/datasets/cub/10shot/train/Green_Jay/4326.jpg	The background is blurred green foliage and tree trunks.
../dataset/datasets/cub/10shot/train/Green_Jay/4332.jpg	A bird perched on tree branches with blurred greenery.
../dataset/datasets/cub/10shot/train/Green_Jay/4325.jpg	Green leaves and branches.
../dataset/datasets/cub/10shot/train/Green_Jay/4352.jpg	The bird is on dry grass and leaves.
../dataset/datasets/cub/10shot/train/Dark_eyed_Junco/4390.jpg	Fall leaves, grass.
../dataset/datasets/cub/10shot/train/Dark_eyed_Junco/4391.jpg	Dry, brown branches.
../dataset/datasets/cub/10shot/train/Dark_eyed_Junco/4385.jpg	The background consists of pine needles and grass.
../dataset/datasets/cub/10shot/train/Dark_eyed_Junco/4429.jpg	A bird perched on a branch with green leaves and blue sky.
../dataset/datasets/cub/10shot/train/Dark_eyed_Junco/4407.jpg	Snowy ground, fence.
../dataset/datasets/cub/10shot/train/Dark_eyed_Junco/4424.jpg	pine branches, green needles.
../dataset/datasets/cub/10shot/train/Dark_eyed_Junco/4398.jpg	The background is blurred, showing muted colors and possibly trees or branches.
../dataset/datasets/cub/10shot/train/Dark_eyed_Junco/4432.jpg	A bird perched on branch against blue sky.
../dataset/datasets/cub/10shot/train/Dark_eyed_Junco/4427.jpg	The background is blurred and out of focus.
../dataset/datasets/cub/10shot/train/Dark_eyed_Junco/4417.jpg	Grass, rocks, blurred.
../dataset/datasets/cub/10shot/train/Tropical_Kingbird/4490.jpg	Green, blurred foliage.
../dataset/datasets/cub/10shot/train/Tropical_Kingbird/4475.jpg	The background is blurred green.
../dataset/datasets/cub/10shot/train/Tropical_Kingbird/4483.jpg	Clear blue sky.
../dataset/datasets/cub/10shot/train/Tropical_Kingbird/4450.jpg	The background is blurred, dark, and cloudy.
../dataset/datasets/cub/10shot/train/Tropical_Kingbird/4471.jpg	Green, blurred background.
../dataset/datasets/cub/10shot/train/Tropical_Kingbird/4448.jpg	Green, blurred background.
../dataset/datasets/cub/10shot/train/Tropical_Kingbird/4459.jpg	Blurred green background.
../dataset/datasets/cub/10shot/train/Tropical_Kingbird/4476.jpg	Clear blue sky.
../dataset/datasets/cub/10shot/train/Tropical_Kingbird/4445.jpg	The background is blurred with green and brown tones.
../dataset/datasets/cub/10shot/train/Tropical_Kingbird/4456.jpg	The background is plain white.
../dataset/datasets/cub/10shot/train/Gray_Kingbird/4530.jpg	The background is plain and light-colored.
../dataset/datasets/cub/10shot/train/Gray_Kingbird/4510.jpg	A bird perched on a rope against a clear blue sky.
../dataset/datasets/cub/10shot/train/Gray_Kingbird/4511.jpg	A bird perched on branch against blue sky.
../dataset/datasets/cub/10shot/train/Gray_Kingbird/4523.jpg	Green foliage.
../dataset/datasets/cub/10shot/train/Gray_Kingbird/4541.jpg	Green, blurred background.
../dataset/datasets/cub/10shot/train/Gray_Kingbird/4534.jpg	A bird perched on branches against a clear blue sky.
../dataset/datasets/cub/10shot/train/Gray_Kingbird/4521.jpg	Blurred trees and sky.
../dataset/datasets/cub/10shot/train/Gray_Kingbird/4540.jpg	Blurred green and brown.
../dataset/datasets/cub/10shot/train/Gray_Kingbird/4509.jpg	A bird perched on branch against clear sky.
../dataset/datasets/cub/10shot/train/Gray_Kingbird/4548.jpg	Green foliage, blurred background.
../dataset/datasets/cub/10shot/train/Belted_Kingfisher/4607.jpg	The background is plain and light-colored.
../dataset/datasets/cub/10shot/train/Belted_Kingfisher/4578.jpg	Blurred, tree branches.
../dataset/datasets/cub/10shot/train/Belted_Kingfisher/4554.jpg	Clear blue sky.
../dataset/datasets/cub/10shot/train/Belted_Kingfisher/4590.jpg	A bird perched on branch with green leaves.
../dataset/datasets/cub/10shot/train/Belted_Kingfisher/4553.jpg	A bird perched on wire, blurred trees behind.
../dataset/datasets/cub/10shot/train/Belted_Kingfisher/4599.jpg	The background is blurred, with soft, muted colors.
../dataset/datasets/cub/10shot/train/Belted_Kingfisher/4580.jpg	A bird soars against a clear blue sky.
../dataset/datasets/cub/10shot/train/Belted_Kingfisher/4609.jpg	A bird perched on branch, green foliage behind.
../dataset/datasets/cub/10shot/train/Belted_Kingfisher/4570.jpg	Clear sky, bare branches.
../dataset/datasets/cub/10shot/train/Belted_Kingfisher/4556.jpg	Clear blue sky.
../dataset/datasets/cub/10shot/train/Green_Kingfisher/4669.jpg	Green leaves, blurred background.
../dataset/datasets/cub/10shot/train/Green_Kingfisher/4645.jpg	The background is blurred, likely natural.
../dataset/datasets/cub/10shot/train/Green_Kingfisher/4627.jpg	Blurred green grass.
../dataset/datasets/cub/10shot/train/Green_Kingfisher/4672.jpg	A bird perched on branch over water with leaves and branches in background.
../dataset/datasets/cub/10shot/train/Green_Kingfisher/4658.jpg	Blurred green and brown.
../dataset/datasets/cub/10shot/train/Green_Kingfisher/4646.jpg	The background is blurred, showing branches and sky.
../dataset/datasets/cub/10shot/train/Green_Kingfisher/4654.jpg	Blurred green foliage.
../dataset/datasets/cub/10shot/train/Green_Kingfisher/4656.jpg	The background is blurred, showing a natural setting with muted colors.
../dataset/datasets/cub/10shot/train/Green_Kingfisher/4621.jpg	Green foliage, blurred background.
../dataset/datasets/cub/10shot/train/Green_Kingfisher/4639.jpg	Blurred branches and twigs.
../dataset/datasets/cub/10shot/train/Pied_Kingfisher/4706.jpg	A bird on rock, water behind.
../dataset/datasets/cub/10shot/train/Pied_Kingfisher/4677.jpg	Green leaves and branches.
../dataset/datasets/cub/10shot/train/Pied_Kingfisher/4723.jpg	The background is blurred with green and yellow hues.
../dataset/datasets/cub/10shot/train/Pied_Kingfisher/4692.jpg	The background is blurred with greenery and branches.
../dataset/datasets/cub/10shot/train/Pied_Kingfisher/4726.jpg	The background is a cloudy sky.
../dataset/datasets/cub/10shot/train/Pied_Kingfisher/4719.jpg	The background is blurry and appears to be water.
../dataset/datasets/cub/10shot/train/Pied_Kingfisher/4724.jpg	A bird stands on dry, earthy ground with scattered debris.
../dataset/datasets/cub/10shot/train/Pied_Kingfisher/4716.jpg	The bird is perched against a pale, cloudy sky.
../dataset/datasets/cub/10shot/train/Pied_Kingfisher/4718.jpg	A bird flying against a gray sky.
../dataset/datasets/cub/10shot/train/Pied_Kingfisher/4694.jpg	A bird perched on a stump against rippling water.
../dataset/datasets/cub/10shot/train/Ringed_Kingfisher/4767.jpg	A bird perched on branch, green foliage behind.
../dataset/datasets/cub/10shot/train/Ringed_Kingfisher/4776.jpg	The background is a mix of dirt, twigs, and branches.
../dataset/datasets/cub/10shot/train/Ringed_Kingfisher/4784.jpg	Green foliage.
../dataset/datasets/cub/10shot/train/Ringed_Kingfisher/4738.jpg	A bird perched on a wire against a clear blue sky.
../dataset/datasets/cub/10shot/train/Ringed_Kingfisher/4734.jpg	The background is blurred green foliage.
../dataset/datasets/cub/10shot/train/Ringed_Kingfisher/4762.jpg	A bird perched on a branch against a clear blue sky.
../dataset/datasets/cub/10shot/train/Ringed_Kingfisher/4786.jpg	The bird is set against a plain, light gray background.
../dataset/datasets/cub/10shot/train/Ringed_Kingfisher/4745.jpg	The background is a blurred, rocky landscape.
../dataset/datasets/cub/10shot/train/Ringed_Kingfisher/4765.jpg	Green, blurred foliage.
../dataset/datasets/cub/10shot/train/Ringed_Kingfisher/4770.jpg	The background is a plain, overcast sky.
../dataset/datasets/cub/10shot/train/White_breasted_Kingfisher/4840.jpg	A bird perched on branches against a clear blue sky.
../dataset/datasets/cub/10shot/train/White_breasted_Kingfisher/4810.jpg	The background is a mix of green foliage and brown earth.
../dataset/datasets/cub/10shot/train/White_breasted_Kingfisher/4804.jpg	The background features a blurred, natural setting with green foliage and a fence.
../dataset/datasets/cub/10shot/train/White_breasted_Kingfisher/4794.jpg	Blurred green and brown.
../dataset/datasets/cub/10shot/train/White_breasted_Kingfisher/4835.jpg	The background is green foliage.
../dataset/datasets/cub/10shot/train/White_breasted_Kingfisher/4851.jpg	The background is blurred and neutral-toned.
../dataset/datasets/cub/10shot/train/White_breasted_Kingfisher/4803.jpg	Blurred green background.
../dataset/datasets/cub/10shot/train/White_breasted_Kingfisher/4814.jpg	The background is blurred, with soft green and brown tones.
../dataset/datasets/cub/10shot/train/White_breasted_Kingfisher/4820.jpg	A bird perched on bare branches against a clear blue sky.
../dataset/datasets/cub/10shot/train/White_breasted_Kingfisher/4849.jpg	The background is blurred green.
../dataset/datasets/cub/10shot/train/Red_legged_Kittiwake/4899.jpg	A bird perched on rocky surface with greenery.
../dataset/datasets/cub/10shot/train/Red_legged_Kittiwake/4869.jpg	Water.
../dataset/datasets/cub/10shot/train/Red_legged_Kittiwake/4880.jpg	Rocky cliff.
../dataset/datasets/cub/10shot/train/Red_legged_Kittiwake/4868.jpg	A bird stands on rocks with blurred greenery and water in the background.
../dataset/datasets/cub/10shot/train/Red_legged_Kittiwake/4878.jpg	A bird stands on dark sand near water.
../dataset/datasets/cub/10shot/train/Red_legged_Kittiwake/4877.jpg	The bird is on rocky terrain with dark, earthy tones.
../dataset/datasets/cub/10shot/train/Red_legged_Kittiwake/4876.jpg	A bird perched on rock, water behind.
../dataset/datasets/cub/10shot/train/Red_legged_Kittiwake/4859.jpg	A bird on a rocky surface with a nest.
../dataset/datasets/cub/10shot/train/Red_legged_Kittiwake/4887.jpg	The background is dark and out of focus, possibly rocks or foliage.
../dataset/datasets/cub/10shot/train/Red_legged_Kittiwake/4894.jpg	Ocean waves.
../dataset/datasets/cub/10shot/train/Horned_Lark/4952.jpg	Blurred grassy field.
../dataset/datasets/cub/10shot/train/Horned_Lark/4957.jpg	A bird on sandy ground with small rocks.
../dataset/datasets/cub/10shot/train/Horned_Lark/4950.jpg	A bird on snowy ground with scattered seeds.
../dataset/datasets/cub/10shot/train/Horned_Lark/4906.jpg	Grassy field with blurred background.
../dataset/datasets/cub/10shot/train/Horned_Lark/4912.jpg	A bird stands on sandy ground near water.
../dataset/datasets/cub/10shot/train/Horned_Lark/4923.jpg	The background is a clear blue sky.
../dataset/datasets/cub/10shot/train/Horned_Lark/4941.jpg	The background is a soft, blurred green.
../dataset/datasets/cub/10shot/train/Horned_Lark/4946.jpg	Blurred green and yellow.
../dataset/datasets/cub/10shot/train/Horned_Lark/4922.jpg	Snowy ground.
../dataset/datasets/cub/10shot/train/Horned_Lark/4947.jpg	The background is snow-covered.
../dataset/datasets/cub/10shot/train/Pacific_Loon/5024.jpg	Water.
../dataset/datasets/cub/10shot/train/Pacific_Loon/5017.jpg	Water with reflections and small debris.
../dataset/datasets/cub/10shot/train/Pacific_Loon/5019.jpg	The background is water.
../dataset/datasets/cub/10shot/train/Pacific_Loon/4985.jpg	The background is dark water.
../dataset/datasets/cub/10shot/train/Pacific_Loon/4968.jpg	Water with ripples.
../dataset/datasets/cub/10shot/train/Pacific_Loon/4994.jpg	Water with ripples.
../dataset/datasets/cub/10shot/train/Pacific_Loon/4975.jpg	A bird on calm water.
../dataset/datasets/cub/10shot/train/Pacific_Loon/5023.jpg	A bird swimming on rippling water.
../dataset/datasets/cub/10shot/train/Pacific_Loon/4993.jpg	The background is sandy and flat.
../dataset/datasets/cub/10shot/train/Pacific_Loon/4988.jpg	A bird on rippling water.
../dataset/datasets/cub/10shot/train/Mallard/5069.jpg	Green grass with yellow flowers.
../dataset/datasets/cub/10shot/train/Mallard/5039.jpg	The background is blurry and consists of earthy tones.
../dataset/datasets/cub/10shot/train/Mallard/5047.jpg	Grass and water.
../dataset/datasets/cub/10shot/train/Mallard/5032.jpg	Water with reflections.
../dataset/datasets/cub/10shot/train/Mallard/5080.jpg	Gravel and grass.
../dataset/datasets/cub/10shot/train/Mallard/5075.jpg	Dirt and rocks.
../dataset/datasets/cub/10shot/train/Mallard/5053.jpg	Water and blurred background.
../dataset/datasets/cub/10shot/train/Mallard/5063.jpg	Grassy field.
../dataset/datasets/cub/10shot/train/Mallard/5035.jpg	Water with ripples.
../dataset/datasets/cub/10shot/train/Mallard/5050.jpg	The background is a plain, light gray sky.
../dataset/datasets/cub/10shot/train/Western_Meadowlark/5121.jpg	Green, blurred background.
../dataset/datasets/cub/10shot/train/Western_Meadowlark/5092.jpg	A bird stands against a textured, light-colored wall.
../dataset/datasets/cub/10shot/train/Western_Meadowlark/5127.jpg	Green trees, blurred background.
../dataset/datasets/cub/10shot/train/Western_Meadowlark/5117.jpg	A bird perched on branch against clear sky.
../dataset/datasets/cub/10shot/train/Western_Meadowlark/5131.jpg	Blurred green field.
../dataset/datasets/cub/10shot/train/Western_Meadowlark/5109.jpg	The background is a clear blue sky.
../dataset/datasets/cub/10shot/train/Western_Meadowlark/5130.jpg	A bird perched on barbed wire against a blurred, light blue sky.
../dataset/datasets/cub/10shot/train/Western_Meadowlark/5089.jpg	The background is a solid green.
../dataset/datasets/cub/10shot/train/Western_Meadowlark/5145.jpg	The bird is set against a plain, light gray sky.
../dataset/datasets/cub/10shot/train/Western_Meadowlark/5144.jpg	A bird against a clear blue sky.
../dataset/datasets/cub/10shot/train/Hooded_Merganser/5159.jpg	A bird is swimming in green water.
../dataset/datasets/cub/10shot/train/Hooded_Merganser/5153.jpg	Water.
../dataset/datasets/cub/10shot/train/Hooded_Merganser/5204.jpg	Water.
../dataset/datasets/cub/10shot/train/Hooded_Merganser/5174.jpg	A bird swims on calm water.
../dataset/datasets/cub/10shot/train/Hooded_Merganser/5180.jpg	Ripples and reflections on water.
../dataset/datasets/cub/10shot/train/Hooded_Merganser/5194.jpg	Water surface with ripples.
../dataset/datasets/cub/10shot/train/Hooded_Merganser/5147.jpg	Water with ripples.
../dataset/datasets/cub/10shot/train/Hooded_Merganser/5149.jpg	The background is water.
../dataset/datasets/cub/10shot/train/Hooded_Merganser/5155.jpg	The background is calm water.
../dataset/datasets/cub/10shot/train/Hooded_Merganser/5152.jpg	Blue water.
../dataset/datasets/cub/10shot/train/Red_breasted_Merganser/5248.jpg	Water.
../dataset/datasets/cub/10shot/train/Red_breasted_Merganser/5212.jpg	Wavy water.
../dataset/datasets/cub/10shot/train/Red_breasted_Merganser/5221.jpg	Water.
../dataset/datasets/cub/10shot/train/Red_breasted_Merganser/5260.jpg	A bird on rock, water behind.
../dataset/datasets/cub/10shot/train/Red_breasted_Merganser/5249.jpg	Ripples on water surface.
../dataset/datasets/cub/10shot/train/Red_breasted_Merganser/5217.jpg	Water.
../dataset/datasets/cub/10shot/train/Red_breasted_Merganser/5256.jpg	Water.
../dataset/datasets/cub/10shot/train/Red_breasted_Merganser/5239.jpg	Blue water, calm surface.
../dataset/datasets/cub/10shot/train/Red_breasted_Merganser/5244.jpg	Water.
../dataset/datasets/cub/10shot/train/Red_breasted_Merganser/5262.jpg	Blue water.
../dataset/datasets/cub/10shot/train/Mockingbird/5295.jpg	Blurred, out-of-focus background.
../dataset/datasets/cub/10shot/train/Mockingbird/5323.jpg	Green, blurred background.
../dataset/datasets/cub/10shot/train/Mockingbird/5278.jpg	Dry grass and leaves.
../dataset/datasets/cub/10shot/train/Mockingbird/5294.jpg	A bird perched on branches with autumn-colored leaves.
../dataset/datasets/cub/10shot/train/Mockingbird/5281.jpg	Soft, blurred, natural tones.
../dataset/datasets/cub/10shot/train/Mockingbird/5310.jpg	Clear blue sky.
../dataset/datasets/cub/10shot/train/Mockingbird/5289.jpg	Blurred greenery, tree trunk.
../dataset/datasets/cub/10shot/train/Mockingbird/5305.jpg	A bird perched on branch, blue sky and green foliage behind.
../dataset/datasets/cub/10shot/train/Mockingbird/5280.jpg	Grass and leaves.
../dataset/datasets/cub/10shot/train/Mockingbird/5303.jpg	Leaves and twigs on ground.
../dataset/datasets/cub/10shot/train/Nighthawk/5339.jpg	A bird on sandy ground with scattered shells.
../dataset/datasets/cub/10shot/train/Nighthawk/5341.jpg	A bird on rocky ground.
../dataset/datasets/cub/10shot/train/Nighthawk/5357.jpg	The background consists of green and brown vegetation.
../dataset/datasets/cub/10shot/train/Nighthawk/5381.jpg	Clear blue sky.
../dataset/datasets/cub/10shot/train/Nighthawk/5354.jpg	Green, blurred background.
../dataset/datasets/cub/10shot/train/Nighthawk/5327.jpg	Blurred green background.
../dataset/datasets/cub/10shot/train/Nighthawk/5355.jpg	Green foliage, tree branches.
../dataset/datasets/cub/10shot/train/Nighthawk/5359.jpg	The background is blurred greenery.
../dataset/datasets/cub/10shot/train/Nighthawk/5378.jpg	A bird on gravel.
../dataset/datasets/cub/10shot/train/Nighthawk/5385.jpg	A bird on a wire, green background.
../dataset/datasets/cub/10shot/train/Clark_Nutcracker/5404.jpg	The background is blurred with greenery and earth tones.
../dataset/datasets/cub/10shot/train/Clark_Nutcracker/5392.jpg	The background is rocky and green.
../dataset/datasets/cub/10shot/train/Clark_Nutcracker/5418.jpg	Green grass, blurred trees, sunny day.
../dataset/datasets/cub/10shot/train/Clark_Nutcracker/5398.jpg	Rocky, grassy terrain.
../dataset/datasets/cub/10shot/train/Clark_Nutcracker/5417.jpg	Grassy field.
../dataset/datasets/cub/10shot/train/Clark_Nutcracker/5443.jpg	The background consists of dry, rocky terrain with scattered logs and a small pool of water.
../dataset/datasets/cub/10shot/train/Clark_Nutcracker/5433.jpg	Blurred greenery.
../dataset/datasets/cub/10shot/train/Clark_Nutcracker/5432.jpg	Cloudy sky.
../dataset/datasets/cub/10shot/train/Clark_Nutcracker/5441.jpg	Rocky, blurred greenery.
../dataset/datasets/cub/10shot/train/Clark_Nutcracker/5444.jpg	A bird perched on car roof, surrounded by trees and sky.
../dataset/datasets/cub/10shot/train/White_breasted_Nuthatch/5493.jpg	The background is blurred, with warm tones.
../dataset/datasets/cub/10shot/train/White_breasted_Nuthatch/5461.jpg	Brown, blurred leaves.
../dataset/datasets/cub/10shot/train/White_breasted_Nuthatch/5450.jpg	Blurred, neutral tones.
../dataset/datasets/cub/10shot/train/White_breasted_Nuthatch/5458.jpg	Tree bark.
../dataset/datasets/cub/10shot/train/White_breasted_Nuthatch/5473.jpg	The background is a blurred, natural setting with tree bark and branches.
../dataset/datasets/cub/10shot/train/White_breasted_Nuthatch/5486.jpg	A bird perched on feeder with wooden background.
../dataset/datasets/cub/10shot/train/White_breasted_Nuthatch/5484.jpg	Clear blue sky.
../dataset/datasets/cub/10shot/train/White_breasted_Nuthatch/5465.jpg	Green grass, blurred background.
../dataset/datasets/cub/10shot/train/White_breasted_Nuthatch/5500.jpg	The background is blurred and light-colored.
../dataset/datasets/cub/10shot/train/White_breasted_Nuthatch/5504.jpg	The background is a soft, blurred yellow.
../dataset/datasets/cub/10shot/train/Baltimore_Oriole/5534.jpg	Green leaves and branches.
../dataset/datasets/cub/10shot/train/Baltimore_Oriole/5518.jpg	A bird perched on branches with green leaves against a pale sky.
../dataset/datasets/cub/10shot/train/Baltimore_Oriole/5563.jpg	Blurred green and brown.
../dataset/datasets/cub/10shot/train/Baltimore_Oriole/5517.jpg	The background is blurred with green foliage and blue sky.
../dataset/datasets/cub/10shot/train/Baltimore_Oriole/5511.jpg	The background is a clear sky.
../dataset/datasets/cub/10shot/train/Baltimore_Oriole/5512.jpg	Clear blue sky.
../dataset/datasets/cub/10shot/train/Baltimore_Oriole/5560.jpg	A bird perched on a branch against a clear blue sky.
../dataset/datasets/cub/10shot/train/Baltimore_Oriole/5522.jpg	Green leaves, blue sky.
../dataset/datasets/cub/10shot/train/Baltimore_Oriole/5549.jpg	Green, blurred.
../dataset/datasets/cub/10shot/train/Baltimore_Oriole/5516.jpg	Green, blurred background.
../dataset/datasets/cub/10shot/train/Hooded_Oriole/5593.jpg	The background is blurred with soft, muted colors.
../dataset/datasets/cub/10shot/train/Hooded_Oriole/5609.jpg	The background is green foliage.
../dataset/datasets/cub/10shot/train/Hooded_Oriole/5590.jpg	Blurred, natural setting.
../dataset/datasets/cub/10shot/train/Hooded_Oriole/5596.jpg	Green, blurred vegetation.
../dataset/datasets/cub/10shot/train/Hooded_Oriole/5573.jpg	The background is blurred, light-colored.
../dataset/datasets/cub/10shot/train/Hooded_Oriole/5581.jpg	The bird is against a plain white background.
../dataset/datasets/cub/10shot/train/Hooded_Oriole/5595.jpg	Green, blurred.
../dataset/datasets/cub/10shot/train/Hooded_Oriole/5612.jpg	A bird perched on a branch with green foliage and blurred background.
../dataset/datasets/cub/10shot/train/Hooded_Oriole/5621.jpg	A bird perched on branch against blue sky.
../dataset/datasets/cub/10shot/train/Hooded_Oriole/5601.jpg	Green foliage.
../dataset/datasets/cub/10shot/train/Orchard_Oriole/5635.jpg	Green foliage, blurred background.
../dataset/datasets/cub/10shot/train/Orchard_Oriole/5629.jpg	Clear blue sky, blurred roof.
../dataset/datasets/cub/10shot/train/Orchard_Oriole/5636.jpg	White siding, green foliage.
../dataset/datasets/cub/10shot/train/Orchard_Oriole/5657.jpg	The background is plain white.
../dataset/datasets/cub/10shot/train/Orchard_Oriole/5662.jpg	The bird is perched on a branch with green leaves against a clear blue sky.
../dataset/datasets/cub/10shot/train/Orchard_Oriole/5628.jpg	The background is blurred trees and foliage.
../dataset/datasets/cub/10shot/train/Orchard_Oriole/5631.jpg	The background is blurred, with muted browns and grays.
../dataset/datasets/cub/10shot/train/Orchard_Oriole/5671.jpg	A bird perched on a branch against a pale sky.
../dataset/datasets/cub/10shot/train/Orchard_Oriole/5651.jpg	A bird perched on bare branches against a clear sky.
../dataset/datasets/cub/10shot/train/Orchard_Oriole/5642.jpg	Blurred, natural setting.
../dataset/datasets/cub/10shot/train/Scott_Oriole/5743.jpg	Blurred green background.
../dataset/datasets/cub/10shot/train/Scott_Oriole/5709.jpg	The background is blurred green.
../dataset/datasets/cub/10shot/train/Scott_Oriole/5723.jpg	The background is blurred greenery.
../dataset/datasets/cub/10shot/train/Scott_Oriole/5699.jpg	A bird perched on a branch with blurred greenery and blue sky.
../dataset/datasets/cub/10shot/train/Scott_Oriole/5729.jpg	The background is dry, earthy ground with scattered leaves and twigs.
../dataset/datasets/cub/10shot/train/Scott_Oriole/5708.jpg	A bird perched on wooden surface with blurred background.
../dataset/datasets/cub/10shot/train/Scott_Oriole/5713.jpg	The background is blurred with green and brown tones, suggesting foliage.
../dataset/datasets/cub/10shot/train/Scott_Oriole/5721.jpg	The background is blurred greenery.
../dataset/datasets/cub/10shot/train/Scott_Oriole/5689.jpg	The background is blurred green foliage.
../dataset/datasets/cub/10shot/train/Scott_Oriole/5690.jpg	The background is blurred with green leaves and branches.
../dataset/datasets/cub/10shot/train/Ovenbird/5762.jpg	The background is blurred green foliage.
../dataset/datasets/cub/10shot/train/Ovenbird/5793.jpg	Green foliage, blurred branches.
../dataset/datasets/cub/10shot/train/Ovenbird/5800.jpg	Leaves and twigs.
../dataset/datasets/cub/10shot/train/Ovenbird/5779.jpg	Clear blue sky.
../dataset/datasets/cub/10shot/train/Ovenbird/5783.jpg	The background consists of dried leaves and twigs on the ground.
../dataset/datasets/cub/10shot/train/Ovenbird/5782.jpg	Green leaves and branches.
../dataset/datasets/cub/10shot/train/Ovenbird/5756.jpg	Leaves and ground.
../dataset/datasets/cub/10shot/train/Ovenbird/5778.jpg	Green foliage.
../dataset/datasets/cub/10shot/train/Ovenbird/5790.jpg	The background is sandy with scattered leaves and twigs.
../dataset/datasets/cub/10shot/train/Ovenbird/5781.jpg	Green, blurred background.
../dataset/datasets/cub/10shot/train/Brown_Pelican/5860.jpg	A bird stands on sandy ground with blurred greenery in the background.
../dataset/datasets/cub/10shot/train/Brown_Pelican/5819.jpg	Water and grass.
../dataset/datasets/cub/10shot/train/Brown_Pelican/5852.jpg	Dark, textured background.
../dataset/datasets/cub/10shot/train/Brown_Pelican/5851.jpg	Ocean and sky.
../dataset/datasets/cub/10shot/train/Brown_Pelican/5840.jpg	A bird with wings spread over water.
../dataset/datasets/cub/10shot/train/Brown_Pelican/5825.jpg	Water and mud.
../dataset/datasets/cub/10shot/train/Brown_Pelican/5834.jpg	Water and sand.
../dataset/datasets/cub/10shot/train/Brown_Pelican/5826.jpg	A bird soars against a clear blue sky.
../dataset/datasets/cub/10shot/train/Brown_Pelican/5828.jpg	Ocean and sky.
../dataset/datasets/cub/10shot/train/Brown_Pelican/5864.jpg	Water and rocks.
../dataset/datasets/cub/10shot/train/White_Pelican/5882.jpg	A bird stands on wet ground near water and grass.
../dataset/datasets/cub/10shot/train/White_Pelican/5894.jpg	Water.
../dataset/datasets/cub/10shot/train/White_Pelican/5875.jpg	Water, grass, shore.
../dataset/datasets/cub/10shot/train/White_Pelican/5892.jpg	Water, lily pads, greenery.
../dataset/datasets/cub/10shot/train/White_Pelican/5890.jpg	A bird stands near water.
../dataset/datasets/cub/10shot/train/White_Pelican/5906.jpg	Water.
../dataset/datasets/cub/10shot/train/White_Pelican/5869.jpg	The background consists of dry branches and sparse greenery.
../dataset/datasets/cub/10shot/train/White_Pelican/5908.jpg	Dark, blurred background.
../dataset/datasets/cub/10shot/train/White_Pelican/5881.jpg	Water.
../dataset/datasets/cub/10shot/train/White_Pelican/5872.jpg	A bird stands against a blurred blue water backdrop.
../dataset/datasets/cub/10shot/train/Western_Wood_Pewee/5934.jpg	The background is blurred green.
../dataset/datasets/cub/10shot/train/Western_Wood_Pewee/5968.jpg	The background is a plain, light sky.
../dataset/datasets/cub/10shot/train/Western_Wood_Pewee/5948.jpg	The background is blurred, suggesting water or sky.
../dataset/datasets/cub/10shot/train/Western_Wood_Pewee/5935.jpg	Clear blue sky.
../dataset/datasets/cub/10shot/train/Western_Wood_Pewee/5957.jpg	Blurred, soft green and brown tones.
../dataset/datasets/cub/10shot/train/Western_Wood_Pewee/5960.jpg	Blurred greenery.
../dataset/datasets/cub/10shot/train/Western_Wood_Pewee/5953.jpg	Clear blue sky.
../dataset/datasets/cub/10shot/train/Western_Wood_Pewee/5919.jpg	Green and blurred.
../dataset/datasets/cub/10shot/train/Western_Wood_Pewee/5961.jpg	Blurred greenery.
../dataset/datasets/cub/10shot/train/Western_Wood_Pewee/5947.jpg	Green, blurred background.
../dataset/datasets/cub/10shot/train/Sayornis/6017.jpg	Green, blurred foliage.
../dataset/datasets/cub/10shot/train/Sayornis/6028.jpg	Clear blue sky, bare branches.
../dataset/datasets/cub/10shot/train/Sayornis/6004.jpg	Clear blue sky.
../dataset/datasets/cub/10shot/train/Sayornis/5995.jpg	The background is blurred and gray.
../dataset/datasets/cub/10shot/train/Sayornis/6021.jpg	The background is a solid, warm brown.
../dataset/datasets/cub/10shot/train/Sayornis/6024.jpg	Barbed wire fence, clear sky.
../dataset/datasets/cub/10shot/train/Sayornis/6000.jpg	Blurred green and brown.
../dataset/datasets/cub/10shot/train/Sayornis/6034.jpg	Clear blue sky.
../dataset/datasets/cub/10shot/train/Sayornis/5979.jpg	Green, blurred foliage.
../dataset/datasets/cub/10shot/train/Sayornis/6006.jpg	Green, blurred background.
../dataset/datasets/cub/10shot/train/American_Pipit/6061.jpg	The background is blurred, showing a sandy or muddy surface with some scattered debris.
../dataset/datasets/cub/10shot/train/American_Pipit/6094.jpg	Blurred green and brown.
../dataset/datasets/cub/10shot/train/American_Pipit/6039.jpg	The background is a blurred mix of earthy tones and small debris.
../dataset/datasets/cub/10shot/train/American_Pipit/6042.jpg	Muddy, wet ground with water and reflections.
../dataset/datasets/cub/10shot/train/American_Pipit/6060.jpg	Sand, shells, and twigs.
../dataset/datasets/cub/10shot/train/American_Pipit/6044.jpg	Blurred, rocky terrain.
../dataset/datasets/cub/10shot/train/American_Pipit/6046.jpg	Muddy, wet ground.
../dataset/datasets/cub/10shot/train/American_Pipit/6068.jpg	The background is blurred, suggesting water and vegetation.
../dataset/datasets/cub/10shot/train/American_Pipit/6058.jpg	Grassy, blurred background.
../dataset/datasets/cub/10shot/train/American_Pipit/6040.jpg	Water and rocks.
../dataset/datasets/cub/10shot/train/Whip_poor_Will/6131.jpg	The bird is on the ground amidst grass and small plants.
../dataset/datasets/cub/10shot/train/Whip_poor_Will/6118.jpg	The background is blurred with green leaves and soft focus.
../dataset/datasets/cub/10shot/train/Whip_poor_Will/6128.jpg	The background is blurred green foliage.
../dataset/datasets/cub/10shot/train/Whip_poor_Will/6126.jpg	The background is blurred, with warm tones.
../dataset/datasets/cub/10shot/train/Whip_poor_Will/6135.jpg	The background consists of green foliage and a tree trunk.
../dataset/datasets/cub/10shot/train/Whip_poor_Will/6109.jpg	Dark, blurred background.
../dataset/datasets/cub/10shot/train/Whip_poor_Will/6124.jpg	The background consists of dried leaves and twigs.
../dataset/datasets/cub/10shot/train/Whip_poor_Will/6140.jpg	A bird perched on a tree branch with green leaves.
../dataset/datasets/cub/10shot/train/Whip_poor_Will/6108.jpg	Green foliage.
../dataset/datasets/cub/10shot/train/Whip_poor_Will/6132.jpg	The background is blurred, with branches and soft colors.
../dataset/datasets/cub/10shot/train/Horned_Puffin/6189.jpg	The background is a solid, muted blue-gray.
../dataset/datasets/cub/10shot/train/Horned_Puffin/6180.jpg	Rocky, moss-covered terrain.
../dataset/datasets/cub/10shot/train/Horned_Puffin/6191.jpg	Rocky, gray background.
../dataset/datasets/cub/10shot/train/Horned_Puffin/6177.jpg	Dark, water splashing.
../dataset/datasets/cub/10shot/train/Horned_Puffin/6196.jpg	The background consists of rocks and tree trunks.
../dataset/datasets/cub/10shot/train/Horned_Puffin/6168.jpg	The background is blurred, suggesting a rocky or natural setting.
../dataset/datasets/cub/10shot/train/Horned_Puffin/6166.jpg	Rocky perch, clear blue sky.
../dataset/datasets/cub/10shot/train/Horned_Puffin/6167.jpg	The background is blurred, with indistinct shapes and colors.
../dataset/datasets/cub/10shot/train/Horned_Puffin/6181.jpg	The background consists of rocks and driftwood.
../dataset/datasets/cub/10shot/train/Horned_Puffin/6179.jpg	Rocky, textured background.
../dataset/datasets/cub/10shot/train/Common_Raven/6214.jpg	The background is blurred greenery.
../dataset/datasets/cub/10shot/train/Common_Raven/6238.jpg	Green grass and blurred background.
../dataset/datasets/cub/10shot/train/Common_Raven/6240.jpg	Dry grass and dirt.
../dataset/datasets/cub/10shot/train/Common_Raven/6243.jpg	The background consists of green foliage and pine needles on the ground.
../dataset/datasets/cub/10shot/train/Common_Raven/6249.jpg	Blurred, dry grass.
../dataset/datasets/cub/10shot/train/Common_Raven/6261.jpg	Clear blue sky.
../dataset/datasets/cub/10shot/train/Common_Raven/6246.jpg	The background consists of dry grass and twigs.
../dataset/datasets/cub/10shot/train/Common_Raven/6230.jpg	A bird on snow.
../dataset/datasets/cub/10shot/train/Common_Raven/6219.jpg	A bird stands on sandy, rocky ground.
../dataset/datasets/cub/10shot/train/Common_Raven/6223.jpg	The background is blurred, showing greenery and rocks.
../dataset/datasets/cub/10shot/train/White_necked_Raven/6312.jpg	A bird is perched on a branch surrounded by green foliage and white flowers.
../dataset/datasets/cub/10shot/train/White_necked_Raven/6290.jpg	Grassy field with rocks.
../dataset/datasets/cub/10shot/train/White_necked_Raven/6320.jpg	The bird is against a plain, light-colored wall.
../dataset/datasets/cub/10shot/train/White_necked_Raven/6271.jpg	Rocky, sparse vegetation.
../dataset/datasets/cub/10shot/train/White_necked_Raven/6306.jpg	A bird stands on rocks near water.
../dataset/datasets/cub/10shot/train/White_necked_Raven/6294.jpg	The background is blurred, with muted earth tones.
../dataset/datasets/cub/10shot/train/White_necked_Raven/6277.jpg	Rocky, earthy background.
../dataset/datasets/cub/10shot/train/White_necked_Raven/6318.jpg	A bird perched on tree branches with green foliage and bare branches.
../dataset/datasets/cub/10shot/train/White_necked_Raven/6285.jpg	The bird is perched on a tree trunk against a clear sky.
../dataset/datasets/cub/10shot/train/White_necked_Raven/6287.jpg	Rocky, arid landscape.
../dataset/datasets/cub/10shot/train/American_Redstart/6362.jpg	Green, blurred background.
../dataset/datasets/cub/10shot/train/American_Redstart/6348.jpg	Grass, dirt, twigs.
../dataset/datasets/cub/10shot/train/American_Redstart/6351.jpg	A bird is perched on a hand with a blurred background of greenery and a white vehicle.
../dataset/datasets/cub/10shot/train/American_Redstart/6357.jpg	The background is blurred green foliage and sky.
../dataset/datasets/cub/10shot/train/American_Redstart/6353.jpg	Green foliage, blurred background.
../dataset/datasets/cub/10shot/train/American_Redstart/6326.jpg	The background is blurred, with branches and green buds.
../dataset/datasets/cub/10shot/train/American_Redstart/6337.jpg	A bird on a green background.
../dataset/datasets/cub/10shot/train/American_Redstart/6377.jpg	The background is blurred greenery.
../dataset/datasets/cub/10shot/train/American_Redstart/6372.jpg	Green leaves, blurred background.
../dataset/datasets/cub/10shot/train/American_Redstart/6345.jpg	Blurred green foliage.
../dataset/datasets/cub/10shot/train/Geococcyx/6390.jpg	The background is blurred, suggesting an outdoor setting with a fence and possibly a wall or building.
../dataset/datasets/cub/10shot/train/Geococcyx/6440.jpg	Desert landscape with dry bushes and dirt.
../dataset/datasets/cub/10shot/train/Geococcyx/6427.jpg	Dry, leafless branches.
../dataset/datasets/cub/10shot/train/Geococcyx/6414.jpg	The background consists of rocks and sandy ground.
../dataset/datasets/cub/10shot/train/Geococcyx/6394.jpg	A bird on stone pavement.
../dataset/datasets/cub/10shot/train/Geococcyx/6393.jpg	Dry, brown grass and dirt.
../dataset/datasets/cub/10shot/train/Geococcyx/6417.jpg	The background consists of dry leaves, twigs, and rocks.
../dataset/datasets/cub/10shot/train/Geococcyx/6387.jpg	Green grassy field.
../dataset/datasets/cub/10shot/train/Geococcyx/6418.jpg	A bird stands against a red wall with cracks.
../dataset/datasets/cub/10shot/train/Geococcyx/6402.jpg	Grass and dirt.
../dataset/datasets/cub/10shot/train/Loggerhead_Shrike/6465.jpg	Clear blue sky.
../dataset/datasets/cub/10shot/train/Loggerhead_Shrike/6458.jpg	Clear blue sky.
../dataset/datasets/cub/10shot/train/Loggerhead_Shrike/6479.jpg	The background is blurred, suggesting a natural outdoor setting with soft, indistinct colors.
../dataset/datasets/cub/10shot/train/Loggerhead_Shrike/6470.jpg	The background is dry, sandy ground with sparse vegetation.
../dataset/datasets/cub/10shot/train/Loggerhead_Shrike/6481.jpg	Clear blue sky.
../dataset/datasets/cub/10shot/train/Loggerhead_Shrike/6448.jpg	Clear blue sky, green foliage.
../dataset/datasets/cub/10shot/train/Loggerhead_Shrike/6446.jpg	Blurred yellow-green background.
../dataset/datasets/cub/10shot/train/Loggerhead_Shrike/6489.jpg	Clear blue sky.
../dataset/datasets/cub/10shot/train/Loggerhead_Shrike/6460.jpg	Dry grass and blurred field.
../dataset/datasets/cub/10shot/train/Loggerhead_Shrike/6455.jpg	A bird perched on wooden fence, soft blurred background.
../dataset/datasets/cub/10shot/train/Great_Grey_Shrike/6555.jpg	A bird perched on a branch against a clear blue sky.
../dataset/datasets/cub/10shot/train/Great_Grey_Shrike/6543.jpg	The background is blurred, likely a natural setting.
../dataset/datasets/cub/10shot/train/Great_Grey_Shrike/6520.jpg	The background is a plain, muted gray.
../dataset/datasets/cub/10shot/train/Great_Grey_Shrike/6514.jpg	Blurred, warm tones.
../dataset/datasets/cub/10shot/train/Great_Grey_Shrike/6544.jpg	The background is blurred, suggesting an overcast sky and distant landscape.
../dataset/datasets/cub/10shot/train/Great_Grey_Shrike/6503.jpg	Desert-like, sandy background.
../dataset/datasets/cub/10shot/train/Great_Grey_Shrike/6538.jpg	The background is a plain, light gray sky.
../dataset/datasets/cub/10shot/train/Great_Grey_Shrike/6531.jpg	Blurred green background.
../dataset/datasets/cub/10shot/train/Great_Grey_Shrike/6510.jpg	A bird perched on branches against a clear blue sky.
../dataset/datasets/cub/10shot/train/Great_Grey_Shrike/6535.jpg	A bird perched on branch, blurred background.
../dataset/datasets/cub/10shot/train/Baird_Sparrow/6604.jpg	Green foliage.
../dataset/datasets/cub/10shot/train/Baird_Sparrow/6599.jpg	The bird is on a rocky surface.
../dataset/datasets/cub/10shot/train/Baird_Sparrow/6607.jpg	Blurred green grass.
../dataset/datasets/cub/10shot/train/Baird_Sparrow/6563.jpg	The background is plain and light gray.
../dataset/datasets/cub/10shot/train/Baird_Sparrow/6586.jpg	A bird perched on branch, green background.
../dataset/datasets/cub/10shot/train/Baird_Sparrow/6570.jpg	Blurred, golden field.
../dataset/datasets/cub/10shot/train/Baird_Sparrow/6585.jpg	A bird perched on green foliage against a blurred green backdrop.
../dataset/datasets/cub/10shot/train/Baird_Sparrow/6590.jpg	The bird is perched on green foliage against a yellowish-brown background.
../dataset/datasets/cub/10shot/train/Baird_Sparrow/6565.jpg	Dry, blurred grass.
../dataset/datasets/cub/10shot/train/Baird_Sparrow/6566.jpg	A bird stands amidst dried grass and reeds.
../dataset/datasets/cub/10shot/train/Black_throated_Sparrow/6664.jpg	Brick pavement with scattered debris.
../dataset/datasets/cub/10shot/train/Black_throated_Sparrow/6635.jpg	Rocky, blurred background.
../dataset/datasets/cub/10shot/train/Black_throated_Sparrow/6639.jpg	The background is blurred green foliage.
../dataset/datasets/cub/10shot/train/Black_throated_Sparrow/6636.jpg	The background is a blurred, sandy landscape with rocks.
../dataset/datasets/cub/10shot/train/Black_throated_Sparrow/6651.jpg	A bird is held against a yellow background.
../dataset/datasets/cub/10shot/train/Black_throated_Sparrow/6641.jpg	The background is blurred, with muted colors and branches.
../dataset/datasets/cub/10shot/train/Black_throated_Sparrow/6666.jpg	The background is blurred greenery.
../dataset/datasets/cub/10shot/train/Black_throated_Sparrow/6669.jpg	The background consists of dried leaves and twigs.
../dataset/datasets/cub/10shot/train/Black_throated_Sparrow/6659.jpg	The background is blurred, showing rocks and branches.
../dataset/datasets/cub/10shot/train/Black_throated_Sparrow/6634.jpg	Rocky, blurred.
../dataset/datasets/cub/10shot/train/Brewer_Sparrow/6710.jpg	Blurred greenery.
../dataset/datasets/cub/10shot/train/Brewer_Sparrow/6687.jpg	The background is blurred greenery and branches.
../dataset/datasets/cub/10shot/train/Brewer_Sparrow/6714.jpg	The background consists of sandy ground and sparse vegetation.
../dataset/datasets/cub/10shot/train/Brewer_Sparrow/6729.jpg	Clear blue sky with bare branches.
../dataset/datasets/cub/10shot/train/Brewer_Sparrow/6674.jpg	The background is blurred, showing earthy tones.
../dataset/datasets/cub/10shot/train/Brewer_Sparrow/6685.jpg	Blurred greenery.
../dataset/datasets/cub/10shot/train/Brewer_Sparrow/6728.jpg	Blurred greenery.
../dataset/datasets/cub/10shot/train/Brewer_Sparrow/6727.jpg	Green foliage, blurred background.
../dataset/datasets/cub/10shot/train/Brewer_Sparrow/6706.jpg	The background is blurred and neutral-toned.
../dataset/datasets/cub/10shot/train/Brewer_Sparrow/6683.jpg	A bird perched on a branch amidst dry vegetation.
../dataset/datasets/cub/10shot/train/Chipping_Sparrow/6751.jpg	A bird perched on branch near feeder, blurred background.
../dataset/datasets/cub/10shot/train/Chipping_Sparrow/6777.jpg	The background consists of scattered seeds and pebbles on sandy ground.
../dataset/datasets/cub/10shot/train/Chipping_Sparrow/6782.jpg	A bird perched against a clear blue sky.
../dataset/datasets/cub/10shot/train/Chipping_Sparrow/6739.jpg	The background is blurred, with hints of greenery and a metallic structure.
../dataset/datasets/cub/10shot/train/Chipping_Sparrow/6768.jpg	The background is blurred green and gray.
../dataset/datasets/cub/10shot/train/Chipping_Sparrow/6741.jpg	A bird perched on branches against a blue sky.
../dataset/datasets/cub/10shot/train/Chipping_Sparrow/6732.jpg	Blurred greenery.
../dataset/datasets/cub/10shot/train/Chipping_Sparrow/6787.jpg	The background is snowy and blurred.
../dataset/datasets/cub/10shot/train/Chipping_Sparrow/6770.jpg	Blurred, soft focus, natural setting.
../dataset/datasets/cub/10shot/train/Chipping_Sparrow/6757.jpg	Green, blurred foliage.
../dataset/datasets/cub/10shot/train/Clay_colored_Sparrow/6804.jpg	A bird perched on hand, grassy field behind.
../dataset/datasets/cub/10shot/train/Clay_colored_Sparrow/6838.jpg	Green, blurred, pine needles.
../dataset/datasets/cub/10shot/train/Clay_colored_Sparrow/6829.jpg	Green plants, dried grass.
../dataset/datasets/cub/10shot/train/Clay_colored_Sparrow/6821.jpg	Green, blurred background with dried plants.
../dataset/datasets/cub/10shot/train/Clay_colored_Sparrow/6820.jpg	The background is a plain, light gray sky.
../dataset/datasets/cub/10shot/train/Clay_colored_Sparrow/6822.jpg	A bird perched on branch, blurred background.
../dataset/datasets/cub/10shot/train/Clay_colored_Sparrow/6817.jpg	The background is blurred with muted colors, likely natural.
../dataset/datasets/cub/10shot/train/Clay_colored_Sparrow/6792.jpg	Green, blurred background.
../dataset/datasets/cub/10shot/train/Clay_colored_Sparrow/6803.jpg	The background is blurred, showing earthy tones and grass.
../dataset/datasets/cub/10shot/train/Clay_colored_Sparrow/6818.jpg	Green foliage, blurred background.
../dataset/datasets/cub/10shot/train/House_Sparrow/6907.jpg	Green, blurred background.
../dataset/datasets/cub/10shot/train/House_Sparrow/6865.jpg	The background is blurred greenery.
../dataset/datasets/cub/10shot/train/House_Sparrow/6878.jpg	Green, blurred grass.
../dataset/datasets/cub/10shot/train/House_Sparrow/6909.jpg	The background is blurred and neutral-toned.
../dataset/datasets/cub/10shot/train/House_Sparrow/6863.jpg	Green grass, dirt ground.
../dataset/datasets/cub/10shot/train/House_Sparrow/6899.jpg	The background is blurred, showing greenery and a wooden structure.
../dataset/datasets/cub/10shot/train/House_Sparrow/6876.jpg	Green leaves, blurred background.
../dataset/datasets/cub/10shot/train/House_Sparrow/6900.jpg	Grass and leaves.
../dataset/datasets/cub/10shot/train/House_Sparrow/6887.jpg	Green leaves and blurred background.
../dataset/datasets/cub/10shot/train/House_Sparrow/6877.jpg	A bird against a blue sky.
../dataset/datasets/cub/10shot/train/Field_Sparrow/6956.jpg	Blurred green and brown.
../dataset/datasets/cub/10shot/train/Field_Sparrow/6950.jpg	Grass and twigs.
../dataset/datasets/cub/10shot/train/Field_Sparrow/6969.jpg	Grass, twigs, and leaves.
../dataset/datasets/cub/10shot/train/Field_Sparrow/6930.jpg	Blurred greenery and branches.
../dataset/datasets/cub/10shot/train/Field_Sparrow/6934.jpg	Blurred green foliage.
../dataset/datasets/cub/10shot/train/Field_Sparrow/6915.jpg	Green, blurred background.
../dataset/datasets/cub/10shot/train/Field_Sparrow/6926.jpg	A bird perched on branch against clear blue sky.
../dataset/datasets/cub/10shot/train/Field_Sparrow/6914.jpg	Green, blurred background.
../dataset/datasets/cub/10shot/train/Field_Sparrow/6938.jpg	Blurred, warm tones.
../dataset/datasets/cub/10shot/train/Field_Sparrow/6945.jpg	The background is blurred and neutral-toned.
../dataset/datasets/cub/10shot/train/Fox_Sparrow/6988.jpg	Snowy ground with grass patches.
../dataset/datasets/cub/10shot/train/Fox_Sparrow/6980.jpg	The background is snowy and dark.
../dataset/datasets/cub/10shot/train/Fox_Sparrow/7006.jpg	The background is snow-covered.
../dataset/datasets/cub/10shot/train/Fox_Sparrow/6974.jpg	Blurred green foliage.
../dataset/datasets/cub/10shot/train/Fox_Sparrow/7023.jpg	The background is blurred, showing tree branches and moss-covered rocks.
../dataset/datasets/cub/10shot/train/Fox_Sparrow/7002.jpg	The background is dark and blurred, with branches visible.
../dataset/datasets/cub/10shot/train/Fox_Sparrow/7024.jpg	The background is a plain, light gray sky with bare branches.
../dataset/datasets/cub/10shot/train/Fox_Sparrow/6990.jpg	The bird is on a bed of dried leaves and twigs.
../dataset/datasets/cub/10shot/train/Fox_Sparrow/7008.jpg	The background is blurred, showing trees and branches.
../dataset/datasets/cub/10shot/train/Fox_Sparrow/6986.jpg	The background consists of scattered seeds and pebbles.
../dataset/datasets/cub/10shot/train/Grasshopper_Sparrow/7077.jpg	The background is blurred, with soft green and gray tones.
../dataset/datasets/cub/10shot/train/Grasshopper_Sparrow/7057.jpg	The background is blurred green foliage.
../dataset/datasets/cub/10shot/train/Grasshopper_Sparrow/7082.jpg	The background is blurred, with warm tones and out-of-focus elements.
../dataset/datasets/cub/10shot/train/Grasshopper_Sparrow/7050.jpg	The background is rocky and sandy.
../dataset/datasets/cub/10shot/train/Grasshopper_Sparrow/7038.jpg	Blurred grasses.
../dataset/datasets/cub/10shot/train/Grasshopper_Sparrow/7049.jpg	A bird perched on wire, blurred green and yellow background.
../dataset/datasets/cub/10shot/train/Grasshopper_Sparrow/7063.jpg	Green grass.
../dataset/datasets/cub/10shot/train/Grasshopper_Sparrow/7086.jpg	The background is dark and out of focus, with some indistinct objects visible.
../dataset/datasets/cub/10shot/train/Grasshopper_Sparrow/7053.jpg	The bird is on a textured, gray surface with a green leaf nearby.
../dataset/datasets/cub/10shot/train/Grasshopper_Sparrow/7059.jpg	Dry grass.
../dataset/datasets/cub/10shot/train/Harris_Sparrow/7146.jpg	The background is blurred, showing a soft, out-of-focus sky and branches.
../dataset/datasets/cub/10shot/train/Harris_Sparrow/7108.jpg	Dry leaves and twigs.
../dataset/datasets/cub/10shot/train/Harris_Sparrow/7127.jpg	Blurred branches and soft light.
../dataset/datasets/cub/10shot/train/Harris_Sparrow/7129.jpg	Dry, natural setting with twigs and leaves.
../dataset/datasets/cub/10shot/train/Harris_Sparrow/7120.jpg	A bird perched on tree branches with dried foliage.
../dataset/datasets/cub/10shot/train/Harris_Sparrow/7103.jpg	The background is blurred, suggesting a natural outdoor setting with soft light.
../dataset/datasets/cub/10shot/train/Harris_Sparrow/7090.jpg	Clear blue sky.
../dataset/datasets/cub/10shot/train/Harris_Sparrow/7109.jpg	A bird perched on branch, soft blurred background.
../dataset/datasets/cub/10shot/train/Harris_Sparrow/7145.jpg	Blurred greenery.
../dataset/datasets/cub/10shot/train/Harris_Sparrow/7139.jpg	Green grass, tree stump, blurred background.
../dataset/datasets/cub/10shot/train/Henslow_Sparrow/7197.jpg	The background is blurred, likely natural.
../dataset/datasets/cub/10shot/train/Henslow_Sparrow/7156.jpg	The bird is perched on a branch against a green background.
../dataset/datasets/cub/10shot/train/Henslow_Sparrow/7186.jpg	A bird on dry grass and twigs.
../dataset/datasets/cub/10shot/train/Henslow_Sparrow/7151.jpg	A bird perched on green foliage against a blurred green background.
../dataset/datasets/cub/10shot/train/Henslow_Sparrow/7161.jpg	A bird perched on branch, soft pink and green background.
../dataset/datasets/cub/10shot/train/Henslow_Sparrow/7202.jpg	Dry, brown grasses.
../dataset/datasets/cub/10shot/train/Henslow_Sparrow/7164.jpg	Green foliage, blurred background.
../dataset/datasets/cub/10shot/train/Henslow_Sparrow/7179.jpg	Green, blurred background.
../dataset/datasets/cub/10shot/train/Henslow_Sparrow/7185.jpg	The background is a solid, muted green.
../dataset/datasets/cub/10shot/train/Henslow_Sparrow/7178.jpg	A bird perched on branch, blurred greenery behind.
../dataset/datasets/cub/10shot/train/Le_Conte_Sparrow/7259.jpg	Green foliage.
../dataset/datasets/cub/10shot/train/Le_Conte_Sparrow/7231.jpg	The background is blurred, with muted browns and beige tones.
../dataset/datasets/cub/10shot/train/Le_Conte_Sparrow/7220.jpg	Dry grass.
../dataset/datasets/cub/10shot/train/Le_Conte_Sparrow/7215.jpg	A bird stands on grass, green field behind.
../dataset/datasets/cub/10shot/train/Le_Conte_Sparrow/7211.jpg	Blurred green and brown branches.
../dataset/datasets/cub/10shot/train/Le_Conte_Sparrow/7216.jpg	Dry grass and twigs.
../dataset/datasets/cub/10shot/train/Le_Conte_Sparrow/7243.jpg	The background is a mix of dried branches and green foliage.
../dataset/datasets/cub/10shot/train/Le_Conte_Sparrow/7229.jpg	Dry grass.
../dataset/datasets/cub/10shot/train/Le_Conte_Sparrow/7235.jpg	The background is blurred greenery.
../dataset/datasets/cub/10shot/train/Le_Conte_Sparrow/7256.jpg	Green, blurred, natural setting.
../dataset/datasets/cub/10shot/train/Lincoln_Sparrow/7287.jpg	The background is blurred, neutral tones.
../dataset/datasets/cub/10shot/train/Lincoln_Sparrow/7322.jpg	The background is blurred green foliage.
../dataset/datasets/cub/10shot/train/Lincoln_Sparrow/7320.jpg	The background consists of twigs, leaves, and soil.
../dataset/datasets/cub/10shot/train/Lincoln_Sparrow/7305.jpg	Branches, blurred background.
../dataset/datasets/cub/10shot/train/Lincoln_Sparrow/7278.jpg	Green foliage.
../dataset/datasets/cub/10shot/train/Lincoln_Sparrow/7288.jpg	Green foliage with white flowers.
../dataset/datasets/cub/10shot/train/Lincoln_Sparrow/7276.jpg	Green, blurred foliage.
../dataset/datasets/cub/10shot/train/Lincoln_Sparrow/7324.jpg	Green foliage, blurred background.
../dataset/datasets/cub/10shot/train/Lincoln_Sparrow/7327.jpg	The background consists of scattered seeds and soil.
../dataset/datasets/cub/10shot/train/Lincoln_Sparrow/7275.jpg	Green and blurred vegetation.
../dataset/datasets/cub/10shot/train/Nelson_Sharp_tailed_Sparrow/7368.jpg	A bird perched on dry branches against a yellowish-brown background.
../dataset/datasets/cub/10shot/train/Nelson_Sharp_tailed_Sparrow/7366.jpg	Dry grass.
../dataset/datasets/cub/10shot/train/Nelson_Sharp_tailed_Sparrow/7328.jpg	Grass and reeds.
../dataset/datasets/cub/10shot/train/Nelson_Sharp_tailed_Sparrow/7339.jpg	Blurred, muted tones.
../dataset/datasets/cub/10shot/train/Nelson_Sharp_tailed_Sparrow/7377.jpg	A bird is perched on reeds.
../dataset/datasets/cub/10shot/train/Nelson_Sharp_tailed_Sparrow/7362.jpg	Dry branches, blurred background.
../dataset/datasets/cub/10shot/train/Nelson_Sharp_tailed_Sparrow/7373.jpg	The background is blurred, showing earthy tones and some greenery.
../dataset/datasets/cub/10shot/train/Nelson_Sharp_tailed_Sparrow/7359.jpg	Grassy field.
../dataset/datasets/cub/10shot/train/Nelson_Sharp_tailed_Sparrow/7363.jpg	Green, blurred background.
../dataset/datasets/cub/10shot/train/Nelson_Sharp_tailed_Sparrow/7370.jpg	A bird perched on reeds.
../dataset/datasets/cub/10shot/train/Savannah_Sparrow/7423.jpg	The background is plain and light brown.
../dataset/datasets/cub/10shot/train/Savannah_Sparrow/7406.jpg	Dry, brown grasses.
../dataset/datasets/cub/10shot/train/Savannah_Sparrow/7417.jpg	The background is a mix of dry leaves and earthy tones.
../dataset/datasets/cub/10shot/train/Savannah_Sparrow/7426.jpg	The background is blurred green.
../dataset/datasets/cub/10shot/train/Savannah_Sparrow/7445.jpg	Blurred, natural setting.
../dataset/datasets/cub/10shot/train/Savannah_Sparrow/7401.jpg	Blurred, natural setting.
../dataset/datasets/cub/10shot/train/Savannah_Sparrow/7420.jpg	A bird perched on a plant against a green background.
../dataset/datasets/cub/10shot/train/Savannah_Sparrow/7432.jpg	A bird perched on a branch against a clear sky.
../dataset/datasets/cub/10shot/train/Savannah_Sparrow/7430.jpg	Dry grass and blurred earth.
../dataset/datasets/cub/10shot/train/Savannah_Sparrow/7397.jpg	The background is a plain, light sky.
../dataset/datasets/cub/10shot/train/Seaside_Sparrow/7460.jpg	The background is sandy and rocky.
../dataset/datasets/cub/10shot/train/Seaside_Sparrow/7491.jpg	Dry grass.
../dataset/datasets/cub/10shot/train/Seaside_Sparrow/7453.jpg	Dry reeds.
../dataset/datasets/cub/10shot/train/Seaside_Sparrow/7472.jpg	A bird perched on grass against a blue sky.
../dataset/datasets/cub/10shot/train/Seaside_Sparrow/7504.jpg	Clear blue sky.
../dataset/datasets/cub/10shot/train/Seaside_Sparrow/7499.jpg	Dry grass and reeds.
../dataset/datasets/cub/10shot/train/Seaside_Sparrow/7456.jpg	The background is blurred, suggesting an outdoor setting with soft, natural tones.
../dataset/datasets/cub/10shot/train/Seaside_Sparrow/7490.jpg	Dry, blurred branches.
../dataset/datasets/cub/10shot/train/Seaside_Sparrow/7496.jpg	Tall grass.
../dataset/datasets/cub/10shot/train/Seaside_Sparrow/7495.jpg	Reeds and greenery.
../dataset/datasets/cub/10shot/train/Song_Sparrow/7566.jpg	The background is blurred, with muted browns and greens.
../dataset/datasets/cub/10shot/train/Song_Sparrow/7530.jpg	Blurred grass and wood.
../dataset/datasets/cub/10shot/train/Song_Sparrow/7519.jpg	The background is blurred with green and brown tones, suggesting foliage.
../dataset/datasets/cub/10shot/train/Song_Sparrow/7508.jpg	The background is blurred, with soft, neutral tones.
../dataset/datasets/cub/10shot/train/Song_Sparrow/7549.jpg	A bird perched on branch against clear blue sky.
../dataset/datasets/cub/10shot/train/Song_Sparrow/7536.jpg	The background is blurred, light brown and beige.
../dataset/datasets/cub/10shot/train/Song_Sparrow/7527.jpg	The background is blurred greenery.
../dataset/datasets/cub/10shot/train/Song_Sparrow/7528.jpg	A bird perched on branch, green foliage blurred behind.
../dataset/datasets/cub/10shot/train/Song_Sparrow/7513.jpg	A bird on gravel with sparse vegetation.
../dataset/datasets/cub/10shot/train/Song_Sparrow/7522.jpg	The background is blurred and neutral-toned.
../dataset/datasets/cub/10shot/train/Tree_Sparrow/7578.jpg	The background is blurred, showing branches and soft light.
../dataset/datasets/cub/10shot/train/Tree_Sparrow/7605.jpg	Snowy ground with twigs and grass.
../dataset/datasets/cub/10shot/train/Tree_Sparrow/7579.jpg	Green foliage.
../dataset/datasets/cub/10shot/train/Tree_Sparrow/7570.jpg	Dry branches, blurred background.
../dataset/datasets/cub/10shot/train/Tree_Sparrow/7618.jpg	The background is a blurred mix of brown and green, suggesting a natural setting.
../dataset/datasets/cub/10shot/train/Tree_Sparrow/7610.jpg	Bare branches, muted colors.
../dataset/datasets/cub/10shot/train/Tree_Sparrow/7621.jpg	A bird perched on a branch against a green background.
../dataset/datasets/cub/10shot/train/Tree_Sparrow/7569.jpg	The background is blurred with muted colors, suggesting a natural setting.
../dataset/datasets/cub/10shot/train/Tree_Sparrow/7590.jpg	The background is blurred, with muted browns and grays.
../dataset/datasets/cub/10shot/train/Tree_Sparrow/7595.jpg	The background is blurred, with soft green and brown tones.
../dataset/datasets/cub/10shot/train/Vesper_Sparrow/7662.jpg	The background is blurred green.
../dataset/datasets/cub/10shot/train/Vesper_Sparrow/7670.jpg	Blurred grass and wood.
../dataset/datasets/cub/10shot/train/Vesper_Sparrow/7632.jpg	The background is plain and light-colored.
../dataset/datasets/cub/10shot/train/Vesper_Sparrow/7635.jpg	Blurred green and brown grasses.
../dataset/datasets/cub/10shot/train/Vesper_Sparrow/7666.jpg	The background is sandy with scattered twigs and grass.
../dataset/datasets/cub/10shot/train/Vesper_Sparrow/7641.jpg	Clear blue sky.
../dataset/datasets/cub/10shot/train/Vesper_Sparrow/7628.jpg	The background is a plain, muted brown.
../dataset/datasets/cub/10shot/train/Vesper_Sparrow/7639.jpg	A bird perched on green leaves with blurred yellow-green background.
../dataset/datasets/cub/10shot/train/Vesper_Sparrow/7664.jpg	A bird perched on wooden post, blurred field and sky behind.
../dataset/datasets/cub/10shot/train/Vesper_Sparrow/7652.jpg	A bird perched on snow-covered branch against clear blue sky.
../dataset/datasets/cub/10shot/train/White_crowned_Sparrow/7696.jpg	The background is blurred, with muted greens and grays.
../dataset/datasets/cub/10shot/train/White_crowned_Sparrow/7687.jpg	Wooden deck with plant.
../dataset/datasets/cub/10shot/train/White_crowned_Sparrow/7728.jpg	Blurred, sandy background.
../dataset/datasets/cub/10shot/train/White_crowned_Sparrow/7726.jpg	The background is a clear blue sky.
../dataset/datasets/cub/10shot/train/White_crowned_Sparrow/7703.jpg	Green, blurred background.
../dataset/datasets/cub/10shot/train/White_crowned_Sparrow/7713.jpg	The background is blurred, showing a tree with bare branches and a gray sky.
../dataset/datasets/cub/10shot/train/White_crowned_Sparrow/7732.jpg	The background is blurred and neutral-toned.
../dataset/datasets/cub/10shot/train/White_crowned_Sparrow/7704.jpg	The background is blurred, with muted green and brown tones.
../dataset/datasets/cub/10shot/train/White_crowned_Sparrow/7741.jpg	The background is a light, textured surface with scattered seeds.
../dataset/datasets/cub/10shot/train/White_crowned_Sparrow/7695.jpg	The background is blurred, white and tree branches.
../dataset/datasets/cub/10shot/train/White_throated_Sparrow/7766.jpg	The background is blurred, snowy.
../dataset/datasets/cub/10shot/train/White_throated_Sparrow/7761.jpg	The background is blurred green.
../dataset/datasets/cub/10shot/train/White_throated_Sparrow/7790.jpg	The background is blurred, with reddish-orange berries and bare branches.
../dataset/datasets/cub/10shot/train/White_throated_Sparrow/7788.jpg	The background is blurred green foliage.
../dataset/datasets/cub/10shot/train/White_throated_Sparrow/7765.jpg	Leaves and wood.
../dataset/datasets/cub/10shot/train/White_throated_Sparrow/7791.jpg	The background is blurred, brownish.
../dataset/datasets/cub/10shot/train/White_throated_Sparrow/7779.jpg	A bird perched on branch, surrounded by twigs and leaves.
../dataset/datasets/cub/10shot/train/White_throated_Sparrow/7792.jpg	A bird on weathered wood.
../dataset/datasets/cub/10shot/train/White_throated_Sparrow/7763.jpg	A bird perched on bare branches with a blurred sky backdrop.
../dataset/datasets/cub/10shot/train/White_throated_Sparrow/7795.jpg	Grass and leaves.
../dataset/datasets/cub/10shot/train/Cape_Glossy_Starling/7827.jpg	The bird is on sandy ground with scattered leaves and shadows.
../dataset/datasets/cub/10shot/train/Cape_Glossy_Starling/7845.jpg	Clear blue sky.
../dataset/datasets/cub/10shot/train/Cape_Glossy_Starling/7843.jpg	Green, blurred field.
../dataset/datasets/cub/10shot/train/Cape_Glossy_Starling/7814.jpg	A bird perched on edge, stone wall behind.
../dataset/datasets/cub/10shot/train/Cape_Glossy_Starling/7837.jpg	The background is sandy and blurred.
../dataset/datasets/cub/10shot/train/Cape_Glossy_Starling/7861.jpg	Green, blurred foliage.
../dataset/datasets/cub/10shot/train/Cape_Glossy_Starling/7818.jpg	A bird on brick pavement.
../dataset/datasets/cub/10shot/train/Cape_Glossy_Starling/7816.jpg	The background is blurred, suggesting a natural setting.
../dataset/datasets/cub/10shot/train/Cape_Glossy_Starling/7823.jpg	The background is blurred with green and brown tones.
../dataset/datasets/cub/10shot/train/Cape_Glossy_Starling/7832.jpg	The background consists of dry leaves, dirt, and a concrete structure.
../dataset/datasets/cub/10shot/train/Bank_Swallow/7871.jpg	Clear blue sky.
../dataset/datasets/cub/10shot/train/Bank_Swallow/7911.jpg	The background is sandy with scattered shells and twigs.
../dataset/datasets/cub/10shot/train/Bank_Swallow/7886.jpg	A bird against a clear blue sky.
../dataset/datasets/cub/10shot/train/Bank_Swallow/7899.jpg	A bird perches on a branch against a backdrop of cracked, earthy wall with holes.
../dataset/datasets/cub/10shot/train/Bank_Swallow/7892.jpg	Clear blue sky.
../dataset/datasets/cub/10shot/train/Bank_Swallow/7916.jpg	The background is blurred with green and blue hues.
../dataset/datasets/cub/10shot/train/Bank_Swallow/7921.jpg	Green mossy wall.
../dataset/datasets/cub/10shot/train/Bank_Swallow/7881.jpg	Overcast sky, bare branches.
../dataset/datasets/cub/10shot/train/Bank_Swallow/7867.jpg	The background is a plain, light gray sky.
../dataset/datasets/cub/10shot/train/Bank_Swallow/7896.jpg	Clear blue sky.
../dataset/datasets/cub/10shot/train/Barn_Swallow/7948.jpg	Green and blurred.
../dataset/datasets/cub/10shot/train/Barn_Swallow/7959.jpg	The background is blurred, with shades of gray and white.
../dataset/datasets/cub/10shot/train/Barn_Swallow/7930.jpg	The background is plain white.
../dataset/datasets/cub/10shot/train/Barn_Swallow/7935.jpg	Tall grass and reeds.
../dataset/datasets/cub/10shot/train/Barn_Swallow/7929.jpg	A bird on sandy ground.
../dataset/datasets/cub/10shot/train/Barn_Swallow/7968.jpg	The background is blurred green.
../dataset/datasets/cub/10shot/train/Barn_Swallow/7983.jpg	Green reeds.
../dataset/datasets/cub/10shot/train/Barn_Swallow/7934.jpg	The background is blurred greenery.
../dataset/datasets/cub/10shot/train/Barn_Swallow/7941.jpg	Water.
../dataset/datasets/cub/10shot/train/Barn_Swallow/7972.jpg	The background is a gradient of blue shades, likely sky.
../dataset/datasets/cub/10shot/train/Cliff_Swallow/8000.jpg	A bird on muddy ground near water.
../dataset/datasets/cub/10shot/train/Cliff_Swallow/8026.jpg	Blurred green field.
../dataset/datasets/cub/10shot/train/Cliff_Swallow/8034.jpg	A bird against blue sky with clouds.
../dataset/datasets/cub/10shot/train/Cliff_Swallow/8018.jpg	The background is a plain, light gray sky.
../dataset/datasets/cub/10shot/train/Cliff_Swallow/8023.jpg	A bird perched on barbed wire against a clear sky.
../dataset/datasets/cub/10shot/train/Cliff_Swallow/8016.jpg	The background is a plain, light blue sky.
../dataset/datasets/cub/10shot/train/Cliff_Swallow/7992.jpg	Clear blue sky.
../dataset/datasets/cub/10shot/train/Cliff_Swallow/8007.jpg	A bird stands on textured, speckled surface.
../dataset/datasets/cub/10shot/train/Cliff_Swallow/8014.jpg	The background is a textured, earthy surface with a concrete ledge.
../dataset/datasets/cub/10shot/train/Cliff_Swallow/8008.jpg	Clear blue sky.
../dataset/datasets/cub/10shot/train/Tree_Swallow/8057.jpg	The background is blurred, light brown.
../dataset/datasets/cub/10shot/train/Tree_Swallow/8047.jpg	The background is blurred and neutral-toned.
../dataset/datasets/cub/10shot/train/Tree_Swallow/8096.jpg	The background is blurred, showing a blue sky and distant land.
../dataset/datasets/cub/10shot/train/Tree_Swallow/8075.jpg	Blurred green background.
../dataset/datasets/cub/10shot/train/Tree_Swallow/8074.jpg	Green foliage.
../dataset/datasets/cub/10shot/train/Tree_Swallow/8078.jpg	Green, blurred background.
../dataset/datasets/cub/10shot/train/Tree_Swallow/8046.jpg	The background is plain and light-colored.
../dataset/datasets/cub/10shot/train/Tree_Swallow/8104.jpg	The background is plain white.
../dataset/datasets/cub/10shot/train/Tree_Swallow/8083.jpg	The background is blurry and neutral-toned.
../dataset/datasets/cub/10shot/train/Tree_Swallow/8103.jpg	The background is blurred green.
../dataset/datasets/cub/10shot/train/Scarlet_Tanager/8151.jpg	The background is blurred with green and brown hues.
../dataset/datasets/cub/10shot/train/Scarlet_Tanager/8129.jpg	A bird perched on branch, blurred greenery behind.
../dataset/datasets/cub/10shot/train/Scarlet_Tanager/8163.jpg	Green leaves, blurred background.
../dataset/datasets/cub/10shot/train/Scarlet_Tanager/8160.jpg	Green grass and plants.
../dataset/datasets/cub/10shot/train/Scarlet_Tanager/8133.jpg	Green leaves, blurred background.
../dataset/datasets/cub/10shot/train/Scarlet_Tanager/8158.jpg	A bird perched on a branch against a blue sky.
../dataset/datasets/cub/10shot/train/Scarlet_Tanager/8117.jpg	Green foliage, blurred background.
../dataset/datasets/cub/10shot/train/Scarlet_Tanager/8123.jpg	The background is a pale, overcast sky.
../dataset/datasets/cub/10shot/train/Scarlet_Tanager/8138.jpg	Green leaves, blurred background.
../dataset/datasets/cub/10shot/train/Scarlet_Tanager/8120.jpg	Green blurred background.
../dataset/datasets/cub/10shot/train/Summer_Tanager/8177.jpg	The background is plain and muted.
../dataset/datasets/cub/10shot/train/Summer_Tanager/8201.jpg	A bird on a log, blurred background.
../dataset/datasets/cub/10shot/train/Summer_Tanager/8208.jpg	Green, blurred foliage.
../dataset/datasets/cub/10shot/train/Summer_Tanager/8183.jpg	Green leaves and branches.
../dataset/datasets/cub/10shot/train/Summer_Tanager/8169.jpg	A bird perched on branch, background blurred with building and objects.
../dataset/datasets/cub/10shot/train/Summer_Tanager/8221.jpg	Clear blue sky.
../dataset/datasets/cub/10shot/train/Summer_Tanager/8202.jpg	Green, blurred background.
../dataset/datasets/cub/10shot/train/Summer_Tanager/8205.jpg	A bird perched on tree branch, blurred background.
../dataset/datasets/cub/10shot/train/Summer_Tanager/8218.jpg	Green leaves and branches.
../dataset/datasets/cub/10shot/train/Summer_Tanager/8219.jpg	Green foliage, tree branches.
../dataset/datasets/cub/10shot/train/Artic_Tern/8247.jpg	Clear blue sky.
../dataset/datasets/cub/10shot/train/Artic_Tern/8226.jpg	Blurred, natural setting.
../dataset/datasets/cub/10shot/train/Artic_Tern/8229.jpg	Clear blue sky.
../dataset/datasets/cub/10shot/train/Artic_Tern/8276.jpg	The background is plain and light-colored.
../dataset/datasets/cub/10shot/train/Artic_Tern/8279.jpg	Green vegetation, blurred background.
../dataset/datasets/cub/10shot/train/Artic_Tern/8239.jpg	A bird against a blue sky with white clouds.
../dataset/datasets/cub/10shot/train/Artic_Tern/8267.jpg	Green field, brown bushes, water.
../dataset/datasets/cub/10shot/train/Artic_Tern/8255.jpg	Green, blurred grass.
../dataset/datasets/cub/10shot/train/Artic_Tern/8251.jpg	The background is blurred, suggesting a natural outdoor setting.
../dataset/datasets/cub/10shot/train/Artic_Tern/8230.jpg	A bird stands amidst green foliage.
../dataset/datasets/cub/10shot/train/Black_Tern/8312.jpg	Water with reeds.
../dataset/datasets/cub/10shot/train/Black_Tern/8288.jpg	Water and lily pads.
../dataset/datasets/cub/10shot/train/Black_Tern/8339.jpg	Water.
../dataset/datasets/cub/10shot/train/Black_Tern/8290.jpg	A bird soars against a pale blue sky.
../dataset/datasets/cub/10shot/train/Black_Tern/8322.jpg	A bird on sandy beach.
../dataset/datasets/cub/10shot/train/Black_Tern/8321.jpg	Green grass, blurred background.
../dataset/datasets/cub/10shot/train/Black_Tern/8286.jpg	The background is blurred green.
../dataset/datasets/cub/10shot/train/Black_Tern/8336.jpg	Water.
../dataset/datasets/cub/10shot/train/Black_Tern/8287.jpg	A bird against a clear sky.
../dataset/datasets/cub/10shot/train/Black_Tern/8341.jpg	The background is blurred green.
../dataset/datasets/cub/10shot/train/Caspian_Tern/8401.jpg	A bird soars against a gray sky.
../dataset/datasets/cub/10shot/train/Caspian_Tern/8373.jpg	Water.
../dataset/datasets/cub/10shot/train/Caspian_Tern/8377.jpg	The background is a clear, light sky.
../dataset/datasets/cub/10shot/train/Caspian_Tern/8398.jpg	A bird stands on wet sand near water.
../dataset/datasets/cub/10shot/train/Caspian_Tern/8363.jpg	Clear blue sky.
../dataset/datasets/cub/10shot/train/Caspian_Tern/8370.jpg	Clear blue sky.
../dataset/datasets/cub/10shot/train/Caspian_Tern/8354.jpg	Clear blue sky.
../dataset/datasets/cub/10shot/train/Caspian_Tern/8378.jpg	Clear blue sky.
../dataset/datasets/cub/10shot/train/Caspian_Tern/8368.jpg	A bird stands on sandy beach with seaweed.
../dataset/datasets/cub/10shot/train/Caspian_Tern/8355.jpg	Clear blue sky.
../dataset/datasets/cub/10shot/train/Common_Tern/8441.jpg	Clear blue sky.
../dataset/datasets/cub/10shot/train/Common_Tern/8411.jpg	Green, blurred background.
../dataset/datasets/cub/10shot/train/Common_Tern/8462.jpg	Water.
../dataset/datasets/cub/10shot/train/Common_Tern/8406.jpg	A bird stands on sandy ground near water.
../dataset/datasets/cub/10shot/train/Common_Tern/8453.jpg	A bird perched on a post against rippling water.
../dataset/datasets/cub/10shot/train/Common_Tern/8422.jpg	The background is blurred, suggesting water or sky.
../dataset/datasets/cub/10shot/train/Common_Tern/8413.jpg	Ocean and sandy beach.
../dataset/datasets/cub/10shot/train/Common_Tern/8419.jpg	Water.
../dataset/datasets/cub/10shot/train/Common_Tern/8410.jpg	A bird flying against a clear sky.
../dataset/datasets/cub/10shot/train/Common_Tern/8430.jpg	The background is water.
../dataset/datasets/cub/10shot/train/Elegant_Tern/8484.jpg	Clear blue sky.
../dataset/datasets/cub/10shot/train/Elegant_Tern/8496.jpg	The background is a plain, gray sky.
../dataset/datasets/cub/10shot/train/Elegant_Tern/8512.jpg	The background is a plain, light sky.
../dataset/datasets/cub/10shot/train/Elegant_Tern/8514.jpg	Clear blue sky.
../dataset/datasets/cub/10shot/train/Elegant_Tern/8494.jpg	Blurred green and brown.
../dataset/datasets/cub/10shot/train/Elegant_Tern/8473.jpg	A bird against green foliage and blue sky with blurred camera overlay.
../dataset/datasets/cub/10shot/train/Elegant_Tern/8517.jpg	Clear blue sky.
../dataset/datasets/cub/10shot/train/Elegant_Tern/8523.jpg	Water.
../dataset/datasets/cub/10shot/train/Elegant_Tern/8521.jpg	Blurred water and sky.
../dataset/datasets/cub/10shot/train/Elegant_Tern/8500.jpg	The background is water.
../dataset/datasets/cub/10shot/train/Forsters_Tern/8527.jpg	The background is sandy with blurred birds.
../dataset/datasets/cub/10shot/train/Forsters_Tern/8557.jpg	Blurred green and brown.
../dataset/datasets/cub/10shot/train/Forsters_Tern/8551.jpg	The background is a plain, light gray sky.
../dataset/datasets/cub/10shot/train/Forsters_Tern/8550.jpg	Water.
../dataset/datasets/cub/10shot/train/Forsters_Tern/8568.jpg	Sand and water.
../dataset/datasets/cub/10shot/train/Forsters_Tern/8559.jpg	Blurred, sandy ground.
../dataset/datasets/cub/10shot/train/Forsters_Tern/8533.jpg	Green and blurred.
../dataset/datasets/cub/10shot/train/Forsters_Tern/8545.jpg	Blurred, earthy tones.
../dataset/datasets/cub/10shot/train/Forsters_Tern/8583.jpg	Water with ripples and splashes.
../dataset/datasets/cub/10shot/train/Forsters_Tern/8548.jpg	Water.
../dataset/datasets/cub/10shot/train/Least_Tern/8603.jpg	The background is sandy and plain.
../dataset/datasets/cub/10shot/train/Least_Tern/8584.jpg	The background is blurred and indistinct, possibly water or sky.
../dataset/datasets/cub/10shot/train/Least_Tern/8602.jpg	A bird stands on sandy beach with blurred water behind.
../dataset/datasets/cub/10shot/train/Least_Tern/8612.jpg	The background is a blurred, muted blue and gray.
../dataset/datasets/cub/10shot/train/Least_Tern/8606.jpg	Clear blue sky.
../dataset/datasets/cub/10shot/train/Least_Tern/8642.jpg	Water and waves.
../dataset/datasets/cub/10shot/train/Least_Tern/8636.jpg	Clear blue sky.
../dataset/datasets/cub/10shot/train/Least_Tern/8641.jpg	The background is sandy with sparse vegetation.
../dataset/datasets/cub/10shot/train/Least_Tern/8589.jpg	A bird on sandy ground with some greenery.
../dataset/datasets/cub/10shot/train/Least_Tern/8587.jpg	Dark, water-like surface.
../dataset/datasets/cub/10shot/train/Green_tailed_Towhee/8661.jpg	Green, blurred foliage.
../dataset/datasets/cub/10shot/train/Green_tailed_Towhee/8700.jpg	Green grass, rocks.
../dataset/datasets/cub/10shot/train/Green_tailed_Towhee/8650.jpg	Leaves, branches, ground.
../dataset/datasets/cub/10shot/train/Green_tailed_Towhee/8670.jpg	Clear blue sky.
../dataset/datasets/cub/10shot/train/Green_tailed_Towhee/8657.jpg	The background is blurred branches and greenery.
../dataset/datasets/cub/10shot/train/Green_tailed_Towhee/8676.jpg	Dried ground with rocks.
../dataset/datasets/cub/10shot/train/Green_tailed_Towhee/8677.jpg	The background features green foliage and brown ground with scattered leaves.
../dataset/datasets/cub/10shot/train/Green_tailed_Towhee/8688.jpg	The bird is on mulch with scattered leaves and twigs.
../dataset/datasets/cub/10shot/train/Green_tailed_Towhee/8663.jpg	Green foliage, trees, blurred background.
../dataset/datasets/cub/10shot/train/Green_tailed_Towhee/8681.jpg	The background consists of rocks and sparse vegetation.
../dataset/datasets/cub/10shot/train/Brown_Thrasher/8704.jpg	A bird perched on a branch with green foliage.
../dataset/datasets/cub/10shot/train/Brown_Thrasher/8721.jpg	Green foliage.
../dataset/datasets/cub/10shot/train/Brown_Thrasher/8750.jpg	A bird perched on branches with green foliage and sky in background.
../dataset/datasets/cub/10shot/train/Brown_Thrasher/8725.jpg	Green grass, leaves, mulch.
../dataset/datasets/cub/10shot/train/Brown_Thrasher/8744.jpg	Branches, leaves, sky.
../dataset/datasets/cub/10shot/train/Brown_Thrasher/8755.jpg	Grassy field with tree trunk.
../dataset/datasets/cub/10shot/train/Brown_Thrasher/8716.jpg	Leaves, twigs, and ground cover.
../dataset/datasets/cub/10shot/train/Brown_Thrasher/8728.jpg	The background is blurred with green and brown tones.
../dataset/datasets/cub/10shot/train/Brown_Thrasher/8736.jpg	Grass and leaves.
../dataset/datasets/cub/10shot/train/Brown_Thrasher/8714.jpg	Green leaves, blurred background.
../dataset/datasets/cub/10shot/train/Sage_Thrasher/8816.jpg	Dry, sandy ground with sparse vegetation.
../dataset/datasets/cub/10shot/train/Sage_Thrasher/8765.jpg	A bird against clear blue sky.
../dataset/datasets/cub/10shot/train/Sage_Thrasher/8814.jpg	Blurred, natural setting.
../dataset/datasets/cub/10shot/train/Sage_Thrasher/8766.jpg	A bird perched on tree branch, bare branches and sky in background.
../dataset/datasets/cub/10shot/train/Sage_Thrasher/8787.jpg	The background is blurred green and blue.
../dataset/datasets/cub/10shot/train/Sage_Thrasher/8800.jpg	A bird perched on a wooden post against a clear sky.
../dataset/datasets/cub/10shot/train/Sage_Thrasher/8794.jpg	Blurred green foliage.
../dataset/datasets/cub/10shot/train/Sage_Thrasher/8786.jpg	The background is blurred with green and brown tones, suggesting foliage and branches.
../dataset/datasets/cub/10shot/train/Sage_Thrasher/8801.jpg	The background is dark and blurred.
../dataset/datasets/cub/10shot/train/Sage_Thrasher/8815.jpg	Grassy field.
../dataset/datasets/cub/10shot/train/Black_capped_Vireo/8837.jpg	The background is blurred green foliage.
../dataset/datasets/cub/10shot/train/Black_capped_Vireo/8839.jpg	The background is blurred green foliage.
../dataset/datasets/cub/10shot/train/Black_capped_Vireo/8853.jpg	A bird perched on bare branches against a blue sky.
../dataset/datasets/cub/10shot/train/Black_capped_Vireo/8831.jpg	The background is blurred with green and yellow elements.
../dataset/datasets/cub/10shot/train/Black_capped_Vireo/8842.jpg	The background is blurred greenery.
../dataset/datasets/cub/10shot/train/Black_capped_Vireo/8823.jpg	Green foliage.
../dataset/datasets/cub/10shot/train/Black_capped_Vireo/8868.jpg	A bird perched on bare branches, blurred green background.
../dataset/datasets/cub/10shot/train/Black_capped_Vireo/8869.jpg	A bird perched on branch with blurred green foliage.
../dataset/datasets/cub/10shot/train/Black_capped_Vireo/8863.jpg	A bird perched on branches, blurred background.
../dataset/datasets/cub/10shot/train/Black_capped_Vireo/8824.jpg	Green and brown branches, blurred background.
../dataset/datasets/cub/10shot/train/Blue_headed_Vireo/8914.jpg	Clear blue sky.
../dataset/datasets/cub/10shot/train/Blue_headed_Vireo/8907.jpg	Blurred green foliage.
../dataset/datasets/cub/10shot/train/Blue_headed_Vireo/8903.jpg	bare branches, blue sky.
../dataset/datasets/cub/10shot/train/Blue_headed_Vireo/8911.jpg	Blurred green foliage.
../dataset/datasets/cub/10shot/train/Blue_headed_Vireo/8884.jpg	Autumn leaves, blurred background.
../dataset/datasets/cub/10shot/train/Blue_headed_Vireo/8912.jpg	Green leaves, blurred background.
../dataset/datasets/cub/10shot/train/Blue_headed_Vireo/8875.jpg	The background is blurred, with green and white tones.
../dataset/datasets/cub/10shot/train/Blue_headed_Vireo/8913.jpg	Green leaves, blurred branches.
../dataset/datasets/cub/10shot/train/Blue_headed_Vireo/8916.jpg	Blurred green foliage.
../dataset/datasets/cub/10shot/train/Blue_headed_Vireo/8928.jpg	Green foliage, brown branches.
../dataset/datasets/cub/10shot/train/Philadelphia_Vireo/8951.jpg	The background is blurred green foliage.
../dataset/datasets/cub/10shot/train/Philadelphia_Vireo/8977.jpg	The background is blurred with green and brown tones, suggesting foliage.
../dataset/datasets/cub/10shot/train/Philadelphia_Vireo/8985.jpg	Clear blue sky.
../dataset/datasets/cub/10shot/train/Philadelphia_Vireo/8970.jpg	Green and blurred.
../dataset/datasets/cub/10shot/train/Philadelphia_Vireo/8935.jpg	The background is blurred green foliage.
../dataset/datasets/cub/10shot/train/Philadelphia_Vireo/8972.jpg	Green leaves, blurred background.
../dataset/datasets/cub/10shot/train/Philadelphia_Vireo/8987.jpg	The background is blurred green foliage.
../dataset/datasets/cub/10shot/train/Philadelphia_Vireo/8958.jpg	A bird perched on a branch with green leaves and blurred background.
../dataset/datasets/cub/10shot/train/Philadelphia_Vireo/8948.jpg	Green, blurred foliage.
../dataset/datasets/cub/10shot/train/Philadelphia_Vireo/8949.jpg	The background is blurred with green and brown tones, suggesting foliage.
../dataset/datasets/cub/10shot/train/Red_eyed_Vireo/9029.jpg	Green leaves, blue sky.
../dataset/datasets/cub/10shot/train/Red_eyed_Vireo/9022.jpg	Green, blurred, natural setting.
../dataset/datasets/cub/10shot/train/Red_eyed_Vireo/9041.jpg	Blue sky, blurred branches.
../dataset/datasets/cub/10shot/train/Red_eyed_Vireo/9042.jpg	The background is blurred green and blue.
../dataset/datasets/cub/10shot/train/Red_eyed_Vireo/9032.jpg	Green leaves and branches.
../dataset/datasets/cub/10shot/train/Red_eyed_Vireo/9024.jpg	Green leaves, blurred background.
../dataset/datasets/cub/10shot/train/Red_eyed_Vireo/9039.jpg	Green leaves, blurred background.
../dataset/datasets/cub/10shot/train/Red_eyed_Vireo/9043.jpg	Blurred leaves and branches.
../dataset/datasets/cub/10shot/train/Red_eyed_Vireo/9012.jpg	Green leaves, blurred background.
../dataset/datasets/cub/10shot/train/Red_eyed_Vireo/9006.jpg	A bird perched on a branch with green leaves and blue sky.
../dataset/datasets/cub/10shot/train/Warbling_Vireo/9090.jpg	Green, blurred background.
../dataset/datasets/cub/10shot/train/Warbling_Vireo/9112.jpg	A bird perched on branches with green leaves and twigs.
../dataset/datasets/cub/10shot/train/Warbling_Vireo/9091.jpg	Green, blurred background.
../dataset/datasets/cub/10shot/train/Warbling_Vireo/9094.jpg	The background is a blurred mix of green and brown, suggesting foliage and branches.
../dataset/datasets/cub/10shot/train/Warbling_Vireo/9093.jpg	Green foliage, blurred background.
../dataset/datasets/cub/10shot/train/Warbling_Vireo/9080.jpg	Clear blue sky.
../dataset/datasets/cub/10shot/train/Warbling_Vireo/9089.jpg	A bird perched on a branch with green leaves and blue sky.
../dataset/datasets/cub/10shot/train/Warbling_Vireo/9105.jpg	Green foliage.
../dataset/datasets/cub/10shot/train/Warbling_Vireo/9100.jpg	Green leaves, blurred background.
../dataset/datasets/cub/10shot/train/Warbling_Vireo/9065.jpg	Green foliage, blurred background.
../dataset/datasets/cub/10shot/train/White_eyed_Vireo/9160.jpg	The background is blurred, with muted greens and browns.
../dataset/datasets/cub/10shot/train/White_eyed_Vireo/9117.jpg	The background is blurred, showing tree branches and soft light.
../dataset/datasets/cub/10shot/train/White_eyed_Vireo/9142.jpg	Clear blue sky, bare branches.
../dataset/datasets/cub/10shot/train/White_eyed_Vireo/9146.jpg	Clear blue sky, bare branches.
../dataset/datasets/cub/10shot/train/White_eyed_Vireo/9123.jpg	Green foliage, blurred background.
../dataset/datasets/cub/10shot/train/White_eyed_Vireo/9156.jpg	Green and blurred.
../dataset/datasets/cub/10shot/train/White_eyed_Vireo/9134.jpg	The background is dark with green foliage and fruit.
../dataset/datasets/cub/10shot/train/White_eyed_Vireo/9116.jpg	The background is white.
../dataset/datasets/cub/10shot/train/White_eyed_Vireo/9122.jpg	A bird perched on a branch with a blurred green background.
../dataset/datasets/cub/10shot/train/White_eyed_Vireo/9158.jpg	Green, blurred foliage.
../dataset/datasets/cub/10shot/train/Yellow_throated_Vireo/9184.jpg	The background is blurred with green and white tones, suggesting foliage and sky.
../dataset/datasets/cub/10shot/train/Yellow_throated_Vireo/9212.jpg	The background is blurred, showing tree branches and sky.
../dataset/datasets/cub/10shot/train/Yellow_throated_Vireo/9211.jpg	A bird perched on branch, green foliage blurred behind.
../dataset/datasets/cub/10shot/train/Yellow_throated_Vireo/9207.jpg	A bird perched on green leaves, blurred background.
../dataset/datasets/cub/10shot/train/Yellow_throated_Vireo/9227.jpg	The background is blurred with brown and green tones, suggesting a natural setting.
../dataset/datasets/cub/10shot/train/Yellow_throated_Vireo/9192.jpg	The background is blurred green.
../dataset/datasets/cub/10shot/train/Yellow_throated_Vireo/9189.jpg	The background is blurred, with branches and a pale sky.
../dataset/datasets/cub/10shot/train/Yellow_throated_Vireo/9199.jpg	Blurred green and brown.
../dataset/datasets/cub/10shot/train/Yellow_throated_Vireo/9210.jpg	Blurred green foliage.
../dataset/datasets/cub/10shot/train/Yellow_throated_Vireo/9203.jpg	The background is blurred green foliage and sky.
../dataset/datasets/cub/10shot/train/Bay_breasted_Warbler/9244.jpg	Green foliage, blurred berries.
../dataset/datasets/cub/10shot/train/Bay_breasted_Warbler/9269.jpg	Green, blurred background.
../dataset/datasets/cub/10shot/train/Bay_breasted_Warbler/9242.jpg	Blurred, green foliage.
../dataset/datasets/cub/10shot/train/Bay_breasted_Warbler/9265.jpg	Green leaves and branches.
../dataset/datasets/cub/10shot/train/Bay_breasted_Warbler/9241.jpg	Green, blurred background.
../dataset/datasets/cub/10shot/train/Bay_breasted_Warbler/9286.jpg	A bird perched on branch, green background.
../dataset/datasets/cub/10shot/train/Bay_breasted_Warbler/9232.jpg	Blurred green and brown.
../dataset/datasets/cub/10shot/train/Bay_breasted_Warbler/9288.jpg	Green and blurred.
../dataset/datasets/cub/10shot/train/Bay_breasted_Warbler/9277.jpg	Green leaves, blue sky.
../dataset/datasets/cub/10shot/train/Bay_breasted_Warbler/9261.jpg	Clear blue sky.
../dataset/datasets/cub/10shot/train/Black_and_white_Warbler/9337.jpg	Blurred greenery.
../dataset/datasets/cub/10shot/train/Black_and_white_Warbler/9293.jpg	Blurred green and blue.
../dataset/datasets/cub/10shot/train/Black_and_white_Warbler/9314.jpg	Tree bark.
../dataset/datasets/cub/10shot/train/Black_and_white_Warbler/9292.jpg	Green, blurred background.
../dataset/datasets/cub/10shot/train/Black_and_white_Warbler/9302.jpg	A bird on textured bark.
../dataset/datasets/cub/10shot/train/Black_and_white_Warbler/9332.jpg	Green blurred foliage.
../dataset/datasets/cub/10shot/train/Black_and_white_Warbler/9328.jpg	A bird perched on branch against blue sky.
../dataset/datasets/cub/10shot/train/Black_and_white_Warbler/9317.jpg	Blurred green and blue.
../dataset/datasets/cub/10shot/train/Black_and_white_Warbler/9295.jpg	Blurred green background.
../dataset/datasets/cub/10shot/train/Black_and_white_Warbler/9315.jpg	Blurred green and white.
../dataset/datasets/cub/10shot/train/Black_throated_Blue_Warbler/9381.jpg	The background is blurred, with brown and gray tones.
../dataset/datasets/cub/10shot/train/Black_throated_Blue_Warbler/9365.jpg	Green foliage, brown twigs.
../dataset/datasets/cub/10shot/train/Black_throated_Blue_Warbler/9406.jpg	Green and blurred.
../dataset/datasets/cub/10shot/train/Black_throated_Blue_Warbler/9369.jpg	A bird perched on green leaves, blurred background.
../dataset/datasets/cub/10shot/train/Black_throated_Blue_Warbler/9357.jpg	The background is blurred with green and yellow hues, suggesting foliage.
../dataset/datasets/cub/10shot/train/Black_throated_Blue_Warbler/9371.jpg	The background is blurred with brown and green tones, suggesting foliage.
../dataset/datasets/cub/10shot/train/Black_throated_Blue_Warbler/9408.jpg	The background is blurred green foliage and tree trunk.
../dataset/datasets/cub/10shot/train/Black_throated_Blue_Warbler/9372.jpg	Green foliage, wooden structure.
../dataset/datasets/cub/10shot/train/Black_throated_Blue_Warbler/9404.jpg	Green leaves, blurred sky.
../dataset/datasets/cub/10shot/train/Black_throated_Blue_Warbler/9358.jpg	Green, blurred foliage.
../dataset/datasets/cub/10shot/train/Blue_winged_Warbler/9421.jpg	A bird perched on green leaves against a clear blue sky.
../dataset/datasets/cub/10shot/train/Blue_winged_Warbler/9468.jpg	The background is blurred with dried leaves and branches.
../dataset/datasets/cub/10shot/train/Blue_winged_Warbler/9458.jpg	Green grass and branches.
../dataset/datasets/cub/10shot/train/Blue_winged_Warbler/9415.jpg	Green leaves, blurred background.
../dataset/datasets/cub/10shot/train/Blue_winged_Warbler/9445.jpg	Leaves and twigs.
../dataset/datasets/cub/10shot/train/Blue_winged_Warbler/9447.jpg	Green leaves and branches.
../dataset/datasets/cub/10shot/train/Blue_winged_Warbler/9441.jpg	Blurred green foliage.
../dataset/datasets/cub/10shot/train/Blue_winged_Warbler/9427.jpg	The background is blurred with green and brown tones.
../dataset/datasets/cub/10shot/train/Blue_winged_Warbler/9464.jpg	Blurred green and brown.
../dataset/datasets/cub/10shot/train/Blue_winged_Warbler/9465.jpg	The background is green.
../dataset/datasets/cub/10shot/train/Canada_Warbler/9522.jpg	The bird is perched on a branch with a blurred, natural background.
../dataset/datasets/cub/10shot/train/Canada_Warbler/9530.jpg	Green, blurred foliage.
../dataset/datasets/cub/10shot/train/Canada_Warbler/9483.jpg	A bird perched on a branch with green foliage in the background.
../dataset/datasets/cub/10shot/train/Canada_Warbler/9491.jpg	Green leaves, blurred sky.
../dataset/datasets/cub/10shot/train/Canada_Warbler/9481.jpg	Blurred green foliage.
../dataset/datasets/cub/10shot/train/Canada_Warbler/9501.jpg	Green, blurred leaves.
../dataset/datasets/cub/10shot/train/Canada_Warbler/9512.jpg	Green, blurred background.
../dataset/datasets/cub/10shot/train/Canada_Warbler/9515.jpg	Green foliage, blurred background.
../dataset/datasets/cub/10shot/train/Canada_Warbler/9485.jpg	The background is blurred, showing branches and soft colors.
../dataset/datasets/cub/10shot/train/Canada_Warbler/9511.jpg	Green, blurred foliage.
../dataset/datasets/cub/10shot/train/Cape_May_Warbler/9581.jpg	pine branches, cones, blurred background.
../dataset/datasets/cub/10shot/train/Cape_May_Warbler/9589.jpg	The background is blurred, with soft, muted colors.
../dataset/datasets/cub/10shot/train/Cape_May_Warbler/9582.jpg	Green leaves, white sky.
../dataset/datasets/cub/10shot/train/Cape_May_Warbler/9568.jpg	Tree branches, lichen, blue sky.
../dataset/datasets/cub/10shot/train/Cape_May_Warbler/9576.jpg	Green foliage, blurred background.
../dataset/datasets/cub/10shot/train/Cape_May_Warbler/9544.jpg	The background is blurred, showing a neutral, light-colored sky and branches.
../dataset/datasets/cub/10shot/train/Cape_May_Warbler/9538.jpg	Green foliage with white flowers.
../dataset/datasets/cub/10shot/train/Cape_May_Warbler/9559.jpg	Blurred, natural setting.
../dataset/datasets/cub/10shot/train/Cape_May_Warbler/9546.jpg	Green plants, brown ground.
../dataset/datasets/cub/10shot/train/Cape_May_Warbler/9557.jpg	Blurred greenery and sky.
../dataset/datasets/cub/10shot/train/Cerulean_Warbler/9622.jpg	Ground with twigs and small plants.
../dataset/datasets/cub/10shot/train/Cerulean_Warbler/9603.jpg	The bird is perched on a branch with green foliage in the background.
../dataset/datasets/cub/10shot/train/Cerulean_Warbler/9607.jpg	Green, blurred leaves.
../dataset/datasets/cub/10shot/train/Cerulean_Warbler/9608.jpg	The background is blurred, brownish.
../dataset/datasets/cub/10shot/train/Cerulean_Warbler/9639.jpg	Green foliage, blurred background.
../dataset/datasets/cub/10shot/train/Cerulean_Warbler/9627.jpg	The background is blurred green foliage.
../dataset/datasets/cub/10shot/train/Cerulean_Warbler/9617.jpg	A bird perched on branch with green leaves and blurred yellow background.
../dataset/datasets/cub/10shot/train/Cerulean_Warbler/9647.jpg	Green, blurred background.
../dataset/datasets/cub/10shot/train/Cerulean_Warbler/9644.jpg	Green leaves, blurred background.
../dataset/datasets/cub/10shot/train/Cerulean_Warbler/9630.jpg	Green and blurred.
../dataset/datasets/cub/10shot/train/Chestnut_sided_Warbler/9664.jpg	Green, blurred foliage.
../dataset/datasets/cub/10shot/train/Chestnut_sided_Warbler/9695.jpg	A bird perched on a branch with blurred green foliage and sky.
../dataset/datasets/cub/10shot/train/Chestnut_sided_Warbler/9709.jpg	Green foliage, blurred background.
../dataset/datasets/cub/10shot/train/Chestnut_sided_Warbler/9675.jpg	Green leaves, blurred background.
../dataset/datasets/cub/10shot/train/Chestnut_sided_Warbler/9679.jpg	A bird perched on branch, green leaves and blue sky.
../dataset/datasets/cub/10shot/train/Chestnut_sided_Warbler/9703.jpg	A bird perched on branch with green leaves and blue sky.
../dataset/datasets/cub/10shot/train/Chestnut_sided_Warbler/9704.jpg	A bird perched on branches with blurred green foliage and sky.
../dataset/datasets/cub/10shot/train/Chestnut_sided_Warbler/9710.jpg	A bird perched on branches against a blue sky.
../dataset/datasets/cub/10shot/train/Chestnut_sided_Warbler/9656.jpg	Green leaves, blurred background.
../dataset/datasets/cub/10shot/train/Chestnut_sided_Warbler/9693.jpg	Green, blurred background.
../dataset/datasets/cub/10shot/train/Golden_winged_Warbler/9713.jpg	Blurred green.
../dataset/datasets/cub/10shot/train/Golden_winged_Warbler/9724.jpg	Green leaves, blue sky.
../dataset/datasets/cub/10shot/train/Golden_winged_Warbler/9712.jpg	Green, blurred background.
../dataset/datasets/cub/10shot/train/Golden_winged_Warbler/9741.jpg	The bird is set against a clear blue sky.
../dataset/datasets/cub/10shot/train/Golden_winged_Warbler/9731.jpg	Blurred green foliage.
../dataset/datasets/cub/10shot/train/Golden_winged_Warbler/9749.jpg	The background is blurred green and brown.
../dataset/datasets/cub/10shot/train/Golden_winged_Warbler/9729.jpg	Green grassy field.
../dataset/datasets/cub/10shot/train/Golden_winged_Warbler/9715.jpg	The background is blurred, suggesting an outdoor setting with soft lighting.
../dataset/datasets/cub/10shot/train/Golden_winged_Warbler/9747.jpg	A bird perched on bare branches with green leaves.
../dataset/datasets/cub/10shot/train/Golden_winged_Warbler/9757.jpg	A bird perched on branch against blue sky.
../dataset/datasets/cub/10shot/train/Hooded_Warbler/9770.jpg	Green, blurred foliage.
../dataset/datasets/cub/10shot/train/Hooded_Warbler/9783.jpg	Green leaves and branches.
../dataset/datasets/cub/10shot/train/Hooded_Warbler/9784.jpg	A bird is perched on tree branches with green foliage.
../dataset/datasets/cub/10shot/train/Hooded_Warbler/9788.jpg	The background is blurred green.
../dataset/datasets/cub/10shot/train/Hooded_Warbler/9786.jpg	The background is blurred, suggesting an outdoor setting with soft light.
../dataset/datasets/cub/10shot/train/Hooded_Warbler/9812.jpg	The background is lush green foliage.
../dataset/datasets/cub/10shot/train/Hooded_Warbler/9794.jpg	Green foliage.
../dataset/datasets/cub/10shot/train/Hooded_Warbler/9792.jpg	The background is plain and dark.
../dataset/datasets/cub/10shot/train/Hooded_Warbler/9797.jpg	The background is blurred, with muted browns and greens.
../dataset/datasets/cub/10shot/train/Hooded_Warbler/9808.jpg	The background is blurred green foliage.
../dataset/datasets/cub/10shot/train/Kentucky_Warbler/9858.jpg	Green foliage.
../dataset/datasets/cub/10shot/train/Kentucky_Warbler/9878.jpg	A bird stands on wet, greenish-brown ground with water and vegetation.
../dataset/datasets/cub/10shot/train/Kentucky_Warbler/9867.jpg	The background is green foliage.
../dataset/datasets/cub/10shot/train/Kentucky_Warbler/9855.jpg	Green leaves, blurred background.
../dataset/datasets/cub/10shot/train/Kentucky_Warbler/9831.jpg	The background is blurred green foliage.
../dataset/datasets/cub/10shot/train/Kentucky_Warbler/9882.jpg	Dark, leafy branches.
../dataset/datasets/cub/10shot/train/Kentucky_Warbler/9841.jpg	The background is blurred with shades of blue and green.
../dataset/datasets/cub/10shot/train/Kentucky_Warbler/9846.jpg	Blurred green foliage.
../dataset/datasets/cub/10shot/train/Kentucky_Warbler/9869.jpg	Green leaves and branches.
../dataset/datasets/cub/10shot/train/Kentucky_Warbler/9884.jpg	The background is a mix of green foliage and brown earth.
../dataset/datasets/cub/10shot/train/Magnolia_Warbler/9929.jpg	Green leaves, blurred background.
../dataset/datasets/cub/10shot/train/Magnolia_Warbler/9933.jpg	Green leaves and branches.
../dataset/datasets/cub/10shot/train/Magnolia_Warbler/9901.jpg	Clear blue sky.
../dataset/datasets/cub/10shot/train/Magnolia_Warbler/9902.jpg	Blurred, natural setting.
../dataset/datasets/cub/10shot/train/Magnolia_Warbler/9938.jpg	Green, blurred leaves.
../dataset/datasets/cub/10shot/train/Magnolia_Warbler/9890.jpg	Green, blurred background.
../dataset/datasets/cub/10shot/train/Magnolia_Warbler/9898.jpg	Green, blurred foliage.
../dataset/datasets/cub/10shot/train/Magnolia_Warbler/9924.jpg	Green leaves, blurred background.
../dataset/datasets/cub/10shot/train/Magnolia_Warbler/9935.jpg	A bird perched on branch against blue sky.
../dataset/datasets/cub/10shot/train/Magnolia_Warbler/9906.jpg	Green leaves, blurred background.
../dataset/datasets/cub/10shot/train/Mourning_Warbler/9954.jpg	Green, blurred background.
../dataset/datasets/cub/10shot/train/Mourning_Warbler/9974.jpg	Green, blurred background.
../dataset/datasets/cub/10shot/train/Mourning_Warbler/9955.jpg	The background consists of dried leaves and twigs.
../dataset/datasets/cub/10shot/train/Mourning_Warbler/10005.jpg	Leaves and ground.
../dataset/datasets/cub/10shot/train/Mourning_Warbler/9975.jpg	Green foliage, branches.
../dataset/datasets/cub/10shot/train/Mourning_Warbler/10002.jpg	A bird with a gray head and yellow breast stands on a branch.
../dataset/datasets/cub/10shot/train/Mourning_Warbler/9950.jpg	The background is blurred, with muted earth tones.
../dataset/datasets/cub/10shot/train/Mourning_Warbler/9960.jpg	Green foliage, blurred background.
../dataset/datasets/cub/10shot/train/Mourning_Warbler/9963.jpg	Green leaves and branches.
../dataset/datasets/cub/10shot/train/Mourning_Warbler/9966.jpg	The background is blurred with people and greenery.
../dataset/datasets/cub/10shot/train/Myrtle_Warbler/10015.jpg	Branches and green needles.
../dataset/datasets/cub/10shot/train/Myrtle_Warbler/10043.jpg	The background is blurred green.
../dataset/datasets/cub/10shot/train/Myrtle_Warbler/10025.jpg	Green foliage, blurred background.
../dataset/datasets/cub/10shot/train/Myrtle_Warbler/10018.jpg	The background is blurred, with muted colors.
../dataset/datasets/cub/10shot/train/Myrtle_Warbler/10051.jpg	Bare branches, soft focus.
../dataset/datasets/cub/10shot/train/Myrtle_Warbler/10026.jpg	Blurred, brown tones.
../dataset/datasets/cub/10shot/train/Myrtle_Warbler/10049.jpg	Green leaves and blurred background.
../dataset/datasets/cub/10shot/train/Myrtle_Warbler/10040.jpg	Water.
../dataset/datasets/cub/10shot/train/Myrtle_Warbler/10034.jpg	Green, blurred background.
../dataset/datasets/cub/10shot/train/Myrtle_Warbler/10013.jpg	Branches, leaves, blue sky.
../dataset/datasets/cub/10shot/train/Nashville_Warbler/10072.jpg	Green foliage.
../dataset/datasets/cub/10shot/train/Nashville_Warbler/10103.jpg	The background is blurred with green foliage and branches.
../dataset/datasets/cub/10shot/train/Nashville_Warbler/10097.jpg	Green leaves, blue sky.
../dataset/datasets/cub/10shot/train/Nashville_Warbler/10073.jpg	Green leaves and blurred background.
../dataset/datasets/cub/10shot/train/Nashville_Warbler/10123.jpg	The background is blurred with muted browns and grays, suggesting a natural setting.
../dataset/datasets/cub/10shot/train/Nashville_Warbler/10102.jpg	Green foliage.
../dataset/datasets/cub/10shot/train/Nashville_Warbler/10086.jpg	The background is blurred with dried leaves and twigs.
../dataset/datasets/cub/10shot/train/Nashville_Warbler/10125.jpg	The background is blurred green foliage.
../dataset/datasets/cub/10shot/train/Nashville_Warbler/10117.jpg	Green, blurred background.
../dataset/datasets/cub/10shot/train/Nashville_Warbler/10126.jpg	The background consists of dried leaves and twigs.
../dataset/datasets/cub/10shot/train/Orange_crowned_Warbler/10179.jpg	The background is blurred, consisting of muted browns and grays.
../dataset/datasets/cub/10shot/train/Orange_crowned_Warbler/10169.jpg	The background is blurred and neutral-toned.
../dataset/datasets/cub/10shot/train/Orange_crowned_Warbler/10180.jpg	The background is blurred, with muted greens and browns.
../dataset/datasets/cub/10shot/train/Orange_crowned_Warbler/10159.jpg	Bare branches, green foliage.
../dataset/datasets/cub/10shot/train/Orange_crowned_Warbler/10140.jpg	Clear blue sky.
../dataset/datasets/cub/10shot/train/Orange_crowned_Warbler/10153.jpg	Blurred brown and gray branches.
../dataset/datasets/cub/10shot/train/Orange_crowned_Warbler/10157.jpg	The background is blurred, with muted tones.
../dataset/datasets/cub/10shot/train/Orange_crowned_Warbler/10162.jpg	Blurred green background.
../dataset/datasets/cub/10shot/train/Orange_crowned_Warbler/10165.jpg	The background is a clear blue sky with green foliage.
../dataset/datasets/cub/10shot/train/Orange_crowned_Warbler/10152.jpg	Green foliage and twigs.
../dataset/datasets/cub/10shot/train/Palm_Warbler/10207.jpg	Blurred green foliage.
../dataset/datasets/cub/10shot/train/Palm_Warbler/10246.jpg	bare branches, blue sky.
../dataset/datasets/cub/10shot/train/Palm_Warbler/10243.jpg	The background is blurred, with muted earth tones and indistinct shapes.
../dataset/datasets/cub/10shot/train/Palm_Warbler/10199.jpg	Tree trunk with moss.
../dataset/datasets/cub/10shot/train/Palm_Warbler/10194.jpg	The background is blurred green foliage.
../dataset/datasets/cub/10shot/train/Palm_Warbler/10215.jpg	The background is blurred, suggesting a natural outdoor setting.
../dataset/datasets/cub/10shot/train/Palm_Warbler/10236.jpg	Blurred, natural setting.
../dataset/datasets/cub/10shot/train/Palm_Warbler/10237.jpg	Blurred, brownish tones.
../dataset/datasets/cub/10shot/train/Palm_Warbler/10209.jpg	Dry, brown branches and blue sky.
../dataset/datasets/cub/10shot/train/Palm_Warbler/10220.jpg	Blurred, out-of-focus branches and foliage.
../dataset/datasets/cub/10shot/train/Pine_Warbler/10304.jpg	A bird perched on a branch with green leaves and blurred background.
../dataset/datasets/cub/10shot/train/Pine_Warbler/10260.jpg	The background is plain and light-colored.
../dataset/datasets/cub/10shot/train/Pine_Warbler/10300.jpg	Clear blue sky.
../dataset/datasets/cub/10shot/train/Pine_Warbler/10262.jpg	The background is blurred, with warm tones and branches.
../dataset/datasets/cub/10shot/train/Pine_Warbler/10278.jpg	A bird perched on a feeder with a dark, textured background.
../dataset/datasets/cub/10shot/train/Pine_Warbler/10265.jpg	Green leaves, blurred background.
../dataset/datasets/cub/10shot/train/Pine_Warbler/10263.jpg	The background is blurred and neutral-toned.
../dataset/datasets/cub/10shot/train/Pine_Warbler/10303.jpg	The background is blurred green.
../dataset/datasets/cub/10shot/train/Pine_Warbler/10275.jpg	The background is blurred and gray.
../dataset/datasets/cub/10shot/train/Pine_Warbler/10271.jpg	Green foliage, blurred background.
../dataset/datasets/cub/10shot/train/Prairie_Warbler/10365.jpg	The background is blurred with green and white tones, suggesting foliage.
../dataset/datasets/cub/10shot/train/Prairie_Warbler/10362.jpg	Green leaves, blurred background.
../dataset/datasets/cub/10shot/train/Prairie_Warbler/10328.jpg	The background is blurred with autumn leaves.
../dataset/datasets/cub/10shot/train/Prairie_Warbler/10331.jpg	The background is blurred with green and brown tones, suggesting foliage and branches.
../dataset/datasets/cub/10shot/train/Prairie_Warbler/10311.jpg	Blurred green background.
../dataset/datasets/cub/10shot/train/Prairie_Warbler/10357.jpg	Green leaves and branches.
../dataset/datasets/cub/10shot/train/Prairie_Warbler/10319.jpg	Green leaves, blurred background.
../dataset/datasets/cub/10shot/train/Prairie_Warbler/10314.jpg	Blurred forest.
../dataset/datasets/cub/10shot/train/Prairie_Warbler/10344.jpg	Dark, blurred background.
../dataset/datasets/cub/10shot/train/Prairie_Warbler/10354.jpg	Blurred green foliage.
../dataset/datasets/cub/10shot/train/Prothonotary_Warbler/10413.jpg	The background is blurred green foliage.
../dataset/datasets/cub/10shot/train/Prothonotary_Warbler/10403.jpg	A bird perched on tree branch, green foliage blurred behind.
../dataset/datasets/cub/10shot/train/Prothonotary_Warbler/10397.jpg	Green reeds, water.
../dataset/datasets/cub/10shot/train/Prothonotary_Warbler/10388.jpg	Branches, leaves, flowers.
../dataset/datasets/cub/10shot/train/Prothonotary_Warbler/10373.jpg	Green leaves and branches.
../dataset/datasets/cub/10shot/train/Prothonotary_Warbler/10409.jpg	The background is blurred green foliage.
../dataset/datasets/cub/10shot/train/Prothonotary_Warbler/10398.jpg	Green, blurred foliage.
../dataset/datasets/cub/10shot/train/Prothonotary_Warbler/10426.jpg	Green leaves.
../dataset/datasets/cub/10shot/train/Prothonotary_Warbler/10395.jpg	Green leaves, blurred background.
../dataset/datasets/cub/10shot/train/Prothonotary_Warbler/10375.jpg	Blurred green foliage.
../dataset/datasets/cub/10shot/train/Swainson_Warbler/10459.jpg	Green leaves, blurred background.
../dataset/datasets/cub/10shot/train/Swainson_Warbler/10467.jpg	The background consists of dry leaves and twigs on the ground.
../dataset/datasets/cub/10shot/train/Swainson_Warbler/10452.jpg	Green leaves and branches.
../dataset/datasets/cub/10shot/train/Swainson_Warbler/10441.jpg	The background is a mix of green leaves and brown branches.
../dataset/datasets/cub/10shot/train/Swainson_Warbler/10446.jpg	A bird perched on a branch with blurred background.
../dataset/datasets/cub/10shot/train/Swainson_Warbler/10470.jpg	Green, blurred foliage.
../dataset/datasets/cub/10shot/train/Swainson_Warbler/10448.jpg	Green leaves and branches.
../dataset/datasets/cub/10shot/train/Swainson_Warbler/10462.jpg	Green foliage, blurred branches.
../dataset/datasets/cub/10shot/train/Swainson_Warbler/10458.jpg	The background is blurred greenery.
../dataset/datasets/cub/10shot/train/Swainson_Warbler/10429.jpg	The background is blurred green foliage.
../dataset/datasets/cub/10shot/train/Tennessee_Warbler/10486.jpg	Dark, blurred green.
../dataset/datasets/cub/10shot/train/Tennessee_Warbler/10526.jpg	Green foliage, blurred branches.
../dataset/datasets/cub/10shot/train/Tennessee_Warbler/10524.jpg	Dark, blurred, branches.
../dataset/datasets/cub/10shot/train/Tennessee_Warbler/10507.jpg	The background is blurred green foliage.
../dataset/datasets/cub/10shot/train/Tennessee_Warbler/10523.jpg	The background is a blurred mix of tree trunks and green foliage.
../dataset/datasets/cub/10shot/train/Tennessee_Warbler/10533.jpg	Branches, leaves, sky.
../dataset/datasets/cub/10shot/train/Tennessee_Warbler/10509.jpg	Green leaves, blurred background.
../dataset/datasets/cub/10shot/train/Tennessee_Warbler/10498.jpg	Green leaves and branches.
../dataset/datasets/cub/10shot/train/Tennessee_Warbler/10510.jpg	Blurred green and yellow.
../dataset/datasets/cub/10shot/train/Tennessee_Warbler/10541.jpg	Green foliage and branches.
../dataset/datasets/cub/10shot/train/Wilson_Warbler/10564.jpg	Green foliage, blurred background.
../dataset/datasets/cub/10shot/train/Wilson_Warbler/10582.jpg	Green leaves and branches.
../dataset/datasets/cub/10shot/train/Wilson_Warbler/10593.jpg	The background consists of dried leaves and twigs on the ground.
../dataset/datasets/cub/10shot/train/Wilson_Warbler/10602.jpg	Green foliage.
../dataset/datasets/cub/10shot/train/Wilson_Warbler/10589.jpg	Blurred green and brown.
../dataset/datasets/cub/10shot/train/Wilson_Warbler/10556.jpg	The background is blurred green foliage.
../dataset/datasets/cub/10shot/train/Wilson_Warbler/10566.jpg	Green, blurred background.
../dataset/datasets/cub/10shot/train/Wilson_Warbler/10574.jpg	Green, blurred foliage.
../dataset/datasets/cub/10shot/train/Wilson_Warbler/10575.jpg	Green leaves, blurred background.
../dataset/datasets/cub/10shot/train/Wilson_Warbler/10555.jpg	Green foliage.
../dataset/datasets/cub/10shot/train/Worm_eating_Warbler/10630.jpg	The background is blurred greenery.
../dataset/datasets/cub/10shot/train/Worm_eating_Warbler/10609.jpg	The background is a forest floor with leaves and greenery.
../dataset/datasets/cub/10shot/train/Worm_eating_Warbler/10624.jpg	Green leaves, blurred yellow background.
../dataset/datasets/cub/10shot/train/Worm_eating_Warbler/10607.jpg	The background is blurred, with muted greens and browns.
../dataset/datasets/cub/10shot/train/Worm_eating_Warbler/10633.jpg	A bird is perched on the ground, surrounded by leaves and twigs.
../dataset/datasets/cub/10shot/train/Worm_eating_Warbler/10636.jpg	Green, blurred branches.
../dataset/datasets/cub/10shot/train/Worm_eating_Warbler/10606.jpg	Blurred, natural setting.
../dataset/datasets/cub/10shot/train/Worm_eating_Warbler/10651.jpg	The background is blurred green foliage.
../dataset/datasets/cub/10shot/train/Worm_eating_Warbler/10659.jpg	Green leaves and branches.
../dataset/datasets/cub/10shot/train/Worm_eating_Warbler/10603.jpg	Green and brown branches, grass.
../dataset/datasets/cub/10shot/train/Yellow_Warbler/10696.jpg	The background is sandy with scattered seaweed.
../dataset/datasets/cub/10shot/train/Yellow_Warbler/10670.jpg	The background is blurred, showing rocks and greenery.
../dataset/datasets/cub/10shot/train/Yellow_Warbler/10682.jpg	Green foliage, blurred.
../dataset/datasets/cub/10shot/train/Yellow_Warbler/10683.jpg	Green leaves and branches.
../dataset/datasets/cub/10shot/train/Yellow_Warbler/10716.jpg	The background is blurred with green and brown tones, suggesting foliage.
../dataset/datasets/cub/10shot/train/Yellow_Warbler/10692.jpg	A bird against a clear blue sky.
../dataset/datasets/cub/10shot/train/Yellow_Warbler/10698.jpg	Green leaves, branches.
../dataset/datasets/cub/10shot/train/Yellow_Warbler/10708.jpg	The background is blurred green.
../dataset/datasets/cub/10shot/train/Yellow_Warbler/10665.jpg	Green foliage, branches.
../dataset/datasets/cub/10shot/train/Yellow_Warbler/10702.jpg	Branches, leaves, blue sky.
../dataset/datasets/cub/10shot/train/Northern_Waterthrush/10776.jpg	Wetland with water and logs.
../dataset/datasets/cub/10shot/train/Northern_Waterthrush/10777.jpg	Blurred green foliage.
../dataset/datasets/cub/10shot/train/Northern_Waterthrush/10741.jpg	Dark, blurred foliage.
../dataset/datasets/cub/10shot/train/Northern_Waterthrush/10735.jpg	The background is blurred, with soft green and beige tones.
../dataset/datasets/cub/10shot/train/Northern_Waterthrush/10764.jpg	A bird perched on a branch with a blurred, dark background.
../dataset/datasets/cub/10shot/train/Northern_Waterthrush/10747.jpg	The background consists of dried leaves and soil.
../dataset/datasets/cub/10shot/train/Northern_Waterthrush/10781.jpg	The background is dark and natural, with branches and greenery.
../dataset/datasets/cub/10shot/train/Northern_Waterthrush/10739.jpg	Green foliage, blurred background.
../dataset/datasets/cub/10shot/train/Northern_Waterthrush/10767.jpg	Leaves, twigs, and greenery.
../dataset/datasets/cub/10shot/train/Northern_Waterthrush/10753.jpg	Leaves, rocks, greenery.
../dataset/datasets/cub/10shot/train/Louisiana_Waterthrush/10790.jpg	Green leaves, blurred background.
../dataset/datasets/cub/10shot/train/Louisiana_Waterthrush/10817.jpg	A bird perched on a branch with green foliage and tree trunk in the background.
../dataset/datasets/cub/10shot/train/Louisiana_Waterthrush/10841.jpg	Green water, rocks.
../dataset/datasets/cub/10shot/train/Louisiana_Waterthrush/10813.jpg	The background is blurred, showing water and grass.
../dataset/datasets/cub/10shot/train/Louisiana_Waterthrush/10783.jpg	The background is blurred, with muted browns and greens.
../dataset/datasets/cub/10shot/train/Louisiana_Waterthrush/10795.jpg	The background consists of dry ground and scattered twigs.
../dataset/datasets/cub/10shot/train/Louisiana_Waterthrush/10823.jpg	A bird stands on rocks near water.
../dataset/datasets/cub/10shot/train/Louisiana_Waterthrush/10796.jpg	A bird stands on wet ground with reflections and twigs.
../dataset/datasets/cub/10shot/train/Louisiana_Waterthrush/10791.jpg	The background consists of wet, dark soil with scattered twigs and debris.
../dataset/datasets/cub/10shot/train/Louisiana_Waterthrush/10820.jpg	The background is blurred, showing a natural setting.
../dataset/datasets/cub/10shot/train/Bohemian_Waxwing/10871.jpg	The background is blurred, showing a building and some red berries.
../dataset/datasets/cub/10shot/train/Bohemian_Waxwing/10851.jpg	The background is blurred greenery.
../dataset/datasets/cub/10shot/train/Bohemian_Waxwing/10873.jpg	A bird perched on branch against blue sky.
../dataset/datasets/cub/10shot/train/Bohemian_Waxwing/10878.jpg	A bird perched on branch with red berries and green leaves.
../dataset/datasets/cub/10shot/train/Bohemian_Waxwing/10852.jpg	The background is a plain, light gray sky.
../dataset/datasets/cub/10shot/train/Bohemian_Waxwing/10880.jpg	Foggy, blurred background.
../dataset/datasets/cub/10shot/train/Bohemian_Waxwing/10884.jpg	A bird perched on a branch against a clear blue sky.
../dataset/datasets/cub/10shot/train/Bohemian_Waxwing/10854.jpg	The background is a plain, muted gray.
../dataset/datasets/cub/10shot/train/Bohemian_Waxwing/10897.jpg	A bird perched on branch with red berries, blurred background.
../dataset/datasets/cub/10shot/train/Bohemian_Waxwing/10853.jpg	The background is blurred, showing branches and a soft, muted sky.
../dataset/datasets/cub/10shot/train/Cedar_Waxwing/10904.jpg	Green, blurred background.
../dataset/datasets/cub/10shot/train/Cedar_Waxwing/10946.jpg	Green, blurred foliage.
../dataset/datasets/cub/10shot/train/Cedar_Waxwing/10960.jpg	A bird perched on a branch against a blue sky.
../dataset/datasets/cub/10shot/train/Cedar_Waxwing/10933.jpg	Green leaves, blurred background.
../dataset/datasets/cub/10shot/train/Cedar_Waxwing/10944.jpg	Green foliage, blurred background.
../dataset/datasets/cub/10shot/train/Cedar_Waxwing/10926.jpg	The background is white and blurred.
../dataset/datasets/cub/10shot/train/Cedar_Waxwing/10940.jpg	Mountainous landscape.
../dataset/datasets/cub/10shot/train/Cedar_Waxwing/10954.jpg	Green foliage, blurred background.
../dataset/datasets/cub/10shot/train/Cedar_Waxwing/10943.jpg	Green leaves, blurred background.
../dataset/datasets/cub/10shot/train/Cedar_Waxwing/10958.jpg	Green leaves and branches.
../dataset/datasets/cub/10shot/train/American_Three_toed_Woodpecker/11006.jpg	The background is green foliage and tree bark.
../dataset/datasets/cub/10shot/train/American_Three_toed_Woodpecker/10989.jpg	Tree trunk, snow, branches.
../dataset/datasets/cub/10shot/train/American_Three_toed_Woodpecker/10980.jpg	Green foliage, blurred background.
../dataset/datasets/cub/10shot/train/American_Three_toed_Woodpecker/11008.jpg	The background is blurred greenery.
../dataset/datasets/cub/10shot/train/American_Three_toed_Woodpecker/10969.jpg	A bird perched on tree trunk, blurred background.
../dataset/datasets/cub/10shot/train/American_Three_toed_Woodpecker/11007.jpg	A bird perched on tree trunk, surrounded by branches and blurred background.
../dataset/datasets/cub/10shot/train/American_Three_toed_Woodpecker/10966.jpg	A bird perched on tree trunk, blurred background.
../dataset/datasets/cub/10shot/train/American_Three_toed_Woodpecker/10992.jpg	Tree trunk, snowy branches.
../dataset/datasets/cub/10shot/train/American_Three_toed_Woodpecker/10996.jpg	A bird on tree bark with wood chips.
../dataset/datasets/cub/10shot/train/American_Three_toed_Woodpecker/11000.jpg	Purple sky.
../dataset/datasets/cub/10shot/train/Pileated_Woodpecker/11036.jpg	Green, blurred foliage.
../dataset/datasets/cub/10shot/train/Pileated_Woodpecker/11034.jpg	The background is a blurred forest with green foliage and tree trunks.
../dataset/datasets/cub/10shot/train/Pileated_Woodpecker/11067.jpg	Green, blurred background.
../dataset/datasets/cub/10shot/train/Pileated_Woodpecker/11045.jpg	The background is blurred trees and branches.
../dataset/datasets/cub/10shot/train/Pileated_Woodpecker/11024.jpg	The background is plain white.
../dataset/datasets/cub/10shot/train/Pileated_Woodpecker/11047.jpg	Clear blue sky.
../dataset/datasets/cub/10shot/train/Pileated_Woodpecker/11038.jpg	A bird perched on tree trunk, green foliage blurred behind.
../dataset/datasets/cub/10shot/train/Pileated_Woodpecker/11021.jpg	Snowy forest.
../dataset/datasets/cub/10shot/train/Pileated_Woodpecker/11020.jpg	Tree with hole, blurred forest.
../dataset/datasets/cub/10shot/train/Pileated_Woodpecker/11071.jpg	Blurred, natural setting.
../dataset/datasets/cub/10shot/train/Red_bellied_Woodpecker/11088.jpg	A bird perched on a pine branch with a blurred background.
../dataset/datasets/cub/10shot/train/Red_bellied_Woodpecker/11121.jpg	Blurred, out-of-focus trees.
../dataset/datasets/cub/10shot/train/Red_bellied_Woodpecker/11072.jpg	A bird perched on tree trunk with blurred greenery and sunlight.
../dataset/datasets/cub/10shot/train/Red_bellied_Woodpecker/11087.jpg	The background is a ground covered with wood chips and scattered seeds.
../dataset/datasets/cub/10shot/train/Red_bellied_Woodpecker/11101.jpg	Green grass and feeder.
../dataset/datasets/cub/10shot/train/Red_bellied_Woodpecker/11073.jpg	Clear blue sky.
../dataset/datasets/cub/10shot/train/Red_bellied_Woodpecker/11107.jpg	Green foliage.
../dataset/datasets/cub/10shot/train/Red_bellied_Woodpecker/11084.jpg	Snowy trees.
../dataset/datasets/cub/10shot/train/Red_bellied_Woodpecker/11092.jpg	A bird on tree trunk, blurred background.
../dataset/datasets/cub/10shot/train/Red_bellied_Woodpecker/11086.jpg	Blurred greenery.
../dataset/datasets/cub/10shot/train/Red_cockaded_Woodpecker/11177.jpg	The background is dark and blurred, focusing attention on the bird.
../dataset/datasets/cub/10shot/train/Red_cockaded_Woodpecker/11158.jpg	The bird is against a blurred natural backdrop, likely trees and foliage.
../dataset/datasets/cub/10shot/train/Red_cockaded_Woodpecker/11188.jpg	Clear sky.
../dataset/datasets/cub/10shot/train/Red_cockaded_Woodpecker/11162.jpg	A bird perched on rock with water droplets.
../dataset/datasets/cub/10shot/train/Red_cockaded_Woodpecker/11156.jpg	Blurred, natural setting.
../dataset/datasets/cub/10shot/train/Red_cockaded_Woodpecker/11155.jpg	A bird on tree trunk, light background.
../dataset/datasets/cub/10shot/train/Red_cockaded_Woodpecker/11148.jpg	A bird perched on tree trunk with blurred background.
../dataset/datasets/cub/10shot/train/Red_cockaded_Woodpecker/11134.jpg	A bird perched on tree trunk with hanging vines and leaves.
../dataset/datasets/cub/10shot/train/Red_cockaded_Woodpecker/11173.jpg	A bird perched on tree trunk, blue sky and blurred foliage behind.
../dataset/datasets/cub/10shot/train/Red_cockaded_Woodpecker/11154.jpg	A bird perched on tree trunk with peeling bark.
../dataset/datasets/cub/10shot/train/Red_headed_Woodpecker/11193.jpg	A bird perched on a branch against a blue sky.
../dataset/datasets/cub/10shot/train/Red_headed_Woodpecker/11232.jpg	A bird perched on tree trunk with blurred background.
../dataset/datasets/cub/10shot/train/Red_headed_Woodpecker/11215.jpg	Clear blue sky.
../dataset/datasets/cub/10shot/train/Red_headed_Woodpecker/11198.jpg	The background is blurred greenery.
../dataset/datasets/cub/10shot/train/Red_headed_Woodpecker/11243.jpg	Green grass, fence, plants.
../dataset/datasets/cub/10shot/train/Red_headed_Woodpecker/11219.jpg	A bird perched on a tree branch with blurred green foliage in the background.
../dataset/datasets/cub/10shot/train/Red_headed_Woodpecker/11220.jpg	A bird perched on tree trunk with green foliage and blurred background.
../dataset/datasets/cub/10shot/train/Red_headed_Woodpecker/11214.jpg	Clear blue sky.
../dataset/datasets/cub/10shot/train/Red_headed_Woodpecker/11242.jpg	A bird on tree trunk with blurred greenery.
../dataset/datasets/cub/10shot/train/Red_headed_Woodpecker/11221.jpg	The background is blurred with warm tones.
../dataset/datasets/cub/10shot/train/Downy_Woodpecker/11304.jpg	Blurred, natural setting.
../dataset/datasets/cub/10shot/train/Downy_Woodpecker/11286.jpg	Blurred, out-of-focus background.
../dataset/datasets/cub/10shot/train/Downy_Woodpecker/11269.jpg	The background is blurred, suggesting a snowy or wintry setting.
../dataset/datasets/cub/10shot/train/Downy_Woodpecker/11294.jpg	The background is plain white.
../dataset/datasets/cub/10shot/train/Downy_Woodpecker/11252.jpg	Green, blurred foliage.
../dataset/datasets/cub/10shot/train/Downy_Woodpecker/11254.jpg	The background is blurred with green and white hues, suggesting a natural setting.
../dataset/datasets/cub/10shot/train/Downy_Woodpecker/11291.jpg	Blurred forest.
../dataset/datasets/cub/10shot/train/Downy_Woodpecker/11280.jpg	The background is a blurred, light gray sky.
../dataset/datasets/cub/10shot/train/Downy_Woodpecker/11295.jpg	Blurred green and brown.
../dataset/datasets/cub/10shot/train/Downy_Woodpecker/11276.jpg	Blurred blue and green.
../dataset/datasets/cub/10shot/train/Bewick_Wren/11359.jpg	Wooden fence, grassy field, trees.
../dataset/datasets/cub/10shot/train/Bewick_Wren/11358.jpg	A bird perched on branch against pale sky.
../dataset/datasets/cub/10shot/train/Bewick_Wren/11360.jpg	Blurred green foliage.
../dataset/datasets/cub/10shot/train/Bewick_Wren/11324.jpg	Green, blurred foliage.
../dataset/datasets/cub/10shot/train/Bewick_Wren/11313.jpg	Blurred green and brown foliage.
../dataset/datasets/cub/10shot/train/Bewick_Wren/11350.jpg	A bird on white surface with shadow.
../dataset/datasets/cub/10shot/train/Bewick_Wren/11367.jpg	Green leaves, blurred background.
../dataset/datasets/cub/10shot/train/Bewick_Wren/11330.jpg	A bird on a white surface with a blurred background.
../dataset/datasets/cub/10shot/train/Bewick_Wren/11354.jpg	A bird perched on wooden railing, blurred background.
../dataset/datasets/cub/10shot/train/Bewick_Wren/11366.jpg	The background is blurred, with branches and soft colors.
../dataset/datasets/cub/10shot/train/Cactus_Wren/11394.jpg	Clear blue sky.
../dataset/datasets/cub/10shot/train/Cactus_Wren/11426.jpg	A bird perched on branch, surrounded by green foliage and blue sky.
../dataset/datasets/cub/10shot/train/Cactus_Wren/11383.jpg	Clear blue sky.
../dataset/datasets/cub/10shot/train/Cactus_Wren/11412.jpg	A bird stands amidst yellow flowers and rocks.
../dataset/datasets/cub/10shot/train/Cactus_Wren/11401.jpg	Green foliage, blurred background.
../dataset/datasets/cub/10shot/train/Cactus_Wren/11429.jpg	Dry, sandy ground with sparse vegetation.
../dataset/datasets/cub/10shot/train/Cactus_Wren/11428.jpg	Clear blue sky.
../dataset/datasets/cub/10shot/train/Cactus_Wren/11375.jpg	Clear blue sky.
../dataset/datasets/cub/10shot/train/Cactus_Wren/11411.jpg	A bird stands on rocks near water.
../dataset/datasets/cub/10shot/train/Cactus_Wren/11386.jpg	A bird on red surface, metal chair behind.
../dataset/datasets/cub/10shot/train/Carolina_Wren/11433.jpg	Blurred, tree-like.
../dataset/datasets/cub/10shot/train/Carolina_Wren/11468.jpg	Dry, light-colored reeds.
../dataset/datasets/cub/10shot/train/Carolina_Wren/11466.jpg	A bird perched on wicker chair.
../dataset/datasets/cub/10shot/train/Carolina_Wren/11460.jpg	The background is blurred, with muted browns and greens.
../dataset/datasets/cub/10shot/train/Carolina_Wren/11447.jpg	A bird perched on tree branch with green leaves and blurred background.
../dataset/datasets/cub/10shot/train/Carolina_Wren/11480.jpg	The background is blurred, with soft, muted colors.
../dataset/datasets/cub/10shot/train/Carolina_Wren/11448.jpg	The background is blurred green.
../dataset/datasets/cub/10shot/train/Carolina_Wren/11451.jpg	Green foliage.
../dataset/datasets/cub/10shot/train/Carolina_Wren/11439.jpg	Green foliage.
../dataset/datasets/cub/10shot/train/Carolina_Wren/11475.jpg	A bird on mossy ground with fallen leaves.
../dataset/datasets/cub/10shot/train/House_Wren/11532.jpg	Green, blurred foliage.
../dataset/datasets/cub/10shot/train/House_Wren/11511.jpg	Green, blurred background.
../dataset/datasets/cub/10shot/train/House_Wren/11529.jpg	The background features a wooden post and a bird feeder with seeds.
../dataset/datasets/cub/10shot/train/House_Wren/11492.jpg	Green leaves and branches.
../dataset/datasets/cub/10shot/train/House_Wren/11493.jpg	Green background.
../dataset/datasets/cub/10shot/train/House_Wren/11500.jpg	The background is blurred with muted greens and browns, suggesting a natural setting.
../dataset/datasets/cub/10shot/train/House_Wren/11509.jpg	The background is blurred green.
../dataset/datasets/cub/10shot/train/House_Wren/11516.jpg	Green, blurred background.
../dataset/datasets/cub/10shot/train/House_Wren/11508.jpg	Green foliage, blurred background.
../dataset/datasets/cub/10shot/train/House_Wren/11546.jpg	A bird perched on mossy branch, soft green and blue background.
../dataset/datasets/cub/10shot/train/Marsh_Wren/11573.jpg	The background is a soft, muted blend of pale colors with reeds.
../dataset/datasets/cub/10shot/train/Marsh_Wren/11569.jpg	Grass and reeds.
../dataset/datasets/cub/10shot/train/Marsh_Wren/11553.jpg	Dry reeds and grasses.
../dataset/datasets/cub/10shot/train/Marsh_Wren/11594.jpg	The background is blurred, brownish.
../dataset/datasets/cub/10shot/train/Marsh_Wren/11585.jpg	The background is blurred, with muted tones and branches.
../dataset/datasets/cub/10shot/train/Marsh_Wren/11598.jpg	Clear blue sky.
../dataset/datasets/cub/10shot/train/Marsh_Wren/11607.jpg	Green grass and plants.
../dataset/datasets/cub/10shot/train/Marsh_Wren/11560.jpg	The background is blurred green.
../dataset/datasets/cub/10shot/train/Marsh_Wren/11599.jpg	The background is blurred green and brown vegetation.
../dataset/datasets/cub/10shot/train/Marsh_Wren/11552.jpg	A bird perched on reeds against a blurred blue background.
../dataset/datasets/cub/10shot/train/Rock_Wren/11612.jpg	A bird perched on rock against blue sky.
../dataset/datasets/cub/10shot/train/Rock_Wren/11624.jpg	The background is a textured, grayish surface with small pebbles and rocks.
../dataset/datasets/cub/10shot/train/Rock_Wren/11652.jpg	The background is blurred, suggesting a natural outdoor setting.
../dataset/datasets/cub/10shot/train/Rock_Wren/11664.jpg	The background consists of rocks and dried leaves.
../dataset/datasets/cub/10shot/train/Rock_Wren/11666.jpg	Clear blue sky.
../dataset/datasets/cub/10shot/train/Rock_Wren/11635.jpg	The background is blurred green.
../dataset/datasets/cub/10shot/train/Rock_Wren/11614.jpg	The background is plain and light-colored.
../dataset/datasets/cub/10shot/train/Rock_Wren/11663.jpg	A bird on rocks.
../dataset/datasets/cub/10shot/train/Rock_Wren/11627.jpg	Blurred greenery and rocks.
../dataset/datasets/cub/10shot/train/Rock_Wren/11634.jpg	Blurred greenery.
../dataset/datasets/cub/10shot/train/Winter_Wren/11696.jpg	Snowy, blurred background.
../dataset/datasets/cub/10shot/train/Winter_Wren/11671.jpg	A bird on wooden perch, yellow background.
../dataset/datasets/cub/10shot/train/Winter_Wren/11710.jpg	Green, blurred background.
../dataset/datasets/cub/10shot/train/Winter_Wren/11691.jpg	The background is blurred with snow and greenery.
../dataset/datasets/cub/10shot/train/Winter_Wren/11716.jpg	A bird on gravel with rocks and purple flower.
../dataset/datasets/cub/10shot/train/Winter_Wren/11686.jpg	Green leaves, blurred background.
../dataset/datasets/cub/10shot/train/Winter_Wren/11703.jpg	Blurred green foliage.
../dataset/datasets/cub/10shot/train/Winter_Wren/11718.jpg	The background is blurred with indistinct shapes and colors, suggesting an outdoor setting.
../dataset/datasets/cub/10shot/train/Winter_Wren/11682.jpg	The background is dark and blurred, with hints of green moss.
../dataset/datasets/cub/10shot/train/Winter_Wren/11698.jpg	Blurred greenery.
../dataset/datasets/cub/10shot/train/Common_Yellowthroat/11767.jpg	Green grass and leaves.
../dataset/datasets/cub/10shot/train/Common_Yellowthroat/11776.jpg	Green, blurred foliage.
../dataset/datasets/cub/10shot/train/Common_Yellowthroat/11760.jpg	Green, blurred, grassy.
../dataset/datasets/cub/10shot/train/Common_Yellowthroat/11758.jpg	Blurred green foliage.
../dataset/datasets/cub/10shot/train/Common_Yellowthroat/11746.jpg	Clear blue sky.
../dataset/datasets/cub/10shot/train/Common_Yellowthroat/11732.jpg	Dry, blurred branches.
../dataset/datasets/cub/10shot/train/Common_Yellowthroat/11763.jpg	Dry, blurred branches and twigs.
../dataset/datasets/cub/10shot/train/Common_Yellowthroat/11753.jpg	Green, blurred background.
../dataset/datasets/cub/10shot/train/Common_Yellowthroat/11770.jpg	Green foliage, blurred background.
../dataset/datasets/cub/10shot/train/Common_Yellowthroat/11759.jpg	The background is blurred with green and brown tones.