image	response
/home/whx/Dataset/fungitastic-m/train/720p/2-3327300305.JPG	Grass and clover.
/home/whx/Dataset/fungitastic-m/test/720p/1-4465898713.JPG	The background of the fungus is a mix of soil, leaves, and green vegetation.
/home/whx/Dataset/fungitastic-m/train/720p/0-2238497171.JPG	a fungus in grass.
/home/whx/Dataset/fungitastic-m/train/720p/0-2238468067.JPG	The background of the fungus is a light, translucent gray.
/home/whx/Dataset/fungitastic-m/train/720p/0-3324329343.JPG	Grass and soil.
/home/whx/Dataset/fungitastic-m/train/720p/0-2237960183.JPG	Grass.
/home/whx/Dataset/fungitastic-m/train/720p/2-2238468067.JPG	The background is plain white.
/home/whx/Dataset/fungitastic-m/train/720p/1-2237960183.JPG	The background of the fungus is described as "on a tree trunk."
/home/whx/Dataset/fungitastic-m/train/720p/0-2238198540.JPG	Grass and soil.
/home/whx/Dataset/fungitastic-m/train/720p/0-2238337943.JPG	A fungus on asphalt.
/home/whx/Dataset/fungitastic-m/test/720p/3-4465860512.JPG	A fungus on moss.
/home/whx/Dataset/fungitastic-m/train/720p/0-2238219862.JPG	A fungus on a gravel surface.
/home/whx/Dataset/fungitastic-m/train/720p/3-3332302304.JPG	The background is a light, speckled white.
/home/whx/Dataset/fungitastic-m/train/720p/0-2413149300.JPG	A fungus on a wooden surface.
/home/whx/Dataset/fungitastic-m/test/720p/0-4465860512.JPG	The background of the fungus is a light, neutral gray with scattered particles.
/home/whx/Dataset/fungitastic-m/train/720p/1-2238469708.JPG	The background of the fungus is a plain white surface.
/home/whx/Dataset/fungitastic-m/test/720p/1-4465887388.JPG	The background of the fungus is a forest floor covered in dry leaves and twigs.
/home/whx/Dataset/fungitastic-m/val/720p/1-3922621612.JPG	A fungus in a forest setting with leaves and grass.
/home/whx/Dataset/fungitastic-m/train/720p/0-2238514417.JPG	A fungus grows amidst clover and fallen leaves.
/home/whx/Dataset/fungitastic-m/train/720p/0-2251781141.JPG	A fungus is surrounded by moss, leaves, and soil.
/home/whx/Dataset/fungitastic-m/train/720p/0-2238530172.JPG	The background of the fungus appears to be a dense, fibrous matrix.
/home/whx/Dataset/fungitastic-m/train/720p/0-2238472721.JPG	A fungus on a weathered wooden surface.
/home/whx/Dataset/fungitastic-m/val/720p/2-3962113377.JPG	A fungus rests on autumn leaves.
/home/whx/Dataset/fungitastic-m/train/720p/0-2351007181.JPG	A fungus grows amidst moss and fallen leaves.
/home/whx/Dataset/fungitastic-m/train/720p/0-2238525857.JPG	The background is blurred, with green and brown hues.
/home/whx/Dataset/fungitastic-m/val/720p/0-3970589504.JPG	The background of the fungus is a blurred mix of dark, earthy tones with hints of green moss and a dried leaf.
/home/whx/Dataset/fungitastic-m/val/720p/1-3970589504.JPG	The background of the fungus is a forest floor with moss, leaves, and decaying wood.
/home/whx/Dataset/fungitastic-m/val/720p/1-3948715319.JPG	A fungus is nestled among green moss.
/home/whx/Dataset/fungitastic-m/train/720p/0-2238517623.JPG	A fungus grows amidst dark, mossy, and decaying wood.
/home/whx/Dataset/fungitastic-m/train/720p/1-2238566918.JPG	A fungus grows on moss.
/home/whx/Dataset/fungitastic-m/val/720p/2-3970589491.JPG	Moist, mossy ground.
/home/whx/Dataset/fungitastic-m/train/720p/1-2238558360.JPG	Green mossy background.
/home/whx/Dataset/fungitastic-m/train/720p/1-3386477389.JPG	A fungus rests on mossy ground.
/home/whx/Dataset/fungitastic-m/train/720p/0-2238379917.JPG	A fungus on a tiled surface.
/home/whx/Dataset/fungitastic-m/train/720p/0-3380899397.JPG	A fungus in a grassy, forested area.
/home/whx/Dataset/fungitastic-m/train/720p/2-2821598339.JPG	A fungus on grass.
/home/whx/Dataset/fungitastic-m/train/720p/4-2821598339.JPG	A fungus in grass and moss.
/home/whx/Dataset/fungitastic-m/train/720p/1-3380899397.JPG	A fungus is on forest floor with grass and pine needles.
/home/whx/Dataset/fungitastic-m/train/720p/0-2821598339.JPG	A fungus rests on mossy ground.
/home/whx/Dataset/fungitastic-m/train/720p/0-3386477389.JPG	The background of the fungus is a gradient of white to dark blue.
/home/whx/Dataset/fungitastic-m/train/720p/0-3340172438.JPG	A fungus in grass with clover.
/home/whx/Dataset/fungitastic-m/train/720p/2-3324329335.JPG	A fungus in a forest with moss-covered ground and fallen branches.
/home/whx/Dataset/fungitastic-m/test/720p/1-4465864285.JPG	A fungus on mossy ground.
/home/whx/Dataset/fungitastic-m/train/720p/2-2608812132.JPG	A fungus with a yellow cap and white spots, held against a blurred background.
/home/whx/Dataset/fungitastic-m/train/720p/1-3324329335.JPG	A fungus in a forest setting with moss and fallen leaves.
/home/whx/Dataset/fungitastic-m/train/720p/0-2238497275.JPG	A fungus grows amidst green grass and clover.
/home/whx/Dataset/fungitastic-m/train/720p/3-3324329335.JPG	A fungus grows amidst moss-covered logs and forest debris.
/home/whx/Dataset/fungitastic-m/test/720p/0-4465864285.JPG	A fungus in a mossy forest setting.
/home/whx/Dataset/fungitastic-m/val/720p/0-3948713720.JPG	A fungus rests on a bed of brown, autumn leaves.
/home/whx/Dataset/fungitastic-m/train/720p/1-2984629348.JPG	The background is blurred, with earthy tones and a dark, organic surface.
/home/whx/Dataset/fungitastic-m/train/720p/0-2238437333.JPG	The background is blurred, with earthy tones.
/home/whx/Dataset/fungitastic-m/train/720p/0-2238581030.JPG	Dark, wet, organic.
/home/whx/Dataset/fungitastic-m/train/720p/2-2238402929.JPG	Brown, blurred, leafy.
/home/whx/Dataset/fungitastic-m/train/720p/0-3410058307.JPG	The background is a dark, textured surface with scattered white spots.
/home/whx/Dataset/fungitastic-m/train/720p/1-2238363229.JPG	The background of the fungus is a mix of brown and dried leaves.
/home/whx/Dataset/fungitastic-m/train/720p/0-3410047338.JPG	The background is a blurred mix of brown and orange hues, suggesting a forest floor.
/home/whx/Dataset/fungitastic-m/val/720p/1-4100095837.JPG	The background is blurry and gray.
/home/whx/Dataset/fungitastic-m/train/720p/0-2427873692.JPG	The background of the fungus is a dark, textured surface with a leaf and soil.
/home/whx/Dataset/fungitastic-m/val/720p/2-4100089855.JPG	The background of the fungus is a dried, brown leaf.
/home/whx/Dataset/fungitastic-m/train/720p/2-2981241399.JPG	A fungus on a leaf with a blurred green background.
/home/whx/Dataset/fungitastic-m/train/720p/2-2238353483.JPG	Dark, textured surface.
/home/whx/Dataset/fungitastic-m/train/720p/1-2238483457.JPG	The background is blurred, with earthy tones.
/home/whx/Dataset/fungitastic-m/train/720p/0-2460548035.JPG	Dark and blurred.
/home/whx/Dataset/fungitastic-m/val/720p/1-4100089855.JPG	The background of the fungus is a light, uniform color.
/home/whx/Dataset/fungitastic-m/train/720p/0-2238514874.JPG	The background of the fungus consists of brown leaves and forest debris.
/home/whx/Dataset/fungitastic-m/train/720p/0-4847350273.JPG	A fungus on weathered wood.
/home/whx/Dataset/fungitastic-m/test/720p/2-4465883614.JPG	The background of the fungus consists of grass, leaves, and dried plant material.
/home/whx/Dataset/fungitastic-m/train/720p/3-3412515319.JPG	A fungus is surrounded by green moss and scattered autumn leaves.
/home/whx/Dataset/fungitastic-m/train/720p/0-2874312523.JPG	A fungus is surrounded by fallen leaves and twigs.
/home/whx/Dataset/fungitastic-m/test/720p/0-4465863988.JPG	A fungus is surrounded by fallen leaves and moss.
/home/whx/Dataset/fungitastic-m/train/720p/1-4847352207.JPG	A fungus is surrounded by dried leaves and twigs.
/home/whx/Dataset/fungitastic-m/train/720p/0-3412515319.JPG	A fungus on a textured, light-colored surface.
/home/whx/Dataset/fungitastic-m/val/720p/0-3944339523.JPG	Grass and twigs.
/home/whx/Dataset/fungitastic-m/train/720p/2-2238403240.JPG	A fungus is placed on a transparent ruler with a blue background.
/home/whx/Dataset/fungitastic-m/train/720p/0-3395915315.JPG	Grass, leaves, soil.
/home/whx/Dataset/fungitastic-m/train/720p/1-2901939352.JPG	A fungus in grass.
/home/whx/Dataset/fungitastic-m/train/720p/0-2238403240.JPG	A fungus on a clear plastic surface.
/home/whx/Dataset/fungitastic-m/train/720p/5-2238527213.JPG	A fungus is surrounded by green foliage.
/home/whx/Dataset/fungitastic-m/train/720p/0-2238527213.JPG	A fungus is surrounded by green foliage.
/home/whx/Dataset/fungitastic-m/train/720p/1-2981232390.JPG	A fungus is surrounded by green moss and grass.
/home/whx/Dataset/fungitastic-m/train/720p/1-2883260308.JPG	a fungus on forest floor with leaves and soil.
/home/whx/Dataset/fungitastic-m/train/720p/0-2238337686.JPG	A fungus is surrounded by fallen leaves and twigs.
/home/whx/Dataset/fungitastic-m/val/720p/0-3925718404.JPG	A fungus rests on moss.
/home/whx/Dataset/fungitastic-m/train/720p/0-2238362618.JPG	A fungus is surrounded by moss and fallen leaves.
/home/whx/Dataset/fungitastic-m/train/720p/1-3345605339.JPG	A fungus on a light wooden surface.
/home/whx/Dataset/fungitastic-m/test/720p/0-4465888838.JPG	The background of the fungus consists of dark, decaying leaves and soil.
/home/whx/Dataset/fungitastic-m/train/720p/0-2238345845.JPG	The background of the fungus is a mix of soil, leaves, and grass.
/home/whx/Dataset/fungitastic-m/train/720p/0-2238344269.JPG	A fungus is surrounded by fallen leaves and twigs on the forest floor.
/home/whx/Dataset/fungitastic-m/train/720p/0-2238202921.JPG	The background of the fungus is a mix of brown and green, likely soil and grass.
/home/whx/Dataset/fungitastic-m/train/720p/1-2238217137.JPG	The background of the fungus is a mix of soil and small rocks.
/home/whx/Dataset/fungitastic-m/train/720p/2-2812993304.JPG	A fungus on a textured, earthy surface.
/home/whx/Dataset/fungitastic-m/train/720p/0-2238387372.JPG	Green grass.
/home/whx/Dataset/fungitastic-m/train/720p/0-3345615392.JPG	The background of the fungus consists of soil and scattered leaves.
/home/whx/Dataset/fungitastic-m/train/720p/1-3345615392.JPG	The background of the fungus is a mix of soil, leaves, and debris.
/home/whx/Dataset/fungitastic-m/train/720p/1-2238342986.JPG	A fungus on a concrete surface.
/home/whx/Dataset/fungitastic-m/train/720p/0-2238468608.JPG	The background of the fungus is a light, cloudy white.
/home/whx/Dataset/fungitastic-m/test/720p/1-4465904447.JPG	A fungus grows amidst moss and grass.
/home/whx/Dataset/fungitastic-m/train/720p/4-3052842305.JPG	The background of the fungus is a light, cloudy, and somewhat translucent surface with scattered bubbles and small particles.
/home/whx/Dataset/fungitastic-m/val/720p/0-3948712760.JPG	A fungus grows amidst grass and moss.
/home/whx/Dataset/fungitastic-m/train/720p/0-3052842305.JPG	The background of the fungus is a pale, light-colored, and slightly translucent medium.
/home/whx/Dataset/fungitastic-m/train/720p/2-2238583087.JPG	A fungus is surrounded by green moss and small plants.
/home/whx/Dataset/fungitastic-m/train/720p/2-3052842305.JPG	A fungus is surrounded by grass, sand, and small plants.
/home/whx/Dataset/fungitastic-m/train/720p/3-2238583087.JPG	The background of the fungus consists of grass, leaves, and soil.
/home/whx/Dataset/fungitastic-m/train/720p/0-2238397408.JPG	The background consists of dried grass and leaves.
/home/whx/Dataset/fungitastic-m/test/720p/2-4465877487.JPG	A fungus is surrounded by green moss and leaves.
/home/whx/Dataset/fungitastic-m/train/720p/4-2238421933.JPG	The background of the fungus is a plain, light-colored surface.
/home/whx/Dataset/fungitastic-m/train/720p/0-3380890423.JPG	The background of the fungus is a light, uniform color with faint, scattered circular patterns.
/home/whx/Dataset/fungitastic-m/train/720p/0-3355982311.JPG	A fungus is surrounded by fallen leaves and moss.
/home/whx/Dataset/fungitastic-m/test/720p/0-4465870508.JPG	A fungus is on mossy ground.
/home/whx/Dataset/fungitastic-m/train/720p/1-2238374753.JPG	The background of the fungus is a forest floor with moss, leaves, and twigs.
/home/whx/Dataset/fungitastic-m/train/720p/0-2238472015.JPG	A fungus is surrounded by moss and greenery.
/home/whx/Dataset/fungitastic-m/test/720p/1-4465870508.JPG	A fungus rests on mossy forest floor.
/home/whx/Dataset/fungitastic-m/test/720p/1-4465876482.JPG	The background of the fungus is a forest floor with dried leaves and twigs.
/home/whx/Dataset/fungitastic-m/train/720p/0-2981244328.JPG	The background is a dark, textured surface.
/home/whx/Dataset/fungitastic-m/train/720p/0-2238161513.JPG	A fungus on a wooden surface.
/home/whx/Dataset/fungitastic-m/train/720p/2-2598727401.JPG	A fungus in grass.
/home/whx/Dataset/fungitastic-m/train/720p/0-2238220584.JPG	A fungus rests on green moss.
/home/whx/Dataset/fungitastic-m/train/720p/0-2238219934.JPG	a fungus on moss.
/home/whx/Dataset/fungitastic-m/val/720p/2-3909141319.JPG	A fungus on mossy forest floor.
/home/whx/Dataset/fungitastic-m/train/720p/0-2237962849.JPG	A fungus is surrounded by brown leaves on the forest floor.
/home/whx/Dataset/fungitastic-m/train/720p/3-2868470345.JPG	The background of the fungus is a light blue sky.
/home/whx/Dataset/fungitastic-m/train/720p/0-2238374547.JPG	A fungus on a plant stem with a blurred green background.
/home/whx/Dataset/fungitastic-m/train/720p/0-2238033436.JPG	The background is a blurred mix of earthy tones.
/home/whx/Dataset/fungitastic-m/train/720p/0-2981238381.JPG	A fungus on a wooden surface.
/home/whx/Dataset/fungitastic-m/train/720p/0-2238476495.JPG	The background is a plain, muted brown.
/home/whx/Dataset/fungitastic-m/train/720p/1-2868470345.JPG	Dry grass.
/home/whx/Dataset/fungitastic-m/train/720p/1-2238327128.JPG	The background consists of brown and green plant material.
/home/whx/Dataset/fungitastic-m/val/720p/2-3968583473.JPG	The background of the fungus is dark and blurry.
/home/whx/Dataset/fungitastic-m/train/720p/2-2237920867.JPG	A fungus on grass.
/home/whx/Dataset/fungitastic-m/train/720p/2-2238506890.JPG	The background of the fungus consists of grass, leaves, and moss.
/home/whx/Dataset/fungitastic-m/train/720p/2-2238497590.JPG	The background of the fungus is a light, blurry, and somewhat granular texture.
/home/whx/Dataset/fungitastic-m/train/720p/1-2238497590.JPG	The background of the fungus is a blurry, light grayish-white.
/home/whx/Dataset/fungitastic-m/train/720p/1-2238506890.JPG	The background of the fungus is a mix of grass, leaves, and soil.
/home/whx/Dataset/fungitastic-m/train/720p/1-3332291321.JPG	The background of the fungus is dark.
/home/whx/Dataset/fungitastic-m/train/720p/5-2238497590.JPG	The background of the fungus is a light, translucent pink.
/home/whx/Dataset/fungitastic-m/train/720p/0-3332309342.JPG	A fungus is surrounded by soil, rocks, and grass.
/home/whx/Dataset/fungitastic-m/train/720p/1-2812993305.JPG	A fungus is surrounded by green grass and moss.
/home/whx/Dataset/fungitastic-m/val/720p/1-4100088441.JPG	A fungus lies on forest floor, surrounded by pine needles and moss.
/home/whx/Dataset/fungitastic-m/train/720p/10-2238426722.JPG	A fungus rests on mossy ground.
/home/whx/Dataset/fungitastic-m/train/720p/5-2238432616.JPG	A fungus is surrounded by green moss and pine needles.
/home/whx/Dataset/fungitastic-m/train/720p/0-2238426722.JPG	The background is plain and light-colored.
/home/whx/Dataset/fungitastic-m/train/720p/0-2812993305.JPG	A fungus with light brown streaks on a white background.
/home/whx/Dataset/fungitastic-m/train/720p/6-2238426722.JPG	A fungus rests on mossy ground.
/home/whx/Dataset/fungitastic-m/val/720p/0-4100088441.JPG	The background of the fungus is a uniform, orange-brown hue.
/home/whx/Dataset/fungitastic-m/train/720p/0-2238451334.JPG	A fungus is surrounded by autumn leaves.
/home/whx/Dataset/fungitastic-m/train/720p/0-2430666156.JPG	A fungus grows on a tree stump amidst fallen leaves.
/home/whx/Dataset/fungitastic-m/train/720p/0-2868488475.JPG	The background of the fungus is a forest floor with fallen leaves, twigs, and moss.
/home/whx/Dataset/fungitastic-m/train/720p/0-4847350369.JPG	The background of the fungus is a mix of earthy tones and organic debris.
/home/whx/Dataset/fungitastic-m/train/720p/3-3018980314.JPG	A fungus grows on decaying wood and debris.
/home/whx/Dataset/fungitastic-m/train/720p/0-2238456319.JPG	The background of the fungus consists of fallen leaves and a tree trunk.
/home/whx/Dataset/fungitastic-m/val/720p/0-3944343631.JPG	A fungus grows on decaying wood.
/home/whx/Dataset/fungitastic-m/train/720p/1-2238456319.JPG	A fungus on a wooden surface.
/home/whx/Dataset/fungitastic-m/train/720p/0-2238216993.JPG	A fungus rests on mossy ground.
/home/whx/Dataset/fungitastic-m/train/720p/1-2237915293.JPG	A fungus on grass.
/home/whx/Dataset/fungitastic-m/train/720p/1-2860298301.JPG	The background is plain white.
/home/whx/Dataset/fungitastic-m/train/720p/2-3059596307.JPG	A fungus on a concrete surface.
/home/whx/Dataset/fungitastic-m/train/720p/0-3059596307.JPG	A fungus on concrete.
/home/whx/Dataset/fungitastic-m/test/720p/2-4465885694.JPG	A fungus on a wooden surface.
/home/whx/Dataset/fungitastic-m/train/720p/0-2238189933.JPG	A fungus on a perforated metal surface.
/home/whx/Dataset/fungitastic-m/train/720p/0-2860298301.JPG	The background is plain white.
/home/whx/Dataset/fungitastic-m/train/720p/0-2238507960.JPG	The background of the fungus is a mix of dark soil and scattered leaves.
/home/whx/Dataset/fungitastic-m/test/720p/1-4465874031.JPG	The background of the fungus is dark and textured.
/home/whx/Dataset/fungitastic-m/train/720p/1-2238221300.JPG	A fungus on mossy ground.
/home/whx/Dataset/fungitastic-m/train/720p/7-2238471844.JPG	A fungus is surrounded by dry leaves and twigs.
/home/whx/Dataset/fungitastic-m/train/720p/6-2238471913.JPG	The background of the fungus is a light, translucent area with a small, dark, circular object.
/home/whx/Dataset/fungitastic-m/train/720p/0-2237962455.JPG	A fungus on mossy ground.
/home/whx/Dataset/fungitastic-m/train/720p/1-2238471913.JPG	The background of the fungus is a pale, translucent gray.
/home/whx/Dataset/fungitastic-m/test/720p/0-4465875144.JPG	The background of the fungus is pinkish.
/home/whx/Dataset/fungitastic-m/train/720p/0-2238532885.JPG	The background is blurred, with indistinct shapes and muted colors.
/home/whx/Dataset/fungitastic-m/test/720p/0-4465901506.JPG	A fungus on a plain white background.
/home/whx/Dataset/fungitastic-m/train/720p/2-2238488324.JPG	A fungus on mossy bark.
/home/whx/Dataset/fungitastic-m/train/720p/1-2238538951.JPG	Dark, mossy surface.
/home/whx/Dataset/fungitastic-m/train/720p/0-2981230374.JPG	The background of the fungus is a light, speckled gray.
/home/whx/Dataset/fungitastic-m/test/720p/2-4100099587.JPG	A fungus on a turquoise background.
/home/whx/Dataset/fungitastic-m/train/720p/2-2981230374.JPG	The background of the fungus is a light, speckled area with a gradient from light to darker shades.
/home/whx/Dataset/fungitastic-m/test/720p/3-4847344674.JPG	The background is a light, clear area.
/home/whx/Dataset/fungitastic-m/train/720p/2-2238563724.JPG	The background consists of forest debris and twigs.
/home/whx/Dataset/fungitastic-m/train/720p/9-2238472302.JPG	A fungus is surrounded by grass, leaves, and soil.
/home/whx/Dataset/fungitastic-m/test/720p/0-4169771409.JPG	The background is a light, blurry, and uniform white.
/home/whx/Dataset/fungitastic-m/train/720p/2-2238472302.JPG	A fungus is surrounded by grass and fallen leaves.
/home/whx/Dataset/fungitastic-m/train/720p/1-2812985351.JPG	The background is a pale, uniform yellow.
/home/whx/Dataset/fungitastic-m/train/720p/7-2238472302.JPG	The background of the fungus is plain white.
/home/whx/Dataset/fungitastic-m/train/720p/1-3340160448.JPG	The background of the fungus is a forest floor with moss, leaves, and twigs.
/home/whx/Dataset/fungitastic-m/test/720p/1-4169771409.JPG	The background of the fungus consists of forest debris, including twigs, leaves, and soil.
/home/whx/Dataset/fungitastic-m/train/720p/0-2238218817.JPG	dry leaves
/home/whx/Dataset/fungitastic-m/test/720p/1-4465885594.JPG	The background of the fungus is a plain, light-colored surface.
/home/whx/Dataset/fungitastic-m/train/720p/1-3324318301.JPG	A fungus on a white surface with a yellow object and a ruler in the background.
/home/whx/Dataset/fungitastic-m/test/720p/1-4465899404.JPG	The background of the fungus is a light, cloudy white.
/home/whx/Dataset/fungitastic-m/test/720p/2-4465885594.JPG	The background of the fungus is a pinkish hue with a blurry, textured appearance.
/home/whx/Dataset/fungitastic-m/train/720p/3-2238471442.JPG	The background of the fungus appears to be a light, textured surface.
/home/whx/Dataset/fungitastic-m/train/720p/4-4847334368.JPG	A fungus is surrounded by green moss and grass.
/home/whx/Dataset/fungitastic-m/train/720p/0-2237914417.JPG	A fungus on a cork-like surface.
/home/whx/Dataset/fungitastic-m/train/720p/1-2238523900.JPG	A fungus rests on a bed of brown leaves.
/home/whx/Dataset/fungitastic-m/train/720p/2-2238551906.JPG	A fungus in grass with leaves.
/home/whx/Dataset/fungitastic-m/train/720p/0-2237915957.JPG	The background is plain white.
/home/whx/Dataset/fungitastic-m/train/720p/2-2238497199.JPG	The background of the fungus appears to be a light, textured surface.
/home/whx/Dataset/fungitastic-m/train/720p/1-3345616441.JPG	The background is a plain, light-colored surface.
/home/whx/Dataset/fungitastic-m/val/720p/2-4100090927.JPG	The background of the fungus is a light, granular texture with scattered particles.
/home/whx/Dataset/fungitastic-m/train/720p/1-2303159254.JPG	The background of the fungus is a mix of green grass, brown leaves, and scattered twigs.
/home/whx/Dataset/fungitastic-m/val/720p/2-4100093622.JPG	A fungus rests on autumn leaves.
/home/whx/Dataset/fungitastic-m/train/720p/1-2818064358.JPG	The background of the fungus is a mix of soil, grass, and dried leaves.
/home/whx/Dataset/fungitastic-m/test/720p/1-4465879232.JPG	A fungus in grass and clover.
/home/whx/Dataset/fungitastic-m/val/720p/0-3913250629.JPG	The background of the fungus is a mix of soil and green leaves.
/home/whx/Dataset/fungitastic-m/test/720p/1-4465877866.JPG	Grass and soil.
/home/whx/Dataset/fungitastic-m/train/720p/0-2238474168.JPG	The background of the fungus is a mix of grass, leaves, and twigs.
/home/whx/Dataset/fungitastic-m/train/720p/0-2816355340.JPG	A fungus is on grass.
/home/whx/Dataset/fungitastic-m/train/720p/0-2821600316.JPG	A fungus in grass.
/home/whx/Dataset/fungitastic-m/train/720p/1-2818069339.JPG	A fungus in grass.
/home/whx/Dataset/fungitastic-m/train/720p/1-3386483311.JPG	A fungus rests on soil and fallen leaves.
/home/whx/Dataset/fungitastic-m/test/720p/0-4169765485.JPG	A fungus on a wooden surface with soil and debris.
/home/whx/Dataset/fungitastic-m/train/720p/1-2238562845.JPG	A fungus is surrounded by soil, plant roots, and small debris.
/home/whx/Dataset/fungitastic-m/train/720p/0-2238590069.JPG	A fungus on a wooden surface.
/home/whx/Dataset/fungitastic-m/test/720p/0-4169758590.JPG	A fungus rests on a red, textured surface.
/home/whx/Dataset/fungitastic-m/train/720p/1-2238370347.JPG	The background of the fungus is soil and grass.
/home/whx/Dataset/fungitastic-m/test/720p/2-4169765485.JPG	The background of the fungus is dark soil with scattered debris.
/home/whx/Dataset/fungitastic-m/train/720p/1-2238355826.JPG	A fungus on a wooden surface.
/home/whx/Dataset/fungitastic-m/test/720p/2-4465867233.JPG	A fungus lies on a bed of dried leaves and grass.
/home/whx/Dataset/fungitastic-m/train/720p/3-2238152548.JPG	Grass and leaves.
/home/whx/Dataset/fungitastic-m/train/720p/4-2238559864.JPG	A fungus lies on green grass.
/home/whx/Dataset/fungitastic-m/train/720p/0-2238152548.JPG	A fungus lies on grass and leaves.
/home/whx/Dataset/fungitastic-m/train/720p/1-2238421556.JPG	A fungus is surrounded by grass and fallen leaves.
/home/whx/Dataset/fungitastic-m/test/720p/1-4465870219.JPG	A fungus in grass and leaves.
/home/whx/Dataset/fungitastic-m/train/720p/0-2238421556.JPG	The background of the fungus is grassy.
/home/whx/Dataset/fungitastic-m/train/720p/1-2238423567.JPG	The fungus is on a plain, light-colored surface.
/home/whx/Dataset/fungitastic-m/train/720p/0-2862698459.JPG	A fungus is surrounded by dried leaves and twigs.
/home/whx/Dataset/fungitastic-m/train/720p/1-2238209860.JPG	A fungus rests on moss.
/home/whx/Dataset/fungitastic-m/train/720p/2-2804913318.JPG	A fungus rests on autumn leaves.
/home/whx/Dataset/fungitastic-m/train/720p/0-2868476301.JPG	The background of the fungus is a dark, leaf-strewn forest floor.
/home/whx/Dataset/fungitastic-m/train/720p/3-2238561379.JPG	The background is a light, translucent gray.
/home/whx/Dataset/fungitastic-m/train/720p/0-3355975302.JPG	A fungus is on a beige surface with a white card and a rectangular cutout.
/home/whx/Dataset/fungitastic-m/test/720p/1-4465879973.JPG	A fungus on forest floor with moss and leaves.
/home/whx/Dataset/fungitastic-m/train/720p/2-2238561379.JPG	The background of the fungus is a light, speckled gray.
/home/whx/Dataset/fungitastic-m/train/720p/0-2449441757.JPG	The background is dark and earthy.
/home/whx/Dataset/fungitastic-m/train/720p/0-2238482337.JPG	The background of the fungus consists of straw and soil.
/home/whx/Dataset/fungitastic-m/train/720p/0-2238127922.JPG	Grass and soil.
/home/whx/Dataset/fungitastic-m/train/720p/1-4847344465.JPG	The background of the fungus consists of brown leaves, soil, and grass.
/home/whx/Dataset/fungitastic-m/train/720p/1-3414823325.JPG	A fungus grows on grass and soil.
/home/whx/Dataset/fungitastic-m/train/720p/1-2238455560.JPG	A fungus on a blue background.
/home/whx/Dataset/fungitastic-m/train/720p/0-2449443168.JPG	The background of the fungus consists of soil, twigs, and green leaves.
/home/whx/Dataset/fungitastic-m/train/720p/0-2449441761.JPG	The background of the fungus is dark and forested.
/home/whx/Dataset/fungitastic-m/train/720p/3-2851417316.JPG	The background is blurred green.
/home/whx/Dataset/fungitastic-m/val/720p/1-3962114647.JPG	The background of the fungus consists of dark, organic debris and twigs.
/home/whx/Dataset/fungitastic-m/train/720p/2-3059597307.JPG	The background of the fungus is a mix of green grass, brown leaves, and damp earth.
/home/whx/Dataset/fungitastic-m/val/720p/0-3922626914.JPG	A fungus is surrounded by pine needles, dried leaves, and a pine cone.
/home/whx/Dataset/fungitastic-m/val/720p/2-3925716322.JPG	A fungus is surrounded by pine needles and dried leaves.
/home/whx/Dataset/fungitastic-m/train/720p/0-2427873267.JPG	A fungus is surrounded by green moss.
/home/whx/Dataset/fungitastic-m/train/720p/0-2238513708.JPG	A fungus is surrounded by pine needles and a pine cone.
/home/whx/Dataset/fungitastic-m/train/720p/0-2901943474.JPG	The background of the fungus is a mix of green leaves and brown, decaying wood.
/home/whx/Dataset/fungitastic-m/train/720p/1-3327313304.JPG	Grass and leaves.
/home/whx/Dataset/fungitastic-m/val/720p/1-3828296320.JPG	A fungus in grass.
/home/whx/Dataset/fungitastic-m/val/720p/3-3828296320.JPG	A fungus lies on grass.
/home/whx/Dataset/fungitastic-m/test/720p/0-4465869492.JPG	Grassy background.
/home/whx/Dataset/fungitastic-m/val/720p/0-3828296320.JPG	A fungus in grass.
/home/whx/Dataset/fungitastic-m/train/720p/0-3320503304.JPG	A fungus in grass.
/home/whx/Dataset/fungitastic-m/train/720p/0-2238221129.JPG	The background of the fungus is blurred green.
/home/whx/Dataset/fungitastic-m/train/720p/1-2818073302.JPG	A fungus on grass.
/home/whx/Dataset/fungitastic-m/train/720p/0-3419923340.JPG	The background is dark blue.
/home/whx/Dataset/fungitastic-m/train/720p/0-2901937410.JPG	Mossy forest floor.
/home/whx/Dataset/fungitastic-m/train/720p/0-3386472305.JPG	The background of the fungus consists of dried leaves and grass.
/home/whx/Dataset/fungitastic-m/train/720p/0-2413149266.JPG	The background of the fungus is a forest floor with moss, pine needles, and decaying wood.
/home/whx/Dataset/fungitastic-m/train/720p/0-2424125409.JPG	The background of the fungus consists of forest floor debris, including leaves and twigs.
/home/whx/Dataset/fungitastic-m/train/720p/0-2238451717.JPG	The background consists of wet, brown leaves.
/home/whx/Dataset/fungitastic-m/train/720p/0-2238483144.JPG	The background consists of forest debris and soil.
/home/whx/Dataset/fungitastic-m/train/720p/1-2424124525.JPG	Green grass and clovers.
/home/whx/Dataset/fungitastic-m/train/720p/1-3336950353.JPG	A fungus rests on a bed of dried leaves.
/home/whx/Dataset/fungitastic-m/train/720p/0-2238193090.JPG	A fungus is surrounded by fallen leaves and green foliage.
/home/whx/Dataset/fungitastic-m/train/720p/0-2238557432.JPG	The background of the fungus is a bed of brown leaves and twigs.
/home/whx/Dataset/fungitastic-m/train/720p/0-2351006415.JPG	The background of the fungus is a forest floor with leaves, twigs, and soil.
/home/whx/Dataset/fungitastic-m/train/720p/1-2238385933.JPG	The background of the fungus is a mix of brown leaves and soil.
/home/whx/Dataset/fungitastic-m/train/720p/1-2238560153.JPG	The background of the fungus is a mix of soil, leaves, and small green plants.
/home/whx/Dataset/fungitastic-m/train/720p/0-2238559927.JPG	The background of the fungus is a bed of fallen leaves.
/home/whx/Dataset/fungitastic-m/train/720p/0-2238469501.JPG	Grass and soil.
/home/whx/Dataset/fungitastic-m/train/720p/0-2238431623.JPG	The background of the fungus is a mix of brown leaves, soil, and some green grass.
/home/whx/Dataset/fungitastic-m/train/720p/1-2238431623.JPG	The background of the fungus is grass and fallen leaves.
/home/whx/Dataset/fungitastic-m/train/720p/0-2382323439.JPG	A fungus rests on a bed of brown, dried leaves.
/home/whx/Dataset/fungitastic-m/train/720p/0-2238151627.JPG	The fungus is shown against a background of grass and trees.
/home/whx/Dataset/fungitastic-m/test/720p/2-4465887171.JPG	A fungus on a wooden surface.
/home/whx/Dataset/fungitastic-m/train/720p/0-2238226493.JPG	The background is plain white.
/home/whx/Dataset/fungitastic-m/train/720p/1-3340161388.JPG	Grass and soil.
/home/whx/Dataset/fungitastic-m/train/720p/0-3329727333.JPG	The background is a light, speckled gray.
/home/whx/Dataset/fungitastic-m/train/720p/0-2238515765.JPG	A fungus is set against a light blue background.
/home/whx/Dataset/fungitastic-m/train/720p/0-2237904304.JPG	A fungus on a wooden surface.
/home/whx/Dataset/fungitastic-m/train/720p/0-3380905499.JPG	The background of the fungus is a forest floor with leaves, twigs, and a tree stump.
/home/whx/Dataset/fungitastic-m/train/720p/0-2238383808.JPG	a fungus on forest floor with dried leaves.
/home/whx/Dataset/fungitastic-m/test/720p/0-4465880444.JPG	a fungus on forest floor with dried leaves.
/home/whx/Dataset/fungitastic-m/test/720p/1-4465879402.JPG	A fungus is surrounded by wet, decaying leaves and forest floor debris.
/home/whx/Dataset/fungitastic-m/val/720p/0-3922628322.JPG	The background of the fungus is dark and leafy.
/home/whx/Dataset/fungitastic-m/train/720p/0-2417206059.JPG	The background of the fungus is a network of thin, elongated structures.
/home/whx/Dataset/fungitastic-m/train/720p/1-3382573321.JPG	A fungus in grass and twigs.
/home/whx/Dataset/fungitastic-m/train/720p/0-2238377255.JPG	The background is plain white.
/home/whx/Dataset/fungitastic-m/train/720p/0-2237944957.JPG	A fungus is surrounded by pine needles and grass.
/home/whx/Dataset/fungitastic-m/train/720p/0-2238298334.JPG	A fungus grows amidst green moss and grass.
/home/whx/Dataset/fungitastic-m/train/720p/1-2860299329.JPG	A fungus is surrounded by green moss.
/home/whx/Dataset/fungitastic-m/train/720p/1-2883269378.JPG	A fungus grows amidst grass and moss.
/home/whx/Dataset/fungitastic-m/train/720p/1-2860306355.JPG	A fungus is on a light, blurry background.
/home/whx/Dataset/fungitastic-m/train/720p/1-2238457114.JPG	A fungus is surrounded by moss and grass.
/home/whx/Dataset/fungitastic-m/train/720p/1-2238473618.JPG	The background of the fungus is white and textured.
/home/whx/Dataset/fungitastic-m/train/720p/1-3332298344.JPG	A fungus rests on mossy ground.
/home/whx/Dataset/fungitastic-m/test/720p/2-4465877378.JPG	A fungus is surrounded by green moss and forest floor.
/home/whx/Dataset/fungitastic-m/train/720p/0-3332300325.JPG	A fungus lies on mossy forest floor.
/home/whx/Dataset/fungitastic-m/train/720p/1-3313852337.JPG	A fungus rests on mossy forest floor.
/home/whx/Dataset/fungitastic-m/val/720p/0-3863490324.JPG	A fungus in grass and pine needles.
/home/whx/Dataset/fungitastic-m/train/720p/1-2238332517.JPG	A fungus is on forest floor with pine needles and grass.
/home/whx/Dataset/fungitastic-m/train/720p/0-2238332517.JPG	A fungus is surrounded by pine needles and grass.
/home/whx/Dataset/fungitastic-m/test/720p/0-4465869093.JPG	A fungus is surrounded by moss, leaves, and twigs.
/home/whx/Dataset/fungitastic-m/train/720p/1-3343238396.JPG	A fungus on a clear, rectangular glass slide.
/home/whx/Dataset/fungitastic-m/train/720p/1-2238341898.JPG	The background of the fungus is dark and mossy.
/home/whx/Dataset/fungitastic-m/train/720p/2-2238351329.JPG	The background of the fungus is soil and fallen leaves.
/home/whx/Dataset/fungitastic-m/val/720p/1-3909144599.JPG	The background of the fungus is a light, uniform white.
/home/whx/Dataset/fungitastic-m/test/720p/1-4465887449.JPG	The background of the fungus is dark and textured.
/home/whx/Dataset/fungitastic-m/train/720p/0-2238384971.JPG	The background of the fungus is a forest floor with moss, leaves, and pine cones.
/home/whx/Dataset/fungitastic-m/train/720p/0-2238117219.JPG	A fungus on a wooden surface.
/home/whx/Dataset/fungitastic-m/train/720p/0-2238151941.JPG	The fungus is set against a plain white background.
/home/whx/Dataset/fungitastic-m/train/720p/0-2382319223.JPG	The background of the fungus is a mix of green grass and brown leaves.
/home/whx/Dataset/fungitastic-m/train/720p/0-2237972988.JPG	The background of the fungus is a mix of green moss, brown leaves, and a piece of wood.
/home/whx/Dataset/fungitastic-m/train/720p/0-2238086484.JPG	A fungus on a wooden surface with grass in the background.
/home/whx/Dataset/fungitastic-m/train/720p/1-2238052849.JPG	Green grass.
/home/whx/Dataset/fungitastic-m/train/720p/0-2238508754.JPG	A fungus on a white surface.
/home/whx/Dataset/fungitastic-m/train/720p/0-2238149633.JPG	A fungus rests on mossy ground.
/home/whx/Dataset/fungitastic-m/train/720p/1-3358352382.JPG	A fungus rests on green moss.
/home/whx/Dataset/fungitastic-m/train/720p/2-3327316354.JPG	The background of the fungus is a light, textured surface with small specks and a slightly uneven texture.
/home/whx/Dataset/fungitastic-m/train/720p/1-3340170371.JPG	A fungus rests on dried leaves.
/home/whx/Dataset/fungitastic-m/train/720p/2-2331571433.JPG	A fungus on forest floor with dried leaves.
/home/whx/Dataset/fungitastic-m/train/720p/2-3324326311.JPG	The background is a pale, light-colored surface with some small particles scattered around.
/home/whx/Dataset/fungitastic-m/train/720p/1-2620425301.JPG	a fungus on forest floor with dried leaves and grass.
/home/whx/Dataset/fungitastic-m/train/720p/0-2620425301.JPG	A fungus is surrounded by grass and fallen leaves.
/home/whx/Dataset/fungitastic-m/train/720p/1-2238553772.JPG	Grass and wood chips.
/home/whx/Dataset/fungitastic-m/train/720p/0-3340172332.JPG	A fungus is surrounded by fallen leaves and grass.
/home/whx/Dataset/fungitastic-m/train/720p/1-3412515341.JPG	A fungus is surrounded by green moss.
/home/whx/Dataset/fungitastic-m/train/720p/1-3392612415.JPG	Dark, shadowy background.
/home/whx/Dataset/fungitastic-m/train/720p/0-2238481301.JPG	Green moss and pine needles.
/home/whx/Dataset/fungitastic-m/train/720p/0-2238465317.JPG	The background of the fungus is dark soil.
/home/whx/Dataset/fungitastic-m/train/720p/0-2421821222.JPG	The background consists of dried leaves, twigs, and moss.
/home/whx/Dataset/fungitastic-m/train/720p/1-3395928317.JPG	The background of the fungus is a mix of soil, wood chips, and a white, textured surface.
/home/whx/Dataset/fungitastic-m/train/720p/1-2989730344.JPG	The background is blurred green.
/home/whx/Dataset/fungitastic-m/train/720p/0-3395928399.JPG	A fungus is surrounded by green foliage and pine needles.
/home/whx/Dataset/fungitastic-m/train/720p/0-3355977423.JPG	A fungus on a green surface.
/home/whx/Dataset/fungitastic-m/train/720p/0-2818067301.JPG	A fungus is on grass.
/home/whx/Dataset/fungitastic-m/train/720p/1-2821600335.JPG	A fungus on grass.
/home/whx/Dataset/fungitastic-m/train/720p/0-3343234451.JPG	A fungus is surrounded by green leaves and grass.
/home/whx/Dataset/fungitastic-m/test/720p/0-4169770554.JPG	A fungus in grass.
/home/whx/Dataset/fungitastic-m/val/720p/0-3916264604.JPG	A fungus is surrounded by grass, leaves, and small plants.
/home/whx/Dataset/fungitastic-m/train/720p/0-2238501828.JPG	A fungus is on grass.
/home/whx/Dataset/fungitastic-m/test/720p/0-4465860478.JPG	A fungus on grass.
/home/whx/Dataset/fungitastic-m/train/720p/3-2901949312.JPG	The background of the fungus appears to be a light, translucent medium, possibly water or a gel-like substance.
/home/whx/Dataset/fungitastic-m/train/720p/2-2901949312.JPG	The background of the fungus is a plain, light gray.
/home/whx/Dataset/fungitastic-m/test/720p/1-4465881444.JPG	A fungus is surrounded by green clover leaves.
/home/whx/Dataset/fungitastic-m/train/720p/0-3424509305.JPG	The background of the fungus consists of dried leaves, twigs, and pine cones.
/home/whx/Dataset/fungitastic-m/test/720p/1-4465877058.JPG	The background of the fungus is a pale, uniform yellow.
/home/whx/Dataset/fungitastic-m/train/720p/0-2238524625.JPG	A fungus is surrounded by grass, leaves, and twigs.
/home/whx/Dataset/fungitastic-m/test/720p/0-4465881101.JPG	A fungus is surrounded by green moss, brown leaves, and small plants.
/home/whx/Dataset/fungitastic-m/val/720p/0-3865765327.JPG	A fungus is surrounded by green moss and dry grass.
/home/whx/Dataset/fungitastic-m/train/720p/1-2238436236.JPG	A fungus in a grassy, mossy environment.
/home/whx/Dataset/fungitastic-m/train/720p/1-2238394337.JPG	A fungus is on a wooden surface.
/home/whx/Dataset/fungitastic-m/train/720p/2-2831357310.JPG	Grassy field with green leaves.
/home/whx/Dataset/fungitastic-m/train/720p/0-2446759948.JPG	The background of the fungus consists of dried leaves and twigs.
/home/whx/Dataset/fungitastic-m/val/720p/1-3925714823.JPG	The background of the fungus is a mix of green leaves and brown forest debris.
/home/whx/Dataset/fungitastic-m/train/720p/0-2883257388.JPG	A fungus is surrounded by green grass and moss.
/home/whx/Dataset/fungitastic-m/train/720p/1-2575117789.JPG	A fungus is surrounded by dry leaves and forest debris.
/home/whx/Dataset/fungitastic-m/train/720p/2-2238529228.JPG	A fungus is displayed on a grid-patterned background.
/home/whx/Dataset/fungitastic-m/train/720p/2-2238472251.JPG	The background is plain white.
/home/whx/Dataset/fungitastic-m/train/720p/0-3327300327.JPG	A fungus rests on grass.
/home/whx/Dataset/fungitastic-m/train/720p/0-2382324995.JPG	a fungus on forest floor with dried leaves.
/home/whx/Dataset/fungitastic-m/train/720p/0-2238471992.JPG	A fungus lies on grass.
/home/whx/Dataset/fungitastic-m/train/720p/2-2238471992.JPG	The background is plain white.
/home/whx/Dataset/fungitastic-m/train/720p/0-2238561512.JPG	The background of the fungus is a forest floor with leaves, twigs, and soil.
/home/whx/Dataset/fungitastic-m/train/720p/2-2238473346.JPG	A fungus is surrounded by fallen leaves and green foliage.
/home/whx/Dataset/fungitastic-m/train/720p/1-2238333981.JPG	A fungus is surrounded by green moss and fallen leaves.
/home/whx/Dataset/fungitastic-m/train/720p/0-3080233323.JPG	A fungus grows amidst moss and dried leaves.
/home/whx/Dataset/fungitastic-m/val/720p/0-3795095316.JPG	Mossy forest floor.
/home/whx/Dataset/fungitastic-m/train/720p/0-2238490350.JPG	The background of the fungus is a green, mossy surface with pine needles.
/home/whx/Dataset/fungitastic-m/train/720p/0-3131204311.JPG	A fungus rests on a bed of pine needles and dried pine cones.
/home/whx/Dataset/fungitastic-m/train/720p/0-2238210191.JPG	Decaying wood and leaves.
/home/whx/Dataset/fungitastic-m/val/720p/0-3735647321.JPG	A fungus is nestled among green moss and decaying wood.
/home/whx/Dataset/fungitastic-m/train/720p/1-2575118494.JPG	A fungus is surrounded by green moss and dried leaves.
/home/whx/Dataset/fungitastic-m/train/720p/3-2238445513.JPG	A fungus grows amidst moss and twigs.
/home/whx/Dataset/fungitastic-m/train/720p/3-4847334631.JPG	A fungus rests on green moss.
/home/whx/Dataset/fungitastic-m/train/720p/0-2237895649.JPG	The background of the fungus is a white surface with blue outlines.
/home/whx/Dataset/fungitastic-m/val/720p/1-3887946323.JPG	A fungus rests on mossy ground.
/home/whx/Dataset/fungitastic-m/train/720p/0-4847340303.JPG	A fungus on a green textured surface.
/home/whx/Dataset/fungitastic-m/test/720p/0-4169767337.JPG	The background of the fungus is a light, textured surface.
/home/whx/Dataset/fungitastic-m/train/720p/2-2238564272.JPG	The background consists of dried leaves and twigs.
/home/whx/Dataset/fungitastic-m/train/720p/0-2898629411.JPG	A fungus rests on autumn leaves.
/home/whx/Dataset/fungitastic-m/train/720p/0-2238552915.JPG	The background of the fungus is a mix of soil, leaves, and twigs.
/home/whx/Dataset/fungitastic-m/train/720p/1-2964206306.JPG	A fungus is surrounded by green moss and brown twigs.
/home/whx/Dataset/fungitastic-m/train/720p/0-2238579058.JPG	A fungus in a mossy, pine needle-filled forest floor.
/home/whx/Dataset/fungitastic-m/train/720p/0-3392612384.JPG	A fungus is surrounded by wet, autumn leaves and pine needles.
/home/whx/Dataset/fungitastic-m/test/720p/3-4465890676.JPG	A fungus is surrounded by pine needles and wood.
/home/whx/Dataset/fungitastic-m/train/720p/1-2238523080.JPG	A fungus is surrounded by wet, forest floor debris, including leaves and twigs.
/home/whx/Dataset/fungitastic-m/val/720p/0-3944342798.JPG	A fungus is surrounded by green moss and brown twigs.
/home/whx/Dataset/fungitastic-m/train/720p/2-3386479395.JPG	A fungus is surrounded by green moss and brown twigs.
/home/whx/Dataset/fungitastic-m/test/720p/1-4465886087.JPG	Dry twigs and grass.
/home/whx/Dataset/fungitastic-m/train/720p/0-2383042476.JPG	The background of the fungus is soil and grass.
/home/whx/Dataset/fungitastic-m/train/720p/0-3340175381.JPG	A fungus is held against a backdrop of asphalt and greenery.
/home/whx/Dataset/fungitastic-m/train/720p/0-2864908408.JPG	A fungus lies on forest floor with leaves and grass.
/home/whx/Dataset/fungitastic-m/test/720p/4-4465874468.JPG	A fungus lies on grass.
/home/whx/Dataset/fungitastic-m/train/720p/2-2864909413.JPG	The background of the fungus is muddy and grassy.
/home/whx/Dataset/fungitastic-m/train/720p/0-3340174308.JPG	A fungus on a forest floor.
/home/whx/Dataset/fungitastic-m/train/720p/4-2238506756.JPG	A fungus rests on grass.
/home/whx/Dataset/fungitastic-m/train/720p/4-2862690402.JPG	A fungus in a forest setting.
/home/whx/Dataset/fungitastic-m/train/720p/0-2237941948.JPG	A fungus grows amidst moss and soil.
/home/whx/Dataset/fungitastic-m/test/720p/3-4465900564.JPG	The background of the fungus appears to be a dense, granular matrix with scattered, dark spots.
/home/whx/Dataset/fungitastic-m/train/720p/0-3052845305.JPG	A fungus grows on a tree trunk.
/home/whx/Dataset/fungitastic-m/train/720p/0-2238451254.JPG	A fungus grows on moss-covered wood.
/home/whx/Dataset/fungitastic-m/train/720p/0-2238404121.JPG	The background consists of dried grass and twigs.
/home/whx/Dataset/fungitastic-m/train/720p/7-2238472308.JPG	The background of the fungus is a light blue.
/home/whx/Dataset/fungitastic-m/val/720p/0-3962114464.JPG	A fungus grows on moss-covered ground.
/home/whx/Dataset/fungitastic-m/train/720p/1-2521519244.JPG	A fungus grows on tree bark with lichen.
/home/whx/Dataset/fungitastic-m/train/720p/0-2238472338.JPG	The background of the fungus consists of dried leaves and soil.
/home/whx/Dataset/fungitastic-m/test/720p/0-4465861444.JPG	The background of the fungus is a mix of dark, decaying leaves and twigs.
/home/whx/Dataset/fungitastic-m/train/720p/1-3355965310.JPG	A fungus rests on mossy forest floor.
/home/whx/Dataset/fungitastic-m/train/720p/0-2238475845.JPG	The background of the fungus is a mix of brown leaves and acorns.
/home/whx/Dataset/fungitastic-m/train/720p/0-2238476386.JPG	A fungus on a wooden surface.
/home/whx/Dataset/fungitastic-m/train/720p/1-2238555593.JPG	Grass and soil.
/home/whx/Dataset/fungitastic-m/train/720p/0-2238555593.JPG	A fungus in grass.
/home/whx/Dataset/fungitastic-m/train/720p/0-2238219768.JPG	A fungus on a plain gray background.
/home/whx/Dataset/fungitastic-m/val/720p/0-3970594410.JPG	A fungus rests on mossy forest floor.
/home/whx/Dataset/fungitastic-m/train/720p/1-2984627320.JPG	The background of the fungus is a light, speckled gray.
/home/whx/Dataset/fungitastic-m/test/720p/0-4465888089.JPG	A fungus on mossy ground.
/home/whx/Dataset/fungitastic-m/test/720p/0-4465893971.JPG	A fungus rests on moss-covered ground.
/home/whx/Dataset/fungitastic-m/test/720p/0-4465881007.JPG	A fungus rests on moss and fallen leaves.
/home/whx/Dataset/fungitastic-m/train/720p/0-2984627320.JPG	A fungus is surrounded by fallen leaves and moss.
/home/whx/Dataset/fungitastic-m/train/720p/1-3419925323.JPG	A fungus in grass.
/home/whx/Dataset/fungitastic-m/train/720p/0-2238179429.JPG	A fungus on a weathered wooden surface.
/home/whx/Dataset/fungitastic-m/train/720p/0-2238435435.JPG	A fungus in grass.
/home/whx/Dataset/fungitastic-m/val/720p/0-3828301323.JPG	A fungus rests on a bed of brown, dried leaves.
/home/whx/Dataset/fungitastic-m/train/720p/0-2238160608.JPG	The background of the fungus is a forest floor with fallen leaves, twigs, and green moss.
/home/whx/Dataset/fungitastic-m/train/720p/0-3380890380.JPG	A fungus rests on forest floor with fallen leaves and a log.
/home/whx/Dataset/fungitastic-m/val/720p/2-3828298307.JPG	A fungus rests on a bed of dried leaves.
/home/whx/Dataset/fungitastic-m/train/720p/1-2238149243.JPG	A fungus on a wooden surface.
/home/whx/Dataset/fungitastic-m/train/720p/0-3324321338.JPG	A fungus is surrounded by fallen leaves and forest debris.
/home/whx/Dataset/fungitastic-m/train/720p/1-2238591428.JPG	A fungus rests on a textured, dark surface.
/home/whx/Dataset/fungitastic-m/train/720p/0-2238392873.JPG	a fungus in grass.
/home/whx/Dataset/fungitastic-m/train/720p/1-2238525764.JPG	The background of the fungus is a textured, light brown surface.
/home/whx/Dataset/fungitastic-m/train/720p/1-2238400595.JPG	The fungus is on a white surface.
/home/whx/Dataset/fungitastic-m/test/720p/2-4465889251.JPG	Blurred green grass.
/home/whx/Dataset/fungitastic-m/train/720p/0-2458348303.JPG	Grassy, natural setting.
/home/whx/Dataset/fungitastic-m/test/720p/3-4465875938.JPG	A fungus is surrounded by green moss and a blurred background.
/home/whx/Dataset/fungitastic-m/test/720p/0-4465889251.JPG	A fungus is surrounded by green moss and forest debris.
/home/whx/Dataset/fungitastic-m/train/720p/2-2901945379.JPG	A fungus is surrounded by grass and clover.
/home/whx/Dataset/fungitastic-m/train/720p/2-3345597438.JPG	A fungus rests on a bed of dried leaves.
/home/whx/Dataset/fungitastic-m/train/720p/0-2238562444.JPG	The background of the fungus is a forest floor with leaves and moss.
/home/whx/Dataset/fungitastic-m/train/720p/0-2382324557.JPG	A fungus rests on mossy ground.
/home/whx/Dataset/fungitastic-m/test/720p/1-4465903562.JPG	A fungus rests on wet, autumn leaves.
/home/whx/Dataset/fungitastic-m/train/720p/0-3355979429.JPG	A fungus lies on green grass.
/home/whx/Dataset/fungitastic-m/train/720p/0-2238507750.JPG	A fungus on forest floor with pine needles and moss.
/home/whx/Dataset/fungitastic-m/train/720p/0-3345597438.JPG	A fungus is surrounded by dry leaves and twigs.
/home/whx/Dataset/fungitastic-m/val/720p/0-3891491335.JPG	A fungus rests on forest floor with fallen leaves and wood.
/home/whx/Dataset/fungitastic-m/train/720p/0-2238264364.JPG	The background of the fungus is a mix of green moss, small plants, and dry grass.
/home/whx/Dataset/fungitastic-m/train/720p/0-2238440046.JPG	A fungus is set against a green background.
/home/whx/Dataset/fungitastic-m/val/720p/2-3968579404.JPG	A fungus is surrounded by grass and moss.
/home/whx/Dataset/fungitastic-m/train/720p/4-2251781243.JPG	A fungus on a metallic surface.
/home/whx/Dataset/fungitastic-m/train/720p/0-2430663811.JPG	The background of the fungus consists of dry leaves and twigs.
/home/whx/Dataset/fungitastic-m/train/720p/0-2251781249.JPG	Fall leaves and twigs.
/home/whx/Dataset/fungitastic-m/train/720p/1-4847342553.JPG	A fungus on sandy ground with sparse vegetation.
/home/whx/Dataset/fungitastic-m/test/720p/1-4465906669.JPG	A fungus is surrounded by moss and grass.
/home/whx/Dataset/fungitastic-m/train/720p/0-2238495195.JPG	Grass and leaves.
/home/whx/Dataset/fungitastic-m/train/720p/2-2862699425.JPG	The background is a plain, light-colored surface.
/home/whx/Dataset/fungitastic-m/train/720p/0-2821592339.JPG	A fungus in grass.
/home/whx/Dataset/fungitastic-m/test/720p/1-4465882094.JPG	Grass and leaves.
/home/whx/Dataset/fungitastic-m/train/720p/0-2238219679.JPG	Grass and dried leaves.
/home/whx/Dataset/fungitastic-m/train/720p/0-2413148150.JPG	Green grass, blurred background.
/home/whx/Dataset/fungitastic-m/train/720p/0-2238502211.JPG	A fungus in grass.
/home/whx/Dataset/fungitastic-m/train/720p/1-3343237457.JPG	The background of the fungus is a mix of soil, fallen leaves, and grass.
/home/whx/Dataset/fungitastic-m/train/720p/0-2238179642.JPG	The background of the fungus is a mix of soil, twigs, and leaves.
/home/whx/Dataset/fungitastic-m/test/720p/0-4465866360.JPG	A fungus on a cork surface.
/home/whx/Dataset/fungitastic-m/train/720p/0-2425495895.JPG	The background of the fungus is a mix of soil, leaves, and decaying organic matter.
/home/whx/Dataset/fungitastic-m/val/720p/4-3948710365.JPG	A fungus on a wooden surface.
/home/whx/Dataset/fungitastic-m/train/720p/0-2238220753.JPG	The background of the fungus is a mix of soil, dried leaves, and twigs.
/home/whx/Dataset/fungitastic-m/val/720p/0-3964847367.JPG	A fungus rests on a dark, textured surface.
/home/whx/Dataset/fungitastic-m/test/720p/3-4465909588.JPG	A fungus lies on grass and leaves.
/home/whx/Dataset/fungitastic-m/val/720p/0-4100089552.JPG	The background of the fungus is a bed of dried leaves and soil.
/home/whx/Dataset/fungitastic-m/train/720p/4-2238552720.JPG	Grass.
/home/whx/Dataset/fungitastic-m/train/720p/1-2238180287.JPG	A fungus on a metallic surface.
/home/whx/Dataset/fungitastic-m/train/720p/0-2238421418.JPG	The fungus is on a piece of crumpled newspaper.
/home/whx/Dataset/fungitastic-m/train/720p/3-2883267306.JPG	Green, blurred background.
/home/whx/Dataset/fungitastic-m/train/720p/1-2874307306.JPG	A fungus in grass and soil.
/home/whx/Dataset/fungitastic-m/val/720p/2-3964845343.JPG	A fungus in grass.
/home/whx/Dataset/fungitastic-m/train/720p/0-2238482459.JPG	Grass and soil.
/home/whx/Dataset/fungitastic-m/train/720p/0-2238180287.JPG	The background of the fungus is a mix of green grass, moss, and soil.
/home/whx/Dataset/fungitastic-m/train/720p/0-2238404438.JPG	Grassy background.
/home/whx/Dataset/fungitastic-m/train/720p/0-3414836322.JPG	Grass.
/home/whx/Dataset/fungitastic-m/train/720p/0-3355969394.JPG	A fungus is surrounded by fallen leaves and twigs on the forest floor.
/home/whx/Dataset/fungitastic-m/train/720p/0-2427872868.JPG	The background of the fungus is dark and earthy.
/home/whx/Dataset/fungitastic-m/train/720p/1-2238335114.JPG	A fungus grows amidst forest debris and green foliage.
/home/whx/Dataset/fungitastic-m/train/720p/3-3382563323.JPG	The background of the fungus is a mix of brown leaves and soil.
/home/whx/Dataset/fungitastic-m/train/720p/1-2984615369.JPG	The background of the fungus is dark and leafy.
/home/whx/Dataset/fungitastic-m/train/720p/0-2238500096.JPG	The background is dark.
/home/whx/Dataset/fungitastic-m/train/720p/1-2238557295.JPG	The background of the fungus consists of soil, small rocks, and scattered green grass.
/home/whx/Dataset/fungitastic-m/train/720p/0-2331570704.JPG	A fungus rests on a bed of dried leaves.
/home/whx/Dataset/fungitastic-m/val/720p/1-3909145500.JPG	The background of the fungus is a mix of grass, leaves, and soil.
/home/whx/Dataset/fungitastic-m/train/720p/0-3345609425.JPG	The background of the fungus is a forest floor with scattered leaves, twigs, and acorns.
/home/whx/Dataset/fungitastic-m/train/720p/1-2868469482.JPG	The background of the fungus is white.
/home/whx/Dataset/fungitastic-m/train/720p/2-2238473637.JPG	Grassy, blurred background.
/home/whx/Dataset/fungitastic-m/train/720p/0-2238468658.JPG	A fungus is surrounded by brown leaves and soil.
/home/whx/Dataset/fungitastic-m/train/720p/1-3334596390.JPG	A fungus in a grassy field.
/home/whx/Dataset/fungitastic-m/train/720p/0-2238569600.JPG	The background of the fungus is dark.
/home/whx/Dataset/fungitastic-m/test/720p/1-4465862877.JPG	The background of the fungus consists of dried leaves and forest debris.
/home/whx/Dataset/fungitastic-m/train/720p/1-2237932364.JPG	A fungus on a napkin, wooden surface.
/home/whx/Dataset/fungitastic-m/train/720p/1-3336964417.JPG	A fungus rests on a bed of dried leaves and twigs.
/home/whx/Dataset/fungitastic-m/train/720p/1-2238481721.JPG	A fungus on a concrete surface.
/home/whx/Dataset/fungitastic-m/train/720p/2-2821601342.JPG	A fungus rests on mossy ground.
/home/whx/Dataset/fungitastic-m/test/720p/2-4465862297.JPG	A fungus rests on mossy ground with fallen leaves.
/home/whx/Dataset/fungitastic-m/train/720p/0-2417208003.JPG	The background of the fungus is a light, neutral color.
/home/whx/Dataset/fungitastic-m/train/720p/1-2238151126.JPG	A fungus is surrounded by grass, pine needles, and small plants.
/home/whx/Dataset/fungitastic-m/test/720p/0-4465873703.JPG	A fungus is surrounded by green moss and twigs.
/home/whx/Dataset/fungitastic-m/train/720p/0-2427872512.JPG	Grass and dried leaves.
/home/whx/Dataset/fungitastic-m/val/720p/0-3925713316.JPG	A fungus rests on lined paper.
/home/whx/Dataset/fungitastic-m/train/720p/0-2427875304.JPG	A fungus is surrounded by dry grass and leaves.
/home/whx/Dataset/fungitastic-m/test/720p/0-4465896402.JPG	A fungus in grass and pine needles.
/home/whx/Dataset/fungitastic-m/train/720p/3-3340165428.JPG	A fungus with a wet cap, held against a backdrop of green foliage.
/home/whx/Dataset/fungitastic-m/train/720p/2-2238474086.JPG	A fungus grows on mossy ground.
/home/whx/Dataset/fungitastic-m/train/720p/2-2238580094.JPG	Grass and dried leaves.
/home/whx/Dataset/fungitastic-m/train/720p/1-2238579635.JPG	The background of the fungus consists of dry leaves, twigs, and soil.
/home/whx/Dataset/fungitastic-m/train/720p/0-2984624400.JPG	A fungus is surrounded by dry, brown twigs.
/home/whx/Dataset/fungitastic-m/train/720p/0-2999549345.JPG	A fungus on a dark, textured surface.
/home/whx/Dataset/fungitastic-m/train/720p/0-3412520329.JPG	A fungus rests on a dark, textured surface.
/home/whx/Dataset/fungitastic-m/test/720p/0-4465896681.JPG	A fungus is surrounded by water and grass.
/home/whx/Dataset/fungitastic-m/val/720p/6-3968585420.JPG	Dry grass and twigs.
/home/whx/Dataset/fungitastic-m/train/720p/0-2989719384.JPG	Blurred, natural setting.
/home/whx/Dataset/fungitastic-m/val/720p/1-3964843420.JPG	The background is blurred green.
/home/whx/Dataset/fungitastic-m/train/720p/1-2238460192.JPG	A fungus on a moss-covered tree trunk in a forest.
/home/whx/Dataset/fungitastic-m/test/720p/0-4847340698.JPG	The background of the fungus is a light, speckled surface.
/home/whx/Dataset/fungitastic-m/val/720p/0-3962117600.JPG	A fungus on a mossy log.
/home/whx/Dataset/fungitastic-m/train/720p/2-2238452431.JPG	Blurred, forest-like.
/home/whx/Dataset/fungitastic-m/test/720p/2-4847340698.JPG	A fungus is surrounded by green, lichen-covered branches.
/home/whx/Dataset/fungitastic-m/val/720p/0-4100094061.JPG	The background is blurred, with muted greens and browns.
/home/whx/Dataset/fungitastic-m/val/720p/0-3962116651.JPG	The background consists of dried leaves, twigs, and green moss.
/home/whx/Dataset/fungitastic-m/train/720p/3-2238151177.JPG	Grass and clover.
/home/whx/Dataset/fungitastic-m/train/720p/4-2238508761.JPG	The background of the fungus is a light, blurry, and indistinct mix of colors, primarily beige and brown, with some darker specks scattered throughout.
/home/whx/Dataset/fungitastic-m/test/720p/1-4465904464.JPG	The background of the fungus is a light, uniform color with some darker specks.
/home/whx/Dataset/fungitastic-m/train/720p/2-2821601309.JPG	The background of the fungus is a blurry, light grayish-blue.
/home/whx/Dataset/fungitastic-m/train/720p/3-2238508761.JPG	A fungus is on grass and soil.
/home/whx/Dataset/fungitastic-m/train/720p/0-3334596323.JPG	Grass and soil.
/home/whx/Dataset/fungitastic-m/train/720p/0-2238151177.JPG	A fungus in grass.
/home/whx/Dataset/fungitastic-m/test/720p/2-4465904464.JPG	A fungus rests on autumn leaves.
/home/whx/Dataset/fungitastic-m/test/720p/0-4465887605.JPG	A fungus is on a white background.
/home/whx/Dataset/fungitastic-m/train/720p/0-2332528738.JPG	A fungus is surrounded by grass and fallen leaves.
/home/whx/Dataset/fungitastic-m/train/720p/1-2413150538.JPG	The background of the fungus is a wooden surface with a metal ruler for scale.
/home/whx/Dataset/fungitastic-m/train/720p/0-4847340330.JPG	A fungus on a white surface.
/home/whx/Dataset/fungitastic-m/train/720p/0-2237963145.JPG	Grass and leaves.
/home/whx/Dataset/fungitastic-m/train/720p/0-2238152707.JPG	The fungus is on a green textured surface.
/home/whx/Dataset/fungitastic-m/train/720p/2-4847340330.JPG	The background is plain white.
/home/whx/Dataset/fungitastic-m/train/720p/0-2238217490.JPG	The background of the fungus is a forest floor with scattered leaves and twigs.
/home/whx/Dataset/fungitastic-m/train/720p/0-2238506972.JPG	A fungus on mossy forest floor.
/home/whx/Dataset/fungitastic-m/train/720p/0-3334603304.JPG	A fungus in a forest setting with greenery and trees.
/home/whx/Dataset/fungitastic-m/train/720p/1-2237960165.JPG	A fungus on a wooden surface.
/home/whx/Dataset/fungitastic-m/train/720p/1-2237914483.JPG	A fungus on white surface with wooden logs in background.
/home/whx/Dataset/fungitastic-m/train/720p/2-2812989320.JPG	A fungus is surrounded by green moss and grass.
/home/whx/Dataset/fungitastic-m/train/720p/1-2237919763.JPG	The background is white.
/home/whx/Dataset/fungitastic-m/train/720p/0-2237870260.JPG	A fungus on a wooden surface.
/home/whx/Dataset/fungitastic-m/train/720p/5-2332527560.JPG	The background of the fungus is dark green.
/home/whx/Dataset/fungitastic-m/train/720p/1-2238404775.JPG	A fungus on dark, textured surface with blurred background.
/home/whx/Dataset/fungitastic-m/test/720p/3-4100098460.JPG	The background of the fungus is dark and textured.
/home/whx/Dataset/fungitastic-m/train/720p/0-2237932510.JPG	Green mossy background.
/home/whx/Dataset/fungitastic-m/test/720p/1-4100099582.JPG	Dark, textured bark.
/home/whx/Dataset/fungitastic-m/train/720p/2-2999547332.JPG	The background of the fungus appears to be a dark, possibly moist surface.
/home/whx/Dataset/fungitastic-m/train/720p/0-2999559335.JPG	A fungus on a tree trunk.
/home/whx/Dataset/fungitastic-m/val/720p/6-3948716580.JPG	The background of the fungus is a dark, mossy surface.
/home/whx/Dataset/fungitastic-m/test/720p/2-4465877238.JPG	Yellow background.
/home/whx/Dataset/fungitastic-m/train/720p/0-3336945387.JPG	A fungus rests on a bed of dried leaves and soil.
/home/whx/Dataset/fungitastic-m/train/720p/2-2238550445.JPG	The background of the fungus is a mix of brown leaves, green moss, and a blurred forest floor.
/home/whx/Dataset/fungitastic-m/train/720p/0-2238506046.JPG	The background of the fungus is a forest floor with scattered leaves and moss.
/home/whx/Dataset/fungitastic-m/train/720p/1-2981242324.JPG	A fungus is surrounded by dried leaves.
/home/whx/Dataset/fungitastic-m/train/720p/1-2427873900.JPG	Fall leaves.
/home/whx/Dataset/fungitastic-m/train/720p/1-2238502286.JPG	The background of the fungus consists of brown leaves, green grass, and a mix of earthy tones.
/home/whx/Dataset/fungitastic-m/train/720p/0-2238502286.JPG	A fungus grows amidst fallen leaves and grass.
/home/whx/Dataset/fungitastic-m/test/720p/3-4465873849.JPG	A fungus is surrounded by fallen leaves and twigs on the forest floor.
/home/whx/Dataset/fungitastic-m/train/720p/0-2238511584.JPG	The background of the fungus is a blurred green forest floor.
/home/whx/Dataset/fungitastic-m/train/720p/1-2964213381.JPG	The background is blurred, brown.
/home/whx/Dataset/fungitastic-m/train/720p/1-2237936316.JPG	A fungus is surrounded by green moss and a blurred hand.
/home/whx/Dataset/fungitastic-m/train/720p/2-2901952543.JPG	The background of the fungus is a wet, leafy forest floor.
/home/whx/Dataset/fungitastic-m/train/720p/0-2238571577.JPG	Blurred, earthy tones.
/home/whx/Dataset/fungitastic-m/train/720p/1-2238438089.JPG	Dark, wet, rocky.
/home/whx/Dataset/fungitastic-m/val/720p/2-3948714686.JPG	The background is blurred, with muted colors.
/home/whx/Dataset/fungitastic-m/val/720p/1-3970592498.JPG	Dark, textured surface.
/home/whx/Dataset/fungitastic-m/train/720p/0-2238163260.JPG	Blurred green and brown.
/home/whx/Dataset/fungitastic-m/train/720p/1-2238505312.JPG	The background of the fungus appears to be a light, pinkish hue with a textured surface.
/home/whx/Dataset/fungitastic-m/train/720p/0-2860300325.JPG	Dry grass and soil.
/home/whx/Dataset/fungitastic-m/train/720p/1-2238163260.JPG	The background is dark and leafy.
/home/whx/Dataset/fungitastic-m/train/720p/1-2421821814.JPG	The background is dark.
/home/whx/Dataset/fungitastic-m/train/720p/0-3382576403.JPG	The background is a blurred, grayish surface.
/home/whx/Dataset/fungitastic-m/train/720p/0-2521519095.JPG	The background of the fungus is a light, blurry, and uniform gray.
/home/whx/Dataset/fungitastic-m/train/720p/0-2460547463.JPG	The background of the fungus consists of dried leaves and twigs.
/home/whx/Dataset/fungitastic-m/train/720p/0-2238531740.JPG	A fungus is surrounded by green grass and soil.
/home/whx/Dataset/fungitastic-m/train/720p/0-2864910304.JPG	A fungus in grass and moss.
/home/whx/Dataset/fungitastic-m/test/720p/1-4465898726.JPG	The background of the fungus is a light, cloudy gray.
/home/whx/Dataset/fungitastic-m/train/720p/1-2238390929.JPG	A fungus grows amidst clover and moss.
/home/whx/Dataset/fungitastic-m/train/720p/1-2238512313.JPG	The background of the fungus is a white surface with some soil and debris.
/home/whx/Dataset/fungitastic-m/train/720p/0-3005501306.JPG	The background of the fungus is a mix of green and brown grass and foliage.
/home/whx/Dataset/fungitastic-m/train/720p/0-2413148166.JPG	A fungus is surrounded by green moss and grass.
/home/whx/Dataset/fungitastic-m/train/720p/1-3005501306.JPG	A fungus is surrounded by green moss and twigs.
/home/whx/Dataset/fungitastic-m/train/720p/0-2864906305.JPG	A fungus on a light surface.
/home/whx/Dataset/fungitastic-m/train/720p/0-2237968067.JPG	A fungus is surrounded by green grass and clover.
/home/whx/Dataset/fungitastic-m/train/720p/0-2238213072.JPG	The background is plain white.
/home/whx/Dataset/fungitastic-m/train/720p/0-3410057329.JPG	Grassy background.
/home/whx/Dataset/fungitastic-m/train/720p/0-2238341558.JPG	A fungus in grass.
/home/whx/Dataset/fungitastic-m/train/720p/1-3358357443.JPG	Green grass.
/home/whx/Dataset/fungitastic-m/train/720p/0-2238346850.JPG	Grass and soil.
/home/whx/Dataset/fungitastic-m/test/720p/1-4169772483.JPG	A fungus in grass.
/home/whx/Dataset/fungitastic-m/train/720p/0-2413148907.JPG	The background of the fungus consists of dried leaves and soil.
/home/whx/Dataset/fungitastic-m/val/720p/1-3944338314.JPG	A fungus on grass and moss.
/home/whx/Dataset/fungitastic-m/train/720p/3-2238420376.JPG	A fungus in a forest.
/home/whx/Dataset/fungitastic-m/train/720p/0-2862687465.JPG	A fungus rests on forest floor with dried leaves and moss.
/home/whx/Dataset/fungitastic-m/train/720p/0-2237915202.JPG	A fungus in grass.
/home/whx/Dataset/fungitastic-m/train/720p/1-3327311335.JPG	A fungus is surrounded by fallen leaves and green foliage.
/home/whx/Dataset/fungitastic-m/train/720p/1-2238573692.JPG	A fungus on a gray surface.
/home/whx/Dataset/fungitastic-m/train/720p/0-2238503775.JPG	A fungus is surrounded by moss, leaves, and soil.
/home/whx/Dataset/fungitastic-m/train/720p/3-2237912376.JPG	A fungus is on a newspaper.
/home/whx/Dataset/fungitastic-m/train/720p/2-2238523700.JPG	A fungus is on a wet leaf with a dried stem and green grass in the background.
/home/whx/Dataset/fungitastic-m/train/720p/0-2237974469.JPG	A fungus on a human hand.
/home/whx/Dataset/fungitastic-m/train/720p/0-3336948363.JPG	The background is a light, uniform white with scattered small particles.
/home/whx/Dataset/fungitastic-m/train/720p/1-3336961332.JPG	The background of the fungus is a blurred mix of green and brown grass.
/home/whx/Dataset/fungitastic-m/train/720p/0-2237962606.JPG	The background of the fungus is a forest floor with leaves, twigs, and soil.
/home/whx/Dataset/fungitastic-m/test/720p/0-4465897683.JPG	A fungus on a leaf, with a blurred background of soil and vegetation.
/home/whx/Dataset/fungitastic-m/test/720p/0-4465881782.JPG	The background of the fungus is a textured, dark surface.
/home/whx/Dataset/fungitastic-m/train/720p/2-2821599319.JPG	The background of the fungus is a mix of green moss and brown wood.
/home/whx/Dataset/fungitastic-m/train/720p/0-2238408841.JPG	A fungus is surrounded by green moss and pine needles.
/home/whx/Dataset/fungitastic-m/train/720p/0-2238470218.JPG	A fungus on mossy, decaying wood.
/home/whx/Dataset/fungitastic-m/train/720p/0-2238150613.JPG	Grid pattern.
/home/whx/Dataset/fungitastic-m/train/720p/1-2237917386.JPG	A fungus grows on mossy, decaying wood.
/home/whx/Dataset/fungitastic-m/train/720p/1-2238584991.JPG	The background of the fungus is a mix of green moss, brown twigs, and fallen leaves.
/home/whx/Dataset/fungitastic-m/train/720p/0-2238363931.JPG	A fungus on a green textured surface.
/home/whx/Dataset/fungitastic-m/train/720p/1-2238363931.JPG	A fungus on a green textured surface.
/home/whx/Dataset/fungitastic-m/train/720p/0-2818064324.JPG	The background of the fungus appears to be a light, textured surface with a mix of clear and slightly stained areas.
/home/whx/Dataset/fungitastic-m/val/720p/2-3887952341.JPG	The background of the fungus is a mix of green moss and brown twigs.
/home/whx/Dataset/fungitastic-m/train/720p/0-2238221866.JPG	A fungus in grass.
/home/whx/Dataset/fungitastic-m/train/720p/0-2238578001.JPG	The background consists of dried leaves and twigs.
/home/whx/Dataset/fungitastic-m/train/720p/0-2238473267.JPG	Grass and leaves.
/home/whx/Dataset/fungitastic-m/train/720p/0-2238479113.JPG	The background is a textured, dark surface.
/home/whx/Dataset/fungitastic-m/train/720p/0-2417207899.JPG	The background of the fungus is a forest floor with leaves and twigs.
/home/whx/Dataset/fungitastic-m/test/720p/3-4465863034.JPG	A fungus with red cap and white stem, held in hand, with forest floor and tree trunk in background.
/home/whx/Dataset/fungitastic-m/train/720p/0-2238349586.JPG	A fungus is on moss.
/home/whx/Dataset/fungitastic-m/train/720p/0-2964206357.JPG	A fungus rests on green moss.
/home/whx/Dataset/fungitastic-m/train/720p/0-2238347038.JPG	A fungus is surrounded by grass and moss.
/home/whx/Dataset/fungitastic-m/train/720p/0-3399813400.JPG	A fungus on moss.
/home/whx/Dataset/fungitastic-m/train/720p/0-2238185511.JPG	The background of the fungus is a light, textured surface with a ruler indicating measurements.
/home/whx/Dataset/fungitastic-m/train/720p/2-2238122260.JPG	The background is a plain, light-colored surface.
/home/whx/Dataset/fungitastic-m/train/720p/0-2238193326.JPG	A fungus is surrounded by green moss and grass.
/home/whx/Dataset/fungitastic-m/train/720p/0-2237938265.JPG	A fungus on a white surface with a ruler for scale.
/home/whx/Dataset/fungitastic-m/train/720p/3-4847336508.JPG	The background of the fungus is blurred, with a mix of brown and white tones.
/home/whx/Dataset/fungitastic-m/train/720p/0-2238182515.JPG	The background of the fungus is dark and soil-like.
/home/whx/Dataset/fungitastic-m/val/720p/1-3968581475.JPG	The background of the fungus is blurred, with green grass and brown earth visible.
/home/whx/Dataset/fungitastic-m/test/720p/2-4465871297.JPG	The background of the fungus consists of wood chips, leaves, and a tree trunk.
/home/whx/Dataset/fungitastic-m/train/720p/2-2883266302.JPG	A fungus on a white surface with scattered dirt.
/home/whx/Dataset/fungitastic-m/train/720p/2-3815490303.JPG	The background is plain white.
/home/whx/Dataset/fungitastic-m/train/720p/0-2238342691.JPG	The background of the fungus consists of soil, dried leaves, and green vegetation.
/home/whx/Dataset/fungitastic-m/train/720p/0-2238457010.JPG	A fungus on a wooden surface.
/home/whx/Dataset/fungitastic-m/test/720p/1-4465878733.JPG	The background of the fungus consists of brown leaves and green ivy.
/home/whx/Dataset/fungitastic-m/train/720p/2-3382572376.JPG	A fungus is surrounded by grass, moss, and fallen leaves.
/home/whx/Dataset/fungitastic-m/test/720p/0-4169762087.JPG	A fungus rests on a bed of leaves and ivy.
/home/whx/Dataset/fungitastic-m/train/720p/1-2821593332.JPG	A fungus is surrounded by green leaves and brown forest floor.
/home/whx/Dataset/fungitastic-m/val/720p/1-3964840630.JPG	A fungus on forest floor with leaves and soil.
/home/whx/Dataset/fungitastic-m/train/720p/4-3336951362.JPG	The background of the fungus consists of dried leaves and twigs.
/home/whx/Dataset/fungitastic-m/train/720p/1-2238516902.JPG	A fungus rests on a rock with green ivy.
/home/whx/Dataset/fungitastic-m/test/720p/3-4465861088.JPG	A fungus rests on a bed of brown leaves.
/home/whx/Dataset/fungitastic-m/train/720p/0-3358350447.JPG	A fungus rests on a bed of dried leaves and grass.
/home/whx/Dataset/fungitastic-m/train/720p/0-2812984303.JPG	A fungus rests on a bed of dried leaves.
/home/whx/Dataset/fungitastic-m/train/720p/1-2251781254.JPG	The background of the fungus is dark and leafy.
/home/whx/Dataset/fungitastic-m/train/720p/0-3358347303.JPG	A fungus is held in a hand with a blurred green background.
/home/whx/Dataset/fungitastic-m/test/720p/0-4465888851.JPG	A fungus rests on autumn leaves.
/home/whx/Dataset/fungitastic-m/train/720p/0-2421821131.JPG	The background is blurred, showing earthy tones.
/home/whx/Dataset/fungitastic-m/train/720p/0-2238575970.JPG	Fall leaves and branches.
/home/whx/Dataset/fungitastic-m/train/720p/0-2989716329.JPG	A fungus is surrounded by moss and fallen leaves.
/home/whx/Dataset/fungitastic-m/train/720p/1-2238564174.JPG	The background is a light, uniform color.
/home/whx/Dataset/fungitastic-m/train/720p/1-2237918777.JPG	A fungus is surrounded by leaves and greenery.
/home/whx/Dataset/fungitastic-m/train/720p/1-2382323502.JPG	Transparent container.
/home/whx/Dataset/fungitastic-m/train/720p/0-2237974285.JPG	The background of the fungus is a plain white surface.
/home/whx/Dataset/fungitastic-m/train/720p/0-2238473143.JPG	A fungus on a white paper towel.
/home/whx/Dataset/fungitastic-m/train/720p/1-2238493244.JPG	a fungus on gravel.
/home/whx/Dataset/fungitastic-m/train/720p/3-2238493244.JPG	A fungus on white paper.
/home/whx/Dataset/fungitastic-m/train/720p/2-2238473143.JPG	A fungus rests on a bed of brown leaves and twigs.
/home/whx/Dataset/fungitastic-m/train/720p/0-2238402294.JPG	The background of the fungus is a mix of soil, moss, and small plants.
/home/whx/Dataset/fungitastic-m/train/720p/0-2430667364.JPG	A fungus in grass.
/home/whx/Dataset/fungitastic-m/test/720p/1-4100103577.JPG	A fungus is surrounded by dry grass and snow.
/home/whx/Dataset/fungitastic-m/val/720p/0-3968586352.JPG	Green moss and dried grass.
/home/whx/Dataset/fungitastic-m/train/720p/0-2964209467.JPG	A fungus is surrounded by green moss and small plants.
/home/whx/Dataset/fungitastic-m/train/720p/0-2238397200.JPG	A fungus is surrounded by dry grass and green plants.
/home/whx/Dataset/fungitastic-m/train/720p/1-2238526852.JPG	A fungus is on a grid background.
/home/whx/Dataset/fungitastic-m/train/720p/0-3412522370.JPG	Dry, straw-like background.
/home/whx/Dataset/fungitastic-m/train/720p/0-4847344513.JPG	A fungus rests on mossy ground.
/home/whx/Dataset/fungitastic-m/train/720p/0-2238473142.JPG	Green grass.
/home/whx/Dataset/fungitastic-m/train/720p/0-2458346844.JPG	A fungus rests on forest floor with pine needles and moss.
/home/whx/Dataset/fungitastic-m/val/720p/1-3925715323.JPG	The background is a dark, textured surface.
/home/whx/Dataset/fungitastic-m/train/720p/0-2883273314.JPG	Grass and clover.
/home/whx/Dataset/fungitastic-m/train/720p/1-2452380872.JPG	Dark background.
/home/whx/Dataset/fungitastic-m/train/720p/1-2238342163.JPG	A fungus is surrounded by moss, grass, and dried leaves.
/home/whx/Dataset/fungitastic-m/train/720p/0-2238471163.JPG	Green grass and clover.
/home/whx/Dataset/fungitastic-m/train/720p/0-2332527482.JPG	The background of the fungus is soil and grass.
/home/whx/Dataset/fungitastic-m/test/720p/0-4169762162.JPG	A fungus is surrounded by green grass and clover.
/home/whx/Dataset/fungitastic-m/train/720p/0-2238423387.JPG	A fungus on a green background.
/home/whx/Dataset/fungitastic-m/val/720p/0-3887949303.JPG	The background of the fungus is dark and textured.
/home/whx/Dataset/fungitastic-m/train/720p/1-2238466747.JPG	Grassy background.
/home/whx/Dataset/fungitastic-m/train/720p/1-3334602310.JPG	A fungus lies on green grass.
/home/whx/Dataset/fungitastic-m/train/720p/0-2238426139.JPG	A fungus is on a white surface with a ruler and a small object nearby.
/home/whx/Dataset/fungitastic-m/val/720p/0-3913250423.JPG	A fungus is held against a blurred green background.
/home/whx/Dataset/fungitastic-m/train/720p/0-2238489588.JPG	The background is dark.
/home/whx/Dataset/fungitastic-m/train/720p/0-2238454161.JPG	A fungus on mossy tree trunk.
/home/whx/Dataset/fungitastic-m/train/720p/0-2864907416.JPG	A fungus on a log in a forest.
/home/whx/Dataset/fungitastic-m/train/720p/0-2425494148.JPG	A fungus grows on mossy forest floor.
/home/whx/Dataset/fungitastic-m/train/720p/0-3395930335.JPG	A fungus grows on decaying wood.
/home/whx/Dataset/fungitastic-m/train/720p/0-2238584849.JPG	A fungus on a log, blurred background.
/home/whx/Dataset/fungitastic-m/test/720p/0-4169761337.JPG	The background of the fungus is a light, granular texture with scattered fungal structures.
/home/whx/Dataset/fungitastic-m/train/720p/1-2238579724.JPG	A fungus on a weathered log.
/home/whx/Dataset/fungitastic-m/train/720p/0-2238197642.JPG	A fungus grows on decaying wood.
/home/whx/Dataset/fungitastic-m/val/720p/0-4100103046.JPG	A fungus grows on a decaying log.
/home/whx/Dataset/fungitastic-m/train/720p/0-2818075347.JPG	A fungus grows on moss-covered ground.
/home/whx/Dataset/fungitastic-m/train/720p/1-3320490335.JPG	The background is dark.
/home/whx/Dataset/fungitastic-m/val/720p/0-3819295319.JPG	A fungus grows on decaying wood.
/home/whx/Dataset/fungitastic-m/train/720p/1-2238551585.JPG	A fungus grows on a decaying log amidst fallen leaves.
/home/whx/Dataset/fungitastic-m/test/720p/1-4465872001.JPG	A fungus grows on a dark, textured surface.
/home/whx/Dataset/fungitastic-m/test/720p/2-4169764887.JPG	Decaying wood and debris.
/home/whx/Dataset/fungitastic-m/val/720p/2-3964843358.JPG	A fungus in grass.
/home/whx/Dataset/fungitastic-m/test/720p/0-4465892145.JPG	A fungus lies on grass and fallen leaves.
/home/whx/Dataset/fungitastic-m/val/720p/1-4100090424.JPG	The background of the fungus is a light, beige, and slightly textured surface.
/home/whx/Dataset/fungitastic-m/test/720p/2-4465863172.JPG	A fungus is surrounded by green ivy, twigs, and fallen leaves.
/home/whx/Dataset/fungitastic-m/val/720p/0-3970590333.JPG	A fungus lies on grass.
/home/whx/Dataset/fungitastic-m/train/720p/0-2238148609.JPG	The background of the fungus is a light, translucent matrix with small, scattered structures.
/home/whx/Dataset/fungitastic-m/train/720p/2-4100092344.JPG	The background of the fungus is a light, translucent area with a grid overlay.
/home/whx/Dataset/fungitastic-m/test/720p/2-4465891812.JPG	A fungus in a forest setting.
/home/whx/Dataset/fungitastic-m/train/720p/0-2238569660.JPG	A fungus is surrounded by grass and soil.
/home/whx/Dataset/fungitastic-m/train/720p/2-2620425303.JPG	The background of the fungus is a mix of soil and small rocks.
/home/whx/Dataset/fungitastic-m/test/720p/0-4465872648.JPG	The background of the fungus is a mix of green moss, brown twigs, and scattered leaves.
/home/whx/Dataset/fungitastic-m/val/720p/0-3968583336.JPG	The background of the fungus is dark.
/home/whx/Dataset/fungitastic-m/train/720p/0-3340165305.JPG	A fungus is surrounded by green moss and grass.
/home/whx/Dataset/fungitastic-m/train/720p/1-2238576792.JPG	A fungus on a white surface with red patterned background.
/home/whx/Dataset/fungitastic-m/train/720p/0-2383043175.JPG	A fungus is surrounded by pine needles and moss.
/home/whx/Dataset/fungitastic-m/train/720p/0-2238572238.JPG	The background is plain white.
/home/whx/Dataset/fungitastic-m/train/720p/14-2994387304.JPG	The background of the fungus is a dark, textured surface.
/home/whx/Dataset/fungitastic-m/train/720p/0-2238426328.JPG	The background of the fungus is a forest floor with moss, twigs, and pine needles.
/home/whx/Dataset/fungitastic-m/val/720p/0-3944340557.JPG	The background of the fungus is a dark, rocky surface.
/home/whx/Dataset/fungitastic-m/train/720p/3-3392613438.JPG	A fungus grows amidst green moss and pine needles.
/home/whx/Dataset/fungitastic-m/train/720p/2-2238467486.JPG	The background of the fungus is a wet, grassy area with a ruler for scale.
/home/whx/Dataset/fungitastic-m/val/720p/1-3756041336.JPG	The background of the fungus is a mix of decaying wood, moss, and small twigs.
/home/whx/Dataset/fungitastic-m/train/720p/1-2575118356.JPG	The background of the fungus is a mix of green moss, brown twigs, and scattered pine needles.
/home/whx/Dataset/fungitastic-m/val/720p/0-3916263763.JPG	Decaying wood.
/home/whx/Dataset/fungitastic-m/train/720p/2-2984622382.JPG	A fungus is surrounded by green moss and pine needles.
/home/whx/Dataset/fungitastic-m/train/720p/0-2238528031.JPG	A fungus grows amidst moss and grass.
/home/whx/Dataset/fungitastic-m/train/720p/0-2238350675.JPG	The background of the fungus consists of dried pine needles and twigs.
/home/whx/Dataset/fungitastic-m/train/720p/0-3412523348.JPG	A fungus grows amidst pine needles and grass.
/home/whx/Dataset/fungitastic-m/train/720p/1-2994402316.JPG	A fungus is surrounded by green moss and pine needles.
/home/whx/Dataset/fungitastic-m/train/720p/0-2964219366.JPG	The background of the fungus consists of green moss and dried pine needles.
/home/whx/Dataset/fungitastic-m/train/720p/0-2237942504.JPG	The background of the fungus is a mix of green leaves and brown, decayed plant material.
/home/whx/Dataset/fungitastic-m/val/720p/0-4465862342.JPG	A fungus is surrounded by green moss and a brown stick.
/home/whx/Dataset/fungitastic-m/train/720p/1-2818066320.JPG	The background of the fungus is a mix of moss, soil, and small twigs.
/home/whx/Dataset/fungitastic-m/test/720p/1-4465878726.JPG	A fungus on weathered wood.
/home/whx/Dataset/fungitastic-m/test/720p/0-4465867732.JPG	The background of the fungus is a forest floor with grass, leaves, and soil.
/home/whx/Dataset/fungitastic-m/val/720p/1-3863487336.JPG	A fungus rests on mossy forest floor.
/home/whx/Dataset/fungitastic-m/test/720p/0-4169768416.JPG	A fungus rests on forest floor, surrounded by twigs and moss.
/home/whx/Dataset/fungitastic-m/train/720p/3-2816367326.JPG	A fungus on a log with greenery.
/home/whx/Dataset/fungitastic-m/train/720p/1-2417207314.JPG	A fungus rests on green moss.
/home/whx/Dataset/fungitastic-m/val/720p/0-3898073355.JPG	A fungus on sandy ground with pine needles.
/home/whx/Dataset/fungitastic-m/train/720p/3-2898630348.JPG	A fungus rests on autumn leaves.
/home/whx/Dataset/fungitastic-m/train/720p/1-2238435092.JPG	A fungus on a wooden surface.
/home/whx/Dataset/fungitastic-m/train/720p/1-2238404043.JPG	A fungus lies on a weathered, dark wooden surface.
/home/whx/Dataset/fungitastic-m/val/720p/0-3970588403.JPG	The background of the fungus is a forest floor with brown leaves and soil.
/home/whx/Dataset/fungitastic-m/train/720p/0-2238180339.JPG	A fungus is surrounded by fallen leaves and twigs on the forest floor.
/home/whx/Dataset/fungitastic-m/train/720p/0-2238433695.JPG	A fungus is surrounded by fallen leaves and soil.
/home/whx/Dataset/fungitastic-m/train/720p/0-2868474398.JPG	A fungus grows amidst moss and fallen leaves.
/home/whx/Dataset/fungitastic-m/train/720p/0-2238323249.JPG	Metallic surface with scratches.
/home/whx/Dataset/fungitastic-m/train/720p/0-2812983354.JPG	The background of the fungus is a forest floor with moss, twigs, and pine needles.
/home/whx/Dataset/fungitastic-m/train/720p/0-2237973267.JPG	wooden surface, outdoor setting.
/home/whx/Dataset/fungitastic-m/train/720p/0-3345609359.JPG	A fungus on mossy ground.
/home/whx/Dataset/fungitastic-m/train/720p/1-3345599341.JPG	A fungus grows near a tree trunk on forest floor.
/home/whx/Dataset/fungitastic-m/train/720p/0-2818066338.JPG	A fungus is surrounded by green moss and small plants.
/home/whx/Dataset/fungitastic-m/train/720p/0-3329733360.JPG	A fungus lies on forest floor with pine needles and grass.
/home/whx/Dataset/fungitastic-m/train/720p/1-2238171038.JPG	The background is dark, soil-like.
/home/whx/Dataset/fungitastic-m/train/720p/0-3380892323.JPG	A fungus rests on mossy forest floor.
/home/whx/Dataset/fungitastic-m/test/720p/5-4169764102.JPG	The background of the fungus is a forest floor with green moss and fallen leaves.
/home/whx/Dataset/fungitastic-m/train/720p/0-2238568237.JPG	The background of the fungus is a forest floor with scattered leaves and twigs.
/home/whx/Dataset/fungitastic-m/train/720p/2-2238514395.JPG	The background of the fungus is a light, textured surface.
/home/whx/Dataset/fungitastic-m/train/720p/0-2238493784.JPG	A fungus in a forest setting.
/home/whx/Dataset/fungitastic-m/test/720p/0-4465884781.JPG	A fungus grows amidst moss and fallen leaves.
/home/whx/Dataset/fungitastic-m/test/720p/0-4465870197.JPG	A fungus in a forest setting with green foliage and blueberries.
/home/whx/Dataset/fungitastic-m/train/720p/0-3419921326.JPG	The background is a plain, light-colored surface.
/home/whx/Dataset/fungitastic-m/test/720p/1-4169759964.JPG	A fungus in a forest with green moss and trees.
/home/whx/Dataset/fungitastic-m/train/720p/0-2238467988.JPG	A fungus lies on grass and soil.
/home/whx/Dataset/fungitastic-m/test/720p/0-4465880993.JPG	A fungus rests on mossy forest floor.
/home/whx/Dataset/fungitastic-m/train/720p/2-2868487304.JPG	A fungus rests on mossy ground.
/home/whx/Dataset/fungitastic-m/train/720p/2-4847340511.JPG	The background of the fungus is a light, speckled surface.
/home/whx/Dataset/fungitastic-m/val/720p/0-4100094857.JPG	The background consists of brown leaves.
/home/whx/Dataset/fungitastic-m/train/720p/2-2413147730.JPG	The background is a plain, light-colored surface.
/home/whx/Dataset/fungitastic-m/val/720p/0-3925714637.JPG	A fungus rests on fallen leaves.
/home/whx/Dataset/fungitastic-m/train/720p/0-2238480600.JPG	The background of the fungus is a mix of brown and dark soil, with some scattered twigs and leaves.
/home/whx/Dataset/fungitastic-m/train/720p/0-2238220154.JPG	A fungus is on a bed of green grass and leaves.
/home/whx/Dataset/fungitastic-m/test/720p/1-4465897326.JPG	A fungus is surrounded by green moss and soil.
/home/whx/Dataset/fungitastic-m/train/720p/2-2238162483.JPG	Grass and soil.
/home/whx/Dataset/fungitastic-m/train/720p/0-2238069324.JPG	The fungus is on a rough, gray surface.
/home/whx/Dataset/fungitastic-m/train/720p/1-2238151425.JPG	A fungus on a plain, light brown surface.
/home/whx/Dataset/fungitastic-m/train/720p/0-2237968450.JPG	A fungus on a wooden surface.
/home/whx/Dataset/fungitastic-m/train/720p/1-2238194204.JPG	The background is a wooden surface.
/home/whx/Dataset/fungitastic-m/test/720p/1-4169763250.JPG	A fungus is surrounded by grass and fallen leaves.
/home/whx/Dataset/fungitastic-m/train/720p/0-2238160518.JPG	A fungus rests on a metallic surface with a grassy backdrop.
/home/whx/Dataset/fungitastic-m/train/720p/0-2238552291.JPG	Grass and leaves.
/home/whx/Dataset/fungitastic-m/train/720p/0-3345612325.JPG	The background of the fungus is soil.
/home/whx/Dataset/fungitastic-m/train/720p/2-2238160518.JPG	A fungus rests on a weathered wooden surface.
/home/whx/Dataset/fungitastic-m/train/720p/1-2898632449.JPG	A fungus on wet concrete.
/home/whx/Dataset/fungitastic-m/test/720p/4-4465870386.JPG	A fungus in grass.
/home/whx/Dataset/fungitastic-m/train/720p/0-3334604358.JPG	A fungus on mossy ground.
/home/whx/Dataset/fungitastic-m/train/720p/2-2898632449.JPG	A fungus on a concrete surface.
/home/whx/Dataset/fungitastic-m/train/720p/1-2421824344.JPG	A fungus is surrounded by wet leaves and moss.
/home/whx/Dataset/fungitastic-m/test/720p/1-4465892459.JPG	A fungus is surrounded by green moss and leaves.
/home/whx/Dataset/fungitastic-m/train/720p/0-2425492214.JPG	Grass, leaves, and twigs.
/home/whx/Dataset/fungitastic-m/test/720p/0-4465889397.JPG	The background of the fungus is a light, translucent area with scattered small particles.
/home/whx/Dataset/fungitastic-m/val/720p/0-3916269557.JPG	The background of the fungus is a light, cloudy, and somewhat granular texture.
/home/whx/Dataset/fungitastic-m/train/720p/0-2238177054.JPG	The background is plain white.
/home/whx/Dataset/fungitastic-m/test/720p/1-4465897738.JPG	The background of the fungus is a light, translucent, and slightly granular texture.
/home/whx/Dataset/fungitastic-m/train/720p/0-2238172913.JPG	Grass and mushrooms.
/home/whx/Dataset/fungitastic-m/train/720p/0-2421823218.JPG	The background of the fungus is a mix of soil, leaves, and grass.
/home/whx/Dataset/fungitastic-m/val/720p/1-4100091548.JPG	A fungus rests on a bed of brown and yellow leaves.
/home/whx/Dataset/fungitastic-m/train/720p/1-2238331254.JPG	The background is dark green.
/home/whx/Dataset/fungitastic-m/train/720p/6-2238495435.JPG	A fungus on lined notebook paper.
/home/whx/Dataset/fungitastic-m/train/720p/0-3018976320.JPG	The background of the fungus is a mix of dried leaves, twigs, and soil.
/home/whx/Dataset/fungitastic-m/val/720p/0-3922622658.JPG	The background of the fungus consists of dried grass and leaves.
/home/whx/Dataset/fungitastic-m/train/720p/0-2238524862.JPG	A fungus is surrounded by grass and soil.
/home/whx/Dataset/fungitastic-m/train/720p/0-2237923826.JPG	The background consists of forest debris and soil.
/home/whx/Dataset/fungitastic-m/train/720p/0-2238151544.JPG	The fungus is on a white surface.
/home/whx/Dataset/fungitastic-m/train/720p/0-2238495537.JPG	The background is plain white.
/home/whx/Dataset/fungitastic-m/train/720p/1-2413148035.JPG	A fungus rests on mossy forest floor.
/home/whx/Dataset/fungitastic-m/train/720p/0-3324337360.JPG	A fungus on a wooden surface.
/home/whx/Dataset/fungitastic-m/train/720p/0-2238214056.JPG	A fungus is surrounded by grass and fallen leaves.
/home/whx/Dataset/fungitastic-m/train/720p/0-2818063323.JPG	The background of the fungus is a mix of green leaves and brown, dried grass.
/home/whx/Dataset/fungitastic-m/train/720p/4-2238422251.JPG	The background of the fungus is a light, cloudy, and somewhat translucent surface.
/home/whx/Dataset/fungitastic-m/train/720p/0-2238590934.JPG	A fungus is surrounded by fallen leaves and twigs on the forest floor.
/home/whx/Dataset/fungitastic-m/train/720p/6-2238497362.JPG	A fungus is held against a blurred green background.
/home/whx/Dataset/fungitastic-m/test/720p/1-4465889454.JPG	A fungus is surrounded by dry leaves and twigs.
/home/whx/Dataset/fungitastic-m/val/720p/1-3909139351.JPG	A fungus rests on a bed of dried leaves.
/home/whx/Dataset/fungitastic-m/train/720p/0-2237901837.JPG	A fungus on a wooden surface.
/home/whx/Dataset/fungitastic-m/val/720p/3-3891500325.JPG	The background of the fungus is dark and cracked.
/home/whx/Dataset/fungitastic-m/train/720p/0-2238348204.JPG	A fungus is on grass.
/home/whx/Dataset/fungitastic-m/train/720p/0-2864915468.JPG	A fungus is surrounded by dried leaves.
/home/whx/Dataset/fungitastic-m/train/720p/0-2265771807.JPG	The background of the fungus consists of dried leaves and twigs on the forest floor.
/home/whx/Dataset/fungitastic-m/train/720p/1-2382321320.JPG	The background of the fungus is a dark, leaf-strewn forest floor.
/home/whx/Dataset/fungitastic-m/train/720p/1-3340168386.JPG	A fungus in grass.
/home/whx/Dataset/fungitastic-m/train/720p/0-2238498461.JPG	A fungus in grass.
/home/whx/Dataset/fungitastic-m/train/720p/0-2238562968.JPG	A fungus grows on mossy ground.
/home/whx/Dataset/fungitastic-m/test/720p/4-4465861421.JPG	A fungus grows on mossy ground with fallen leaves.
/home/whx/Dataset/fungitastic-m/train/720p/0-2238472254.JPG	The background of the fungus consists of fallen leaves and green foliage.
/home/whx/Dataset/fungitastic-m/test/720p/1-4169762096.JPG	A fungus on a concrete surface.
/home/whx/Dataset/fungitastic-m/test/720p/0-4465870264.JPG	A fungus in grass.
/home/whx/Dataset/fungitastic-m/train/720p/1-2238469432.JPG	A fungus in grass.
/home/whx/Dataset/fungitastic-m/train/720p/0-2452379942.JPG	The background of the fungus consists of soil, leaves, and green moss.
/home/whx/Dataset/fungitastic-m/train/720p/0-2421822051.JPG	The background of the fungus is a forest floor covered with dry leaves and soil.
/home/whx/Dataset/fungitastic-m/train/720p/0-2238469671.JPG	A fungus in a green, blurred forest setting.
/home/whx/Dataset/fungitastic-m/test/720p/6-4169770328.JPG	The background of the fungus is a mix of brown leaves and twigs.
/home/whx/Dataset/fungitastic-m/train/720p/1-3395920446.JPG	A fungus rests on autumn leaves.
/home/whx/Dataset/fungitastic-m/train/720p/0-2238469432.JPG	A fungus is surrounded by green clover.
/home/whx/Dataset/fungitastic-m/train/720p/1-2238379392.JPG	A fungus is surrounded by moss, leaves, and sunlight.
/home/whx/Dataset/fungitastic-m/val/720p/1-4100088425.JPG	A fungus in a grassy field with clovers.
/home/whx/Dataset/fungitastic-m/test/720p/1-4465868033.JPG	Grass and soil.
/home/whx/Dataset/fungitastic-m/test/720p/0-4465875328.JPG	A fungus in a forest setting with pine needles and grass.
/home/whx/Dataset/fungitastic-m/train/720p/1-3334599384.JPG	A fungus in grass.
/home/whx/Dataset/fungitastic-m/train/720p/3-2860300401.JPG	The background is blurred, with indistinct shapes and colors.
/home/whx/Dataset/fungitastic-m/test/720p/0-4465862874.JPG	A fungus in grass.
/home/whx/Dataset/fungitastic-m/train/720p/0-2238147930.JPG	A fungus on a wooden surface.
/home/whx/Dataset/fungitastic-m/val/720p/0-3962113333.JPG	A fungus rests on mossy ground.
/home/whx/Dataset/fungitastic-m/train/720p/1-2238556983.JPG	A fungus is surrounded by grass and moss.
/home/whx/Dataset/fungitastic-m/train/720p/0-2238216760.JPG	A fungus is surrounded by grass and fallen leaves.
/home/whx/Dataset/fungitastic-m/train/720p/2-3334610384.JPG	A fungus on a white surface.
/home/whx/Dataset/fungitastic-m/train/720p/0-2238148380.JPG	A fungus on a wooden surface.
/home/whx/Dataset/fungitastic-m/val/720p/0-3916268679.JPG	A fungus rests on mossy forest floor.
/home/whx/Dataset/fungitastic-m/train/720p/4-2804901307.JPG	A fungus rests on a bed of pine needles and twigs.
/home/whx/Dataset/fungitastic-m/train/720p/0-2238328403.JPG	A fungus is surrounded by dry grass.
/home/whx/Dataset/fungitastic-m/test/720p/0-4465876635.JPG	The background is plain white.
/home/whx/Dataset/fungitastic-m/train/720p/0-3386473415.JPG	A fungus grows on moss and wood.
/home/whx/Dataset/fungitastic-m/train/720p/0-2425494821.JPG	A fungus is surrounded by green moss and twigs.
/home/whx/Dataset/fungitastic-m/train/720p/0-2238396586.JPG	A fungus grows amidst moss and twigs.
/home/whx/Dataset/fungitastic-m/train/720p/0-2238093598.JPG	A fungus is surrounded by wet, brown leaves and a dark, damp surface.
/home/whx/Dataset/fungitastic-m/train/720p/0-3380887401.JPG	A fungus grows amidst green grass and fallen leaves.
/home/whx/Dataset/fungitastic-m/test/720p/1-4465877608.JPG	A fungus is surrounded by green moss and small twigs.
/home/whx/Dataset/fungitastic-m/train/720p/3-3392601323.JPG	A fungus is surrounded by green moss and small plants.
/home/whx/Dataset/fungitastic-m/test/720p/3-4465888007.JPG	The background of the fungus appears to be a light, translucent matrix with scattered particles and a ruler for scale.
/home/whx/Dataset/fungitastic-m/train/720p/0-3358363359.JPG	A fungus rests on a bed of dried leaves.
/home/whx/Dataset/fungitastic-m/val/720p/1-3867921307.JPG	The background of the fungus is a mix of soil and decaying wood.
/home/whx/Dataset/fungitastic-m/train/720p/0-3380889333.JPG	The background of the fungus is green and mossy.
/home/whx/Dataset/fungitastic-m/train/720p/1-2238578642.JPG	The background is dark.
/home/whx/Dataset/fungitastic-m/train/720p/1-2237896433.JPG	A fungus on forest floor with dried leaves.
/home/whx/Dataset/fungitastic-m/train/720p/0-3355976303.JPG	The background of the fungus is a mix of brown and green, likely soil and leaves.
/home/whx/Dataset/fungitastic-m/test/720p/0-4465869982.JPG	The background of the fungus is a forest floor with leaves, twigs, and soil.
/home/whx/Dataset/fungitastic-m/train/720p/0-3355976304.JPG	The background of the fungus is a mix of soil and organic debris.
/home/whx/Dataset/fungitastic-m/test/720p/0-4465878429.JPG	A fungus in grass.
/home/whx/Dataset/fungitastic-m/train/720p/3-2868487477.JPG	A fungus grows amidst grass and moss.
/home/whx/Dataset/fungitastic-m/train/720p/1-3343241452.JPG	Grass and soil.
/home/whx/Dataset/fungitastic-m/train/720p/0-3355978449.JPG	A fungus is surrounded by green leaves and soil.
/home/whx/Dataset/fungitastic-m/train/720p/3-2413147743.JPG	A fungus on mossy ground.
/home/whx/Dataset/fungitastic-m/train/720p/1-2449442041.JPG	A fungus rests on green moss.
/home/whx/Dataset/fungitastic-m/train/720p/3-4847342525.JPG	A fungus is surrounded by grass and moss.
/home/whx/Dataset/fungitastic-m/train/720p/3-2238518191.JPG	A fungus is surrounded by grass and twigs.
/home/whx/Dataset/fungitastic-m/train/720p/0-2237942768.JPG	A fungus on a pink surface.
/home/whx/Dataset/fungitastic-m/train/720p/0-2874316374.JPG	A fungus is surrounded by green leaves and grass.
/home/whx/Dataset/fungitastic-m/test/720p/2-4465900377.JPG	Fall leaves.
/home/whx/Dataset/fungitastic-m/train/720p/2-2984621345.JPG	The background of the fungus is a light, textured surface.
/home/whx/Dataset/fungitastic-m/train/720p/0-2851419350.JPG	Grass, soil, and debris.
/home/whx/Dataset/fungitastic-m/train/720p/0-2238449949.JPG	A fungus on a brown leaf.
/home/whx/Dataset/fungitastic-m/train/720p/1-3386472316.JPG	Green grass, brown leaves.
/home/whx/Dataset/fungitastic-m/train/720p/0-2238352866.JPG	The background is plain white.
/home/whx/Dataset/fungitastic-m/train/720p/0-2238458608.JPG	Green background.
/home/whx/Dataset/fungitastic-m/val/720p/0-3913249527.JPG	A fungus rests on moss-covered ground.
/home/whx/Dataset/fungitastic-m/train/720p/1-2237911717.JPG	A fungus stands amidst green moss and forest floor.
/home/whx/Dataset/fungitastic-m/train/720p/0-2238238073.JPG	The background of the fungus is a mix of soil, dried leaves, and twigs.
/home/whx/Dataset/fungitastic-m/train/720p/4-2851422314.JPG	A fungus rests on a moss-covered log in a forest.
/home/whx/Dataset/fungitastic-m/train/720p/1-3122835341.JPG	The background of the fungus is dark and textured.
/home/whx/Dataset/fungitastic-m/train/720p/4-2816360302.JPG	A fungus rests on moss.
/home/whx/Dataset/fungitastic-m/val/720p/0-3962113597.JPG	A fungus on moss.
/home/whx/Dataset/fungitastic-m/train/720p/0-2332527963.JPG	A fungus on a gray surface.
/home/whx/Dataset/fungitastic-m/val/720p/4-3880801329.JPG	A fungus on a wooden surface.
/home/whx/Dataset/fungitastic-m/train/720p/0-3340173371.JPG	The background of the fungus is grass and soil.
/home/whx/Dataset/fungitastic-m/test/720p/2-4465882583.JPG	A fungus on a wooden surface.
/home/whx/Dataset/fungitastic-m/test/720p/1-4465888984.JPG	The background of the fungus is a plain white surface.
/home/whx/Dataset/fungitastic-m/train/720p/0-2238565872.JPG	A fungus lies on a concrete surface.
/home/whx/Dataset/fungitastic-m/train/720p/0-2238352841.JPG	A fungus is surrounded by grass, leaves, and soil.
/home/whx/Dataset/fungitastic-m/train/720p/0-2237889179.JPG	A fungus is on a white surface with wooden planks in the background.
/home/whx/Dataset/fungitastic-m/test/720p/1-4465863564.JPG	A fungus in grass with fallen leaves.
/home/whx/Dataset/fungitastic-m/train/720p/1-2238217536.JPG	a fungus on forest floor with dried leaves.
/home/whx/Dataset/fungitastic-m/train/720p/2-2825694303.JPG	A fungus rests on moss and grass.
/home/whx/Dataset/fungitastic-m/train/720p/0-2812986301.JPG	A fungus is surrounded by green moss and grass.
/home/whx/Dataset/fungitastic-m/train/720p/0-2238346513.JPG	Granite surface.
/home/whx/Dataset/fungitastic-m/train/720p/0-2238501741.JPG	A fungus is surrounded by green moss and fallen leaves.
/home/whx/Dataset/fungitastic-m/test/720p/1-4465877020.JPG	The background of the fungus is a mix of soil, grass, and dried leaves.
/home/whx/Dataset/fungitastic-m/train/720p/1-2238161284.JPG	A fungus is surrounded by green moss and leaves.
/home/whx/Dataset/fungitastic-m/val/720p/1-3909145426.JPG	A fungus is surrounded by green moss and grass.
/home/whx/Dataset/fungitastic-m/val/720p/0-3909141593.JPG	A fungus is surrounded by moss, leaves, and a fallen log.
/home/whx/Dataset/fungitastic-m/val/720p/0-3968584403.JPG	A fungus on a log in a forest.
/home/whx/Dataset/fungitastic-m/train/720p/1-2237937415.JPG	A fungus on a metallic surface.
/home/whx/Dataset/fungitastic-m/train/720p/1-2413148941.JPG	A fungus rests on mossy, forest floor.
/home/whx/Dataset/fungitastic-m/val/720p/1-3913251593.JPG	A fungus is surrounded by green moss and forest debris.
/home/whx/Dataset/fungitastic-m/train/720p/0-2901941318.JPG	Blurred, earthy tones.
/home/whx/Dataset/fungitastic-m/train/720p/1-3059592350.JPG	The background is blurred with green and brown tones.
/home/whx/Dataset/fungitastic-m/train/720p/0-2238220388.JPG	A fungus on concrete with grass in the background.
/home/whx/Dataset/fungitastic-m/val/720p/0-3964844609.JPG	A fungus rests on autumn leaves.
/home/whx/Dataset/fungitastic-m/train/720p/0-2237916040.JPG	The background of the fungus is soil and debris.
/home/whx/Dataset/fungitastic-m/train/720p/1-2427873723.JPG	A fungus is surrounded by autumn leaves and chestnut burrs.
/home/whx/Dataset/fungitastic-m/train/720p/0-3343240407.JPG	The background of the fungus consists of forest debris, including leaves, twigs, and soil.
/home/whx/Dataset/fungitastic-m/train/720p/0-3332301338.JPG	A fungus on mossy forest floor.
/home/whx/Dataset/fungitastic-m/train/720p/0-2238562903.JPG	A fungus rests on a bed of dried leaves.
/home/whx/Dataset/fungitastic-m/train/720p/1-2238561559.JPG	A fungus is surrounded by fallen leaves and green moss.
/home/whx/Dataset/fungitastic-m/val/720p/2-3964840491.JPG	The background is a dark, mossy surface.
/home/whx/Dataset/fungitastic-m/train/720p/0-3412505383.JPG	A fungus on mossy ground.
/home/whx/Dataset/fungitastic-m/train/720p/1-2237852382.JPG	A fungus grows on a mossy tree trunk.
/home/whx/Dataset/fungitastic-m/val/720p/1-4100093001.JPG	A fungus on tree bark.
/home/whx/Dataset/fungitastic-m/train/720p/1-2238216819.JPG	Green mossy background.
/home/whx/Dataset/fungitastic-m/train/720p/1-2237852360.JPG	A fungus on mossy bark.
/home/whx/Dataset/fungitastic-m/train/720p/5-2238585207.JPG	A fungus is surrounded by green moss.
/home/whx/Dataset/fungitastic-m/train/720p/0-2449442972.JPG	A fungus is surrounded by green moss.
/home/whx/Dataset/fungitastic-m/train/720p/0-2238505667.JPG	A fungus in grass.
/home/whx/Dataset/fungitastic-m/train/720p/0-2238151071.JPG	The fungus is on a white background.
/home/whx/Dataset/fungitastic-m/train/720p/0-3131203303.JPG	Grass and soil.
/home/whx/Dataset/fungitastic-m/train/720p/0-2238329110.JPG	Grass and leaves.
/home/whx/Dataset/fungitastic-m/train/720p/2-3355968309.JPG	A fungus on a blue background.
/home/whx/Dataset/fungitastic-m/train/720p/0-3324322346.JPG	a fungus on grass and leaves.
/home/whx/Dataset/fungitastic-m/train/720p/0-2238556953.JPG	A fungus grows amidst grass and fallen leaves.
/home/whx/Dataset/fungitastic-m/val/720p/4-4100088454.JPG	The background of the fungus is soil and grass.
/home/whx/Dataset/fungitastic-m/train/720p/0-2425493875.JPG	The background of the fungus is a forest floor with leaves, twigs, and soil.
/home/whx/Dataset/fungitastic-m/train/720p/1-3329730308.JPG	The background of the fungus is a forest floor with leaves, moss, and clover.
/home/whx/Dataset/fungitastic-m/val/720p/4-3865754306.JPG	A fungus rests on mossy ground.
/home/whx/Dataset/fungitastic-m/train/720p/0-3382570310.JPG	A fungus is on the ground amidst fallen leaves and grass.
/home/whx/Dataset/fungitastic-m/val/720p/1-3922624648.JPG	A fungus rests on a bed of dried leaves and twigs.
/home/whx/Dataset/fungitastic-m/train/720p/1-2351007281.JPG	The background of the fungus is dark.
/home/whx/Dataset/fungitastic-m/val/720p/1-3962114333.JPG	The background of the fungus is a light, uniform color.
/home/whx/Dataset/fungitastic-m/val/720p/0-3925717430.JPG	Fall leaves.
/home/whx/Dataset/fungitastic-m/val/720p/0-3962112616.JPG	The background consists of dried leaves and twigs.
/home/whx/Dataset/fungitastic-m/train/720p/0-3332307326.JPG	The background of the fungus is a mix of green moss and brown earth.
/home/whx/Dataset/fungitastic-m/train/720p/0-3340175348.JPG	The background of the fungus is a forest floor with leaves, twigs, and moss.
/home/whx/Dataset/fungitastic-m/train/720p/3-2868472552.JPG	A fungus rests on mossy ground.
/home/whx/Dataset/fungitastic-m/train/720p/0-2868479433.JPG	A fungus on a stone surface with a paper towel in the background.
/home/whx/Dataset/fungitastic-m/test/720p/2-4465897968.JPG	A fungus rests on mossy ground.
/home/whx/Dataset/fungitastic-m/train/720p/2-2825711335.JPG	A fungus in a dense, green forest.
/home/whx/Dataset/fungitastic-m/train/720p/2-2238490556.JPG	The background of the fungus is dark and blurred, with hints of green and brown.
/home/whx/Dataset/fungitastic-m/train/720p/1-2413149458.JPG	A fungus sits atop a bed of green moss.
/home/whx/Dataset/fungitastic-m/train/720p/0-2238434844.JPG	Fall leaves and twigs.
/home/whx/Dataset/fungitastic-m/train/720p/0-2862685430.JPG	A fungus with a red cap and white gills is held against a blurred background of green foliage and grass.
/home/whx/Dataset/fungitastic-m/train/720p/0-2238471614.JPG	A fungus rests on a bed of fallen leaves and twigs.
/home/whx/Dataset/fungitastic-m/train/720p/3-2332528733.JPG	A fungus in a forest setting.
/home/whx/Dataset/fungitastic-m/train/720p/0-2238580332.JPG	The background of the fungus is green moss.
/home/whx/Dataset/fungitastic-m/train/720p/5-2332528733.JPG	A fungus is surrounded by green moss and grass.
/home/whx/Dataset/fungitastic-m/val/720p/1-3913249362.JPG	A fungus on moss.
/home/whx/Dataset/fungitastic-m/test/720p/3-4465899644.JPG	The background of the fungus consists of wet leaves, pine needles, and soil.
/home/whx/Dataset/fungitastic-m/train/720p/0-2238340294.JPG	A fungus rests on weathered wooden planks.
/home/whx/Dataset/fungitastic-m/train/720p/0-2238217844.JPG	The background of the fungus consists of soil, leaves, and twigs.
/home/whx/Dataset/fungitastic-m/train/720p/0-2424122296.JPG	A fungus on a grid background.
/home/whx/Dataset/fungitastic-m/train/720p/1-2901949496.JPG	A fungus on a plain white surface.
/home/whx/Dataset/fungitastic-m/train/720p/2-2424123258.JPG	A fungus is surrounded by fallen leaves and greenery.
/home/whx/Dataset/fungitastic-m/test/720p/1-4465869552.JPG	A fungus is surrounded by green grass and brown forest floor.
/home/whx/Dataset/fungitastic-m/train/720p/0-2818071320.JPG	The background of the fungus is a mix of soil and grass.
/home/whx/Dataset/fungitastic-m/test/720p/0-4465868947.JPG	A fungus on mossy forest floor.
/home/whx/Dataset/fungitastic-m/train/720p/0-2238318612.JPG	A fungus on a wooden surface.
/home/whx/Dataset/fungitastic-m/train/720p/0-4847334302.JPG	Grassy background.
/home/whx/Dataset/fungitastic-m/val/720p/1-4100093826.JPG	A fungus rests on mossy ground.
/home/whx/Dataset/fungitastic-m/test/720p/5-4465895386.JPG	The background of the fungus consists of dark, decaying wood and twigs.
/home/whx/Dataset/fungitastic-m/test/720p/1-4465893653.JPG	The background of the fungus is a mix of soil, leaves, and small twigs.
/home/whx/Dataset/fungitastic-m/test/720p/1-4465868947.JPG	A fungus on mossy forest floor.
/home/whx/Dataset/fungitastic-m/test/720p/0-4465880539.JPG	A fungus on a textured, gray surface.
/home/whx/Dataset/fungitastic-m/train/720p/0-2812998334.JPG	The background of the fungus is dark.
/home/whx/Dataset/fungitastic-m/train/720p/1-2238495792.JPG	The background is plain white.
/home/whx/Dataset/fungitastic-m/test/720p/0-4169758830.JPG	A fungus is surrounded by forest floor debris, including pine needles and twigs.
/home/whx/Dataset/fungitastic-m/train/720p/4-2238562383.JPG	A fungus is surrounded by fallen leaves and twigs on the forest floor.
/home/whx/Dataset/fungitastic-m/train/720p/0-2238218288.JPG	a fungus in grass.
/home/whx/Dataset/fungitastic-m/train/720p/1-2238328201.JPG	A fungus rests on mossy ground.
/home/whx/Dataset/fungitastic-m/train/720p/0-2238384334.JPG	a fungus on forest floor with leaves and greenery.
/home/whx/Dataset/fungitastic-m/train/720p/5-2238562383.JPG	A fungus on forest floor with leaves and dirt.
/home/whx/Dataset/fungitastic-m/train/720p/1-2383043358.JPG	A fungus is surrounded by green moss and a damp forest floor.
/home/whx/Dataset/fungitastic-m/train/720p/0-3358350395.JPG	The background of the fungus is a mix of soil, dried leaves, and twigs.
/home/whx/Dataset/fungitastic-m/train/720p/0-2868474363.JPG	Grass and dew.
/home/whx/Dataset/fungitastic-m/train/720p/0-2238150708.JPG	A fungus grows amidst green moss and soil.
/home/whx/Dataset/fungitastic-m/train/720p/1-3122828336.JPG	A fungus on a green leaf.
/home/whx/Dataset/fungitastic-m/train/720p/0-2238496743.JPG	The background of the fungus is a mix of soil, small rocks, and green grass.
/home/whx/Dataset/fungitastic-m/train/720p/0-2238385131.JPG	A fungus on a white background.
/home/whx/Dataset/fungitastic-m/train/720p/1-2238180469.JPG	A fungus on moss.
/home/whx/Dataset/fungitastic-m/train/720p/0-2238179338.JPG	A fungus is on grass.
/home/whx/Dataset/fungitastic-m/train/720p/0-2862700415.JPG	A fungus is surrounded by dry grass and leaves.
/home/whx/Dataset/fungitastic-m/train/720p/2-3336958373.JPG	A fungus on a light blue surface.
/home/whx/Dataset/fungitastic-m/val/720p/0-3887938333.JPG	A fungus in grass.
/home/whx/Dataset/fungitastic-m/train/720p/1-2238094358.JPG	Grass and pine needles.
/home/whx/Dataset/fungitastic-m/train/720p/0-2238563232.JPG	A fungus lies on grass.
/home/whx/Dataset/fungitastic-m/train/720p/0-2238589730.JPG	A fungus in grass.
/home/whx/Dataset/fungitastic-m/train/720p/1-2238467122.JPG	A fungus on mossy ground.
/home/whx/Dataset/fungitastic-m/train/720p/0-2818063342.JPG	The background is plain white.
/home/whx/Dataset/fungitastic-m/train/720p/0-2238467967.JPG	A fungus in grass.
/home/whx/Dataset/fungitastic-m/train/720p/0-3340164444.JPG	The background of the fungus consists of dried leaves and twigs.
/home/whx/Dataset/fungitastic-m/test/720p/3-4465872046.JPG	The background consists of dried leaves and twigs.
/home/whx/Dataset/fungitastic-m/train/720p/1-2238467967.JPG	A fungus in grass.
/home/whx/Dataset/fungitastic-m/val/720p/0-3899714304.JPG	A fungus lies on forest floor with dried leaves and twigs.
/home/whx/Dataset/fungitastic-m/train/720p/0-2238219194.JPG	A fungus in a forest setting with moss and twigs.
/home/whx/Dataset/fungitastic-m/train/720p/0-2238527944.JPG	The background of the fungus is a reddish-brown surface with small dark specks.
/home/whx/Dataset/fungitastic-m/test/720p/0-4465903696.JPG	A fungus is surrounded by wet, brown leaves and green grass.
/home/whx/Dataset/fungitastic-m/val/720p/2-4100089590.JPG	The background of the fungus is a forest floor with leaves, twigs, and pine cones.
/home/whx/Dataset/fungitastic-m/train/720p/0-2238359959.JPG	a fungus on forest floor with brown leaves.
/home/whx/Dataset/fungitastic-m/train/720p/1-2417206573.JPG	The background of the fungus is a mix of brown leaves and green foliage.
/home/whx/Dataset/fungitastic-m/train/720p/1-3395931316.JPG	The background consists of dried leaves and soil.
/home/whx/Dataset/fungitastic-m/train/720p/0-3392605317.JPG	The background of the fungus consists of soil and fallen leaves.
/home/whx/Dataset/fungitastic-m/train/720p/1-2417206004.JPG	A fungus rests on a bed of brown leaves and twigs.
/home/whx/Dataset/fungitastic-m/train/720p/0-2237924649.JPG	The background of the fungus is dark.
/home/whx/Dataset/fungitastic-m/train/720p/0-2821596322.JPG	A fungus on a white surface.
/home/whx/Dataset/fungitastic-m/train/720p/0-3340173332.JPG	A fungus rests on mossy ground.
/home/whx/Dataset/fungitastic-m/train/720p/0-2238564682.JPG	A fungus is surrounded by fallen leaves and twigs on the forest floor.
/home/whx/Dataset/fungitastic-m/train/720p/0-2237909862.JPG	A fungus on a dark surface.
/home/whx/Dataset/fungitastic-m/train/720p/0-2237959877.JPG	Grass and soil.
/home/whx/Dataset/fungitastic-m/train/720p/0-3345599466.JPG	A fungus on a wooden surface.
/home/whx/Dataset/fungitastic-m/test/720p/1-4465868561.JPG	The background of the fungus is a forest floor with leaves and twigs.
/home/whx/Dataset/fungitastic-m/test/720p/1-4465863502.JPG	The background of the fungus is a mix of soil, twigs, and dried leaves.
/home/whx/Dataset/fungitastic-m/train/720p/3-3406495310.JPG	A fungus is surrounded by brown, autumn leaves.
/home/whx/Dataset/fungitastic-m/train/720p/0-2351007339.JPG	A fungus is growing in grass with soil and small rocks.
/home/whx/Dataset/fungitastic-m/train/720p/1-2238215698.JPG	The background of the fungus is a forest floor with moss, leaves, and twigs.
/home/whx/Dataset/fungitastic-m/train/720p/0-3334607392.JPG	A fungus is surrounded by dry leaves and twigs.
/home/whx/Dataset/fungitastic-m/train/720p/1-2238467926.JPG	A fungus rests on mossy forest floor.
/home/whx/Dataset/fungitastic-m/train/720p/3-2238185788.JPG	A fungus on a newspaper.
/home/whx/Dataset/fungitastic-m/train/720p/1-3332294310.JPG	A fungus rests on grass and leaves.
/home/whx/Dataset/fungitastic-m/train/720p/0-2238558841.JPG	A fungus rests on a bed of brown leaves.
/home/whx/Dataset/fungitastic-m/train/720p/0-2238480855.JPG	A fungus is surrounded by green moss and dry grass.
/home/whx/Dataset/fungitastic-m/train/720p/0-2417206129.JPG	The background of the fungus is a mix of green leaves, brown twigs, and scattered grass.
/home/whx/Dataset/fungitastic-m/train/720p/0-2238345705.JPG	A fungus in grass and leaves.
/home/whx/Dataset/fungitastic-m/train/720p/0-2238578567.JPG	Grass with dew.
/home/whx/Dataset/fungitastic-m/train/720p/0-3343242325.JPG	Grass and leaves.
/home/whx/Dataset/fungitastic-m/val/720p/1-3916265583.JPG	A fungus grows amidst grass and moss.
/home/whx/Dataset/fungitastic-m/test/720p/0-4465880722.JPG	The background is plain white.
/home/whx/Dataset/fungitastic-m/train/720p/0-2237940586.JPG	A fungus on a wooden surface.
/home/whx/Dataset/fungitastic-m/train/720p/0-2238519963.JPG	A fungus in grass and moss.
/home/whx/Dataset/fungitastic-m/test/720p/0-4465894426.JPG	The background of the fungus is light and translucent.
/home/whx/Dataset/fungitastic-m/train/720p/0-2868469365.JPG	Grass and soil.
/home/whx/Dataset/fungitastic-m/train/720p/0-3382561346.JPG	A fungus in grass.
/home/whx/Dataset/fungitastic-m/val/720p/2-4100088563.JPG	A fungus is on grass.
/home/whx/Dataset/fungitastic-m/train/720p/0-2238355681.JPG	Grass and dry straw.
/home/whx/Dataset/fungitastic-m/train/720p/2-2238476821.JPG	A fungus is set against a dark, textured background.
/home/whx/Dataset/fungitastic-m/train/720p/0-3345599439.JPG	A fungus in grass.
/home/whx/Dataset/fungitastic-m/val/720p/1-3916266467.JPG	A fungus is surrounded by moss, pine needles, and twigs.
/home/whx/Dataset/fungitastic-m/val/720p/0-3925716774.JPG	A fungus rests on a bed of dried leaves.
/home/whx/Dataset/fungitastic-m/train/720p/1-2238522892.JPG	The background of the fungus is a mix of brown and green leaves.
/home/whx/Dataset/fungitastic-m/train/720p/0-2238068523.JPG	A fungus is surrounded by fallen leaves and grass.
/home/whx/Dataset/fungitastic-m/train/720p/1-3382564330.JPG	A fungus on a log with twigs and leaves.
/home/whx/Dataset/fungitastic-m/train/720p/2-2238427650.JPG	A fungus against a dark, textured background.
/home/whx/Dataset/fungitastic-m/train/720p/0-2238517589.JPG	The background of the fungus is a forest floor with leaves and twigs.
/home/whx/Dataset/fungitastic-m/train/720p/1-3340169330.JPG	A fungus is surrounded by pine needles and twigs.
/home/whx/Dataset/fungitastic-m/train/720p/0-3424498310.JPG	A fungus on a dark blue surface.
/home/whx/Dataset/fungitastic-m/train/720p/0-2238578221.JPG	A fungus in a forest floor with moss, pine needles, and fallen leaves.
/home/whx/Dataset/fungitastic-m/train/720p/9-2238570506.JPG	A fungus on mossy ground.
/home/whx/Dataset/fungitastic-m/test/720p/0-4169766494.JPG	A fungus in a forest setting with green moss and fallen leaves.
/home/whx/Dataset/fungitastic-m/train/720p/0-2874307322.JPG	Forest floor with pine needles and moss.
/home/whx/Dataset/fungitastic-m/train/720p/1-2238574646.JPG	A fungus grows amidst grass and moss.
/home/whx/Dataset/fungitastic-m/val/720p/0-3944344454.JPG	A fungus lies on forest floor with leaves and grass.
/home/whx/Dataset/fungitastic-m/val/720p/0-3948714549.JPG	A fungus grows on mossy ground.
/home/whx/Dataset/fungitastic-m/train/720p/1-3358354404.JPG	A fungus is surrounded by dried leaves.
/home/whx/Dataset/fungitastic-m/train/720p/1-3382558448.JPG	A fungus rests on moss-covered ground.
/home/whx/Dataset/fungitastic-m/train/720p/0-2862686402.JPG	A fungus rests on a bed of dried leaves and twigs.
/home/whx/Dataset/fungitastic-m/train/720p/1-2238563717.JPG	A fungus is surrounded by dry leaves and twigs.
/home/whx/Dataset/fungitastic-m/test/720p/0-4465876265.JPG	A fungus is surrounded by green moss, brown leaves, and twigs.
/home/whx/Dataset/fungitastic-m/train/720p/0-2238502825.JPG	A fungus is surrounded by green clover, brown leaves, and grass.
/home/whx/Dataset/fungitastic-m/test/720p/0-4465899804.JPG	A fungus rests on autumn leaves and twigs.
/home/whx/Dataset/fungitastic-m/train/720p/2-3380887377.JPG	A fungus rests on a bed of dried leaves and twigs.
/home/whx/Dataset/fungitastic-m/train/720p/0-2238146078.JPG	Grass and leaves.
/home/whx/Dataset/fungitastic-m/train/720p/0-2273187474.JPG	A fungus in grass.
/home/whx/Dataset/fungitastic-m/train/720p/0-2868476313.JPG	A fungus lies on soil and grass.
/home/whx/Dataset/fungitastic-m/test/720p/3-4169759294.JPG	A fungus in grass and leaves.
/home/whx/Dataset/fungitastic-m/train/720p/3-2860302407.JPG	The background is blurred green.
/home/whx/Dataset/fungitastic-m/val/720p/0-3944338497.JPG	A fungus is held against a backdrop of grass and fallen leaves.
/home/whx/Dataset/fungitastic-m/test/720p/1-4465880033.JPG	Forest floor with leaves and twigs.
/home/whx/Dataset/fungitastic-m/test/720p/0-4465875069.JPG	A fungus on a textured, reddish-brown surface.
/home/whx/Dataset/fungitastic-m/train/720p/1-3005494308.JPG	The background is dark and blurred.
/home/whx/Dataset/fungitastic-m/train/720p/2-2851433308.JPG	Green foliage.
/home/whx/Dataset/fungitastic-m/train/720p/0-4847350193.JPG	The background is dark and blurred.
/home/whx/Dataset/fungitastic-m/test/720p/3-4465895831.JPG	The background is blurred green foliage.
/home/whx/Dataset/fungitastic-m/train/720p/1-3027641323.JPG	A fungus is on a light, sparsely populated background.
/home/whx/Dataset/fungitastic-m/val/720p/0-3795114321.JPG	A fungus on a dark, mossy log.
/home/whx/Dataset/fungitastic-m/val/720p/3-3916268653.JPG	The background of the fungus appears to be a light, textured surface with scattered particles.
/home/whx/Dataset/fungitastic-m/train/720p/2-3005494308.JPG	Dark, blurred, forest floor.
/home/whx/Dataset/fungitastic-m/train/720p/0-2856917331.JPG	The background of the fungus is dark and earthy.
/home/whx/Dataset/fungitastic-m/train/720p/2-2332527664.JPG	A fungus rests on mossy ground.
/home/whx/Dataset/fungitastic-m/test/720p/0-4169770493.JPG	A fungus rests on a bed of brown leaves and green moss.
/home/whx/Dataset/fungitastic-m/train/720p/0-3329721315.JPG	A fungus is surrounded by dried leaves and forest debris.
/home/whx/Dataset/fungitastic-m/train/720p/0-2383042593.JPG	The background of the fungus is a mix of brown leaves and green grass.
/home/whx/Dataset/fungitastic-m/train/720p/1-2332527664.JPG	The background of the fungus is a dark, mossy surface.
/home/whx/Dataset/fungitastic-m/val/720p/0-3909145581.JPG	A fungus on a white cutting board.
/home/whx/Dataset/fungitastic-m/train/720p/1-2238559129.JPG	A fungus rests on a bed of dried leaves.
/home/whx/Dataset/fungitastic-m/test/720p/1-4100098372.JPG	A fungus in a forest setting with fallen leaves and twigs.
/home/whx/Dataset/fungitastic-m/train/720p/0-3014635355.JPG	A fungus on tree bark.
/home/whx/Dataset/fungitastic-m/train/720p/0-2237941372.JPG	The background is blurred with green moss.
/home/whx/Dataset/fungitastic-m/val/720p/2-3429068338.JPG	The background is blurred, dark, and out of focus.
/home/whx/Dataset/fungitastic-m/train/720p/2-2238361864.JPG	A fungus grows on tree bark.
/home/whx/Dataset/fungitastic-m/train/720p/0-2238577123.JPG	A fungus is surrounded by green moss and grass.
/home/whx/Dataset/fungitastic-m/train/720p/6-3008838331.JPG	The background is blurred, with a brownish hue.
/home/whx/Dataset/fungitastic-m/train/720p/0-2981239414.JPG	The background is a blurred mix of earthy tones and organic debris.
/home/whx/Dataset/fungitastic-m/train/720p/1-2238560985.JPG	A fungus rests on a bed of dried leaves and green foliage.
/home/whx/Dataset/fungitastic-m/train/720p/0-3345608346.JPG	A fungus rests on a bed of fallen leaves and green foliage.
/home/whx/Dataset/fungitastic-m/val/720p/1-3925717394.JPG	A fungus is surrounded by fallen leaves and grass.
/home/whx/Dataset/fungitastic-m/train/720p/0-2238561340.JPG	The background of the fungus is a mix of soil, leaves, and twigs.
/home/whx/Dataset/fungitastic-m/train/720p/0-2238505899.JPG	A fungus on grass.
/home/whx/Dataset/fungitastic-m/train/720p/2-2862699471.JPG	A fungus on a white surface.
/home/whx/Dataset/fungitastic-m/train/720p/1-2238573314.JPG	The background of the fungus is a mix of dark soil and scattered leaves.
/home/whx/Dataset/fungitastic-m/test/720p/1-4465863800.JPG	The background of the fungus consists of dried leaves and grass.
/home/whx/Dataset/fungitastic-m/train/720p/1-2238067218.JPG	The background of the fungus is a mix of green moss and brown leaves.
/home/whx/Dataset/fungitastic-m/train/720p/0-3355980445.JPG	A fungus rests on a bed of dried leaves and twigs.
/home/whx/Dataset/fungitastic-m/train/720p/2-2238508958.JPG	A fungus rests in a woven basket.
/home/whx/Dataset/fungitastic-m/train/720p/0-3340165396.JPG	A fungus is nestled among moss and fallen leaves.
/home/whx/Dataset/fungitastic-m/train/720p/0-2901951400.JPG	The background of the fungus is a forest floor with leaves and twigs.
/home/whx/Dataset/fungitastic-m/test/720p/0-4465894825.JPG	The background of the fungus is dark and leafy.
/home/whx/Dataset/fungitastic-m/val/720p/1-3962111491.JPG	Fall leaves.
/home/whx/Dataset/fungitastic-m/train/720p/0-3345600342.JPG	A fungus is surrounded by green moss.
/home/whx/Dataset/fungitastic-m/train/720p/0-4169762315.JPG	A fungus is surrounded by dry, brown grass and leaves.
/home/whx/Dataset/fungitastic-m/train/720p/3-3412519301.JPG	A fungus is surrounded by green moss and brown twigs.
/home/whx/Dataset/fungitastic-m/train/720p/1-3406488332.JPG	The background consists of fallen leaves and soil.
/home/whx/Dataset/fungitastic-m/train/720p/0-2237942804.JPG	Green grass and brown leaves.
/home/whx/Dataset/fungitastic-m/train/720p/0-3395911390.JPG	A fungus grows on mossy forest floor.
/home/whx/Dataset/fungitastic-m/train/720p/1-3399810378.JPG	A fungus grows amidst green moss and fallen leaves.
/home/whx/Dataset/fungitastic-m/test/720p/0-4465893248.JPG	Grass and leaves.
/home/whx/Dataset/fungitastic-m/val/720p/0-4100088766.JPG	The background of the fungus is a light, blurry, and uniform gray.
/home/whx/Dataset/fungitastic-m/train/720p/0-2238516619.JPG	The background of the fungus is blurred.
/home/whx/Dataset/fungitastic-m/train/720p/0-2238434793.JPG	The background of the fungus is a mix of green and brown, likely moss and soil.
/home/whx/Dataset/fungitastic-m/train/720p/0-2898625312.JPG	A fungus on a wooden surface.
/home/whx/Dataset/fungitastic-m/train/720p/0-2238571618.JPG	The background of the fungus is a forest floor with leaves and greenery.
/home/whx/Dataset/fungitastic-m/train/720p/1-4847350387.JPG	A fungus is surrounded by green moss and pine needles.
/home/whx/Dataset/fungitastic-m/val/720p/1-3948715634.JPG	A fungus rests on fallen leaves.
/home/whx/Dataset/fungitastic-m/train/720p/6-2238560885.JPG	The background is plain white.
/home/whx/Dataset/fungitastic-m/train/720p/0-2238568312.JPG	The background of the fungus is grass and soil.
/home/whx/Dataset/fungitastic-m/train/720p/0-2238124637.JPG	Green moss and twigs.
/home/whx/Dataset/fungitastic-m/train/720p/0-4847338565.JPG	Grassy background.
/home/whx/Dataset/fungitastic-m/train/720p/0-2964223326.JPG	Green grass.
/home/whx/Dataset/fungitastic-m/val/720p/1-3962114382.JPG	A fungus grows amidst green grass and moss.
/home/whx/Dataset/fungitastic-m/train/720p/0-3358354427.JPG	Green grass.
/home/whx/Dataset/fungitastic-m/train/720p/0-2427871694.JPG	A fungus is surrounded by green leaves and dry grass.
/home/whx/Dataset/fungitastic-m/val/720p/0-3944337474.JPG	A fungus in grass.
/home/whx/Dataset/fungitastic-m/train/720p/1-4847336581.JPG	Grass.
/home/whx/Dataset/fungitastic-m/train/720p/0-2430665036.JPG	A fungus rests on autumn leaves.
/home/whx/Dataset/fungitastic-m/train/720p/0-2874304360.JPG	A fungus rests on mossy grass.
/home/whx/Dataset/fungitastic-m/train/720p/1-2901944480.JPG	Fallen leaves.
/home/whx/Dataset/fungitastic-m/train/720p/0-2446760516.JPG	A fungus rests on a bed of brown leaves and green foliage.
/home/whx/Dataset/fungitastic-m/val/720p/0-3922621944.JPG	The background consists of forest floor debris, including leaves and twigs.
/home/whx/Dataset/fungitastic-m/train/720p/0-2430664510.JPG	A fungus rests on a bed of fallen leaves and decaying wood.
/home/whx/Dataset/fungitastic-m/train/720p/0-2458348383.JPG	A fungus rests on autumn leaves.
/home/whx/Dataset/fungitastic-m/train/720p/0-2238525282.JPG	A fungus is surrounded by fallen leaves and green foliage.
/home/whx/Dataset/fungitastic-m/train/720p/0-2868484530.JPG	Fall leaves.
/home/whx/Dataset/fungitastic-m/train/720p/1-2868471353.JPG	A fungus in grass with fallen leaves.
/home/whx/Dataset/fungitastic-m/train/720p/0-2862685399.JPG	The background of the fungus is a mix of grass, leaves, and soil.
/home/whx/Dataset/fungitastic-m/val/720p/0-3899710456.JPG	A fungus grows amidst moss and decaying wood.
/home/whx/Dataset/fungitastic-m/train/720p/1-3336947381.JPG	A fungus is surrounded by green foliage and brown leaves.
/home/whx/Dataset/fungitastic-m/train/720p/0-2238460148.JPG	A fungus lies in grass and leaves.
/home/whx/Dataset/fungitastic-m/train/720p/0-2238469630.JPG	The background of the fungus is a forest floor with grass, leaves, and soil.
/home/whx/Dataset/fungitastic-m/train/720p/0-3380887444.JPG	A fungus rests on forest floor, surrounded by grass and fallen leaves.
/home/whx/Dataset/fungitastic-m/val/720p/1-4100092600.JPG	A fungus rests on moss-covered ground with fallen leaves.
/home/whx/Dataset/fungitastic-m/train/720p/5-2238499543.JPG	A fungus on a white background.
/home/whx/Dataset/fungitastic-m/train/720p/3-2238502373.JPG	A fungus rests on a bed of brown leaves.
/home/whx/Dataset/fungitastic-m/val/720p/1-3968583343.JPG	The background is a blurred mix of brown and green, likely leaves and soil.
/home/whx/Dataset/fungitastic-m/val/720p/2-4100092514.JPG	A fungus rests on a bed of brown leaves and twigs.
/home/whx/Dataset/fungitastic-m/train/720p/4-2238515287.JPG	Dark, leaf-covered ground.
/home/whx/Dataset/fungitastic-m/train/720p/0-2238050265.JPG	The background of the fungus is a forest floor covered with leaves and twigs.
/home/whx/Dataset/fungitastic-m/test/720p/1-4169770358.JPG	A fungus rests on forest floor, surrounded by pine needles and twigs.
/home/whx/Dataset/fungitastic-m/train/720p/0-2430664534.JPG	A fungus is surrounded by green moss and grass.
/home/whx/Dataset/fungitastic-m/train/720p/0-2238393328.JPG	The background of the fungus consists of forest debris, including twigs, branches, and pine needles.
/home/whx/Dataset/fungitastic-m/train/720p/0-2238087757.JPG	A fungus is on a bed of moss against a white background.
/home/whx/Dataset/fungitastic-m/train/720p/1-2901944517.JPG	The background is plain white.
/home/whx/Dataset/fungitastic-m/train/720p/7-3422346321.JPG	The background is blurred, earthy brown.
/home/whx/Dataset/fungitastic-m/train/720p/2-4847338410.JPG	A fungus rests on brown leaves.
/home/whx/Dataset/fungitastic-m/train/720p/5-4847338410.JPG	Dark, textured surface.
/home/whx/Dataset/fungitastic-m/train/720p/0-2458347277.JPG	A fungus is surrounded by wet, brown leaves.
/home/whx/Dataset/fungitastic-m/train/720p/3-3392613321.JPG	A fungus rests on a bed of brown leaves.
/home/whx/Dataset/fungitastic-m/train/720p/2-2238524963.JPG	A fungus on a blue and white surface.
/home/whx/Dataset/fungitastic-m/train/720p/1-2238260846.JPG	A fungus is surrounded by dried leaves.
/home/whx/Dataset/fungitastic-m/train/720p/1-3340174340.JPG	A fungus is surrounded by fallen leaves and grass.
/home/whx/Dataset/fungitastic-m/train/720p/0-2238472077.JPG	The background of the fungus is a mix of green grass and brown leaves.
/home/whx/Dataset/fungitastic-m/train/720p/0-2883258435.JPG	A fungus lies on forest floor with grass and leaves.
/home/whx/Dataset/fungitastic-m/train/720p/0-3343252383.JPG	The background of the fungus is a forest floor with dry leaves and twigs.
/home/whx/Dataset/fungitastic-m/train/720p/0-2238158514.JPG	The background of the fungus is a mix of grass, leaves, and soil.
/home/whx/Dataset/fungitastic-m/test/720p/1-4465862438.JPG	A fungus rests on forest floor with scattered leaves.
/home/whx/Dataset/fungitastic-m/train/720p/1-2856929352.JPG	A fungus rests on a bed of brown leaves.
/home/whx/Dataset/fungitastic-m/train/720p/0-2238496942.JPG	A fungus rests on a bed of dried leaves and clover.
/home/whx/Dataset/fungitastic-m/val/720p/1-3916265371.JPG	A fungus rests on mossy ground with fallen leaves.
/home/whx/Dataset/fungitastic-m/train/720p/0-2238050440.JPG	A fungus lies on mossy ground with scattered leaves and grass.
/home/whx/Dataset/fungitastic-m/train/720p/3-3345616372.JPG	A fungus is held against a white background.
/home/whx/Dataset/fungitastic-m/train/720p/0-2238473729.JPG	The background of the fungus is a mix of soil and decaying wood.
/home/whx/Dataset/fungitastic-m/train/720p/0-2238161338.JPG	A fungus on a wooden surface.
/home/whx/Dataset/fungitastic-m/test/720p/0-4465885480.JPG	A fungus on a wooden surface.
/home/whx/Dataset/fungitastic-m/train/720p/1-3334594344.JPG	A fungus rests on a bed of brown leaves.
/home/whx/Dataset/fungitastic-m/val/720p/0-3970590411.JPG	A fungus is surrounded by autumn leaves and forest floor.
/home/whx/Dataset/fungitastic-m/train/720p/2-3355970319.JPG	A fungus grows amidst green grass and moss.
/home/whx/Dataset/fungitastic-m/train/720p/3-2238563669.JPG	The background of the fungus is a mix of soil, twigs, and dried leaves.
/home/whx/Dataset/fungitastic-m/train/720p/0-2238552454.JPG	The background of the fungus is a white surface with some scattered debris.
/home/whx/Dataset/fungitastic-m/val/720p/2-3970590411.JPG	A fungus rests on autumn leaves.
/home/whx/Dataset/fungitastic-m/train/720p/1-3327304350.JPG	A fungus on mossy forest floor.
/home/whx/Dataset/fungitastic-m/train/720p/0-2238560754.JPG	The background is white.
/home/whx/Dataset/fungitastic-m/train/720p/0-2332527783.JPG	A fungus on a dark surface with a white backdrop.
/home/whx/Dataset/fungitastic-m/train/720p/0-2238563250.JPG	The background of the fungus is a mix of green leaves and brown dried leaves.
/home/whx/Dataset/fungitastic-m/train/720p/0-2237920808.JPG	A fungus on newspaper.
/home/whx/Dataset/fungitastic-m/train/720p/0-2238507350.JPG	A fungus is surrounded by moss, leaves, and twigs.
/home/whx/Dataset/fungitastic-m/train/720p/0-3324318347.JPG	A fungus is surrounded by green grass and moss.
/home/whx/Dataset/fungitastic-m/train/720p/1-2238507350.JPG	A fungus is surrounded by moss, leaves, and twigs.
/home/whx/Dataset/fungitastic-m/train/720p/0-3327300315.JPG	A fungus on forest floor with moss and leaves.
/home/whx/Dataset/fungitastic-m/train/720p/1-2868478403.JPG	A fungus is surrounded by dry leaves and twigs.
/home/whx/Dataset/fungitastic-m/train/720p/0-2238521944.JPG	A fungus in grass and leaves.
/home/whx/Dataset/fungitastic-m/train/720p/0-2883258379.JPG	A fungus is on a bed of grass and leaves.
/home/whx/Dataset/fungitastic-m/test/720p/0-4465884205.JPG	A fungus in grass.
/home/whx/Dataset/fungitastic-m/train/720p/2-2868485354.JPG	A fungus rests on mossy ground.
/home/whx/Dataset/fungitastic-m/train/720p/3-2413148093.JPG	The background of the fungus is a dense forest with tall trees and a winding path.
/home/whx/Dataset/fungitastic-m/test/720p/0-4465904688.JPG	A fungus rests on mossy ground.
/home/whx/Dataset/fungitastic-m/train/720p/0-2868484418.JPG	A fungus in a forest floor setting with grass, leaves, and twigs.
/home/whx/Dataset/fungitastic-m/train/720p/0-2864916301.JPG	A fungus is surrounded by green moss.
/home/whx/Dataset/fungitastic-m/test/720p/0-4465891364.JPG	A fungus grows amidst moss and grass.
/home/whx/Dataset/fungitastic-m/train/720p/0-2238374771.JPG	The background of the fungus is a mix of dark, dried leaves and twigs.
/home/whx/Dataset/fungitastic-m/train/720p/2-2989716336.JPG	A fungus is surrounded by green moss and dry grass.
/home/whx/Dataset/fungitastic-m/train/720p/0-2981232363.JPG	The background of the fungus is a light, uniform gray.
/home/whx/Dataset/fungitastic-m/train/720p/0-2238525447.JPG	A fungus on a rough, textured surface.
/home/whx/Dataset/fungitastic-m/train/720p/1-3386481308.JPG	A fungus grows amidst grass and fallen leaves.
/home/whx/Dataset/fungitastic-m/train/720p/0-2417206868.JPG	A fungus grows amidst green moss and grass.
/home/whx/Dataset/fungitastic-m/val/720p/0-3964841365.JPG	A fungus grows on a mossy log in a forest.
/home/whx/Dataset/fungitastic-m/train/720p/2-2238562470.JPG	Decaying wood.
/home/whx/Dataset/fungitastic-m/train/720p/0-2238479452.JPG	A fungus grows on a mossy, decaying log.
/home/whx/Dataset/fungitastic-m/test/720p/0-4465893194.JPG	A fungus grows amidst moss and fallen leaves.
/home/whx/Dataset/fungitastic-m/test/720p/0-4465885975.JPG	A fungus is surrounded by moss, leaves, and a fallen log.
/home/whx/Dataset/fungitastic-m/train/720p/1-2238569153.JPG	A fungus grows on a decaying log.
/home/whx/Dataset/fungitastic-m/val/720p/1-3944339528.JPG	A fungus is surrounded by fallen leaves and wood.
/home/whx/Dataset/fungitastic-m/train/720p/0-2237940773.JPG	The background is dark, earthy, and textured.
/home/whx/Dataset/fungitastic-m/train/720p/0-3345603434.JPG	A fungus rests on a bed of dried leaves.
/home/whx/Dataset/fungitastic-m/train/720p/1-3334593378.JPG	The background of the fungus consists of brown, dried leaves.
/home/whx/Dataset/fungitastic-m/train/720p/1-2238560265.JPG	A fungus is surrounded by a forest floor with leaves and a tree trunk.
/home/whx/Dataset/fungitastic-m/val/720p/4-3925713511.JPG	A fungus rests on a leaf.
/home/whx/Dataset/fungitastic-m/train/720p/0-2238149405.JPG	A fungus in a forest setting with leaves and wood.
/home/whx/Dataset/fungitastic-m/train/720p/0-2238557433.JPG	A fungus rests on a bed of dried leaves and wood.
/home/whx/Dataset/fungitastic-m/train/720p/0-2237967527.JPG	A fungus grows amidst fallen leaves and twigs.
/home/whx/Dataset/fungitastic-m/val/720p/0-3891491334.JPG	A fungus is surrounded by fallen leaves and twigs.
/home/whx/Dataset/fungitastic-m/train/720p/1-2413149480.JPG	A fungus is surrounded by grass, leaves, and pine needles.
/home/whx/Dataset/fungitastic-m/test/720p/3-4465861788.JPG	Grass and soil.
/home/whx/Dataset/fungitastic-m/train/720p/0-2237917874.JPG	Grass, leaves, soil.
/home/whx/Dataset/fungitastic-m/train/720p/4-2818079346.JPG	A fungus rests on moss and dried leaves.
/home/whx/Dataset/fungitastic-m/train/720p/2-3334609330.JPG	The background of the fungus is a mix of green moss, brown leaves, and soil.
/home/whx/Dataset/fungitastic-m/train/720p/2-2818072314.JPG	A fungus on a brick surface.
/home/whx/Dataset/fungitastic-m/train/720p/0-2812995305.JPG	The background of the fungus is a light blue surface with scattered debris.
/home/whx/Dataset/fungitastic-m/train/720p/0-2238144541.JPG	The background of the fungus is a mix of soil, dried leaves, and sparse green grass.
/home/whx/Dataset/fungitastic-m/val/720p/2-3922621407.JPG	The background is dark.
/home/whx/Dataset/fungitastic-m/val/720p/3-3944342314.JPG	The background of the fungus is a light, translucent, and slightly granular surface.
/home/whx/Dataset/fungitastic-m/train/720p/0-2238147616.JPG	Green, leafy background.
/home/whx/Dataset/fungitastic-m/train/720p/5-3014640309.JPG	The background of the fungus is dark.
/home/whx/Dataset/fungitastic-m/train/720p/0-2238510634.JPG	The background consists of dried leaves and soil.
/home/whx/Dataset/fungitastic-m/train/720p/0-2238386256.JPG	The background of the fungus is a mix of green moss, brown twigs, and scattered leaves.
/home/whx/Dataset/fungitastic-m/train/720p/0-2332527751.JPG	A fungus is surrounded by green leaves and grass.
/home/whx/Dataset/fungitastic-m/val/720p/0-3922621407.JPG	A fungus is set against a backdrop of dark, blurred foliage.
/home/whx/Dataset/fungitastic-m/train/720p/0-2425494214.JPG	A fungus is surrounded by green moss.
/home/whx/Dataset/fungitastic-m/train/720p/0-2901935431.JPG	A fungus on mossy rock.
/home/whx/Dataset/fungitastic-m/val/720p/1-3909140309.JPG	Mossy, green, blurred.
/home/whx/Dataset/fungitastic-m/train/720p/0-3382563518.JPG	A fungus is surrounded by green moss.
/home/whx/Dataset/fungitastic-m/train/720p/0-2238532602.JPG	A fungus is nestled among vibrant green moss.
/home/whx/Dataset/fungitastic-m/val/720p/1-3948712334.JPG	The background of the fungus is a dark, textured surface with patches of green moss.
/home/whx/Dataset/fungitastic-m/test/720p/3-4465905431.JPG	The background of the fungus is a light, textured surface.
/home/whx/Dataset/fungitastic-m/val/720p/0-3916263348.JPG	A fungus on moss.
/home/whx/Dataset/fungitastic-m/test/720p/1-4465906552.JPG	A fungus is surrounded by autumn leaves.
/home/whx/Dataset/fungitastic-m/train/720p/3-2986419331.JPG	A fungus on forest floor with dried leaves.
/home/whx/Dataset/fungitastic-m/val/720p/3-3968586346.JPG	A fungus is surrounded by brown, dried leaves and twigs.
/home/whx/Dataset/fungitastic-m/train/720p/0-3382573476.JPG	A fungus grows on decaying wood and leaves.
/home/whx/Dataset/fungitastic-m/train/720p/5-2901949364.JPG	A fungus on a scale with a ruler.
/home/whx/Dataset/fungitastic-m/train/720p/2-3386472461.JPG	A fungus grows in grass.
/home/whx/Dataset/fungitastic-m/train/720p/2-3005494336.JPG	A fungus rests on autumn leaves.
/home/whx/Dataset/fungitastic-m/train/720p/1-2238119358.JPG	The background of the fungus is a light, speckled surface.
/home/whx/Dataset/fungitastic-m/train/720p/3-2382320280.JPG	Grassy background.
/home/whx/Dataset/fungitastic-m/train/720p/0-2332529050.JPG	Grass and leaves.
/home/whx/Dataset/fungitastic-m/train/720p/0-2237959390.JPG	The background of the fungus is grassy.
/home/whx/Dataset/fungitastic-m/test/720p/0-4169772634.JPG	A fungus is held in a hand with a blurred green background.
/home/whx/Dataset/fungitastic-m/val/720p/0-3922628579.JPG	A fungus lies on forest floor with fallen leaves and pine needles.
/home/whx/Dataset/fungitastic-m/train/720p/0-2237960807.JPG	A fungus on a white surface.
/home/whx/Dataset/fungitastic-m/train/720p/0-2816367324.JPG	The background of the fungus is grassy.
/home/whx/Dataset/fungitastic-m/val/720p/0-3916262610.JPG	A fungus on grass.
/home/whx/Dataset/fungitastic-m/val/720p/0-3909140339.JPG	A fungus in a grassy, forested area.
/home/whx/Dataset/fungitastic-m/train/720p/0-3343245433.JPG	The background of the fungus is a mix of brown leaves and soil.
/home/whx/Dataset/fungitastic-m/train/720p/0-3336957378.JPG	The background of the fungus is a forest floor with moss, leaves, and twigs.
/home/whx/Dataset/fungitastic-m/test/720p/3-4465860485.JPG	The background of the fungus consists of brown, decayed leaves and soil.
/home/whx/Dataset/fungitastic-m/train/720p/1-2238556588.JPG	A fungus is surrounded by fallen leaves and moss.
/home/whx/Dataset/fungitastic-m/train/720p/0-3332291359.JPG	The background of the fungus is a forest floor with green moss and brown leaves.
/home/whx/Dataset/fungitastic-m/train/720p/0-3336945429.JPG	A fungus in a grassy, mossy environment.
/home/whx/Dataset/fungitastic-m/train/720p/0-3336955424.JPG	A fungus is surrounded by fallen leaves.
/home/whx/Dataset/fungitastic-m/train/720p/0-3327308318.JPG	The background of the fungus is a forest floor with soil, leaves, and pine needles.
/home/whx/Dataset/fungitastic-m/test/720p/1-4465863888.JPG	A fungus grows amidst fallen leaves and twigs in a forest setting.
/home/whx/Dataset/fungitastic-m/train/720p/0-2818068305.JPG	A fungus rests on a bed of brown leaves.
/home/whx/Dataset/fungitastic-m/train/720p/1-3343248344.JPG	A fungus in a hand, blurred greenery in background.
/home/whx/Dataset/fungitastic-m/val/720p/0-3898078434.JPG	A fungus on a concrete surface with green leaves.
/home/whx/Dataset/fungitastic-m/train/720p/0-2816363319.JPG	A fungus rests on mossy ground.
/home/whx/Dataset/fungitastic-m/train/720p/0-2237942646.JPG	The background of the fungus is dark, soil-like with scattered debris.
/home/whx/Dataset/fungitastic-m/train/720p/0-2238550115.JPG	A fungus is surrounded by fallen leaves and greenery.
/home/whx/Dataset/fungitastic-m/test/720p/0-4465868497.JPG	A fungus lies in grass with pine cones.
/home/whx/Dataset/fungitastic-m/val/720p/1-3916267671.JPG	A fungus in grass.
/home/whx/Dataset/fungitastic-m/val/720p/0-3916267484.JPG	A fungus on moss.
/home/whx/Dataset/fungitastic-m/train/720p/4-2238565965.JPG	A fungus is surrounded by moss and pine needles.
/home/whx/Dataset/fungitastic-m/train/720p/1-2238505926.JPG	A fungus rests on mossy ground.
/home/whx/Dataset/fungitastic-m/train/720p/0-2417207343.JPG	A fungus on mossy forest floor.
/home/whx/Dataset/fungitastic-m/test/720p/1-4169769589.JPG	The background of the fungus is green and mossy.
/home/whx/Dataset/fungitastic-m/train/720p/0-2238327877.JPG	The background of the fungus is a forest floor with dry leaves and twigs.
/home/whx/Dataset/fungitastic-m/train/720p/1-2413147757.JPG	The background consists of dried leaves and twigs.
/home/whx/Dataset/fungitastic-m/train/720p/0-2383042560.JPG	A fungus is surrounded by pine needles and green moss.
/home/whx/Dataset/fungitastic-m/train/720p/0-2430665155.JPG	A fungus is on mossy ground.
/home/whx/Dataset/fungitastic-m/train/720p/1-2864912434.JPG	The background consists of green vegetation and dry grass.
/home/whx/Dataset/fungitastic-m/train/720p/0-2237959517.JPG	A fungus on mossy ground.
/home/whx/Dataset/fungitastic-m/train/720p/0-2424124611.JPG	A fungus is surrounded by grass, leaves, and pine needles.
/home/whx/Dataset/fungitastic-m/test/720p/2-4465903516.JPG	A fungus with a green spot on its stem.
/home/whx/Dataset/fungitastic-m/train/720p/0-2424122366.JPG	The background is blurred, showing earthy tones.
/home/whx/Dataset/fungitastic-m/train/720p/1-2860301397.JPG	The background of the fungus is a clear, water-like medium with small particles.
/home/whx/Dataset/fungitastic-m/test/720p/0-4465888648.JPG	A fungus grows amidst green moss and fallen leaves.
/home/whx/Dataset/fungitastic-m/train/720p/0-2238514297.JPG	The background of the fungus is a dried leaf with a brownish hue and visible veins.
/home/whx/Dataset/fungitastic-m/train/720p/0-2430666812.JPG	A fungus on mossy soil.
/home/whx/Dataset/fungitastic-m/val/720p/1-3922623621.JPG	A fungus is surrounded by fallen leaves and soil.
/home/whx/Dataset/fungitastic-m/train/720p/1-2238152244.JPG	A fungus is in a clear container with a ruler.
/home/whx/Dataset/fungitastic-m/train/720p/0-2238173089.JPG	The background is black.
/home/whx/Dataset/fungitastic-m/val/720p/1-3913252431.JPG	A fungus is surrounded by green moss and dark soil.
/home/whx/Dataset/fungitastic-m/test/720p/0-4169760973.JPG	Grass and soil.
/home/whx/Dataset/fungitastic-m/train/720p/0-3343251315.JPG	The background of the fungus is a plain, neutral-colored surface.
/home/whx/Dataset/fungitastic-m/train/720p/1-2425492122.JPG	A fungus is held against a blurred green background.
/home/whx/Dataset/fungitastic-m/val/720p/1-3916267695.JPG	A fungus grows on a concrete structure amidst autumn leaves and foliage.
/home/whx/Dataset/fungitastic-m/train/720p/0-2238562229.JPG	A fungus is surrounded by soil, grass, and small plants.
/home/whx/Dataset/fungitastic-m/train/720p/0-2238556984.JPG	Grass and soil.
/home/whx/Dataset/fungitastic-m/train/720p/5-2332528208.JPG	Grassy background.
/home/whx/Dataset/fungitastic-m/train/720p/0-2238494129.JPG	A fungus is surrounded by green foliage and soil.
/home/whx/Dataset/fungitastic-m/train/720p/0-3340161417.JPG	A fungus rests on mossy ground.
/home/whx/Dataset/fungitastic-m/val/720p/1-3899712424.JPG	A fungus is surrounded by green moss and small plants.
/home/whx/Dataset/fungitastic-m/val/720p/0-3880793317.JPG	The background is dark and out of focus.
/home/whx/Dataset/fungitastic-m/train/720p/1-2238529929.JPG	A fungus is surrounded by grass and moss.
/home/whx/Dataset/fungitastic-m/train/720p/1-2816367346.JPG	A fungus rests on mossy forest floor.
/home/whx/Dataset/fungitastic-m/val/720p/1-3887948317.JPG	The background is a blurred mix of green and brown, suggesting a forest floor.
/home/whx/Dataset/fungitastic-m/train/720p/1-4847350298.JPG	A fungus rests on a bed of pine needles and grass.
/home/whx/Dataset/fungitastic-m/train/720p/0-3313861336.JPG	A fungus rests on mossy ground.
/home/whx/Dataset/fungitastic-m/test/720p/1-4465871826.JPG	The background of the fungus consists of dried leaves and twigs.
/home/whx/Dataset/fungitastic-m/val/720p/1-3916264514.JPG	A fungus rests on a bed of dried leaves and twigs.
/home/whx/Dataset/fungitastic-m/test/720p/0-4465883864.JPG	The background of the fungus is a light, uniform color.
/home/whx/Dataset/fungitastic-m/train/720p/0-2862691408.JPG	A fungus is surrounded by dry leaves.
/home/whx/Dataset/fungitastic-m/train/720p/1-2424124268.JPG	A fungus on tree bark.
/home/whx/Dataset/fungitastic-m/train/720p/1-2864904366.JPG	A fungus is surrounded by dried leaves and debris.
/home/whx/Dataset/fungitastic-m/val/720p/0-3891493330.JPG	A fungus is surrounded by brown leaves.
/home/whx/Dataset/fungitastic-m/train/720p/1-2818063324.JPG	The background of the fungus consists of grass, soil, and fallen leaves.
/home/whx/Dataset/fungitastic-m/val/720p/1-3970592431.JPG	A fungus on a textured blue and beige background.
/home/whx/Dataset/fungitastic-m/val/720p/1-3948709765.JPG	The background of the fungus is dark.
/home/whx/Dataset/fungitastic-m/test/720p/0-4465884687.JPG	The background of the fungus is blurred, with a hint of natural outdoor elements.
/home/whx/Dataset/fungitastic-m/test/720p/1-4465907673.JPG	A fungus on a brown leaf.
/home/whx/Dataset/fungitastic-m/val/720p/3-4465861327.JPG	A fungus on autumn leaves.
/home/whx/Dataset/fungitastic-m/val/720p/1-3970592471.JPG	The background is blurred, showing earthy tones.
/home/whx/Dataset/fungitastic-m/test/720p/1-4465896807.JPG	The background is blurred, with muted earth tones.
/home/whx/Dataset/fungitastic-m/val/720p/0-3803329316.JPG	A fungus on forest floor with brown leaves.
/home/whx/Dataset/fungitastic-m/test/720p/0-4847350539.JPG	A fungus grows on mossy forest floor.
/home/whx/Dataset/fungitastic-m/train/720p/0-2238464695.JPG	A fungus grows on moss and snow.
/home/whx/Dataset/fungitastic-m/train/720p/0-3059586332.JPG	A fungus grows on a tree trunk.
/home/whx/Dataset/fungitastic-m/train/720p/1-3024150352.JPG	The background is a blurred mix of earthy tones and green moss.
/home/whx/Dataset/fungitastic-m/train/720p/0-3052843432.JPG	A fungus grows on a decaying log amidst fallen leaves.
/home/whx/Dataset/fungitastic-m/train/720p/1-3018975354.JPG	A fungus grows on a decaying log.
/home/whx/Dataset/fungitastic-m/val/720p/0-3460222326.JPG	The background of the fungus is a decaying log.
/home/whx/Dataset/fungitastic-m/train/720p/1-2238486733.JPG	Decaying wood.
/home/whx/Dataset/fungitastic-m/test/720p/1-4465873428.JPG	A fungus grows on mossy bark.
/home/whx/Dataset/fungitastic-m/test/720p/0-4465908610.JPG	Fallen leaves.
/home/whx/Dataset/fungitastic-m/train/720p/1-2238478438.JPG	A fungus is surrounded by dried leaves and twigs.
/home/whx/Dataset/fungitastic-m/train/720p/1-3395919430.JPG	The background consists of dried leaves and twigs.
/home/whx/Dataset/fungitastic-m/train/720p/3-3386471341.JPG	The background consists of a forest floor with fallen leaves and decaying wood.
/home/whx/Dataset/fungitastic-m/train/720p/0-3395924365.JPG	A fungus is surrounded by brown autumn leaves.
/home/whx/Dataset/fungitastic-m/test/720p/0-4465862154.JPG	A fungus stands amidst fallen leaves, with blurred greenery and sunlight filtering through trees in the background.
/home/whx/Dataset/fungitastic-m/train/720p/1-2417206812.JPG	A fungus lies on forest floor with pine needles and twigs.
/home/whx/Dataset/fungitastic-m/train/720p/4-2238573594.JPG	A fungus is surrounded by dry grass and twigs.
/home/whx/Dataset/fungitastic-m/train/720p/1-2238570868.JPG	A fungus in a grassy, forested area.
/home/whx/Dataset/fungitastic-m/train/720p/0-2427872437.JPG	The background of the fungus is a forest floor with leaves and twigs.
/home/whx/Dataset/fungitastic-m/train/720p/0-2238180869.JPG	A fungus in grass and leaves.
/home/whx/Dataset/fungitastic-m/train/720p/1-2238504459.JPG	A fungus in grass.
/home/whx/Dataset/fungitastic-m/train/720p/1-2898624411.JPG	A fungus is surrounded by grass, moss, and pine needles.
/home/whx/Dataset/fungitastic-m/test/720p/1-4100093219.JPG	The background of the fungus is a mix of green moss, brown pine needles, and scattered leaves.
/home/whx/Dataset/fungitastic-m/train/720p/0-2862691421.JPG	A fungus on a textured surface.
/home/whx/Dataset/fungitastic-m/train/720p/1-2238493368.JPG	The background of the fungus is a mix of green grass, brown leaves, and soil.
/home/whx/Dataset/fungitastic-m/test/720p/3-4169769445.JPG	A fungus is surrounded by grass and fallen leaves.
/home/whx/Dataset/fungitastic-m/val/720p/1-3909143344.JPG	The background of the fungus is a forest floor with leaves, twigs, and soil.
/home/whx/Dataset/fungitastic-m/train/720p/1-2860313354.JPG	A fungus rests on grass and leaves.
/home/whx/Dataset/fungitastic-m/train/720p/2-2238591439.JPG	The background is green and blurred.
/home/whx/Dataset/fungitastic-m/train/720p/0-2238215571.JPG	A fungus on a white surface.
/home/whx/Dataset/fungitastic-m/train/720p/0-3327302314.JPG	A fungus in grass.
/home/whx/Dataset/fungitastic-m/test/720p/0-4847335759.JPG	The background of the fungus is blurred, showing a natural outdoor setting with trees and earthy tones.
/home/whx/Dataset/fungitastic-m/train/720p/2-3419930325.JPG	A fungus lies on a bed of fallen leaves and green foliage.
/home/whx/Dataset/fungitastic-m/train/720p/0-2425493724.JPG	The background of the fungus consists of dried leaves and twigs.
/home/whx/Dataset/fungitastic-m/test/720p/0-4465861383.JPG	The background of the fungus is a forest floor with leaves, twigs, and a pine cone.
/home/whx/Dataset/fungitastic-m/train/720p/0-3406483315.JPG	A fungus rests on wet, brown leaves and a dark rock.
/home/whx/Dataset/fungitastic-m/train/720p/0-2425493270.JPG	The background of the fungus consists of forest floor debris, including leaves, twigs, and pine needles.
/home/whx/Dataset/fungitastic-m/test/720p/1-4465874894.JPG	A fungus is surrounded by fallen leaves and grass.
/home/whx/Dataset/fungitastic-m/train/720p/0-2821589339.JPG	The background of the fungus consists of dried leaves and twigs.
/home/whx/Dataset/fungitastic-m/test/720p/0-4465908516.JPG	The background consists of dark, decaying leaves and twigs.
/home/whx/Dataset/fungitastic-m/train/720p/0-3324323358.JPG	The background of the fungus consists of forest floor debris, including leaves and twigs.
/home/whx/Dataset/fungitastic-m/train/720p/0-2238495140.JPG	A fungus on a speckled surface.
/home/whx/Dataset/fungitastic-m/train/720p/0-2238502966.JPG	A fungus is surrounded by grass, pine needles, and moss.
/home/whx/Dataset/fungitastic-m/train/720p/0-2238199652.JPG	A fungus is surrounded by fallen leaves and green foliage.
/home/whx/Dataset/fungitastic-m/train/720p/0-2430666629.JPG	The background of the fungus consists of brown leaves and soil.
/home/whx/Dataset/fungitastic-m/train/720p/2-2821605314.JPG	The background of the fungus is a mix of dry leaves, twigs, and grass.
/home/whx/Dataset/fungitastic-m/train/720p/3-2238495140.JPG	A fungus on a white speckled surface.
/home/whx/Dataset/fungitastic-m/train/720p/0-2238477262.JPG	A fungus on decaying wood.
/home/whx/Dataset/fungitastic-m/test/720p/0-4465868907.JPG	A fungus rests on grass and fallen leaves.
/home/whx/Dataset/fungitastic-m/test/720p/1-4465872886.JPG	A fungus is surrounded by green moss and fallen leaves.
/home/whx/Dataset/fungitastic-m/train/720p/4-3324337302.JPG	A fungus rests on mossy ground in a forest.
/home/whx/Dataset/fungitastic-m/train/720p/0-3313865332.JPG	A fungus is nestled in grass and moss.
/home/whx/Dataset/fungitastic-m/val/720p/2-3944342838.JPG	A fungus rests on a mossy log, with a blurred forest floor and tree trunk in the background.
/home/whx/Dataset/fungitastic-m/train/720p/0-2294395205.JPG	A fungus is surrounded by grass and fallen leaves.
/home/whx/Dataset/fungitastic-m/train/720p/0-2238151669.JPG	The fungus is on a rough, gray surface.
/home/whx/Dataset/fungitastic-m/train/720p/1-2238558479.JPG	The background of the fungus consists of forest floor debris, including leaves and twigs.
/home/whx/Dataset/fungitastic-m/test/720p/0-4465866477.JPG	A fungus in grass.
/home/whx/Dataset/fungitastic-m/test/720p/0-4465873643.JPG	A fungus rests on a bed of dried leaves.
/home/whx/Dataset/fungitastic-m/test/720p/0-4465882671.JPG	A fungus lies on grass and fallen leaves.
/home/whx/Dataset/fungitastic-m/train/720p/0-2238515856.JPG	A fungus rests on grass and moss.
/home/whx/Dataset/fungitastic-m/train/720p/0-2238562057.JPG	A fungus is surrounded by dry leaves and green foliage.
/home/whx/Dataset/fungitastic-m/test/720p/0-4465862620.JPG	The background of the fungus is a mix of soil, leaves, and small twigs.
/home/whx/Dataset/fungitastic-m/test/720p/0-4465869624.JPG	A fungus rests on wet, brown leaves.
/home/whx/Dataset/fungitastic-m/train/720p/0-2238556661.JPG	The background of the fungus is a forest floor with leaves, twigs, and soil.
/home/whx/Dataset/fungitastic-m/train/720p/0-2421823324.JPG	A fungus on a black mat with a wooden surface and a basket in the background.
/home/whx/Dataset/fungitastic-m/train/720p/0-2640665315.JPG	A fungus in grass.
/home/whx/Dataset/fungitastic-m/train/720p/0-2238510301.JPG	The background is a plain, light-colored surface.
/home/whx/Dataset/fungitastic-m/train/720p/1-2238514745.JPG	Grass and rocks.
/home/whx/Dataset/fungitastic-m/train/720p/1-3382566454.JPG	A fungus is surrounded by green foliage and leaves.
/home/whx/Dataset/fungitastic-m/val/720p/1-3922624806.JPG	A fungus is held against a paved background.
/home/whx/Dataset/fungitastic-m/val/720p/2-3968580387.JPG	The background of the fungus is green foliage.
/home/whx/Dataset/fungitastic-m/val/720p/0-3803331319.JPG	A fungus is surrounded by green grass and clover.
/home/whx/Dataset/fungitastic-m/train/720p/3-3311373329.JPG	The background of the fungus is a mix of brown and white, with scattered debris and leaves.
/home/whx/Dataset/fungitastic-m/test/720p/0-4169758187.JPG	A fungus in grass.
/home/whx/Dataset/fungitastic-m/test/720p/0-4465885732.JPG	A fungus rests on mossy ground, surrounded by fallen leaves and grass.
/home/whx/Dataset/fungitastic-m/test/720p/0-4169767326.JPG	The fungus is surrounded by fallen leaves and green foliage.
/home/whx/Dataset/fungitastic-m/train/720p/2-2868483321.JPG	A fungus is surrounded by grass, leaves, and dried plant material.
/home/whx/Dataset/fungitastic-m/val/720p/0-3964840473.JPG	A fungus is surrounded by fallen leaves.
/home/whx/Dataset/fungitastic-m/val/720p/0-3922624847.JPG	A fungus lies on autumn leaves and grass.
/home/whx/Dataset/fungitastic-m/val/720p/2-3922623882.JPG	The background consists of dried leaves and soil.
/home/whx/Dataset/fungitastic-m/train/720p/1-3340158445.JPG	A fungus is held against a backdrop of green moss and twigs.
/home/whx/Dataset/fungitastic-m/train/720p/0-3332291355.JPG	A fungus is surrounded by green foliage and fallen leaves.
/home/whx/Dataset/fungitastic-m/train/720p/0-2238556770.JPG	The background is a forest floor with green foliage and scattered mushrooms.
/home/whx/Dataset/fungitastic-m/train/720p/1-2237958506.JPG	The background of the fungus is a speckled surface.
/home/whx/Dataset/fungitastic-m/train/720p/0-2413148867.JPG	Forest floor with pine needles and twigs.
/home/whx/Dataset/fungitastic-m/train/720p/0-2818070319.JPG	Grass and leaves.
/home/whx/Dataset/fungitastic-m/train/720p/0-2238558419.JPG	The background of the fungus consists of soil, twigs, and scattered leaves.
/home/whx/Dataset/fungitastic-m/test/720p/2-4169772492.JPG	A fungus is surrounded by soil and greenery.
/home/whx/Dataset/fungitastic-m/test/720p/0-4169760851.JPG	A fungus on green grass.
/home/whx/Dataset/fungitastic-m/test/720p/0-4169757745.JPG	A fungus lies in grass and pine needles.
/home/whx/Dataset/fungitastic-m/train/720p/2-2901935389.JPG	Grassy background.
/home/whx/Dataset/fungitastic-m/train/720p/2-3332303341.JPG	Grass and dried leaves.
/home/whx/Dataset/fungitastic-m/train/720p/0-2238551806.JPG	Grass and soil.
/home/whx/Dataset/fungitastic-m/train/720p/3-2332528983.JPG	A fungus in a grassy field.
/home/whx/Dataset/fungitastic-m/train/720p/0-2238180272.JPG	The background of the fungus is soil and grass.
/home/whx/Dataset/fungitastic-m/train/720p/2-2331571423.JPG	Speckled white surface.
/home/whx/Dataset/fungitastic-m/train/720p/1-3018980368.JPG	A fungus is surrounded by moss and twigs.
/home/whx/Dataset/fungitastic-m/train/720p/0-2248039533.JPG	A fungus is surrounded by moss, grass, and fallen leaves.
/home/whx/Dataset/fungitastic-m/train/720p/2-3422350324.JPG	A fungus is held in a hand with a blurred background.
/home/whx/Dataset/fungitastic-m/train/720p/0-2238574875.JPG	A fungus on a wooden surface.
/home/whx/Dataset/fungitastic-m/train/720p/0-2449443110.JPG	The background is dark and earthy.
/home/whx/Dataset/fungitastic-m/val/720p/1-3970589414.JPG	A fungus is surrounded by green moss and fallen leaves.
/home/whx/Dataset/fungitastic-m/train/720p/1-2424124757.JPG	A fungus is held in a hand.
/home/whx/Dataset/fungitastic-m/train/720p/0-2238435839.JPG	A fungus is surrounded by fallen leaves and a decaying log.
/home/whx/Dataset/fungitastic-m/train/720p/0-2883258448.JPG	A fungus grows on a decaying log.
/home/whx/Dataset/fungitastic-m/train/720p/2-3358365378.JPG	The background of the fungus consists of dark, decaying leaves and soil.
/home/whx/Dataset/fungitastic-m/train/720p/1-2238515127.JPG	A fungus is surrounded by green moss and grass.
/home/whx/Dataset/fungitastic-m/val/720p/0-3913248746.JPG	The background of the fungus is a mix of soil, leaves, and decaying wood.
/home/whx/Dataset/fungitastic-m/train/720p/1-3340174419.JPG	A fungus on a tree trunk.
/home/whx/Dataset/fungitastic-m/train/720p/0-2862691390.JPG	A fungus grows on moss.
/home/whx/Dataset/fungitastic-m/test/720p/0-4465871121.JPG	The background of the fungus is a blurred mix of earthy tones and green moss.
/home/whx/Dataset/fungitastic-m/test/720p/1-4169767440.JPG	A fungus grows on a mossy, decaying log.
/home/whx/Dataset/fungitastic-m/train/720p/0-2901934480.JPG	The background of the fungus is dark, moist soil with scattered leaves.
/home/whx/Dataset/fungitastic-m/train/720p/0-3414841326.JPG	The background consists of dark, decaying leaves.
/home/whx/Dataset/fungitastic-m/train/720p/1-2901949446.JPG	A fungus on a weathered wooden surface.
/home/whx/Dataset/fungitastic-m/val/720p/1-3968585514.JPG	Fallen leaves.
/home/whx/Dataset/fungitastic-m/test/720p/0-4465883170.JPG	A fungus grows amidst fallen leaves and damp soil.
/home/whx/Dataset/fungitastic-m/train/720p/1-3380896449.JPG	The background of the fungus is a forest floor with leaves, twigs, and moss.
/home/whx/Dataset/fungitastic-m/test/720p/0-4465873681.JPG	A fungus is surrounded by dry leaves and twigs.
/home/whx/Dataset/fungitastic-m/train/720p/0-2238521218.JPG	Fall leaves and forest floor.
/home/whx/Dataset/fungitastic-m/train/720p/0-2238402246.JPG	The background of the fungus is a mix of dark, decaying leaves and soil.
/home/whx/Dataset/fungitastic-m/train/720p/0-3126941331.JPG	A fungus grows in grass.
/home/whx/Dataset/fungitastic-m/train/720p/1-3412512318.JPG	The background of the fungus is a mix of brown leaves and green foliage.
/home/whx/Dataset/fungitastic-m/test/720p/0-4465878552.JPG	A fungus is surrounded by dried leaves and soil.
/home/whx/Dataset/fungitastic-m/train/720p/4-3343236417.JPG	A fungus lies on green grass.
/home/whx/Dataset/fungitastic-m/train/720p/0-2332527460.JPG	A fungus is held in a hand with a blurred background of greenery and a wooden fence.
/home/whx/Dataset/fungitastic-m/train/720p/0-2862703418.JPG	A fungus is surrounded by twigs, pine needles, and soil.
/home/whx/Dataset/fungitastic-m/test/720p/2-4465904405.JPG	A fungus on a wooden surface.
/home/whx/Dataset/fungitastic-m/train/720p/0-3355983465.JPG	A fungus is surrounded by fallen leaves and a tree stump.
/home/whx/Dataset/fungitastic-m/test/720p/0-4465878335.JPG	A fungus lies on forest floor with dried leaves and green grass.
/home/whx/Dataset/fungitastic-m/train/720p/1-2238476485.JPG	A fungus rests on forest floor with moss and fallen leaves.
/home/whx/Dataset/fungitastic-m/train/720p/4-2238499857.JPG	A fungus rests on moss-covered bark.
/home/whx/Dataset/fungitastic-m/val/720p/6-3909144411.JPG	The background of the fungus is a blurred forest floor with brown leaves and green foliage.
/home/whx/Dataset/fungitastic-m/train/720p/1-3406496349.JPG	A fungus rests on autumn leaves.
/home/whx/Dataset/fungitastic-m/train/720p/0-2383042367.JPG	The background is blurred, with hints of green and brown.
/home/whx/Dataset/fungitastic-m/train/720p/0-2382322513.JPG	The background of the fungus is a forest floor with moss, leaves, and soil.
/home/whx/Dataset/fungitastic-m/train/720p/1-2868487401.JPG	A fungus on a tree trunk.
/home/whx/Dataset/fungitastic-m/test/720p/0-4465888257.JPG	A fungus is surrounded by fallen leaves.
/home/whx/Dataset/fungitastic-m/val/720p/1-3922621399.JPG	The background of the fungus is a blurred mix of green foliage and earthy tones.
/home/whx/Dataset/fungitastic-m/val/720p/2-3916268731.JPG	The background is blurred with earthy tones.
/home/whx/Dataset/fungitastic-m/val/720p/0-3916263439.JPG	A fungus is surrounded by fallen leaves and twigs on the forest floor.
/home/whx/Dataset/fungitastic-m/train/720p/0-3399810326.JPG	A fungus rests on brown leaves.
/home/whx/Dataset/fungitastic-m/train/720p/1-2238480774.JPG	The background of the fungus is a forest floor covered with dry leaves and twigs.
/home/whx/Dataset/fungitastic-m/train/720p/0-2238574776.JPG	A fungus is surrounded by dry grass and fallen leaves.
/home/whx/Dataset/fungitastic-m/train/720p/0-3392597431.JPG	A fungus is surrounded by moss, leaves, and twigs.
/home/whx/Dataset/fungitastic-m/train/720p/0-2238569580.JPG	A fungus in a forest setting with moss and trees.
/home/whx/Dataset/fungitastic-m/train/720p/0-2238498985.JPG	A fungus in grass.
/home/whx/Dataset/fungitastic-m/train/720p/0-3355971345.JPG	A fungus rests on a bed of dried leaves and twigs.
/home/whx/Dataset/fungitastic-m/test/720p/0-4465864002.JPG	A fungus rests on a bed of brown leaves.
/home/whx/Dataset/fungitastic-m/train/720p/1-2238474406.JPG	A fungus rests on forest floor, surrounded by grass and moss.
/home/whx/Dataset/fungitastic-m/train/720p/0-3399801392.JPG	A fungus is surrounded by moss and fallen leaves.
/home/whx/Dataset/fungitastic-m/test/720p/0-4465871731.JPG	A fungus rests on a bed of dried leaves and clover.
/home/whx/Dataset/fungitastic-m/train/720p/2-2238471212.JPG	A fungus stands amidst fallen leaves and green foliage.
/home/whx/Dataset/fungitastic-m/train/720p/0-2265771915.JPG	The background of the fungus is a mix of grass, moss, and fallen leaves.
/home/whx/Dataset/fungitastic-m/train/720p/1-3345610465.JPG	Mossy ground.
/home/whx/Dataset/fungitastic-m/train/720p/2-3334604360.JPG	A fungus is surrounded by green moss and leaves.
/home/whx/Dataset/fungitastic-m/train/720p/1-2332528000.JPG	A fungus in a forest with fallen leaves and a log.
/home/whx/Dataset/fungitastic-m/val/720p/1-3880785322.JPG	A fungus is held against a backdrop of green foliage and soil.
/home/whx/Dataset/fungitastic-m/train/720p/2-2238556889.JPG	The background of the fungus is a forest floor with moss, leaves, and twigs.
/home/whx/Dataset/fungitastic-m/train/720p/0-2238526168.JPG	A fungus on graph paper.
/home/whx/Dataset/fungitastic-m/test/720p/0-4465898423.JPG	A fungus is held against a background of forest floor debris, including pine needles and leaves.
/home/whx/Dataset/fungitastic-m/train/720p/0-2238502042.JPG	The background of the fungus is a dark, forest floor with scattered pine needles and moss.
/home/whx/Dataset/fungitastic-m/test/720p/2-4465860756.JPG	A fungus on grass and moss.
/home/whx/Dataset/fungitastic-m/train/720p/0-2238467088.JPG	A fungus lies on green grass.
/home/whx/Dataset/fungitastic-m/val/720p/0-3922626423.JPG	Grass and dried leaves.
/home/whx/Dataset/fungitastic-m/train/720p/1-2238493030.JPG	A fungus grows amidst rocks, soil, and scattered leaves.
/home/whx/Dataset/fungitastic-m/train/720p/0-2382320422.JPG	A fungus lies on mossy ground with fallen leaves.
/home/whx/Dataset/fungitastic-m/train/720p/2-2864899347.JPG	The background of the fungus is a forest floor with scattered leaves and twigs.
/home/whx/Dataset/fungitastic-m/train/720p/0-2427875574.JPG	The background of the fungus is a forest floor with scattered leaves and soil.
/home/whx/Dataset/fungitastic-m/train/720p/0-2964210466.JPG	A fungus is held against a backdrop of brown leaves and a white cloth.
/home/whx/Dataset/fungitastic-m/train/720p/0-2238575728.JPG	Fall leaves.
/home/whx/Dataset/fungitastic-m/train/720p/2-2558872624.JPG	The background of the fungus is a mix of brown leaves and twigs.
/home/whx/Dataset/fungitastic-m/train/720p/1-2238522868.JPG	A fungus is surrounded by fallen leaves and green foliage.
/home/whx/Dataset/fungitastic-m/train/720p/1-2238526354.JPG	The background of the fungus consists of forest floor debris, including leaves, twigs, and pine needles.
/home/whx/Dataset/fungitastic-m/test/720p/3-4465899865.JPG	Fall leaves and ground.
/home/whx/Dataset/fungitastic-m/train/720p/1-3382558514.JPG	A fungus on mossy surface, forest background.
/home/whx/Dataset/fungitastic-m/train/720p/0-4847334617.JPG	A fungus on a mossy log.
/home/whx/Dataset/fungitastic-m/train/720p/0-2868476446.JPG	A fungus grows amidst fallen leaves and moss.
/home/whx/Dataset/fungitastic-m/train/720p/2-3417642349.JPG	A fungus on a weathered log.
/home/whx/Dataset/fungitastic-m/train/720p/0-2458347052.JPG	The background of the fungus is dark and soil-like.
/home/whx/Dataset/fungitastic-m/train/720p/0-2446758544.JPG	The background is dark and earthy.
/home/whx/Dataset/fungitastic-m/test/720p/1-4100099387.JPG	Decaying wood and leaves.
/home/whx/Dataset/fungitastic-m/train/720p/0-3126942331.JPG	A fungus grows on moss-covered ground.
/home/whx/Dataset/fungitastic-m/train/720p/0-2465026510.JPG	A fungus is surrounded by green leaves and twigs.
/home/whx/Dataset/fungitastic-m/val/720p/0-3916262745.JPG	A fungus in a forest with birch trees.
/home/whx/Dataset/fungitastic-m/val/720p/0-3909142422.JPG	Grassy, dry, and green.
/home/whx/Dataset/fungitastic-m/train/720p/1-2862684431.JPG	Grass and leaves.
/home/whx/Dataset/fungitastic-m/train/720p/0-2238525200.JPG	A fungus in grass.
/home/whx/Dataset/fungitastic-m/train/720p/1-2901941499.JPG	A fungus in a forest with fallen leaves and moss.
/home/whx/Dataset/fungitastic-m/test/720p/0-4465873981.JPG	A fungus in a forest with fallen leaves and green grass.
/home/whx/Dataset/fungitastic-m/train/720p/0-3340162477.JPG	Grass, leaves, and soil.
/home/whx/Dataset/fungitastic-m/train/720p/0-2898617309.JPG	Grassy field.
/home/whx/Dataset/fungitastic-m/train/720p/1-2901945405.JPG	Grassy, blurred.
/home/whx/Dataset/fungitastic-m/train/720p/0-2238497445.JPG	The background of the fungus is a forest floor covered in dry leaves.
/home/whx/Dataset/fungitastic-m/train/720p/1-2238428613.JPG	A fungus is surrounded by dried leaves and twigs.
/home/whx/Dataset/fungitastic-m/train/720p/1-2864907431.JPG	A fungus is displayed on a wooden surface with a blurred background.
/home/whx/Dataset/fungitastic-m/train/720p/0-2351008127.JPG	A fungus in grass.
/home/whx/Dataset/fungitastic-m/train/720p/0-2860307394.JPG	The background of the fungus is a mix of soil, grass, and scattered leaves.
/home/whx/Dataset/fungitastic-m/train/720p/0-3386473440.JPG	The background of the fungus is a mix of soil, twigs, and green grass.
/home/whx/Dataset/fungitastic-m/train/720p/0-2430665291.JPG	A fungus on grass with fallen leaves.
