image	response
/home/whx/Dataset/semi-aves/trainval_images/0/8.jpg	The background is a smooth, light-colored surface, possibly water.
/home/whx/Dataset/semi-aves/trainval_images/0/36.jpg	A bird stands on mossy ground with blurred snow and rocks in the background.
/home/whx/Dataset/semi-aves/trainval_images/0/4.jpg	a bird on sandy beach.
/home/whx/Dataset/semi-aves/trainval_images/0/16.jpg	Ocean waves, wet sand, seaweed.
/home/whx/Dataset/semi-aves/trainval_images/0/7.jpg	a bird on rocks.
/home/whx/Dataset/semi-aves/trainval_images/0/31.jpg	clear blue sky.
/home/whx/Dataset/semi-aves/trainval_images/0/28.jpg	muddy water.
/home/whx/Dataset/semi-aves/trainval_images/0/30.jpg	muddy, reflective surface with yellow tones.
/home/whx/Dataset/semi-aves/trainval_images/0/24.jpg	icy ground
/home/whx/Dataset/semi-aves/trainval_images/0/25.jpg	a bird on rocks.
/home/whx/Dataset/semi-aves/trainval_images/0/6.jpg	a bird on rocks.
/home/whx/Dataset/semi-aves/trainval_images/0/3.jpg	water
/home/whx/Dataset/semi-aves/trainval_images/0/15.jpg	Muddy wetland with vegetation.
/home/whx/Dataset/semi-aves/trainval_images/0/0.jpg	muddy, rocky, wet ground.
/home/whx/Dataset/semi-aves/trainval_images/0/12.jpg	blurry, brown, natural.
/home/whx/Dataset/semi-aves/trainval_images/0/13.jpg	wet sand, scattered shells, seaweed.
/home/whx/Dataset/semi-aves/trainval_images/1/0.jpg	a bird against a clear sky.
/home/whx/Dataset/semi-aves/trainval_images/1/28.jpg	dry, earthy ground with sparse grass.
/home/whx/Dataset/semi-aves/trainval_images/1/17.jpg	The background is plain white.
/home/whx/Dataset/semi-aves/trainval_images/1/14.jpg	The background is a plain, light sky.
/home/whx/Dataset/semi-aves/trainval_images/1/18.jpg	A bird perched on a branch against a clear sky.
/home/whx/Dataset/semi-aves/trainval_images/1/3.jpg	Clear blue sky.
/home/whx/Dataset/semi-aves/trainval_images/1/33.jpg	The background is a pale, overcast sky.
/home/whx/Dataset/semi-aves/trainval_images/1/10.jpg	clear blue sky.
/home/whx/Dataset/semi-aves/trainval_images/1/34.jpg	A bird perched on a branch with blurred green foliage and blue sky.
/home/whx/Dataset/semi-aves/trainval_images/1/26.jpg	asphalt with scattered debris
/home/whx/Dataset/semi-aves/trainval_images/1/25.jpg	Grassy field.
/home/whx/Dataset/semi-aves/trainval_images/1/20.jpg	blurred trees and sky.
/home/whx/Dataset/semi-aves/trainval_images/1/32.jpg	A bird soars against a pale, cloudy sky.
/home/whx/Dataset/semi-aves/trainval_images/1/24.jpg	Rusty metal, blurred background.
/home/whx/Dataset/semi-aves/trainval_images/1/12.jpg	Clear blue sky.
/home/whx/Dataset/semi-aves/trainval_images/1/6.jpg	water
/home/whx/Dataset/semi-aves/trainval_images/2/27.jpg	clear blue sky.
/home/whx/Dataset/semi-aves/trainval_images/2/1.jpg	a bird on a wire against a clear sky.
/home/whx/Dataset/semi-aves/trainval_images/2/33.jpg	Clear blue sky.
/home/whx/Dataset/semi-aves/trainval_images/2/14.jpg	The background is a plain, light gray sky.
/home/whx/Dataset/semi-aves/trainval_images/2/28.jpg	Clear blue sky.
/home/whx/Dataset/semi-aves/trainval_images/2/31.jpg	water
/home/whx/Dataset/semi-aves/trainval_images/2/35.jpg	Clear blue sky.
/home/whx/Dataset/semi-aves/trainval_images/2/38.jpg	Blurred green background.
/home/whx/Dataset/semi-aves/trainval_images/2/22.jpg	A bird perched on a wire against a cloudy sky.
/home/whx/Dataset/semi-aves/trainval_images/2/34.jpg	The background is dark and plain.
/home/whx/Dataset/semi-aves/trainval_images/2/32.jpg	dark, blurred
/home/whx/Dataset/semi-aves/trainval_images/2/24.jpg	solid green background.
/home/whx/Dataset/semi-aves/trainval_images/2/36.jpg	The background is a clear blue sky.
/home/whx/Dataset/semi-aves/trainval_images/2/9.jpg	Ancient stone wall.
/home/whx/Dataset/semi-aves/trainval_images/2/0.jpg	Clear blue sky.
/home/whx/Dataset/semi-aves/trainval_images/2/13.jpg	Clear blue sky.
/home/whx/Dataset/semi-aves/trainval_images/3/6.jpg	Clear blue sky.
/home/whx/Dataset/semi-aves/trainval_images/3/11.jpg	green foliage, branches.
/home/whx/Dataset/semi-aves/trainval_images/3/18.jpg	tree branches, blue sky.
/home/whx/Dataset/semi-aves/trainval_images/3/7.jpg	Clear blue sky.
/home/whx/Dataset/semi-aves/trainval_images/3/23.jpg	The background is a clear, light gray sky.
/home/whx/Dataset/semi-aves/trainval_images/3/10.jpg	Clear blue sky.
/home/whx/Dataset/semi-aves/trainval_images/3/28.jpg	Branches and sky.
/home/whx/Dataset/semi-aves/trainval_images/3/30.jpg	Green leaves, blue sky.
/home/whx/Dataset/semi-aves/trainval_images/3/22.jpg	tree branches, sky.
/home/whx/Dataset/semi-aves/trainval_images/3/16.jpg	The background is blurred, showing a mix of green and brown hues.
/home/whx/Dataset/semi-aves/trainval_images/3/13.jpg	green foliage, branches.
/home/whx/Dataset/semi-aves/trainval_images/3/25.jpg	dry, leafless, wooded area.
/home/whx/Dataset/semi-aves/trainval_images/3/21.jpg	The background is a clear sky with green foliage.
/home/whx/Dataset/semi-aves/trainval_images/3/34.jpg	A bird perched on a branch against a clear sky.
/home/whx/Dataset/semi-aves/trainval_images/3/9.jpg	Tree branches with red berries.
/home/whx/Dataset/semi-aves/trainval_images/3/20.jpg	A bird in a tree with a blue sky.
/home/whx/Dataset/semi-aves/trainval_images/4/37.jpg	Green grass, water.
/home/whx/Dataset/semi-aves/trainval_images/4/31.jpg	Green foliage.
/home/whx/Dataset/semi-aves/trainval_images/4/32.jpg	Green foliage, water.
/home/whx/Dataset/semi-aves/trainval_images/4/25.jpg	wetland grasses
/home/whx/Dataset/semi-aves/trainval_images/4/43.jpg	Lush green vegetation.
/home/whx/Dataset/semi-aves/trainval_images/4/2.jpg	Reeds and water.
/home/whx/Dataset/semi-aves/trainval_images/4/30.jpg	Marshy water with reeds and lily pads.
/home/whx/Dataset/semi-aves/trainval_images/4/15.jpg	A bird soars against a pale sky.
/home/whx/Dataset/semi-aves/trainval_images/4/40.jpg	A bird stands on sandy shore near water, with reeds and a fallen log in the background.
/home/whx/Dataset/semi-aves/trainval_images/4/26.jpg	Lush green foliage, water.
/home/whx/Dataset/semi-aves/trainval_images/4/11.jpg	Grassy wetland.
/home/whx/Dataset/semi-aves/trainval_images/4/23.jpg	A bird is surrounded by green foliage and water.
/home/whx/Dataset/semi-aves/trainval_images/4/41.jpg	Green foliage, tree trunks, water.
/home/whx/Dataset/semi-aves/trainval_images/4/38.jpg	muddy water, sandy shore.
/home/whx/Dataset/semi-aves/trainval_images/4/14.jpg	Grass and water.
/home/whx/Dataset/semi-aves/trainval_images/4/21.jpg	Lush green foliage.
/home/whx/Dataset/semi-aves/trainval_images/5/32.jpg	Ocean waves.
/home/whx/Dataset/semi-aves/trainval_images/5/6.jpg	Rocky, water, waves.
/home/whx/Dataset/semi-aves/trainval_images/5/10.jpg	Ocean and rocks.
/home/whx/Dataset/semi-aves/trainval_images/5/33.jpg	Rocky, dark, rugged.
/home/whx/Dataset/semi-aves/trainval_images/5/25.jpg	Rocky outcrop, ocean waves.
/home/whx/Dataset/semi-aves/trainval_images/5/23.jpg	Wet sand, ocean waves.
/home/whx/Dataset/semi-aves/trainval_images/5/31.jpg	A bird stands on rocks with green moss and flowing water in the background.
/home/whx/Dataset/semi-aves/trainval_images/5/1.jpg	sand
/home/whx/Dataset/semi-aves/trainval_images/5/30.jpg	ocean, rocks, sky.
/home/whx/Dataset/semi-aves/trainval_images/5/2.jpg	A bird on a rocky, mossy surface.
/home/whx/Dataset/semi-aves/trainval_images/5/19.jpg	A bird stands on sand, with a glass window, trees, and a body of water in the background.
/home/whx/Dataset/semi-aves/trainval_images/5/42.jpg	clear sky.
/home/whx/Dataset/semi-aves/trainval_images/5/44.jpg	ocean
/home/whx/Dataset/semi-aves/trainval_images/5/34.jpg	Waves and rocks.
/home/whx/Dataset/semi-aves/trainval_images/5/46.jpg	A bird perched on a rock near water.
/home/whx/Dataset/semi-aves/trainval_images/5/14.jpg	rocky, seaweed-covered background.
/home/whx/Dataset/semi-aves/trainval_images/6/0.jpg	Water and blurred land.
/home/whx/Dataset/semi-aves/trainval_images/6/12.jpg	water
/home/whx/Dataset/semi-aves/trainval_images/6/34.jpg	A bird is near a small, clear pool surrounded by rocky, arid terrain with sparse vegetation.
/home/whx/Dataset/semi-aves/trainval_images/6/14.jpg	water
/home/whx/Dataset/semi-aves/trainval_images/6/25.jpg	water, trees, shoreline.
/home/whx/Dataset/semi-aves/trainval_images/6/22.jpg	A bird stands on wet ground.
/home/whx/Dataset/semi-aves/trainval_images/6/30.jpg	dark green foliage.
/home/whx/Dataset/semi-aves/trainval_images/6/27.jpg	blue water.
/home/whx/Dataset/semi-aves/trainval_images/6/18.jpg	Water and green foliage.
/home/whx/Dataset/semi-aves/trainval_images/6/11.jpg	water, greenery.
/home/whx/Dataset/semi-aves/trainval_images/6/33.jpg	A bird soars against a blue sky with scattered clouds.
/home/whx/Dataset/semi-aves/trainval_images/6/8.jpg	The background of the bird is a calm, hazy sky and a sandy shoreline.
/home/whx/Dataset/semi-aves/trainval_images/6/21.jpg	water, greenery.
/home/whx/Dataset/semi-aves/trainval_images/6/17.jpg	water.
/home/whx/Dataset/semi-aves/trainval_images/6/19.jpg	The background of the bird includes a clear blue sky and a line of green trees.
/home/whx/Dataset/semi-aves/trainval_images/6/36.jpg	Green grass.
/home/whx/Dataset/semi-aves/trainval_images/7/24.jpg	Clear blue sky.
/home/whx/Dataset/semi-aves/trainval_images/7/32.jpg	Clear blue sky.
/home/whx/Dataset/semi-aves/trainval_images/7/8.jpg	Blurred green background.
/home/whx/Dataset/semi-aves/trainval_images/7/33.jpg	Clear blue sky.
/home/whx/Dataset/semi-aves/trainval_images/7/35.jpg	Clear blue sky.
/home/whx/Dataset/semi-aves/trainval_images/7/13.jpg	Green foliage.
/home/whx/Dataset/semi-aves/trainval_images/7/27.jpg	Clear blue sky.
/home/whx/Dataset/semi-aves/trainval_images/7/3.jpg	The background is blurred green.
/home/whx/Dataset/semi-aves/trainval_images/7/30.jpg	bare branches, dark, muted colors.
/home/whx/Dataset/semi-aves/trainval_images/7/23.jpg	The background is blurred.
/home/whx/Dataset/semi-aves/trainval_images/7/18.jpg	A bird perched on a spiral wire against a clear blue sky.
/home/whx/Dataset/semi-aves/trainval_images/7/17.jpg	bare branches, muted blue sky.
/home/whx/Dataset/semi-aves/trainval_images/7/6.jpg	The background is a plain, light sky.
/home/whx/Dataset/semi-aves/trainval_images/7/16.jpg	Green leaves, blurred sky.
/home/whx/Dataset/semi-aves/trainval_images/7/36.jpg	Blurred green and brown.
/home/whx/Dataset/semi-aves/trainval_images/7/15.jpg	Green, blurred background.
/home/whx/Dataset/semi-aves/trainval_images/8/22.jpg	calm water
/home/whx/Dataset/semi-aves/trainval_images/8/26.jpg	rusty metal structure.
/home/whx/Dataset/semi-aves/trainval_images/8/40.jpg	A bird in calm blue water.
/home/whx/Dataset/semi-aves/trainval_images/8/0.jpg	Rocky shoreline, sparkling water.
/home/whx/Dataset/semi-aves/trainval_images/8/34.jpg	water, sunlight, reflections.
/home/whx/Dataset/semi-aves/trainval_images/8/36.jpg	A bird stands on a textured, sandy surface.
/home/whx/Dataset/semi-aves/trainval_images/8/21.jpg	cloudy sky
/home/whx/Dataset/semi-aves/trainval_images/8/29.jpg	Clear blue sky.
/home/whx/Dataset/semi-aves/trainval_images/8/1.jpg	weathered wood, rust, water.
/home/whx/Dataset/semi-aves/trainval_images/8/14.jpg	Clear blue sky.
/home/whx/Dataset/semi-aves/trainval_images/8/20.jpg	A bird perched on a stone railing with a pink wall and blue sky in the background.
/home/whx/Dataset/semi-aves/trainval_images/8/5.jpg	Cloudy sky.
/home/whx/Dataset/semi-aves/trainval_images/8/17.jpg	blue sky, water, horizon.
/home/whx/Dataset/semi-aves/trainval_images/8/18.jpg	Palm trees, house, blue tarp.
/home/whx/Dataset/semi-aves/trainval_images/8/33.jpg	a bird in flight over grassy area near water.
/home/whx/Dataset/semi-aves/trainval_images/8/2.jpg	water
/home/whx/Dataset/semi-aves/trainval_images/9/35.jpg	Clear blue sky.
/home/whx/Dataset/semi-aves/trainval_images/9/16.jpg	The background is blurred with green and gray tones.
/home/whx/Dataset/semi-aves/trainval_images/9/2.jpg	blurred green and white.
/home/whx/Dataset/semi-aves/trainval_images/9/4.jpg	Blurred green foliage.
/home/whx/Dataset/semi-aves/trainval_images/9/5.jpg	blurred, light background.
/home/whx/Dataset/semi-aves/trainval_images/9/1.jpg	blurred green and brown.
/home/whx/Dataset/semi-aves/trainval_images/9/28.jpg	blurry, purple, green.
/home/whx/Dataset/semi-aves/trainval_images/9/0.jpg	blurred brown
/home/whx/Dataset/semi-aves/trainval_images/9/24.jpg	Clear blue sky.
/home/whx/Dataset/semi-aves/trainval_images/9/29.jpg	Green and blurred.
/home/whx/Dataset/semi-aves/trainval_images/9/8.jpg	blurred green and brown.
/home/whx/Dataset/semi-aves/trainval_images/9/7.jpg	clear blue sky.
/home/whx/Dataset/semi-aves/trainval_images/9/27.jpg	Clear blue sky.
/home/whx/Dataset/semi-aves/trainval_images/9/3.jpg	greenery, feeder, roof
/home/whx/Dataset/semi-aves/trainval_images/9/19.jpg	green, grassy, sunny.
/home/whx/Dataset/semi-aves/trainval_images/9/33.jpg	blurred green background.
/home/whx/Dataset/semi-aves/trainval_images/10/22.jpg	Clear blue sky.
/home/whx/Dataset/semi-aves/trainval_images/10/18.jpg	A bird stands in shallow water with reflections.
/home/whx/Dataset/semi-aves/trainval_images/10/4.jpg	Palm trees, vehicles, cloudy sky.
/home/whx/Dataset/semi-aves/trainval_images/10/10.jpg	water
/home/whx/Dataset/semi-aves/trainval_images/10/40.jpg	Water, trees, sky.
/home/whx/Dataset/semi-aves/trainval_images/10/16.jpg	A bird on rocks near water.
/home/whx/Dataset/semi-aves/trainval_images/10/33.jpg	rocks, sand, sunlight.
/home/whx/Dataset/semi-aves/trainval_images/10/39.jpg	water
/home/whx/Dataset/semi-aves/trainval_images/10/17.jpg	water and yellow barriers.
/home/whx/Dataset/semi-aves/trainval_images/10/42.jpg	A bird perches on a bare tree against a backdrop of green trees and a blue sky with scattered clouds.
/home/whx/Dataset/semi-aves/trainval_images/10/29.jpg	A bird stands on a small boat in calm water, with trees in the background.
/home/whx/Dataset/semi-aves/trainval_images/10/20.jpg	A bird in calm water with distant trees and houses.
/home/whx/Dataset/semi-aves/trainval_images/10/31.jpg	A bird in calm blue water.
/home/whx/Dataset/semi-aves/trainval_images/10/15.jpg	trees, water, sky.
/home/whx/Dataset/semi-aves/trainval_images/10/3.jpg	A bird perches on a structure near a body of water, with reeds and distant hills in the background.
/home/whx/Dataset/semi-aves/trainval_images/10/0.jpg	water, trees, grass.
/home/whx/Dataset/semi-aves/trainval_images/11/19.jpg	The background is a plain, light sky.
/home/whx/Dataset/semi-aves/trainval_images/11/24.jpg	Clear blue sky.
/home/whx/Dataset/semi-aves/trainval_images/11/21.jpg	The background is a clear, light blue sky.
/home/whx/Dataset/semi-aves/trainval_images/11/26.jpg	Clear blue sky.
/home/whx/Dataset/semi-aves/trainval_images/11/12.jpg	gray sky
/home/whx/Dataset/semi-aves/trainval_images/11/16.jpg	Clear blue sky.
/home/whx/Dataset/semi-aves/trainval_images/11/6.jpg	The background is a plain, light gray sky.
/home/whx/Dataset/semi-aves/trainval_images/11/38.jpg	The background is a plain, light sky.
/home/whx/Dataset/semi-aves/trainval_images/11/32.jpg	Clear blue sky.
/home/whx/Dataset/semi-aves/trainval_images/11/13.jpg	a bird against a clear blue sky.
/home/whx/Dataset/semi-aves/trainval_images/11/27.jpg	a bird in a clear sky.
/home/whx/Dataset/semi-aves/trainval_images/11/1.jpg	Clear blue sky.
/home/whx/Dataset/semi-aves/trainval_images/11/14.jpg	a bird on a wire against a clear blue sky.
/home/whx/Dataset/semi-aves/trainval_images/11/0.jpg	a bird on a wire against a clear blue sky.
/home/whx/Dataset/semi-aves/trainval_images/11/39.jpg	wooden structure, sunlight, greenery.
/home/whx/Dataset/semi-aves/trainval_images/11/4.jpg	Clear blue sky.
/home/whx/Dataset/semi-aves/trainval_images/12/2.jpg	water with ripples.
/home/whx/Dataset/semi-aves/trainval_images/12/10.jpg	calm blue water.
/home/whx/Dataset/semi-aves/trainval_images/12/28.jpg	The background of the bird shows a body of water with floating debris and a grassy area in the distance.
/home/whx/Dataset/semi-aves/trainval_images/12/27.jpg	calm water, green reflections.
/home/whx/Dataset/semi-aves/trainval_images/12/17.jpg	A bird in water with reeds.
/home/whx/Dataset/semi-aves/trainval_images/12/26.jpg	calm blue water.
/home/whx/Dataset/semi-aves/trainval_images/12/7.jpg	Water.
/home/whx/Dataset/semi-aves/trainval_images/12/20.jpg	water
/home/whx/Dataset/semi-aves/trainval_images/12/25.jpg	water, branches, reflection.
/home/whx/Dataset/semi-aves/trainval_images/12/22.jpg	The background of the bird is a calm, greenish water surface.
/home/whx/Dataset/semi-aves/trainval_images/12/16.jpg	water, lily pads, reflections.
/home/whx/Dataset/semi-aves/trainval_images/12/14.jpg	Water with reflections.
/home/whx/Dataset/semi-aves/trainval_images/12/32.jpg	Ripples on water surface.
/home/whx/Dataset/semi-aves/trainval_images/12/24.jpg	water, branches, leaves.
/home/whx/Dataset/semi-aves/trainval_images/12/31.jpg	A bird in murky water with floating debris.
/home/whx/Dataset/semi-aves/trainval_images/12/0.jpg	water with reflections.
/home/whx/Dataset/semi-aves/trainval_images/13/25.jpg	The background of the bird is a wooden surface with visible holes and patches of dirt.
/home/whx/Dataset/semi-aves/trainval_images/13/43.jpg	A bird soars against a blue sky with scattered clouds.
/home/whx/Dataset/semi-aves/trainval_images/13/36.jpg	muddy water.
/home/whx/Dataset/semi-aves/trainval_images/13/20.jpg	A bird soars against a pale blue sky with wispy clouds.
/home/whx/Dataset/semi-aves/trainval_images/13/42.jpg	dry grass.
/home/whx/Dataset/semi-aves/trainval_images/13/40.jpg	Grassy wetland.
/home/whx/Dataset/semi-aves/trainval_images/13/27.jpg	A bird against a clear blue sky.
/home/whx/Dataset/semi-aves/trainval_images/13/3.jpg	clear blue sky.
/home/whx/Dataset/semi-aves/trainval_images/13/19.jpg	Sandy bank, water.
/home/whx/Dataset/semi-aves/trainval_images/13/8.jpg	The background is a plain, light gray sky.
/home/whx/Dataset/semi-aves/trainval_images/13/13.jpg	The background is a plain, light sky.
/home/whx/Dataset/semi-aves/trainval_images/13/44.jpg	Green foliage, water.
/home/whx/Dataset/semi-aves/trainval_images/13/50.jpg	concrete wall
/home/whx/Dataset/semi-aves/trainval_images/13/4.jpg	a bird in a gray sky.
/home/whx/Dataset/semi-aves/trainval_images/13/38.jpg	clear sky
/home/whx/Dataset/semi-aves/trainval_images/13/39.jpg	The background is a textured, earthy wall.
/home/whx/Dataset/semi-aves/trainval_images/14/19.jpg	The background is a plain, light sky.
/home/whx/Dataset/semi-aves/trainval_images/14/23.jpg	green foliage.
/home/whx/Dataset/semi-aves/trainval_images/14/5.jpg	Clear sky.
/home/whx/Dataset/semi-aves/trainval_images/14/13.jpg	Cloudy sky.
/home/whx/Dataset/semi-aves/trainval_images/14/18.jpg	a bird against a gray sky.
/home/whx/Dataset/semi-aves/trainval_images/14/8.jpg	A bird soars against a pale blue sky.
/home/whx/Dataset/semi-aves/trainval_images/14/4.jpg	A bird perched on a bare branch against a pale sky.
/home/whx/Dataset/semi-aves/trainval_images/14/0.jpg	bare branches, overcast sky.
/home/whx/Dataset/semi-aves/trainval_images/14/17.jpg	Foggy, snowy background.
/home/whx/Dataset/semi-aves/trainval_images/14/1.jpg	Clear blue sky.
/home/whx/Dataset/semi-aves/trainval_images/14/27.jpg	Clear blue sky.
/home/whx/Dataset/semi-aves/trainval_images/14/6.jpg	A bird perched on tree branches with green leaves.
/home/whx/Dataset/semi-aves/trainval_images/14/21.jpg	white marble wall.
/home/whx/Dataset/semi-aves/trainval_images/14/14.jpg	Clear blue sky.
/home/whx/Dataset/semi-aves/trainval_images/14/29.jpg	rocky cliff face
/home/whx/Dataset/semi-aves/trainval_images/14/16.jpg	Clear blue sky.
/home/whx/Dataset/semi-aves/trainval_images/15/2.jpg	water and rocks.
/home/whx/Dataset/semi-aves/trainval_images/15/24.jpg	dry, brown, twigs.
/home/whx/Dataset/semi-aves/trainval_images/15/12.jpg	Grassy, rocky, wildflowers.
/home/whx/Dataset/semi-aves/trainval_images/15/22.jpg	A bird is trapped in a net against a beige wall.
/home/whx/Dataset/semi-aves/trainval_images/15/6.jpg	A bird perched on a utility pole with a clear sky in the background.
/home/whx/Dataset/semi-aves/trainval_images/15/31.jpg	Grassy, dry, and slightly blurred.
/home/whx/Dataset/semi-aves/trainval_images/15/18.jpg	The background is dark and blurred.
/home/whx/Dataset/semi-aves/trainval_images/15/21.jpg	Rocky, grassy, overcast.
/home/whx/Dataset/semi-aves/trainval_images/15/13.jpg	Grass, concrete, yellow flower.
/home/whx/Dataset/semi-aves/trainval_images/15/29.jpg	The background is a plain, light blue sky.
/home/whx/Dataset/semi-aves/trainval_images/15/30.jpg	Clear blue sky.
/home/whx/Dataset/semi-aves/trainval_images/15/15.jpg	Rocky, overcast.
/home/whx/Dataset/semi-aves/trainval_images/15/3.jpg	Grassy field.
/home/whx/Dataset/semi-aves/trainval_images/15/28.jpg	dry grass.
/home/whx/Dataset/semi-aves/trainval_images/15/33.jpg	The background is a mix of dirt and sparse green vegetation.
/home/whx/Dataset/semi-aves/trainval_images/15/9.jpg	Rugged, rocky terrain with patches of green.
/home/whx/Dataset/semi-aves/trainval_images/16/32.jpg	A bird stands on sandy beach with scattered rocks.
/home/whx/Dataset/semi-aves/trainval_images/16/31.jpg	a bird on sandy beach with scattered rocks.
/home/whx/Dataset/semi-aves/trainval_images/16/1.jpg	muddy ground
/home/whx/Dataset/semi-aves/trainval_images/16/20.jpg	water
/home/whx/Dataset/semi-aves/trainval_images/16/25.jpg	water, seaweed, shells.
/home/whx/Dataset/semi-aves/trainval_images/16/18.jpg	water, grass, reflections.
/home/whx/Dataset/semi-aves/trainval_images/16/0.jpg	water
/home/whx/Dataset/semi-aves/trainval_images/16/5.jpg	wetland, dry grass, water.
/home/whx/Dataset/semi-aves/trainval_images/16/6.jpg	muddy water, reeds.
/home/whx/Dataset/semi-aves/trainval_images/16/27.jpg	muddy, grassy, dry.
/home/whx/Dataset/semi-aves/trainval_images/16/10.jpg	A bird stands on wet sand near water.
/home/whx/Dataset/semi-aves/trainval_images/16/36.jpg	muddy sand.
/home/whx/Dataset/semi-aves/trainval_images/16/35.jpg	muddy water.
/home/whx/Dataset/semi-aves/trainval_images/16/4.jpg	water, grass, reflection.
/home/whx/Dataset/semi-aves/trainval_images/16/26.jpg	The background is sandy with some green vegetation.
/home/whx/Dataset/semi-aves/trainval_images/16/13.jpg	Flat, wet surface.
/home/whx/Dataset/semi-aves/trainval_images/17/13.jpg	water
/home/whx/Dataset/semi-aves/trainval_images/17/17.jpg	water
/home/whx/Dataset/semi-aves/trainval_images/17/6.jpg	water.
/home/whx/Dataset/semi-aves/trainval_images/17/24.jpg	water and seaweed.
/home/whx/Dataset/semi-aves/trainval_images/17/22.jpg	wetland, grass, water.
/home/whx/Dataset/semi-aves/trainval_images/17/29.jpg	Water.
/home/whx/Dataset/semi-aves/trainval_images/17/28.jpg	rocky ground
/home/whx/Dataset/semi-aves/trainval_images/17/26.jpg	Grass, water, reeds.
/home/whx/Dataset/semi-aves/trainval_images/17/21.jpg	sand
/home/whx/Dataset/semi-aves/trainval_images/17/34.jpg	pebbled beach.
/home/whx/Dataset/semi-aves/trainval_images/17/15.jpg	water, reeds, reflections.
/home/whx/Dataset/semi-aves/trainval_images/17/32.jpg	water.
/home/whx/Dataset/semi-aves/trainval_images/17/30.jpg	muddy wetland.
/home/whx/Dataset/semi-aves/trainval_images/17/7.jpg	rocky, green, water.
/home/whx/Dataset/semi-aves/trainval_images/17/2.jpg	water and sand.
/home/whx/Dataset/semi-aves/trainval_images/17/1.jpg	water
/home/whx/Dataset/semi-aves/trainval_images/18/5.jpg	Green, blurred background.
/home/whx/Dataset/semi-aves/trainval_images/18/8.jpg	brick wall, window, flowers.
/home/whx/Dataset/semi-aves/trainval_images/18/10.jpg	A bird perched on a tree branch surrounded by green leaves.
/home/whx/Dataset/semi-aves/trainval_images/18/38.jpg	green foliage, blurred background.
/home/whx/Dataset/semi-aves/trainval_images/18/34.jpg	The background is white.
/home/whx/Dataset/semi-aves/trainval_images/18/13.jpg	concrete wall, windows, plants
/home/whx/Dataset/semi-aves/trainval_images/18/17.jpg	The background consists of green foliage and scattered twigs on the ground.
/home/whx/Dataset/semi-aves/trainval_images/18/21.jpg	gray, blurred, ground.
/home/whx/Dataset/semi-aves/trainval_images/18/32.jpg	A bird is perched on a branch with green leaves and a red flower in the background.
/home/whx/Dataset/semi-aves/trainval_images/18/16.jpg	The background is blurred blue.
/home/whx/Dataset/semi-aves/trainval_images/18/11.jpg	concrete and grass.
/home/whx/Dataset/semi-aves/trainval_images/18/37.jpg	bare branches, muted greens.
/home/whx/Dataset/semi-aves/trainval_images/18/29.jpg	Clear blue sky.
/home/whx/Dataset/semi-aves/trainval_images/18/3.jpg	The background is blurred green foliage.
/home/whx/Dataset/semi-aves/trainval_images/18/9.jpg	green foliage, branches.
/home/whx/Dataset/semi-aves/trainval_images/18/7.jpg	brick wall, window, flowers.
/home/whx/Dataset/semi-aves/trainval_images/19/27.jpg	muddy water, grassy bank.
/home/whx/Dataset/semi-aves/trainval_images/19/19.jpg	A bird stands on wet sand.
/home/whx/Dataset/semi-aves/trainval_images/19/24.jpg	water.
/home/whx/Dataset/semi-aves/trainval_images/19/22.jpg	water and grass.
/home/whx/Dataset/semi-aves/trainval_images/19/15.jpg	water
/home/whx/Dataset/semi-aves/trainval_images/19/4.jpg	water, waves, sunlight.
/home/whx/Dataset/semi-aves/trainval_images/19/18.jpg	gray water.
/home/whx/Dataset/semi-aves/trainval_images/19/17.jpg	Wet, rippling water.
/home/whx/Dataset/semi-aves/trainval_images/19/3.jpg	calm water.
/home/whx/Dataset/semi-aves/trainval_images/19/10.jpg	Clear blue sky.
/home/whx/Dataset/semi-aves/trainval_images/19/1.jpg	muddy water.
/home/whx/Dataset/semi-aves/trainval_images/19/13.jpg	Wet sand, water, waves.
/home/whx/Dataset/semi-aves/trainval_images/19/2.jpg	The background is a blurred, water-filled area.
/home/whx/Dataset/semi-aves/trainval_images/19/12.jpg	Water and sand.
/home/whx/Dataset/semi-aves/trainval_images/19/25.jpg	Wet sand and water.
/home/whx/Dataset/semi-aves/trainval_images/19/16.jpg	water, ripples, reflections.
/home/whx/Dataset/semi-aves/trainval_images/20/21.jpg	The background consists of green foliage and scattered leaves.
/home/whx/Dataset/semi-aves/trainval_images/20/7.jpg	A bird in a tree with bare branches and some green leaves.
/home/whx/Dataset/semi-aves/trainval_images/20/24.jpg	tree branches, leaves, sky.
/home/whx/Dataset/semi-aves/trainval_images/20/4.jpg	tree branches and leaves.
/home/whx/Dataset/semi-aves/trainval_images/20/14.jpg	A bird against a blue sky.
/home/whx/Dataset/semi-aves/trainval_images/20/18.jpg	Green leaves, blue sky.
/home/whx/Dataset/semi-aves/trainval_images/20/2.jpg	A bird perched on a tree with green leaves and seed pods.
/home/whx/Dataset/semi-aves/trainval_images/20/8.jpg	A bird perched on a branch with green leaves.
/home/whx/Dataset/semi-aves/trainval_images/20/11.jpg	Grass and dirt.
/home/whx/Dataset/semi-aves/trainval_images/20/9.jpg	A bird perched on a tree branch against a blue sky.
/home/whx/Dataset/semi-aves/trainval_images/20/30.jpg	trees, shed, sky.
/home/whx/Dataset/semi-aves/trainval_images/20/17.jpg	tree branches, blurred background.
/home/whx/Dataset/semi-aves/trainval_images/20/3.jpg	A bird perched on a bench with blurred trees in the background.
/home/whx/Dataset/semi-aves/trainval_images/20/31.jpg	A bird in a leafy tree.
/home/whx/Dataset/semi-aves/trainval_images/20/28.jpg	garage, cars, concrete.
/home/whx/Dataset/semi-aves/trainval_images/20/23.jpg	A bird perched on a tree branch in a forested area.
/home/whx/Dataset/semi-aves/trainval_images/21/2.jpg	Clear blue sky.
/home/whx/Dataset/semi-aves/trainval_images/21/26.jpg	pond, rocks, fence.
/home/whx/Dataset/semi-aves/trainval_images/21/9.jpg	A bird soars against a pale, cloudy sky.
/home/whx/Dataset/semi-aves/trainval_images/21/0.jpg	Clear blue sky.
/home/whx/Dataset/semi-aves/trainval_images/21/19.jpg	concrete steps, shadow, fence.
/home/whx/Dataset/semi-aves/trainval_images/21/21.jpg	Grass and leaves.
/home/whx/Dataset/semi-aves/trainval_images/21/28.jpg	The background is a clear, light blue sky.
/home/whx/Dataset/semi-aves/trainval_images/21/31.jpg	The background is a pale sky with silhouettes of trees.
/home/whx/Dataset/semi-aves/trainval_images/21/13.jpg	water, railing, bike, brick path.
/home/whx/Dataset/semi-aves/trainval_images/21/3.jpg	dry grass
/home/whx/Dataset/semi-aves/trainval_images/21/1.jpg	grass, fence, building, van.
/home/whx/Dataset/semi-aves/trainval_images/21/6.jpg	Clear blue sky.
/home/whx/Dataset/semi-aves/trainval_images/21/7.jpg	snow, grass, sidewalk, building.
/home/whx/Dataset/semi-aves/trainval_images/21/18.jpg	clear blue sky.
/home/whx/Dataset/semi-aves/trainval_images/21/23.jpg	water and wooden surface
/home/whx/Dataset/semi-aves/trainval_images/21/5.jpg	The background of the bird is a concrete surface with some scattered debris and a tree trunk.
/home/whx/Dataset/semi-aves/trainval_images/22/7.jpg	water.
/home/whx/Dataset/semi-aves/trainval_images/22/28.jpg	water, green foliage.
/home/whx/Dataset/semi-aves/trainval_images/22/10.jpg	water.
/home/whx/Dataset/semi-aves/trainval_images/22/15.jpg	muddy wetland.
/home/whx/Dataset/semi-aves/trainval_images/22/35.jpg	dark water
/home/whx/Dataset/semi-aves/trainval_images/22/6.jpg	The background is a flat, wet surface with ripples and reflections.
/home/whx/Dataset/semi-aves/trainval_images/22/27.jpg	Dark water.
/home/whx/Dataset/semi-aves/trainval_images/22/29.jpg	water with reflections.
/home/whx/Dataset/semi-aves/trainval_images/22/12.jpg	calm water.
/home/whx/Dataset/semi-aves/trainval_images/22/25.jpg	Wetland with grass and water.
/home/whx/Dataset/semi-aves/trainval_images/22/17.jpg	Green algae, water, rocks.
/home/whx/Dataset/semi-aves/trainval_images/22/26.jpg	Grassy bank.
/home/whx/Dataset/semi-aves/trainval_images/22/9.jpg	muddy ground, water, grass.
/home/whx/Dataset/semi-aves/trainval_images/22/31.jpg	muddy, grassy, shallow water.
/home/whx/Dataset/semi-aves/trainval_images/22/8.jpg	water with ripples and debris.
/home/whx/Dataset/semi-aves/trainval_images/22/22.jpg	water, ripples, reflections.
/home/whx/Dataset/semi-aves/trainval_images/23/30.jpg	A bird stands on a sandy beach with scattered shells.
/home/whx/Dataset/semi-aves/trainval_images/23/20.jpg	shallow water.
/home/whx/Dataset/semi-aves/trainval_images/23/6.jpg	The background is sandy.
/home/whx/Dataset/semi-aves/trainval_images/23/13.jpg	A bird against a clear sky.
/home/whx/Dataset/semi-aves/trainval_images/23/41.jpg	Clear blue sky.
/home/whx/Dataset/semi-aves/trainval_images/23/51.jpg	ocean waves.
/home/whx/Dataset/semi-aves/trainval_images/23/2.jpg	water and sand.
/home/whx/Dataset/semi-aves/trainval_images/23/1.jpg	a bird against a gray sky.
/home/whx/Dataset/semi-aves/trainval_images/23/0.jpg	A bird perched on a wooden post with a blurred blue background.
/home/whx/Dataset/semi-aves/trainval_images/23/18.jpg	water
/home/whx/Dataset/semi-aves/trainval_images/23/38.jpg	The background is sandy.
/home/whx/Dataset/semi-aves/trainval_images/23/47.jpg	water and sand.
/home/whx/Dataset/semi-aves/trainval_images/23/28.jpg	Cloudy sky.
/home/whx/Dataset/semi-aves/trainval_images/23/25.jpg	The background is a blurred, sandy beach.
/home/whx/Dataset/semi-aves/trainval_images/23/48.jpg	foggy beach.
/home/whx/Dataset/semi-aves/trainval_images/23/39.jpg	Wavy water.
/home/whx/Dataset/semi-aves/trainval_images/24/4.jpg	dark, water, ice, rocks
/home/whx/Dataset/semi-aves/trainval_images/24/38.jpg	A bird stands on seaweed.
/home/whx/Dataset/semi-aves/trainval_images/24/20.jpg	a bird in a clear sky.
/home/whx/Dataset/semi-aves/trainval_images/24/29.jpg	Grass and foliage.
/home/whx/Dataset/semi-aves/trainval_images/24/7.jpg	water, trees, branches.
/home/whx/Dataset/semi-aves/trainval_images/24/16.jpg	Rocks and water.
/home/whx/Dataset/semi-aves/trainval_images/24/13.jpg	blue water.
/home/whx/Dataset/semi-aves/trainval_images/24/30.jpg	A bird stands on a rock near water.
/home/whx/Dataset/semi-aves/trainval_images/24/21.jpg	water, reflections, grass.
/home/whx/Dataset/semi-aves/trainval_images/24/11.jpg	Grass and flowers.
/home/whx/Dataset/semi-aves/trainval_images/24/8.jpg	The background is a calm body of water.
/home/whx/Dataset/semi-aves/trainval_images/24/5.jpg	Blue sky, blurred water.
/home/whx/Dataset/semi-aves/trainval_images/24/17.jpg	gray sky
/home/whx/Dataset/semi-aves/trainval_images/24/6.jpg	Grassy field, trees, fence, house.
/home/whx/Dataset/semi-aves/trainval_images/24/9.jpg	The background is dark and blurry.
/home/whx/Dataset/semi-aves/trainval_images/24/25.jpg	A bird in a nest surrounded by grass and reeds.
/home/whx/Dataset/semi-aves/trainval_images/25/15.jpg	muddy water, vegetation.
/home/whx/Dataset/semi-aves/trainval_images/25/23.jpg	Dark, blurred background.
/home/whx/Dataset/semi-aves/trainval_images/25/5.jpg	The background is a blurred, grayish sky.
/home/whx/Dataset/semi-aves/trainval_images/25/17.jpg	a bird on rocks with greenery.
/home/whx/Dataset/semi-aves/trainval_images/25/33.jpg	mossy concrete, fallen leaves.
/home/whx/Dataset/semi-aves/trainval_images/25/24.jpg	water, branches, leaves.
/home/whx/Dataset/semi-aves/trainval_images/25/14.jpg	Green grass, plants, and leaves.
/home/whx/Dataset/semi-aves/trainval_images/25/2.jpg	A bird stands on mossy ground near water.
/home/whx/Dataset/semi-aves/trainval_images/25/20.jpg	mulch
/home/whx/Dataset/semi-aves/trainval_images/25/18.jpg	dark, rocky, textured background.
/home/whx/Dataset/semi-aves/trainval_images/25/27.jpg	muddy ground with scattered leaves.
/home/whx/Dataset/semi-aves/trainval_images/25/10.jpg	The background is a blurred mix of earthy tones and scattered leaves.
/home/whx/Dataset/semi-aves/trainval_images/25/7.jpg	rocky stream background.
/home/whx/Dataset/semi-aves/trainval_images/25/12.jpg	rocky wall, greenery.
/home/whx/Dataset/semi-aves/trainval_images/25/9.jpg	a bird on rocky ground with scattered leaves.
/home/whx/Dataset/semi-aves/trainval_images/25/1.jpg	a bird on a wire against a clear blue sky.
/home/whx/Dataset/semi-aves/trainval_images/26/20.jpg	calm blue water.
/home/whx/Dataset/semi-aves/trainval_images/26/11.jpg	A bird on a sandy beach with ocean waves in the background.
/home/whx/Dataset/semi-aves/trainval_images/26/45.jpg	calm water.
/home/whx/Dataset/semi-aves/trainval_images/26/37.jpg	water
/home/whx/Dataset/semi-aves/trainval_images/26/19.jpg	blue water.
/home/whx/Dataset/semi-aves/trainval_images/26/15.jpg	calm water.
/home/whx/Dataset/semi-aves/trainval_images/26/21.jpg	calm blue water.
/home/whx/Dataset/semi-aves/trainval_images/26/6.jpg	water.
/home/whx/Dataset/semi-aves/trainval_images/26/34.jpg	blue water.
/home/whx/Dataset/semi-aves/trainval_images/26/5.jpg	water
/home/whx/Dataset/semi-aves/trainval_images/26/40.jpg	Reeds and water.
/home/whx/Dataset/semi-aves/trainval_images/26/14.jpg	water.
/home/whx/Dataset/semi-aves/trainval_images/26/1.jpg	calm blue water, rocky shore.
/home/whx/Dataset/semi-aves/trainval_images/26/35.jpg	A bird in calm blue water.
/home/whx/Dataset/semi-aves/trainval_images/26/25.jpg	blue water.
/home/whx/Dataset/semi-aves/trainval_images/26/2.jpg	calm blue water.
/home/whx/Dataset/semi-aves/trainval_images/27/17.jpg	water
/home/whx/Dataset/semi-aves/trainval_images/27/35.jpg	calm blue water
/home/whx/Dataset/semi-aves/trainval_images/27/4.jpg	Ocean waves.
/home/whx/Dataset/semi-aves/trainval_images/27/41.jpg	Clear blue sky.
/home/whx/Dataset/semi-aves/trainval_images/27/1.jpg	water
/home/whx/Dataset/semi-aves/trainval_images/27/0.jpg	Foggy, muted background.
/home/whx/Dataset/semi-aves/trainval_images/27/18.jpg	Rippling water.
/home/whx/Dataset/semi-aves/trainval_images/27/22.jpg	The background is a blurred body of water.
/home/whx/Dataset/semi-aves/trainval_images/27/31.jpg	The background is sandy.
/home/whx/Dataset/semi-aves/trainval_images/27/30.jpg	A bird soars over a blue ocean.
/home/whx/Dataset/semi-aves/trainval_images/27/9.jpg	A bird soars over calm water.
/home/whx/Dataset/semi-aves/trainval_images/27/6.jpg	a bird in a pale sky.
/home/whx/Dataset/semi-aves/trainval_images/27/20.jpg	A bird in water with seaweed.
/home/whx/Dataset/semi-aves/trainval_images/27/2.jpg	a bird on a pebble beach.
/home/whx/Dataset/semi-aves/trainval_images/27/16.jpg	gray water.
/home/whx/Dataset/semi-aves/trainval_images/27/21.jpg	A bird soars over rippling water.
/home/whx/Dataset/semi-aves/trainval_images/28/11.jpg	bare branches, overcast sky.
/home/whx/Dataset/semi-aves/trainval_images/28/37.jpg	Clear blue sky.
/home/whx/Dataset/semi-aves/trainval_images/28/9.jpg	A bird perched on tree trunk with green moss.
/home/whx/Dataset/semi-aves/trainval_images/28/35.jpg	tree trunk, green foliage.
/home/whx/Dataset/semi-aves/trainval_images/28/20.jpg	rocky surface
/home/whx/Dataset/semi-aves/trainval_images/28/19.jpg	bare trees, overcast sky.
/home/whx/Dataset/semi-aves/trainval_images/28/6.jpg	bare branches, overcast sky.
/home/whx/Dataset/semi-aves/trainval_images/28/22.jpg	A bird perched on a tree branch with a blurred background.
/home/whx/Dataset/semi-aves/trainval_images/28/16.jpg	bare branches, overcast sky.
/home/whx/Dataset/semi-aves/trainval_images/28/26.jpg	Green foliage.
/home/whx/Dataset/semi-aves/trainval_images/28/32.jpg	A bird perched on a branch against a clear sky.
/home/whx/Dataset/semi-aves/trainval_images/28/34.jpg	green leaves, tree branch.
/home/whx/Dataset/semi-aves/trainval_images/28/4.jpg	The background is a plain, light gray sky.
/home/whx/Dataset/semi-aves/trainval_images/28/31.jpg	tree trunk, moss, blurred leaves.
/home/whx/Dataset/semi-aves/trainval_images/28/25.jpg	Clear blue sky, bare branches.
/home/whx/Dataset/semi-aves/trainval_images/28/17.jpg	bare branches, overcast sky.
/home/whx/Dataset/semi-aves/trainval_images/29/29.jpg	The background of the bird is a blurred body of water.
/home/whx/Dataset/semi-aves/trainval_images/29/23.jpg	water
/home/whx/Dataset/semi-aves/trainval_images/29/1.jpg	A bird in water.
/home/whx/Dataset/semi-aves/trainval_images/29/24.jpg	A bird soars over calm blue water.
/home/whx/Dataset/semi-aves/trainval_images/29/10.jpg	A bird on a rocky cliff.
/home/whx/Dataset/semi-aves/trainval_images/29/19.jpg	Ocean waves.
/home/whx/Dataset/semi-aves/trainval_images/29/21.jpg	Rocky cliff.
/home/whx/Dataset/semi-aves/trainval_images/29/17.jpg	A bird soars over water.
/home/whx/Dataset/semi-aves/trainval_images/29/22.jpg	A bird perches on a rugged, yellowish cliff face.
/home/whx/Dataset/semi-aves/trainval_images/29/6.jpg	Rocky cliff.
/home/whx/Dataset/semi-aves/trainval_images/29/5.jpg	water with ripples.
/home/whx/Dataset/semi-aves/trainval_images/29/9.jpg	Rocky cliff.
/home/whx/Dataset/semi-aves/trainval_images/29/13.jpg	ocean waves.
/home/whx/Dataset/semi-aves/trainval_images/29/30.jpg	Wavy ocean.
/home/whx/Dataset/semi-aves/trainval_images/29/20.jpg	Rocky cliff, blue sky, ocean.
/home/whx/Dataset/semi-aves/trainval_images/29/28.jpg	Rocky cliffside, green moss, water.
/home/whx/Dataset/semi-aves/trainval_images/30/42.jpg	dirt mound, dry ground, sparse vegetation.
/home/whx/Dataset/semi-aves/trainval_images/30/15.jpg	bird on ground near tire.
/home/whx/Dataset/semi-aves/trainval_images/30/16.jpg	Grassy field with dry patches.
/home/whx/Dataset/semi-aves/trainval_images/30/4.jpg	Cloudy sky.
/home/whx/Dataset/semi-aves/trainval_images/30/28.jpg	The background is a pale, overcast sky.
/home/whx/Dataset/semi-aves/trainval_images/30/27.jpg	Blurred green foliage.
/home/whx/Dataset/semi-aves/trainval_images/30/35.jpg	green foliage.
/home/whx/Dataset/semi-aves/trainval_images/30/41.jpg	bare branches, clear blue sky.
/home/whx/Dataset/semi-aves/trainval_images/30/34.jpg	dirt path, grass, tree trunk.
/home/whx/Dataset/semi-aves/trainval_images/30/39.jpg	clear blue sky.
/home/whx/Dataset/semi-aves/trainval_images/30/29.jpg	Grassy ground, gray wall.
/home/whx/Dataset/semi-aves/trainval_images/30/0.jpg	The background is a plain, light gray sky.
/home/whx/Dataset/semi-aves/trainval_images/30/25.jpg	The background is a plain, light sky.
/home/whx/Dataset/semi-aves/trainval_images/30/26.jpg	bare branches, blurred background.
/home/whx/Dataset/semi-aves/trainval_images/30/10.jpg	The background is green foliage.
/home/whx/Dataset/semi-aves/trainval_images/30/5.jpg	The background is a plain, light gray sky.
/home/whx/Dataset/semi-aves/trainval_images/31/16.jpg	Blue sky with clouds.
/home/whx/Dataset/semi-aves/trainval_images/31/15.jpg	Green leaves, corrugated metal.
/home/whx/Dataset/semi-aves/trainval_images/31/0.jpg	The background is a mix of gravel and a dark surface.
/home/whx/Dataset/semi-aves/trainval_images/31/25.jpg	A bird perched on a branch with a blurred background of trees and foliage.
/home/whx/Dataset/semi-aves/trainval_images/31/20.jpg	Clear blue sky.
/home/whx/Dataset/semi-aves/trainval_images/31/13.jpg	Eucalyptus branches and leaves.
/home/whx/Dataset/semi-aves/trainval_images/31/18.jpg	green foliage, white wall, metal structure.
/home/whx/Dataset/semi-aves/trainval_images/31/29.jpg	The background is a plain, light sky.
/home/whx/Dataset/semi-aves/trainval_images/31/1.jpg	A bird perched on a branch against a clear blue sky.
/home/whx/Dataset/semi-aves/trainval_images/31/22.jpg	A bird perched on a railing with buildings and trees in the background.
/home/whx/Dataset/semi-aves/trainval_images/31/11.jpg	The background of the bird is a clear blue sky.
/home/whx/Dataset/semi-aves/trainval_images/31/28.jpg	The background is a plain, light gray sky.
/home/whx/Dataset/semi-aves/trainval_images/31/4.jpg	tree branches, sky.
/home/whx/Dataset/semi-aves/trainval_images/31/27.jpg	A bird perches on a banana tree in front of a house.
/home/whx/Dataset/semi-aves/trainval_images/31/19.jpg	Green foliage.
/home/whx/Dataset/semi-aves/trainval_images/31/17.jpg	Clear blue sky.
/home/whx/Dataset/semi-aves/trainval_images/32/16.jpg	dry, barren ground
/home/whx/Dataset/semi-aves/trainval_images/32/17.jpg	Grass and mud.
/home/whx/Dataset/semi-aves/trainval_images/32/25.jpg	Frozen water, sparse vegetation.
/home/whx/Dataset/semi-aves/trainval_images/32/36.jpg	The background of the bird is a calm body of water.
/home/whx/Dataset/semi-aves/trainval_images/32/37.jpg	A bird in water with trees and grass in the background.
/home/whx/Dataset/semi-aves/trainval_images/32/11.jpg	parked cars, grass, trees.
/home/whx/Dataset/semi-aves/trainval_images/32/5.jpg	Grassy field with fence.
/home/whx/Dataset/semi-aves/trainval_images/32/14.jpg	Reeds and water.
/home/whx/Dataset/semi-aves/trainval_images/32/31.jpg	muddy bank, calm water, reflection.
/home/whx/Dataset/semi-aves/trainval_images/32/0.jpg	The background of the bird includes a mix of dry grass, rocks, and a small body of water.
/home/whx/Dataset/semi-aves/trainval_images/32/33.jpg	Grassy field.
/home/whx/Dataset/semi-aves/trainval_images/32/39.jpg	Green grass, trees, sunny.
/home/whx/Dataset/semi-aves/trainval_images/32/10.jpg	Ripples in water.
/home/whx/Dataset/semi-aves/trainval_images/32/28.jpg	muddy water
/home/whx/Dataset/semi-aves/trainval_images/32/20.jpg	Grassy field with road in background.
/home/whx/Dataset/semi-aves/trainval_images/32/32.jpg	Water and reeds.
/home/whx/Dataset/semi-aves/trainval_images/33/43.jpg	Green foliage, blurred.
/home/whx/Dataset/semi-aves/trainval_images/33/40.jpg	blurry, indistinct, muted colors.
/home/whx/Dataset/semi-aves/trainval_images/33/14.jpg	Clear blue sky.
/home/whx/Dataset/semi-aves/trainval_images/33/15.jpg	A bird perched on tall grass against a white background.
/home/whx/Dataset/semi-aves/trainval_images/33/20.jpg	A bird perched on a branch against a clear blue sky.
/home/whx/Dataset/semi-aves/trainval_images/33/31.jpg	A bird in a tree with green leaves and branches.
/home/whx/Dataset/semi-aves/trainval_images/33/30.jpg	blurred green background.
/home/whx/Dataset/semi-aves/trainval_images/33/41.jpg	A bird on grass near concrete.
/home/whx/Dataset/semi-aves/trainval_images/33/26.jpg	Green grass and plants.
/home/whx/Dataset/semi-aves/trainval_images/33/21.jpg	A bird perched on a tree branch with green leaves and a gray sky.
/home/whx/Dataset/semi-aves/trainval_images/33/17.jpg	Green leaves, blurred background.
/home/whx/Dataset/semi-aves/trainval_images/33/36.jpg	Grass, twigs, rock.
/home/whx/Dataset/semi-aves/trainval_images/33/3.jpg	green hedge, brick wall
/home/whx/Dataset/semi-aves/trainval_images/33/29.jpg	grass
/home/whx/Dataset/semi-aves/trainval_images/33/2.jpg	dry leaves, branches, sky.
/home/whx/Dataset/semi-aves/trainval_images/33/24.jpg	bird on wooden ledge, water in background.
/home/whx/Dataset/semi-aves/trainval_images/34/32.jpg	A bird stands on greenery near a canal with a stone building and a blue boat in the background.
/home/whx/Dataset/semi-aves/trainval_images/34/23.jpg	Reeds and water.
/home/whx/Dataset/semi-aves/trainval_images/34/10.jpg	water
/home/whx/Dataset/semi-aves/trainval_images/34/37.jpg	water with reflections.
/home/whx/Dataset/semi-aves/trainval_images/34/13.jpg	dirt, shadows, grass.
/home/whx/Dataset/semi-aves/trainval_images/34/19.jpg	tree, grass, sunlight.
/home/whx/Dataset/semi-aves/trainval_images/34/34.jpg	dark water with debris.
/home/whx/Dataset/semi-aves/trainval_images/34/22.jpg	water, reeds, debris.
/home/whx/Dataset/semi-aves/trainval_images/34/9.jpg	water
/home/whx/Dataset/semi-aves/trainval_images/34/27.jpg	Reeds and water.
/home/whx/Dataset/semi-aves/trainval_images/34/17.jpg	water
/home/whx/Dataset/semi-aves/trainval_images/34/11.jpg	water
/home/whx/Dataset/semi-aves/trainval_images/34/5.jpg	rocky, snowy ground.
/home/whx/Dataset/semi-aves/trainval_images/34/30.jpg	water, reeds.
/home/whx/Dataset/semi-aves/trainval_images/34/24.jpg	a bird stands on dirt near rocks.
/home/whx/Dataset/semi-aves/trainval_images/34/14.jpg	calm water.
/home/whx/Dataset/semi-aves/trainval_images/35/5.jpg	Dark, rippling water.
/home/whx/Dataset/semi-aves/trainval_images/35/7.jpg	water
/home/whx/Dataset/semi-aves/trainval_images/35/32.jpg	muddy water.
/home/whx/Dataset/semi-aves/trainval_images/35/24.jpg	water.
/home/whx/Dataset/semi-aves/trainval_images/35/11.jpg	dark water, green edge.
/home/whx/Dataset/semi-aves/trainval_images/35/9.jpg	The background is a calm blue water.
/home/whx/Dataset/semi-aves/trainval_images/35/8.jpg	Ripples in water.
/home/whx/Dataset/semi-aves/trainval_images/35/13.jpg	Water with algae.
/home/whx/Dataset/semi-aves/trainval_images/35/6.jpg	dark, reflective water.
/home/whx/Dataset/semi-aves/trainval_images/35/18.jpg	water with lily pads.
/home/whx/Dataset/semi-aves/trainval_images/35/23.jpg	water
/home/whx/Dataset/semi-aves/trainval_images/35/33.jpg	The background is water.
/home/whx/Dataset/semi-aves/trainval_images/35/1.jpg	dark water
/home/whx/Dataset/semi-aves/trainval_images/35/15.jpg	Green foliage, water, lily pads.
/home/whx/Dataset/semi-aves/trainval_images/35/21.jpg	pond with lily pads and reeds.
/home/whx/Dataset/semi-aves/trainval_images/35/12.jpg	Water.
/home/whx/Dataset/semi-aves/trainval_images/36/22.jpg	a bird on a wire against a pale sky.
/home/whx/Dataset/semi-aves/trainval_images/36/24.jpg	The background is plain white.
/home/whx/Dataset/semi-aves/trainval_images/36/32.jpg	Overcast sky.
/home/whx/Dataset/semi-aves/trainval_images/36/10.jpg	Green and blurred.
/home/whx/Dataset/semi-aves/trainval_images/36/2.jpg	A bird perched on a wire against a clear blue sky.
/home/whx/Dataset/semi-aves/trainval_images/36/5.jpg	dry grass, green plants.
/home/whx/Dataset/semi-aves/trainval_images/36/25.jpg	green foliage, tree branches.
/home/whx/Dataset/semi-aves/trainval_images/36/8.jpg	dirt, grass, blurred.
/home/whx/Dataset/semi-aves/trainval_images/36/20.jpg	Green foliage.
/home/whx/Dataset/semi-aves/trainval_images/36/3.jpg	Green, blurred background.
/home/whx/Dataset/semi-aves/trainval_images/36/29.jpg	A bird perched on a branch in front of a building with tiled walls and windows.
/home/whx/Dataset/semi-aves/trainval_images/36/23.jpg	Green, blurred background.
/home/whx/Dataset/semi-aves/trainval_images/36/34.jpg	gray, overcast sky.
/home/whx/Dataset/semi-aves/trainval_images/36/4.jpg	A bird perched on a wire, with a tree trunk and sky in the background.
/home/whx/Dataset/semi-aves/trainval_images/36/19.jpg	The background of the bird is a blurred, urban setting with a fence and greenery.
/home/whx/Dataset/semi-aves/trainval_images/36/21.jpg	Clear blue sky.
/home/whx/Dataset/semi-aves/trainval_images/37/5.jpg	dry field, power lines, trees.
/home/whx/Dataset/semi-aves/trainval_images/37/28.jpg	Grassy field with path.
/home/whx/Dataset/semi-aves/trainval_images/37/15.jpg	dry grass, water.
/home/whx/Dataset/semi-aves/trainval_images/37/24.jpg	Clear blue sky.
/home/whx/Dataset/semi-aves/trainval_images/37/27.jpg	Green grass.
/home/whx/Dataset/semi-aves/trainval_images/37/25.jpg	dry grass, water.
/home/whx/Dataset/semi-aves/trainval_images/37/10.jpg	Frozen lake, trees, distant hills.
/home/whx/Dataset/semi-aves/trainval_images/37/20.jpg	Clear blue sky.
/home/whx/Dataset/semi-aves/trainval_images/37/38.jpg	A bird against a clear sky.
/home/whx/Dataset/semi-aves/trainval_images/37/4.jpg	water
/home/whx/Dataset/semi-aves/trainval_images/37/19.jpg	Reeds and grass.
/home/whx/Dataset/semi-aves/trainval_images/37/37.jpg	Clear blue sky.
/home/whx/Dataset/semi-aves/trainval_images/37/6.jpg	dry grass, water, rocks.
/home/whx/Dataset/semi-aves/trainval_images/37/3.jpg	Clear blue sky.
/home/whx/Dataset/semi-aves/trainval_images/37/13.jpg	blue water.
/home/whx/Dataset/semi-aves/trainval_images/37/29.jpg	The background is a clear, light gray sky.
/home/whx/Dataset/semi-aves/trainval_images/38/26.jpg	Dry, barren landscape.
/home/whx/Dataset/semi-aves/trainval_images/38/7.jpg	A bird perched on a branch with a blurred mountainous background.
/home/whx/Dataset/semi-aves/trainval_images/38/21.jpg	Clear blue sky.
/home/whx/Dataset/semi-aves/trainval_images/38/9.jpg	A bird soars against a clear blue sky.
/home/whx/Dataset/semi-aves/trainval_images/38/8.jpg	Clear blue sky.
/home/whx/Dataset/semi-aves/trainval_images/38/31.jpg	A bird perched on a wooden pole with a cloudy sky and power lines in the background.
/home/whx/Dataset/semi-aves/trainval_images/38/12.jpg	Clear blue sky.
/home/whx/Dataset/semi-aves/trainval_images/38/23.jpg	plowed field
/home/whx/Dataset/semi-aves/trainval_images/38/17.jpg	Grassy field with shrubs.
/home/whx/Dataset/semi-aves/trainval_images/38/0.jpg	clear blue sky.
/home/whx/Dataset/semi-aves/trainval_images/38/6.jpg	Snowy ground with patches of brown.
/home/whx/Dataset/semi-aves/trainval_images/38/16.jpg	Cloudy sky.
/home/whx/Dataset/semi-aves/trainval_images/38/14.jpg	Clear blue sky.
/home/whx/Dataset/semi-aves/trainval_images/38/18.jpg	The background is a plain, light gray sky.
/home/whx/Dataset/semi-aves/trainval_images/38/25.jpg	Clear blue sky.
/home/whx/Dataset/semi-aves/trainval_images/38/19.jpg	A bird soars against a cloudy sky.
/home/whx/Dataset/semi-aves/trainval_images/39/20.jpg	The bird is set against a plain, light gray sky.
/home/whx/Dataset/semi-aves/trainval_images/39/19.jpg	tree branches, sky.
/home/whx/Dataset/semi-aves/trainval_images/39/7.jpg	pine trees, snowy background.
/home/whx/Dataset/semi-aves/trainval_images/39/8.jpg	Clear blue sky.
/home/whx/Dataset/semi-aves/trainval_images/39/6.jpg	Overcast sky.
/home/whx/Dataset/semi-aves/trainval_images/39/5.jpg	dry grass
/home/whx/Dataset/semi-aves/trainval_images/39/9.jpg	A bird soars against a pale, overcast sky.
/home/whx/Dataset/semi-aves/trainval_images/39/4.jpg	bare branches, overcast sky.
/home/whx/Dataset/semi-aves/trainval_images/39/17.jpg	Clear blue sky.
/home/whx/Dataset/semi-aves/trainval_images/39/22.jpg	The background is a clear, light blue sky.
/home/whx/Dataset/semi-aves/trainval_images/39/23.jpg	A bird soars against a clear blue sky.
/home/whx/Dataset/semi-aves/trainval_images/39/26.jpg	Clear blue sky.
/home/whx/Dataset/semi-aves/trainval_images/39/15.jpg	Clear blue sky.
/home/whx/Dataset/semi-aves/trainval_images/39/12.jpg	A bird perched in a tree with bare branches and green leaves.
/home/whx/Dataset/semi-aves/trainval_images/39/25.jpg	Cloudy sky, mountain.
/home/whx/Dataset/semi-aves/trainval_images/39/10.jpg	Clear blue sky.
/home/whx/Dataset/semi-aves/trainval_images/40/28.jpg	The background is a clear, light blue sky.
/home/whx/Dataset/semi-aves/trainval_images/40/10.jpg	blue ocean.
/home/whx/Dataset/semi-aves/trainval_images/40/34.jpg	Ocean.
/home/whx/Dataset/semi-aves/trainval_images/40/22.jpg	The background is a uniform gray sky.
/home/whx/Dataset/semi-aves/trainval_images/40/31.jpg	Ocean.
/home/whx/Dataset/semi-aves/trainval_images/40/26.jpg	Overcast sky, calm sea.
/home/whx/Dataset/semi-aves/trainval_images/40/7.jpg	ocean
/home/whx/Dataset/semi-aves/trainval_images/40/13.jpg	Clear blue sky.
/home/whx/Dataset/semi-aves/trainval_images/40/24.jpg	Overcast sky, choppy water.
/home/whx/Dataset/semi-aves/trainval_images/40/6.jpg	Ocean waves.
/home/whx/Dataset/semi-aves/trainval_images/40/9.jpg	A bird soars against a pale blue sky.
/home/whx/Dataset/semi-aves/trainval_images/40/25.jpg	The background of the bird is sandy.
/home/whx/Dataset/semi-aves/trainval_images/40/3.jpg	Clear blue sky.
/home/whx/Dataset/semi-aves/trainval_images/40/39.jpg	A bird stands on a rocky, sandy ground with other birds in the background.
/home/whx/Dataset/semi-aves/trainval_images/40/0.jpg	gray sky.
/home/whx/Dataset/semi-aves/trainval_images/40/27.jpg	blue ocean water.
/home/whx/Dataset/semi-aves/trainval_images/41/36.jpg	The background is blurred green.
/home/whx/Dataset/semi-aves/trainval_images/41/0.jpg	tree bark and branches.
/home/whx/Dataset/semi-aves/trainval_images/41/34.jpg	bare branches, clear sky.
/home/whx/Dataset/semi-aves/trainval_images/41/18.jpg	The background is blurred, showing a snowy, wooded area.
/home/whx/Dataset/semi-aves/trainval_images/41/8.jpg	bare branches, overcast sky.
/home/whx/Dataset/semi-aves/trainval_images/41/4.jpg	tree branches, leaves, sky.
/home/whx/Dataset/semi-aves/trainval_images/41/32.jpg	tree trunk, branches, bark.
/home/whx/Dataset/semi-aves/trainval_images/41/23.jpg	tree trunk, blue sky.
/home/whx/Dataset/semi-aves/trainval_images/41/19.jpg	tree trunk, branches, moss.
/home/whx/Dataset/semi-aves/trainval_images/41/27.jpg	tree bark.
/home/whx/Dataset/semi-aves/trainval_images/41/42.jpg	A bird against a blue sky.
/home/whx/Dataset/semi-aves/trainval_images/41/22.jpg	Blurred, green, natural.
/home/whx/Dataset/semi-aves/trainval_images/41/24.jpg	Background: blurred trees, snow.
/home/whx/Dataset/semi-aves/trainval_images/41/16.jpg	Grass, basket, person.
/home/whx/Dataset/semi-aves/trainval_images/41/10.jpg	A bird on a tree trunk with blurred blue background.
/home/whx/Dataset/semi-aves/trainval_images/41/41.jpg	A bird on tree bark.
/home/whx/Dataset/semi-aves/trainval_images/42/7.jpg	A bird perched on branches.
/home/whx/Dataset/semi-aves/trainval_images/42/14.jpg	Clear blue sky.
/home/whx/Dataset/semi-aves/trainval_images/42/22.jpg	The background of the bird is a mix of brown and gray tones, possibly indicating a forest or wooded area.
/home/whx/Dataset/semi-aves/trainval_images/42/30.jpg	pine tree branches, blue sky.
/home/whx/Dataset/semi-aves/trainval_images/42/11.jpg	Green foliage.
/home/whx/Dataset/semi-aves/trainval_images/42/9.jpg	Green foliage, blue sky.
/home/whx/Dataset/semi-aves/trainval_images/42/17.jpg	Clear blue sky with a few clouds.
/home/whx/Dataset/semi-aves/trainval_images/42/12.jpg	The background of the bird is a mix of green foliage and a pale sky.
/home/whx/Dataset/semi-aves/trainval_images/42/10.jpg	A bird perched on a leafy branch.
/home/whx/Dataset/semi-aves/trainval_images/42/21.jpg	Blurred grass and foliage.
/home/whx/Dataset/semi-aves/trainval_images/42/18.jpg	The background features trees and a concrete structure.
/home/whx/Dataset/semi-aves/trainval_images/42/15.jpg	green foliage.
/home/whx/Dataset/semi-aves/trainval_images/42/3.jpg	Reeds and water.
/home/whx/Dataset/semi-aves/trainval_images/42/24.jpg	A bird is perched on green vegetation with blurred background.
/home/whx/Dataset/semi-aves/trainval_images/42/29.jpg	Reeds and foliage.
/home/whx/Dataset/semi-aves/trainval_images/42/6.jpg	water, grass, sky.
/home/whx/Dataset/semi-aves/trainval_images/43/35.jpg	A bird perched on a branch with green leaves and blurred background.
/home/whx/Dataset/semi-aves/trainval_images/43/0.jpg	tree branches, green leaves, sky.
/home/whx/Dataset/semi-aves/trainval_images/43/17.jpg	tree branches, sky.
/home/whx/Dataset/semi-aves/trainval_images/43/32.jpg	The background features green foliage and rocks.
/home/whx/Dataset/semi-aves/trainval_images/43/12.jpg	Dry grass and twigs.
/home/whx/Dataset/semi-aves/trainval_images/43/29.jpg	Green foliage, tree trunk.
/home/whx/Dataset/semi-aves/trainval_images/43/33.jpg	green foliage
/home/whx/Dataset/semi-aves/trainval_images/43/26.jpg	The background is a mix of green foliage and brown leaves.
/home/whx/Dataset/semi-aves/trainval_images/43/19.jpg	A bird perched on a branch surrounded by trees.
/home/whx/Dataset/semi-aves/trainval_images/43/22.jpg	dirt, grass, debris.
/home/whx/Dataset/semi-aves/trainval_images/43/5.jpg	A bird perched on a tree trunk with green foliage in the background.
/home/whx/Dataset/semi-aves/trainval_images/43/14.jpg	greenery, wall, water.
/home/whx/Dataset/semi-aves/trainval_images/43/31.jpg	Tree, rock, dry grass.
/home/whx/Dataset/semi-aves/trainval_images/43/21.jpg	blurred greenery.
/home/whx/Dataset/semi-aves/trainval_images/43/16.jpg	Grass and leaves.
/home/whx/Dataset/semi-aves/trainval_images/43/6.jpg	A bird perched on a tree branch with a building in the background.
/home/whx/Dataset/semi-aves/trainval_images/44/23.jpg	green foliage, branches.
/home/whx/Dataset/semi-aves/trainval_images/44/33.jpg	Green foliage, blurred background.
/home/whx/Dataset/semi-aves/trainval_images/44/0.jpg	Clear blue sky.
/home/whx/Dataset/semi-aves/trainval_images/44/24.jpg	A bird perched on a branch with green leaves and a pale sky.
/home/whx/Dataset/semi-aves/trainval_images/44/27.jpg	dry, tangled branches.
/home/whx/Dataset/semi-aves/trainval_images/44/25.jpg	The background is a plain, light sky.
/home/whx/Dataset/semi-aves/trainval_images/44/21.jpg	The background is blurred with hints of green and brown.
/home/whx/Dataset/semi-aves/trainval_images/44/36.jpg	rocky, sandy, shadowed.
/home/whx/Dataset/semi-aves/trainval_images/44/19.jpg	Green grassy field.
/home/whx/Dataset/semi-aves/trainval_images/44/18.jpg	A bird perched on a branch with green leaves and a pale sky.
/home/whx/Dataset/semi-aves/trainval_images/44/37.jpg	Green foliage, purple flowers.
/home/whx/Dataset/semi-aves/trainval_images/44/22.jpg	The background is a plain, light gray sky.
/home/whx/Dataset/semi-aves/trainval_images/44/30.jpg	Clear blue sky.
/home/whx/Dataset/semi-aves/trainval_images/44/2.jpg	Blurred green and purple foliage.
/home/whx/Dataset/semi-aves/trainval_images/44/15.jpg	dry grass.
/home/whx/Dataset/semi-aves/trainval_images/44/7.jpg	The background is a clear, light sky.
/home/whx/Dataset/semi-aves/trainval_images/45/18.jpg	calm blue water.
/home/whx/Dataset/semi-aves/trainval_images/45/1.jpg	water
/home/whx/Dataset/semi-aves/trainval_images/45/13.jpg	gray sky
/home/whx/Dataset/semi-aves/trainval_images/45/23.jpg	calm water.
/home/whx/Dataset/semi-aves/trainval_images/45/20.jpg	water, branches, grass.
/home/whx/Dataset/semi-aves/trainval_images/45/4.jpg	dark water with ripples.
/home/whx/Dataset/semi-aves/trainval_images/45/28.jpg	water
/home/whx/Dataset/semi-aves/trainval_images/45/24.jpg	rippled water
/home/whx/Dataset/semi-aves/trainval_images/45/12.jpg	calm water.
/home/whx/Dataset/semi-aves/trainval_images/45/8.jpg	snowy, water, trees.
/home/whx/Dataset/semi-aves/trainval_images/45/5.jpg	water, other birds, dark background.
/home/whx/Dataset/semi-aves/trainval_images/45/2.jpg	water.
/home/whx/Dataset/semi-aves/trainval_images/45/19.jpg	water.
/home/whx/Dataset/semi-aves/trainval_images/45/0.jpg	water.
/home/whx/Dataset/semi-aves/trainval_images/45/11.jpg	Grassy bank.
/home/whx/Dataset/semi-aves/trainval_images/45/29.jpg	Water with reflections.
/home/whx/Dataset/semi-aves/trainval_images/46/26.jpg	A bird perched on a branch with blurred green foliage.
/home/whx/Dataset/semi-aves/trainval_images/46/34.jpg	dry branches, green leaves.
/home/whx/Dataset/semi-aves/trainval_images/46/19.jpg	The background is a mix of light-colored gravel and small rocks.
/home/whx/Dataset/semi-aves/trainval_images/46/9.jpg	Clear blue sky.
/home/whx/Dataset/semi-aves/trainval_images/46/29.jpg	Clear blue sky.
/home/whx/Dataset/semi-aves/trainval_images/46/16.jpg	The background is a blurred, earthy field.
/home/whx/Dataset/semi-aves/trainval_images/46/31.jpg	dry grass and leaves.
/home/whx/Dataset/semi-aves/trainval_images/46/10.jpg	The background is a plain, light sky.
/home/whx/Dataset/semi-aves/trainval_images/46/38.jpg	A bird perched on tree branches with green leaves and a clear blue sky.
/home/whx/Dataset/semi-aves/trainval_images/46/32.jpg	The background is a mix of dirt and twigs.
/home/whx/Dataset/semi-aves/trainval_images/46/2.jpg	dry, sandy ground with sparse grass.
/home/whx/Dataset/semi-aves/trainval_images/46/17.jpg	dry grass and dirt.
/home/whx/Dataset/semi-aves/trainval_images/46/37.jpg	dirt and rocks.
/home/whx/Dataset/semi-aves/trainval_images/46/3.jpg	Grassy field, blurred background.
/home/whx/Dataset/semi-aves/trainval_images/46/23.jpg	Green, blurred background.
/home/whx/Dataset/semi-aves/trainval_images/46/18.jpg	The background is blurred green.
/home/whx/Dataset/semi-aves/trainval_images/47/13.jpg	water with ripples.
/home/whx/Dataset/semi-aves/trainval_images/47/2.jpg	rocky, water, green algae.
/home/whx/Dataset/semi-aves/trainval_images/47/11.jpg	water with ripples.
/home/whx/Dataset/semi-aves/trainval_images/47/29.jpg	water, branches, leaves.
/home/whx/Dataset/semi-aves/trainval_images/47/21.jpg	water
/home/whx/Dataset/semi-aves/trainval_images/47/14.jpg	water
/home/whx/Dataset/semi-aves/trainval_images/47/0.jpg	A bird in a dark, rippled water with greenery in the background.
/home/whx/Dataset/semi-aves/trainval_images/47/5.jpg	water and chain.
/home/whx/Dataset/semi-aves/trainval_images/47/16.jpg	Marshy water with reeds.
/home/whx/Dataset/semi-aves/trainval_images/47/23.jpg	water, reeds.
/home/whx/Dataset/semi-aves/trainval_images/47/27.jpg	A bird stands on grass near a stone path and water.
/home/whx/Dataset/semi-aves/trainval_images/47/12.jpg	wooden dock, green water.
/home/whx/Dataset/semi-aves/trainval_images/47/8.jpg	Frozen water.
/home/whx/Dataset/semi-aves/trainval_images/47/9.jpg	A bird stands on icy ground near water.
/home/whx/Dataset/semi-aves/trainval_images/47/6.jpg	muddy ground, water
/home/whx/Dataset/semi-aves/trainval_images/47/22.jpg	Reeds and water.
/home/whx/Dataset/semi-aves/trainval_images/48/15.jpg	Ripples in water.
/home/whx/Dataset/semi-aves/trainval_images/48/21.jpg	water, moss, log, chain.
/home/whx/Dataset/semi-aves/trainval_images/48/17.jpg	water, house, rocks
/home/whx/Dataset/semi-aves/trainval_images/48/4.jpg	A bird floats on calm water with reflections of trees.
/home/whx/Dataset/semi-aves/trainval_images/48/35.jpg	snowy trees, calm water.
/home/whx/Dataset/semi-aves/trainval_images/48/33.jpg	dry, tangled vegetation.
/home/whx/Dataset/semi-aves/trainval_images/48/23.jpg	icy water
/home/whx/Dataset/semi-aves/trainval_images/48/29.jpg	A bird in a snowy, calm lake with bare trees.
/home/whx/Dataset/semi-aves/trainval_images/48/16.jpg	water
/home/whx/Dataset/semi-aves/trainval_images/48/36.jpg	water, rocks, driftwood.
/home/whx/Dataset/semi-aves/trainval_images/48/32.jpg	water, reflections.
/home/whx/Dataset/semi-aves/trainval_images/48/1.jpg	water.
/home/whx/Dataset/semi-aves/trainval_images/48/5.jpg	water
/home/whx/Dataset/semi-aves/trainval_images/48/9.jpg	water, ice, reflection.
/home/whx/Dataset/semi-aves/trainval_images/48/20.jpg	water, grass, leaves.
/home/whx/Dataset/semi-aves/trainval_images/48/28.jpg	water with ripples
/home/whx/Dataset/semi-aves/trainval_images/49/17.jpg	A bird stands on wet sand near calm water.
/home/whx/Dataset/semi-aves/trainval_images/49/11.jpg	A bird stands against a blurred, reflective water background.
/home/whx/Dataset/semi-aves/trainval_images/49/19.jpg	dry grass, water, reeds.
/home/whx/Dataset/semi-aves/trainval_images/49/23.jpg	Dry grass, water, dark background.
/home/whx/Dataset/semi-aves/trainval_images/49/7.jpg	A bird stands near water, surrounded by rocks and grass.
/home/whx/Dataset/semi-aves/trainval_images/49/12.jpg	water.
/home/whx/Dataset/semi-aves/trainval_images/49/31.jpg	pond, red branches, grass.
/home/whx/Dataset/semi-aves/trainval_images/49/26.jpg	A bird stands on a wooden dock near water.
/home/whx/Dataset/semi-aves/trainval_images/49/5.jpg	rocky, water.
/home/whx/Dataset/semi-aves/trainval_images/49/15.jpg	A bird stands amidst dry grass and branches near water.
/home/whx/Dataset/semi-aves/trainval_images/49/8.jpg	bare branches, overcast sky.
/home/whx/Dataset/semi-aves/trainval_images/49/29.jpg	Green foliage.
/home/whx/Dataset/semi-aves/trainval_images/49/10.jpg	muddy water
/home/whx/Dataset/semi-aves/trainval_images/49/27.jpg	Clear blue sky.
/home/whx/Dataset/semi-aves/trainval_images/49/21.jpg	A bird stands on rocks near water.
/home/whx/Dataset/semi-aves/trainval_images/49/18.jpg	A bird stands on a blue surface with rippling water in the background.
/home/whx/Dataset/semi-aves/trainval_images/50/1.jpg	The background is a plain, light gray sky.
/home/whx/Dataset/semi-aves/trainval_images/50/25.jpg	bare branches, snowy ground.
/home/whx/Dataset/semi-aves/trainval_images/50/20.jpg	bare branches, overcast sky.
/home/whx/Dataset/semi-aves/trainval_images/50/27.jpg	a bird in snow with a black bowl.
/home/whx/Dataset/semi-aves/trainval_images/50/15.jpg	The background of the bird consists of soil, leaves, and grass.
/home/whx/Dataset/semi-aves/trainval_images/50/34.jpg	bare branches, blue sky.
/home/whx/Dataset/semi-aves/trainval_images/50/8.jpg	The background is blurred, with muted greens and grays.
/home/whx/Dataset/semi-aves/trainval_images/50/6.jpg	A bird perched on bare branches against a clear blue sky.
/home/whx/Dataset/semi-aves/trainval_images/50/2.jpg	bare branches, overcast sky.
/home/whx/Dataset/semi-aves/trainval_images/50/33.jpg	pine branches.
/home/whx/Dataset/semi-aves/trainval_images/50/23.jpg	Clear blue sky.
/home/whx/Dataset/semi-aves/trainval_images/50/5.jpg	bare branches, sky.
/home/whx/Dataset/semi-aves/trainval_images/50/18.jpg	The background is a plain, light sky.
/home/whx/Dataset/semi-aves/trainval_images/50/14.jpg	The background is a textured, gray surface.
/home/whx/Dataset/semi-aves/trainval_images/50/30.jpg	dry grass and branches.
/home/whx/Dataset/semi-aves/trainval_images/50/4.jpg	bare branches, blurred background.
/home/whx/Dataset/semi-aves/trainval_images/51/16.jpg	Clear blue sky.
/home/whx/Dataset/semi-aves/trainval_images/51/14.jpg	bare tree branches, clear sky.
/home/whx/Dataset/semi-aves/trainval_images/51/31.jpg	The background is a plain, light gray sky.
/home/whx/Dataset/semi-aves/trainval_images/51/5.jpg	Clear blue sky.
/home/whx/Dataset/semi-aves/trainval_images/51/4.jpg	Cloudy sky.
/home/whx/Dataset/semi-aves/trainval_images/51/24.jpg	The background is a plain, light sky.
/home/whx/Dataset/semi-aves/trainval_images/51/27.jpg	Clear blue sky.
/home/whx/Dataset/semi-aves/trainval_images/51/22.jpg	clear blue sky.
/home/whx/Dataset/semi-aves/trainval_images/51/30.jpg	Green hillside with dirt path.
/home/whx/Dataset/semi-aves/trainval_images/51/11.jpg	Snowy mountains, clear blue sky.
/home/whx/Dataset/semi-aves/trainval_images/51/9.jpg	Rocky, snowy terrain.
/home/whx/Dataset/semi-aves/trainval_images/51/12.jpg	Clear blue sky.
/home/whx/Dataset/semi-aves/trainval_images/51/7.jpg	Clear blue sky.
/home/whx/Dataset/semi-aves/trainval_images/51/3.jpg	The background is a clear, light sky.
/home/whx/Dataset/semi-aves/trainval_images/51/6.jpg	The background is a plain, overcast sky.
/home/whx/Dataset/semi-aves/trainval_images/51/21.jpg	Clear blue sky.
/home/whx/Dataset/semi-aves/trainval_images/52/4.jpg	tree branches and leaves.
/home/whx/Dataset/semi-aves/trainval_images/52/6.jpg	Clear blue sky.
/home/whx/Dataset/semi-aves/trainval_images/52/14.jpg	A bird perched on orange flowers with green leaves.
/home/whx/Dataset/semi-aves/trainval_images/52/25.jpg	green foliage, branches.
/home/whx/Dataset/semi-aves/trainval_images/52/20.jpg	A bird perched on a tree branch with yellow leaves and blue sky.
/home/whx/Dataset/semi-aves/trainval_images/52/31.jpg	Green, blurred foliage.
/home/whx/Dataset/semi-aves/trainval_images/52/37.jpg	pine tree branches.
/home/whx/Dataset/semi-aves/trainval_images/52/11.jpg	Clear blue sky.
/home/whx/Dataset/semi-aves/trainval_images/52/1.jpg	pine needles.
/home/whx/Dataset/semi-aves/trainval_images/52/30.jpg	The background is blurred with green and brown tones.
/home/whx/Dataset/semi-aves/trainval_images/52/35.jpg	Green foliage.
/home/whx/Dataset/semi-aves/trainval_images/52/19.jpg	Blue sky and pine needles.
/home/whx/Dataset/semi-aves/trainval_images/52/0.jpg	red flowers, green leaves.
/home/whx/Dataset/semi-aves/trainval_images/52/24.jpg	pine tree branches, blue sky.
/home/whx/Dataset/semi-aves/trainval_images/52/32.jpg	A bird in a forest setting.
/home/whx/Dataset/semi-aves/trainval_images/52/21.jpg	A bird perched on branches against a blue sky.
/home/whx/Dataset/semi-aves/trainval_images/53/2.jpg	A bird swims in rippling water.
/home/whx/Dataset/semi-aves/trainval_images/53/31.jpg	water.
/home/whx/Dataset/semi-aves/trainval_images/53/33.jpg	A bird is resting on a patch of dirt and plants near a building with a window.
/home/whx/Dataset/semi-aves/trainval_images/53/28.jpg	Rocky, green, water.
/home/whx/Dataset/semi-aves/trainval_images/53/21.jpg	Reeds and water.
/home/whx/Dataset/semi-aves/trainval_images/53/34.jpg	water, grass, reflections.
/home/whx/Dataset/semi-aves/trainval_images/53/26.jpg	pond, trees, sky.
/home/whx/Dataset/semi-aves/trainval_images/53/8.jpg	A bird stands on a wooden dock near water.
/home/whx/Dataset/semi-aves/trainval_images/53/3.jpg	beach, water, sand, sky.
/home/whx/Dataset/semi-aves/trainval_images/53/19.jpg	calm blue water.
/home/whx/Dataset/semi-aves/trainval_images/53/22.jpg	A bird is near a concrete structure with a green fence and dry grass in the background.
/home/whx/Dataset/semi-aves/trainval_images/53/5.jpg	water
/home/whx/Dataset/semi-aves/trainval_images/53/27.jpg	Dry grass, water.
/home/whx/Dataset/semi-aves/trainval_images/53/7.jpg	water, ducks, trees.
/home/whx/Dataset/semi-aves/trainval_images/53/12.jpg	green water, grass, and foliage.
/home/whx/Dataset/semi-aves/trainval_images/53/25.jpg	pond with grass and wood.
/home/whx/Dataset/semi-aves/trainval_images/54/31.jpg	A bird rests on a nest amidst trees and water.
/home/whx/Dataset/semi-aves/trainval_images/54/28.jpg	A bird in a nest surrounded by trees and foliage.
/home/whx/Dataset/semi-aves/trainval_images/54/24.jpg	trees, water, sky.
/home/whx/Dataset/semi-aves/trainval_images/54/10.jpg	A bird on calm water with ice patches.
/home/whx/Dataset/semi-aves/trainval_images/54/14.jpg	The background of the bird is dark water.
/home/whx/Dataset/semi-aves/trainval_images/54/15.jpg	A bird in a snowy, wooded area.
/home/whx/Dataset/semi-aves/trainval_images/54/26.jpg	water.
/home/whx/Dataset/semi-aves/trainval_images/54/9.jpg	calm water.
/home/whx/Dataset/semi-aves/trainval_images/54/32.jpg	dry, brown, muddy ground.
/home/whx/Dataset/semi-aves/trainval_images/54/17.jpg	muddy water.
/home/whx/Dataset/semi-aves/trainval_images/54/18.jpg	a bird in snowy grass.
/home/whx/Dataset/semi-aves/trainval_images/54/12.jpg	Ripples in water.
/home/whx/Dataset/semi-aves/trainval_images/54/6.jpg	water, reeds, blue sky.
/home/whx/Dataset/semi-aves/trainval_images/54/35.jpg	Clear blue sky.
/home/whx/Dataset/semi-aves/trainval_images/54/22.jpg	water.
/home/whx/Dataset/semi-aves/trainval_images/54/8.jpg	A bird soars against a pink and orange sky.
/home/whx/Dataset/semi-aves/trainval_images/55/21.jpg	dry grass, water.
/home/whx/Dataset/semi-aves/trainval_images/55/31.jpg	snowy ground
/home/whx/Dataset/semi-aves/trainval_images/55/7.jpg	Grassy field.
/home/whx/Dataset/semi-aves/trainval_images/55/13.jpg	Green grass.
/home/whx/Dataset/semi-aves/trainval_images/55/2.jpg	dry, leafless trees, grass.
/home/whx/Dataset/semi-aves/trainval_images/55/1.jpg	water
/home/whx/Dataset/semi-aves/trainval_images/55/0.jpg	Green forest with tall trees and lush undergrowth.
/home/whx/Dataset/semi-aves/trainval_images/55/25.jpg	The background is a calm, murky water surface.
/home/whx/Dataset/semi-aves/trainval_images/55/28.jpg	dry grass, trees, water.
/home/whx/Dataset/semi-aves/trainval_images/55/15.jpg	Frozen water, reeds, trees.
/home/whx/Dataset/semi-aves/trainval_images/55/10.jpg	Grassy field, trees, hill.
/home/whx/Dataset/semi-aves/trainval_images/55/12.jpg	water and other birds.
/home/whx/Dataset/semi-aves/trainval_images/55/18.jpg	pond, grass, trees.
/home/whx/Dataset/semi-aves/trainval_images/55/9.jpg	water, rocks, grass, branches.
/home/whx/Dataset/semi-aves/trainval_images/55/6.jpg	A bird stands on a stone path near water.
/home/whx/Dataset/semi-aves/trainval_images/55/23.jpg	Grassy field with patches of dry grass.
/home/whx/Dataset/semi-aves/trainval_images/56/10.jpg	Green foliage, brown water, blurred background.
/home/whx/Dataset/semi-aves/trainval_images/56/9.jpg	dry reeds, blue sky.
/home/whx/Dataset/semi-aves/trainval_images/56/1.jpg	bare trees, autumnal.
/home/whx/Dataset/semi-aves/trainval_images/56/0.jpg	The background is a plain, light sky.
/home/whx/Dataset/semi-aves/trainval_images/56/24.jpg	Dry grass and blurred trees.
/home/whx/Dataset/semi-aves/trainval_images/56/38.jpg	Clear blue sky.
/home/whx/Dataset/semi-aves/trainval_images/56/3.jpg	Cloudy sky.
/home/whx/Dataset/semi-aves/trainval_images/56/35.jpg	Overcast sky, bare trees, power lines.
/home/whx/Dataset/semi-aves/trainval_images/56/16.jpg	a bird against a clear blue sky.
/home/whx/Dataset/semi-aves/trainval_images/56/4.jpg	Dry grass and shrubs.
/home/whx/Dataset/semi-aves/trainval_images/56/2.jpg	Clear blue sky.
/home/whx/Dataset/semi-aves/trainval_images/56/14.jpg	Green bushes, blurred grass.
/home/whx/Dataset/semi-aves/trainval_images/56/20.jpg	Green foliage, blurred background.
/home/whx/Dataset/semi-aves/trainval_images/56/26.jpg	Sparse green foliage.
/home/whx/Dataset/semi-aves/trainval_images/56/34.jpg	Grassy field with blurred vegetation.
/home/whx/Dataset/semi-aves/trainval_images/56/36.jpg	Grassy field, blurred trees.
/home/whx/Dataset/semi-aves/trainval_images/57/2.jpg	Clear blue sky.
/home/whx/Dataset/semi-aves/trainval_images/57/3.jpg	A bird perched in a tree with green foliage and a cloudy sky.
/home/whx/Dataset/semi-aves/trainval_images/57/8.jpg	The background is plain white.
/home/whx/Dataset/semi-aves/trainval_images/57/1.jpg	Overcast sky, bare trees.
/home/whx/Dataset/semi-aves/trainval_images/57/29.jpg	The background is a cloudy sky.
/home/whx/Dataset/semi-aves/trainval_images/57/31.jpg	A bird stands near a pond with lily pads and greenery.
/home/whx/Dataset/semi-aves/trainval_images/57/24.jpg	A bird in calm water.
/home/whx/Dataset/semi-aves/trainval_images/57/32.jpg	water, trees, reflections.
/home/whx/Dataset/semi-aves/trainval_images/57/13.jpg	Clear blue sky.
/home/whx/Dataset/semi-aves/trainval_images/57/33.jpg	Clear blue sky.
/home/whx/Dataset/semi-aves/trainval_images/57/6.jpg	A bird perched on branches with green foliage in the background.
/home/whx/Dataset/semi-aves/trainval_images/57/0.jpg	A bird against a blue water backdrop.
/home/whx/Dataset/semi-aves/trainval_images/57/15.jpg	Grassy bank, water, vegetation.
/home/whx/Dataset/semi-aves/trainval_images/57/20.jpg	Green foliage.
/home/whx/Dataset/semi-aves/trainval_images/57/4.jpg	A bird in a tree with green leaves and bare branches.
/home/whx/Dataset/semi-aves/trainval_images/57/28.jpg	A bird is in a river with trees and bushes in the background.
/home/whx/Dataset/semi-aves/trainval_images/58/12.jpg	bare branches.
/home/whx/Dataset/semi-aves/trainval_images/58/28.jpg	clear blue sky.
/home/whx/Dataset/semi-aves/trainval_images/58/24.jpg	Clear blue sky.
/home/whx/Dataset/semi-aves/trainval_images/58/21.jpg	Clear blue sky.
/home/whx/Dataset/semi-aves/trainval_images/58/17.jpg	Clear blue sky.
/home/whx/Dataset/semi-aves/trainval_images/58/16.jpg	Clear blue sky.
/home/whx/Dataset/semi-aves/trainval_images/58/15.jpg	clear blue sky.
/home/whx/Dataset/semi-aves/trainval_images/58/35.jpg	Clear blue sky.
/home/whx/Dataset/semi-aves/trainval_images/58/3.jpg	Tree branches and blue sky.
/home/whx/Dataset/semi-aves/trainval_images/58/11.jpg	The background is a plain, overcast sky.
/home/whx/Dataset/semi-aves/trainval_images/58/22.jpg	Clear blue sky.
/home/whx/Dataset/semi-aves/trainval_images/58/13.jpg	Clear blue sky, rocky hillside.
/home/whx/Dataset/semi-aves/trainval_images/58/19.jpg	bare branches, blue sky.
/home/whx/Dataset/semi-aves/trainval_images/58/31.jpg	Clear blue sky.
/home/whx/Dataset/semi-aves/trainval_images/58/37.jpg	Clear blue sky.
/home/whx/Dataset/semi-aves/trainval_images/58/20.jpg	mountains, buildings, trees, fence.
/home/whx/Dataset/semi-aves/trainval_images/59/33.jpg	Clear blue sky.
/home/whx/Dataset/semi-aves/trainval_images/59/3.jpg	The background is a plain, light sky.
/home/whx/Dataset/semi-aves/trainval_images/59/22.jpg	Grassy, tombstones.
/home/whx/Dataset/semi-aves/trainval_images/59/26.jpg	green ivy.
/home/whx/Dataset/semi-aves/trainval_images/59/17.jpg	The background is a pale, overcast sky.
/home/whx/Dataset/semi-aves/trainval_images/59/6.jpg	The background is a pale, overcast sky.
/home/whx/Dataset/semi-aves/trainval_images/59/32.jpg	Green hedge, grass, bench, trees.
/home/whx/Dataset/semi-aves/trainval_images/59/30.jpg	The background is a clear sky.
/home/whx/Dataset/semi-aves/trainval_images/59/13.jpg	The background is a plain, light gray sky.
/home/whx/Dataset/semi-aves/trainval_images/59/21.jpg	Clear blue sky.
/home/whx/Dataset/semi-aves/trainval_images/59/2.jpg	The background is a plain, light sky.
/home/whx/Dataset/semi-aves/trainval_images/59/28.jpg	rocky, forested background.
/home/whx/Dataset/semi-aves/trainval_images/59/8.jpg	The background is a plain, light sky.
/home/whx/Dataset/semi-aves/trainval_images/59/19.jpg	Clear blue sky.
/home/whx/Dataset/semi-aves/trainval_images/59/24.jpg	A bird perched on tree branches against a clear sky.
/home/whx/Dataset/semi-aves/trainval_images/59/23.jpg	A bird perched on a branch with green leaves and a pale sky.
/home/whx/Dataset/semi-aves/trainval_images/60/5.jpg	The background is a clear blue sky.
/home/whx/Dataset/semi-aves/trainval_images/60/3.jpg	Clear blue sky.
/home/whx/Dataset/semi-aves/trainval_images/60/4.jpg	dry field, snow, grass.
/home/whx/Dataset/semi-aves/trainval_images/60/1.jpg	dirt, grass
/home/whx/Dataset/semi-aves/trainval_images/60/6.jpg	concrete, pavement.
/home/whx/Dataset/semi-aves/trainval_images/60/14.jpg	A bird stands near a plate with a blurred background.
/home/whx/Dataset/semi-aves/trainval_images/60/26.jpg	The background is sandy.
/home/whx/Dataset/semi-aves/trainval_images/60/23.jpg	bird in grass near fence and sign.
/home/whx/Dataset/semi-aves/trainval_images/60/21.jpg	The background of the bird is a clear, light blue sky.
/home/whx/Dataset/semi-aves/trainval_images/60/2.jpg	bare branches, overcast sky.
/home/whx/Dataset/semi-aves/trainval_images/60/17.jpg	Overcast sky.
/home/whx/Dataset/semi-aves/trainval_images/60/16.jpg	bare branches, gray sky.
/home/whx/Dataset/semi-aves/trainval_images/60/19.jpg	Green grassy field.
/home/whx/Dataset/semi-aves/trainval_images/60/12.jpg	A bird perched on a roof against a clear sky.
/home/whx/Dataset/semi-aves/trainval_images/60/22.jpg	Grass, soccer net, fence.
/home/whx/Dataset/semi-aves/trainval_images/60/29.jpg	Grass, tree, car.
/home/whx/Dataset/semi-aves/trainval_images/61/2.jpg	snowy, grassy hillside.
/home/whx/Dataset/semi-aves/trainval_images/61/8.jpg	A bird is perched in a snowy, wooded area with evergreen trees.
/home/whx/Dataset/semi-aves/trainval_images/61/34.jpg	The background is a forest with branches and greenery.
/home/whx/Dataset/semi-aves/trainval_images/61/42.jpg	gravel path, sparse vegetation.
/home/whx/Dataset/semi-aves/trainval_images/61/28.jpg	The background is blurred, showing a natural, earthy setting.
/home/whx/Dataset/semi-aves/trainval_images/61/41.jpg	a bird in green foliage.
/home/whx/Dataset/semi-aves/trainval_images/61/25.jpg	green foliage, grass, road.
/home/whx/Dataset/semi-aves/trainval_images/61/38.jpg	green foliage, trees, path.
/home/whx/Dataset/semi-aves/trainval_images/61/1.jpg	bare branches, snowy sky.
/home/whx/Dataset/semi-aves/trainval_images/61/33.jpg	green foliage, wet road, overcast.
/home/whx/Dataset/semi-aves/trainval_images/61/17.jpg	green foliage
/home/whx/Dataset/semi-aves/trainval_images/61/5.jpg	snowy, bare branches, forest.
/home/whx/Dataset/semi-aves/trainval_images/61/37.jpg	The background of the bird is a gravel surface.
/home/whx/Dataset/semi-aves/trainval_images/61/36.jpg	a bird in a forest.
/home/whx/Dataset/semi-aves/trainval_images/61/10.jpg	The background of the bird is snow.
/home/whx/Dataset/semi-aves/trainval_images/61/39.jpg	green trees, road, grass.
/home/whx/Dataset/semi-aves/trainval_images/62/19.jpg	The background is a clear, light blue sky.
/home/whx/Dataset/semi-aves/trainval_images/62/2.jpg	Clear blue sky.
/home/whx/Dataset/semi-aves/trainval_images/62/24.jpg	A bird in a leafy, twig-filled background.
/home/whx/Dataset/semi-aves/trainval_images/62/3.jpg	bare branches, blurred background.
/home/whx/Dataset/semi-aves/trainval_images/62/16.jpg	The background is blurred and white.
/home/whx/Dataset/semi-aves/trainval_images/62/10.jpg	Clear blue sky.
/home/whx/Dataset/semi-aves/trainval_images/62/23.jpg	The background is blurred, with a mix of light and dark tones.
/home/whx/Dataset/semi-aves/trainval_images/62/4.jpg	Green leaves and branches.
/home/whx/Dataset/semi-aves/trainval_images/62/8.jpg	blurry green leaves and branches.
/home/whx/Dataset/semi-aves/trainval_images/62/25.jpg	wet sand, water.
/home/whx/Dataset/semi-aves/trainval_images/62/12.jpg	Clear blue sky.
/home/whx/Dataset/semi-aves/trainval_images/62/32.jpg	bare branches, overcast sky.
/home/whx/Dataset/semi-aves/trainval_images/62/21.jpg	Grassy field with tall green plants.
/home/whx/Dataset/semi-aves/trainval_images/62/9.jpg	Clear blue sky.
/home/whx/Dataset/semi-aves/trainval_images/62/33.jpg	A bird perched against a clear blue sky.
/home/whx/Dataset/semi-aves/trainval_images/62/13.jpg	Green grass, brown leaves.
/home/whx/Dataset/semi-aves/trainval_images/63/15.jpg	white structures, overcast sky.
/home/whx/Dataset/semi-aves/trainval_images/63/33.jpg	Clear blue sky.
/home/whx/Dataset/semi-aves/trainval_images/63/13.jpg	Overcast sky.
/home/whx/Dataset/semi-aves/trainval_images/63/22.jpg	Cloudy sky.
/home/whx/Dataset/semi-aves/trainval_images/63/34.jpg	The background is a plain, light gray sky.
/home/whx/Dataset/semi-aves/trainval_images/63/26.jpg	The background is a clear, light blue sky.
/home/whx/Dataset/semi-aves/trainval_images/63/31.jpg	Clear blue sky.
/home/whx/Dataset/semi-aves/trainval_images/63/29.jpg	clear blue sky.
/home/whx/Dataset/semi-aves/trainval_images/63/19.jpg	Grassy field, trees, pond.
/home/whx/Dataset/semi-aves/trainval_images/63/37.jpg	The background is a plain, overcast sky.
/home/whx/Dataset/semi-aves/trainval_images/63/3.jpg	a bird on a wire against a clear blue sky.
/home/whx/Dataset/semi-aves/trainval_images/63/4.jpg	gray sky
/home/whx/Dataset/semi-aves/trainval_images/63/21.jpg	Grassy field, trees, overcast.
/home/whx/Dataset/semi-aves/trainval_images/63/14.jpg	A bird against a clear blue sky.
/home/whx/Dataset/semi-aves/trainval_images/63/16.jpg	Green, yellow, blurred.
/home/whx/Dataset/semi-aves/trainval_images/63/18.jpg	clear blue sky.
/home/whx/Dataset/semi-aves/trainval_images/64/1.jpg	bare branches, muted colors.
/home/whx/Dataset/semi-aves/trainval_images/64/28.jpg	cloudy sky, bare trees, buildings
/home/whx/Dataset/semi-aves/trainval_images/64/26.jpg	Clear blue sky.
/home/whx/Dataset/semi-aves/trainval_images/64/9.jpg	bare branches, muted colors.
/home/whx/Dataset/semi-aves/trainval_images/64/23.jpg	water with ripples.
/home/whx/Dataset/semi-aves/trainval_images/64/5.jpg	wooden dock, water.
/home/whx/Dataset/semi-aves/trainval_images/64/6.jpg	green foliage, branches.
/home/whx/Dataset/semi-aves/trainval_images/64/11.jpg	bare branches, blurred background.
/home/whx/Dataset/semi-aves/trainval_images/64/12.jpg	A bird perched on a wire with blurred trees in the background.
/home/whx/Dataset/semi-aves/trainval_images/64/16.jpg	Clear blue sky.
/home/whx/Dataset/semi-aves/trainval_images/64/10.jpg	Blurred greenery.
/home/whx/Dataset/semi-aves/trainval_images/64/3.jpg	bare branches, blurred background.
/home/whx/Dataset/semi-aves/trainval_images/64/13.jpg	A bird perched on a wire against a gray sky.
/home/whx/Dataset/semi-aves/trainval_images/64/24.jpg	bare trees, overcast sky.
/home/whx/Dataset/semi-aves/trainval_images/64/4.jpg	green foliage, tree branches.
/home/whx/Dataset/semi-aves/trainval_images/64/2.jpg	bare trees and branches.
/home/whx/Dataset/semi-aves/trainval_images/65/2.jpg	Clear blue sky.
/home/whx/Dataset/semi-aves/trainval_images/65/19.jpg	Grassy field.
/home/whx/Dataset/semi-aves/trainval_images/65/20.jpg	The background is blurred, light-colored.
/home/whx/Dataset/semi-aves/trainval_images/65/13.jpg	bare branches, blurred background.
/home/whx/Dataset/semi-aves/trainval_images/65/9.jpg	tree trunk, blurred background.
/home/whx/Dataset/semi-aves/trainval_images/65/10.jpg	The background is blurred, with hints of brown and gray.
/home/whx/Dataset/semi-aves/trainval_images/65/11.jpg	clear blue sky.
/home/whx/Dataset/semi-aves/trainval_images/65/8.jpg	rainy, blurred, blue feeder.
/home/whx/Dataset/semi-aves/trainval_images/65/29.jpg	wooded area
/home/whx/Dataset/semi-aves/trainval_images/65/23.jpg	Clear blue sky.
/home/whx/Dataset/semi-aves/trainval_images/65/25.jpg	clear blue sky.
/home/whx/Dataset/semi-aves/trainval_images/65/16.jpg	green plants, dirt ground.
/home/whx/Dataset/semi-aves/trainval_images/65/22.jpg	The background is blurred green.
/home/whx/Dataset/semi-aves/trainval_images/65/0.jpg	Grass, leaves, ground.
/home/whx/Dataset/semi-aves/trainval_images/65/21.jpg	The background is a plain, light gray sky.
/home/whx/Dataset/semi-aves/trainval_images/65/3.jpg	dry grass, dead plants.
/home/whx/Dataset/semi-aves/trainval_images/66/4.jpg	The background is a mix of green foliage and dry branches.
/home/whx/Dataset/semi-aves/trainval_images/66/10.jpg	Green leaves, blue sky.
/home/whx/Dataset/semi-aves/trainval_images/66/23.jpg	Green leaves, blurred sky.
/home/whx/Dataset/semi-aves/trainval_images/66/26.jpg	green leaves, branches, blurred background.
/home/whx/Dataset/semi-aves/trainval_images/66/24.jpg	green leaves.
/home/whx/Dataset/semi-aves/trainval_images/66/18.jpg	Green leaves.
/home/whx/Dataset/semi-aves/trainval_images/66/2.jpg	The background is a clear, pale sky.
/home/whx/Dataset/semi-aves/trainval_images/66/14.jpg	Green leaves and branches.
/home/whx/Dataset/semi-aves/trainval_images/66/8.jpg	bare branches, blurred green leaves.
/home/whx/Dataset/semi-aves/trainval_images/66/15.jpg	Green leaves and branches.
/home/whx/Dataset/semi-aves/trainval_images/66/20.jpg	Green foliage, blurred background.
/home/whx/Dataset/semi-aves/trainval_images/66/11.jpg	bare branches, overcast sky.
/home/whx/Dataset/semi-aves/trainval_images/66/12.jpg	The background is blurred trees.
/home/whx/Dataset/semi-aves/trainval_images/66/13.jpg	dark, leafy, blurred.
/home/whx/Dataset/semi-aves/trainval_images/66/1.jpg	Green leaves and branches.
/home/whx/Dataset/semi-aves/trainval_images/66/9.jpg	The background is a clear blue sky.
/home/whx/Dataset/semi-aves/trainval_images/67/3.jpg	A bird stands on wet sand near water.
/home/whx/Dataset/semi-aves/trainval_images/67/4.jpg	The background is blurred and light.
/home/whx/Dataset/semi-aves/trainval_images/67/1.jpg	Rocky, sandy, coastal.
/home/whx/Dataset/semi-aves/trainval_images/67/16.jpg	Green grass, plants, wheelbarrows.
/home/whx/Dataset/semi-aves/trainval_images/67/15.jpg	Grass and leaves.
/home/whx/Dataset/semi-aves/trainval_images/67/18.jpg	green foliage, concrete surface
/home/whx/Dataset/semi-aves/trainval_images/67/8.jpg	Green grass, curb, road.
/home/whx/Dataset/semi-aves/trainval_images/67/7.jpg	Grassy field.
/home/whx/Dataset/semi-aves/trainval_images/67/22.jpg	Grassy bank, water.
/home/whx/Dataset/semi-aves/trainval_images/67/26.jpg	Grassy field.
/home/whx/Dataset/semi-aves/trainval_images/67/10.jpg	muddy ground, grass.
/home/whx/Dataset/semi-aves/trainval_images/67/11.jpg	dry grass and twigs.
/home/whx/Dataset/semi-aves/trainval_images/67/20.jpg	Grassy field.
/home/whx/Dataset/semi-aves/trainval_images/67/12.jpg	The background is blurred with green and brown tones.
/home/whx/Dataset/semi-aves/trainval_images/67/9.jpg	A bird stands on rocky, dry ground.
/home/whx/Dataset/semi-aves/trainval_images/67/14.jpg	Grassy field with shadows.
/home/whx/Dataset/semi-aves/trainval_images/68/19.jpg	blurry, dark, indistinct.
/home/whx/Dataset/semi-aves/trainval_images/68/10.jpg	calm water, green algae.
/home/whx/Dataset/semi-aves/trainval_images/68/17.jpg	A bird in a field with trees in the background.
/home/whx/Dataset/semi-aves/trainval_images/68/16.jpg	water, shore, branches.
/home/whx/Dataset/semi-aves/trainval_images/68/5.jpg	dry, brown vegetation.
/home/whx/Dataset/semi-aves/trainval_images/68/0.jpg	muddy water, brownish.
/home/whx/Dataset/semi-aves/trainval_images/68/4.jpg	water, reflection, calm.
/home/whx/Dataset/semi-aves/trainval_images/68/8.jpg	The background is dark and blurred.
/home/whx/Dataset/semi-aves/trainval_images/68/21.jpg	water, dark background.
/home/whx/Dataset/semi-aves/trainval_images/68/7.jpg	A bird in water, surrounded by bare branches.
/home/whx/Dataset/semi-aves/trainval_images/68/18.jpg	calm water.
/home/whx/Dataset/semi-aves/trainval_images/68/24.jpg	water with sunlight reflections.
/home/whx/Dataset/semi-aves/trainval_images/68/3.jpg	A bird in a marshy area with reeds and water.
/home/whx/Dataset/semi-aves/trainval_images/68/26.jpg	water, branches, reflection.
/home/whx/Dataset/semi-aves/trainval_images/68/13.jpg	parking lot, water, rocks
/home/whx/Dataset/semi-aves/trainval_images/68/1.jpg	trees, water, fog.
/home/whx/Dataset/semi-aves/trainval_images/69/25.jpg	Dry, brown grass.
/home/whx/Dataset/semi-aves/trainval_images/69/3.jpg	Green leaves and branches.
/home/whx/Dataset/semi-aves/trainval_images/69/17.jpg	dry grass and twigs.
/home/whx/Dataset/semi-aves/trainval_images/69/21.jpg	Blurred grassy field.
/home/whx/Dataset/semi-aves/trainval_images/69/8.jpg	muddy ground
/home/whx/Dataset/semi-aves/trainval_images/69/22.jpg	The background is a plain, light-colored wall.
/home/whx/Dataset/semi-aves/trainval_images/69/27.jpg	Grassy field with blurred background.
/home/whx/Dataset/semi-aves/trainval_images/69/6.jpg	bare branches, overcast sky.
/home/whx/Dataset/semi-aves/trainval_images/69/24.jpg	dry grass, blurred background.
/home/whx/Dataset/semi-aves/trainval_images/69/2.jpg	dry grass and twigs.
/home/whx/Dataset/semi-aves/trainval_images/69/18.jpg	blurred, out of focus, natural setting.
/home/whx/Dataset/semi-aves/trainval_images/69/16.jpg	Clear blue sky.
/home/whx/Dataset/semi-aves/trainval_images/69/19.jpg	dry, blurred, grassy.
/home/whx/Dataset/semi-aves/trainval_images/69/26.jpg	bare branches, green foliage.
/home/whx/Dataset/semi-aves/trainval_images/69/12.jpg	Grass and leaves.
/home/whx/Dataset/semi-aves/trainval_images/69/13.jpg	dry, sandy, twigs.
/home/whx/Dataset/semi-aves/trainval_images/70/6.jpg	muddy water.
/home/whx/Dataset/semi-aves/trainval_images/70/20.jpg	water, distant land, green trees.
/home/whx/Dataset/semi-aves/trainval_images/70/26.jpg	water and sand.
/home/whx/Dataset/semi-aves/trainval_images/70/5.jpg	Clear blue sky.
/home/whx/Dataset/semi-aves/trainval_images/70/16.jpg	sand and water.
/home/whx/Dataset/semi-aves/trainval_images/70/13.jpg	water
/home/whx/Dataset/semi-aves/trainval_images/70/0.jpg	water.
/home/whx/Dataset/semi-aves/trainval_images/70/18.jpg	blue water.
/home/whx/Dataset/semi-aves/trainval_images/70/11.jpg	Wavy water.
/home/whx/Dataset/semi-aves/trainval_images/70/15.jpg	Water with ice.
/home/whx/Dataset/semi-aves/trainval_images/70/9.jpg	gray sky
/home/whx/Dataset/semi-aves/trainval_images/70/7.jpg	calm water.
/home/whx/Dataset/semi-aves/trainval_images/70/28.jpg	muddy water, green algae, rock
/home/whx/Dataset/semi-aves/trainval_images/70/19.jpg	A bird in water.
/home/whx/Dataset/semi-aves/trainval_images/70/23.jpg	Rippling water.
/home/whx/Dataset/semi-aves/trainval_images/70/3.jpg	Steps and rocks.
/home/whx/Dataset/semi-aves/trainval_images/71/27.jpg	Green foliage, blurred background.
/home/whx/Dataset/semi-aves/trainval_images/71/28.jpg	The background is a mix of dried leaves and twigs.
/home/whx/Dataset/semi-aves/trainval_images/71/23.jpg	Blurred grass and branches.
/home/whx/Dataset/semi-aves/trainval_images/71/34.jpg	bare branches, muted colors.
/home/whx/Dataset/semi-aves/trainval_images/71/12.jpg	Blurred green background.
/home/whx/Dataset/semi-aves/trainval_images/71/30.jpg	blurry leaves and branches.
/home/whx/Dataset/semi-aves/trainval_images/71/4.jpg	blurry, muted colors, concrete structure.
/home/whx/Dataset/semi-aves/trainval_images/71/26.jpg	bare branches, gray sky.
/home/whx/Dataset/semi-aves/trainval_images/71/32.jpg	The background of the bird is a mix of dried leaves and twigs on the ground.
/home/whx/Dataset/semi-aves/trainval_images/71/8.jpg	dry reeds and branches.
/home/whx/Dataset/semi-aves/trainval_images/71/13.jpg	Grassy, blurred background.
/home/whx/Dataset/semi-aves/trainval_images/71/6.jpg	A bird on a tiled surface with a blue sky.
/home/whx/Dataset/semi-aves/trainval_images/71/0.jpg	dry leaves, twigs, ground.
/home/whx/Dataset/semi-aves/trainval_images/71/35.jpg	Grass and dirt.
/home/whx/Dataset/semi-aves/trainval_images/71/17.jpg	blue sky.
/home/whx/Dataset/semi-aves/trainval_images/71/33.jpg	bare branches, muted colors.
/home/whx/Dataset/semi-aves/trainval_images/72/32.jpg	water
/home/whx/Dataset/semi-aves/trainval_images/72/31.jpg	water.
/home/whx/Dataset/semi-aves/trainval_images/72/4.jpg	water
/home/whx/Dataset/semi-aves/trainval_images/72/25.jpg	water
/home/whx/Dataset/semi-aves/trainval_images/72/38.jpg	Ripples in water.
/home/whx/Dataset/semi-aves/trainval_images/72/27.jpg	Grass and water.
/home/whx/Dataset/semi-aves/trainval_images/72/2.jpg	pond with reeds and branches.
/home/whx/Dataset/semi-aves/trainval_images/72/22.jpg	Green grass.
/home/whx/Dataset/semi-aves/trainval_images/72/33.jpg	calm blue water.
/home/whx/Dataset/semi-aves/trainval_images/72/14.jpg	water, branches, post.
/home/whx/Dataset/semi-aves/trainval_images/72/0.jpg	Grassy field, water.
/home/whx/Dataset/semi-aves/trainval_images/72/6.jpg	water, rock
/home/whx/Dataset/semi-aves/trainval_images/72/9.jpg	dry grass, water, vegetation.
/home/whx/Dataset/semi-aves/trainval_images/72/37.jpg	Grass and water.
/home/whx/Dataset/semi-aves/trainval_images/72/35.jpg	water.
/home/whx/Dataset/semi-aves/trainval_images/72/20.jpg	water and grass.
/home/whx/Dataset/semi-aves/trainval_images/73/0.jpg	The background is a blurred mix of green and brown, suggesting a natural, outdoor setting.
/home/whx/Dataset/semi-aves/trainval_images/73/34.jpg	Branches and cones against blue sky.
/home/whx/Dataset/semi-aves/trainval_images/73/7.jpg	pine tree branches and needles.
/home/whx/Dataset/semi-aves/trainval_images/73/19.jpg	Fuzzy, blurred, tree branches.
/home/whx/Dataset/semi-aves/trainval_images/73/32.jpg	The background is blurred green and brown.
/home/whx/Dataset/semi-aves/trainval_images/73/20.jpg	tree branches, blurred background.
/home/whx/Dataset/semi-aves/trainval_images/73/44.jpg	Green foliage.
/home/whx/Dataset/semi-aves/trainval_images/73/36.jpg	Green leaves, brown branches, blurred grass.
/home/whx/Dataset/semi-aves/trainval_images/73/35.jpg	A bird perched on a branch against a light blue sky.
/home/whx/Dataset/semi-aves/trainval_images/73/18.jpg	pine tree branches, overcast sky.
/home/whx/Dataset/semi-aves/trainval_images/73/33.jpg	The background of the bird is green foliage.
/home/whx/Dataset/semi-aves/trainval_images/73/26.jpg	Green, blurred, bokeh.
/home/whx/Dataset/semi-aves/trainval_images/73/37.jpg	Green leaves, blurred background.
/home/whx/Dataset/semi-aves/trainval_images/73/39.jpg	The background of the bird is a mix of blurred green and brown tones, suggesting a forested area.
/home/whx/Dataset/semi-aves/trainval_images/73/42.jpg	The background consists of dry pine needles, twigs, and a piece of decaying wood.
/home/whx/Dataset/semi-aves/trainval_images/73/14.jpg	A bird perched on a branch with blurred greenery.
/home/whx/Dataset/semi-aves/trainval_images/74/19.jpg	tree branches, sky.
/home/whx/Dataset/semi-aves/trainval_images/74/4.jpg	Clear blue sky.
/home/whx/Dataset/semi-aves/trainval_images/74/16.jpg	The background is plain white.
/home/whx/Dataset/semi-aves/trainval_images/74/14.jpg	bare branches, blurred background.
/home/whx/Dataset/semi-aves/trainval_images/74/18.jpg	Clear blue sky.
/home/whx/Dataset/semi-aves/trainval_images/74/30.jpg	bare branches, overcast sky.
/home/whx/Dataset/semi-aves/trainval_images/74/17.jpg	bare trees, overcast sky.
/home/whx/Dataset/semi-aves/trainval_images/74/24.jpg	The background is a clear, light blue sky.
/home/whx/Dataset/semi-aves/trainval_images/74/5.jpg	green foliage, tree trunk.
/home/whx/Dataset/semi-aves/trainval_images/74/8.jpg	The background is a plain, light gray sky.
/home/whx/Dataset/semi-aves/trainval_images/74/20.jpg	bare branches, overcast sky.
/home/whx/Dataset/semi-aves/trainval_images/74/0.jpg	bare branches, overcast sky.
/home/whx/Dataset/semi-aves/trainval_images/74/13.jpg	bare trees, dry grass.
/home/whx/Dataset/semi-aves/trainval_images/74/27.jpg	bare branches, muted colors.
/home/whx/Dataset/semi-aves/trainval_images/74/1.jpg	Clear blue sky, bare trees.
/home/whx/Dataset/semi-aves/trainval_images/74/11.jpg	a bird on asphalt.
/home/whx/Dataset/semi-aves/trainval_images/75/26.jpg	green foliage, red berries.
/home/whx/Dataset/semi-aves/trainval_images/75/25.jpg	A bird perched on a wire fence.
/home/whx/Dataset/semi-aves/trainval_images/75/18.jpg	tree branches, blurred background.
/home/whx/Dataset/semi-aves/trainval_images/75/1.jpg	dry, brown, brushy.
/home/whx/Dataset/semi-aves/trainval_images/75/28.jpg	The background is a blurred, light-colored surface.
/home/whx/Dataset/semi-aves/trainval_images/75/2.jpg	Clear blue sky.
/home/whx/Dataset/semi-aves/trainval_images/75/29.jpg	a bird on a stone path with a pot in the background.
/home/whx/Dataset/semi-aves/trainval_images/75/27.jpg	The background of the bird consists of a forest floor with scattered leaves, twigs, and a red cardinal.
/home/whx/Dataset/semi-aves/trainval_images/75/0.jpg	bare branches.
/home/whx/Dataset/semi-aves/trainval_images/75/12.jpg	dry, brown, brush.
/home/whx/Dataset/semi-aves/trainval_images/75/8.jpg	dry, blurred grass.
/home/whx/Dataset/semi-aves/trainval_images/75/14.jpg	The background is blurred green.
/home/whx/Dataset/semi-aves/trainval_images/75/24.jpg	bird in yard with car and fountain.
/home/whx/Dataset/semi-aves/trainval_images/75/11.jpg	snowy ground
/home/whx/Dataset/semi-aves/trainval_images/75/20.jpg	bare branches, clear sky.
/home/whx/Dataset/semi-aves/trainval_images/75/15.jpg	dry, blurred, beige.
/home/whx/Dataset/semi-aves/trainval_images/76/24.jpg	Green foliage.
/home/whx/Dataset/semi-aves/trainval_images/76/10.jpg	green foliage.
/home/whx/Dataset/semi-aves/trainval_images/76/12.jpg	A bird perched on bare branches against a clear blue sky.
/home/whx/Dataset/semi-aves/trainval_images/76/14.jpg	A bird perched on a branch against a clear sky.
/home/whx/Dataset/semi-aves/trainval_images/76/25.jpg	green foliage, blurred background.
/home/whx/Dataset/semi-aves/trainval_images/76/3.jpg	The background is a mix of green foliage and branches.
/home/whx/Dataset/semi-aves/trainval_images/76/15.jpg	The background is blurred green foliage.
/home/whx/Dataset/semi-aves/trainval_images/76/11.jpg	Ferns and greenery.
/home/whx/Dataset/semi-aves/trainval_images/76/4.jpg	Green leaves, tree branches, sky.
/home/whx/Dataset/semi-aves/trainval_images/76/13.jpg	The background of the bird is a clear blue sky.
/home/whx/Dataset/semi-aves/trainval_images/76/22.jpg	A bird in a leafy, natural setting.
/home/whx/Dataset/semi-aves/trainval_images/76/0.jpg	The background is a blurred mix of green and brown foliage.
/home/whx/Dataset/semi-aves/trainval_images/76/5.jpg	Green leaves, branches, sky.
/home/whx/Dataset/semi-aves/trainval_images/76/8.jpg	a bird on a wire against a clear blue sky.
/home/whx/Dataset/semi-aves/trainval_images/76/23.jpg	The background is a blurred blue sky.
/home/whx/Dataset/semi-aves/trainval_images/76/20.jpg	Green leaves, blurred background.
/home/whx/Dataset/semi-aves/trainval_images/77/18.jpg	gray sky
/home/whx/Dataset/semi-aves/trainval_images/77/25.jpg	gray sky
/home/whx/Dataset/semi-aves/trainval_images/77/9.jpg	The background is a plain, light gray sky.
/home/whx/Dataset/semi-aves/trainval_images/77/13.jpg	dry reeds
/home/whx/Dataset/semi-aves/trainval_images/77/8.jpg	Green grass, trees, fence.
/home/whx/Dataset/semi-aves/trainval_images/77/16.jpg	clear blue sky.
/home/whx/Dataset/semi-aves/trainval_images/77/28.jpg	clear blue sky.
/home/whx/Dataset/semi-aves/trainval_images/77/23.jpg	bare branches, overcast sky.
/home/whx/Dataset/semi-aves/trainval_images/77/27.jpg	bare branches, clear blue sky.
/home/whx/Dataset/semi-aves/trainval_images/77/26.jpg	Blurred grass and sky.
/home/whx/Dataset/semi-aves/trainval_images/77/22.jpg	Green leaves and branches.
/home/whx/Dataset/semi-aves/trainval_images/77/10.jpg	clear blue sky.
/home/whx/Dataset/semi-aves/trainval_images/77/15.jpg	Blurred, natural, earthy tones.
/home/whx/Dataset/semi-aves/trainval_images/77/6.jpg	Clear blue sky.
/home/whx/Dataset/semi-aves/trainval_images/77/30.jpg	yellow flowers, green trees, barbed wire.
/home/whx/Dataset/semi-aves/trainval_images/77/12.jpg	Clear blue sky.
/home/whx/Dataset/semi-aves/trainval_images/78/27.jpg	dry leaves, twigs, stone, pot.
/home/whx/Dataset/semi-aves/trainval_images/78/5.jpg	blurry, muted, natural.
/home/whx/Dataset/semi-aves/trainval_images/78/4.jpg	bare trees, snowy ground.
/home/whx/Dataset/semi-aves/trainval_images/78/31.jpg	bare branches.
/home/whx/Dataset/semi-aves/trainval_images/78/6.jpg	dirt, rocks, twigs.
/home/whx/Dataset/semi-aves/trainval_images/78/30.jpg	dry grass, concrete block.
/home/whx/Dataset/semi-aves/trainval_images/78/7.jpg	bare branches, blurred background.
/home/whx/Dataset/semi-aves/trainval_images/78/23.jpg	Grass and dirt.
/home/whx/Dataset/semi-aves/trainval_images/78/0.jpg	Grass and dirt.
/home/whx/Dataset/semi-aves/trainval_images/78/3.jpg	rocks, water, concrete.
/home/whx/Dataset/semi-aves/trainval_images/78/8.jpg	dry, brown, twigs.
/home/whx/Dataset/semi-aves/trainval_images/78/28.jpg	Clear blue sky.
/home/whx/Dataset/semi-aves/trainval_images/78/15.jpg	Snowy ground, bare trees.
/home/whx/Dataset/semi-aves/trainval_images/78/24.jpg	A bird in a snowy background.
/home/whx/Dataset/semi-aves/trainval_images/78/12.jpg	wooden deck, blurred leaves.
/home/whx/Dataset/semi-aves/trainval_images/78/32.jpg	wooden fence, blurred logs.
/home/whx/Dataset/semi-aves/trainval_images/79/0.jpg	A bird perched on green leaves against a clear blue sky.
/home/whx/Dataset/semi-aves/trainval_images/79/2.jpg	bare branches, green foliage.
/home/whx/Dataset/semi-aves/trainval_images/79/13.jpg	blurry water and twigs.
/home/whx/Dataset/semi-aves/trainval_images/79/19.jpg	A bird perched on a tree branch with green leaves.
/home/whx/Dataset/semi-aves/trainval_images/79/1.jpg	bare branches, rocky wall.
/home/whx/Dataset/semi-aves/trainval_images/79/17.jpg	tree branches, blue sky.
/home/whx/Dataset/semi-aves/trainval_images/79/6.jpg	Clear blue sky.
/home/whx/Dataset/semi-aves/trainval_images/79/21.jpg	Clear blue sky.
/home/whx/Dataset/semi-aves/trainval_images/79/11.jpg	Clear blue sky.
/home/whx/Dataset/semi-aves/trainval_images/79/23.jpg	bare branches, blue sky.
/home/whx/Dataset/semi-aves/trainval_images/79/10.jpg	Clear blue sky.
/home/whx/Dataset/semi-aves/trainval_images/79/20.jpg	tree branches, leaves, sky.
/home/whx/Dataset/semi-aves/trainval_images/79/15.jpg	water, rocks, green.
/home/whx/Dataset/semi-aves/trainval_images/79/8.jpg	green foliage, leaves, branches.
/home/whx/Dataset/semi-aves/trainval_images/79/18.jpg	tree branches, sky.
/home/whx/Dataset/semi-aves/trainval_images/79/12.jpg	concrete ground with scattered leaves.
/home/whx/Dataset/semi-aves/trainval_images/80/16.jpg	Clear blue sky.
/home/whx/Dataset/semi-aves/trainval_images/80/17.jpg	Green foliage.
/home/whx/Dataset/semi-aves/trainval_images/80/5.jpg	Green foliage.
/home/whx/Dataset/semi-aves/trainval_images/80/15.jpg	Green foliage and dry grass.
/home/whx/Dataset/semi-aves/trainval_images/80/25.jpg	Branches, leaves, sky.
/home/whx/Dataset/semi-aves/trainval_images/80/28.jpg	Cloudy sky, bare branches.
/home/whx/Dataset/semi-aves/trainval_images/80/22.jpg	Ferns and greenery.
/home/whx/Dataset/semi-aves/trainval_images/80/1.jpg	Green, blurred background.
/home/whx/Dataset/semi-aves/trainval_images/80/6.jpg	Green grass and foliage.
/home/whx/Dataset/semi-aves/trainval_images/80/21.jpg	Green foliage, purple flowers.
/home/whx/Dataset/semi-aves/trainval_images/80/20.jpg	The background is a plain, light gray sky.
/home/whx/Dataset/semi-aves/trainval_images/80/2.jpg	The background is a plain, light sky.
/home/whx/Dataset/semi-aves/trainval_images/80/12.jpg	Green foliage and grass.
/home/whx/Dataset/semi-aves/trainval_images/80/3.jpg	Clear blue sky.
/home/whx/Dataset/semi-aves/trainval_images/80/14.jpg	Green grass and dry stalks.
/home/whx/Dataset/semi-aves/trainval_images/80/9.jpg	Clear blue sky.
/home/whx/Dataset/semi-aves/trainval_images/81/32.jpg	Clear blue sky.
/home/whx/Dataset/semi-aves/trainval_images/81/31.jpg	A bird perched on a branch against a cloudy sky.
/home/whx/Dataset/semi-aves/trainval_images/81/25.jpg	tree with green and red leaves.
/home/whx/Dataset/semi-aves/trainval_images/81/3.jpg	trees, yellow flowers, sky.
/home/whx/Dataset/semi-aves/trainval_images/81/19.jpg	tree trunk and branches.
/home/whx/Dataset/semi-aves/trainval_images/81/27.jpg	tree branches, blurred green leaves, blue sky.
/home/whx/Dataset/semi-aves/trainval_images/81/15.jpg	Clear blue sky.
/home/whx/Dataset/semi-aves/trainval_images/81/30.jpg	Clear blue sky.
/home/whx/Dataset/semi-aves/trainval_images/81/4.jpg	Clear blue sky, bare branches.
/home/whx/Dataset/semi-aves/trainval_images/81/12.jpg	bare branches, overcast sky.
/home/whx/Dataset/semi-aves/trainval_images/81/29.jpg	Clear blue sky.
/home/whx/Dataset/semi-aves/trainval_images/81/22.jpg	trees, green foliage.
/home/whx/Dataset/semi-aves/trainval_images/81/6.jpg	Clear blue sky.
/home/whx/Dataset/semi-aves/trainval_images/81/5.jpg	gray sky.
/home/whx/Dataset/semi-aves/trainval_images/81/16.jpg	tree branches, overcast sky.
/home/whx/Dataset/semi-aves/trainval_images/81/8.jpg	Clear blue sky, pine tree.
/home/whx/Dataset/semi-aves/trainval_images/82/13.jpg	Grassy field.
/home/whx/Dataset/semi-aves/trainval_images/82/23.jpg	Grass, leaves, dirt.
/home/whx/Dataset/semi-aves/trainval_images/82/17.jpg	Grassy field.
/home/whx/Dataset/semi-aves/trainval_images/82/9.jpg	The background is dark.
/home/whx/Dataset/semi-aves/trainval_images/82/15.jpg	A bird on red rock.
/home/whx/Dataset/semi-aves/trainval_images/82/20.jpg	water
/home/whx/Dataset/semi-aves/trainval_images/82/27.jpg	Green grass.
/home/whx/Dataset/semi-aves/trainval_images/82/6.jpg	Grass, road, tree.
/home/whx/Dataset/semi-aves/trainval_images/82/19.jpg	Grassy field with fence.
/home/whx/Dataset/semi-aves/trainval_images/82/10.jpg	Grass, dirt, shadows.
/home/whx/Dataset/semi-aves/trainval_images/82/25.jpg	A bird perched on a branch with red flowers and green leaves in the background.
/home/whx/Dataset/semi-aves/trainval_images/82/3.jpg	Clear blue sky.
/home/whx/Dataset/semi-aves/trainval_images/82/0.jpg	The background is blurred green foliage.
/home/whx/Dataset/semi-aves/trainval_images/82/11.jpg	Clear blue sky, power lines, and tower.
/home/whx/Dataset/semi-aves/trainval_images/82/8.jpg	bare branches, blurred greenery.
/home/whx/Dataset/semi-aves/trainval_images/82/28.jpg	A bird is in a garden with trees, bushes, and yellow flowers.
/home/whx/Dataset/semi-aves/trainval_images/83/29.jpg	Green grass and branches.
/home/whx/Dataset/semi-aves/trainval_images/83/9.jpg	gray sky
/home/whx/Dataset/semi-aves/trainval_images/83/24.jpg	A bird is perched among reeds.
/home/whx/Dataset/semi-aves/trainval_images/83/33.jpg	Green, blurred, natural.
/home/whx/Dataset/semi-aves/trainval_images/83/26.jpg	wooden deck, water.
/home/whx/Dataset/semi-aves/trainval_images/83/3.jpg	Grassy wetland with water.
/home/whx/Dataset/semi-aves/trainval_images/83/7.jpg	Clear blue sky.
/home/whx/Dataset/semi-aves/trainval_images/83/16.jpg	gray concrete surface
/home/whx/Dataset/semi-aves/trainval_images/83/8.jpg	The background is a plain, light sky.
/home/whx/Dataset/semi-aves/trainval_images/83/23.jpg	mangrove roots, water, leaves.
/home/whx/Dataset/semi-aves/trainval_images/83/25.jpg	dry grass.
/home/whx/Dataset/semi-aves/trainval_images/83/13.jpg	water, grass, sky.
/home/whx/Dataset/semi-aves/trainval_images/83/4.jpg	Grassy wetland with water.
/home/whx/Dataset/semi-aves/trainval_images/83/19.jpg	Green foliage and bare branches.
/home/whx/Dataset/semi-aves/trainval_images/83/22.jpg	foggy, dark, obscured.
/home/whx/Dataset/semi-aves/trainval_images/83/6.jpg	blurry, out of focus.
/home/whx/Dataset/semi-aves/trainval_images/84/26.jpg	brick wall
/home/whx/Dataset/semi-aves/trainval_images/84/17.jpg	tree trunk, green leaves.
/home/whx/Dataset/semi-aves/trainval_images/84/20.jpg	A bird perched on a tree branch against a clear blue sky.
/home/whx/Dataset/semi-aves/trainval_images/84/19.jpg	Clear blue sky.
/home/whx/Dataset/semi-aves/trainval_images/84/1.jpg	A bird perched on a tree with blurred greenery and blue sky.
/home/whx/Dataset/semi-aves/trainval_images/84/30.jpg	bare branches, overcast sky.
/home/whx/Dataset/semi-aves/trainval_images/84/28.jpg	Gravel, grass, and parked cars.
/home/whx/Dataset/semi-aves/trainval_images/84/16.jpg	Tree branches with red berries.
/home/whx/Dataset/semi-aves/trainval_images/84/4.jpg	tree trunk, blurred background.
/home/whx/Dataset/semi-aves/trainval_images/84/13.jpg	The background is blurred, with a mix of dark and light tones.
/home/whx/Dataset/semi-aves/trainval_images/84/8.jpg	clear blue sky.
/home/whx/Dataset/semi-aves/trainval_images/84/21.jpg	bare branches, blurred background.
/home/whx/Dataset/semi-aves/trainval_images/84/15.jpg	The background is snowy.
/home/whx/Dataset/semi-aves/trainval_images/84/9.jpg	Tree trunk and branches, blue sky.
/home/whx/Dataset/semi-aves/trainval_images/84/29.jpg	tree branches, sky.
/home/whx/Dataset/semi-aves/trainval_images/84/25.jpg	bare branches, tree trunk.
/home/whx/Dataset/semi-aves/trainval_images/85/6.jpg	Clear blue sky.
/home/whx/Dataset/semi-aves/trainval_images/85/15.jpg	bare branches, pale sky.
/home/whx/Dataset/semi-aves/trainval_images/85/11.jpg	bare branches, clear sky.
/home/whx/Dataset/semi-aves/trainval_images/85/19.jpg	A bird perched on a feeder, surrounded by trees and greenery.
/home/whx/Dataset/semi-aves/trainval_images/85/29.jpg	mossy rock
/home/whx/Dataset/semi-aves/trainval_images/85/7.jpg	brick wall, blurred leaves.
/home/whx/Dataset/semi-aves/trainval_images/85/10.jpg	A bird perched on a birdhouse in a tree.
/home/whx/Dataset/semi-aves/trainval_images/85/5.jpg	tree trunk, blue sky, branches.
/home/whx/Dataset/semi-aves/trainval_images/85/27.jpg	green leaves, blurred background.
/home/whx/Dataset/semi-aves/trainval_images/85/23.jpg	Green leaves and moss.
/home/whx/Dataset/semi-aves/trainval_images/85/18.jpg	branch with buds, blue sky.
/home/whx/Dataset/semi-aves/trainval_images/85/14.jpg	blurry, natural, outdoor.
/home/whx/Dataset/semi-aves/trainval_images/85/17.jpg	Clear blue sky.
/home/whx/Dataset/semi-aves/trainval_images/85/4.jpg	tree branches, sky.
/home/whx/Dataset/semi-aves/trainval_images/85/1.jpg	bare branches, snowy sky.
/home/whx/Dataset/semi-aves/trainval_images/85/24.jpg	tree branches, blue sky.
/home/whx/Dataset/semi-aves/trainval_images/86/16.jpg	A bird in green foliage.
/home/whx/Dataset/semi-aves/trainval_images/86/22.jpg	The background features rocks and a leafy branch.
/home/whx/Dataset/semi-aves/trainval_images/86/4.jpg	tree branches and leaves.
/home/whx/Dataset/semi-aves/trainval_images/86/20.jpg	Grassy field.
/home/whx/Dataset/semi-aves/trainval_images/86/24.jpg	A bird perched on tree trunk with green foliage.
/home/whx/Dataset/semi-aves/trainval_images/86/6.jpg	brick wall
/home/whx/Dataset/semi-aves/trainval_images/86/10.jpg	A bird in a leafy, tree-filled background.
/home/whx/Dataset/semi-aves/trainval_images/86/19.jpg	A bird perched on a tree branch surrounded by green foliage.
/home/whx/Dataset/semi-aves/trainval_images/86/15.jpg	A bird perched on a wooden post with green foliage and a tree trunk in the background.
/home/whx/Dataset/semi-aves/trainval_images/86/21.jpg	The background is blurred, with dark, earthy tones.
/home/whx/Dataset/semi-aves/trainval_images/86/23.jpg	A bird perched on a tree branch with green foliage and grass in the background.
/home/whx/Dataset/semi-aves/trainval_images/86/3.jpg	bare branches, muted colors.
/home/whx/Dataset/semi-aves/trainval_images/86/28.jpg	The background is blurred, with muted greens and browns.
/home/whx/Dataset/semi-aves/trainval_images/86/17.jpg	tree branches and leaves.
/home/whx/Dataset/semi-aves/trainval_images/86/8.jpg	Branches and greenery.
/home/whx/Dataset/semi-aves/trainval_images/86/18.jpg	A bird perched on a tree branch with blurred green foliage in the background.
/home/whx/Dataset/semi-aves/trainval_images/87/2.jpg	A bird perched on branches with green leaves and small flowers.
/home/whx/Dataset/semi-aves/trainval_images/87/20.jpg	Clear blue sky.
/home/whx/Dataset/semi-aves/trainval_images/87/17.jpg	The background consists of dry leaves, grass, and twigs.
/home/whx/Dataset/semi-aves/trainval_images/87/26.jpg	Clear blue sky.
/home/whx/Dataset/semi-aves/trainval_images/87/22.jpg	The background is blurred.
/home/whx/Dataset/semi-aves/trainval_images/87/1.jpg	The background of the bird is a snowy landscape with trees and a hazy sky.
/home/whx/Dataset/semi-aves/trainval_images/87/18.jpg	Fence, grass, leaves, building.
/home/whx/Dataset/semi-aves/trainval_images/87/5.jpg	Overcast sky.
/home/whx/Dataset/semi-aves/trainval_images/87/21.jpg	Overcast sky, power lines, building roof.
/home/whx/Dataset/semi-aves/trainval_images/87/3.jpg	The background is a plain, overcast sky.
/home/whx/Dataset/semi-aves/trainval_images/87/7.jpg	A bird perched on a branch with blurred greenery in the background.
/home/whx/Dataset/semi-aves/trainval_images/87/23.jpg	bare trees, snowy landscape, overcast sky.
/home/whx/Dataset/semi-aves/trainval_images/87/6.jpg	Clear blue sky, bare trees.
/home/whx/Dataset/semi-aves/trainval_images/87/16.jpg	bare branches, blue sky.
/home/whx/Dataset/semi-aves/trainval_images/87/9.jpg	bare branches, muted green.
/home/whx/Dataset/semi-aves/trainval_images/87/27.jpg	Clear blue sky.
/home/whx/Dataset/semi-aves/trainval_images/88/10.jpg	blurred green and brown.
/home/whx/Dataset/semi-aves/trainval_images/88/0.jpg	tree trunk, blurred greenery.
/home/whx/Dataset/semi-aves/trainval_images/88/24.jpg	A bird perches on a feeder against a backdrop of green trees and a blue sky.
/home/whx/Dataset/semi-aves/trainval_images/88/28.jpg	tree branches, blue sky.
/home/whx/Dataset/semi-aves/trainval_images/88/9.jpg	tree branches, blurred background.
/home/whx/Dataset/semi-aves/trainval_images/88/19.jpg	tree trunk, blurred background.
/home/whx/Dataset/semi-aves/trainval_images/88/7.jpg	Clear blue sky.
/home/whx/Dataset/semi-aves/trainval_images/88/2.jpg	snowy ground, trees.
/home/whx/Dataset/semi-aves/trainval_images/88/23.jpg	tree, sky, moss.
/home/whx/Dataset/semi-aves/trainval_images/88/8.jpg	blurred green field.
/home/whx/Dataset/semi-aves/trainval_images/88/29.jpg	A bird on a knitted blanket with green foliage in the background.
/home/whx/Dataset/semi-aves/trainval_images/88/20.jpg	blurred tree branches and sky.
/home/whx/Dataset/semi-aves/trainval_images/88/16.jpg	Lichen-covered branches.
/home/whx/Dataset/semi-aves/trainval_images/88/12.jpg	Clear blue sky.
/home/whx/Dataset/semi-aves/trainval_images/88/26.jpg	tree branches, blurred background.
/home/whx/Dataset/semi-aves/trainval_images/88/1.jpg	red and blue.
/home/whx/Dataset/semi-aves/trainval_images/89/21.jpg	Branches and sky.
/home/whx/Dataset/semi-aves/trainval_images/89/22.jpg	Clear blue sky.
/home/whx/Dataset/semi-aves/trainval_images/89/8.jpg	bare branches.
/home/whx/Dataset/semi-aves/trainval_images/89/3.jpg	bare branches, overcast sky.
/home/whx/Dataset/semi-aves/trainval_images/89/31.jpg	bare branches, blue sky.
/home/whx/Dataset/semi-aves/trainval_images/89/28.jpg	bare branches, clear sky.
/home/whx/Dataset/semi-aves/trainval_images/89/24.jpg	bare branches, overcast sky.
/home/whx/Dataset/semi-aves/trainval_images/89/4.jpg	dry grass, blurred background.
/home/whx/Dataset/semi-aves/trainval_images/89/33.jpg	The background is a blurred, overcast sky.
/home/whx/Dataset/semi-aves/trainval_images/89/18.jpg	bare branches, overcast sky.
/home/whx/Dataset/semi-aves/trainval_images/89/1.jpg	The background is blurred, suggesting a snowy or wintry scene.
/home/whx/Dataset/semi-aves/trainval_images/89/11.jpg	A bird perched on a tree branch against a clear blue sky.
/home/whx/Dataset/semi-aves/trainval_images/89/2.jpg	bare branches, overcast sky.
/home/whx/Dataset/semi-aves/trainval_images/89/25.jpg	Green feeder, pine branch.
/home/whx/Dataset/semi-aves/trainval_images/89/30.jpg	A bird perched on a branch against a clear blue sky.
/home/whx/Dataset/semi-aves/trainval_images/89/9.jpg	bright, blurred, white.
/home/whx/Dataset/semi-aves/trainval_images/90/10.jpg	blurred green and brown.
/home/whx/Dataset/semi-aves/trainval_images/90/7.jpg	tree branches, green leaves, sky.
/home/whx/Dataset/semi-aves/trainval_images/90/8.jpg	gray sky
/home/whx/Dataset/semi-aves/trainval_images/90/16.jpg	Cloudy sky, bare branches.
/home/whx/Dataset/semi-aves/trainval_images/90/1.jpg	blurry, out of focus, muted colors.
/home/whx/Dataset/semi-aves/trainval_images/90/11.jpg	bare branches, clear blue sky.
/home/whx/Dataset/semi-aves/trainval_images/90/0.jpg	dry grass.
/home/whx/Dataset/semi-aves/trainval_images/90/2.jpg	Clear blue sky.
/home/whx/Dataset/semi-aves/trainval_images/90/4.jpg	Clear blue sky.
/home/whx/Dataset/semi-aves/trainval_images/90/12.jpg	Bare tree branches.
/home/whx/Dataset/semi-aves/trainval_images/90/22.jpg	Clear blue sky.
/home/whx/Dataset/semi-aves/trainval_images/90/26.jpg	clear blue sky.
/home/whx/Dataset/semi-aves/trainval_images/90/3.jpg	clear blue sky.
/home/whx/Dataset/semi-aves/trainval_images/90/27.jpg	clear blue sky.
/home/whx/Dataset/semi-aves/trainval_images/90/5.jpg	Clear blue sky.
/home/whx/Dataset/semi-aves/trainval_images/90/19.jpg	Green, blurred background.
/home/whx/Dataset/semi-aves/trainval_images/91/0.jpg	Clear blue sky.
/home/whx/Dataset/semi-aves/trainval_images/91/32.jpg	A bird is perched on a wire against a wooden background.
/home/whx/Dataset/semi-aves/trainval_images/91/20.jpg	The background is blurred green foliage.
/home/whx/Dataset/semi-aves/trainval_images/91/7.jpg	blurry green foliage.
/home/whx/Dataset/semi-aves/trainval_images/91/11.jpg	A bird perched on a wooden fence with a house, solar panels, and bushes in the background.
/home/whx/Dataset/semi-aves/trainval_images/91/29.jpg	Green and blurred.
/home/whx/Dataset/semi-aves/trainval_images/91/25.jpg	rocky, leafy.
/home/whx/Dataset/semi-aves/trainval_images/91/28.jpg	The background is a gradient of warm colors, likely sunset.
/home/whx/Dataset/semi-aves/trainval_images/91/33.jpg	Clear blue sky.
/home/whx/Dataset/semi-aves/trainval_images/91/23.jpg	Clear sky.
/home/whx/Dataset/semi-aves/trainval_images/91/4.jpg	green foliage, blurred background.
/home/whx/Dataset/semi-aves/trainval_images/91/19.jpg	green foliage, wooden fence.
/home/whx/Dataset/semi-aves/trainval_images/91/8.jpg	tree branches, sky.
/home/whx/Dataset/semi-aves/trainval_images/91/12.jpg	dirt, leaves, shadow.
/home/whx/Dataset/semi-aves/trainval_images/91/2.jpg	blurry green foliage.
/home/whx/Dataset/semi-aves/trainval_images/91/18.jpg	A bird in a tree cavity.
/home/whx/Dataset/semi-aves/trainval_images/92/19.jpg	bare branches, overcast sky.
/home/whx/Dataset/semi-aves/trainval_images/92/23.jpg	A bird in a thorny bush.
/home/whx/Dataset/semi-aves/trainval_images/92/16.jpg	pink background
/home/whx/Dataset/semi-aves/trainval_images/92/15.jpg	Gravel, grass, and branches.
/home/whx/Dataset/semi-aves/trainval_images/92/18.jpg	snow-covered branches.
/home/whx/Dataset/semi-aves/trainval_images/92/13.jpg	bare branches, muted colors.
/home/whx/Dataset/semi-aves/trainval_images/92/17.jpg	green leaves, branches.
/home/whx/Dataset/semi-aves/trainval_images/92/12.jpg	bare branches, overcast sky.
/home/whx/Dataset/semi-aves/trainval_images/92/9.jpg	The background is plain white.
/home/whx/Dataset/semi-aves/trainval_images/92/7.jpg	Green leaves.
/home/whx/Dataset/semi-aves/trainval_images/92/20.jpg	snow-covered ground, grass, rock
/home/whx/Dataset/semi-aves/trainval_images/92/22.jpg	bare branches, snowy.
/home/whx/Dataset/semi-aves/trainval_images/92/4.jpg	bare branches, muted colors.
/home/whx/Dataset/semi-aves/trainval_images/92/1.jpg	Grass and bench.
/home/whx/Dataset/semi-aves/trainval_images/92/24.jpg	tree trunk, blurred background.
/home/whx/Dataset/semi-aves/trainval_images/92/8.jpg	The background is a mix of soil, twigs, and scattered leaves.
/home/whx/Dataset/semi-aves/trainval_images/93/7.jpg	A bird perches on a feeder in a forested area.
/home/whx/Dataset/semi-aves/trainval_images/93/11.jpg	tree trunk, branches, sky.
/home/whx/Dataset/semi-aves/trainval_images/93/15.jpg	tree branches, dried leaves, green roof.
/home/whx/Dataset/semi-aves/trainval_images/93/13.jpg	pebbled ground
/home/whx/Dataset/semi-aves/trainval_images/93/27.jpg	bare branches, overcast sky.
/home/whx/Dataset/semi-aves/trainval_images/93/8.jpg	bare branches, overcast sky.
/home/whx/Dataset/semi-aves/trainval_images/93/17.jpg	bare branches, clear sky.
/home/whx/Dataset/semi-aves/trainval_images/93/0.jpg	The background is blurred green.
/home/whx/Dataset/semi-aves/trainval_images/93/30.jpg	bare branches, blue sky.
/home/whx/Dataset/semi-aves/trainval_images/93/29.jpg	blurred greenery.
/home/whx/Dataset/semi-aves/trainval_images/93/31.jpg	bare branches, blue sky.
/home/whx/Dataset/semi-aves/trainval_images/93/16.jpg	bare branches, blurred background.
/home/whx/Dataset/semi-aves/trainval_images/93/25.jpg	tree branches, clear blue sky.
/home/whx/Dataset/semi-aves/trainval_images/93/33.jpg	Clear blue sky.
/home/whx/Dataset/semi-aves/trainval_images/93/4.jpg	wooden fence.
/home/whx/Dataset/semi-aves/trainval_images/93/12.jpg	dry grass.
/home/whx/Dataset/semi-aves/trainval_images/94/6.jpg	The background consists of dry, rocky ground with scattered pebbles and twigs.
/home/whx/Dataset/semi-aves/trainval_images/94/23.jpg	The background is blurred with green foliage.
/home/whx/Dataset/semi-aves/trainval_images/94/4.jpg	A bird perched on a rusty metal structure against a clear blue sky.
/home/whx/Dataset/semi-aves/trainval_images/94/34.jpg	A bird perched on wires against a reddish-brown wall.
/home/whx/Dataset/semi-aves/trainval_images/94/1.jpg	Clear blue sky.
/home/whx/Dataset/semi-aves/trainval_images/94/19.jpg	dry branches, blurred background.
/home/whx/Dataset/semi-aves/trainval_images/94/9.jpg	gray, blurred background.
/home/whx/Dataset/semi-aves/trainval_images/94/14.jpg	Leaves, dirt, wall.
/home/whx/Dataset/semi-aves/trainval_images/94/21.jpg	Chain-link fence, water, leaves.
/home/whx/Dataset/semi-aves/trainval_images/94/33.jpg	The background is a plain, light blue sky.
/home/whx/Dataset/semi-aves/trainval_images/94/26.jpg	concrete, glass, door
/home/whx/Dataset/semi-aves/trainval_images/94/2.jpg	The background is blurred greenery.
/home/whx/Dataset/semi-aves/trainval_images/94/18.jpg	Glass wall, tiled floor, railing.
/home/whx/Dataset/semi-aves/trainval_images/94/25.jpg	brick building, glass windows.
/home/whx/Dataset/semi-aves/trainval_images/94/27.jpg	Grassy field with tree branches.
/home/whx/Dataset/semi-aves/trainval_images/94/35.jpg	The background is blurred, with muted greens and browns.
/home/whx/Dataset/semi-aves/trainval_images/95/15.jpg	a bird on a wire, overcast sky.
/home/whx/Dataset/semi-aves/trainval_images/95/10.jpg	Clear blue sky.
/home/whx/Dataset/semi-aves/trainval_images/95/11.jpg	Clear blue sky.
/home/whx/Dataset/semi-aves/trainval_images/95/9.jpg	A bird perched in a tree with green foliage and bare branches.
/home/whx/Dataset/semi-aves/trainval_images/95/5.jpg	Clear blue sky.
/home/whx/Dataset/semi-aves/trainval_images/95/4.jpg	bare branches, blue sky.
/home/whx/Dataset/semi-aves/trainval_images/95/12.jpg	A bird perched on branches against a blue sky.
/home/whx/Dataset/semi-aves/trainval_images/95/14.jpg	Clear blue sky.
/home/whx/Dataset/semi-aves/trainval_images/95/6.jpg	Clear blue sky.
/home/whx/Dataset/semi-aves/trainval_images/95/1.jpg	A bird perched against a clear blue sky.
/home/whx/Dataset/semi-aves/trainval_images/95/19.jpg	Green leaves and branches.
/home/whx/Dataset/semi-aves/trainval_images/95/2.jpg	The background is a plain, light sky.
/home/whx/Dataset/semi-aves/trainval_images/95/17.jpg	tree branch, blurred background.
/home/whx/Dataset/semi-aves/trainval_images/95/21.jpg	cloudy sky
/home/whx/Dataset/semi-aves/trainval_images/95/0.jpg	Clear blue sky.
/home/whx/Dataset/semi-aves/trainval_images/95/8.jpg	A bird perched on a tree branch against a blue sky with scattered clouds.
/home/whx/Dataset/semi-aves/trainval_images/96/20.jpg	tree trunk, branches, leaves.
/home/whx/Dataset/semi-aves/trainval_images/96/4.jpg	Tree branches and sky.
/home/whx/Dataset/semi-aves/trainval_images/96/12.jpg	tree bark
/home/whx/Dataset/semi-aves/trainval_images/96/17.jpg	blurred green background.
/home/whx/Dataset/semi-aves/trainval_images/96/3.jpg	Clear blue sky.
/home/whx/Dataset/semi-aves/trainval_images/96/14.jpg	tree branches, blurred greenery.
/home/whx/Dataset/semi-aves/trainval_images/96/0.jpg	Blurred green foliage.
/home/whx/Dataset/semi-aves/trainval_images/96/13.jpg	green foliage, tree trunk.
/home/whx/Dataset/semi-aves/trainval_images/96/21.jpg	The background of the bird is a clear blue sky with tree branches and leaves.
/home/whx/Dataset/semi-aves/trainval_images/96/8.jpg	branchy, blurred, natural.
/home/whx/Dataset/semi-aves/trainval_images/96/19.jpg	tree bark
/home/whx/Dataset/semi-aves/trainval_images/96/5.jpg	bare branches, overcast sky.
/home/whx/Dataset/semi-aves/trainval_images/96/6.jpg	A bird on tree bark.
/home/whx/Dataset/semi-aves/trainval_images/96/22.jpg	blurred green foliage.
/home/whx/Dataset/semi-aves/trainval_images/96/9.jpg	Green leaves, blurred background.
/home/whx/Dataset/semi-aves/trainval_images/96/7.jpg	A bird on a tree trunk with blurred green background.
/home/whx/Dataset/semi-aves/trainval_images/97/3.jpg	bare trees, forest.
/home/whx/Dataset/semi-aves/trainval_images/97/31.jpg	tree, branches, blurred background.
/home/whx/Dataset/semi-aves/trainval_images/97/15.jpg	bare branches, blue sky.
/home/whx/Dataset/semi-aves/trainval_images/97/24.jpg	bare tree branches, overcast sky.
/home/whx/Dataset/semi-aves/trainval_images/97/1.jpg	bare tree branches, overcast sky.
/home/whx/Dataset/semi-aves/trainval_images/97/20.jpg	bare trees, clear blue sky.
/home/whx/Dataset/semi-aves/trainval_images/97/22.jpg	Snow-covered trees.
/home/whx/Dataset/semi-aves/trainval_images/97/25.jpg	bare trees, branches, forest.
/home/whx/Dataset/semi-aves/trainval_images/97/0.jpg	A bird in a snowy forest.
/home/whx/Dataset/semi-aves/trainval_images/97/27.jpg	A bird perched on a branch against a blue sky.
/home/whx/Dataset/semi-aves/trainval_images/97/30.jpg	tree, branches, sky.
/home/whx/Dataset/semi-aves/trainval_images/97/18.jpg	bare trees, overcast sky.
/home/whx/Dataset/semi-aves/trainval_images/97/4.jpg	tree branches, sky.
/home/whx/Dataset/semi-aves/trainval_images/97/16.jpg	Dark, leafless trees.
/home/whx/Dataset/semi-aves/trainval_images/97/26.jpg	tree trunk, branches, sunlight.
/home/whx/Dataset/semi-aves/trainval_images/97/11.jpg	A bird perched on greenery with a black metal fence and blurred background.
/home/whx/Dataset/semi-aves/trainval_images/98/18.jpg	Clear blue sky.
/home/whx/Dataset/semi-aves/trainval_images/98/9.jpg	Grassy field with blurred background.
/home/whx/Dataset/semi-aves/trainval_images/98/26.jpg	Tree branches with red berries.
/home/whx/Dataset/semi-aves/trainval_images/98/19.jpg	dry grass and rocks.
/home/whx/Dataset/semi-aves/trainval_images/98/21.jpg	A bird on blue fabric.
/home/whx/Dataset/semi-aves/trainval_images/98/12.jpg	A bird is perched on a tree trunk with green foliage and rocks in the background.
/home/whx/Dataset/semi-aves/trainval_images/98/16.jpg	The background is a plain, overcast sky.
/home/whx/Dataset/semi-aves/trainval_images/98/23.jpg	A bird perched on a branch with green leaves and a clear sky.
/home/whx/Dataset/semi-aves/trainval_images/98/8.jpg	A bird in a hand, blurred background.
/home/whx/Dataset/semi-aves/trainval_images/98/20.jpg	Green leaves and branches.
/home/whx/Dataset/semi-aves/trainval_images/98/22.jpg	Green foliage, stone structure.
/home/whx/Dataset/semi-aves/trainval_images/98/3.jpg	wet cobblestones, tire, patch of grass.
/home/whx/Dataset/semi-aves/trainval_images/98/30.jpg	Grass, rocks, dirt.
/home/whx/Dataset/semi-aves/trainval_images/98/25.jpg	The background is a plain, light gray sky.
/home/whx/Dataset/semi-aves/trainval_images/98/6.jpg	The background is blurred and gray.
/home/whx/Dataset/semi-aves/trainval_images/98/1.jpg	Blurred, earthy tones.
/home/whx/Dataset/semi-aves/trainval_images/99/2.jpg	The background of the bird is a lush, green forest.
/home/whx/Dataset/semi-aves/trainval_images/99/29.jpg	a bird perched on a tree branch with green foliage.
/home/whx/Dataset/semi-aves/trainval_images/99/22.jpg	Green foliage, blurred background.
/home/whx/Dataset/semi-aves/trainval_images/99/10.jpg	white background.
/home/whx/Dataset/semi-aves/trainval_images/99/13.jpg	tree branches, blue sky.
/home/whx/Dataset/semi-aves/trainval_images/99/23.jpg	Tree branches and leaves.
/home/whx/Dataset/semi-aves/trainval_images/99/11.jpg	Clear blue sky.
/home/whx/Dataset/semi-aves/trainval_images/99/8.jpg	tree branches and leaves.
/home/whx/Dataset/semi-aves/trainval_images/99/21.jpg	Clear blue sky.
/home/whx/Dataset/semi-aves/trainval_images/99/20.jpg	Clear blue sky.
/home/whx/Dataset/semi-aves/trainval_images/99/1.jpg	tree branches, green leaves, tamarind pods.
/home/whx/Dataset/semi-aves/trainval_images/99/19.jpg	A bird perched on a branch against a blue sky.
/home/whx/Dataset/semi-aves/trainval_images/99/27.jpg	The background is a plain, light gray sky.
/home/whx/Dataset/semi-aves/trainval_images/99/30.jpg	bare, hilly, overcast.
/home/whx/Dataset/semi-aves/trainval_images/99/12.jpg	green leaves, sky.
/home/whx/Dataset/semi-aves/trainval_images/99/25.jpg	The background is a plain, light sky.
/home/whx/Dataset/semi-aves/trainval_images/100/9.jpg	wetland, reeds, water.
/home/whx/Dataset/semi-aves/trainval_images/100/24.jpg	Green reeds.
/home/whx/Dataset/semi-aves/trainval_images/100/26.jpg	wooden boardwalk, grass, reeds.
/home/whx/Dataset/semi-aves/trainval_images/100/10.jpg	The background is a blurred mix of tree branches and foliage.
/home/whx/Dataset/semi-aves/trainval_images/100/14.jpg	wooden fence, dark background.
/home/whx/Dataset/semi-aves/trainval_images/100/25.jpg	A bird perched on a branch with a blurred, sparkling background.
/home/whx/Dataset/semi-aves/trainval_images/100/22.jpg	green foliage.
/home/whx/Dataset/semi-aves/trainval_images/100/7.jpg	green foliage, dirt path.
/home/whx/Dataset/semi-aves/trainval_images/100/20.jpg	The background is a mix of brown and green foliage.
/home/whx/Dataset/semi-aves/trainval_images/100/19.jpg	The background is a mix of green and brown reeds.
/home/whx/Dataset/semi-aves/trainval_images/100/16.jpg	mossy ground, twigs, leaves.
/home/whx/Dataset/semi-aves/trainval_images/100/4.jpg	dry twigs and branches.
/home/whx/Dataset/semi-aves/trainval_images/100/1.jpg	dry grass.
/home/whx/Dataset/semi-aves/trainval_images/100/27.jpg	Green leaves and branches.
/home/whx/Dataset/semi-aves/trainval_images/100/3.jpg	Green, blurred, grassy.
/home/whx/Dataset/semi-aves/trainval_images/100/5.jpg	dry grass, mud, green plants.
/home/whx/Dataset/semi-aves/trainval_images/101/33.jpg	dry grass, bare trees.
/home/whx/Dataset/semi-aves/trainval_images/101/23.jpg	A bird in shallow water with grass and rocks.
/home/whx/Dataset/semi-aves/trainval_images/101/8.jpg	gray sky
/home/whx/Dataset/semi-aves/trainval_images/101/20.jpg	tree, feeder, houses
/home/whx/Dataset/semi-aves/trainval_images/101/0.jpg	Grassy field.
/home/whx/Dataset/semi-aves/trainval_images/101/17.jpg	a bird on a wire against a clear blue sky.
/home/whx/Dataset/semi-aves/trainval_images/101/7.jpg	A bird perches on bare branches with a green building and sky in the background.
/home/whx/Dataset/semi-aves/trainval_images/101/14.jpg	bare branches, light sky.
/home/whx/Dataset/semi-aves/trainval_images/101/22.jpg	The background is a pale, overcast sky.
/home/whx/Dataset/semi-aves/trainval_images/101/5.jpg	dry grass.
/home/whx/Dataset/semi-aves/trainval_images/101/28.jpg	A bird perched on a branch with a blurred background of dry grass and a pale sky.
/home/whx/Dataset/semi-aves/trainval_images/101/24.jpg	The background is a plain, overcast sky.
/home/whx/Dataset/semi-aves/trainval_images/101/35.jpg	bare branches, overcast sky.
/home/whx/Dataset/semi-aves/trainval_images/101/3.jpg	Clear blue sky.
/home/whx/Dataset/semi-aves/trainval_images/101/34.jpg	ground with scattered seeds and twigs.
/home/whx/Dataset/semi-aves/trainval_images/101/11.jpg	bare branches, blue sky.
/home/whx/Dataset/semi-aves/trainval_images/102/21.jpg	Blurred green grass.
/home/whx/Dataset/semi-aves/trainval_images/102/15.jpg	green foliage.
/home/whx/Dataset/semi-aves/trainval_images/102/29.jpg	green foliage.
/home/whx/Dataset/semi-aves/trainval_images/102/23.jpg	Blurred, natural setting.
/home/whx/Dataset/semi-aves/trainval_images/102/32.jpg	a bird on a wire against a clear blue sky.
/home/whx/Dataset/semi-aves/trainval_images/102/11.jpg	The background is a plain, light gray.
/home/whx/Dataset/semi-aves/trainval_images/102/31.jpg	Green foliage.
/home/whx/Dataset/semi-aves/trainval_images/102/20.jpg	dry branches, sparse greenery.
/home/whx/Dataset/semi-aves/trainval_images/102/24.jpg	blurred green foliage.
/home/whx/Dataset/semi-aves/trainval_images/102/33.jpg	A bird perched on a tree branch with pink blossoms and a person in the background.
/home/whx/Dataset/semi-aves/trainval_images/102/30.jpg	Green foliage.
/home/whx/Dataset/semi-aves/trainval_images/102/6.jpg	green leaves, blurred background.
/home/whx/Dataset/semi-aves/trainval_images/102/13.jpg	Green foliage.
/home/whx/Dataset/semi-aves/trainval_images/102/14.jpg	Bamboo forest.
/home/whx/Dataset/semi-aves/trainval_images/102/12.jpg	Green foliage.
/home/whx/Dataset/semi-aves/trainval_images/102/17.jpg	Blurred green hills.
/home/whx/Dataset/semi-aves/trainval_images/103/3.jpg	dark, leafy, branches.
/home/whx/Dataset/semi-aves/trainval_images/103/18.jpg	green leaves, blurred background.
/home/whx/Dataset/semi-aves/trainval_images/103/15.jpg	Green leaves and branches.
/home/whx/Dataset/semi-aves/trainval_images/103/8.jpg	green foliage, blurred background.
/home/whx/Dataset/semi-aves/trainval_images/103/4.jpg	dirt, twigs, leaves.
/home/whx/Dataset/semi-aves/trainval_images/103/25.jpg	blurred green foliage.
/home/whx/Dataset/semi-aves/trainval_images/103/0.jpg	The background is blurred green foliage.
/home/whx/Dataset/semi-aves/trainval_images/103/12.jpg	The background is a mix of green foliage and blurred branches.
/home/whx/Dataset/semi-aves/trainval_images/103/13.jpg	tree branches, blurred leaves.
/home/whx/Dataset/semi-aves/trainval_images/103/29.jpg	Blurred green grass.
/home/whx/Dataset/semi-aves/trainval_images/103/23.jpg	Grass and dirt.
/home/whx/Dataset/semi-aves/trainval_images/103/2.jpg	A bird perched on a tree branch with green leaves and a blue sky.
/home/whx/Dataset/semi-aves/trainval_images/103/5.jpg	a bird on forest floor with leaves.
/home/whx/Dataset/semi-aves/trainval_images/103/14.jpg	dry branches and twigs.
/home/whx/Dataset/semi-aves/trainval_images/103/22.jpg	tree branches, green leaves, blue sky.
/home/whx/Dataset/semi-aves/trainval_images/103/10.jpg	rocky, mossy, water.
/home/whx/Dataset/semi-aves/trainval_images/104/17.jpg	Grassy field, clear sky.
/home/whx/Dataset/semi-aves/trainval_images/104/27.jpg	pebbled ground
/home/whx/Dataset/semi-aves/trainval_images/104/28.jpg	The background is blurred, suggesting a natural, outdoor setting.
/home/whx/Dataset/semi-aves/trainval_images/104/10.jpg	A bird perched on a twig in a grassy field.
/home/whx/Dataset/semi-aves/trainval_images/104/4.jpg	Green grassy field.
/home/whx/Dataset/semi-aves/trainval_images/104/26.jpg	bare branches.
/home/whx/Dataset/semi-aves/trainval_images/104/30.jpg	Green, blurred background.
/home/whx/Dataset/semi-aves/trainval_images/104/3.jpg	Green, blurred, grassy field.
/home/whx/Dataset/semi-aves/trainval_images/104/9.jpg	Blurred grass and rocks.
/home/whx/Dataset/semi-aves/trainval_images/104/0.jpg	Dry, blurred vegetation.
/home/whx/Dataset/semi-aves/trainval_images/104/15.jpg	dry branches and leaves.
/home/whx/Dataset/semi-aves/trainval_images/104/13.jpg	Grassy field with yellow flowers.
/home/whx/Dataset/semi-aves/trainval_images/104/7.jpg	The background is a dark, starry night sky.
/home/whx/Dataset/semi-aves/trainval_images/104/18.jpg	green trees, blurred background.
/home/whx/Dataset/semi-aves/trainval_images/104/20.jpg	tree branches and leaves.
/home/whx/Dataset/semi-aves/trainval_images/104/21.jpg	The background is a blurred, neutral tone.
/home/whx/Dataset/semi-aves/trainval_images/105/27.jpg	snowy, leafless branches, tree trunk.
/home/whx/Dataset/semi-aves/trainval_images/105/7.jpg	wooden deck, blurred background.
/home/whx/Dataset/semi-aves/trainval_images/105/14.jpg	The background is blurred, dark, and indistinct.
/home/whx/Dataset/semi-aves/trainval_images/105/5.jpg	dry, barren ground, dead branches.
/home/whx/Dataset/semi-aves/trainval_images/105/22.jpg	The background is blurred and light.
/home/whx/Dataset/semi-aves/trainval_images/105/28.jpg	The background of the bird consists of dirt, twigs, and a black object.
/home/whx/Dataset/semi-aves/trainval_images/105/11.jpg	Wire cage, wooden structure, blurred background.
/home/whx/Dataset/semi-aves/trainval_images/105/31.jpg	bare branches, spider web.
/home/whx/Dataset/semi-aves/trainval_images/105/30.jpg	Leaves, twigs, forest floor.
/home/whx/Dataset/semi-aves/trainval_images/105/2.jpg	blurry, brown, outdoor.
/home/whx/Dataset/semi-aves/trainval_images/105/18.jpg	Clear sky, power lines, wooden pole.
/home/whx/Dataset/semi-aves/trainval_images/105/20.jpg	The background is blurred with seeds.
/home/whx/Dataset/semi-aves/trainval_images/105/25.jpg	The background is a blurred, dark sky with faint tree branches.
/home/whx/Dataset/semi-aves/trainval_images/105/19.jpg	bare trees, brown grass, wooden structure.
/home/whx/Dataset/semi-aves/trainval_images/105/13.jpg	The background is blurred, with muted earth tones and green leaves.
/home/whx/Dataset/semi-aves/trainval_images/105/10.jpg	The background is blurred.
/home/whx/Dataset/semi-aves/trainval_images/106/0.jpg	dry branches and twigs.
/home/whx/Dataset/semi-aves/trainval_images/106/17.jpg	rocky, lichen-covered background.
/home/whx/Dataset/semi-aves/trainval_images/106/7.jpg	tree branches, grass, dirt.
/home/whx/Dataset/semi-aves/trainval_images/106/14.jpg	Blurred greenery.
/home/whx/Dataset/semi-aves/trainval_images/106/8.jpg	snowy ground, tree stump, grass patches.
/home/whx/Dataset/semi-aves/trainval_images/106/26.jpg	Green foliage, tree trunk.
/home/whx/Dataset/semi-aves/trainval_images/106/1.jpg	The background is a gray wall with a metal railing.
/home/whx/Dataset/semi-aves/trainval_images/106/30.jpg	green leaves, branches.
/home/whx/Dataset/semi-aves/trainval_images/106/29.jpg	Clear blue sky.
/home/whx/Dataset/semi-aves/trainval_images/106/24.jpg	Blurred green grass and brown dirt.
/home/whx/Dataset/semi-aves/trainval_images/106/20.jpg	A bird perched on a branch against a blue sky with green leaves.
/home/whx/Dataset/semi-aves/trainval_images/106/18.jpg	bare branches, light sky.
/home/whx/Dataset/semi-aves/trainval_images/106/2.jpg	Leaves, twigs, and ground.
/home/whx/Dataset/semi-aves/trainval_images/106/27.jpg	A bird in a forested area.
/home/whx/Dataset/semi-aves/trainval_images/106/13.jpg	tree branches and foliage.
/home/whx/Dataset/semi-aves/trainval_images/106/15.jpg	Green grass and branches.
/home/whx/Dataset/semi-aves/trainval_images/107/7.jpg	green leaves, blurred background.
/home/whx/Dataset/semi-aves/trainval_images/107/19.jpg	Green foliage with small orange flowers.
/home/whx/Dataset/semi-aves/trainval_images/107/21.jpg	Green foliage.
/home/whx/Dataset/semi-aves/trainval_images/107/1.jpg	Green leaves and blurred background.
/home/whx/Dataset/semi-aves/trainval_images/107/12.jpg	Grassy yard with wooden deck.
/home/whx/Dataset/semi-aves/trainval_images/107/2.jpg	Green leaves and branches.
/home/whx/Dataset/semi-aves/trainval_images/107/18.jpg	A bird in a leafy, sunlit tree.
/home/whx/Dataset/semi-aves/trainval_images/107/3.jpg	bare branches, blurred green.
/home/whx/Dataset/semi-aves/trainval_images/107/30.jpg	blurred green leaves and branches.
/home/whx/Dataset/semi-aves/trainval_images/107/16.jpg	blurry, dark, out of focus.
/home/whx/Dataset/semi-aves/trainval_images/107/29.jpg	The background is blurred green foliage.
/home/whx/Dataset/semi-aves/trainval_images/107/17.jpg	The background is a blurred mix of green and brown leaves.
/home/whx/Dataset/semi-aves/trainval_images/107/32.jpg	Leaves and twigs.
/home/whx/Dataset/semi-aves/trainval_images/107/0.jpg	Green leaves, branches, and moss.
/home/whx/Dataset/semi-aves/trainval_images/107/31.jpg	A bird perched on a branch with green leaves.
/home/whx/Dataset/semi-aves/trainval_images/107/9.jpg	Green leaves, blurred background.
/home/whx/Dataset/semi-aves/trainval_images/108/29.jpg	Green field.
/home/whx/Dataset/semi-aves/trainval_images/108/17.jpg	Green, blurred, natural.
/home/whx/Dataset/semi-aves/trainval_images/108/26.jpg	The background is a mix of gray gravel and green foliage.
/home/whx/Dataset/semi-aves/trainval_images/108/5.jpg	A bird on a hand with gravel and wood in the background.
/home/whx/Dataset/semi-aves/trainval_images/108/19.jpg	Green foliage, grass, and wildflowers.
/home/whx/Dataset/semi-aves/trainval_images/108/4.jpg	Green foliage, brown stems.
/home/whx/Dataset/semi-aves/trainval_images/108/32.jpg	Grassy field.
/home/whx/Dataset/semi-aves/trainval_images/108/22.jpg	tree branches, leaves, sky.
/home/whx/Dataset/semi-aves/trainval_images/108/10.jpg	Green foliage, blurred background.
/home/whx/Dataset/semi-aves/trainval_images/108/24.jpg	dry grass.
/home/whx/Dataset/semi-aves/trainval_images/108/27.jpg	Green leaves and blurred background.
/home/whx/Dataset/semi-aves/trainval_images/108/20.jpg	Green and leafy.
/home/whx/Dataset/semi-aves/trainval_images/108/14.jpg	Green leaves, blurred background.
/home/whx/Dataset/semi-aves/trainval_images/108/16.jpg	Green leaves and branches.
/home/whx/Dataset/semi-aves/trainval_images/108/13.jpg	Green leaves and branches.
/home/whx/Dataset/semi-aves/trainval_images/108/23.jpg	a bird on wet ground.
/home/whx/Dataset/semi-aves/trainval_images/109/6.jpg	green foliage, rocks
/home/whx/Dataset/semi-aves/trainval_images/109/23.jpg	Green leaves and branches.
/home/whx/Dataset/semi-aves/trainval_images/109/13.jpg	blurred, tree branches, green leaves.
/home/whx/Dataset/semi-aves/trainval_images/109/27.jpg	Grassy field with trees.
/home/whx/Dataset/semi-aves/trainval_images/109/26.jpg	tree branches and leaves.
/home/whx/Dataset/semi-aves/trainval_images/109/7.jpg	Green and blurred.
/home/whx/Dataset/semi-aves/trainval_images/109/16.jpg	Green and blurred.
/home/whx/Dataset/semi-aves/trainval_images/109/9.jpg	A bird in a tree with green leaves.
/home/whx/Dataset/semi-aves/trainval_images/109/12.jpg	tree branches, blurred background.
/home/whx/Dataset/semi-aves/trainval_images/109/5.jpg	tree trunk, blurred background.
/home/whx/Dataset/semi-aves/trainval_images/109/21.jpg	gray, textured surface.
/home/whx/Dataset/semi-aves/trainval_images/109/18.jpg	The background is dark and leafy.
/home/whx/Dataset/semi-aves/trainval_images/109/28.jpg	The background is a blurred green forest.
/home/whx/Dataset/semi-aves/trainval_images/109/24.jpg	green foliage.
/home/whx/Dataset/semi-aves/trainval_images/109/20.jpg	Green leaves and branches.
/home/whx/Dataset/semi-aves/trainval_images/109/10.jpg	Green foliage and branches.
/home/whx/Dataset/semi-aves/trainval_images/110/2.jpg	The background is a plain, light sky.
/home/whx/Dataset/semi-aves/trainval_images/110/23.jpg	A bird perched on a branch with a blurred background.
/home/whx/Dataset/semi-aves/trainval_images/110/11.jpg	tree branches, leaves, rocks.
/home/whx/Dataset/semi-aves/trainval_images/110/10.jpg	Green foliage, blurred background.
/home/whx/Dataset/semi-aves/trainval_images/110/4.jpg	Green leaves, blurred background.
/home/whx/Dataset/semi-aves/trainval_images/110/8.jpg	The background is a clear, light sky.
/home/whx/Dataset/semi-aves/trainval_images/110/25.jpg	Blurred green foliage.
/home/whx/Dataset/semi-aves/trainval_images/110/24.jpg	Clear blue sky.
/home/whx/Dataset/semi-aves/trainval_images/110/28.jpg	Clear blue sky.
/home/whx/Dataset/semi-aves/trainval_images/110/12.jpg	A bird perched on tree branches with green foliage.
/home/whx/Dataset/semi-aves/trainval_images/110/29.jpg	Green grass and blurred foliage.
/home/whx/Dataset/semi-aves/trainval_images/110/18.jpg	Clear sky.
/home/whx/Dataset/semi-aves/trainval_images/110/14.jpg	The background is a plain, overcast sky.
/home/whx/Dataset/semi-aves/trainval_images/110/0.jpg	clear blue sky.
/home/whx/Dataset/semi-aves/trainval_images/110/26.jpg	A bird perched on a tree branch with green foliage in the background.
/home/whx/Dataset/semi-aves/trainval_images/110/16.jpg	A bird perched on a branch with green foliage and sunlight.
/home/whx/Dataset/semi-aves/trainval_images/111/8.jpg	Clear blue sky.
/home/whx/Dataset/semi-aves/trainval_images/111/7.jpg	Blurred trees and sky.
/home/whx/Dataset/semi-aves/trainval_images/111/6.jpg	A bird is perched on a hand against a backdrop of green grass, trees, and a clear blue sky.
/home/whx/Dataset/semi-aves/trainval_images/111/2.jpg	A bird perched on a branch with green leaves and red stems.
/home/whx/Dataset/semi-aves/trainval_images/111/19.jpg	Green leaves, white sky.
/home/whx/Dataset/semi-aves/trainval_images/111/18.jpg	Green foliage, stone wall.
/home/whx/Dataset/semi-aves/trainval_images/111/20.jpg	Green, blurred, outdoor setting.
/home/whx/Dataset/semi-aves/trainval_images/111/24.jpg	The background is blurred green foliage.
/home/whx/Dataset/semi-aves/trainval_images/111/21.jpg	Green leaves and branches.
/home/whx/Dataset/semi-aves/trainval_images/111/14.jpg	Clear blue sky.
/home/whx/Dataset/semi-aves/trainval_images/111/25.jpg	green foliage.
/home/whx/Dataset/semi-aves/trainval_images/111/9.jpg	The background is a plain, light gray sky.
/home/whx/Dataset/semi-aves/trainval_images/111/23.jpg	The background is blurred with green foliage and branches.
/home/whx/Dataset/semi-aves/trainval_images/111/26.jpg	pine tree branches and green needles.
/home/whx/Dataset/semi-aves/trainval_images/111/16.jpg	A bird in a tree with berries.
/home/whx/Dataset/semi-aves/trainval_images/111/22.jpg	The background is a plain, light sky.
/home/whx/Dataset/semi-aves/trainval_images/112/24.jpg	bare branches, blurred background.
/home/whx/Dataset/semi-aves/trainval_images/112/7.jpg	wooded area with trees and greenery.
/home/whx/Dataset/semi-aves/trainval_images/112/3.jpg	dry leaves, twigs, grass.
/home/whx/Dataset/semi-aves/trainval_images/112/22.jpg	Branches and leaves against blue sky.
/home/whx/Dataset/semi-aves/trainval_images/112/26.jpg	Foggy, dark, blurred.
/home/whx/Dataset/semi-aves/trainval_images/112/5.jpg	A bird in a forested area with bare branches.
/home/whx/Dataset/semi-aves/trainval_images/112/2.jpg	Snow-covered bushes and trees.
/home/whx/Dataset/semi-aves/trainval_images/112/1.jpg	bare branches, blurred.
/home/whx/Dataset/semi-aves/trainval_images/112/14.jpg	bare branches, blurred background.
/home/whx/Dataset/semi-aves/trainval_images/112/20.jpg	Branches and green buds.
/home/whx/Dataset/semi-aves/trainval_images/112/15.jpg	dried leaves, dirt, twigs.
/home/whx/Dataset/semi-aves/trainval_images/112/23.jpg	dirt, leaves, tree trunk.
/home/whx/Dataset/semi-aves/trainval_images/112/11.jpg	bare branches, yellow flowers.
/home/whx/Dataset/semi-aves/trainval_images/112/16.jpg	bare branches, overcast sky.
/home/whx/Dataset/semi-aves/trainval_images/112/28.jpg	bare branches, blurred background.
/home/whx/Dataset/semi-aves/trainval_images/112/12.jpg	bare branches, blurred background.
/home/whx/Dataset/semi-aves/trainval_images/113/17.jpg	A bird in flight against a pale blue sky.
/home/whx/Dataset/semi-aves/trainval_images/113/25.jpg	The background is blurred, with hints of green and blue.
/home/whx/Dataset/semi-aves/trainval_images/113/2.jpg	Clear blue sky.
/home/whx/Dataset/semi-aves/trainval_images/113/7.jpg	Grassy field with blurred background.
/home/whx/Dataset/semi-aves/trainval_images/113/12.jpg	green foliage, thistle, flowers.
/home/whx/Dataset/semi-aves/trainval_images/113/4.jpg	The background is blurred.
/home/whx/Dataset/semi-aves/trainval_images/113/9.jpg	boats, water, dock.
/home/whx/Dataset/semi-aves/trainval_images/113/6.jpg	Green field with barbed wire.
/home/whx/Dataset/semi-aves/trainval_images/113/21.jpg	A bird perched on a barbed wire fence against a blurred green field.
/home/whx/Dataset/semi-aves/trainval_images/113/11.jpg	Green foliage, tree branches.
/home/whx/Dataset/semi-aves/trainval_images/113/5.jpg	clear blue sky.
/home/whx/Dataset/semi-aves/trainval_images/113/3.jpg	Green plants, soil.
/home/whx/Dataset/semi-aves/trainval_images/113/20.jpg	A bird perched on a tree against a gray sky.
/home/whx/Dataset/semi-aves/trainval_images/113/16.jpg	A bird stands on wood chips under a wooden structure.
/home/whx/Dataset/semi-aves/trainval_images/113/23.jpg	A bird perched on bare branches against a clear blue sky.
/home/whx/Dataset/semi-aves/trainval_images/113/15.jpg	The background is sandy with some scattered leaves and a blurred sidewalk.
/home/whx/Dataset/semi-aves/trainval_images/114/15.jpg	The background of the bird is a mix of rocks and dirt.
/home/whx/Dataset/semi-aves/trainval_images/114/17.jpg	tree branches, sky.
/home/whx/Dataset/semi-aves/trainval_images/114/9.jpg	green foliage, tree trunk, ground.
/home/whx/Dataset/semi-aves/trainval_images/114/2.jpg	Cactus, twigs, and dry ground.
/home/whx/Dataset/semi-aves/trainval_images/114/16.jpg	A bird perched on lichen-covered branches.
/home/whx/Dataset/semi-aves/trainval_images/114/22.jpg	Green foliage, bare branches.
/home/whx/Dataset/semi-aves/trainval_images/114/6.jpg	Clear blue sky.
/home/whx/Dataset/semi-aves/trainval_images/114/14.jpg	The background is a mix of green foliage and brown leaves.
/home/whx/Dataset/semi-aves/trainval_images/114/0.jpg	ground with scattered seeds and twigs.
/home/whx/Dataset/semi-aves/trainval_images/114/19.jpg	green foliage, leaves, ground.
/home/whx/Dataset/semi-aves/trainval_images/114/12.jpg	bare branches, overcast sky.
/home/whx/Dataset/semi-aves/trainval_images/114/23.jpg	The background is blurred green foliage.
/home/whx/Dataset/semi-aves/trainval_images/114/24.jpg	green foliage.
/home/whx/Dataset/semi-aves/trainval_images/114/13.jpg	The background is a blurred sky.
/home/whx/Dataset/semi-aves/trainval_images/114/1.jpg	Green foliage, blurred background.
/home/whx/Dataset/semi-aves/trainval_images/114/11.jpg	bare branches, overcast sky.
/home/whx/Dataset/semi-aves/trainval_images/115/11.jpg	clear blue sky.
/home/whx/Dataset/semi-aves/trainval_images/115/14.jpg	tall grass, green and brown.
/home/whx/Dataset/semi-aves/trainval_images/115/8.jpg	Green, blurred, water.
/home/whx/Dataset/semi-aves/trainval_images/115/19.jpg	A bird stands in a field of tall grass and wildflowers.
/home/whx/Dataset/semi-aves/trainval_images/115/1.jpg	Green foliage.
/home/whx/Dataset/semi-aves/trainval_images/115/20.jpg	The background is blurred, with warm tones.
/home/whx/Dataset/semi-aves/trainval_images/115/10.jpg	tree branches, sky.
/home/whx/Dataset/semi-aves/trainval_images/115/5.jpg	Grass, palm fronds.
/home/whx/Dataset/semi-aves/trainval_images/115/4.jpg	Tall grass and plants.
/home/whx/Dataset/semi-aves/trainval_images/115/3.jpg	Greenery, trees, grass, blurred background.
/home/whx/Dataset/semi-aves/trainval_images/115/21.jpg	A bird stands on a brick wall with trees and foliage in the background.
/home/whx/Dataset/semi-aves/trainval_images/115/13.jpg	water, reflection, vegetation.
/home/whx/Dataset/semi-aves/trainval_images/115/6.jpg	Palm tree with coconuts.
/home/whx/Dataset/semi-aves/trainval_images/115/18.jpg	Tall grass and reeds.
/home/whx/Dataset/semi-aves/trainval_images/115/9.jpg	Grassy field.
/home/whx/Dataset/semi-aves/trainval_images/115/15.jpg	A bird stands amidst a field of wildflowers and greenery.
/home/whx/Dataset/semi-aves/trainval_images/116/13.jpg	A bird flying over water.
/home/whx/Dataset/semi-aves/trainval_images/116/25.jpg	water with ripples and reflections.
/home/whx/Dataset/semi-aves/trainval_images/116/3.jpg	A bird against a blue sky with a white cloud.
/home/whx/Dataset/semi-aves/trainval_images/116/29.jpg	Green water reflections.
/home/whx/Dataset/semi-aves/trainval_images/116/28.jpg	Grassy, sandy, blurred background.
/home/whx/Dataset/semi-aves/trainval_images/116/22.jpg	A bird in calm water.
/home/whx/Dataset/semi-aves/trainval_images/116/6.jpg	water, grass, branch.
/home/whx/Dataset/semi-aves/trainval_images/116/12.jpg	The background is blurred, suggesting a natural, outdoor setting.
/home/whx/Dataset/semi-aves/trainval_images/116/21.jpg	Grassy field with poles.
/home/whx/Dataset/semi-aves/trainval_images/116/16.jpg	A bird perched on a rock in a calm, greenish water body.
/home/whx/Dataset/semi-aves/trainval_images/116/4.jpg	rocky, sandy, salt-streaked.
/home/whx/Dataset/semi-aves/trainval_images/116/18.jpg	A bird stands amidst reeds and water.
/home/whx/Dataset/semi-aves/trainval_images/116/8.jpg	A bird perched on bare branches against a pale sky.
/home/whx/Dataset/semi-aves/trainval_images/116/0.jpg	Green field, trees, grass.
/home/whx/Dataset/semi-aves/trainval_images/116/30.jpg	A bird perched on a tree branch with green foliage.
/home/whx/Dataset/semi-aves/trainval_images/116/26.jpg	rocky, water, lily pads.
/home/whx/Dataset/semi-aves/trainval_images/117/24.jpg	sand, grass, water.
/home/whx/Dataset/semi-aves/trainval_images/117/18.jpg	ocean waves, sandy beach, seaweed.
/home/whx/Dataset/semi-aves/trainval_images/117/12.jpg	water, seaweed, reflection.
/home/whx/Dataset/semi-aves/trainval_images/117/21.jpg	sand, debris, seaweed.
/home/whx/Dataset/semi-aves/trainval_images/117/15.jpg	Rocks, water.
/home/whx/Dataset/semi-aves/trainval_images/117/17.jpg	The background is sandy and textured.
/home/whx/Dataset/semi-aves/trainval_images/117/19.jpg	sand, debris, another bird
/home/whx/Dataset/semi-aves/trainval_images/117/7.jpg	The background is sandy and blurred.
/home/whx/Dataset/semi-aves/trainval_images/117/8.jpg	water and mud.
/home/whx/Dataset/semi-aves/trainval_images/117/1.jpg	dry, rocky ground with scattered debris.
/home/whx/Dataset/semi-aves/trainval_images/117/5.jpg	muddy ground
/home/whx/Dataset/semi-aves/trainval_images/117/23.jpg	The background of the bird includes sandy ground, some green plants, and a blurred natural setting.
/home/whx/Dataset/semi-aves/trainval_images/117/16.jpg	pebbles, sand, driftwood.
/home/whx/Dataset/semi-aves/trainval_images/117/25.jpg	A bird stands on sandy ground with mangrove roots in the background.
/home/whx/Dataset/semi-aves/trainval_images/117/13.jpg	The background is sandy and blurred.
/home/whx/Dataset/semi-aves/trainval_images/117/6.jpg	shallow water, sandy bottom.
/home/whx/Dataset/semi-aves/trainval_images/118/8.jpg	Green, blurred foliage.
/home/whx/Dataset/semi-aves/trainval_images/118/24.jpg	The background is blurred, earthy tones.
/home/whx/Dataset/semi-aves/trainval_images/118/21.jpg	green foliage, branches.
/home/whx/Dataset/semi-aves/trainval_images/118/13.jpg	bare branches, blurred background.
/home/whx/Dataset/semi-aves/trainval_images/118/12.jpg	dry, blurred, shrubs.
/home/whx/Dataset/semi-aves/trainval_images/118/28.jpg	A bird perched on a branch against a clear blue sky.
/home/whx/Dataset/semi-aves/trainval_images/118/15.jpg	Blurred greenery.
/home/whx/Dataset/semi-aves/trainval_images/118/3.jpg	The background is blurred, with soft green and gray tones.
/home/whx/Dataset/semi-aves/trainval_images/118/4.jpg	The background is a blurred yellowish-orange.
/home/whx/Dataset/semi-aves/trainval_images/118/5.jpg	Clear blue sky.
/home/whx/Dataset/semi-aves/trainval_images/118/17.jpg	Green and blurred.
/home/whx/Dataset/semi-aves/trainval_images/118/0.jpg	Dry, blurred grass.
/home/whx/Dataset/semi-aves/trainval_images/118/14.jpg	The background is blurred, with muted tones.
/home/whx/Dataset/semi-aves/trainval_images/118/1.jpg	dry, sandy ground with sparse vegetation.
/home/whx/Dataset/semi-aves/trainval_images/118/7.jpg	Barbed wire, blurred greenery.
/home/whx/Dataset/semi-aves/trainval_images/118/26.jpg	A bird perched on a bare branch against a pale sky.
/home/whx/Dataset/semi-aves/trainval_images/119/12.jpg	A bird perched on tree branches with green leaves and blue sky.
/home/whx/Dataset/semi-aves/trainval_images/119/23.jpg	Green foliage, tree branches.
/home/whx/Dataset/semi-aves/trainval_images/119/17.jpg	The background is a gray sky.
/home/whx/Dataset/semi-aves/trainval_images/119/10.jpg	Green foliage.
/home/whx/Dataset/semi-aves/trainval_images/119/7.jpg	The background is plain white.
/home/whx/Dataset/semi-aves/trainval_images/119/3.jpg	dirt, leaves, shadow.
/home/whx/Dataset/semi-aves/trainval_images/119/2.jpg	Green foliage, blue sky.
/home/whx/Dataset/semi-aves/trainval_images/119/1.jpg	Tree branches and leaves.
/home/whx/Dataset/semi-aves/trainval_images/119/13.jpg	A bird perched on a branch against a clear blue sky.
/home/whx/Dataset/semi-aves/trainval_images/119/14.jpg	a bird in a leafy, green background.
/home/whx/Dataset/semi-aves/trainval_images/119/19.jpg	bare branches, overcast sky.
/home/whx/Dataset/semi-aves/trainval_images/119/18.jpg	tree branches, sky.
/home/whx/Dataset/semi-aves/trainval_images/119/9.jpg	A bird perched on mossy, textured bark.
/home/whx/Dataset/semi-aves/trainval_images/119/8.jpg	A bird perched on bare branches against a pale sky.
/home/whx/Dataset/semi-aves/trainval_images/119/15.jpg	A bird in a field of green plants.
/home/whx/Dataset/semi-aves/trainval_images/119/11.jpg	The background is a plain, light sky.
/home/whx/Dataset/semi-aves/trainval_images/120/12.jpg	Clear blue sky, mountain silhouette.
/home/whx/Dataset/semi-aves/trainval_images/120/16.jpg	Clear blue sky.
/home/whx/Dataset/semi-aves/trainval_images/120/11.jpg	The background of the bird is a clear sky.
/home/whx/Dataset/semi-aves/trainval_images/120/6.jpg	wetland, water, grass.
/home/whx/Dataset/semi-aves/trainval_images/120/7.jpg	A bird against a clear sky.
/home/whx/Dataset/semi-aves/trainval_images/120/18.jpg	The background is a plain, light sky.
/home/whx/Dataset/semi-aves/trainval_images/120/10.jpg	water, horizon
/home/whx/Dataset/semi-aves/trainval_images/120/9.jpg	water
/home/whx/Dataset/semi-aves/trainval_images/120/20.jpg	water
/home/whx/Dataset/semi-aves/trainval_images/120/1.jpg	pond, reeds, palm trees, sky.
/home/whx/Dataset/semi-aves/trainval_images/120/5.jpg	a bird in a clear sky.
/home/whx/Dataset/semi-aves/trainval_images/120/0.jpg	Overcast sky, trees, water.
/home/whx/Dataset/semi-aves/trainval_images/120/19.jpg	dark, blurred, greenish.
/home/whx/Dataset/semi-aves/trainval_images/120/13.jpg	Green trees and grass.
/home/whx/Dataset/semi-aves/trainval_images/120/17.jpg	Grassy field.
/home/whx/Dataset/semi-aves/trainval_images/120/4.jpg	water.
/home/whx/Dataset/semi-aves/trainval_images/121/5.jpg	The background is sandy with scattered seaweed.
/home/whx/Dataset/semi-aves/trainval_images/121/4.jpg	The background is a plain, light gray sky.
/home/whx/Dataset/semi-aves/trainval_images/121/9.jpg	dirt, rocks, pallets.
/home/whx/Dataset/semi-aves/trainval_images/121/15.jpg	The background is a blurred, grayish water surface.
/home/whx/Dataset/semi-aves/trainval_images/121/1.jpg	Dry grass.
/home/whx/Dataset/semi-aves/trainval_images/121/18.jpg	muddy water, grass, rocks.
/home/whx/Dataset/semi-aves/trainval_images/121/16.jpg	Blue sky, blurred green.
/home/whx/Dataset/semi-aves/trainval_images/121/2.jpg	Cloudy sky.
/home/whx/Dataset/semi-aves/trainval_images/121/23.jpg	water
/home/whx/Dataset/semi-aves/trainval_images/121/12.jpg	gray sky
/home/whx/Dataset/semi-aves/trainval_images/121/21.jpg	Grass and twigs.
/home/whx/Dataset/semi-aves/trainval_images/121/19.jpg	Rocky, blurred background.
/home/whx/Dataset/semi-aves/trainval_images/121/22.jpg	muddy water, grass, reflection.
/home/whx/Dataset/semi-aves/trainval_images/121/26.jpg	rocky, sparse vegetation.
/home/whx/Dataset/semi-aves/trainval_images/121/6.jpg	The background is sandy with patches of grass.
/home/whx/Dataset/semi-aves/trainval_images/121/27.jpg	calm water.
/home/whx/Dataset/semi-aves/trainval_images/122/22.jpg	ocean waves.
/home/whx/Dataset/semi-aves/trainval_images/122/30.jpg	Rocky, green, water.
/home/whx/Dataset/semi-aves/trainval_images/122/3.jpg	Foggy, misty, gray.
/home/whx/Dataset/semi-aves/trainval_images/122/17.jpg	Rocky shoreline with seaweed.
/home/whx/Dataset/semi-aves/trainval_images/122/29.jpg	wet sand, scattered debris.
/home/whx/Dataset/semi-aves/trainval_images/122/27.jpg	rocky shore with seaweed.
/home/whx/Dataset/semi-aves/trainval_images/122/15.jpg	The background is a mix of green vegetation and white lichen.
/home/whx/Dataset/semi-aves/trainval_images/122/0.jpg	Rocky, mossy, seaweed-covered.
/home/whx/Dataset/semi-aves/trainval_images/122/13.jpg	A bird stands on a rocky, waterlogged surface with a blurred, blue background.
/home/whx/Dataset/semi-aves/trainval_images/122/9.jpg	Rocky, ocean.
/home/whx/Dataset/semi-aves/trainval_images/122/18.jpg	water and rocks.
/home/whx/Dataset/semi-aves/trainval_images/122/10.jpg	Rocky, textured surface.
/home/whx/Dataset/semi-aves/trainval_images/122/4.jpg	Muddy, wet ground.
/home/whx/Dataset/semi-aves/trainval_images/122/19.jpg	ocean waves.
/home/whx/Dataset/semi-aves/trainval_images/122/23.jpg	muddy wetland.
/home/whx/Dataset/semi-aves/trainval_images/122/32.jpg	Rocks, water, sand.
/home/whx/Dataset/semi-aves/trainval_images/123/8.jpg	The background is a plain, light sky.
/home/whx/Dataset/semi-aves/trainval_images/123/2.jpg	The background is a blurred, natural setting with water and vegetation.
/home/whx/Dataset/semi-aves/trainval_images/123/19.jpg	A bird perches on a utility pole with a backdrop of trees and rooftops.
/home/whx/Dataset/semi-aves/trainval_images/123/11.jpg	green foliage, paved road, building.
/home/whx/Dataset/semi-aves/trainval_images/123/13.jpg	The background features a house with a red roof, trees, and a cloudy sky.
/home/whx/Dataset/semi-aves/trainval_images/123/12.jpg	The background is a plain, light gray sky.
/home/whx/Dataset/semi-aves/trainval_images/123/16.jpg	The background is a clear, light blue sky.
/home/whx/Dataset/semi-aves/trainval_images/123/0.jpg	The background is blurred, with a muted, natural setting.
/home/whx/Dataset/semi-aves/trainval_images/123/18.jpg	The background is blurred, suggesting a natural outdoor setting.
/home/whx/Dataset/semi-aves/trainval_images/123/3.jpg	wooden door, white wall.
/home/whx/Dataset/semi-aves/trainval_images/123/1.jpg	The background is blurred with green foliage and a hint of a building.
/home/whx/Dataset/semi-aves/trainval_images/123/24.jpg	Leaves, grass, sunlight.
/home/whx/Dataset/semi-aves/trainval_images/123/20.jpg	Grass and fallen leaves.
/home/whx/Dataset/semi-aves/trainval_images/123/5.jpg	Overcast sky.
/home/whx/Dataset/semi-aves/trainval_images/123/22.jpg	Grass and sidewalk.
/home/whx/Dataset/semi-aves/trainval_images/123/21.jpg	The background of the bird is a mix of green foliage, brown earth, and a tree trunk.
/home/whx/Dataset/semi-aves/trainval_images/124/24.jpg	The background features rocks, leaves, and dry ground.
/home/whx/Dataset/semi-aves/trainval_images/124/17.jpg	Green foliage.
/home/whx/Dataset/semi-aves/trainval_images/124/1.jpg	green leaves, branches, sky.
/home/whx/Dataset/semi-aves/trainval_images/124/20.jpg	A bird in a forested area with green foliage.
/home/whx/Dataset/semi-aves/trainval_images/124/11.jpg	The background is a dense, green forest.
/home/whx/Dataset/semi-aves/trainval_images/124/18.jpg	Green foliage.
/home/whx/Dataset/semi-aves/trainval_images/124/2.jpg	The background features green foliage and purple flowers.
/home/whx/Dataset/semi-aves/trainval_images/124/15.jpg	Green vegetation.
/home/whx/Dataset/semi-aves/trainval_images/124/25.jpg	green foliage, yellow flowers.
/home/whx/Dataset/semi-aves/trainval_images/124/22.jpg	green foliage.
/home/whx/Dataset/semi-aves/trainval_images/124/27.jpg	The background features a mix of green foliage, brown branches, and a tree trunk.
/home/whx/Dataset/semi-aves/trainval_images/124/14.jpg	Water and greenery.
/home/whx/Dataset/semi-aves/trainval_images/124/10.jpg	water, rocks, log.
/home/whx/Dataset/semi-aves/trainval_images/124/0.jpg	Green foliage, water.
/home/whx/Dataset/semi-aves/trainval_images/124/23.jpg	green vegetation, dry ground.
/home/whx/Dataset/semi-aves/trainval_images/124/19.jpg	green foliage.
/home/whx/Dataset/semi-aves/trainval_images/125/10.jpg	Green grass.
/home/whx/Dataset/semi-aves/trainval_images/125/11.jpg	trees, grass, field.
/home/whx/Dataset/semi-aves/trainval_images/125/6.jpg	A bird soars against a pale, cloudy sky.
/home/whx/Dataset/semi-aves/trainval_images/125/4.jpg	rocky, grassy, water.
/home/whx/Dataset/semi-aves/trainval_images/125/18.jpg	tree branches, green foliage.
/home/whx/Dataset/semi-aves/trainval_images/125/25.jpg	gray sky
/home/whx/Dataset/semi-aves/trainval_images/125/24.jpg	A bird soars against a blue sky with wispy clouds.
/home/whx/Dataset/semi-aves/trainval_images/125/3.jpg	Grassy field with patches of dirt.
/home/whx/Dataset/semi-aves/trainval_images/125/12.jpg	A bird against a clear blue sky.
/home/whx/Dataset/semi-aves/trainval_images/125/28.jpg	a bird against a clear blue sky.
/home/whx/Dataset/semi-aves/trainval_images/125/16.jpg	A bird perched on a tree branch in a forested area.
/home/whx/Dataset/semi-aves/trainval_images/125/13.jpg	Clear blue sky.
/home/whx/Dataset/semi-aves/trainval_images/125/27.jpg	Rocky cliff.
/home/whx/Dataset/semi-aves/trainval_images/125/19.jpg	A bird soars over a snowy landscape with a forested backdrop.
/home/whx/Dataset/semi-aves/trainval_images/125/17.jpg	The background is a plain, light sky.
/home/whx/Dataset/semi-aves/trainval_images/125/23.jpg	A bird soars against a cloudy sky.
/home/whx/Dataset/semi-aves/trainval_images/126/19.jpg	green foliage, tree branches.
/home/whx/Dataset/semi-aves/trainval_images/126/11.jpg	A bird perched on a tree branch with green leaves.
/home/whx/Dataset/semi-aves/trainval_images/126/1.jpg	Tree branches with red berries.
/home/whx/Dataset/semi-aves/trainval_images/126/22.jpg	Large green leaves.
/home/whx/Dataset/semi-aves/trainval_images/126/2.jpg	green leaves, branches, sky.
/home/whx/Dataset/semi-aves/trainval_images/126/20.jpg	green leaves and branches.
/home/whx/Dataset/semi-aves/trainval_images/126/7.jpg	Green leaves, blurred background.
/home/whx/Dataset/semi-aves/trainval_images/126/8.jpg	Green foliage.
/home/whx/Dataset/semi-aves/trainval_images/126/12.jpg	a bird in a tropical setting with palm leaves.
/home/whx/Dataset/semi-aves/trainval_images/126/9.jpg	tree branches, green leaves, blue sky.
/home/whx/Dataset/semi-aves/trainval_images/126/21.jpg	A bird against a blue sky with scattered clouds.
/home/whx/Dataset/semi-aves/trainval_images/126/23.jpg	tree branches, leaves, sky.
/home/whx/Dataset/semi-aves/trainval_images/126/24.jpg	Clear blue sky.
/home/whx/Dataset/semi-aves/trainval_images/126/15.jpg	A bird perched on a branch with green needles and a blue sky.
/home/whx/Dataset/semi-aves/trainval_images/126/4.jpg	The background is a blurred mix of green and gray, suggesting a tree and sky.
/home/whx/Dataset/semi-aves/trainval_images/126/6.jpg	Green leaves and branches.
/home/whx/Dataset/semi-aves/trainval_images/127/2.jpg	blurry, light brown.
/home/whx/Dataset/semi-aves/trainval_images/127/4.jpg	A bird perched on a tree branch with green leaves.
/home/whx/Dataset/semi-aves/trainval_images/127/9.jpg	A bird perched on a tree branch surrounded by green foliage.
/home/whx/Dataset/semi-aves/trainval_images/127/17.jpg	green foliage, blurred background.
/home/whx/Dataset/semi-aves/trainval_images/127/23.jpg	a bird on a branch with green leaves.
/home/whx/Dataset/semi-aves/trainval_images/127/20.jpg	A bird on a mossy rock.
/home/whx/Dataset/semi-aves/trainval_images/127/8.jpg	green foliage.
/home/whx/Dataset/semi-aves/trainval_images/127/7.jpg	mountains, trees, water.
/home/whx/Dataset/semi-aves/trainval_images/127/6.jpg	The background is blurred, with soft green and gray tones.
/home/whx/Dataset/semi-aves/trainval_images/127/3.jpg	A bird is perched on a branch surrounded by green leaves and twigs.
/home/whx/Dataset/semi-aves/trainval_images/127/21.jpg	tree branches, green leaves.
/home/whx/Dataset/semi-aves/trainval_images/127/15.jpg	green foliage, rock.
/home/whx/Dataset/semi-aves/trainval_images/127/1.jpg	A bird perched on branches with green foliage.
/home/whx/Dataset/semi-aves/trainval_images/127/11.jpg	water, reeds, blurred background.
/home/whx/Dataset/semi-aves/trainval_images/127/24.jpg	a bird perched on a pole under a bridge.
/home/whx/Dataset/semi-aves/trainval_images/127/26.jpg	Clear blue sky.
/home/whx/Dataset/semi-aves/trainval_images/128/6.jpg	Branches, leaves, flowers.
/home/whx/Dataset/semi-aves/trainval_images/128/17.jpg	The background is a plain, overcast sky.
/home/whx/Dataset/semi-aves/trainval_images/128/2.jpg	The background is dark and blurred.
/home/whx/Dataset/semi-aves/trainval_images/128/21.jpg	Blurred greenery.
/home/whx/Dataset/semi-aves/trainval_images/128/10.jpg	green foliage.
/home/whx/Dataset/semi-aves/trainval_images/128/18.jpg	The background is a pale sky with tree branches and green buds.
/home/whx/Dataset/semi-aves/trainval_images/128/9.jpg	bare branches, soft focus.
/home/whx/Dataset/semi-aves/trainval_images/128/4.jpg	Branches, sky.
/home/whx/Dataset/semi-aves/trainval_images/128/0.jpg	A bird perched on a pine branch with a blue sky in the background.
/home/whx/Dataset/semi-aves/trainval_images/128/7.jpg	Green foliage.
/home/whx/Dataset/semi-aves/trainval_images/128/5.jpg	bare branches, overcast sky.
/home/whx/Dataset/semi-aves/trainval_images/128/11.jpg	bare branches, blurred background.
/home/whx/Dataset/semi-aves/trainval_images/128/14.jpg	Green grass.
/home/whx/Dataset/semi-aves/trainval_images/128/19.jpg	Clear blue sky.
/home/whx/Dataset/semi-aves/trainval_images/128/12.jpg	dry, sparse vegetation.
/home/whx/Dataset/semi-aves/trainval_images/128/22.jpg	Green foliage, dried leaves.
/home/whx/Dataset/semi-aves/trainval_images/129/23.jpg	The background is a plain, light sky.
/home/whx/Dataset/semi-aves/trainval_images/129/5.jpg	gray, hazy, blurred.
/home/whx/Dataset/semi-aves/trainval_images/129/17.jpg	The background is a plain, light gray sky.
/home/whx/Dataset/semi-aves/trainval_images/129/1.jpg	A bird soars against a cloudy sky.
/home/whx/Dataset/semi-aves/trainval_images/129/18.jpg	The background is a plain, light sky.
/home/whx/Dataset/semi-aves/trainval_images/129/16.jpg	The background is a plain, light sky.
/home/whx/Dataset/semi-aves/trainval_images/129/13.jpg	dark, leafless branches, blurred greenery.
/home/whx/Dataset/semi-aves/trainval_images/129/22.jpg	Clear blue sky.
/home/whx/Dataset/semi-aves/trainval_images/129/6.jpg	a bird against a clear blue sky.
/home/whx/Dataset/semi-aves/trainval_images/129/3.jpg	Clear blue sky.
/home/whx/Dataset/semi-aves/trainval_images/129/20.jpg	The background is a clear, light blue sky.
/home/whx/Dataset/semi-aves/trainval_images/129/9.jpg	a bird against a clear sky.
/home/whx/Dataset/semi-aves/trainval_images/129/2.jpg	The background is a plain, light gray sky.
/home/whx/Dataset/semi-aves/trainval_images/129/12.jpg	tree branches, sky.
/home/whx/Dataset/semi-aves/trainval_images/129/8.jpg	The background is a pale, cloudy sky.
/home/whx/Dataset/semi-aves/trainval_images/129/21.jpg	clear blue sky.
/home/whx/Dataset/semi-aves/trainval_images/130/23.jpg	wetland, water, grass.
/home/whx/Dataset/semi-aves/trainval_images/130/8.jpg	water and foam.
/home/whx/Dataset/semi-aves/trainval_images/130/14.jpg	muddy ground
/home/whx/Dataset/semi-aves/trainval_images/130/6.jpg	sand and sparse vegetation.
/home/whx/Dataset/semi-aves/trainval_images/130/1.jpg	The background of the bird is sandy with scattered debris and shells.
/home/whx/Dataset/semi-aves/trainval_images/130/11.jpg	water, rocks, grass.
/home/whx/Dataset/semi-aves/trainval_images/130/24.jpg	dry, sandy, water.
/home/whx/Dataset/semi-aves/trainval_images/130/10.jpg	water and rocks
/home/whx/Dataset/semi-aves/trainval_images/130/21.jpg	water and brick
/home/whx/Dataset/semi-aves/trainval_images/130/7.jpg	The background is sandy.
/home/whx/Dataset/semi-aves/trainval_images/130/0.jpg	The background of the bird is sandy and textured.
/home/whx/Dataset/semi-aves/trainval_images/130/16.jpg	A bird stands on sandy ground with sparse vegetation.
/home/whx/Dataset/semi-aves/trainval_images/130/17.jpg	water and sand.
/home/whx/Dataset/semi-aves/trainval_images/130/15.jpg	ocean waves.
/home/whx/Dataset/semi-aves/trainval_images/130/2.jpg	water, grass, rocks.
/home/whx/Dataset/semi-aves/trainval_images/130/4.jpg	rocks and pebbles
/home/whx/Dataset/semi-aves/trainval_images/131/17.jpg	Mossy rock, dried leaves, small flowers.
/home/whx/Dataset/semi-aves/trainval_images/131/1.jpg	A bird on tree trunk, blurred background.
/home/whx/Dataset/semi-aves/trainval_images/131/0.jpg	Clear blue sky.
/home/whx/Dataset/semi-aves/trainval_images/131/7.jpg	tree trunks, branches, snow.
/home/whx/Dataset/semi-aves/trainval_images/131/2.jpg	A bird on a tree trunk with blurred background.
/home/whx/Dataset/semi-aves/trainval_images/131/16.jpg	a bird on a textured surface.
/home/whx/Dataset/semi-aves/trainval_images/131/5.jpg	Tree branches and blue sky.
/home/whx/Dataset/semi-aves/trainval_images/131/26.jpg	Tree bark.
/home/whx/Dataset/semi-aves/trainval_images/131/22.jpg	tree trunk and branches.
/home/whx/Dataset/semi-aves/trainval_images/131/6.jpg	tree trunk, branches, sky.
/home/whx/Dataset/semi-aves/trainval_images/131/18.jpg	tree bark.
/home/whx/Dataset/semi-aves/trainval_images/131/14.jpg	bare branches, blurred background.
/home/whx/Dataset/semi-aves/trainval_images/131/9.jpg	tree trunk, branches, blurred background.
/home/whx/Dataset/semi-aves/trainval_images/131/3.jpg	tree bark
/home/whx/Dataset/semi-aves/trainval_images/131/24.jpg	A bird on textured bark.
/home/whx/Dataset/semi-aves/trainval_images/131/8.jpg	The background is blurred, showing a natural, outdoor setting with trees.
/home/whx/Dataset/semi-aves/trainval_images/132/11.jpg	Clear blue sky.
/home/whx/Dataset/semi-aves/trainval_images/132/10.jpg	Green leaves and branches.
/home/whx/Dataset/semi-aves/trainval_images/132/12.jpg	tree branches, green leaves.
/home/whx/Dataset/semi-aves/trainval_images/132/20.jpg	bare branches, blurred green.
/home/whx/Dataset/semi-aves/trainval_images/132/2.jpg	green leaves, branches, blurred background.
/home/whx/Dataset/semi-aves/trainval_images/132/6.jpg	blurred green leaves.
/home/whx/Dataset/semi-aves/trainval_images/132/19.jpg	pine needles and cones.
/home/whx/Dataset/semi-aves/trainval_images/132/5.jpg	Green leaves.
/home/whx/Dataset/semi-aves/trainval_images/132/22.jpg	bamboo branches, blurred background.
/home/whx/Dataset/semi-aves/trainval_images/132/9.jpg	Green leaves and branches.
/home/whx/Dataset/semi-aves/trainval_images/132/13.jpg	The background is blurred green foliage.
/home/whx/Dataset/semi-aves/trainval_images/132/16.jpg	A bird in a tree with green leaves and branches.
/home/whx/Dataset/semi-aves/trainval_images/132/7.jpg	A bird perched on wooden structure, light sky and tree branch in background.
/home/whx/Dataset/semi-aves/trainval_images/132/18.jpg	A bird perched on a mossy branch, surrounded by blurred green foliage.
/home/whx/Dataset/semi-aves/trainval_images/132/0.jpg	The background is blurred with green leaves and dark lines.
/home/whx/Dataset/semi-aves/trainval_images/132/15.jpg	blue sky, green leaves.
/home/whx/Dataset/semi-aves/trainval_images/133/0.jpg	A bird in clear water.
/home/whx/Dataset/semi-aves/trainval_images/133/3.jpg	A bird stands on a reddish rock with a backdrop of trees and a clear sky.
/home/whx/Dataset/semi-aves/trainval_images/133/21.jpg	Clear blue sky.
/home/whx/Dataset/semi-aves/trainval_images/133/20.jpg	A bird in rippling water.
/home/whx/Dataset/semi-aves/trainval_images/133/18.jpg	water
/home/whx/Dataset/semi-aves/trainval_images/133/24.jpg	rocky terrain, cloudy sky.
/home/whx/Dataset/semi-aves/trainval_images/133/19.jpg	ocean waves.
/home/whx/Dataset/semi-aves/trainval_images/133/13.jpg	A bird perched on rocks against a clear sky.
/home/whx/Dataset/semi-aves/trainval_images/133/22.jpg	beach, sand, water, cars, people, sunset.
/home/whx/Dataset/semi-aves/trainval_images/133/10.jpg	Grass, concrete, shadow.
/home/whx/Dataset/semi-aves/trainval_images/133/17.jpg	sand dunes, seagulls, clear sky.
/home/whx/Dataset/semi-aves/trainval_images/133/2.jpg	ocean waves, sandy beach, seaweed.
/home/whx/Dataset/semi-aves/trainval_images/133/16.jpg	Beach, sand, houses, trees, clear sky.
/home/whx/Dataset/semi-aves/trainval_images/133/6.jpg	water.
/home/whx/Dataset/semi-aves/trainval_images/133/25.jpg	Rocky shoreline, water.
/home/whx/Dataset/semi-aves/trainval_images/133/11.jpg	water
/home/whx/Dataset/semi-aves/trainval_images/134/16.jpg	A bird is perched on a branch surrounded by green leaves.
/home/whx/Dataset/semi-aves/trainval_images/134/25.jpg	Foggy sky.
/home/whx/Dataset/semi-aves/trainval_images/134/15.jpg	A bird in a tree with a building under construction in the background.
/home/whx/Dataset/semi-aves/trainval_images/134/19.jpg	A bird perched on a tree branch with green leaves.
/home/whx/Dataset/semi-aves/trainval_images/134/18.jpg	Clear blue sky.
/home/whx/Dataset/semi-aves/trainval_images/134/21.jpg	green foliage.
/home/whx/Dataset/semi-aves/trainval_images/134/17.jpg	Overcast sky.
/home/whx/Dataset/semi-aves/trainval_images/134/26.jpg	Green foliage, blue sky.
/home/whx/Dataset/semi-aves/trainval_images/134/24.jpg	Green foliage.
/home/whx/Dataset/semi-aves/trainval_images/134/14.jpg	A bird perched on a branch against a pale sky.
/home/whx/Dataset/semi-aves/trainval_images/134/22.jpg	Green leaves and pink flowers.
/home/whx/Dataset/semi-aves/trainval_images/134/5.jpg	Clear blue sky.
/home/whx/Dataset/semi-aves/trainval_images/134/13.jpg	A bird perched on a branch surrounded by green leaves.
/home/whx/Dataset/semi-aves/trainval_images/134/4.jpg	A bird perched on a branch surrounded by green foliage.
/home/whx/Dataset/semi-aves/trainval_images/134/10.jpg	A bird perched on a leafy branch with a clear sky in the background.
/home/whx/Dataset/semi-aves/trainval_images/134/8.jpg	A bird perched on a tree branch with green foliage and a cloudy sky in the background.
/home/whx/Dataset/semi-aves/trainval_images/135/9.jpg	pond, rocks, flowers, trees.
/home/whx/Dataset/semi-aves/trainval_images/135/18.jpg	green foliage, sunlight.
/home/whx/Dataset/semi-aves/trainval_images/135/24.jpg	Grassy field.
/home/whx/Dataset/semi-aves/trainval_images/135/25.jpg	A bird perched on a tree branch with green leaves.
/home/whx/Dataset/semi-aves/trainval_images/135/12.jpg	The background of the bird is dense green foliage.
/home/whx/Dataset/semi-aves/trainval_images/135/19.jpg	A bird perched in a leafy tree.
/home/whx/Dataset/semi-aves/trainval_images/135/17.jpg	The background is a plain, light sky.
/home/whx/Dataset/semi-aves/trainval_images/135/8.jpg	A bird against a white building with windows.
/home/whx/Dataset/semi-aves/trainval_images/135/21.jpg	A bird perched on a white globe with a blurred green background.
/home/whx/Dataset/semi-aves/trainval_images/135/28.jpg	Clear blue sky.
/home/whx/Dataset/semi-aves/trainval_images/135/0.jpg	A bird in a dense, leafy forest.
/home/whx/Dataset/semi-aves/trainval_images/135/1.jpg	Grassy field.
/home/whx/Dataset/semi-aves/trainval_images/135/14.jpg	green foliage.
/home/whx/Dataset/semi-aves/trainval_images/135/16.jpg	The background is a clear sky.
/home/whx/Dataset/semi-aves/trainval_images/135/15.jpg	Grassy field, wooden fence, trees.
/home/whx/Dataset/semi-aves/trainval_images/135/5.jpg	green foliage, wooden fence.
/home/whx/Dataset/semi-aves/trainval_images/136/7.jpg	water, trees, hills.
/home/whx/Dataset/semi-aves/trainval_images/136/16.jpg	water with reflections.
/home/whx/Dataset/semi-aves/trainval_images/136/14.jpg	dry grass field.
/home/whx/Dataset/semi-aves/trainval_images/136/6.jpg	clear blue sky.
/home/whx/Dataset/semi-aves/trainval_images/136/22.jpg	Reeds and water.
/home/whx/Dataset/semi-aves/trainval_images/136/15.jpg	gray, overcast.
/home/whx/Dataset/semi-aves/trainval_images/136/10.jpg	water.
/home/whx/Dataset/semi-aves/trainval_images/136/4.jpg	water and rocks.
/home/whx/Dataset/semi-aves/trainval_images/136/12.jpg	blue water.
/home/whx/Dataset/semi-aves/trainval_images/136/13.jpg	calm water
/home/whx/Dataset/semi-aves/trainval_images/136/1.jpg	water, reeds, vegetation.
/home/whx/Dataset/semi-aves/trainval_images/136/3.jpg	calm water, muted tones.
/home/whx/Dataset/semi-aves/trainval_images/136/5.jpg	water.
/home/whx/Dataset/semi-aves/trainval_images/136/17.jpg	water and branches.
/home/whx/Dataset/semi-aves/trainval_images/136/18.jpg	water and reeds.
/home/whx/Dataset/semi-aves/trainval_images/136/0.jpg	The background of the bird is a clear blue sky with some green foliage.
/home/whx/Dataset/semi-aves/trainval_images/137/8.jpg	Grass, water, rocks.
/home/whx/Dataset/semi-aves/trainval_images/137/17.jpg	dry, sandy, textured
/home/whx/Dataset/semi-aves/trainval_images/137/1.jpg	Marshy wetland with grasses and water.
/home/whx/Dataset/semi-aves/trainval_images/137/9.jpg	The background is a blurred, sandy surface.
/home/whx/Dataset/semi-aves/trainval_images/137/12.jpg	water and ripples.
/home/whx/Dataset/semi-aves/trainval_images/137/0.jpg	Reeds and water.
/home/whx/Dataset/semi-aves/trainval_images/137/10.jpg	rocks, water.
/home/whx/Dataset/semi-aves/trainval_images/137/22.jpg	muddy ground
/home/whx/Dataset/semi-aves/trainval_images/137/20.jpg	green reeds, water.
/home/whx/Dataset/semi-aves/trainval_images/137/15.jpg	water and mud
/home/whx/Dataset/semi-aves/trainval_images/137/19.jpg	muddy water, driftwood.
/home/whx/Dataset/semi-aves/trainval_images/137/18.jpg	muddy, cracked ground
/home/whx/Dataset/semi-aves/trainval_images/137/3.jpg	wet, muddy, water.
/home/whx/Dataset/semi-aves/trainval_images/137/21.jpg	water and debris.
/home/whx/Dataset/semi-aves/trainval_images/137/5.jpg	Grassy field.
/home/whx/Dataset/semi-aves/trainval_images/137/16.jpg	dirt, twigs, grass.
/home/whx/Dataset/semi-aves/trainval_images/138/21.jpg	The bird is set against a plain, light sky.
/home/whx/Dataset/semi-aves/trainval_images/138/20.jpg	A bird stands on grass near water, with a distant shoreline and sky in the background.
/home/whx/Dataset/semi-aves/trainval_images/138/2.jpg	A bird perched on a tree branch with a blue sky and white clouds in the background.
/home/whx/Dataset/semi-aves/trainval_images/138/4.jpg	The background of the bird is blurred greenery.
/home/whx/Dataset/semi-aves/trainval_images/138/9.jpg	water, grass, trees.
/home/whx/Dataset/semi-aves/trainval_images/138/13.jpg	water.
/home/whx/Dataset/semi-aves/trainval_images/138/10.jpg	green vegetation, water, log.
/home/whx/Dataset/semi-aves/trainval_images/138/7.jpg	Green foliage.
/home/whx/Dataset/semi-aves/trainval_images/138/0.jpg	a bird in water under bridge.
/home/whx/Dataset/semi-aves/trainval_images/138/5.jpg	A bird stands in shallow water with a sandy, reflective background.
/home/whx/Dataset/semi-aves/trainval_images/138/12.jpg	Grassy field with water.
/home/whx/Dataset/semi-aves/trainval_images/138/14.jpg	A bird stands in a wetland with green vegetation and water.
/home/whx/Dataset/semi-aves/trainval_images/138/19.jpg	The background is a muted, greenish-brown water surface.
/home/whx/Dataset/semi-aves/trainval_images/138/8.jpg	A bird perched on a branch with green foliage and a blue sky.
/home/whx/Dataset/semi-aves/trainval_images/138/23.jpg	Water, greenery, and reflections.
/home/whx/Dataset/semi-aves/trainval_images/138/15.jpg	Hazy, distant landscape with buildings.
/home/whx/Dataset/semi-aves/trainval_images/139/10.jpg	Green leaves, branches, sky.
/home/whx/Dataset/semi-aves/trainval_images/139/23.jpg	The background is a blurred forest floor with twigs and leaves.
/home/whx/Dataset/semi-aves/trainval_images/139/13.jpg	Clear blue sky.
/home/whx/Dataset/semi-aves/trainval_images/139/14.jpg	Green leaves, red stems.
/home/whx/Dataset/semi-aves/trainval_images/139/17.jpg	green foliage, blurred background.
/home/whx/Dataset/semi-aves/trainval_images/139/15.jpg	The background is blurred, with indistinct shapes and colors.
/home/whx/Dataset/semi-aves/trainval_images/139/2.jpg	The background is blurred and neutral.
/home/whx/Dataset/semi-aves/trainval_images/139/3.jpg	Clear blue sky.
/home/whx/Dataset/semi-aves/trainval_images/139/7.jpg	a bird on concrete with debris.
/home/whx/Dataset/semi-aves/trainval_images/139/18.jpg	Branches, leaves, sky.
/home/whx/Dataset/semi-aves/trainval_images/139/21.jpg	A bird perched on a branch against a blue sky.
/home/whx/Dataset/semi-aves/trainval_images/139/0.jpg	a bird on gravel with sparse vegetation.
/home/whx/Dataset/semi-aves/trainval_images/139/12.jpg	bare branches, sunlight.
/home/whx/Dataset/semi-aves/trainval_images/139/20.jpg	Ferns and leaves.
/home/whx/Dataset/semi-aves/trainval_images/139/9.jpg	A bird perched on a branch with a blue sky and green foliage in the background.
/home/whx/Dataset/semi-aves/trainval_images/139/1.jpg	Green hill, cloudy sky.
/home/whx/Dataset/semi-aves/trainval_images/140/22.jpg	water
/home/whx/Dataset/semi-aves/trainval_images/140/12.jpg	water.
/home/whx/Dataset/semi-aves/trainval_images/140/28.jpg	Reeds and water.
/home/whx/Dataset/semi-aves/trainval_images/140/6.jpg	muddy water with debris.
/home/whx/Dataset/semi-aves/trainval_images/140/19.jpg	water, reeds, driftwood.
/home/whx/Dataset/semi-aves/trainval_images/140/4.jpg	algae-covered water.
/home/whx/Dataset/semi-aves/trainval_images/140/23.jpg	water
/home/whx/Dataset/semi-aves/trainval_images/140/9.jpg	water and vegetation.
/home/whx/Dataset/semi-aves/trainval_images/140/11.jpg	water with ripples.
/home/whx/Dataset/semi-aves/trainval_images/140/0.jpg	calm water.
/home/whx/Dataset/semi-aves/trainval_images/140/29.jpg	A bird in green water with reeds.
/home/whx/Dataset/semi-aves/trainval_images/140/14.jpg	Ripples on water.
/home/whx/Dataset/semi-aves/trainval_images/140/15.jpg	water.
/home/whx/Dataset/semi-aves/trainval_images/140/5.jpg	pond with reeds and plants.
/home/whx/Dataset/semi-aves/trainval_images/140/24.jpg	water
/home/whx/Dataset/semi-aves/trainval_images/140/20.jpg	water
/home/whx/Dataset/semi-aves/trainval_images/141/11.jpg	green foliage, dirt path.
/home/whx/Dataset/semi-aves/trainval_images/141/13.jpg	a bird on a branch against a blue sky.
/home/whx/Dataset/semi-aves/trainval_images/141/17.jpg	Grass, rocks, and dirt.
/home/whx/Dataset/semi-aves/trainval_images/141/10.jpg	bare branches, overcast sky.
/home/whx/Dataset/semi-aves/trainval_images/141/16.jpg	The background consists of a ground covered with leaves, twigs, and small rocks.
/home/whx/Dataset/semi-aves/trainval_images/141/15.jpg	white wall
/home/whx/Dataset/semi-aves/trainval_images/141/21.jpg	A bird perched on a tree branch with blurred green foliage in the background.
/home/whx/Dataset/semi-aves/trainval_images/141/3.jpg	The background is a tree with green leaves.
/home/whx/Dataset/semi-aves/trainval_images/141/9.jpg	green foliage.
/home/whx/Dataset/semi-aves/trainval_images/141/8.jpg	Blurred greenery.
/home/whx/Dataset/semi-aves/trainval_images/141/6.jpg	A bird perched on a mossy branch with green leaves in the background.
/home/whx/Dataset/semi-aves/trainval_images/141/0.jpg	Green grass and foliage.
/home/whx/Dataset/semi-aves/trainval_images/141/4.jpg	A bird perched on a branch with blurred foliage and sky.
/home/whx/Dataset/semi-aves/trainval_images/141/1.jpg	tree branches, green foliage.
/home/whx/Dataset/semi-aves/trainval_images/141/18.jpg	The background is blurred, with a tree trunk and sky.
/home/whx/Dataset/semi-aves/trainval_images/141/7.jpg	A bird perched on a tree branch with green leaves.
/home/whx/Dataset/semi-aves/trainval_images/142/3.jpg	The background is a plain white sky.
/home/whx/Dataset/semi-aves/trainval_images/142/16.jpg	clear blue sky.
/home/whx/Dataset/semi-aves/trainval_images/142/7.jpg	bare branches, overcast sky.
/home/whx/Dataset/semi-aves/trainval_images/142/19.jpg	The background of the bird is a clear blue sky with green foliage.
/home/whx/Dataset/semi-aves/trainval_images/142/20.jpg	Clear blue sky.
/home/whx/Dataset/semi-aves/trainval_images/142/8.jpg	The background is a plain, light gray sky.
/home/whx/Dataset/semi-aves/trainval_images/142/13.jpg	The background is a blurred, light sky with tree branches.
/home/whx/Dataset/semi-aves/trainval_images/142/11.jpg	A bird perched on a tree branch surrounded by green leaves.
/home/whx/Dataset/semi-aves/trainval_images/142/22.jpg	The background is a plain, light sky.
/home/whx/Dataset/semi-aves/trainval_images/142/1.jpg	tree branches, sky, foliage.
/home/whx/Dataset/semi-aves/trainval_images/142/15.jpg	Green leaves and sunlight.
/home/whx/Dataset/semi-aves/trainval_images/142/9.jpg	Clear blue sky.
/home/whx/Dataset/semi-aves/trainval_images/142/21.jpg	Green foliage, trees.
/home/whx/Dataset/semi-aves/trainval_images/142/12.jpg	A bird perched on a branch surrounded by green leaves.
/home/whx/Dataset/semi-aves/trainval_images/142/17.jpg	a bird on a mossy concrete surface.
/home/whx/Dataset/semi-aves/trainval_images/142/2.jpg	Clear blue sky.
/home/whx/Dataset/semi-aves/trainval_images/143/4.jpg	A bird perched on a branch with a tiled roof in the background.
/home/whx/Dataset/semi-aves/trainval_images/143/9.jpg	Green foliage.
/home/whx/Dataset/semi-aves/trainval_images/143/1.jpg	The background is blurred green.
/home/whx/Dataset/semi-aves/trainval_images/143/2.jpg	The background is blurred green foliage.
/home/whx/Dataset/semi-aves/trainval_images/143/6.jpg	Green leaves and branches.
/home/whx/Dataset/semi-aves/trainval_images/143/0.jpg	The background is a concrete surface with scattered leaves.
/home/whx/Dataset/semi-aves/trainval_images/143/21.jpg	A bird perched on a branch against a clear blue sky.
/home/whx/Dataset/semi-aves/trainval_images/143/25.jpg	green foliage, tree branches, roof.
/home/whx/Dataset/semi-aves/trainval_images/143/13.jpg	green leaves and berries.
/home/whx/Dataset/semi-aves/trainval_images/143/22.jpg	Green foliage.
/home/whx/Dataset/semi-aves/trainval_images/143/24.jpg	Clear blue sky.
/home/whx/Dataset/semi-aves/trainval_images/143/20.jpg	Green foliage.
/home/whx/Dataset/semi-aves/trainval_images/143/18.jpg	Green leaves, blurred background.
/home/whx/Dataset/semi-aves/trainval_images/143/15.jpg	Green foliage.
/home/whx/Dataset/semi-aves/trainval_images/143/8.jpg	Clear blue sky.
/home/whx/Dataset/semi-aves/trainval_images/143/5.jpg	Green leaves and branches.
/home/whx/Dataset/semi-aves/trainval_images/144/10.jpg	dry branches, dirt, twigs.
/home/whx/Dataset/semi-aves/trainval_images/144/25.jpg	The background consists of dry leaves, twigs, and soil.
/home/whx/Dataset/semi-aves/trainval_images/144/0.jpg	wet ground, scattered leaves, flowers.
/home/whx/Dataset/semi-aves/trainval_images/144/19.jpg	Desert landscape.
/home/whx/Dataset/semi-aves/trainval_images/144/24.jpg	Green leaves.
/home/whx/Dataset/semi-aves/trainval_images/144/17.jpg	dirt, plants, stone.
/home/whx/Dataset/semi-aves/trainval_images/144/6.jpg	blurred, out of focus.
/home/whx/Dataset/semi-aves/trainval_images/144/15.jpg	dirt and debris
/home/whx/Dataset/semi-aves/trainval_images/144/20.jpg	dry grass and branches.
/home/whx/Dataset/semi-aves/trainval_images/144/8.jpg	green foliage, tree trunks.
/home/whx/Dataset/semi-aves/trainval_images/144/9.jpg	A bird is perched on a branch surrounded by green leaves and tree bark.
/home/whx/Dataset/semi-aves/trainval_images/144/21.jpg	Green, blurred background.
/home/whx/Dataset/semi-aves/trainval_images/144/14.jpg	a bird on a stone surface.
/home/whx/Dataset/semi-aves/trainval_images/144/3.jpg	The background is dark.
/home/whx/Dataset/semi-aves/trainval_images/144/2.jpg	bare branches, blurred background.
/home/whx/Dataset/semi-aves/trainval_images/144/13.jpg	The background is a plain, muted brown.
/home/whx/Dataset/semi-aves/trainval_images/145/12.jpg	Green, blurred background.
/home/whx/Dataset/semi-aves/trainval_images/145/1.jpg	bare branches, blurred background.
/home/whx/Dataset/semi-aves/trainval_images/145/7.jpg	a bird in a snowy forest.
/home/whx/Dataset/semi-aves/trainval_images/145/18.jpg	pine tree branches.
/home/whx/Dataset/semi-aves/trainval_images/145/14.jpg	pine branches, blurred background.
/home/whx/Dataset/semi-aves/trainval_images/145/26.jpg	bare branches, blurred background.
/home/whx/Dataset/semi-aves/trainval_images/145/10.jpg	a bird on icy ground with scattered seeds.
/home/whx/Dataset/semi-aves/trainval_images/145/19.jpg	green foliage.
/home/whx/Dataset/semi-aves/trainval_images/145/13.jpg	Green, blurred, natural.
/home/whx/Dataset/semi-aves/trainval_images/145/3.jpg	bare branches, blurred green.
/home/whx/Dataset/semi-aves/trainval_images/145/0.jpg	tree branches, blurred background.
/home/whx/Dataset/semi-aves/trainval_images/145/9.jpg	A bird perches on a branch with blurred snow and trees in the background.
/home/whx/Dataset/semi-aves/trainval_images/145/2.jpg	green pine branches.
/home/whx/Dataset/semi-aves/trainval_images/145/8.jpg	snowy, blurred, winter.
/home/whx/Dataset/semi-aves/trainval_images/145/24.jpg	The background is blurred with green and brown tones.
/home/whx/Dataset/semi-aves/trainval_images/145/20.jpg	pine tree branches.
/home/whx/Dataset/semi-aves/trainval_images/146/5.jpg	The background is blurred with green and brown tones.
/home/whx/Dataset/semi-aves/trainval_images/146/6.jpg	The background is blurred with warm, golden tones.
/home/whx/Dataset/semi-aves/trainval_images/146/7.jpg	Clear blue sky.
/home/whx/Dataset/semi-aves/trainval_images/146/23.jpg	tree branches, green foliage.
/home/whx/Dataset/semi-aves/trainval_images/146/9.jpg	wet ground, scattered leaves, green plants.
/home/whx/Dataset/semi-aves/trainval_images/146/3.jpg	Green leaves, branches, sky.
/home/whx/Dataset/semi-aves/trainval_images/146/1.jpg	The background is blurred green foliage.
/home/whx/Dataset/semi-aves/trainval_images/146/10.jpg	A bird stands on a tree trunk with a blurred, light-colored background.
/home/whx/Dataset/semi-aves/trainval_images/146/4.jpg	bare branches, blurred sky.
/home/whx/Dataset/semi-aves/trainval_images/146/17.jpg	Clear blue sky.
/home/whx/Dataset/semi-aves/trainval_images/146/13.jpg	A bird perched on a branch against a clear blue sky.
/home/whx/Dataset/semi-aves/trainval_images/146/21.jpg	The background is blurred with green and blue hues.
/home/whx/Dataset/semi-aves/trainval_images/146/2.jpg	A bird perched on a branch against a blue sky.
/home/whx/Dataset/semi-aves/trainval_images/146/18.jpg	A bird perched on a branch against a clear blue sky.
/home/whx/Dataset/semi-aves/trainval_images/146/0.jpg	Green grass, dewy.
/home/whx/Dataset/semi-aves/trainval_images/146/15.jpg	Green reeds and dried grass.
/home/whx/Dataset/semi-aves/trainval_images/147/11.jpg	water, green foliage.
/home/whx/Dataset/semi-aves/trainval_images/147/1.jpg	A bird perched on a branch with green foliage.
/home/whx/Dataset/semi-aves/trainval_images/147/18.jpg	A bird perched on a branch with green leaves and blue sky.
/home/whx/Dataset/semi-aves/trainval_images/147/2.jpg	A bird on a stone ledge near water.
/home/whx/Dataset/semi-aves/trainval_images/147/14.jpg	A bird perched on a thorny branch with green leaves.
/home/whx/Dataset/semi-aves/trainval_images/147/6.jpg	tree branches, sky.
/home/whx/Dataset/semi-aves/trainval_images/147/7.jpg	The background is a mix of brown dirt and sparse green vegetation.
/home/whx/Dataset/semi-aves/trainval_images/147/5.jpg	The background is a mix of green foliage and tree branches.
/home/whx/Dataset/semi-aves/trainval_images/147/3.jpg	Green grass and branches.
/home/whx/Dataset/semi-aves/trainval_images/147/0.jpg	dry palm fronds.
/home/whx/Dataset/semi-aves/trainval_images/147/15.jpg	Green foliage.
/home/whx/Dataset/semi-aves/trainval_images/147/19.jpg	The background is blurred with green foliage.
/home/whx/Dataset/semi-aves/trainval_images/147/23.jpg	A bird perched on a wire against a clear blue sky.
/home/whx/Dataset/semi-aves/trainval_images/147/22.jpg	The background is blurred green foliage.
/home/whx/Dataset/semi-aves/trainval_images/147/10.jpg	A bird against a clear blue sky.
/home/whx/Dataset/semi-aves/trainval_images/147/13.jpg	tree branches, sky.
/home/whx/Dataset/semi-aves/trainval_images/148/9.jpg	The background is a clear sky.
/home/whx/Dataset/semi-aves/trainval_images/148/8.jpg	Grassy field.
/home/whx/Dataset/semi-aves/trainval_images/148/16.jpg	A bird perched on a branch with green leaves and a clear sky.
/home/whx/Dataset/semi-aves/trainval_images/148/13.jpg	dirt and small rocks.
/home/whx/Dataset/semi-aves/trainval_images/148/7.jpg	Clear blue sky.
/home/whx/Dataset/semi-aves/trainval_images/148/1.jpg	Clear blue sky.
/home/whx/Dataset/semi-aves/trainval_images/148/20.jpg	a bird against a clear blue sky.
/home/whx/Dataset/semi-aves/trainval_images/148/12.jpg	The background is blurred, warm tones.
/home/whx/Dataset/semi-aves/trainval_images/148/3.jpg	Clear blue sky.
/home/whx/Dataset/semi-aves/trainval_images/148/5.jpg	bare branches, blurred greenery.
/home/whx/Dataset/semi-aves/trainval_images/148/14.jpg	dry grass, dirt, sparse vegetation.
/home/whx/Dataset/semi-aves/trainval_images/148/11.jpg	Red dirt, dry grass, scattered leaves.
/home/whx/Dataset/semi-aves/trainval_images/148/17.jpg	dry grass, brick path
/home/whx/Dataset/semi-aves/trainval_images/148/6.jpg	A bird perched on green foliage.
/home/whx/Dataset/semi-aves/trainval_images/148/15.jpg	Clear blue sky.
/home/whx/Dataset/semi-aves/trainval_images/148/0.jpg	dirt ground, scattered debris.
/home/whx/Dataset/semi-aves/trainval_images/149/13.jpg	muddy wetland with sparse vegetation.
/home/whx/Dataset/semi-aves/trainval_images/149/7.jpg	The background is sandy and wet.
/home/whx/Dataset/semi-aves/trainval_images/149/15.jpg	sand and debris
/home/whx/Dataset/semi-aves/trainval_images/149/10.jpg	Green grass and water.
/home/whx/Dataset/semi-aves/trainval_images/149/5.jpg	A bird stands on sandy beach with seaweed.
/home/whx/Dataset/semi-aves/trainval_images/149/3.jpg	wetland grasses, water.
/home/whx/Dataset/semi-aves/trainval_images/149/20.jpg	wet, reflective water.
/home/whx/Dataset/semi-aves/trainval_images/149/1.jpg	muddy wetland.
/home/whx/Dataset/semi-aves/trainval_images/149/12.jpg	water.
/home/whx/Dataset/semi-aves/trainval_images/149/21.jpg	rocks and leaves.
/home/whx/Dataset/semi-aves/trainval_images/149/6.jpg	muddy ground
/home/whx/Dataset/semi-aves/trainval_images/149/4.jpg	water, reflections, shoreline.
/home/whx/Dataset/semi-aves/trainval_images/149/8.jpg	water
/home/whx/Dataset/semi-aves/trainval_images/149/18.jpg	muddy, wet ground, water.
/home/whx/Dataset/semi-aves/trainval_images/149/17.jpg	Wetland grasses and water.
/home/whx/Dataset/semi-aves/trainval_images/149/11.jpg	muddy wetland.
/home/whx/Dataset/semi-aves/trainval_images/150/11.jpg	muddy water, reflections.
/home/whx/Dataset/semi-aves/trainval_images/150/13.jpg	water, plants, reflection.
/home/whx/Dataset/semi-aves/trainval_images/150/14.jpg	muddy water, driftwood, shoreline.
/home/whx/Dataset/semi-aves/trainval_images/150/20.jpg	Grassy wetland.
/home/whx/Dataset/semi-aves/trainval_images/150/17.jpg	muddy water, grass.
/home/whx/Dataset/semi-aves/trainval_images/150/10.jpg	muddy wetland.
/home/whx/Dataset/semi-aves/trainval_images/150/6.jpg	The background is a blurry, light-colored surface.
/home/whx/Dataset/semi-aves/trainval_images/150/7.jpg	water, blurred.
/home/whx/Dataset/semi-aves/trainval_images/150/8.jpg	water and shrubs.
/home/whx/Dataset/semi-aves/trainval_images/150/0.jpg	muddy wetland.
/home/whx/Dataset/semi-aves/trainval_images/150/5.jpg	Dry grass, blurred background.
/home/whx/Dataset/semi-aves/trainval_images/150/2.jpg	water, grass, birds.
/home/whx/Dataset/semi-aves/trainval_images/150/4.jpg	Clear blue sky.
/home/whx/Dataset/semi-aves/trainval_images/150/9.jpg	water and shore.
/home/whx/Dataset/semi-aves/trainval_images/150/19.jpg	muddy water.
/home/whx/Dataset/semi-aves/trainval_images/150/12.jpg	water, plants, reflections.
/home/whx/Dataset/semi-aves/trainval_images/151/5.jpg	green foliage.
/home/whx/Dataset/semi-aves/trainval_images/151/20.jpg	green leaves, blurred background.
/home/whx/Dataset/semi-aves/trainval_images/151/25.jpg	blurred green foliage.
/home/whx/Dataset/semi-aves/trainval_images/151/6.jpg	green, blurred, forest.
/home/whx/Dataset/semi-aves/trainval_images/151/15.jpg	green foliage.
/home/whx/Dataset/semi-aves/trainval_images/151/23.jpg	green foliage, tree trunk.
/home/whx/Dataset/semi-aves/trainval_images/151/17.jpg	green foliage.
/home/whx/Dataset/semi-aves/trainval_images/151/2.jpg	Green leaves and branches.
/home/whx/Dataset/semi-aves/trainval_images/151/1.jpg	Green leaves, blurred background.
/home/whx/Dataset/semi-aves/trainval_images/151/10.jpg	Green foliage.
/home/whx/Dataset/semi-aves/trainval_images/151/16.jpg	green foliage, tree branches.
/home/whx/Dataset/semi-aves/trainval_images/151/3.jpg	green foliage, blurred background.
/home/whx/Dataset/semi-aves/trainval_images/151/21.jpg	blurred green foliage.
/home/whx/Dataset/semi-aves/trainval_images/151/13.jpg	green foliage, branches.
/home/whx/Dataset/semi-aves/trainval_images/151/24.jpg	Green leaves and branches.
/home/whx/Dataset/semi-aves/trainval_images/151/8.jpg	green leaves, blurred background.
/home/whx/Dataset/semi-aves/trainval_images/152/15.jpg	The background is a plain, light gray sky.
/home/whx/Dataset/semi-aves/trainval_images/152/9.jpg	The background is a plain, light gray sky.
/home/whx/Dataset/semi-aves/trainval_images/152/2.jpg	muddy water, grass, rocks.
/home/whx/Dataset/semi-aves/trainval_images/152/13.jpg	tree branches, sky.
/home/whx/Dataset/semi-aves/trainval_images/152/4.jpg	The background is a clear blue sky.
/home/whx/Dataset/semi-aves/trainval_images/152/17.jpg	Overcast sky.
/home/whx/Dataset/semi-aves/trainval_images/152/11.jpg	Clear blue sky.
/home/whx/Dataset/semi-aves/trainval_images/152/14.jpg	tree branches, sky.
/home/whx/Dataset/semi-aves/trainval_images/152/3.jpg	Overcast sky.
/home/whx/Dataset/semi-aves/trainval_images/152/20.jpg	Clear blue sky.
/home/whx/Dataset/semi-aves/trainval_images/152/10.jpg	Clear blue sky.
/home/whx/Dataset/semi-aves/trainval_images/152/5.jpg	Clear blue sky.
/home/whx/Dataset/semi-aves/trainval_images/152/1.jpg	A bird perched on a branch against a clear blue sky.
/home/whx/Dataset/semi-aves/trainval_images/152/19.jpg	The background is a clear, light blue sky.
/home/whx/Dataset/semi-aves/trainval_images/152/22.jpg	Green fields, trees, hazy hills.
/home/whx/Dataset/semi-aves/trainval_images/152/7.jpg	Clear blue sky.
/home/whx/Dataset/semi-aves/trainval_images/153/17.jpg	The background is dry, earthy ground with scattered twigs.
/home/whx/Dataset/semi-aves/trainval_images/153/1.jpg	Clear blue sky.
/home/whx/Dataset/semi-aves/trainval_images/153/21.jpg	Green foliage.
/home/whx/Dataset/semi-aves/trainval_images/153/6.jpg	A bird perched on a tree branch with green leaves and a clear sky.
/home/whx/Dataset/semi-aves/trainval_images/153/11.jpg	The background is a rocky, earthy surface with sparse vegetation.
/home/whx/Dataset/semi-aves/trainval_images/153/18.jpg	The background is a blurred mix of green and brown foliage.
/home/whx/Dataset/semi-aves/trainval_images/153/16.jpg	Grass and dirt.
/home/whx/Dataset/semi-aves/trainval_images/153/22.jpg	The background is a plain, overcast sky.
/home/whx/Dataset/semi-aves/trainval_images/153/13.jpg	Grassy, dry, and sparse.
/home/whx/Dataset/semi-aves/trainval_images/153/14.jpg	dry, blurred, earthy tones.
/home/whx/Dataset/semi-aves/trainval_images/153/12.jpg	Green foliage.
/home/whx/Dataset/semi-aves/trainval_images/153/8.jpg	dry, open landscape.
/home/whx/Dataset/semi-aves/trainval_images/153/10.jpg	The background is a plain, light sky.
/home/whx/Dataset/semi-aves/trainval_images/153/5.jpg	Dry, brown landscape.
/home/whx/Dataset/semi-aves/trainval_images/153/9.jpg	Grassy field with patches of dirt.
/home/whx/Dataset/semi-aves/trainval_images/153/20.jpg	The background is a clear blue sky.
/home/whx/Dataset/semi-aves/trainval_images/154/5.jpg	A bird is perched on a tree trunk with green foliage and branches in the background.
/home/whx/Dataset/semi-aves/trainval_images/154/12.jpg	A bird perched on branches with green leaves and a blue sky.
/home/whx/Dataset/semi-aves/trainval_images/154/1.jpg	Clear blue sky.
/home/whx/Dataset/semi-aves/trainval_images/154/8.jpg	Green foliage, wooden pole, wire fence.
/home/whx/Dataset/semi-aves/trainval_images/154/6.jpg	A bird perched on a branch against a blue sky.
/home/whx/Dataset/semi-aves/trainval_images/154/20.jpg	bare branches, soft focus.
/home/whx/Dataset/semi-aves/trainval_images/154/7.jpg	blurred green trees.
/home/whx/Dataset/semi-aves/trainval_images/154/13.jpg	bare branches, blurred background.
/home/whx/Dataset/semi-aves/trainval_images/154/14.jpg	Clear blue sky.
/home/whx/Dataset/semi-aves/trainval_images/154/4.jpg	The background of the bird is a lush green field with scattered trees and wildflowers.
/home/whx/Dataset/semi-aves/trainval_images/154/22.jpg	dirt, grass, flowers.
/home/whx/Dataset/semi-aves/trainval_images/154/9.jpg	A bird perched on tree branches with green leaves.
/home/whx/Dataset/semi-aves/trainval_images/154/18.jpg	A bird perched on a branch with green leaves and blue sky.
/home/whx/Dataset/semi-aves/trainval_images/154/3.jpg	The background of the bird appears to be a natural outdoor setting with a mix of light and shadow, possibly on a ground surface.
/home/whx/Dataset/semi-aves/trainval_images/154/11.jpg	bare branches, blurred background.
/home/whx/Dataset/semi-aves/trainval_images/154/10.jpg	The background is a blurred mix of blue sky and tree branches.
/home/whx/Dataset/semi-aves/trainval_images/155/1.jpg	The background is a plain, light gray sky.
/home/whx/Dataset/semi-aves/trainval_images/155/7.jpg	The background is a plain, light gray sky.
/home/whx/Dataset/semi-aves/trainval_images/155/9.jpg	Clear blue sky.
/home/whx/Dataset/semi-aves/trainval_images/155/18.jpg	A bird soars against a pale sky.
/home/whx/Dataset/semi-aves/trainval_images/155/0.jpg	Clear blue sky.
/home/whx/Dataset/semi-aves/trainval_images/155/6.jpg	Clear blue sky.
/home/whx/Dataset/semi-aves/trainval_images/155/3.jpg	Clear blue sky.
/home/whx/Dataset/semi-aves/trainval_images/155/4.jpg	Grassy field with power lines.
/home/whx/Dataset/semi-aves/trainval_images/155/22.jpg	Clear blue sky.
/home/whx/Dataset/semi-aves/trainval_images/155/5.jpg	A bird soars against a clear blue sky.
/home/whx/Dataset/semi-aves/trainval_images/155/8.jpg	clear blue sky.
/home/whx/Dataset/semi-aves/trainval_images/155/16.jpg	Clear blue sky.
/home/whx/Dataset/semi-aves/trainval_images/155/2.jpg	a bird against a clear sky.
/home/whx/Dataset/semi-aves/trainval_images/155/11.jpg	A bird stands on a gravel surface with a blurred, dry, and barren landscape in the background.
/home/whx/Dataset/semi-aves/trainval_images/155/17.jpg	Clear blue sky.
/home/whx/Dataset/semi-aves/trainval_images/155/23.jpg	The background is a plain, overcast sky.
/home/whx/Dataset/semi-aves/trainval_images/156/9.jpg	Clear blue sky.
/home/whx/Dataset/semi-aves/trainval_images/156/18.jpg	clear blue sky.
/home/whx/Dataset/semi-aves/trainval_images/156/16.jpg	white wall
/home/whx/Dataset/semi-aves/trainval_images/156/21.jpg	a bird against a clear blue sky.
/home/whx/Dataset/semi-aves/trainval_images/156/17.jpg	The background is a clear blue sky.
/home/whx/Dataset/semi-aves/trainval_images/156/19.jpg	Clear blue sky.
/home/whx/Dataset/semi-aves/trainval_images/156/13.jpg	The background of the bird is a white wall with some discoloration and dirt.
/home/whx/Dataset/semi-aves/trainval_images/156/14.jpg	dirt, pebbles, water.
/home/whx/Dataset/semi-aves/trainval_images/156/15.jpg	Clear blue sky.
/home/whx/Dataset/semi-aves/trainval_images/156/2.jpg	corrugated metal roof
/home/whx/Dataset/semi-aves/trainval_images/156/8.jpg	Clear blue sky.
/home/whx/Dataset/semi-aves/trainval_images/156/5.jpg	A bird on a branch with a green background.
/home/whx/Dataset/semi-aves/trainval_images/156/3.jpg	The background is a plain, light-colored surface.
/home/whx/Dataset/semi-aves/trainval_images/156/6.jpg	a bird in a clear sky.
/home/whx/Dataset/semi-aves/trainval_images/156/1.jpg	A bird soars against a pale blue sky.
/home/whx/Dataset/semi-aves/trainval_images/156/4.jpg	The background is a white wall with some dirt and debris.
/home/whx/Dataset/semi-aves/trainval_images/157/6.jpg	Green field, distant houses, trees.
/home/whx/Dataset/semi-aves/trainval_images/157/7.jpg	Grassy field, fence, trees.
/home/whx/Dataset/semi-aves/trainval_images/157/4.jpg	Foggy field.
/home/whx/Dataset/semi-aves/trainval_images/157/21.jpg	A bird soars against a clear blue sky.
/home/whx/Dataset/semi-aves/trainval_images/157/23.jpg	snowy field, dark trees.
/home/whx/Dataset/semi-aves/trainval_images/157/0.jpg	snowy field, dark trees.
/home/whx/Dataset/semi-aves/trainval_images/157/5.jpg	Green field, trees, distant figures.
/home/whx/Dataset/semi-aves/trainval_images/157/15.jpg	cloudy sky
/home/whx/Dataset/semi-aves/trainval_images/157/11.jpg	gray sky
/home/whx/Dataset/semi-aves/trainval_images/157/2.jpg	A bird soars against a clear blue sky.
/home/whx/Dataset/semi-aves/trainval_images/157/18.jpg	gray sky
/home/whx/Dataset/semi-aves/trainval_images/157/12.jpg	clear blue sky.
/home/whx/Dataset/semi-aves/trainval_images/157/17.jpg	Grass and fallen leaves.
/home/whx/Dataset/semi-aves/trainval_images/157/1.jpg	water, horizon
/home/whx/Dataset/semi-aves/trainval_images/157/9.jpg	clear blue sky.
/home/whx/Dataset/semi-aves/trainval_images/157/3.jpg	A bird stands on grassy field with other birds in the background.
/home/whx/Dataset/semi-aves/trainval_images/158/21.jpg	Reeds and water.
/home/whx/Dataset/semi-aves/trainval_images/158/22.jpg	rocky shore, blue water.
/home/whx/Dataset/semi-aves/trainval_images/158/6.jpg	water
/home/whx/Dataset/semi-aves/trainval_images/158/2.jpg	A bird swims in rippling blue water.
/home/whx/Dataset/semi-aves/trainval_images/158/14.jpg	water, reeds, reflections.
/home/whx/Dataset/semi-aves/trainval_images/158/23.jpg	Reeds and water.
/home/whx/Dataset/semi-aves/trainval_images/158/10.jpg	A bird swims on calm blue water.
/home/whx/Dataset/semi-aves/trainval_images/158/5.jpg	water, reeds, sunlight.
/home/whx/Dataset/semi-aves/trainval_images/158/0.jpg	The background is a plain, overcast sky.
/home/whx/Dataset/semi-aves/trainval_images/158/3.jpg	A bird in water.
/home/whx/Dataset/semi-aves/trainval_images/158/16.jpg	A bird in a marshy area with green vegetation.
/home/whx/Dataset/semi-aves/trainval_images/158/7.jpg	A bird in water with ripples.
/home/whx/Dataset/semi-aves/trainval_images/158/8.jpg	muddy wetland.
/home/whx/Dataset/semi-aves/trainval_images/158/15.jpg	Dry grass and water.
/home/whx/Dataset/semi-aves/trainval_images/158/17.jpg	water, grass, green.
/home/whx/Dataset/semi-aves/trainval_images/158/13.jpg	A bird stands on a field with scattered posts.
/home/whx/Dataset/semi-aves/trainval_images/159/15.jpg	A bird on a rock, blurred background.
/home/whx/Dataset/semi-aves/trainval_images/159/17.jpg	Rocky, mossy terrain.
/home/whx/Dataset/semi-aves/trainval_images/159/11.jpg	Dry, grassy mound.
/home/whx/Dataset/semi-aves/trainval_images/159/4.jpg	rocks, blurred, natural.
/home/whx/Dataset/semi-aves/trainval_images/159/19.jpg	Rocky, mossy terrain.
/home/whx/Dataset/semi-aves/trainval_images/159/1.jpg	Clear blue sky.
/home/whx/Dataset/semi-aves/trainval_images/159/8.jpg	The background of the bird includes a sandy beach, grassy areas, and distant hills under a cloudy sky.
/home/whx/Dataset/semi-aves/trainval_images/159/5.jpg	The background is a blurred, overcast sky.
/home/whx/Dataset/semi-aves/trainval_images/159/10.jpg	sand, rock, pole.
/home/whx/Dataset/semi-aves/trainval_images/159/9.jpg	A bird stands on a sandy surface near water.
/home/whx/Dataset/semi-aves/trainval_images/159/16.jpg	rocky, snowy, grassy.
/home/whx/Dataset/semi-aves/trainval_images/159/12.jpg	Ocean.
/home/whx/Dataset/semi-aves/trainval_images/159/14.jpg	Rocky, grassy, green.
/home/whx/Dataset/semi-aves/trainval_images/159/3.jpg	Green grass and blurred plants.
/home/whx/Dataset/semi-aves/trainval_images/159/2.jpg	Lichen-covered rock, blurred greenery.
/home/whx/Dataset/semi-aves/trainval_images/159/6.jpg	dark, reflective water, scattered debris.
/home/whx/Dataset/semi-aves/trainval_images/160/2.jpg	Clear blue sky.
/home/whx/Dataset/semi-aves/trainval_images/160/8.jpg	Desert landscape.
/home/whx/Dataset/semi-aves/trainval_images/160/22.jpg	Dry grassland.
/home/whx/Dataset/semi-aves/trainval_images/160/10.jpg	Clear blue sky.
/home/whx/Dataset/semi-aves/trainval_images/160/0.jpg	Cloudy sky.
/home/whx/Dataset/semi-aves/trainval_images/160/5.jpg	The background is a blurred sky.
/home/whx/Dataset/semi-aves/trainval_images/160/19.jpg	Dry, blurred landscape.
/home/whx/Dataset/semi-aves/trainval_images/160/7.jpg	Dry grass and bushes.
/home/whx/Dataset/semi-aves/trainval_images/160/17.jpg	Grassy field with other birds.
/home/whx/Dataset/semi-aves/trainval_images/160/4.jpg	The background of the bird is a blurred, natural landscape with greenery and a dirt ground.
/home/whx/Dataset/semi-aves/trainval_images/160/13.jpg	dry, sandy landscape.
/home/whx/Dataset/semi-aves/trainval_images/160/12.jpg	Green grass.
/home/whx/Dataset/semi-aves/trainval_images/160/15.jpg	tree branches, sky.
/home/whx/Dataset/semi-aves/trainval_images/160/6.jpg	Grassy field.
/home/whx/Dataset/semi-aves/trainval_images/160/18.jpg	Grassy field.
/home/whx/Dataset/semi-aves/trainval_images/160/11.jpg	Cloudy sky.
/home/whx/Dataset/semi-aves/trainval_images/161/5.jpg	A bird perched on a branch with blurred greenery in the background.
/home/whx/Dataset/semi-aves/trainval_images/161/20.jpg	A bird perched on a branch against a clear sky.
/home/whx/Dataset/semi-aves/trainval_images/161/9.jpg	Green foliage.
/home/whx/Dataset/semi-aves/trainval_images/161/1.jpg	A bird perched on a tree branch surrounded by green foliage.
/home/whx/Dataset/semi-aves/trainval_images/161/3.jpg	dry grass, rocks
/home/whx/Dataset/semi-aves/trainval_images/161/13.jpg	The background features green foliage and a sandy ground.
/home/whx/Dataset/semi-aves/trainval_images/161/19.jpg	Desert-like, rocky ground.
/home/whx/Dataset/semi-aves/trainval_images/161/6.jpg	Clear blue sky.
/home/whx/Dataset/semi-aves/trainval_images/161/8.jpg	The background is a plain, light gray sky.
/home/whx/Dataset/semi-aves/trainval_images/161/11.jpg	clear blue sky.
/home/whx/Dataset/semi-aves/trainval_images/161/12.jpg	Clear blue sky.
/home/whx/Dataset/semi-aves/trainval_images/161/10.jpg	muddy, wet ground.
/home/whx/Dataset/semi-aves/trainval_images/161/15.jpg	The background is a plain, light gray sky.
/home/whx/Dataset/semi-aves/trainval_images/161/22.jpg	green foliage.
/home/whx/Dataset/semi-aves/trainval_images/161/7.jpg	bare branches, blurred background.
/home/whx/Dataset/semi-aves/trainval_images/161/14.jpg	Clear blue sky.
/home/whx/Dataset/semi-aves/trainval_images/162/9.jpg	tree branches, blurred background.
/home/whx/Dataset/semi-aves/trainval_images/162/19.jpg	green foliage, branches.
/home/whx/Dataset/semi-aves/trainval_images/162/8.jpg	dirt path, greenery.
/home/whx/Dataset/semi-aves/trainval_images/162/5.jpg	Green foliage.
/home/whx/Dataset/semi-aves/trainval_images/162/10.jpg	Green leaves and branches.
/home/whx/Dataset/semi-aves/trainval_images/162/4.jpg	Green leaves, blurred background.
/home/whx/Dataset/semi-aves/trainval_images/162/17.jpg	The background is a forest floor with leaves and branches.
/home/whx/Dataset/semi-aves/trainval_images/162/1.jpg	Green leaves and branches.
/home/whx/Dataset/semi-aves/trainval_images/162/6.jpg	A bird perched on a branch with green leaves.
/home/whx/Dataset/semi-aves/trainval_images/162/14.jpg	A bird in a lush, green forest.
/home/whx/Dataset/semi-aves/trainval_images/162/18.jpg	Green foliage.
/home/whx/Dataset/semi-aves/trainval_images/162/20.jpg	A bird perched on a branch with green leaves.
/home/whx/Dataset/semi-aves/trainval_images/162/3.jpg	The background is a pale sky.
/home/whx/Dataset/semi-aves/trainval_images/162/12.jpg	Green, blurred foliage.
/home/whx/Dataset/semi-aves/trainval_images/162/16.jpg	Green foliage, blurred background.
/home/whx/Dataset/semi-aves/trainval_images/162/13.jpg	The background is a forest floor with twigs and leaves.
/home/whx/Dataset/semi-aves/trainval_images/163/15.jpg	A bird soars over deep blue ocean waves.
/home/whx/Dataset/semi-aves/trainval_images/163/7.jpg	A bird soars over deep blue ocean waves.
/home/whx/Dataset/semi-aves/trainval_images/163/1.jpg	A bird soars over a vast, blue ocean.
/home/whx/Dataset/semi-aves/trainval_images/163/19.jpg	A bird soars over a deep blue ocean.
/home/whx/Dataset/semi-aves/trainval_images/163/2.jpg	Ocean waves.
/home/whx/Dataset/semi-aves/trainval_images/163/16.jpg	Ocean and sky.
/home/whx/Dataset/semi-aves/trainval_images/163/0.jpg	A bird soars over rippling water.
/home/whx/Dataset/semi-aves/trainval_images/163/8.jpg	A bird against a clear blue sky.
/home/whx/Dataset/semi-aves/trainval_images/163/13.jpg	water
/home/whx/Dataset/semi-aves/trainval_images/163/17.jpg	A bird soars over calm blue water.
/home/whx/Dataset/semi-aves/trainval_images/163/9.jpg	Ocean and sky.
/home/whx/Dataset/semi-aves/trainval_images/163/11.jpg	gray sky
/home/whx/Dataset/semi-aves/trainval_images/163/5.jpg	calm blue water.
/home/whx/Dataset/semi-aves/trainval_images/163/20.jpg	A bird soars over calm blue water.
/home/whx/Dataset/semi-aves/trainval_images/163/4.jpg	A bird soars over calm, deep blue ocean under a partly cloudy sky.
/home/whx/Dataset/semi-aves/trainval_images/163/12.jpg	Ocean, ship, fog.
/home/whx/Dataset/semi-aves/trainval_images/164/15.jpg	Water and grass.
/home/whx/Dataset/semi-aves/trainval_images/164/12.jpg	Green grass.
/home/whx/Dataset/semi-aves/trainval_images/164/0.jpg	A bird in flight against a backdrop of bare branches and a pale sky.
/home/whx/Dataset/semi-aves/trainval_images/164/18.jpg	Green grass and bushes.
/home/whx/Dataset/semi-aves/trainval_images/164/14.jpg	Grassy, wet ground.
/home/whx/Dataset/semi-aves/trainval_images/164/2.jpg	A bird soars against a pale, cloudy sky.
/home/whx/Dataset/semi-aves/trainval_images/164/9.jpg	dry grass
/home/whx/Dataset/semi-aves/trainval_images/164/13.jpg	Dry grass, rocks, dirt.
/home/whx/Dataset/semi-aves/trainval_images/164/5.jpg	A bird soars against a cloudy sky.
/home/whx/Dataset/semi-aves/trainval_images/164/17.jpg	dirt, grass, water.
/home/whx/Dataset/semi-aves/trainval_images/164/11.jpg	Grassy, rocky, and aquatic.
/home/whx/Dataset/semi-aves/trainval_images/164/16.jpg	Green grass.
/home/whx/Dataset/semi-aves/trainval_images/164/7.jpg	Green foliage.
/home/whx/Dataset/semi-aves/trainval_images/164/1.jpg	The background is a plain, gray sky.
/home/whx/Dataset/semi-aves/trainval_images/164/8.jpg	Grassy field with animals.
/home/whx/Dataset/semi-aves/trainval_images/164/4.jpg	Grass and dirt.
/home/whx/Dataset/semi-aves/trainval_images/165/9.jpg	Blurred yellow-green background.
/home/whx/Dataset/semi-aves/trainval_images/165/2.jpg	dry branches.
/home/whx/Dataset/semi-aves/trainval_images/165/14.jpg	dry, brown grass.
/home/whx/Dataset/semi-aves/trainval_images/165/12.jpg	dry brush and shrubs.
/home/whx/Dataset/semi-aves/trainval_images/165/13.jpg	dry branches and grass.
/home/whx/Dataset/semi-aves/trainval_images/165/5.jpg	A bird perched on a branch with a blurred green background.
/home/whx/Dataset/semi-aves/trainval_images/165/3.jpg	The background is a clear sky.
/home/whx/Dataset/semi-aves/trainval_images/165/16.jpg	dry branches, green leaves, blurred background.
/home/whx/Dataset/semi-aves/trainval_images/165/10.jpg	A bird in a bush.
/home/whx/Dataset/semi-aves/trainval_images/165/7.jpg	dry, brown branches.
/home/whx/Dataset/semi-aves/trainval_images/165/0.jpg	dry, bare branches.
/home/whx/Dataset/semi-aves/trainval_images/165/17.jpg	The background is a mix of muted orange and brown tones, with some green and yellow hues.
/home/whx/Dataset/semi-aves/trainval_images/165/4.jpg	dry, bare branches.
/home/whx/Dataset/semi-aves/trainval_images/165/6.jpg	Green foliage.
/home/whx/Dataset/semi-aves/trainval_images/165/1.jpg	blurry, out-of-focus, natural setting.
/home/whx/Dataset/semi-aves/trainval_images/165/15.jpg	dry grass
/home/whx/Dataset/semi-aves/trainval_images/166/15.jpg	Green leaves, blurred background.
/home/whx/Dataset/semi-aves/trainval_images/166/22.jpg	Green and blurred.
/home/whx/Dataset/semi-aves/trainval_images/166/0.jpg	The background is blurred and light-colored.
/home/whx/Dataset/semi-aves/trainval_images/166/18.jpg	Clear blue sky.
/home/whx/Dataset/semi-aves/trainval_images/166/7.jpg	Blurred green and brown.
/home/whx/Dataset/semi-aves/trainval_images/166/1.jpg	The background is blurred, with hints of greenery and a neutral tone.
/home/whx/Dataset/semi-aves/trainval_images/166/14.jpg	The background is a plain, light sky.
/home/whx/Dataset/semi-aves/trainval_images/166/5.jpg	Soft, blurred pink and green.
/home/whx/Dataset/semi-aves/trainval_images/166/8.jpg	dry leaves and branches.
/home/whx/Dataset/semi-aves/trainval_images/166/3.jpg	The background is a clear sky.
/home/whx/Dataset/semi-aves/trainval_images/166/6.jpg	dry, brown, leafy ground.
/home/whx/Dataset/semi-aves/trainval_images/166/19.jpg	Clear blue sky.
/home/whx/Dataset/semi-aves/trainval_images/166/17.jpg	The background is blurred and neutral.
/home/whx/Dataset/semi-aves/trainval_images/166/21.jpg	Green, blurred background.
/home/whx/Dataset/semi-aves/trainval_images/166/4.jpg	Clear blue sky.
/home/whx/Dataset/semi-aves/trainval_images/166/2.jpg	The background is blurred green.
/home/whx/Dataset/semi-aves/trainval_images/167/5.jpg	dry branches and green foliage.
/home/whx/Dataset/semi-aves/trainval_images/167/10.jpg	bare branches, blurred greenery.
/home/whx/Dataset/semi-aves/trainval_images/167/4.jpg	Green foliage.
/home/whx/Dataset/semi-aves/trainval_images/167/21.jpg	A bird perched on a tree branch with blurred foliage in the background.
/home/whx/Dataset/semi-aves/trainval_images/167/16.jpg	A bird perched on a tree branch against a clear blue sky.
/home/whx/Dataset/semi-aves/trainval_images/167/9.jpg	The background is a plain, overcast sky.
/home/whx/Dataset/semi-aves/trainval_images/167/7.jpg	The background is a plain, light gray sky.
/home/whx/Dataset/semi-aves/trainval_images/167/8.jpg	green foliage.
/home/whx/Dataset/semi-aves/trainval_images/167/11.jpg	The background consists of green grass and fallen leaves.
/home/whx/Dataset/semi-aves/trainval_images/167/6.jpg	bare branches, clear blue sky.
/home/whx/Dataset/semi-aves/trainval_images/167/15.jpg	Clear blue sky.
/home/whx/Dataset/semi-aves/trainval_images/167/13.jpg	The background consists of rocks, twigs, and dried leaves.
/home/whx/Dataset/semi-aves/trainval_images/167/14.jpg	Clear blue sky.
/home/whx/Dataset/semi-aves/trainval_images/167/17.jpg	The background is blurred greenery.
/home/whx/Dataset/semi-aves/trainval_images/167/19.jpg	bare branches, stone wall, sky.
/home/whx/Dataset/semi-aves/trainval_images/167/1.jpg	Grass and dirt.
/home/whx/Dataset/semi-aves/trainval_images/168/16.jpg	Grassy field.
/home/whx/Dataset/semi-aves/trainval_images/168/19.jpg	Grassy field with fallen logs.
/home/whx/Dataset/semi-aves/trainval_images/168/23.jpg	rocky, dry, water.
/home/whx/Dataset/semi-aves/trainval_images/168/9.jpg	green grass and plants.
/home/whx/Dataset/semi-aves/trainval_images/168/18.jpg	The background consists of dry grass, dirt, and some scattered twigs.
/home/whx/Dataset/semi-aves/trainval_images/168/6.jpg	water, grass, log.
/home/whx/Dataset/semi-aves/trainval_images/168/20.jpg	Grass, mud, water.
/home/whx/Dataset/semi-aves/trainval_images/168/4.jpg	rocks, water, vegetation.
/home/whx/Dataset/semi-aves/trainval_images/168/0.jpg	The background consists of sandy ground with scattered leaves and rocks.
/home/whx/Dataset/semi-aves/trainval_images/168/13.jpg	A bird stands on a muddy bank with a blurred background of water and sky.
/home/whx/Dataset/semi-aves/trainval_images/168/5.jpg	rocks, water.
/home/whx/Dataset/semi-aves/trainval_images/168/1.jpg	sand and green plants.
/home/whx/Dataset/semi-aves/trainval_images/168/22.jpg	A bird stands near water with grass.
/home/whx/Dataset/semi-aves/trainval_images/168/11.jpg	The background of the bird is a mix of green foliage and rocky terrain.
/home/whx/Dataset/semi-aves/trainval_images/168/8.jpg	green foliage, grass, dirt.
/home/whx/Dataset/semi-aves/trainval_images/168/2.jpg	Grassy, leafy background.
/home/whx/Dataset/semi-aves/trainval_images/169/19.jpg	dry grass, blurred background.
/home/whx/Dataset/semi-aves/trainval_images/169/14.jpg	The background of the bird is a blurred mix of greenery and earthy tones.
/home/whx/Dataset/semi-aves/trainval_images/169/18.jpg	The background of the bird is a sandy, blurred landscape.
/home/whx/Dataset/semi-aves/trainval_images/169/17.jpg	pebbled ground
/home/whx/Dataset/semi-aves/trainval_images/169/11.jpg	dry, sandy ground with scattered debris.
/home/whx/Dataset/semi-aves/trainval_images/169/13.jpg	ocean waves.
/home/whx/Dataset/semi-aves/trainval_images/169/3.jpg	water, reflection, shadow.
/home/whx/Dataset/semi-aves/trainval_images/169/0.jpg	The background is sandy and textured.
/home/whx/Dataset/semi-aves/trainval_images/169/1.jpg	sand, blurred, water.
/home/whx/Dataset/semi-aves/trainval_images/169/15.jpg	dry, sandy ground.
/home/whx/Dataset/semi-aves/trainval_images/169/10.jpg	a bird on sandy ground.
/home/whx/Dataset/semi-aves/trainval_images/169/8.jpg	gravelly ground
/home/whx/Dataset/semi-aves/trainval_images/169/6.jpg	dry, sandy ground.
/home/whx/Dataset/semi-aves/trainval_images/169/9.jpg	water, reflection, green algae.
/home/whx/Dataset/semi-aves/trainval_images/169/16.jpg	dry, barren ground with dead branches.
/home/whx/Dataset/semi-aves/trainval_images/169/5.jpg	water, rocks, sand.
/home/whx/Dataset/semi-aves/trainval_images/170/5.jpg	tree branches, blurred background.
/home/whx/Dataset/semi-aves/trainval_images/170/15.jpg	The background is blurred, with hints of green and brown.
/home/whx/Dataset/semi-aves/trainval_images/170/14.jpg	The background features green foliage and a light blue structure.
/home/whx/Dataset/semi-aves/trainval_images/170/16.jpg	A bird with a yellow beak and black head against a blurred yellow background.
/home/whx/Dataset/semi-aves/trainval_images/170/18.jpg	The background is a mix of dark soil and scattered dry leaves.
/home/whx/Dataset/semi-aves/trainval_images/170/1.jpg	bare branches, blurred background.
/home/whx/Dataset/semi-aves/trainval_images/170/23.jpg	dry, brown, vegetation.
/home/whx/Dataset/semi-aves/trainval_images/170/6.jpg	The background is blurred green foliage.
/home/whx/Dataset/semi-aves/trainval_images/170/21.jpg	A bird perched in a leafy tree.
/home/whx/Dataset/semi-aves/trainval_images/170/25.jpg	The background is blurred, suggesting a natural, outdoor setting.
/home/whx/Dataset/semi-aves/trainval_images/170/26.jpg	The background is blurred, showing a mix of light and dark tones.
/home/whx/Dataset/semi-aves/trainval_images/170/12.jpg	The background is blurred, with soft, neutral tones.
/home/whx/Dataset/semi-aves/trainval_images/170/9.jpg	A bird perched on a tree branch against a blue sky.
/home/whx/Dataset/semi-aves/trainval_images/170/19.jpg	a bird in a tree with green leaves.
/home/whx/Dataset/semi-aves/trainval_images/170/27.jpg	The background is green foliage and branches.
/home/whx/Dataset/semi-aves/trainval_images/170/24.jpg	dirt, rocks, plants.
/home/whx/Dataset/semi-aves/trainval_images/171/5.jpg	A bird perched on a wooden post in front of a chain-link fence.
/home/whx/Dataset/semi-aves/trainval_images/171/8.jpg	Blurred green foliage.
/home/whx/Dataset/semi-aves/trainval_images/171/18.jpg	The background is a blurred green forest.
/home/whx/Dataset/semi-aves/trainval_images/171/0.jpg	a bird on a wire against a clear blue sky.
/home/whx/Dataset/semi-aves/trainval_images/171/17.jpg	The background is sandy with scattered debris.
/home/whx/Dataset/semi-aves/trainval_images/171/15.jpg	blurred greenery and rocks.
/home/whx/Dataset/semi-aves/trainval_images/171/12.jpg	Green foliage.
/home/whx/Dataset/semi-aves/trainval_images/171/10.jpg	blurred green trees.
/home/whx/Dataset/semi-aves/trainval_images/171/1.jpg	Green leaves, tree trunk.
/home/whx/Dataset/semi-aves/trainval_images/171/14.jpg	Blurred green and yellow foliage.
/home/whx/Dataset/semi-aves/trainval_images/171/3.jpg	Grassy background.
/home/whx/Dataset/semi-aves/trainval_images/171/7.jpg	green foliage.
/home/whx/Dataset/semi-aves/trainval_images/171/6.jpg	A bird perched on a branch against a clear sky.
/home/whx/Dataset/semi-aves/trainval_images/171/2.jpg	green leaves, blurred background.
/home/whx/Dataset/semi-aves/trainval_images/171/9.jpg	Green foliage and grass.
/home/whx/Dataset/semi-aves/trainval_images/171/16.jpg	green foliage.
/home/whx/Dataset/semi-aves/trainval_images/172/3.jpg	The background is a blurred mix of green leaves and a pale sky.
/home/whx/Dataset/semi-aves/trainval_images/172/12.jpg	green foliage, blurred background.
/home/whx/Dataset/semi-aves/trainval_images/172/1.jpg	A bird perched on a branch surrounded by green leaves.
/home/whx/Dataset/semi-aves/trainval_images/172/14.jpg	A bird perched on a tree branch with green leaves.
/home/whx/Dataset/semi-aves/trainval_images/172/8.jpg	green foliage.
/home/whx/Dataset/semi-aves/trainval_images/172/16.jpg	The background is a pale, overcast sky.
/home/whx/Dataset/semi-aves/trainval_images/172/6.jpg	A bird perched on a bare branch against a pale sky.
/home/whx/Dataset/semi-aves/trainval_images/172/7.jpg	The background is a blurred mix of green leaves and brown branches.
/home/whx/Dataset/semi-aves/trainval_images/172/5.jpg	The background is a dense, leafy bush.
/home/whx/Dataset/semi-aves/trainval_images/172/15.jpg	Clear blue sky.
/home/whx/Dataset/semi-aves/trainval_images/172/17.jpg	a bird on a wire against a clear blue sky.
/home/whx/Dataset/semi-aves/trainval_images/172/2.jpg	bare branches, blurred greenery.
/home/whx/Dataset/semi-aves/trainval_images/172/13.jpg	The background is a blurred, light sky with tree branches.
/home/whx/Dataset/semi-aves/trainval_images/172/4.jpg	green foliage, blurred background.
/home/whx/Dataset/semi-aves/trainval_images/172/19.jpg	Green foliage.
/home/whx/Dataset/semi-aves/trainval_images/172/18.jpg	The background is a blurred green forest.
/home/whx/Dataset/semi-aves/trainval_images/173/15.jpg	tree branches, sky.
/home/whx/Dataset/semi-aves/trainval_images/173/16.jpg	A bird perched on a branch with blurred green foliage.
/home/whx/Dataset/semi-aves/trainval_images/173/4.jpg	Tree branches and leaves.
/home/whx/Dataset/semi-aves/trainval_images/173/10.jpg	A bird in a tree with green leaves.
/home/whx/Dataset/semi-aves/trainval_images/173/2.jpg	Clear blue sky, green foliage.
/home/whx/Dataset/semi-aves/trainval_images/173/5.jpg	Clear blue sky.
/home/whx/Dataset/semi-aves/trainval_images/173/14.jpg	A bird perched on a tree with green leaves and yellow flowers.
/home/whx/Dataset/semi-aves/trainval_images/173/9.jpg	tree branches, sky.
/home/whx/Dataset/semi-aves/trainval_images/173/3.jpg	tree branches, leaves.
/home/whx/Dataset/semi-aves/trainval_images/173/18.jpg	The background is a blurred mix of green foliage and branches.
/home/whx/Dataset/semi-aves/trainval_images/173/11.jpg	A bird perched on tree branches with green leaves.
/home/whx/Dataset/semi-aves/trainval_images/173/7.jpg	Clear blue sky.
/home/whx/Dataset/semi-aves/trainval_images/173/13.jpg	tree branches, blurred green and blue.
/home/whx/Dataset/semi-aves/trainval_images/173/1.jpg	tree branches, lichen, sunlight.
/home/whx/Dataset/semi-aves/trainval_images/173/0.jpg	muddy ground
/home/whx/Dataset/semi-aves/trainval_images/173/17.jpg	tree branch, green leaves.
/home/whx/Dataset/semi-aves/trainval_images/174/13.jpg	Saguaro cactus, blurred greenery.
/home/whx/Dataset/semi-aves/trainval_images/174/1.jpg	Clear blue sky.
/home/whx/Dataset/semi-aves/trainval_images/174/14.jpg	clear sky
/home/whx/Dataset/semi-aves/trainval_images/174/4.jpg	Clear blue sky.
/home/whx/Dataset/semi-aves/trainval_images/174/5.jpg	rocks, shadows, sunlight.
/home/whx/Dataset/semi-aves/trainval_images/174/8.jpg	Green, blurred background.
/home/whx/Dataset/semi-aves/trainval_images/174/16.jpg	tree branch, white wall.
/home/whx/Dataset/semi-aves/trainval_images/174/15.jpg	The background is a plain, light gray sky.
/home/whx/Dataset/semi-aves/trainval_images/174/6.jpg	The background is a light, cloudy sky.
/home/whx/Dataset/semi-aves/trainval_images/174/0.jpg	Cactus.
/home/whx/Dataset/semi-aves/trainval_images/174/10.jpg	blurry, gray, out-of-focus.
/home/whx/Dataset/semi-aves/trainval_images/174/7.jpg	A bird perched on a cactus, with blurred greenery and branches in the background.
/home/whx/Dataset/semi-aves/trainval_images/174/12.jpg	Saguaro cactus, clear sky, mountains.
/home/whx/Dataset/semi-aves/trainval_images/174/3.jpg	The background is a blurred, light-colored landscape.
/home/whx/Dataset/semi-aves/trainval_images/174/2.jpg	a bird on cactus.
/home/whx/Dataset/semi-aves/trainval_images/174/11.jpg	clear blue sky.
/home/whx/Dataset/semi-aves/trainval_images/175/12.jpg	The background is a clear sky.
/home/whx/Dataset/semi-aves/trainval_images/175/10.jpg	Green foliage.
/home/whx/Dataset/semi-aves/trainval_images/175/9.jpg	The background is a blurred sky and distant landscape.
/home/whx/Dataset/semi-aves/trainval_images/175/2.jpg	A bird soars against a deep blue sky.
/home/whx/Dataset/semi-aves/trainval_images/175/1.jpg	Clear blue sky.
/home/whx/Dataset/semi-aves/trainval_images/175/7.jpg	The background is a blurred, light sky.
/home/whx/Dataset/semi-aves/trainval_images/175/14.jpg	The background is a plain, overcast sky.
/home/whx/Dataset/semi-aves/trainval_images/175/17.jpg	Green foliage, tree branches.
/home/whx/Dataset/semi-aves/trainval_images/175/11.jpg	Clear blue sky.
/home/whx/Dataset/semi-aves/trainval_images/175/16.jpg	The background is a plain, light sky.
/home/whx/Dataset/semi-aves/trainval_images/175/13.jpg	The background is a pale, overcast sky.
/home/whx/Dataset/semi-aves/trainval_images/175/4.jpg	A bird perched in a tree with green leaves.
/home/whx/Dataset/semi-aves/trainval_images/175/0.jpg	tall grass, green, open field.
/home/whx/Dataset/semi-aves/trainval_images/175/6.jpg	The background is a pale, cloudy sky.
/home/whx/Dataset/semi-aves/trainval_images/175/15.jpg	The background is a plain, light sky.
/home/whx/Dataset/semi-aves/trainval_images/175/8.jpg	The background is a plain, overcast sky.
/home/whx/Dataset/semi-aves/trainval_images/176/15.jpg	Reeds and grass.
/home/whx/Dataset/semi-aves/trainval_images/176/17.jpg	Reeds and twigs.
/home/whx/Dataset/semi-aves/trainval_images/176/10.jpg	The background is a blurred, light-colored sky.
/home/whx/Dataset/semi-aves/trainval_images/176/18.jpg	tall green grass.
/home/whx/Dataset/semi-aves/trainval_images/176/14.jpg	Green foliage, branches.
/home/whx/Dataset/semi-aves/trainval_images/176/5.jpg	Reeds and water.
/home/whx/Dataset/semi-aves/trainval_images/176/7.jpg	Green and blurred.
/home/whx/Dataset/semi-aves/trainval_images/176/11.jpg	A bird in tall green reeds.
/home/whx/Dataset/semi-aves/trainval_images/176/6.jpg	a bird on a paved surface.
/home/whx/Dataset/semi-aves/trainval_images/176/8.jpg	Reeds and greenery.
/home/whx/Dataset/semi-aves/trainval_images/176/3.jpg	Reeds and grass.
/home/whx/Dataset/semi-aves/trainval_images/176/2.jpg	Lily pads and water.
/home/whx/Dataset/semi-aves/trainval_images/176/9.jpg	Green grass and reeds.
/home/whx/Dataset/semi-aves/trainval_images/176/4.jpg	Tall grass.
/home/whx/Dataset/semi-aves/trainval_images/176/1.jpg	Reeds and water.
/home/whx/Dataset/semi-aves/trainval_images/176/12.jpg	Reeds and water.
/home/whx/Dataset/semi-aves/trainval_images/177/7.jpg	Tall grass, water.
/home/whx/Dataset/semi-aves/trainval_images/177/1.jpg	dry, sandy ground, sparse vegetation.
/home/whx/Dataset/semi-aves/trainval_images/177/10.jpg	green reeds, brown water.
/home/whx/Dataset/semi-aves/trainval_images/177/19.jpg	Red rocks, sparse vegetation.
/home/whx/Dataset/semi-aves/trainval_images/177/18.jpg	Grassy field with tall grass.
/home/whx/Dataset/semi-aves/trainval_images/177/13.jpg	Grassy wetland.
/home/whx/Dataset/semi-aves/trainval_images/177/0.jpg	A bird stands on a rock near water.
/home/whx/Dataset/semi-aves/trainval_images/177/5.jpg	dry grass, blurred background.
/home/whx/Dataset/semi-aves/trainval_images/177/15.jpg	water, grass, branches.
/home/whx/Dataset/semi-aves/trainval_images/177/12.jpg	Green vegetation, water.
/home/whx/Dataset/semi-aves/trainval_images/177/9.jpg	Grassy wetland.
/home/whx/Dataset/semi-aves/trainval_images/177/16.jpg	Grassy field.
/home/whx/Dataset/semi-aves/trainval_images/177/6.jpg	water.
/home/whx/Dataset/semi-aves/trainval_images/177/3.jpg	dry grass, trees, riverbank.
/home/whx/Dataset/semi-aves/trainval_images/177/8.jpg	Water and grass.
/home/whx/Dataset/semi-aves/trainval_images/177/2.jpg	Grassy, earthy, natural.
/home/whx/Dataset/semi-aves/trainval_images/178/7.jpg	The background is a plain, light sky.
/home/whx/Dataset/semi-aves/trainval_images/178/10.jpg	Clear blue sky.
/home/whx/Dataset/semi-aves/trainval_images/178/12.jpg	Foggy, white background.
/home/whx/Dataset/semi-aves/trainval_images/178/18.jpg	The background is a plain, light gray sky.
/home/whx/Dataset/semi-aves/trainval_images/178/5.jpg	The background is a plain, light-colored sky.
/home/whx/Dataset/semi-aves/trainval_images/178/0.jpg	The background is blurred, with muted greens and grays.
/home/whx/Dataset/semi-aves/trainval_images/178/6.jpg	cloudy sky
/home/whx/Dataset/semi-aves/trainval_images/178/19.jpg	Dry grass.
/home/whx/Dataset/semi-aves/trainval_images/178/16.jpg	A bird stands on a pebbled shore near water.
/home/whx/Dataset/semi-aves/trainval_images/178/9.jpg	The background is a plain, light sky.
/home/whx/Dataset/semi-aves/trainval_images/178/11.jpg	Snowy, rocky terrain.
/home/whx/Dataset/semi-aves/trainval_images/178/3.jpg	A bird soars against a clear blue sky.
/home/whx/Dataset/semi-aves/trainval_images/178/13.jpg	Rough, gray ocean.
/home/whx/Dataset/semi-aves/trainval_images/178/1.jpg	A bird stands on a pebbled shore with rippling water in the background.
/home/whx/Dataset/semi-aves/trainval_images/178/14.jpg	Clear blue sky.
/home/whx/Dataset/semi-aves/trainval_images/178/4.jpg	gray sky.
/home/whx/Dataset/semi-aves/trainval_images/179/10.jpg	Green foliage, blurred background.
/home/whx/Dataset/semi-aves/trainval_images/179/12.jpg	Clear blue sky.
/home/whx/Dataset/semi-aves/trainval_images/179/6.jpg	The background is blurred.
/home/whx/Dataset/semi-aves/trainval_images/179/9.jpg	The background is a mix of green leaves and brown branches.
/home/whx/Dataset/semi-aves/trainval_images/179/3.jpg	The background is blurred green foliage.
/home/whx/Dataset/semi-aves/trainval_images/179/13.jpg	Green foliage.
/home/whx/Dataset/semi-aves/trainval_images/179/0.jpg	The background is a blurred mix of green leaves and pale sky.
/home/whx/Dataset/semi-aves/trainval_images/179/20.jpg	Green leaves and purple flower.
/home/whx/Dataset/semi-aves/trainval_images/179/5.jpg	Green leaves and red flowers.
/home/whx/Dataset/semi-aves/trainval_images/179/1.jpg	Green foliage.
/home/whx/Dataset/semi-aves/trainval_images/179/19.jpg	A bird perched on tree branches.
/home/whx/Dataset/semi-aves/trainval_images/179/2.jpg	The background is blurred, with soft green and gray tones.
/home/whx/Dataset/semi-aves/trainval_images/179/14.jpg	Green, blurred, natural.
/home/whx/Dataset/semi-aves/trainval_images/179/8.jpg	green foliage, blurred background.
/home/whx/Dataset/semi-aves/trainval_images/179/21.jpg	The background is a clear, light blue sky.
/home/whx/Dataset/semi-aves/trainval_images/179/11.jpg	plain, light-colored surface.
/home/whx/Dataset/semi-aves/trainval_images/180/10.jpg	green leaves
/home/whx/Dataset/semi-aves/trainval_images/180/4.jpg	A bird perched on a branch against a blue sky.
/home/whx/Dataset/semi-aves/trainval_images/180/12.jpg	The background is a blurred mix of green foliage and tree bark.
/home/whx/Dataset/semi-aves/trainval_images/180/13.jpg	dark, leafy branch.
/home/whx/Dataset/semi-aves/trainval_images/180/19.jpg	A bird perched on a tree branch against a blue sky.
/home/whx/Dataset/semi-aves/trainval_images/180/8.jpg	Blurred greenery.
/home/whx/Dataset/semi-aves/trainval_images/180/16.jpg	Green and brown vegetation.
/home/whx/Dataset/semi-aves/trainval_images/180/15.jpg	Tall grass.
/home/whx/Dataset/semi-aves/trainval_images/180/11.jpg	Green foliage and twigs.
/home/whx/Dataset/semi-aves/trainval_images/180/14.jpg	The background is a clear, light blue sky.
/home/whx/Dataset/semi-aves/trainval_images/180/18.jpg	bare branches, green leaves.
/home/whx/Dataset/semi-aves/trainval_images/180/3.jpg	Clear blue sky.
/home/whx/Dataset/semi-aves/trainval_images/180/17.jpg	The background is a soft, blurred blue.
/home/whx/Dataset/semi-aves/trainval_images/180/1.jpg	rainy, blurred, green.
/home/whx/Dataset/semi-aves/trainval_images/180/6.jpg	Green and blurred.
/home/whx/Dataset/semi-aves/trainval_images/180/9.jpg	Green, blurred background.
/home/whx/Dataset/semi-aves/trainval_images/181/5.jpg	Green foliage.
/home/whx/Dataset/semi-aves/trainval_images/181/4.jpg	The background is blurred green.
/home/whx/Dataset/semi-aves/trainval_images/181/1.jpg	Cloudy sky, green foliage.
/home/whx/Dataset/semi-aves/trainval_images/181/7.jpg	Grassy field.
/home/whx/Dataset/semi-aves/trainval_images/181/9.jpg	water and greenery.
/home/whx/Dataset/semi-aves/trainval_images/181/8.jpg	green grass, scattered leaves.
/home/whx/Dataset/semi-aves/trainval_images/181/2.jpg	bare branches, overcast sky.
/home/whx/Dataset/semi-aves/trainval_images/181/6.jpg	A bird perched on a railing with a blurred background of greenery and structures.
/home/whx/Dataset/semi-aves/trainval_images/181/10.jpg	Grassy field with tree trunk.
/home/whx/Dataset/semi-aves/trainval_images/181/16.jpg	The background is a blurred green and white.
/home/whx/Dataset/semi-aves/trainval_images/181/15.jpg	The background of the bird consists of dry leaves, twigs, and green grass.
/home/whx/Dataset/semi-aves/trainval_images/181/13.jpg	Green, blurred background.
/home/whx/Dataset/semi-aves/trainval_images/181/11.jpg	a bird on cobblestones.
/home/whx/Dataset/semi-aves/trainval_images/181/14.jpg	The background is blurred greenery.
/home/whx/Dataset/semi-aves/trainval_images/181/0.jpg	wetland, grass, water.
/home/whx/Dataset/semi-aves/trainval_images/181/3.jpg	The background is a clear, light blue sky.
/home/whx/Dataset/semi-aves/trainval_images/182/5.jpg	The background is a blurred, overcast sky.
/home/whx/Dataset/semi-aves/trainval_images/182/7.jpg	A bird perched on green foliage against a blue sky.
/home/whx/Dataset/semi-aves/trainval_images/182/16.jpg	A bird perches on a tree, overlooking a winding river and dense forest.
/home/whx/Dataset/semi-aves/trainval_images/182/11.jpg	A bird perched on a tree branch with a clear blue sky in the background.
/home/whx/Dataset/semi-aves/trainval_images/182/15.jpg	A bird in flight against a backdrop of tree branches and sky.
/home/whx/Dataset/semi-aves/trainval_images/182/9.jpg	Clear blue sky.
/home/whx/Dataset/semi-aves/trainval_images/182/13.jpg	The background is blurred greenery.
/home/whx/Dataset/semi-aves/trainval_images/182/0.jpg	mountains.
/home/whx/Dataset/semi-aves/trainval_images/182/1.jpg	Green leaves and branches.
/home/whx/Dataset/semi-aves/trainval_images/182/2.jpg	Clear blue sky.
/home/whx/Dataset/semi-aves/trainval_images/182/14.jpg	The background of the bird is a pale, overcast sky.
/home/whx/Dataset/semi-aves/trainval_images/182/4.jpg	a bird in a tree with green foliage.
/home/whx/Dataset/semi-aves/trainval_images/182/12.jpg	Green, blurred foliage.
/home/whx/Dataset/semi-aves/trainval_images/182/17.jpg	Green leaves, blue sky.
/home/whx/Dataset/semi-aves/trainval_images/182/8.jpg	A bird in flight against a white sky with green foliage.
/home/whx/Dataset/semi-aves/trainval_images/182/3.jpg	Clear blue sky.
/home/whx/Dataset/semi-aves/trainval_images/183/5.jpg	Green foliage and branches.
/home/whx/Dataset/semi-aves/trainval_images/183/9.jpg	A bird perched on a branch with a blurred blue background.
/home/whx/Dataset/semi-aves/trainval_images/183/13.jpg	Green foliage.
/home/whx/Dataset/semi-aves/trainval_images/183/2.jpg	Blurred, natural, earthy tones.
/home/whx/Dataset/semi-aves/trainval_images/183/7.jpg	Clear blue sky, tree branches.
/home/whx/Dataset/semi-aves/trainval_images/183/8.jpg	dry branches, blurred background.
/home/whx/Dataset/semi-aves/trainval_images/183/0.jpg	green foliage, branches.
/home/whx/Dataset/semi-aves/trainval_images/183/18.jpg	The background is blurred grass and earth.
/home/whx/Dataset/semi-aves/trainval_images/183/14.jpg	Clear blue sky.
/home/whx/Dataset/semi-aves/trainval_images/183/4.jpg	bare branches, blurred background.
/home/whx/Dataset/semi-aves/trainval_images/183/12.jpg	Grassy field with yellow flowers.
/home/whx/Dataset/semi-aves/trainval_images/183/16.jpg	The background is green foliage.
/home/whx/Dataset/semi-aves/trainval_images/183/6.jpg	Blurred trees and field.
/home/whx/Dataset/semi-aves/trainval_images/183/17.jpg	Clear blue sky.
/home/whx/Dataset/semi-aves/trainval_images/183/3.jpg	green foliage.
/home/whx/Dataset/semi-aves/trainval_images/183/19.jpg	green foliage, branches.
/home/whx/Dataset/semi-aves/trainval_images/184/8.jpg	Clear blue sky.
/home/whx/Dataset/semi-aves/trainval_images/184/16.jpg	A bird perched on a tree branch with a blue sky and green foliage in the background.
/home/whx/Dataset/semi-aves/trainval_images/184/6.jpg	tree branches and leaves.
/home/whx/Dataset/semi-aves/trainval_images/184/1.jpg	The background is a blurred mix of green foliage and branches.
/home/whx/Dataset/semi-aves/trainval_images/184/12.jpg	The background is blurred and gray.
/home/whx/Dataset/semi-aves/trainval_images/184/14.jpg	Green foliage.
/home/whx/Dataset/semi-aves/trainval_images/184/13.jpg	A bird perched on a branch with green foliage in the background.
/home/whx/Dataset/semi-aves/trainval_images/184/15.jpg	tree branches, blue sky.
/home/whx/Dataset/semi-aves/trainval_images/184/5.jpg	Blurred green foliage.
/home/whx/Dataset/semi-aves/trainval_images/184/11.jpg	A bird perched on a tree branch with green foliage.
/home/whx/Dataset/semi-aves/trainval_images/184/7.jpg	clear blue sky.
/home/whx/Dataset/semi-aves/trainval_images/184/9.jpg	green foliage.
/home/whx/Dataset/semi-aves/trainval_images/184/4.jpg	green foliage, tree branches.
/home/whx/Dataset/semi-aves/trainval_images/184/10.jpg	a bird in a tree with green leaves.
/home/whx/Dataset/semi-aves/trainval_images/184/3.jpg	tree branches, leaves, sky.
/home/whx/Dataset/semi-aves/trainval_images/184/2.jpg	The background is a plain, overcast sky.
/home/whx/Dataset/semi-aves/trainval_images/185/0.jpg	Clear blue sky.
/home/whx/Dataset/semi-aves/trainval_images/185/1.jpg	green foliage, blurred background.
/home/whx/Dataset/semi-aves/trainval_images/185/2.jpg	Blurred greenery and dirt.
/home/whx/Dataset/semi-aves/trainval_images/185/3.jpg	bare branches, hazy sky.
/home/whx/Dataset/semi-aves/trainval_images/185/4.jpg	Clear blue sky.
/home/whx/Dataset/semi-aves/trainval_images/185/5.jpg	Green, blurred background.
/home/whx/Dataset/semi-aves/trainval_images/185/6.jpg	a bird on a wire against a cloudy sky.
/home/whx/Dataset/semi-aves/trainval_images/185/7.jpg	Green, blurred, forest-like.
/home/whx/Dataset/semi-aves/trainval_images/185/8.jpg	A bird on a wire against a blurred sky.
/home/whx/Dataset/semi-aves/trainval_images/185/9.jpg	Banana leaves.
/home/whx/Dataset/semi-aves/trainval_images/185/10.jpg	Clear blue sky.
/home/whx/Dataset/semi-aves/trainval_images/185/11.jpg	The background is a plain, overcast sky.
/home/whx/Dataset/semi-aves/trainval_images/185/12.jpg	The background is a plain, light sky.
/home/whx/Dataset/semi-aves/trainval_images/185/13.jpg	The background is a clear sky.
/home/whx/Dataset/semi-aves/trainval_images/185/14.jpg	Green, blurred background.
/home/whx/Dataset/semi-aves/trainval_images/186/8.jpg	A bird perched on a branch with greenery and a pathway in the background.
/home/whx/Dataset/semi-aves/trainval_images/186/4.jpg	The background is a light, overcast sky.
/home/whx/Dataset/semi-aves/trainval_images/186/13.jpg	The background consists of soil, leaves, and small plants.
/home/whx/Dataset/semi-aves/trainval_images/186/5.jpg	Green foliage.
/home/whx/Dataset/semi-aves/trainval_images/186/10.jpg	A bird perched on a tree branch against a clear blue sky.
/home/whx/Dataset/semi-aves/trainval_images/186/14.jpg	Green foliage, dirt, and scattered leaves.
/home/whx/Dataset/semi-aves/trainval_images/186/6.jpg	Lush green foliage.
/home/whx/Dataset/semi-aves/trainval_images/186/11.jpg	A bird stands on dirt with green plants and a chain-link fence in the background.
/home/whx/Dataset/semi-aves/trainval_images/186/15.jpg	The background is a blurred green forest.
/home/whx/Dataset/semi-aves/trainval_images/186/12.jpg	green foliage.
/home/whx/Dataset/semi-aves/trainval_images/186/3.jpg	trees, sky, foliage.
/home/whx/Dataset/semi-aves/trainval_images/186/1.jpg	Green foliage, blurred structure.
/home/whx/Dataset/semi-aves/trainval_images/186/0.jpg	The background is a tree with green leaves.
/home/whx/Dataset/semi-aves/trainval_images/186/9.jpg	Green leaves and branches.
/home/whx/Dataset/semi-aves/trainval_images/186/16.jpg	A bird in a leafy tree.
/home/whx/Dataset/semi-aves/trainval_images/186/17.jpg	A bird perched on a tree branch with green leaves.
/home/whx/Dataset/semi-aves/trainval_images/187/0.jpg	The background of the bird is a cloudy sky with some tree branches.
/home/whx/Dataset/semi-aves/trainval_images/187/7.jpg	The background is a plain, overcast sky.
/home/whx/Dataset/semi-aves/trainval_images/187/12.jpg	Clear blue sky.
/home/whx/Dataset/semi-aves/trainval_images/187/16.jpg	rocks, water, dirt
/home/whx/Dataset/semi-aves/trainval_images/187/15.jpg	The background is a pale, overcast sky.
/home/whx/Dataset/semi-aves/trainval_images/187/9.jpg	gray sky.
/home/whx/Dataset/semi-aves/trainval_images/187/14.jpg	tree branches, blurred background.
/home/whx/Dataset/semi-aves/trainval_images/187/13.jpg	Green leaves and branches.
/home/whx/Dataset/semi-aves/trainval_images/187/1.jpg	green foliage, branches.
/home/whx/Dataset/semi-aves/trainval_images/187/17.jpg	dark, blurred, foliage.
/home/whx/Dataset/semi-aves/trainval_images/187/2.jpg	A bird perched on branches against a blue sky.
/home/whx/Dataset/semi-aves/trainval_images/187/6.jpg	tree trunk, green leaves, sky.
/home/whx/Dataset/semi-aves/trainval_images/187/4.jpg	a bird on a wire against a gray wall.
/home/whx/Dataset/semi-aves/trainval_images/187/8.jpg	Green leaves and yellow flowers.
/home/whx/Dataset/semi-aves/trainval_images/187/5.jpg	green foliage.
/home/whx/Dataset/semi-aves/trainval_images/187/10.jpg	Banana leaves, blurred greenery.
/home/whx/Dataset/semi-aves/trainval_images/188/8.jpg	The background is a blurred green foliage.
/home/whx/Dataset/semi-aves/trainval_images/188/13.jpg	The background is a blurred mix of green and brown foliage.
/home/whx/Dataset/semi-aves/trainval_images/188/4.jpg	A bird in a lush, green forest.
/home/whx/Dataset/semi-aves/trainval_images/188/16.jpg	A bird in a forest.
/home/whx/Dataset/semi-aves/trainval_images/188/3.jpg	A bird perched on a mossy branch with green leaves.
/home/whx/Dataset/semi-aves/trainval_images/188/11.jpg	The background is blurred green.
/home/whx/Dataset/semi-aves/trainval_images/188/10.jpg	A bird perched on a tree branch with green leaves.
/home/whx/Dataset/semi-aves/trainval_images/188/5.jpg	A bird perched on a branch amidst lush green foliage.
/home/whx/Dataset/semi-aves/trainval_images/188/6.jpg	A bird in a leafy, natural setting.
/home/whx/Dataset/semi-aves/trainval_images/188/12.jpg	tree trunk and leaves.
/home/whx/Dataset/semi-aves/trainval_images/188/0.jpg	Lush green foliage.
/home/whx/Dataset/semi-aves/trainval_images/188/15.jpg	Green leaves and branches.
/home/whx/Dataset/semi-aves/trainval_images/188/14.jpg	green leaves, sunlight.
/home/whx/Dataset/semi-aves/trainval_images/188/1.jpg	green leaves, blurred background.
/home/whx/Dataset/semi-aves/trainval_images/188/2.jpg	The background is a blurred green forest.
/home/whx/Dataset/semi-aves/trainval_images/188/17.jpg	green foliage, blurred background.
/home/whx/Dataset/semi-aves/trainval_images/189/1.jpg	Green foliage.
/home/whx/Dataset/semi-aves/trainval_images/189/11.jpg	A bird perched on a tree branch with green leaves.
/home/whx/Dataset/semi-aves/trainval_images/189/3.jpg	Green foliage, blurred background.
/home/whx/Dataset/semi-aves/trainval_images/189/13.jpg	blurred green and blue.
/home/whx/Dataset/semi-aves/trainval_images/189/14.jpg	blurry green and white.
/home/whx/Dataset/semi-aves/trainval_images/189/15.jpg	Blurred green foliage.
/home/whx/Dataset/semi-aves/trainval_images/189/10.jpg	blurred green and brown.
/home/whx/Dataset/semi-aves/trainval_images/189/16.jpg	green leaves, blurred background.
/home/whx/Dataset/semi-aves/trainval_images/189/17.jpg	Green and blurred.
/home/whx/Dataset/semi-aves/trainval_images/189/6.jpg	Dark green leaves, red flower.
/home/whx/Dataset/semi-aves/trainval_images/189/2.jpg	blurred green foliage.
/home/whx/Dataset/semi-aves/trainval_images/189/8.jpg	clear blue sky.
/home/whx/Dataset/semi-aves/trainval_images/189/0.jpg	Green field, blue sky.
/home/whx/Dataset/semi-aves/trainval_images/189/7.jpg	The background is a clear sky.
/home/whx/Dataset/semi-aves/trainval_images/189/9.jpg	blurred green foliage.
/home/whx/Dataset/semi-aves/trainval_images/189/5.jpg	Clear blue sky.
/home/whx/Dataset/semi-aves/trainval_images/190/9.jpg	Green foliage, wall.
/home/whx/Dataset/semi-aves/trainval_images/190/0.jpg	green foliage.
/home/whx/Dataset/semi-aves/trainval_images/190/15.jpg	Grass, rocks, leaves.
/home/whx/Dataset/semi-aves/trainval_images/190/10.jpg	tree branches and leaves.
/home/whx/Dataset/semi-aves/trainval_images/190/16.jpg	Green leaves.
/home/whx/Dataset/semi-aves/trainval_images/190/7.jpg	A bird perched on a branch with green foliage in the background.
/home/whx/Dataset/semi-aves/trainval_images/190/1.jpg	Green leaves and branches.
/home/whx/Dataset/semi-aves/trainval_images/190/17.jpg	snowy, blurred, roof.
/home/whx/Dataset/semi-aves/trainval_images/190/6.jpg	A bird perched on a tree branch with green leaves and yellow flowers.
/home/whx/Dataset/semi-aves/trainval_images/190/11.jpg	The background is a blurred green.
/home/whx/Dataset/semi-aves/trainval_images/190/12.jpg	concrete wall, pipes, dark.
/home/whx/Dataset/semi-aves/trainval_images/190/4.jpg	dark, leafy branches.
/home/whx/Dataset/semi-aves/trainval_images/190/14.jpg	A bird on a stone surface with green background.
/home/whx/Dataset/semi-aves/trainval_images/190/5.jpg	The background is blurred green foliage.
/home/whx/Dataset/semi-aves/trainval_images/190/13.jpg	green railing, leafy tree.
/home/whx/Dataset/semi-aves/trainval_images/190/3.jpg	Grassy field with scattered leaves.
/home/whx/Dataset/semi-aves/trainval_images/191/12.jpg	tree trunk, branches, sky.
/home/whx/Dataset/semi-aves/trainval_images/191/13.jpg	tree branches, blurred background.
/home/whx/Dataset/semi-aves/trainval_images/191/3.jpg	bare branches, foggy.
/home/whx/Dataset/semi-aves/trainval_images/191/8.jpg	A bird is perched on a tree trunk with green leaves in the background.
/home/whx/Dataset/semi-aves/trainval_images/191/6.jpg	A bird on a tree trunk near a house.
/home/whx/Dataset/semi-aves/trainval_images/191/7.jpg	A bird perched on a tree branch with green leaves.
/home/whx/Dataset/semi-aves/trainval_images/191/5.jpg	A bird perched on a tree branch with blossoms.
/home/whx/Dataset/semi-aves/trainval_images/191/11.jpg	tree, leaves, branches.
/home/whx/Dataset/semi-aves/trainval_images/191/1.jpg	The background is blurred, with a soft, neutral tone.
/home/whx/Dataset/semi-aves/trainval_images/191/15.jpg	Clear sky.
/home/whx/Dataset/semi-aves/trainval_images/191/9.jpg	Clear blue sky.
/home/whx/Dataset/semi-aves/trainval_images/191/4.jpg	tree branch, sky.
/home/whx/Dataset/semi-aves/trainval_images/191/10.jpg	A bird perched on a tree branch with pine needles and branches in the background.
/home/whx/Dataset/semi-aves/trainval_images/191/2.jpg	A bird perched on a tree branch with green leaves.
/home/whx/Dataset/semi-aves/trainval_images/191/0.jpg	A bird perched on a tree with bare branches and dried leaves.
/home/whx/Dataset/semi-aves/trainval_images/191/14.jpg	Tree trunk with branches.
/home/whx/Dataset/semi-aves/trainval_images/192/11.jpg	The background is a blurred natural setting with greenery.
/home/whx/Dataset/semi-aves/trainval_images/192/3.jpg	A bird in a forested background.
/home/whx/Dataset/semi-aves/trainval_images/192/6.jpg	A bird perched on a branch amidst green foliage.
/home/whx/Dataset/semi-aves/trainval_images/192/17.jpg	green leaves, white sky.
/home/whx/Dataset/semi-aves/trainval_images/192/18.jpg	green leaves, blurred background.
/home/whx/Dataset/semi-aves/trainval_images/192/10.jpg	The background is blurred green foliage.
/home/whx/Dataset/semi-aves/trainval_images/192/9.jpg	A bird is perched on a person's hand, with a tree trunk and greenery in the background.
/home/whx/Dataset/semi-aves/trainval_images/192/1.jpg	green foliage, blurred background.
/home/whx/Dataset/semi-aves/trainval_images/192/0.jpg	A bird perched on a branch in a green, leafy environment.
/home/whx/Dataset/semi-aves/trainval_images/192/8.jpg	The background is blurred green foliage.
/home/whx/Dataset/semi-aves/trainval_images/192/16.jpg	Green leaves, blurred background.
/home/whx/Dataset/semi-aves/trainval_images/192/15.jpg	green foliage.
/home/whx/Dataset/semi-aves/trainval_images/192/13.jpg	Green foliage.
/home/whx/Dataset/semi-aves/trainval_images/192/2.jpg	tree trunk with white patches
/home/whx/Dataset/semi-aves/trainval_images/192/7.jpg	Green leaves, blurred background.
/home/whx/Dataset/semi-aves/trainval_images/192/12.jpg	tree-filled forest
/home/whx/Dataset/semi-aves/trainval_images/193/13.jpg	blurred, tree, branch, light.
/home/whx/Dataset/semi-aves/trainval_images/193/8.jpg	pine branches, blurred background.
/home/whx/Dataset/semi-aves/trainval_images/193/4.jpg	tree branches, blurred background.
/home/whx/Dataset/semi-aves/trainval_images/193/6.jpg	pine branches, blurred background.
/home/whx/Dataset/semi-aves/trainval_images/193/10.jpg	Blurred green and brown.
/home/whx/Dataset/semi-aves/trainval_images/193/0.jpg	The background is a blurred mix of green leaves and a light sky.
/home/whx/Dataset/semi-aves/trainval_images/193/9.jpg	A bird in a tree with branches and leaves.
/home/whx/Dataset/semi-aves/trainval_images/193/11.jpg	pine branches and needles.
/home/whx/Dataset/semi-aves/trainval_images/193/15.jpg	Green leaves, blurred background.
/home/whx/Dataset/semi-aves/trainval_images/193/7.jpg	branch, blue sky, blurred trees.
/home/whx/Dataset/semi-aves/trainval_images/193/3.jpg	Clear blue sky, green foliage.
/home/whx/Dataset/semi-aves/trainval_images/193/5.jpg	pine branches, blue sky.
/home/whx/Dataset/semi-aves/trainval_images/193/1.jpg	pine tree branches.
/home/whx/Dataset/semi-aves/trainval_images/193/12.jpg	pine branches, green foliage.
/home/whx/Dataset/semi-aves/trainval_images/193/2.jpg	tree branches, green leaves, blue sky.
/home/whx/Dataset/semi-aves/trainval_images/193/14.jpg	A bird perched on a tree branch with green foliage and a rocky ground.
/home/whx/Dataset/semi-aves/trainval_images/194/14.jpg	A bird perched on bare branches against a blue sky.
/home/whx/Dataset/semi-aves/trainval_images/194/1.jpg	bare branches, light sky.
/home/whx/Dataset/semi-aves/trainval_images/194/4.jpg	A bird perched on a branch with green leaves and a gray sky.
/home/whx/Dataset/semi-aves/trainval_images/194/8.jpg	dry grass, dirt, scattered debris.
/home/whx/Dataset/semi-aves/trainval_images/194/2.jpg	Leaves and twigs.
/home/whx/Dataset/semi-aves/trainval_images/194/11.jpg	A bird perched on a branch with blurred foliage and tree trunks.
/home/whx/Dataset/semi-aves/trainval_images/194/7.jpg	dry grass, snow patches.
/home/whx/Dataset/semi-aves/trainval_images/194/10.jpg	The background is a mix of green foliage and dark branches.
/home/whx/Dataset/semi-aves/trainval_images/194/16.jpg	bare branches, blurred background.
/home/whx/Dataset/semi-aves/trainval_images/194/12.jpg	A bird perched on a branch with blurred green foliage and blue sky.
/home/whx/Dataset/semi-aves/trainval_images/194/9.jpg	bare branches, blurred background.
/home/whx/Dataset/semi-aves/trainval_images/194/13.jpg	The background is a plain, light gray sky.
/home/whx/Dataset/semi-aves/trainval_images/194/3.jpg	wood, foliage, ground.
/home/whx/Dataset/semi-aves/trainval_images/194/5.jpg	bare branches, road.
/home/whx/Dataset/semi-aves/trainval_images/194/6.jpg	The background is plain white.
/home/whx/Dataset/semi-aves/trainval_images/194/15.jpg	Green leaves, blurred background.
/home/whx/Dataset/semi-aves/trainval_images/195/15.jpg	A bird perched on a tree branch with blurred green foliage.
/home/whx/Dataset/semi-aves/trainval_images/195/7.jpg	Green leaves, white tree trunk.
/home/whx/Dataset/semi-aves/trainval_images/195/9.jpg	green foliage, tree trunk.
/home/whx/Dataset/semi-aves/trainval_images/195/0.jpg	A bird in a tree with bare branches and green leaves.
/home/whx/Dataset/semi-aves/trainval_images/195/1.jpg	green leaves, branches.
/home/whx/Dataset/semi-aves/trainval_images/195/2.jpg	Green leaves, sunlight, building.
/home/whx/Dataset/semi-aves/trainval_images/195/16.jpg	The background is a cloudy sky.
/home/whx/Dataset/semi-aves/trainval_images/195/13.jpg	a bird on a wire against a clear sky.
/home/whx/Dataset/semi-aves/trainval_images/195/5.jpg	green foliage.
/home/whx/Dataset/semi-aves/trainval_images/195/4.jpg	green foliage, tree trunk.
/home/whx/Dataset/semi-aves/trainval_images/195/8.jpg	The background is a plain, light gray sky.
/home/whx/Dataset/semi-aves/trainval_images/195/6.jpg	water, tree trunk, leaves.
/home/whx/Dataset/semi-aves/trainval_images/195/11.jpg	Grassy field.
/home/whx/Dataset/semi-aves/trainval_images/195/12.jpg	A bird perched on a tree with green leaves and moss.
/home/whx/Dataset/semi-aves/trainval_images/195/10.jpg	green foliage.
/home/whx/Dataset/semi-aves/trainval_images/195/14.jpg	green foliage, moss, tree trunk.
/home/whx/Dataset/semi-aves/trainval_images/196/16.jpg	The background is a blurred mix of light and dark, with hints of green foliage.
/home/whx/Dataset/semi-aves/trainval_images/196/4.jpg	Green, blurred foliage.
/home/whx/Dataset/semi-aves/trainval_images/196/7.jpg	Green leaves, blurred background.
/home/whx/Dataset/semi-aves/trainval_images/196/13.jpg	Blurred green background.
/home/whx/Dataset/semi-aves/trainval_images/196/0.jpg	Green foliage.
/home/whx/Dataset/semi-aves/trainval_images/196/14.jpg	A bird perched on a branch with green foliage.
/home/whx/Dataset/semi-aves/trainval_images/196/11.jpg	Green leaves, blurred background.
/home/whx/Dataset/semi-aves/trainval_images/196/9.jpg	The background is blurred, with dark and light areas.
/home/whx/Dataset/semi-aves/trainval_images/196/5.jpg	Green, blurred.
/home/whx/Dataset/semi-aves/trainval_images/196/8.jpg	The background is blurred, with a mix of white and brown tones.
/home/whx/Dataset/semi-aves/trainval_images/196/1.jpg	The background is blurred green.
/home/whx/Dataset/semi-aves/trainval_images/196/10.jpg	Green, blurred leaves.
/home/whx/Dataset/semi-aves/trainval_images/196/12.jpg	Green foliage.
/home/whx/Dataset/semi-aves/trainval_images/196/6.jpg	Blurred green foliage.
/home/whx/Dataset/semi-aves/trainval_images/196/3.jpg	The background is a clear blue sky.
/home/whx/Dataset/semi-aves/trainval_images/196/15.jpg	blurry green and brown.
/home/whx/Dataset/semi-aves/trainval_images/197/14.jpg	The background is a blurred sky with green leaves.
/home/whx/Dataset/semi-aves/trainval_images/197/9.jpg	The background is blurred, with soft, warm tones.
/home/whx/Dataset/semi-aves/trainval_images/197/0.jpg	A bird perched on a tree branch with green leaves.
/home/whx/Dataset/semi-aves/trainval_images/197/10.jpg	The background is blurred greenery.
/home/whx/Dataset/semi-aves/trainval_images/197/4.jpg	The background is a wet, grassy area with scattered leaves.
/home/whx/Dataset/semi-aves/trainval_images/197/11.jpg	dry, brown ground, sparse trees.
/home/whx/Dataset/semi-aves/trainval_images/197/8.jpg	tree branches and leaves.
/home/whx/Dataset/semi-aves/trainval_images/197/16.jpg	dry branches, blurred green.
/home/whx/Dataset/semi-aves/trainval_images/197/6.jpg	Green, blurred background.
/home/whx/Dataset/semi-aves/trainval_images/197/1.jpg	The background is blurred greenery.
/home/whx/Dataset/semi-aves/trainval_images/197/15.jpg	A bird perched on green foliage with a wooden structure in the background.
/home/whx/Dataset/semi-aves/trainval_images/197/5.jpg	Green foliage.
/home/whx/Dataset/semi-aves/trainval_images/197/2.jpg	A bird perched on a branch against a clear blue sky.
/home/whx/Dataset/semi-aves/trainval_images/197/3.jpg	green leaves, blue sky.
/home/whx/Dataset/semi-aves/trainval_images/197/13.jpg	bare branches, blurred background.
/home/whx/Dataset/semi-aves/trainval_images/197/7.jpg	Clear blue sky.
/home/whx/Dataset/semi-aves/trainval_images/198/24.jpg	The background is a mix of dark and light brown, with some wood and shadows.
/home/whx/Dataset/semi-aves/trainval_images/198/12.jpg	Green foliage.
/home/whx/Dataset/semi-aves/trainval_images/198/1.jpg	concrete wall, metal rail.
/home/whx/Dataset/semi-aves/trainval_images/198/3.jpg	green foliage.
/home/whx/Dataset/semi-aves/trainval_images/198/2.jpg	The background is completely black.
/home/whx/Dataset/semi-aves/trainval_images/198/0.jpg	grass, concrete, person, book.
/home/whx/Dataset/semi-aves/trainval_images/198/9.jpg	dry grass and twigs.
/home/whx/Dataset/semi-aves/trainval_images/198/23.jpg	bare branches, overcast sky.
/home/whx/Dataset/semi-aves/trainval_images/198/19.jpg	A bird in a forest setting with green foliage and branches.
/home/whx/Dataset/semi-aves/trainval_images/198/25.jpg	The background is blurred with green foliage.
/home/whx/Dataset/semi-aves/trainval_images/198/4.jpg	green leaves, branches.
/home/whx/Dataset/semi-aves/trainval_images/198/6.jpg	dark, blurred, indistinct.
/home/whx/Dataset/semi-aves/trainval_images/198/8.jpg	The background of the bird is a ground covered with leaves and twigs.
/home/whx/Dataset/semi-aves/trainval_images/198/5.jpg	The background of the bird shows a nighttime forest scene with trees and underbrush.
/home/whx/Dataset/semi-aves/trainval_images/198/7.jpg	Grass.
/home/whx/Dataset/semi-aves/trainval_images/198/14.jpg	Green leaves.
/home/whx/Dataset/semi-aves/trainval_images/199/6.jpg	Rocky, wet, water.
/home/whx/Dataset/semi-aves/trainval_images/199/1.jpg	a bird on sandy beach.
/home/whx/Dataset/semi-aves/trainval_images/199/8.jpg	The background is a mix of dark and light textures, possibly feathers and rocks.
/home/whx/Dataset/semi-aves/trainval_images/199/5.jpg	Grassy, tall grass, pebbles.
/home/whx/Dataset/semi-aves/trainval_images/199/11.jpg	Rocky coastline, turquoise water.
/home/whx/Dataset/semi-aves/trainval_images/199/9.jpg	Grass, rocks, dirt.
/home/whx/Dataset/semi-aves/trainval_images/199/15.jpg	Overcast sky, grassy area, water, distant land.
/home/whx/Dataset/semi-aves/trainval_images/199/4.jpg	A bird in a sandy burrow.
/home/whx/Dataset/semi-aves/trainval_images/199/2.jpg	Grassy, bushy background.
/home/whx/Dataset/semi-aves/trainval_images/199/7.jpg	A bird stands on a rocky, sandy terrain with sparse vegetation.
/home/whx/Dataset/semi-aves/trainval_images/199/13.jpg	dry grass, dirt
/home/whx/Dataset/semi-aves/trainval_images/199/14.jpg	The bird is on a rocky, sandy ground.
/home/whx/Dataset/semi-aves/trainval_images/199/0.jpg	a bird on sand.
/home/whx/Dataset/semi-aves/trainval_images/199/10.jpg	The background of the bird is a mix of dry grass and small rocks.
/home/whx/Dataset/semi-aves/trainval_images/199/12.jpg	dry, rocky ground
/home/whx/Dataset/semi-aves/trainval_images/199/3.jpg	Rocky shore with greenery.
