image	response
/home/whx/Dataset/semi-aves/trainval_images/0/8.jpg	a bird stands on one leg.
/home/whx/Dataset/semi-aves/trainval_images/0/36.jpg	a bird stands alert, perched on moss.
/home/whx/Dataset/semi-aves/trainval_images/0/4.jpg	a bird stands on sandy beach, head slightly tilted.
/home/whx/Dataset/semi-aves/trainval_images/0/16.jpg	a bird stands on the wet sand.
/home/whx/Dataset/semi-aves/trainval_images/0/7.jpg	a bird stands on rocks, facing right.
/home/whx/Dataset/semi-aves/trainval_images/0/31.jpg	a bird is flying.
/home/whx/Dataset/semi-aves/trainval_images/0/28.jpg	a bird stands in shallow water.
/home/whx/Dataset/semi-aves/trainval_images/0/30.jpg	a bird stands on one leg.
/home/whx/Dataset/semi-aves/trainval_images/0/24.jpg	a bird stands on ice, legs spread.
/home/whx/Dataset/semi-aves/trainval_images/0/25.jpg	a bird stands on rocks.
/home/whx/Dataset/semi-aves/trainval_images/0/6.jpg	a bird stands on rocks, head slightly turned.
/home/whx/Dataset/semi-aves/trainval_images/0/3.jpg	a bird stands on rocks.
/home/whx/Dataset/semi-aves/trainval_images/0/15.jpg	a bird stands in shallow water.
/home/whx/Dataset/semi-aves/trainval_images/0/0.jpg	a bird perched on a rock.
/home/whx/Dataset/semi-aves/trainval_images/0/12.jpg	a bird stands upright.
/home/whx/Dataset/semi-aves/trainval_images/0/13.jpg	a bird stands on beach, head slightly lowered.
/home/whx/Dataset/semi-aves/trainval_images/1/0.jpg	a bird in flight, wings spread.
/home/whx/Dataset/semi-aves/trainval_images/1/28.jpg	a bird is in flight, wings spread.
/home/whx/Dataset/semi-aves/trainval_images/1/17.jpg	a bird perched on a branch.
/home/whx/Dataset/semi-aves/trainval_images/1/14.jpg	a bird perched on wire.
/home/whx/Dataset/semi-aves/trainval_images/1/18.jpg	a bird perched on a branch.
/home/whx/Dataset/semi-aves/trainval_images/1/3.jpg	a bird perched on branch.
/home/whx/Dataset/semi-aves/trainval_images/1/33.jpg	a bird soars.
/home/whx/Dataset/semi-aves/trainval_images/1/10.jpg	a bird perched on branch.
/home/whx/Dataset/semi-aves/trainval_images/1/34.jpg	a bird perched on a branch.
/home/whx/Dataset/semi-aves/trainval_images/1/26.jpg	a bird standing on the ground.
/home/whx/Dataset/semi-aves/trainval_images/1/25.jpg	a bird in flight, wings spread.
/home/whx/Dataset/semi-aves/trainval_images/1/20.jpg	a bird perched on wire.
/home/whx/Dataset/semi-aves/trainval_images/1/32.jpg	a bird soars.
/home/whx/Dataset/semi-aves/trainval_images/1/24.jpg	a bird perched on a rusty wire.
/home/whx/Dataset/semi-aves/trainval_images/1/12.jpg	a bird perched on branch.
/home/whx/Dataset/semi-aves/trainval_images/1/6.jpg	a bird is perched on water.
/home/whx/Dataset/semi-aves/trainval_images/2/27.jpg	a bird perched on branch.
/home/whx/Dataset/semi-aves/trainval_images/2/1.jpg	a bird perched on a rope.
/home/whx/Dataset/semi-aves/trainval_images/2/33.jpg	a bird perched on a wire.
/home/whx/Dataset/semi-aves/trainval_images/2/14.jpg	a bird perched on a rope.
/home/whx/Dataset/semi-aves/trainval_images/2/28.jpg	a bird perched on a branch.
/home/whx/Dataset/semi-aves/trainval_images/2/31.jpg	a bird in flight, wings spread.
/home/whx/Dataset/semi-aves/trainval_images/2/35.jpg	a bird perched on branch.
/home/whx/Dataset/semi-aves/trainval_images/2/38.jpg	a bird perched on barbed wire.
/home/whx/Dataset/semi-aves/trainval_images/2/22.jpg	a bird perched on wire.
/home/whx/Dataset/semi-aves/trainval_images/2/34.jpg	a bird perched.
/home/whx/Dataset/semi-aves/trainval_images/2/32.jpg	a bird perched.
/home/whx/Dataset/semi-aves/trainval_images/2/24.jpg	a bird perched on barbed wire.
/home/whx/Dataset/semi-aves/trainval_images/2/36.jpg	a bird perched on a branch.
/home/whx/Dataset/semi-aves/trainval_images/2/9.jpg	a bird perched
/home/whx/Dataset/semi-aves/trainval_images/2/0.jpg	a bird perched on a wire.
/home/whx/Dataset/semi-aves/trainval_images/2/13.jpg	a bird soars with wings spread.
/home/whx/Dataset/semi-aves/trainval_images/3/6.jpg	a bird perched on branch.
/home/whx/Dataset/semi-aves/trainval_images/3/11.jpg	a bird perched in branches.
/home/whx/Dataset/semi-aves/trainval_images/3/18.jpg	a bird perched on branch.
/home/whx/Dataset/semi-aves/trainval_images/3/7.jpg	a bird perched on a branch.
/home/whx/Dataset/semi-aves/trainval_images/3/23.jpg	a bird perched on branch, head turned.
/home/whx/Dataset/semi-aves/trainval_images/3/10.jpg	a bird perched, head down.
/home/whx/Dataset/semi-aves/trainval_images/3/28.jpg	a bird perched on a branch.
/home/whx/Dataset/semi-aves/trainval_images/3/30.jpg	a bird perched on a branch.
/home/whx/Dataset/semi-aves/trainval_images/3/22.jpg	a bird perched on branch.
/home/whx/Dataset/semi-aves/trainval_images/3/16.jpg	a bird perched on branch, wings spread.
/home/whx/Dataset/semi-aves/trainval_images/3/13.jpg	a bird perched on branch.
/home/whx/Dataset/semi-aves/trainval_images/3/25.jpg	a bird perched on a tree branch.
/home/whx/Dataset/semi-aves/trainval_images/3/21.jpg	a bird perched on a branch.
/home/whx/Dataset/semi-aves/trainval_images/3/34.jpg	a bird perched on branch.
/home/whx/Dataset/semi-aves/trainval_images/3/9.jpg	a bird perched on branch.
/home/whx/Dataset/semi-aves/trainval_images/3/20.jpg	a bird perched on branch.
/home/whx/Dataset/semi-aves/trainval_images/4/37.jpg	a bird is in mid-flight.
/home/whx/Dataset/semi-aves/trainval_images/4/31.jpg	a bird stands still.
/home/whx/Dataset/semi-aves/trainval_images/4/32.jpg	a bird stands on one leg.
/home/whx/Dataset/semi-aves/trainval_images/4/25.jpg	a bird stands in shallow water, head lowered.
/home/whx/Dataset/semi-aves/trainval_images/4/43.jpg	a bird stands alert, head slightly tilted.
/home/whx/Dataset/semi-aves/trainval_images/4/2.jpg	a bird stands in water, partially obscured by reeds.
/home/whx/Dataset/semi-aves/trainval_images/4/30.jpg	a bird perched on log.
/home/whx/Dataset/semi-aves/trainval_images/4/15.jpg	a bird soars.
/home/whx/Dataset/semi-aves/trainval_images/4/40.jpg	a bird stands on one leg.
/home/whx/Dataset/semi-aves/trainval_images/4/26.jpg	a bird perched on branch.
/home/whx/Dataset/semi-aves/trainval_images/4/11.jpg	a bird stands in grass.
/home/whx/Dataset/semi-aves/trainval_images/4/23.jpg	a bird stands amidst greenery.
/home/whx/Dataset/semi-aves/trainval_images/4/41.jpg	a bird perched.
/home/whx/Dataset/semi-aves/trainval_images/4/38.jpg	a bird stands on the ground near water.
/home/whx/Dataset/semi-aves/trainval_images/4/14.jpg	a bird perched on edge.
/home/whx/Dataset/semi-aves/trainval_images/4/21.jpg	a bird stands amidst greenery.
/home/whx/Dataset/semi-aves/trainval_images/5/32.jpg	a bird perched on rocks.
/home/whx/Dataset/semi-aves/trainval_images/5/6.jpg	a bird preening.
/home/whx/Dataset/semi-aves/trainval_images/5/10.jpg	a bird perched on rock.
/home/whx/Dataset/semi-aves/trainval_images/5/33.jpg	a bird stands on rocks, head turned.
/home/whx/Dataset/semi-aves/trainval_images/5/25.jpg	a bird perched, head turned.
/home/whx/Dataset/semi-aves/trainval_images/5/23.jpg	a bird stands on beach, facing right.
/home/whx/Dataset/semi-aves/trainval_images/5/31.jpg	a bird stands on one leg.
/home/whx/Dataset/semi-aves/trainval_images/5/1.jpg	a bird stands on beach, beak in water.
/home/whx/Dataset/semi-aves/trainval_images/5/30.jpg	a bird perched on rocks.
/home/whx/Dataset/semi-aves/trainval_images/5/2.jpg	a bird stands on rocks, head slightly lowered.
/home/whx/Dataset/semi-aves/trainval_images/5/19.jpg	a bird stands upright.
/home/whx/Dataset/semi-aves/trainval_images/5/42.jpg	a bird soars with wings spread wide.
/home/whx/Dataset/semi-aves/trainval_images/5/44.jpg	a bird stands in shallow water.
/home/whx/Dataset/semi-aves/trainval_images/5/34.jpg	a bird stands on a rock, facing left.
/home/whx/Dataset/semi-aves/trainval_images/5/46.jpg	a bird perched on a rock.
/home/whx/Dataset/semi-aves/trainval_images/5/14.jpg	a bird stands upright.
/home/whx/Dataset/semi-aves/trainval_images/6/0.jpg	a bird stands in water, head slightly lowered.
/home/whx/Dataset/semi-aves/trainval_images/6/12.jpg	a bird stands in water, legs spread, head raised.
/home/whx/Dataset/semi-aves/trainval_images/6/34.jpg	a bird perched.
/home/whx/Dataset/semi-aves/trainval_images/6/14.jpg	a bird stands in water, head down, legs submerged.
/home/whx/Dataset/semi-aves/trainval_images/6/25.jpg	a bird stands in water, head down.
/home/whx/Dataset/semi-aves/trainval_images/6/22.jpg	a bird stands with head lowered, legs spread.
/home/whx/Dataset/semi-aves/trainval_images/6/30.jpg	a bird stands with head up, legs extended.
/home/whx/Dataset/semi-aves/trainval_images/6/27.jpg	a bird in flight, landing on water.
/home/whx/Dataset/semi-aves/trainval_images/6/18.jpg	a bird stands in water, head slightly lowered.
/home/whx/Dataset/semi-aves/trainval_images/6/11.jpg	a bird is standing in water, head down.
/home/whx/Dataset/semi-aves/trainval_images/6/33.jpg	a bird in flight, wings spread.
/home/whx/Dataset/semi-aves/trainval_images/6/8.jpg	a bird stands in shallow water.
/home/whx/Dataset/semi-aves/trainval_images/6/21.jpg	a bird stands in water, head down, neck curved.
/home/whx/Dataset/semi-aves/trainval_images/6/17.jpg	a bird wading in water.
/home/whx/Dataset/semi-aves/trainval_images/6/19.jpg	a bird stands in shallow water.
/home/whx/Dataset/semi-aves/trainval_images/6/36.jpg	a bird stands with head tucked in.
/home/whx/Dataset/semi-aves/trainval_images/7/24.jpg	a bird perched on a wire.
/home/whx/Dataset/semi-aves/trainval_images/7/32.jpg	a bird perched on a post.
/home/whx/Dataset/semi-aves/trainval_images/7/8.jpg	a bird perched on fence post.
/home/whx/Dataset/semi-aves/trainval_images/7/33.jpg	a bird perched on branch.
/home/whx/Dataset/semi-aves/trainval_images/7/35.jpg	a bird perched, head tilted, beak open.
/home/whx/Dataset/semi-aves/trainval_images/7/13.jpg	a bird perched on edge.
/home/whx/Dataset/semi-aves/trainval_images/7/27.jpg	a bird perched on branch.
/home/whx/Dataset/semi-aves/trainval_images/7/3.jpg	a bird perched on a branch.
/home/whx/Dataset/semi-aves/trainval_images/7/30.jpg	a bird perched on a branch.
/home/whx/Dataset/semi-aves/trainval_images/7/23.jpg	a bird perched, facing right.
/home/whx/Dataset/semi-aves/trainval_images/7/18.jpg	a bird perched on a spiral.
/home/whx/Dataset/semi-aves/trainval_images/7/17.jpg	a bird perched on a branch.
/home/whx/Dataset/semi-aves/trainval_images/7/6.jpg	a bird perched on branch.
/home/whx/Dataset/semi-aves/trainval_images/7/16.jpg	a bird perched on a tree branch.
/home/whx/Dataset/semi-aves/trainval_images/7/36.jpg	a bird perched on fence post.
/home/whx/Dataset/semi-aves/trainval_images/7/15.jpg	a bird perched on a branch.
/home/whx/Dataset/semi-aves/trainval_images/8/22.jpg	a bird floats calmly.
/home/whx/Dataset/semi-aves/trainval_images/8/26.jpg	a bird spreads its wings.
/home/whx/Dataset/semi-aves/trainval_images/8/40.jpg	a bird floats calmly on water.
/home/whx/Dataset/semi-aves/trainval_images/8/0.jpg	a bird perched on rock.
/home/whx/Dataset/semi-aves/trainval_images/8/34.jpg	a bird perched.
/home/whx/Dataset/semi-aves/trainval_images/8/36.jpg	a bird stands on one leg.
/home/whx/Dataset/semi-aves/trainval_images/8/21.jpg	a bird in flight, wings spread.
/home/whx/Dataset/semi-aves/trainval_images/8/29.jpg	a bird soars with wings spread.
/home/whx/Dataset/semi-aves/trainval_images/8/1.jpg	a bird stands upright.
/home/whx/Dataset/semi-aves/trainval_images/8/14.jpg	a bird soars with wings spread wide.
/home/whx/Dataset/semi-aves/trainval_images/8/20.jpg	a bird perched, head turned.
/home/whx/Dataset/semi-aves/trainval_images/8/5.jpg	a bird in flight.
/home/whx/Dataset/semi-aves/trainval_images/8/17.jpg	a bird soars.
/home/whx/Dataset/semi-aves/trainval_images/8/18.jpg	a bird perched.
/home/whx/Dataset/semi-aves/trainval_images/8/33.jpg	a bird is perched on the ground.
/home/whx/Dataset/semi-aves/trainval_images/8/2.jpg	a bird in flight.
/home/whx/Dataset/semi-aves/trainval_images/9/35.jpg	a bird perched on a branch.
/home/whx/Dataset/semi-aves/trainval_images/9/16.jpg	a bird perched, feeding.
/home/whx/Dataset/semi-aves/trainval_images/9/2.jpg	a bird in flight, wings spread.
/home/whx/Dataset/semi-aves/trainval_images/9/4.jpg	a bird perched on branch.
/home/whx/Dataset/semi-aves/trainval_images/9/5.jpg	a bird perched on feeder.
/home/whx/Dataset/semi-aves/trainval_images/9/1.jpg	a bird perched on a branch.
/home/whx/Dataset/semi-aves/trainval_images/9/28.jpg	a bird in flight, wings blurred.
/home/whx/Dataset/semi-aves/trainval_images/9/0.jpg	a bird in flight, hovering near feeder.
/home/whx/Dataset/semi-aves/trainval_images/9/24.jpg	a bird perched on a branch.
/home/whx/Dataset/semi-aves/trainval_images/9/29.jpg	a bird is hovering near a flower.
/home/whx/Dataset/semi-aves/trainval_images/9/8.jpg	a bird perched on a branch.
/home/whx/Dataset/semi-aves/trainval_images/9/7.jpg	a bird perched on a branch.
/home/whx/Dataset/semi-aves/trainval_images/9/27.jpg	a bird perched on a branch.
/home/whx/Dataset/semi-aves/trainval_images/9/3.jpg	a bird perched at feeder.
/home/whx/Dataset/semi-aves/trainval_images/9/19.jpg	a bird perched
/home/whx/Dataset/semi-aves/trainval_images/9/33.jpg	a bird perched at feeder.
/home/whx/Dataset/semi-aves/trainval_images/10/22.jpg	a bird in flight, wings spread.
/home/whx/Dataset/semi-aves/trainval_images/10/18.jpg	a bird stands in water, head slightly tilted.
/home/whx/Dataset/semi-aves/trainval_images/10/4.jpg	a bird spreads its wings.
/home/whx/Dataset/semi-aves/trainval_images/10/10.jpg	a bird floats calmly on water.
/home/whx/Dataset/semi-aves/trainval_images/10/40.jpg	a bird perched, wings slightly spread.
/home/whx/Dataset/semi-aves/trainval_images/10/16.jpg	a bird is resting on a rock.
/home/whx/Dataset/semi-aves/trainval_images/10/33.jpg	a bird sitting on sand.
/home/whx/Dataset/semi-aves/trainval_images/10/39.jpg	a bird floats calmly.
/home/whx/Dataset/semi-aves/trainval_images/10/17.jpg	a bird is resting.
/home/whx/Dataset/semi-aves/trainval_images/10/42.jpg	a bird perched on a branch.
/home/whx/Dataset/semi-aves/trainval_images/10/29.jpg	a bird perched on a boat.
/home/whx/Dataset/semi-aves/trainval_images/10/20.jpg	a bird floats calmly on water.
/home/whx/Dataset/semi-aves/trainval_images/10/31.jpg	a bird swimming with head slightly tilted.
/home/whx/Dataset/semi-aves/trainval_images/10/15.jpg	a bird stands upright.
/home/whx/Dataset/semi-aves/trainval_images/10/3.jpg	a bird perched, head down.
/home/whx/Dataset/semi-aves/trainval_images/10/0.jpg	a bird stands in water, head slightly lowered.
/home/whx/Dataset/semi-aves/trainval_images/11/19.jpg	a bird soars with wings spread wide.
/home/whx/Dataset/semi-aves/trainval_images/11/24.jpg	a bird soars with outstretched wings.
/home/whx/Dataset/semi-aves/trainval_images/11/21.jpg	a bird soars with wings spread.
/home/whx/Dataset/semi-aves/trainval_images/11/26.jpg	a bird soars with outstretched wings.
/home/whx/Dataset/semi-aves/trainval_images/11/12.jpg	a bird perched on wire.
/home/whx/Dataset/semi-aves/trainval_images/11/16.jpg	a bird perched, head turned.
/home/whx/Dataset/semi-aves/trainval_images/11/6.jpg	a bird perched, head down.
/home/whx/Dataset/semi-aves/trainval_images/11/38.jpg	a bird perches on rock, wings slightly spread.
/home/whx/Dataset/semi-aves/trainval_images/11/32.jpg	a bird soars with wings spread.
/home/whx/Dataset/semi-aves/trainval_images/11/13.jpg	a bird soars with wings spread.
/home/whx/Dataset/semi-aves/trainval_images/11/27.jpg	a bird soars with wings spread.
/home/whx/Dataset/semi-aves/trainval_images/11/1.jpg	a bird soars with outstretched wings.
/home/whx/Dataset/semi-aves/trainval_images/11/14.jpg	a bird perched on wire.
/home/whx/Dataset/semi-aves/trainval_images/11/0.jpg	a bird perched on wire.
/home/whx/Dataset/semi-aves/trainval_images/11/39.jpg	a bird perched on a tree trunk.
/home/whx/Dataset/semi-aves/trainval_images/11/4.jpg	a bird soars with wings spread.
/home/whx/Dataset/semi-aves/trainval_images/12/2.jpg	a bird swimming.
/home/whx/Dataset/semi-aves/trainval_images/12/10.jpg	a bird swimming.
/home/whx/Dataset/semi-aves/trainval_images/12/28.jpg	a bird swimming
/home/whx/Dataset/semi-aves/trainval_images/12/27.jpg	a bird swimming
/home/whx/Dataset/semi-aves/trainval_images/12/17.jpg	a bird is swimming with head raised.
/home/whx/Dataset/semi-aves/trainval_images/12/26.jpg	a bird swimming with chick.
/home/whx/Dataset/semi-aves/trainval_images/12/7.jpg	a bird floating on water.
/home/whx/Dataset/semi-aves/trainval_images/12/20.jpg	a bird swimming, head slightly raised.
/home/whx/Dataset/semi-aves/trainval_images/12/25.jpg	a bird swimming.
/home/whx/Dataset/semi-aves/trainval_images/12/22.jpg	a bird floats calmly.
/home/whx/Dataset/semi-aves/trainval_images/12/16.jpg	a bird is floating, head slightly raised.
/home/whx/Dataset/semi-aves/trainval_images/12/14.jpg	a bird swimming, head slightly tilted.
/home/whx/Dataset/semi-aves/trainval_images/12/32.jpg	a bird swimming.
/home/whx/Dataset/semi-aves/trainval_images/12/24.jpg	a bird swimming.
/home/whx/Dataset/semi-aves/trainval_images/12/31.jpg	a bird swimming, head slightly raised.
/home/whx/Dataset/semi-aves/trainval_images/12/0.jpg	a bird swimming with chick.
/home/whx/Dataset/semi-aves/trainval_images/13/25.jpg	a bird perched in a nest hole.
/home/whx/Dataset/semi-aves/trainval_images/13/43.jpg	a bird soars.
/home/whx/Dataset/semi-aves/trainval_images/13/36.jpg	a bird in flight, wings spread.
/home/whx/Dataset/semi-aves/trainval_images/13/20.jpg	a bird soars.
/home/whx/Dataset/semi-aves/trainval_images/13/42.jpg	a bird in flight.
/home/whx/Dataset/semi-aves/trainval_images/13/40.jpg	a bird stands in shallow water.
/home/whx/Dataset/semi-aves/trainval_images/13/27.jpg	a bird in flight, wings spread.
/home/whx/Dataset/semi-aves/trainval_images/13/3.jpg	a bird in flight, wings spread.
/home/whx/Dataset/semi-aves/trainval_images/13/19.jpg	a bird is landing on the ground near water.
/home/whx/Dataset/semi-aves/trainval_images/13/8.jpg	a bird in flight, wings spread.
/home/whx/Dataset/semi-aves/trainval_images/13/13.jpg	a bird in flight, wings spread.
/home/whx/Dataset/semi-aves/trainval_images/13/44.jpg	a bird is flying.
/home/whx/Dataset/semi-aves/trainval_images/13/50.jpg	a bird in flight.
/home/whx/Dataset/semi-aves/trainval_images/13/4.jpg	a bird in flight, wings spread.
/home/whx/Dataset/semi-aves/trainval_images/13/38.jpg	a bird perched on wire.
/home/whx/Dataset/semi-aves/trainval_images/13/39.jpg	a bird is perched inside a nest.
/home/whx/Dataset/semi-aves/trainval_images/14/19.jpg	a bird perched on branch.
/home/whx/Dataset/semi-aves/trainval_images/14/23.jpg	a bird in flight, wings spread.
/home/whx/Dataset/semi-aves/trainval_images/14/5.jpg	a bird perched.
/home/whx/Dataset/semi-aves/trainval_images/14/13.jpg	a bird soars.
/home/whx/Dataset/semi-aves/trainval_images/14/18.jpg	a bird soars with wings spread.
/home/whx/Dataset/semi-aves/trainval_images/14/8.jpg	a bird soars with wings spread.
/home/whx/Dataset/semi-aves/trainval_images/14/4.jpg	a bird perched on branch.
/home/whx/Dataset/semi-aves/trainval_images/14/0.jpg	a bird perched on branch.
/home/whx/Dataset/semi-aves/trainval_images/14/17.jpg	a bird perched.
/home/whx/Dataset/semi-aves/trainval_images/14/1.jpg	a bird perched on branch.
/home/whx/Dataset/semi-aves/trainval_images/14/27.jpg	a bird soars.
/home/whx/Dataset/semi-aves/trainval_images/14/6.jpg	a bird perched on branch.
/home/whx/Dataset/semi-aves/trainval_images/14/21.jpg	a bird perched on a pole.
/home/whx/Dataset/semi-aves/trainval_images/14/14.jpg	a bird soars.
/home/whx/Dataset/semi-aves/trainval_images/14/29.jpg	a bird perched in a crevice.
/home/whx/Dataset/semi-aves/trainval_images/14/16.jpg	a bird soars with wings spread.
/home/whx/Dataset/semi-aves/trainval_images/15/2.jpg	a bird stands on rocks.
/home/whx/Dataset/semi-aves/trainval_images/15/24.jpg	a bird stands alert, perched on ground.
/home/whx/Dataset/semi-aves/trainval_images/15/12.jpg	a bird perched on a rock.
/home/whx/Dataset/semi-aves/trainval_images/15/22.jpg	a bird perched on netting.
/home/whx/Dataset/semi-aves/trainval_images/15/6.jpg	a bird perched on a wire.
/home/whx/Dataset/semi-aves/trainval_images/15/31.jpg	a bird perched on ground.
/home/whx/Dataset/semi-aves/trainval_images/15/18.jpg	a bird perched, facing right.
/home/whx/Dataset/semi-aves/trainval_images/15/21.jpg	a bird perched on a rock.
/home/whx/Dataset/semi-aves/trainval_images/15/13.jpg	a bird stands upright.
/home/whx/Dataset/semi-aves/trainval_images/15/29.jpg	a bird perched on wire.
/home/whx/Dataset/semi-aves/trainval_images/15/30.jpg	a bird perched.
/home/whx/Dataset/semi-aves/trainval_images/15/15.jpg	a bird perched on a rock.
/home/whx/Dataset/semi-aves/trainval_images/15/3.jpg	a bird perched on a twig.
/home/whx/Dataset/semi-aves/trainval_images/15/28.jpg	a bird perched on dry grass.
/home/whx/Dataset/semi-aves/trainval_images/15/33.jpg	a bird stands on one leg.
/home/whx/Dataset/semi-aves/trainval_images/15/9.jpg	a bird perched on rock.
/home/whx/Dataset/semi-aves/trainval_images/16/32.jpg	a bird stands on sandy ground.
/home/whx/Dataset/semi-aves/trainval_images/16/31.jpg	a bird stands on beach, head down, legs spread.
/home/whx/Dataset/semi-aves/trainval_images/16/1.jpg	a bird stands on sandy ground.
/home/whx/Dataset/semi-aves/trainval_images/16/20.jpg	a bird stands upright.
/home/whx/Dataset/semi-aves/trainval_images/16/25.jpg	a bird is foraging.
/home/whx/Dataset/semi-aves/trainval_images/16/18.jpg	a bird wading in water.
/home/whx/Dataset/semi-aves/trainval_images/16/0.jpg	a bird stands in water, head slightly lowered.
/home/whx/Dataset/semi-aves/trainval_images/16/5.jpg	a bird stands in shallow water, head lowered.
/home/whx/Dataset/semi-aves/trainval_images/16/6.jpg	a bird is standing in shallow water, head lowered.
/home/whx/Dataset/semi-aves/trainval_images/16/27.jpg	a bird stands in mud, head lowered.
/home/whx/Dataset/semi-aves/trainval_images/16/10.jpg	a bird stands on one leg.
/home/whx/Dataset/semi-aves/trainval_images/16/36.jpg	a bird stands on sand.
/home/whx/Dataset/semi-aves/trainval_images/16/35.jpg	a bird in flight.
/home/whx/Dataset/semi-aves/trainval_images/16/4.jpg	a bird walking in shallow water.
/home/whx/Dataset/semi-aves/trainval_images/16/26.jpg	a bird is standing on sand, head lowered.
/home/whx/Dataset/semi-aves/trainval_images/16/13.jpg	a bird stands on one leg, beak in water.
/home/whx/Dataset/semi-aves/trainval_images/17/13.jpg	a bird in flight, wings spread.
/home/whx/Dataset/semi-aves/trainval_images/17/17.jpg	a bird in flight, wings spread.
/home/whx/Dataset/semi-aves/trainval_images/17/6.jpg	a bird stands in water, head lowered.
/home/whx/Dataset/semi-aves/trainval_images/17/24.jpg	a bird stands on seaweed.
/home/whx/Dataset/semi-aves/trainval_images/17/22.jpg	a bird stands in shallow water.
/home/whx/Dataset/semi-aves/trainval_images/17/29.jpg	a bird stands in water, head down, beak touching surface.
/home/whx/Dataset/semi-aves/trainval_images/17/28.jpg	a bird stands on one leg.
/home/whx/Dataset/semi-aves/trainval_images/17/26.jpg	a bird is resting on a concrete structure.
/home/whx/Dataset/semi-aves/trainval_images/17/21.jpg	a bird stands with head lowered, beak open.
/home/whx/Dataset/semi-aves/trainval_images/17/34.jpg	a bird stands upright.
/home/whx/Dataset/semi-aves/trainval_images/17/15.jpg	a bird stands in water, probing with beak.
/home/whx/Dataset/semi-aves/trainval_images/17/32.jpg	a bird stands in water, head lowered.
/home/whx/Dataset/semi-aves/trainval_images/17/30.jpg	a bird stands in shallow water, head lowered.
/home/whx/Dataset/semi-aves/trainval_images/17/7.jpg	a bird stands on a rock.
/home/whx/Dataset/semi-aves/trainval_images/17/2.jpg	a bird is foraging.
/home/whx/Dataset/semi-aves/trainval_images/17/1.jpg	a bird stands in water, head lowered.
/home/whx/Dataset/semi-aves/trainval_images/18/5.jpg	a bird perched.
/home/whx/Dataset/semi-aves/trainval_images/18/8.jpg	a bird perched on branch.
/home/whx/Dataset/semi-aves/trainval_images/18/10.jpg	a bird perched on a branch.
/home/whx/Dataset/semi-aves/trainval_images/18/38.jpg	a bird perched on a branch.
/home/whx/Dataset/semi-aves/trainval_images/18/34.jpg	a bird perched on a wire.
/home/whx/Dataset/semi-aves/trainval_images/18/13.jpg	a bird is standing.
/home/whx/Dataset/semi-aves/trainval_images/18/17.jpg	a bird stands on ground, head slightly lowered.
/home/whx/Dataset/semi-aves/trainval_images/18/21.jpg	a bird walking on the ground.
/home/whx/Dataset/semi-aves/trainval_images/18/32.jpg	a bird perched on a branch.
/home/whx/Dataset/semi-aves/trainval_images/18/16.jpg	a bird stands perched.
/home/whx/Dataset/semi-aves/trainval_images/18/11.jpg	a bird perched on a railing.
/home/whx/Dataset/semi-aves/trainval_images/18/37.jpg	a bird perched, feeding.
/home/whx/Dataset/semi-aves/trainval_images/18/29.jpg	a bird perched on a wire.
/home/whx/Dataset/semi-aves/trainval_images/18/3.jpg	a bird perched on a branch.
/home/whx/Dataset/semi-aves/trainval_images/18/9.jpg	a bird perched on a branch.
/home/whx/Dataset/semi-aves/trainval_images/18/7.jpg	a bird perched on branch.
/home/whx/Dataset/semi-aves/trainval_images/19/27.jpg	a bird stands in shallow water, beak pointed downward.
/home/whx/Dataset/semi-aves/trainval_images/19/19.jpg	a bird stands with legs apart, beak pointed down.
/home/whx/Dataset/semi-aves/trainval_images/19/24.jpg	a bird stands in water, one leg raised.
/home/whx/Dataset/semi-aves/trainval_images/19/22.jpg	a bird is standing on the grass.
/home/whx/Dataset/semi-aves/trainval_images/19/15.jpg	a bird stands in water, head down.
/home/whx/Dataset/semi-aves/trainval_images/19/4.jpg	a bird stands in shallow water, beak pointed downward.
/home/whx/Dataset/semi-aves/trainval_images/19/18.jpg	a bird stands in water, head down.
/home/whx/Dataset/semi-aves/trainval_images/19/17.jpg	a bird stands in shallow water.
/home/whx/Dataset/semi-aves/trainval_images/19/3.jpg	a bird stands in water, legs spread, beak pointed down.
/home/whx/Dataset/semi-aves/trainval_images/19/10.jpg	a bird stands in shallow water, beak pointed downward.
/home/whx/Dataset/semi-aves/trainval_images/19/1.jpg	a bird stands with head down, probing mud.
/home/whx/Dataset/semi-aves/trainval_images/19/13.jpg	a bird stands on one leg.
/home/whx/Dataset/semi-aves/trainval_images/19/2.jpg	a bird spreads its wings.
/home/whx/Dataset/semi-aves/trainval_images/19/12.jpg	a bird stands in shallow water, head lowered.
/home/whx/Dataset/semi-aves/trainval_images/19/25.jpg	a bird wading in shallow water.
/home/whx/Dataset/semi-aves/trainval_images/19/16.jpg	a bird stands in shallow water, head slightly lowered.
/home/whx/Dataset/semi-aves/trainval_images/20/21.jpg	a bird stands on ground, head tilted back.
/home/whx/Dataset/semi-aves/trainval_images/20/7.jpg	a bird perched, wings slightly spread.
/home/whx/Dataset/semi-aves/trainval_images/20/24.jpg	a bird perched on a branch.
/home/whx/Dataset/semi-aves/trainval_images/20/4.jpg	a bird perched on branch.
/home/whx/Dataset/semi-aves/trainval_images/20/14.jpg	a bird perched, head tilted.
/home/whx/Dataset/semi-aves/trainval_images/20/18.jpg	a bird perched on branch.
/home/whx/Dataset/semi-aves/trainval_images/20/2.jpg	a bird perched on branch.
/home/whx/Dataset/semi-aves/trainval_images/20/8.jpg	a bird perched on a branch.
/home/whx/Dataset/semi-aves/trainval_images/20/11.jpg	a bird perched on a bench.
/home/whx/Dataset/semi-aves/trainval_images/20/9.jpg	a bird perched on branch.
/home/whx/Dataset/semi-aves/trainval_images/20/30.jpg	a bird perched
/home/whx/Dataset/semi-aves/trainval_images/20/17.jpg	a bird perched on a branch.
/home/whx/Dataset/semi-aves/trainval_images/20/3.jpg	a bird perched on a bench.
/home/whx/Dataset/semi-aves/trainval_images/20/31.jpg	a bird perched on branch.
/home/whx/Dataset/semi-aves/trainval_images/20/28.jpg	a bird is lying on the ground.
/home/whx/Dataset/semi-aves/trainval_images/20/23.jpg	a bird perched on a branch.
/home/whx/Dataset/semi-aves/trainval_images/21/2.jpg	a bird perched on a pole.
/home/whx/Dataset/semi-aves/trainval_images/21/26.jpg	a bird stands still.
/home/whx/Dataset/semi-aves/trainval_images/21/9.jpg	a bird soars.
/home/whx/Dataset/semi-aves/trainval_images/21/0.jpg	a bird perched on wire.
/home/whx/Dataset/semi-aves/trainval_images/21/19.jpg	a bird is standing on the ground.
/home/whx/Dataset/semi-aves/trainval_images/21/21.jpg	a bird is not visible.
/home/whx/Dataset/semi-aves/trainval_images/21/28.jpg	a bird perched.
/home/whx/Dataset/semi-aves/trainval_images/21/31.jpg	a bird in flight, wings spread.
/home/whx/Dataset/semi-aves/trainval_images/21/13.jpg	a bird stands still.
/home/whx/Dataset/semi-aves/trainval_images/21/3.jpg	a bird is standing on the ground.
/home/whx/Dataset/semi-aves/trainval_images/21/1.jpg	a bird is standing on the ground.
/home/whx/Dataset/semi-aves/trainval_images/21/6.jpg	a bird perched.
/home/whx/Dataset/semi-aves/trainval_images/21/7.jpg	a bird is flying.
/home/whx/Dataset/semi-aves/trainval_images/21/18.jpg	a bird perched.
/home/whx/Dataset/semi-aves/trainval_images/21/23.jpg	a bird stands upright.
/home/whx/Dataset/semi-aves/trainval_images/21/5.jpg	a bird is pecking at the ground.
/home/whx/Dataset/semi-aves/trainval_images/22/7.jpg	a bird wading in water.
/home/whx/Dataset/semi-aves/trainval_images/22/28.jpg	a bird stands in water, head down.
/home/whx/Dataset/semi-aves/trainval_images/22/10.jpg	a bird is swimming.
/home/whx/Dataset/semi-aves/trainval_images/22/15.jpg	a bird in flight, wings spread.
/home/whx/Dataset/semi-aves/trainval_images/22/35.jpg	a bird is swimming.
/home/whx/Dataset/semi-aves/trainval_images/22/6.jpg	a bird stands with head lowered, pecking at water.
/home/whx/Dataset/semi-aves/trainval_images/22/27.jpg	a bird is standing on a log.
/home/whx/Dataset/semi-aves/trainval_images/22/29.jpg	a bird wading in water.
/home/whx/Dataset/semi-aves/trainval_images/22/12.jpg	a bird swimming.
/home/whx/Dataset/semi-aves/trainval_images/22/25.jpg	a bird wading in water.
/home/whx/Dataset/semi-aves/trainval_images/22/17.jpg	a bird stands in water, head slightly tilted.
/home/whx/Dataset/semi-aves/trainval_images/22/26.jpg	a bird swimming.
/home/whx/Dataset/semi-aves/trainval_images/22/9.jpg	a bird is foraging.
/home/whx/Dataset/semi-aves/trainval_images/22/31.jpg	a bird stands on one leg.
/home/whx/Dataset/semi-aves/trainval_images/22/8.jpg	a bird is standing in water, ripples around it.
/home/whx/Dataset/semi-aves/trainval_images/22/22.jpg	a bird swimming.
/home/whx/Dataset/semi-aves/trainval_images/23/30.jpg	a bird stands on sand, head slightly tilted.
/home/whx/Dataset/semi-aves/trainval_images/23/20.jpg	a bird stands on one leg.
/home/whx/Dataset/semi-aves/trainval_images/23/6.jpg	a bird stands with beak open, another bird stands nearby.
/home/whx/Dataset/semi-aves/trainval_images/23/13.jpg	a bird in flight, wings spread.
/home/whx/Dataset/semi-aves/trainval_images/23/41.jpg	a bird soars with wings spread.
/home/whx/Dataset/semi-aves/trainval_images/23/51.jpg	a bird stands with wings slightly spread, head tilted.
/home/whx/Dataset/semi-aves/trainval_images/23/2.jpg	a bird stands on sand.
/home/whx/Dataset/semi-aves/trainval_images/23/1.jpg	a bird in flight, wings spread.
/home/whx/Dataset/semi-aves/trainval_images/23/0.jpg	a bird perched, head slightly tilted.
/home/whx/Dataset/semi-aves/trainval_images/23/18.jpg	a bird stands perched.
/home/whx/Dataset/semi-aves/trainval_images/23/38.jpg	a bird stands still.
/home/whx/Dataset/semi-aves/trainval_images/23/47.jpg	a bird stands with wings slightly raised.
/home/whx/Dataset/semi-aves/trainval_images/23/28.jpg	a bird soars.
/home/whx/Dataset/semi-aves/trainval_images/23/25.jpg	a bird stands on one leg.
/home/whx/Dataset/semi-aves/trainval_images/23/48.jpg	a bird stands on beach, head slightly tilted.
/home/whx/Dataset/semi-aves/trainval_images/23/39.jpg	a bird perched on a post.
/home/whx/Dataset/semi-aves/trainval_images/24/4.jpg	a bird floats calmly.
/home/whx/Dataset/semi-aves/trainval_images/24/38.jpg	a bird stands on seaweed.
/home/whx/Dataset/semi-aves/trainval_images/24/20.jpg	a bird in flight, wings spread.
/home/whx/Dataset/semi-aves/trainval_images/24/29.jpg	a bird stands with head turned.
/home/whx/Dataset/semi-aves/trainval_images/24/7.jpg	a bird stands in shallow water.
/home/whx/Dataset/semi-aves/trainval_images/24/16.jpg	a bird stands on a rock.
/home/whx/Dataset/semi-aves/trainval_images/24/13.jpg	a bird floats calmly on water.
/home/whx/Dataset/semi-aves/trainval_images/24/30.jpg	a bird stands on a rock.
/home/whx/Dataset/semi-aves/trainval_images/24/21.jpg	a bird stands on a sandbar.
/home/whx/Dataset/semi-aves/trainval_images/24/11.jpg	a bird stands on grass.
/home/whx/Dataset/semi-aves/trainval_images/24/8.jpg	a bird is swimming.
/home/whx/Dataset/semi-aves/trainval_images/24/5.jpg	a bird soars with wings spread.
/home/whx/Dataset/semi-aves/trainval_images/24/17.jpg	a bird soars with wings spread.
/home/whx/Dataset/semi-aves/trainval_images/24/6.jpg	a bird stands on grass.
/home/whx/Dataset/semi-aves/trainval_images/24/9.jpg	a bird standing on water.
/home/whx/Dataset/semi-aves/trainval_images/24/25.jpg	a bird lying in a nest.
/home/whx/Dataset/semi-aves/trainval_images/25/15.jpg	a bird stands in shallow water.
/home/whx/Dataset/semi-aves/trainval_images/25/23.jpg	a bird perched on a rock.
/home/whx/Dataset/semi-aves/trainval_images/25/5.jpg	a bird perched on a rock.
/home/whx/Dataset/semi-aves/trainval_images/25/17.jpg	a bird perched on rocks.
/home/whx/Dataset/semi-aves/trainval_images/25/33.jpg	a bird perched on a branch.
/home/whx/Dataset/semi-aves/trainval_images/25/24.jpg	a bird perched on rocks.
/home/whx/Dataset/semi-aves/trainval_images/25/14.jpg	a bird stands on grass, head slightly lowered.
/home/whx/Dataset/semi-aves/trainval_images/25/2.jpg	a bird stands upright.
/home/whx/Dataset/semi-aves/trainval_images/25/20.jpg	a bird perched on edge.
/home/whx/Dataset/semi-aves/trainval_images/25/18.jpg	a bird stands on rock, tail fanned out.
/home/whx/Dataset/semi-aves/trainval_images/25/27.jpg	a bird stands on muddy ground.
/home/whx/Dataset/semi-aves/trainval_images/25/10.jpg	a bird stands on ground, head slightly tilted.
/home/whx/Dataset/semi-aves/trainval_images/25/7.jpg	a bird perched on rocks.
/home/whx/Dataset/semi-aves/trainval_images/25/12.jpg	a bird perched on a rock.
/home/whx/Dataset/semi-aves/trainval_images/25/9.jpg	a bird stands on rocks.
/home/whx/Dataset/semi-aves/trainval_images/25/1.jpg	a bird perched on a wire.
/home/whx/Dataset/semi-aves/trainval_images/26/20.jpg	a bird floats calmly on water.
/home/whx/Dataset/semi-aves/trainval_images/26/11.jpg	a bird lies on the sand.
/home/whx/Dataset/semi-aves/trainval_images/26/45.jpg	a bird is floating on water.
/home/whx/Dataset/semi-aves/trainval_images/26/37.jpg	a bird swimming, head down.
/home/whx/Dataset/semi-aves/trainval_images/26/19.jpg	a bird swimming.
/home/whx/Dataset/semi-aves/trainval_images/26/15.jpg	a bird is swimming.
/home/whx/Dataset/semi-aves/trainval_images/26/21.jpg	a bird swimming.
/home/whx/Dataset/semi-aves/trainval_images/26/6.jpg	a bird swimming.
/home/whx/Dataset/semi-aves/trainval_images/26/34.jpg	a bird swimming, head turned.
/home/whx/Dataset/semi-aves/trainval_images/26/5.jpg	a bird swimming, head slightly raised.
/home/whx/Dataset/semi-aves/trainval_images/26/40.jpg	a bird floats calmly on water.
/home/whx/Dataset/semi-aves/trainval_images/26/14.jpg	a bird swimming, head turned.
/home/whx/Dataset/semi-aves/trainval_images/26/1.jpg	a bird swimming calmly.
/home/whx/Dataset/semi-aves/trainval_images/26/35.jpg	a bird swimming, head slightly tilted.
/home/whx/Dataset/semi-aves/trainval_images/26/25.jpg	a bird swimming.
/home/whx/Dataset/semi-aves/trainval_images/26/2.jpg	a bird swimming.
/home/whx/Dataset/semi-aves/trainval_images/27/17.jpg	a bird in flight, wings spread.
/home/whx/Dataset/semi-aves/trainval_images/27/35.jpg	a bird is floating on water.
/home/whx/Dataset/semi-aves/trainval_images/27/4.jpg	a bird in flight, wings spread.
/home/whx/Dataset/semi-aves/trainval_images/27/41.jpg	a bird in flight, wings spread.
/home/whx/Dataset/semi-aves/trainval_images/27/1.jpg	a bird stands on railing.
/home/whx/Dataset/semi-aves/trainval_images/27/0.jpg	a bird stands on one leg.
/home/whx/Dataset/semi-aves/trainval_images/27/18.jpg	a bird is floating on water.
/home/whx/Dataset/semi-aves/trainval_images/27/22.jpg	a bird stands still.
/home/whx/Dataset/semi-aves/trainval_images/27/31.jpg	a bird is preening.
/home/whx/Dataset/semi-aves/trainval_images/27/30.jpg	a bird in flight, wings spread.
/home/whx/Dataset/semi-aves/trainval_images/27/9.jpg	a bird in flight, landing.
/home/whx/Dataset/semi-aves/trainval_images/27/6.jpg	a bird in flight, wings spread.
/home/whx/Dataset/semi-aves/trainval_images/27/20.jpg	a bird lies on its back in shallow water.
/home/whx/Dataset/semi-aves/trainval_images/27/2.jpg	a bird stands on one leg.
/home/whx/Dataset/semi-aves/trainval_images/27/16.jpg	a bird soars with wings spread.
/home/whx/Dataset/semi-aves/trainval_images/27/21.jpg	a bird soars with wings spread.
/home/whx/Dataset/semi-aves/trainval_images/28/11.jpg	a bird perched on branch.
/home/whx/Dataset/semi-aves/trainval_images/28/37.jpg	a bird perched on branch.
/home/whx/Dataset/semi-aves/trainval_images/28/9.jpg	a bird perched on tree trunk.
/home/whx/Dataset/semi-aves/trainval_images/28/35.jpg	a bird perched on tree trunk.
/home/whx/Dataset/semi-aves/trainval_images/28/20.jpg	a bird perched on tree trunk.
/home/whx/Dataset/semi-aves/trainval_images/28/19.jpg	a bird perched.
/home/whx/Dataset/semi-aves/trainval_images/28/6.jpg	a bird perched on a branch.
/home/whx/Dataset/semi-aves/trainval_images/28/22.jpg	a bird perched on a branch.
/home/whx/Dataset/semi-aves/trainval_images/28/16.jpg	a bird perched on branch.
/home/whx/Dataset/semi-aves/trainval_images/28/26.jpg	a bird perched vertically on tree trunk.
/home/whx/Dataset/semi-aves/trainval_images/28/32.jpg	a bird perched on a branch.
/home/whx/Dataset/semi-aves/trainval_images/28/34.jpg	a bird perched on a branch.
/home/whx/Dataset/semi-aves/trainval_images/28/4.jpg	a bird perched on branch.
/home/whx/Dataset/semi-aves/trainval_images/28/31.jpg	a bird perched on tree trunk.
/home/whx/Dataset/semi-aves/trainval_images/28/25.jpg	a bird perched on a tree branch.
/home/whx/Dataset/semi-aves/trainval_images/28/17.jpg	a bird perched on branch.
/home/whx/Dataset/semi-aves/trainval_images/29/29.jpg	a bird in flight, landing on a cliff.
/home/whx/Dataset/semi-aves/trainval_images/29/23.jpg	a bird in flight, wings spread.
/home/whx/Dataset/semi-aves/trainval_images/29/1.jpg	a bird swimming.
/home/whx/Dataset/semi-aves/trainval_images/29/24.jpg	a bird in flight, wings spread.
/home/whx/Dataset/semi-aves/trainval_images/29/10.jpg	a bird perched on nest.
/home/whx/Dataset/semi-aves/trainval_images/29/19.jpg	a bird floats on the water.
/home/whx/Dataset/semi-aves/trainval_images/29/21.jpg	a bird perched on rock.
/home/whx/Dataset/semi-aves/trainval_images/29/17.jpg	a bird in flight, wings spread, beak open.
/home/whx/Dataset/semi-aves/trainval_images/29/22.jpg	a bird perched.
/home/whx/Dataset/semi-aves/trainval_images/29/6.jpg	a bird perched on a rock.
/home/whx/Dataset/semi-aves/trainval_images/29/5.jpg	a bird in flight, wings spread.
/home/whx/Dataset/semi-aves/trainval_images/29/9.jpg	a bird perched on a rock.
/home/whx/Dataset/semi-aves/trainval_images/29/13.jpg	a bird perched on a rock.
/home/whx/Dataset/semi-aves/trainval_images/29/30.jpg	a bird soars with wings spread.
/home/whx/Dataset/semi-aves/trainval_images/29/20.jpg	a bird in flight, wings spread.
/home/whx/Dataset/semi-aves/trainval_images/29/28.jpg	a bird soars with wings spread.
/home/whx/Dataset/semi-aves/trainval_images/30/42.jpg	a bird is standing on the ground.
/home/whx/Dataset/semi-aves/trainval_images/30/15.jpg	a bird stands upright.
/home/whx/Dataset/semi-aves/trainval_images/30/16.jpg	a bird stands on grass.
/home/whx/Dataset/semi-aves/trainval_images/30/4.jpg	a bird perched.
/home/whx/Dataset/semi-aves/trainval_images/30/28.jpg	a bird perched on branch.
/home/whx/Dataset/semi-aves/trainval_images/30/27.jpg	a bird perched on a branch.
/home/whx/Dataset/semi-aves/trainval_images/30/35.jpg	a bird perched, head lowered.
/home/whx/Dataset/semi-aves/trainval_images/30/41.jpg	a bird perched on a branch.
/home/whx/Dataset/semi-aves/trainval_images/30/34.jpg	a bird stands on the ground.
/home/whx/Dataset/semi-aves/trainval_images/30/39.jpg	a bird perched on a branch.
/home/whx/Dataset/semi-aves/trainval_images/30/29.jpg	a bird stands on grass, head raised.
/home/whx/Dataset/semi-aves/trainval_images/30/0.jpg	a bird in flight, wings spread.
/home/whx/Dataset/semi-aves/trainval_images/30/25.jpg	a bird perched on a branch.
/home/whx/Dataset/semi-aves/trainval_images/30/26.jpg	a bird perched on branch.
/home/whx/Dataset/semi-aves/trainval_images/30/10.jpg	a bird perched, head turned.
/home/whx/Dataset/semi-aves/trainval_images/30/5.jpg	a bird in flight, wings spread.
/home/whx/Dataset/semi-aves/trainval_images/31/16.jpg	a bird perched among leaves.
/home/whx/Dataset/semi-aves/trainval_images/31/15.jpg	a bird perched on branch.
/home/whx/Dataset/semi-aves/trainval_images/31/0.jpg	a bird perched, head tilted.
/home/whx/Dataset/semi-aves/trainval_images/31/25.jpg	a bird perched on a branch.
/home/whx/Dataset/semi-aves/trainval_images/31/20.jpg	a bird perched on branch, head tilted.
/home/whx/Dataset/semi-aves/trainval_images/31/13.jpg	a bird perched on a branch.
/home/whx/Dataset/semi-aves/trainval_images/31/18.jpg	a bird perched on a plant.
/home/whx/Dataset/semi-aves/trainval_images/31/29.jpg	a bird perched on a leaf.
/home/whx/Dataset/semi-aves/trainval_images/31/1.jpg	a bird perched on a branch.
/home/whx/Dataset/semi-aves/trainval_images/31/22.jpg	a bird perched on railing.
/home/whx/Dataset/semi-aves/trainval_images/31/11.jpg	a bird perched.
/home/whx/Dataset/semi-aves/trainval_images/31/28.jpg	a bird soars.
/home/whx/Dataset/semi-aves/trainval_images/31/4.jpg	a bird perched on a branch.
/home/whx/Dataset/semi-aves/trainval_images/31/27.jpg	a bird perched on banana tree branch.
/home/whx/Dataset/semi-aves/trainval_images/31/19.jpg	a bird perched on a plant.
/home/whx/Dataset/semi-aves/trainval_images/31/17.jpg	a bird perched on a branch.
/home/whx/Dataset/semi-aves/trainval_images/32/16.jpg	a bird stands on one leg.
/home/whx/Dataset/semi-aves/trainval_images/32/17.jpg	a bird stands on one leg.
/home/whx/Dataset/semi-aves/trainval_images/32/25.jpg	a bird perched, head turned.
/home/whx/Dataset/semi-aves/trainval_images/32/36.jpg	a bird swimming.
/home/whx/Dataset/semi-aves/trainval_images/32/37.jpg	a bird swimming
/home/whx/Dataset/semi-aves/trainval_images/32/11.jpg	a bird stands on grass.
/home/whx/Dataset/semi-aves/trainval_images/32/5.jpg	a bird stands on a concrete ledge.
/home/whx/Dataset/semi-aves/trainval_images/32/14.jpg	a bird stands on ice.
/home/whx/Dataset/semi-aves/trainval_images/32/31.jpg	a bird stands on one leg.
/home/whx/Dataset/semi-aves/trainval_images/32/0.jpg	a bird lying down.
/home/whx/Dataset/semi-aves/trainval_images/32/33.jpg	a bird stands with head slightly tilted.
/home/whx/Dataset/semi-aves/trainval_images/32/39.jpg	a bird stands upright.
/home/whx/Dataset/semi-aves/trainval_images/32/10.jpg	a bird swimming
/home/whx/Dataset/semi-aves/trainval_images/32/28.jpg	a bird stands in water, head slightly raised.
/home/whx/Dataset/semi-aves/trainval_images/32/20.jpg	a bird stands with chicks, legs spread, facing forward.
/home/whx/Dataset/semi-aves/trainval_images/32/32.jpg	a bird swimming.
/home/whx/Dataset/semi-aves/trainval_images/33/43.jpg	a bird perched among plants.
/home/whx/Dataset/semi-aves/trainval_images/33/40.jpg	a bird perched on wire.
/home/whx/Dataset/semi-aves/trainval_images/33/14.jpg	a bird perched on branch.
/home/whx/Dataset/semi-aves/trainval_images/33/15.jpg	a bird perched on reeds.
/home/whx/Dataset/semi-aves/trainval_images/33/20.jpg	a bird perched on a branch.
/home/whx/Dataset/semi-aves/trainval_images/33/31.jpg	a bird perched on a branch.
/home/whx/Dataset/semi-aves/trainval_images/33/30.jpg	a bird perched, head turned.
/home/whx/Dataset/semi-aves/trainval_images/33/41.jpg	a bird standing on grass
/home/whx/Dataset/semi-aves/trainval_images/33/26.jpg	a bird perched on grass.
/home/whx/Dataset/semi-aves/trainval_images/33/21.jpg	a bird perched on branch.
/home/whx/Dataset/semi-aves/trainval_images/33/17.jpg	a bird perched on a leaf.
/home/whx/Dataset/semi-aves/trainval_images/33/36.jpg	a bird stands on grass.
/home/whx/Dataset/semi-aves/trainval_images/33/3.jpg	a bird perched on feeder.
/home/whx/Dataset/semi-aves/trainval_images/33/29.jpg	a bird perched on fence.
/home/whx/Dataset/semi-aves/trainval_images/33/2.jpg	a bird perched on nest.
/home/whx/Dataset/semi-aves/trainval_images/33/24.jpg	a bird perched on a ledge.
/home/whx/Dataset/semi-aves/trainval_images/34/32.jpg	a bird stands on grass, head slightly tilted.
/home/whx/Dataset/semi-aves/trainval_images/34/23.jpg	a bird swimming
/home/whx/Dataset/semi-aves/trainval_images/34/10.jpg	a bird swimming.
/home/whx/Dataset/semi-aves/trainval_images/34/37.jpg	a bird stands upright.
/home/whx/Dataset/semi-aves/trainval_images/34/13.jpg	a bird stands on the ground, head lowered.
/home/whx/Dataset/semi-aves/trainval_images/34/19.jpg	a bird is sitting.
/home/whx/Dataset/semi-aves/trainval_images/34/34.jpg	a bird swimming.
/home/whx/Dataset/semi-aves/trainval_images/34/22.jpg	a bird swimming
/home/whx/Dataset/semi-aves/trainval_images/34/9.jpg	a bird stands on one leg.
/home/whx/Dataset/semi-aves/trainval_images/34/27.jpg	a bird is swimming.
/home/whx/Dataset/semi-aves/trainval_images/34/17.jpg	a bird is swimming.
/home/whx/Dataset/semi-aves/trainval_images/34/11.jpg	a bird swimming.
/home/whx/Dataset/semi-aves/trainval_images/34/5.jpg	a bird stands on rocks.
/home/whx/Dataset/semi-aves/trainval_images/34/30.jpg	a bird is swimming.
/home/whx/Dataset/semi-aves/trainval_images/34/24.jpg	a bird stands on one leg.
/home/whx/Dataset/semi-aves/trainval_images/34/14.jpg	a bird is swimming.
/home/whx/Dataset/semi-aves/trainval_images/35/5.jpg	a bird swimming.
/home/whx/Dataset/semi-aves/trainval_images/35/7.jpg	a bird swimming, head slightly tilted.
/home/whx/Dataset/semi-aves/trainval_images/35/32.jpg	a bird is swimming.
/home/whx/Dataset/semi-aves/trainval_images/35/24.jpg	a bird is swimming.
/home/whx/Dataset/semi-aves/trainval_images/35/11.jpg	a bird swimming
/home/whx/Dataset/semi-aves/trainval_images/35/9.jpg	a bird swimming.
/home/whx/Dataset/semi-aves/trainval_images/35/8.jpg	a bird is swimming.
/home/whx/Dataset/semi-aves/trainval_images/35/13.jpg	a bird swimming
/home/whx/Dataset/semi-aves/trainval_images/35/6.jpg	a bird swimming.
/home/whx/Dataset/semi-aves/trainval_images/35/18.jpg	a bird swimming.
/home/whx/Dataset/semi-aves/trainval_images/35/23.jpg	a bird swimming
/home/whx/Dataset/semi-aves/trainval_images/35/33.jpg	a bird swimming.
/home/whx/Dataset/semi-aves/trainval_images/35/1.jpg	a bird is floating on water.
/home/whx/Dataset/semi-aves/trainval_images/35/15.jpg	a bird swimming
/home/whx/Dataset/semi-aves/trainval_images/35/21.jpg	a bird swimming
/home/whx/Dataset/semi-aves/trainval_images/35/12.jpg	a bird swimming.
/home/whx/Dataset/semi-aves/trainval_images/36/22.jpg	a bird perched on a wire.
/home/whx/Dataset/semi-aves/trainval_images/36/24.jpg	a bird perched on a wire.
/home/whx/Dataset/semi-aves/trainval_images/36/32.jpg	a bird perched on wire.
/home/whx/Dataset/semi-aves/trainval_images/36/10.jpg	a bird perched on a branch.
/home/whx/Dataset/semi-aves/trainval_images/36/2.jpg	a bird perched on wire, tail extended.
/home/whx/Dataset/semi-aves/trainval_images/36/5.jpg	a bird perched, wings slightly spread.
/home/whx/Dataset/semi-aves/trainval_images/36/25.jpg	a bird perched on a branch.
/home/whx/Dataset/semi-aves/trainval_images/36/8.jpg	a bird perched, tail extended.
/home/whx/Dataset/semi-aves/trainval_images/36/20.jpg	a bird perched on wire.
/home/whx/Dataset/semi-aves/trainval_images/36/3.jpg	a bird perched, facing left.
/home/whx/Dataset/semi-aves/trainval_images/36/29.jpg	a bird perched on branch.
/home/whx/Dataset/semi-aves/trainval_images/36/23.jpg	a bird perched on a branch.
/home/whx/Dataset/semi-aves/trainval_images/36/34.jpg	a bird perched on a branch.
/home/whx/Dataset/semi-aves/trainval_images/36/4.jpg	a bird perched on wire, head down, tail extended.
/home/whx/Dataset/semi-aves/trainval_images/36/19.jpg	a bird perched on a branch.
/home/whx/Dataset/semi-aves/trainval_images/36/21.jpg	a bird perched on a branch.
/home/whx/Dataset/semi-aves/trainval_images/37/5.jpg	a bird stands in a field.
/home/whx/Dataset/semi-aves/trainval_images/37/28.jpg	a bird stands on grass, head slightly turned.
/home/whx/Dataset/semi-aves/trainval_images/37/15.jpg	a bird is standing.
/home/whx/Dataset/semi-aves/trainval_images/37/24.jpg	a bird in flight.
/home/whx/Dataset/semi-aves/trainval_images/37/27.jpg	a bird stands upright.
/home/whx/Dataset/semi-aves/trainval_images/37/25.jpg	a bird stands in a group, facing left.
/home/whx/Dataset/semi-aves/trainval_images/37/10.jpg	a bird is standing on the ice.
/home/whx/Dataset/semi-aves/trainval_images/37/20.jpg	a bird in flight, wings spread.
/home/whx/Dataset/semi-aves/trainval_images/37/38.jpg	a bird in flight, wings spread.
/home/whx/Dataset/semi-aves/trainval_images/37/4.jpg	a bird swims calmly.
/home/whx/Dataset/semi-aves/trainval_images/37/19.jpg	a bird stands on one leg.
/home/whx/Dataset/semi-aves/trainval_images/37/37.jpg	a bird soars with wings spread.
/home/whx/Dataset/semi-aves/trainval_images/37/6.jpg	a bird stands on one leg.
/home/whx/Dataset/semi-aves/trainval_images/37/3.jpg	a bird in flight, wings spread.
/home/whx/Dataset/semi-aves/trainval_images/37/13.jpg	a bird floats calmly.
/home/whx/Dataset/semi-aves/trainval_images/37/29.jpg	a bird in flight, wings spread.
/home/whx/Dataset/semi-aves/trainval_images/38/26.jpg	a bird perched on a post.
/home/whx/Dataset/semi-aves/trainval_images/38/7.jpg	a bird perched, head turned.
/home/whx/Dataset/semi-aves/trainval_images/38/21.jpg	a bird soars with outstretched wings.
/home/whx/Dataset/semi-aves/trainval_images/38/9.jpg	a bird soars with wings spread wide.
/home/whx/Dataset/semi-aves/trainval_images/38/8.jpg	a bird perched on tree branch.
/home/whx/Dataset/semi-aves/trainval_images/38/31.jpg	a bird perched on a wire.
/home/whx/Dataset/semi-aves/trainval_images/38/12.jpg	a bird soars with wings spread wide.
/home/whx/Dataset/semi-aves/trainval_images/38/23.jpg	a bird stands alert.
/home/whx/Dataset/semi-aves/trainval_images/38/17.jpg	a bird stands alert in grass.
/home/whx/Dataset/semi-aves/trainval_images/38/0.jpg	a bird perched on a post.
/home/whx/Dataset/semi-aves/trainval_images/38/6.jpg	a bird stands on snowy ground.
/home/whx/Dataset/semi-aves/trainval_images/38/16.jpg	a bird soars.
/home/whx/Dataset/semi-aves/trainval_images/38/14.jpg	a bird perched on a wooden beam.
/home/whx/Dataset/semi-aves/trainval_images/38/18.jpg	a bird in flight, wings spread.
/home/whx/Dataset/semi-aves/trainval_images/38/25.jpg	a bird perched.
/home/whx/Dataset/semi-aves/trainval_images/38/19.jpg	a bird soars.
/home/whx/Dataset/semi-aves/trainval_images/39/20.jpg	a bird soars with wings spread wide.
/home/whx/Dataset/semi-aves/trainval_images/39/19.jpg	a bird perched on nest.
/home/whx/Dataset/semi-aves/trainval_images/39/7.jpg	a bird in flight, wings spread.
/home/whx/Dataset/semi-aves/trainval_images/39/8.jpg	a bird soars with wings spread wide.
/home/whx/Dataset/semi-aves/trainval_images/39/6.jpg	a bird perched on a pole.
/home/whx/Dataset/semi-aves/trainval_images/39/5.jpg	a bird stands upright.
/home/whx/Dataset/semi-aves/trainval_images/39/9.jpg	a bird soars with outstretched wings.
/home/whx/Dataset/semi-aves/trainval_images/39/4.jpg	a bird perched on a branch.
/home/whx/Dataset/semi-aves/trainval_images/39/17.jpg	a bird perched on a branch.
/home/whx/Dataset/semi-aves/trainval_images/39/22.jpg	a bird perched on branch.
/home/whx/Dataset/semi-aves/trainval_images/39/23.jpg	a bird soars with wings spread wide.
/home/whx/Dataset/semi-aves/trainval_images/39/26.jpg	a bird soars with outstretched wings.
/home/whx/Dataset/semi-aves/trainval_images/39/15.jpg	a bird soars with wings spread wide.
/home/whx/Dataset/semi-aves/trainval_images/39/12.jpg	a bird perched on branch.
/home/whx/Dataset/semi-aves/trainval_images/39/25.jpg	a bird soars with wings spread.
/home/whx/Dataset/semi-aves/trainval_images/39/10.jpg	a bird perched on a branch.
/home/whx/Dataset/semi-aves/trainval_images/40/28.jpg	a bird is in flight, wings spread.
/home/whx/Dataset/semi-aves/trainval_images/40/10.jpg	a bird soars.
/home/whx/Dataset/semi-aves/trainval_images/40/34.jpg	a bird soars with wings spread.
/home/whx/Dataset/semi-aves/trainval_images/40/22.jpg	a bird soars with outstretched wings.
/home/whx/Dataset/semi-aves/trainval_images/40/31.jpg	a bird soars with wings spread.
/home/whx/Dataset/semi-aves/trainval_images/40/26.jpg	a bird soars.
/home/whx/Dataset/semi-aves/trainval_images/40/7.jpg	a bird in flight, wings spread.
/home/whx/Dataset/semi-aves/trainval_images/40/13.jpg	a bird soars with wings spread.
/home/whx/Dataset/semi-aves/trainval_images/40/24.jpg	a bird soars.
/home/whx/Dataset/semi-aves/trainval_images/40/6.jpg	a bird soars over the ocean.
/home/whx/Dataset/semi-aves/trainval_images/40/9.jpg	a bird soars with wings spread.
/home/whx/Dataset/semi-aves/trainval_images/40/25.jpg	a bird is lying on the ground.
/home/whx/Dataset/semi-aves/trainval_images/40/3.jpg	a bird in flight, wings spread.
/home/whx/Dataset/semi-aves/trainval_images/40/39.jpg	a bird stands with head slightly tilted.
/home/whx/Dataset/semi-aves/trainval_images/40/0.jpg	a bird in flight, wings spread.
/home/whx/Dataset/semi-aves/trainval_images/40/27.jpg	a bird soars.
/home/whx/Dataset/semi-aves/trainval_images/41/36.jpg	a bird perched on branch, head down.
/home/whx/Dataset/semi-aves/trainval_images/41/0.jpg	a bird perched on tree trunk.
/home/whx/Dataset/semi-aves/trainval_images/41/34.jpg	a bird perched on a tree branch.
/home/whx/Dataset/semi-aves/trainval_images/41/18.jpg	a bird perched on a branch, head down.
/home/whx/Dataset/semi-aves/trainval_images/41/8.jpg	a bird perched on branch.
/home/whx/Dataset/semi-aves/trainval_images/41/4.jpg	a bird perched on branch.
/home/whx/Dataset/semi-aves/trainval_images/41/32.jpg	a bird perched vertically on tree trunk.
/home/whx/Dataset/semi-aves/trainval_images/41/23.jpg	a bird perched on tree trunk.
/home/whx/Dataset/semi-aves/trainval_images/41/19.jpg	a bird perched on tree trunk.
/home/whx/Dataset/semi-aves/trainval_images/41/27.jpg	a bird perched vertically on tree trunk.
/home/whx/Dataset/semi-aves/trainval_images/41/42.jpg	a bird perched vertically on tree trunk.
/home/whx/Dataset/semi-aves/trainval_images/41/22.jpg	a bird perched vertically on tree trunk.
/home/whx/Dataset/semi-aves/trainval_images/41/24.jpg	a bird perched vertically on tree trunk.
/home/whx/Dataset/semi-aves/trainval_images/41/16.jpg	a bird perched on a hand.
/home/whx/Dataset/semi-aves/trainval_images/41/10.jpg	a bird perched on tree trunk.
/home/whx/Dataset/semi-aves/trainval_images/41/41.jpg	a bird perched vertically on tree trunk.
/home/whx/Dataset/semi-aves/trainval_images/42/7.jpg	a bird perched on branch.
/home/whx/Dataset/semi-aves/trainval_images/42/14.jpg	a bird soars with outstretched wings.
/home/whx/Dataset/semi-aves/trainval_images/42/22.jpg	a bird perched on branch.
/home/whx/Dataset/semi-aves/trainval_images/42/30.jpg	a bird perched on a branch.
/home/whx/Dataset/semi-aves/trainval_images/42/11.jpg	a bird perched on a branch.
/home/whx/Dataset/semi-aves/trainval_images/42/9.jpg	a bird perched on a branch.
/home/whx/Dataset/semi-aves/trainval_images/42/17.jpg	a bird soars with outstretched wings.
/home/whx/Dataset/semi-aves/trainval_images/42/12.jpg	a bird perched.
/home/whx/Dataset/semi-aves/trainval_images/42/10.jpg	a bird perched on a branch.
/home/whx/Dataset/semi-aves/trainval_images/42/21.jpg	a bird in flight, wings spread.
/home/whx/Dataset/semi-aves/trainval_images/42/18.jpg	a bird perched, head turned.
/home/whx/Dataset/semi-aves/trainval_images/42/15.jpg	a bird perched among leaves.
/home/whx/Dataset/semi-aves/trainval_images/42/3.jpg	a bird stands alert on reeds.
/home/whx/Dataset/semi-aves/trainval_images/42/24.jpg	a bird perched, head slightly turned.
/home/whx/Dataset/semi-aves/trainval_images/42/29.jpg	a bird perched, head turned.
/home/whx/Dataset/semi-aves/trainval_images/42/6.jpg	a bird perched.
/home/whx/Dataset/semi-aves/trainval_images/43/35.jpg	a bird perched on a branch.
/home/whx/Dataset/semi-aves/trainval_images/43/0.jpg	a bird perched on a branch.
/home/whx/Dataset/semi-aves/trainval_images/43/17.jpg	a bird perched on branch.
/home/whx/Dataset/semi-aves/trainval_images/43/32.jpg	a bird perched on a stone.
/home/whx/Dataset/semi-aves/trainval_images/43/12.jpg	a bird stands on grass, head slightly tilted.
/home/whx/Dataset/semi-aves/trainval_images/43/29.jpg	a bird perched on a branch.
/home/whx/Dataset/semi-aves/trainval_images/43/33.jpg	a bird perched on a birdbath.
/home/whx/Dataset/semi-aves/trainval_images/43/26.jpg	a bird perched on a rock.
/home/whx/Dataset/semi-aves/trainval_images/43/19.jpg	a bird perched on a branch.
/home/whx/Dataset/semi-aves/trainval_images/43/22.jpg	a bird stands on ground, head slightly raised.
/home/whx/Dataset/semi-aves/trainval_images/43/5.jpg	a bird perched on tree trunk.
/home/whx/Dataset/semi-aves/trainval_images/43/14.jpg	a bird perched
/home/whx/Dataset/semi-aves/trainval_images/43/31.jpg	a bird perched on a branch.
/home/whx/Dataset/semi-aves/trainval_images/43/21.jpg	a bird perched on a branch.
/home/whx/Dataset/semi-aves/trainval_images/43/16.jpg	a bird stands on grass.
/home/whx/Dataset/semi-aves/trainval_images/43/6.jpg	a bird perched on a branch.
/home/whx/Dataset/semi-aves/trainval_images/44/23.jpg	a bird perched on branch.
/home/whx/Dataset/semi-aves/trainval_images/44/33.jpg	a bird perched on a branch.
/home/whx/Dataset/semi-aves/trainval_images/44/0.jpg	a bird perched on a branch.
/home/whx/Dataset/semi-aves/trainval_images/44/24.jpg	a bird perched on a branch.
/home/whx/Dataset/semi-aves/trainval_images/44/27.jpg	a bird perched on branch.
/home/whx/Dataset/semi-aves/trainval_images/44/25.jpg	a bird perched on branch.
/home/whx/Dataset/semi-aves/trainval_images/44/21.jpg	a bird perched on feeder.
/home/whx/Dataset/semi-aves/trainval_images/44/36.jpg	a bird is swimming.
/home/whx/Dataset/semi-aves/trainval_images/44/19.jpg	a bird perched on a branch.
/home/whx/Dataset/semi-aves/trainval_images/44/18.jpg	a bird perched on a branch.
/home/whx/Dataset/semi-aves/trainval_images/44/37.jpg	a bird perched on a branch.
/home/whx/Dataset/semi-aves/trainval_images/44/22.jpg	a bird perched on branch.
/home/whx/Dataset/semi-aves/trainval_images/44/30.jpg	a bird perched on a wire.
/home/whx/Dataset/semi-aves/trainval_images/44/2.jpg	a bird perched on a branch.
/home/whx/Dataset/semi-aves/trainval_images/44/15.jpg	a bird perched on a branch.
/home/whx/Dataset/semi-aves/trainval_images/44/7.jpg	a bird perched on a branch.
/home/whx/Dataset/semi-aves/trainval_images/45/18.jpg	a bird swims calmly.
/home/whx/Dataset/semi-aves/trainval_images/45/1.jpg	a bird is swimming.
/home/whx/Dataset/semi-aves/trainval_images/45/13.jpg	a bird soars.
/home/whx/Dataset/semi-aves/trainval_images/45/23.jpg	a bird floats calmly.
/home/whx/Dataset/semi-aves/trainval_images/45/20.jpg	a bird is standing in water.
/home/whx/Dataset/semi-aves/trainval_images/45/4.jpg	a bird swimming.
/home/whx/Dataset/semi-aves/trainval_images/45/28.jpg	a bird swimming.
/home/whx/Dataset/semi-aves/trainval_images/45/24.jpg	a bird is swimming.
/home/whx/Dataset/semi-aves/trainval_images/45/12.jpg	a bird is diving into water.
/home/whx/Dataset/semi-aves/trainval_images/45/8.jpg	a bird swimming.
/home/whx/Dataset/semi-aves/trainval_images/45/5.jpg	a bird is swimming.
/home/whx/Dataset/semi-aves/trainval_images/45/2.jpg	a bird is swimming.
/home/whx/Dataset/semi-aves/trainval_images/45/19.jpg	a bird swims calmly.
/home/whx/Dataset/semi-aves/trainval_images/45/0.jpg	a bird is swimming.
/home/whx/Dataset/semi-aves/trainval_images/45/11.jpg	a bird swimming.
/home/whx/Dataset/semi-aves/trainval_images/45/29.jpg	a bird swimming
/home/whx/Dataset/semi-aves/trainval_images/46/26.jpg	a bird perched on a branch.
/home/whx/Dataset/semi-aves/trainval_images/46/34.jpg	a bird perched on branch.
/home/whx/Dataset/semi-aves/trainval_images/46/19.jpg	a bird stands on ground, head raised.
/home/whx/Dataset/semi-aves/trainval_images/46/9.jpg	a bird perched on branch.
/home/whx/Dataset/semi-aves/trainval_images/46/29.jpg	a bird perched on a branch.
/home/whx/Dataset/semi-aves/trainval_images/46/16.jpg	a bird perched on wire.
/home/whx/Dataset/semi-aves/trainval_images/46/31.jpg	a bird stands on ground, head slightly tilted.
/home/whx/Dataset/semi-aves/trainval_images/46/10.jpg	a bird perched on branch.
/home/whx/Dataset/semi-aves/trainval_images/46/38.jpg	a bird perched on a branch.
/home/whx/Dataset/semi-aves/trainval_images/46/32.jpg	a bird stands on ground, head slightly tilted.
/home/whx/Dataset/semi-aves/trainval_images/46/2.jpg	a bird stands on ground, head down.
/home/whx/Dataset/semi-aves/trainval_images/46/17.jpg	a bird stands alert.
/home/whx/Dataset/semi-aves/trainval_images/46/37.jpg	a bird stands on ground, head slightly raised.
/home/whx/Dataset/semi-aves/trainval_images/46/3.jpg	a bird stands on grass.
/home/whx/Dataset/semi-aves/trainval_images/46/23.jpg	a bird perched on a branch.
/home/whx/Dataset/semi-aves/trainval_images/46/18.jpg	a bird perched on a branch.
/home/whx/Dataset/semi-aves/trainval_images/47/13.jpg	a bird swimming
/home/whx/Dataset/semi-aves/trainval_images/47/2.jpg	a bird stands on a rock.
/home/whx/Dataset/semi-aves/trainval_images/47/11.jpg	a bird swimming.
/home/whx/Dataset/semi-aves/trainval_images/47/29.jpg	a bird swimming.
/home/whx/Dataset/semi-aves/trainval_images/47/21.jpg	a bird swimming.
/home/whx/Dataset/semi-aves/trainval_images/47/14.jpg	a bird swimming.
/home/whx/Dataset/semi-aves/trainval_images/47/0.jpg	a bird swimming
/home/whx/Dataset/semi-aves/trainval_images/47/5.jpg	a bird stands still.
/home/whx/Dataset/semi-aves/trainval_images/47/16.jpg	a bird swimming
/home/whx/Dataset/semi-aves/trainval_images/47/23.jpg	a bird floating.
/home/whx/Dataset/semi-aves/trainval_images/47/27.jpg	a bird stands on grass, head down.
/home/whx/Dataset/semi-aves/trainval_images/47/12.jpg	a bird perched on a post.
/home/whx/Dataset/semi-aves/trainval_images/47/8.jpg	a bird stands on ice, legs spread.
/home/whx/Dataset/semi-aves/trainval_images/47/9.jpg	a bird stands on ice.
/home/whx/Dataset/semi-aves/trainval_images/47/6.jpg	a bird stands on one leg.
/home/whx/Dataset/semi-aves/trainval_images/47/22.jpg	a bird swims calmly.
/home/whx/Dataset/semi-aves/trainval_images/48/15.jpg	a bird in flight, wings spread.
/home/whx/Dataset/semi-aves/trainval_images/48/21.jpg	a bird stands on a mossy log.
/home/whx/Dataset/semi-aves/trainval_images/48/17.jpg	a bird swimming
/home/whx/Dataset/semi-aves/trainval_images/48/4.jpg	a bird swimming
/home/whx/Dataset/semi-aves/trainval_images/48/35.jpg	a bird swimming
/home/whx/Dataset/semi-aves/trainval_images/48/33.jpg	a bird perched
/home/whx/Dataset/semi-aves/trainval_images/48/23.jpg	a bird swimming.
/home/whx/Dataset/semi-aves/trainval_images/48/29.jpg	a bird stands on a branch.
/home/whx/Dataset/semi-aves/trainval_images/48/16.jpg	a bird in flight, wings spread.
/home/whx/Dataset/semi-aves/trainval_images/48/36.jpg	a bird is swimming.
/home/whx/Dataset/semi-aves/trainval_images/48/32.jpg	a bird swims with head down.
/home/whx/Dataset/semi-aves/trainval_images/48/1.jpg	a bird swimming
/home/whx/Dataset/semi-aves/trainval_images/48/5.jpg	a bird swimming, head down.
/home/whx/Dataset/semi-aves/trainval_images/48/9.jpg	a bird swimming.
/home/whx/Dataset/semi-aves/trainval_images/48/20.jpg	a bird is swimming.
/home/whx/Dataset/semi-aves/trainval_images/48/28.jpg	a bird in flight, wings spread.
/home/whx/Dataset/semi-aves/trainval_images/49/17.jpg	a bird stands on one leg.
/home/whx/Dataset/semi-aves/trainval_images/49/11.jpg	a bird stands still, head slightly tilted.
/home/whx/Dataset/semi-aves/trainval_images/49/19.jpg	a bird stands on one leg.
/home/whx/Dataset/semi-aves/trainval_images/49/23.jpg	a bird stands with head lowered, possibly foraging.
/home/whx/Dataset/semi-aves/trainval_images/49/7.jpg	a bird stands with head lowered, beak near water.
/home/whx/Dataset/semi-aves/trainval_images/49/12.jpg	a bird stands in water, legs apart.
/home/whx/Dataset/semi-aves/trainval_images/49/31.jpg	a bird stands on one leg.
/home/whx/Dataset/semi-aves/trainval_images/49/26.jpg	a bird stands on one leg.
/home/whx/Dataset/semi-aves/trainval_images/49/5.jpg	a bird stands on rocks, head lowered.
/home/whx/Dataset/semi-aves/trainval_images/49/15.jpg	a bird stands upright.
/home/whx/Dataset/semi-aves/trainval_images/49/8.jpg	a bird perched on branch.
/home/whx/Dataset/semi-aves/trainval_images/49/29.jpg	a bird stands in vegetation, head lowered.
/home/whx/Dataset/semi-aves/trainval_images/49/10.jpg	a bird stands in water, legs submerged.
/home/whx/Dataset/semi-aves/trainval_images/49/27.jpg	a bird in flight, wings spread, tail extended.
/home/whx/Dataset/semi-aves/trainval_images/49/21.jpg	a bird stands on one leg.
/home/whx/Dataset/semi-aves/trainval_images/49/18.jpg	a bird stands poised on a boat.
/home/whx/Dataset/semi-aves/trainval_images/50/1.jpg	a bird perched on branch.
/home/whx/Dataset/semi-aves/trainval_images/50/25.jpg	a bird perched on branch.
/home/whx/Dataset/semi-aves/trainval_images/50/20.jpg	a bird perched on a branch.
/home/whx/Dataset/semi-aves/trainval_images/50/27.jpg	a bird is perched on a branch.
/home/whx/Dataset/semi-aves/trainval_images/50/15.jpg	a bird lying on ground.
/home/whx/Dataset/semi-aves/trainval_images/50/34.jpg	a bird perched on branch.
/home/whx/Dataset/semi-aves/trainval_images/50/8.jpg	a bird perched on a branch.
/home/whx/Dataset/semi-aves/trainval_images/50/6.jpg	a bird perched on branch.
/home/whx/Dataset/semi-aves/trainval_images/50/2.jpg	a bird perched on branch.
/home/whx/Dataset/semi-aves/trainval_images/50/33.jpg	a bird perched on a branch.
/home/whx/Dataset/semi-aves/trainval_images/50/23.jpg	a bird perched on branch.
/home/whx/Dataset/semi-aves/trainval_images/50/5.jpg	a bird perched on a branch.
/home/whx/Dataset/semi-aves/trainval_images/50/18.jpg	a bird perched on branch.
/home/whx/Dataset/semi-aves/trainval_images/50/14.jpg	a bird stands on the ground.
/home/whx/Dataset/semi-aves/trainval_images/50/30.jpg	a bird perched on a branch.
/home/whx/Dataset/semi-aves/trainval_images/50/4.jpg	a bird perched on branch.
/home/whx/Dataset/semi-aves/trainval_images/51/16.jpg	a bird soars with wings spread.
/home/whx/Dataset/semi-aves/trainval_images/51/14.jpg	a bird perched.
/home/whx/Dataset/semi-aves/trainval_images/51/31.jpg	a bird soars with wings spread.
/home/whx/Dataset/semi-aves/trainval_images/51/5.jpg	a bird soars with wings spread.
/home/whx/Dataset/semi-aves/trainval_images/51/4.jpg	a bird soars.
/home/whx/Dataset/semi-aves/trainval_images/51/24.jpg	a bird soars with wings spread.
/home/whx/Dataset/semi-aves/trainval_images/51/27.jpg	a bird soars with wings spread.
/home/whx/Dataset/semi-aves/trainval_images/51/22.jpg	a bird soars with wings spread.
/home/whx/Dataset/semi-aves/trainval_images/51/30.jpg	a bird in flight.
/home/whx/Dataset/semi-aves/trainval_images/51/11.jpg	a bird soars.
/home/whx/Dataset/semi-aves/trainval_images/51/9.jpg	a bird perched on a rock.
/home/whx/Dataset/semi-aves/trainval_images/51/12.jpg	a bird soars with wings spread.
/home/whx/Dataset/semi-aves/trainval_images/51/7.jpg	a bird soars with wings spread.
/home/whx/Dataset/semi-aves/trainval_images/51/3.jpg	a bird soars with wings spread.
/home/whx/Dataset/semi-aves/trainval_images/51/6.jpg	a bird perched on a post.
/home/whx/Dataset/semi-aves/trainval_images/51/21.jpg	a bird soars with wings spread wide.
/home/whx/Dataset/semi-aves/trainval_images/52/4.jpg	a bird perched on a branch.
/home/whx/Dataset/semi-aves/trainval_images/52/6.jpg	a bird perched on a branch.
/home/whx/Dataset/semi-aves/trainval_images/52/14.jpg	a bird perched on flowers.
/home/whx/Dataset/semi-aves/trainval_images/52/25.jpg	a bird perched on branch.
/home/whx/Dataset/semi-aves/trainval_images/52/20.jpg	a bird perched on a branch.
/home/whx/Dataset/semi-aves/trainval_images/52/31.jpg	a bird perched on branch.
/home/whx/Dataset/semi-aves/trainval_images/52/37.jpg	a bird perched on branch.
/home/whx/Dataset/semi-aves/trainval_images/52/11.jpg	a bird perched on a branch.
/home/whx/Dataset/semi-aves/trainval_images/52/1.jpg	a bird perched on a pine branch.
/home/whx/Dataset/semi-aves/trainval_images/52/30.jpg	a bird perched on branch.
/home/whx/Dataset/semi-aves/trainval_images/52/35.jpg	a bird perched, feeding.
/home/whx/Dataset/semi-aves/trainval_images/52/19.jpg	a bird perched on branch.
/home/whx/Dataset/semi-aves/trainval_images/52/0.jpg	a bird perched on branch.
/home/whx/Dataset/semi-aves/trainval_images/52/24.jpg	a bird perched on branch.
/home/whx/Dataset/semi-aves/trainval_images/52/32.jpg	a bird perched on a hand.
/home/whx/Dataset/semi-aves/trainval_images/52/21.jpg	a bird perched on a branch.
/home/whx/Dataset/semi-aves/trainval_images/53/2.jpg	a bird swimming with head slightly raised.
/home/whx/Dataset/semi-aves/trainval_images/53/31.jpg	a bird swims calmly.
/home/whx/Dataset/semi-aves/trainval_images/53/33.jpg	a bird is lying down.
/home/whx/Dataset/semi-aves/trainval_images/53/28.jpg	a bird stands upright.
/home/whx/Dataset/semi-aves/trainval_images/53/21.jpg	a bird swims gracefully.
/home/whx/Dataset/semi-aves/trainval_images/53/34.jpg	a bird stands in water, head slightly tilted.
/home/whx/Dataset/semi-aves/trainval_images/53/26.jpg	a bird swimming.
/home/whx/Dataset/semi-aves/trainval_images/53/8.jpg	a bird stands on a dock, facing left.
/home/whx/Dataset/semi-aves/trainval_images/53/3.jpg	a bird stands with head slightly lowered.
/home/whx/Dataset/semi-aves/trainval_images/53/19.jpg	a bird stands on one leg.
/home/whx/Dataset/semi-aves/trainval_images/53/22.jpg	a bird perched on the bank.
/home/whx/Dataset/semi-aves/trainval_images/53/5.jpg	a bird is floating, head down.
/home/whx/Dataset/semi-aves/trainval_images/53/27.jpg	a bird swimming
/home/whx/Dataset/semi-aves/trainval_images/53/7.jpg	a bird swims calmly.
/home/whx/Dataset/semi-aves/trainval_images/53/12.jpg	a bird swimming with chicks.
/home/whx/Dataset/semi-aves/trainval_images/53/25.jpg	a bird is swimming.
/home/whx/Dataset/semi-aves/trainval_images/54/31.jpg	a bird is resting on a nest.
/home/whx/Dataset/semi-aves/trainval_images/54/28.jpg	a bird is resting on a nest.
/home/whx/Dataset/semi-aves/trainval_images/54/24.jpg	a bird stands gracefully on water.
/home/whx/Dataset/semi-aves/trainval_images/54/10.jpg	a bird stands gracefully on water.
/home/whx/Dataset/semi-aves/trainval_images/54/14.jpg	a bird is standing in water.
/home/whx/Dataset/semi-aves/trainval_images/54/15.jpg	a bird is swimming.
/home/whx/Dataset/semi-aves/trainval_images/54/26.jpg	a bird stands gracefully on water.
/home/whx/Dataset/semi-aves/trainval_images/54/9.jpg	a bird swims calmly.
/home/whx/Dataset/semi-aves/trainval_images/54/32.jpg	a bird stands in water, head slightly lowered.
/home/whx/Dataset/semi-aves/trainval_images/54/17.jpg	a bird stands in water, head turned to the side.
/home/whx/Dataset/semi-aves/trainval_images/54/18.jpg	a bird is standing with its head tucked in.
/home/whx/Dataset/semi-aves/trainval_images/54/12.jpg	a bird stands still, head slightly tilted.
/home/whx/Dataset/semi-aves/trainval_images/54/6.jpg	a bird stands gracefully in water.
/home/whx/Dataset/semi-aves/trainval_images/54/35.jpg	a bird in flight, wings spread.
/home/whx/Dataset/semi-aves/trainval_images/54/22.jpg	a bird stands upright in water.
/home/whx/Dataset/semi-aves/trainval_images/54/8.jpg	a bird in flight, wings spread.
/home/whx/Dataset/semi-aves/trainval_images/55/21.jpg	a bird stands in water, head slightly tilted.
/home/whx/Dataset/semi-aves/trainval_images/55/31.jpg	a bird is standing on ice, beak near water.
/home/whx/Dataset/semi-aves/trainval_images/55/7.jpg	a bird is sitting on the grass.
/home/whx/Dataset/semi-aves/trainval_images/55/13.jpg	a bird stands on grass, head slightly lowered.
/home/whx/Dataset/semi-aves/trainval_images/55/2.jpg	a bird is swimming.
/home/whx/Dataset/semi-aves/trainval_images/55/1.jpg	a bird swimming
/home/whx/Dataset/semi-aves/trainval_images/55/0.jpg	a bird stands upright.
/home/whx/Dataset/semi-aves/trainval_images/55/25.jpg	a bird is swimming.
/home/whx/Dataset/semi-aves/trainval_images/55/28.jpg	a bird swimming
/home/whx/Dataset/semi-aves/trainval_images/55/15.jpg	a bird stands on ice.
/home/whx/Dataset/semi-aves/trainval_images/55/10.jpg	a bird stands upright.
/home/whx/Dataset/semi-aves/trainval_images/55/12.jpg	a bird is standing in shallow water.
/home/whx/Dataset/semi-aves/trainval_images/55/18.jpg	a bird is standing in water.
/home/whx/Dataset/semi-aves/trainval_images/55/9.jpg	a bird stands alert.
/home/whx/Dataset/semi-aves/trainval_images/55/6.jpg	a bird stands on a log, facing left.
/home/whx/Dataset/semi-aves/trainval_images/55/23.jpg	a bird stands upright.
/home/whx/Dataset/semi-aves/trainval_images/56/10.jpg	a bird in flight, wings spread.
/home/whx/Dataset/semi-aves/trainval_images/56/9.jpg	a bird perched, facing left.
/home/whx/Dataset/semi-aves/trainval_images/56/1.jpg	a bird soars.
/home/whx/Dataset/semi-aves/trainval_images/56/0.jpg	a bird soars with outstretched wings.
/home/whx/Dataset/semi-aves/trainval_images/56/24.jpg	a bird in flight, wings spread.
/home/whx/Dataset/semi-aves/trainval_images/56/38.jpg	a bird soars with wings spread.
/home/whx/Dataset/semi-aves/trainval_images/56/3.jpg	a bird soars with wings spread.
/home/whx/Dataset/semi-aves/trainval_images/56/35.jpg	a bird soars with wings spread.
/home/whx/Dataset/semi-aves/trainval_images/56/16.jpg	a bird soars with outstretched wings.
/home/whx/Dataset/semi-aves/trainval_images/56/4.jpg	a bird perched, head slightly turned.
/home/whx/Dataset/semi-aves/trainval_images/56/2.jpg	a bird soars with wings spread.
/home/whx/Dataset/semi-aves/trainval_images/56/14.jpg	a bird perched.
/home/whx/Dataset/semi-aves/trainval_images/56/20.jpg	a bird perched on branch.
/home/whx/Dataset/semi-aves/trainval_images/56/26.jpg	a bird in flight, wings spread.
/home/whx/Dataset/semi-aves/trainval_images/56/34.jpg	a bird is in flight, wings spread.
/home/whx/Dataset/semi-aves/trainval_images/56/36.jpg	a bird stands in grass, head turned.
/home/whx/Dataset/semi-aves/trainval_images/57/2.jpg	a bird soars with wings spread wide.
/home/whx/Dataset/semi-aves/trainval_images/57/3.jpg	a bird perched on branch.
/home/whx/Dataset/semi-aves/trainval_images/57/8.jpg	a bird with open beak.
/home/whx/Dataset/semi-aves/trainval_images/57/1.jpg	a bird soars with wings spread.
/home/whx/Dataset/semi-aves/trainval_images/57/29.jpg	a bird perched on a branch.
/home/whx/Dataset/semi-aves/trainval_images/57/31.jpg	a bird stands with wings slightly spread, facing left.
/home/whx/Dataset/semi-aves/trainval_images/57/24.jpg	a bird with head and neck extended upwards.
/home/whx/Dataset/semi-aves/trainval_images/57/32.jpg	a bird spreads its wings.
/home/whx/Dataset/semi-aves/trainval_images/57/13.jpg	a bird in flight, wings spread.
/home/whx/Dataset/semi-aves/trainval_images/57/33.jpg	a bird in flight, wings spread.
/home/whx/Dataset/semi-aves/trainval_images/57/6.jpg	a bird spreads its wings.
/home/whx/Dataset/semi-aves/trainval_images/57/0.jpg	a bird perched with wings spread.
/home/whx/Dataset/semi-aves/trainval_images/57/15.jpg	a bird stands with wings spread, perched on grass.
/home/whx/Dataset/semi-aves/trainval_images/57/20.jpg	a bird perched, head raised.
/home/whx/Dataset/semi-aves/trainval_images/57/4.jpg	a bird perched, wings spread.
/home/whx/Dataset/semi-aves/trainval_images/57/28.jpg	a bird stands upright.
/home/whx/Dataset/semi-aves/trainval_images/58/12.jpg	a bird perched on branch.
/home/whx/Dataset/semi-aves/trainval_images/58/28.jpg	a bird soars with wings spread.
/home/whx/Dataset/semi-aves/trainval_images/58/24.jpg	a bird perched on a branch.
/home/whx/Dataset/semi-aves/trainval_images/58/21.jpg	a bird soars with outstretched wings.
/home/whx/Dataset/semi-aves/trainval_images/58/17.jpg	a bird perched on wire.
/home/whx/Dataset/semi-aves/trainval_images/58/16.jpg	a bird perched on branch.
/home/whx/Dataset/semi-aves/trainval_images/58/15.jpg	a bird perched on a branch.
/home/whx/Dataset/semi-aves/trainval_images/58/35.jpg	a bird soars with wings spread.
/home/whx/Dataset/semi-aves/trainval_images/58/3.jpg	a bird perched on branch.
/home/whx/Dataset/semi-aves/trainval_images/58/11.jpg	a bird perched on branch.
/home/whx/Dataset/semi-aves/trainval_images/58/22.jpg	a bird perched.
/home/whx/Dataset/semi-aves/trainval_images/58/13.jpg	a bird soars.
/home/whx/Dataset/semi-aves/trainval_images/58/19.jpg	a bird perched on branch.
/home/whx/Dataset/semi-aves/trainval_images/58/31.jpg	a bird soars with wings spread.
/home/whx/Dataset/semi-aves/trainval_images/58/37.jpg	a bird soars with wings spread.
/home/whx/Dataset/semi-aves/trainval_images/58/20.jpg	a bird perched.
/home/whx/Dataset/semi-aves/trainval_images/59/33.jpg	a bird perched on a branch.
/home/whx/Dataset/semi-aves/trainval_images/59/3.jpg	a bird perched on branch, tail fanned out.
/home/whx/Dataset/semi-aves/trainval_images/59/22.jpg	a bird stands upright.
/home/whx/Dataset/semi-aves/trainval_images/59/26.jpg	a bird stands with wings slightly spread.
/home/whx/Dataset/semi-aves/trainval_images/59/17.jpg	a bird perched on branch.
/home/whx/Dataset/semi-aves/trainval_images/59/6.jpg	a bird perched on branch.
/home/whx/Dataset/semi-aves/trainval_images/59/32.jpg	a bird stands upright.
/home/whx/Dataset/semi-aves/trainval_images/59/30.jpg	a bird perched on branch.
/home/whx/Dataset/semi-aves/trainval_images/59/13.jpg	a bird perched on branch, head turned.
/home/whx/Dataset/semi-aves/trainval_images/59/21.jpg	a bird perched on branch.
/home/whx/Dataset/semi-aves/trainval_images/59/2.jpg	a bird perched on branch, tail extended.
/home/whx/Dataset/semi-aves/trainval_images/59/28.jpg	a bird perched on a branch.
/home/whx/Dataset/semi-aves/trainval_images/59/8.jpg	a bird perched on branch.
/home/whx/Dataset/semi-aves/trainval_images/59/19.jpg	a bird perched on branch.
/home/whx/Dataset/semi-aves/trainval_images/59/24.jpg	a bird perched on branch.
/home/whx/Dataset/semi-aves/trainval_images/59/23.jpg	a bird perched on branch.
/home/whx/Dataset/semi-aves/trainval_images/60/5.jpg	a bird perched on branch.
/home/whx/Dataset/semi-aves/trainval_images/60/3.jpg	a bird perched on branch.
/home/whx/Dataset/semi-aves/trainval_images/60/4.jpg	a bird stands on the ground.
/home/whx/Dataset/semi-aves/trainval_images/60/1.jpg	a bird stands on ground, head tilted.
/home/whx/Dataset/semi-aves/trainval_images/60/6.jpg	a bird stands on a curb.
/home/whx/Dataset/semi-aves/trainval_images/60/14.jpg	a bird stands near a plate.
/home/whx/Dataset/semi-aves/trainval_images/60/26.jpg	a bird stands on sandy ground.
/home/whx/Dataset/semi-aves/trainval_images/60/23.jpg	a bird stands on grass.
/home/whx/Dataset/semi-aves/trainval_images/60/21.jpg	a bird soars.
/home/whx/Dataset/semi-aves/trainval_images/60/2.jpg	a bird perched on branch.
/home/whx/Dataset/semi-aves/trainval_images/60/17.jpg	a bird perched.
/home/whx/Dataset/semi-aves/trainval_images/60/16.jpg	a bird perched on branch.
/home/whx/Dataset/semi-aves/trainval_images/60/19.jpg	a bird perched on a fence.
/home/whx/Dataset/semi-aves/trainval_images/60/12.jpg	a bird perched.
/home/whx/Dataset/semi-aves/trainval_images/60/22.jpg	a bird stands on grass.
/home/whx/Dataset/semi-aves/trainval_images/60/29.jpg	a bird stands alert, head turned.
/home/whx/Dataset/semi-aves/trainval_images/61/2.jpg	a bird is crouched.
/home/whx/Dataset/semi-aves/trainval_images/61/8.jpg	a bird perched, head down.
/home/whx/Dataset/semi-aves/trainval_images/61/34.jpg	a bird stands alert, perched on forest floor.
/home/whx/Dataset/semi-aves/trainval_images/61/42.jpg	a bird stands on gravel, head slightly raised.
/home/whx/Dataset/semi-aves/trainval_images/61/28.jpg	a bird stands alert, head slightly tilted.
/home/whx/Dataset/semi-aves/trainval_images/61/41.jpg	a bird is resting on the ground.
/home/whx/Dataset/semi-aves/trainval_images/61/25.jpg	a bird stands alert in grass.
/home/whx/Dataset/semi-aves/trainval_images/61/38.jpg	a bird stands on path, head down.
/home/whx/Dataset/semi-aves/trainval_images/61/1.jpg	a bird perched on branch.
/home/whx/Dataset/semi-aves/trainval_images/61/33.jpg	a bird crouched low.
/home/whx/Dataset/semi-aves/trainval_images/61/17.jpg	a bird stands with wings slightly spread.
/home/whx/Dataset/semi-aves/trainval_images/61/5.jpg	a bird perched on branch.
/home/whx/Dataset/semi-aves/trainval_images/61/37.jpg	a bird lying still.
/home/whx/Dataset/semi-aves/trainval_images/61/36.jpg	a bird stands alert on forest floor.
/home/whx/Dataset/semi-aves/trainval_images/61/10.jpg	a bird is not visible in the image.
/home/whx/Dataset/semi-aves/trainval_images/61/39.jpg	a bird perched.
/home/whx/Dataset/semi-aves/trainval_images/62/19.jpg	a bird perched on a branch.
/home/whx/Dataset/semi-aves/trainval_images/62/2.jpg	a bird perched on a branch.
/home/whx/Dataset/semi-aves/trainval_images/62/24.jpg	a bird perched on a branch.
/home/whx/Dataset/semi-aves/trainval_images/62/3.jpg	a bird perched on a branch.
/home/whx/Dataset/semi-aves/trainval_images/62/16.jpg	a bird perched on a branch.
/home/whx/Dataset/semi-aves/trainval_images/62/10.jpg	a bird perched on a branch.
/home/whx/Dataset/semi-aves/trainval_images/62/23.jpg	a bird perched on barbed wire.
/home/whx/Dataset/semi-aves/trainval_images/62/4.jpg	a bird perched on a branch.
/home/whx/Dataset/semi-aves/trainval_images/62/8.jpg	a bird perched on a branch.
/home/whx/Dataset/semi-aves/trainval_images/62/25.jpg	a bird stands on one leg.
/home/whx/Dataset/semi-aves/trainval_images/62/12.jpg	a bird perched on a branch.
/home/whx/Dataset/semi-aves/trainval_images/62/32.jpg	a bird perched on a branch.
/home/whx/Dataset/semi-aves/trainval_images/62/21.jpg	a bird perched on wire.
/home/whx/Dataset/semi-aves/trainval_images/62/9.jpg	a bird perched on a wire.
/home/whx/Dataset/semi-aves/trainval_images/62/33.jpg	a bird perched on a branch.
/home/whx/Dataset/semi-aves/trainval_images/62/13.jpg	a bird perched on a branch.
/home/whx/Dataset/semi-aves/trainval_images/63/15.jpg	a bird perched.
/home/whx/Dataset/semi-aves/trainval_images/63/33.jpg	a bird perched, open beak.
/home/whx/Dataset/semi-aves/trainval_images/63/13.jpg	a bird perched.
/home/whx/Dataset/semi-aves/trainval_images/63/22.jpg	a bird soars.
/home/whx/Dataset/semi-aves/trainval_images/63/34.jpg	a bird perched.
/home/whx/Dataset/semi-aves/trainval_images/63/26.jpg	a bird perched, head slightly tilted.
/home/whx/Dataset/semi-aves/trainval_images/63/31.jpg	a bird perched on a metal structure.
/home/whx/Dataset/semi-aves/trainval_images/63/29.jpg	a bird perched on a branch.
/home/whx/Dataset/semi-aves/trainval_images/63/19.jpg	a bird stands upright.
/home/whx/Dataset/semi-aves/trainval_images/63/37.jpg	a bird perched.
/home/whx/Dataset/semi-aves/trainval_images/63/3.jpg	a bird perched on wire.
/home/whx/Dataset/semi-aves/trainval_images/63/4.jpg	a bird soars.
/home/whx/Dataset/semi-aves/trainval_images/63/21.jpg	a bird perched.
/home/whx/Dataset/semi-aves/trainval_images/63/14.jpg	a bird in flight, wings spread, tail extended.
/home/whx/Dataset/semi-aves/trainval_images/63/16.jpg	a bird in flight, wings spread.
/home/whx/Dataset/semi-aves/trainval_images/63/18.jpg	a bird in flight.
/home/whx/Dataset/semi-aves/trainval_images/64/1.jpg	a bird perched on a branch.
/home/whx/Dataset/semi-aves/trainval_images/64/28.jpg	a bird perched.
/home/whx/Dataset/semi-aves/trainval_images/64/26.jpg	a bird soars.
/home/whx/Dataset/semi-aves/trainval_images/64/9.jpg	a bird perched on a branch.
/home/whx/Dataset/semi-aves/trainval_images/64/23.jpg	a bird perched on a post.
/home/whx/Dataset/semi-aves/trainval_images/64/5.jpg	a bird perched on wood.
/home/whx/Dataset/semi-aves/trainval_images/64/6.jpg	a bird perched on a branch.
/home/whx/Dataset/semi-aves/trainval_images/64/11.jpg	a bird perched on a branch.
/home/whx/Dataset/semi-aves/trainval_images/64/12.jpg	a bird perched on a wire.
/home/whx/Dataset/semi-aves/trainval_images/64/16.jpg	a bird perched on branch.
/home/whx/Dataset/semi-aves/trainval_images/64/10.jpg	a bird in flight, wings spread.
/home/whx/Dataset/semi-aves/trainval_images/64/3.jpg	a bird perched, holding prey.
/home/whx/Dataset/semi-aves/trainval_images/64/13.jpg	a bird perched on a wire.
/home/whx/Dataset/semi-aves/trainval_images/64/24.jpg	a bird perched on branch.
/home/whx/Dataset/semi-aves/trainval_images/64/4.jpg	a bird perched on a branch.
/home/whx/Dataset/semi-aves/trainval_images/64/2.jpg	a bird perched on branch.
/home/whx/Dataset/semi-aves/trainval_images/65/2.jpg	a bird perched on a branch.
/home/whx/Dataset/semi-aves/trainval_images/65/19.jpg	a bird stands on grass.
/home/whx/Dataset/semi-aves/trainval_images/65/20.jpg	a bird perched on a blue pipe.
/home/whx/Dataset/semi-aves/trainval_images/65/13.jpg	a bird perched on a branch.
/home/whx/Dataset/semi-aves/trainval_images/65/9.jpg	a bird perched on birdhouse.
/home/whx/Dataset/semi-aves/trainval_images/65/10.jpg	a bird perched on a feeder.
/home/whx/Dataset/semi-aves/trainval_images/65/11.jpg	a bird perched on a branch.
/home/whx/Dataset/semi-aves/trainval_images/65/8.jpg	a bird perched on feeder.
/home/whx/Dataset/semi-aves/trainval_images/65/29.jpg	a bird perched on a feeder.
/home/whx/Dataset/semi-aves/trainval_images/65/23.jpg	a bird perched on branch.
/home/whx/Dataset/semi-aves/trainval_images/65/25.jpg	a bird perched on wire.
/home/whx/Dataset/semi-aves/trainval_images/65/16.jpg	a bird stands upright.
/home/whx/Dataset/semi-aves/trainval_images/65/22.jpg	a bird perched on a feeder.
/home/whx/Dataset/semi-aves/trainval_images/65/0.jpg	a bird stands on grass, facing away.
/home/whx/Dataset/semi-aves/trainval_images/65/21.jpg	a bird perched on wire.
/home/whx/Dataset/semi-aves/trainval_images/65/3.jpg	a bird stands on grass.
/home/whx/Dataset/semi-aves/trainval_images/66/4.jpg	a bird perched on a branch.
/home/whx/Dataset/semi-aves/trainval_images/66/10.jpg	a bird perched on branch.
/home/whx/Dataset/semi-aves/trainval_images/66/23.jpg	a bird perched on a branch.
/home/whx/Dataset/semi-aves/trainval_images/66/26.jpg	a bird perched on a branch.
/home/whx/Dataset/semi-aves/trainval_images/66/24.jpg	a bird perched, head slightly tilted.
/home/whx/Dataset/semi-aves/trainval_images/66/18.jpg	a bird perched on a branch.
/home/whx/Dataset/semi-aves/trainval_images/66/2.jpg	a bird perched on branch.
/home/whx/Dataset/semi-aves/trainval_images/66/14.jpg	a bird perched on a branch.
/home/whx/Dataset/semi-aves/trainval_images/66/8.jpg	a bird perched on branch.
/home/whx/Dataset/semi-aves/trainval_images/66/15.jpg	a bird perched on a branch.
/home/whx/Dataset/semi-aves/trainval_images/66/20.jpg	a bird perched on branch.
/home/whx/Dataset/semi-aves/trainval_images/66/11.jpg	a bird perched on a branch.
/home/whx/Dataset/semi-aves/trainval_images/66/12.jpg	a bird perched on a branch.
/home/whx/Dataset/semi-aves/trainval_images/66/13.jpg	a bird perched on branch.
/home/whx/Dataset/semi-aves/trainval_images/66/1.jpg	a bird perched on a branch.
/home/whx/Dataset/semi-aves/trainval_images/66/9.jpg	a bird perched, feeding on berries.
/home/whx/Dataset/semi-aves/trainval_images/67/3.jpg	a bird stands on one leg near water.
/home/whx/Dataset/semi-aves/trainval_images/67/4.jpg	a bird stands on sand, head slightly tilted.
/home/whx/Dataset/semi-aves/trainval_images/67/1.jpg	a bird stands on rocks, head slightly tilted.
/home/whx/Dataset/semi-aves/trainval_images/67/16.jpg	a bird stands upright on grass.
/home/whx/Dataset/semi-aves/trainval_images/67/15.jpg	a bird stands on grass.
/home/whx/Dataset/semi-aves/trainval_images/67/18.jpg	a bird stands on one leg.
/home/whx/Dataset/semi-aves/trainval_images/67/8.jpg	a bird stands on grass.
/home/whx/Dataset/semi-aves/trainval_images/67/7.jpg	a bird stands on grass, legs slightly bent.
/home/whx/Dataset/semi-aves/trainval_images/67/22.jpg	a bird stands alert, head turned.
/home/whx/Dataset/semi-aves/trainval_images/67/26.jpg	a bird stands alert in grass.
/home/whx/Dataset/semi-aves/trainval_images/67/10.jpg	a bird stands in grass, head turned.
/home/whx/Dataset/semi-aves/trainval_images/67/11.jpg	a bird stands still.
/home/whx/Dataset/semi-aves/trainval_images/67/20.jpg	a bird stands in grass, head slightly turned.
/home/whx/Dataset/semi-aves/trainval_images/67/12.jpg	a bird stands on one leg.
/home/whx/Dataset/semi-aves/trainval_images/67/9.jpg	a bird stands on rocky ground.
/home/whx/Dataset/semi-aves/trainval_images/67/14.jpg	a bird stands on grass.
/home/whx/Dataset/semi-aves/trainval_images/68/19.jpg	a bird is in flight.
/home/whx/Dataset/semi-aves/trainval_images/68/10.jpg	a bird swimming.
/home/whx/Dataset/semi-aves/trainval_images/68/17.jpg	a bird stands still.
/home/whx/Dataset/semi-aves/trainval_images/68/16.jpg	a bird swims with head down.
/home/whx/Dataset/semi-aves/trainval_images/68/5.jpg	a bird stands on ice, head slightly tilted.
/home/whx/Dataset/semi-aves/trainval_images/68/0.jpg	a bird swimming, head slightly tilted.
/home/whx/Dataset/semi-aves/trainval_images/68/4.jpg	a bird is swimming with its head down.
/home/whx/Dataset/semi-aves/trainval_images/68/8.jpg	a bird stands still.
/home/whx/Dataset/semi-aves/trainval_images/68/21.jpg	a bird stands gracefully on water.
/home/whx/Dataset/semi-aves/trainval_images/68/7.jpg	a bird swimming, head slightly raised.
/home/whx/Dataset/semi-aves/trainval_images/68/18.jpg	a bird swims calmly.
/home/whx/Dataset/semi-aves/trainval_images/68/24.jpg	a bird is resting on the ice.
/home/whx/Dataset/semi-aves/trainval_images/68/3.jpg	a bird swimming, neck arched.
/home/whx/Dataset/semi-aves/trainval_images/68/26.jpg	a bird stands on water, head slightly tilted.
/home/whx/Dataset/semi-aves/trainval_images/68/13.jpg	a bird stands still.
/home/whx/Dataset/semi-aves/trainval_images/68/1.jpg	a bird floats calmly.
/home/whx/Dataset/semi-aves/trainval_images/69/25.jpg	a bird perched, facing right.
/home/whx/Dataset/semi-aves/trainval_images/69/3.jpg	a bird perched on branch.
/home/whx/Dataset/semi-aves/trainval_images/69/17.jpg	a bird standing on ground.
/home/whx/Dataset/semi-aves/trainval_images/69/21.jpg	a bird perched on wire.
/home/whx/Dataset/semi-aves/trainval_images/69/8.jpg	a bird is standing on the ground, head lowered.
/home/whx/Dataset/semi-aves/trainval_images/69/22.jpg	a bird perched on fence.
/home/whx/Dataset/semi-aves/trainval_images/69/27.jpg	a bird is crouched low to the ground.
/home/whx/Dataset/semi-aves/trainval_images/69/6.jpg	a bird perched on wire.
/home/whx/Dataset/semi-aves/trainval_images/69/24.jpg	a bird perched on barbed wire.
/home/whx/Dataset/semi-aves/trainval_images/69/2.jpg	a bird perched on a branch.
/home/whx/Dataset/semi-aves/trainval_images/69/18.jpg	a bird perched on a log.
/home/whx/Dataset/semi-aves/trainval_images/69/16.jpg	a bird perched on branch.
/home/whx/Dataset/semi-aves/trainval_images/69/19.jpg	a bird perched on wire.
/home/whx/Dataset/semi-aves/trainval_images/69/26.jpg	a bird perched on a branch.
/home/whx/Dataset/semi-aves/trainval_images/69/12.jpg	a bird stands on grass, head slightly tilted.
/home/whx/Dataset/semi-aves/trainval_images/69/13.jpg	a bird perched on sticks.
/home/whx/Dataset/semi-aves/trainval_images/70/6.jpg	a bird stands on one leg.
/home/whx/Dataset/semi-aves/trainval_images/70/20.jpg	a bird is flying.
/home/whx/Dataset/semi-aves/trainval_images/70/26.jpg	a bird stands on the shore.
/home/whx/Dataset/semi-aves/trainval_images/70/5.jpg	a bird in flight, wings spread.
/home/whx/Dataset/semi-aves/trainval_images/70/16.jpg	a bird stands in shallow water.
/home/whx/Dataset/semi-aves/trainval_images/70/13.jpg	a bird floating on water.
/home/whx/Dataset/semi-aves/trainval_images/70/0.jpg	a bird perched on a post.
/home/whx/Dataset/semi-aves/trainval_images/70/18.jpg	a bird floats calmly on water.
/home/whx/Dataset/semi-aves/trainval_images/70/11.jpg	a bird soars over water.
/home/whx/Dataset/semi-aves/trainval_images/70/15.jpg	a bird stands on ice, facing right.
/home/whx/Dataset/semi-aves/trainval_images/70/9.jpg	a bird soars.
/home/whx/Dataset/semi-aves/trainval_images/70/7.jpg	a bird soars with wings spread.
/home/whx/Dataset/semi-aves/trainval_images/70/28.jpg	a bird stands in water, head lowered.
/home/whx/Dataset/semi-aves/trainval_images/70/19.jpg	a bird is swimming.
/home/whx/Dataset/semi-aves/trainval_images/70/23.jpg	a bird floats calmly.
/home/whx/Dataset/semi-aves/trainval_images/70/3.jpg	a bird in flight, wings spread.
/home/whx/Dataset/semi-aves/trainval_images/71/27.jpg	a bird perched on a branch.
/home/whx/Dataset/semi-aves/trainval_images/71/28.jpg	a bird perched on a log.
/home/whx/Dataset/semi-aves/trainval_images/71/23.jpg	a bird perched on a branch.
/home/whx/Dataset/semi-aves/trainval_images/71/34.jpg	a bird perched on branch.
/home/whx/Dataset/semi-aves/trainval_images/71/12.jpg	a bird perched on wire.
/home/whx/Dataset/semi-aves/trainval_images/71/30.jpg	a bird perched on a branch.
/home/whx/Dataset/semi-aves/trainval_images/71/4.jpg	a bird perched on a rope.
/home/whx/Dataset/semi-aves/trainval_images/71/26.jpg	a bird perched on branch.
/home/whx/Dataset/semi-aves/trainval_images/71/32.jpg	a bird is standing on the ground.
/home/whx/Dataset/semi-aves/trainval_images/71/8.jpg	a bird perched on branch.
/home/whx/Dataset/semi-aves/trainval_images/71/13.jpg	a bird perched on grass.
/home/whx/Dataset/semi-aves/trainval_images/71/6.jpg	a bird perched on tiles.
/home/whx/Dataset/semi-aves/trainval_images/71/0.jpg	a bird perched on a branch.
/home/whx/Dataset/semi-aves/trainval_images/71/35.jpg	a bird stands on ground, legs spread.
/home/whx/Dataset/semi-aves/trainval_images/71/17.jpg	a bird perched on a branch.
/home/whx/Dataset/semi-aves/trainval_images/71/33.jpg	a bird perched on a branch.
/home/whx/Dataset/semi-aves/trainval_images/72/32.jpg	a bird stands in water, legs spread, head turned.
/home/whx/Dataset/semi-aves/trainval_images/72/31.jpg	a bird in flight, wings spread, legs extended.
/home/whx/Dataset/semi-aves/trainval_images/72/4.jpg	a bird stands in water, legs spread, head slightly lowered.
/home/whx/Dataset/semi-aves/trainval_images/72/25.jpg	a bird stands in water, head lowered.
/home/whx/Dataset/semi-aves/trainval_images/72/38.jpg	a bird stands on one leg.
/home/whx/Dataset/semi-aves/trainval_images/72/27.jpg	a bird stands with long legs, bending its neck down.
/home/whx/Dataset/semi-aves/trainval_images/72/2.jpg	a bird stands in water, legs extended.
/home/whx/Dataset/semi-aves/trainval_images/72/22.jpg	a bird stands in grass, head lowered.
/home/whx/Dataset/semi-aves/trainval_images/72/33.jpg	a bird stands on one leg.
/home/whx/Dataset/semi-aves/trainval_images/72/14.jpg	a bird stands on one leg.
/home/whx/Dataset/semi-aves/trainval_images/72/0.jpg	a bird stands upright in water.
/home/whx/Dataset/semi-aves/trainval_images/72/6.jpg	a bird stands in water, legs spread, head slightly tilted.
/home/whx/Dataset/semi-aves/trainval_images/72/9.jpg	a bird stands with legs spread, wings slightly raised.
/home/whx/Dataset/semi-aves/trainval_images/72/37.jpg	a bird stands in water, legs spread, head turned.
/home/whx/Dataset/semi-aves/trainval_images/72/35.jpg	a bird stands in water, legs extended.
/home/whx/Dataset/semi-aves/trainval_images/72/20.jpg	a bird stands in water, legs spread, head turned.
/home/whx/Dataset/semi-aves/trainval_images/73/0.jpg	a bird perched on branch.
/home/whx/Dataset/semi-aves/trainval_images/73/34.jpg	a bird perched on branch.
/home/whx/Dataset/semi-aves/trainval_images/73/7.jpg	a bird perched on branch.
/home/whx/Dataset/semi-aves/trainval_images/73/19.jpg	a bird perched on a branch.
/home/whx/Dataset/semi-aves/trainval_images/73/32.jpg	a bird perched on a branch.
/home/whx/Dataset/semi-aves/trainval_images/73/20.jpg	a bird perched on branch.
/home/whx/Dataset/semi-aves/trainval_images/73/44.jpg	a bird perched on a branch.
/home/whx/Dataset/semi-aves/trainval_images/73/36.jpg	a bird perched on branch.
/home/whx/Dataset/semi-aves/trainval_images/73/35.jpg	a bird perched on a branch.
/home/whx/Dataset/semi-aves/trainval_images/73/18.jpg	a bird perched on a branch.
/home/whx/Dataset/semi-aves/trainval_images/73/33.jpg	a bird perched, wings folded.
/home/whx/Dataset/semi-aves/trainval_images/73/26.jpg	a bird perched on a branch.
/home/whx/Dataset/semi-aves/trainval_images/73/37.jpg	a bird perched on a branch.
/home/whx/Dataset/semi-aves/trainval_images/73/39.jpg	a bird perched on branch.
/home/whx/Dataset/semi-aves/trainval_images/73/42.jpg	a bird lying on ground.
/home/whx/Dataset/semi-aves/trainval_images/73/14.jpg	a bird perched on a branch.
/home/whx/Dataset/semi-aves/trainval_images/74/19.jpg	a bird perched on a branch.
/home/whx/Dataset/semi-aves/trainval_images/74/4.jpg	a bird perched on a branch.
/home/whx/Dataset/semi-aves/trainval_images/74/16.jpg	a bird in flight, wings spread.
/home/whx/Dataset/semi-aves/trainval_images/74/14.jpg	a bird perched on a branch.
/home/whx/Dataset/semi-aves/trainval_images/74/18.jpg	a bird perched on a branch.
/home/whx/Dataset/semi-aves/trainval_images/74/30.jpg	a bird perched on branch.
/home/whx/Dataset/semi-aves/trainval_images/74/17.jpg	a bird perched on a pole.
/home/whx/Dataset/semi-aves/trainval_images/74/24.jpg	a bird perched on wire.
/home/whx/Dataset/semi-aves/trainval_images/74/5.jpg	a bird perched on a branch.
/home/whx/Dataset/semi-aves/trainval_images/74/8.jpg	a bird perched on branch.
/home/whx/Dataset/semi-aves/trainval_images/74/20.jpg	a bird perched on branch.
/home/whx/Dataset/semi-aves/trainval_images/74/0.jpg	a bird perched on branch.
/home/whx/Dataset/semi-aves/trainval_images/74/13.jpg	a bird perched on signpost.
/home/whx/Dataset/semi-aves/trainval_images/74/27.jpg	a bird perched, legs spread, head turned.
/home/whx/Dataset/semi-aves/trainval_images/74/1.jpg	a bird in flight, wings spread.
/home/whx/Dataset/semi-aves/trainval_images/74/11.jpg	a bird lying on its back with wings spread.
/home/whx/Dataset/semi-aves/trainval_images/75/26.jpg	a bird perched on branch.
/home/whx/Dataset/semi-aves/trainval_images/75/25.jpg	a bird perched on wire fence.
/home/whx/Dataset/semi-aves/trainval_images/75/18.jpg	a bird perched on branch.
/home/whx/Dataset/semi-aves/trainval_images/75/1.jpg	a bird perched, wings slightly spread.
/home/whx/Dataset/semi-aves/trainval_images/75/28.jpg	a bird perched on a chain.
/home/whx/Dataset/semi-aves/trainval_images/75/2.jpg	a bird perched on a branch.
/home/whx/Dataset/semi-aves/trainval_images/75/29.jpg	a bird stands on a stone path.
/home/whx/Dataset/semi-aves/trainval_images/75/27.jpg	a bird standing on ground.
/home/whx/Dataset/semi-aves/trainval_images/75/0.jpg	a bird perched on branch.
/home/whx/Dataset/semi-aves/trainval_images/75/12.jpg	a bird perched.
/home/whx/Dataset/semi-aves/trainval_images/75/8.jpg	a bird perched on branch.
/home/whx/Dataset/semi-aves/trainval_images/75/14.jpg	a bird perched on branch.
/home/whx/Dataset/semi-aves/trainval_images/75/24.jpg	a bird is standing on the ground.
/home/whx/Dataset/semi-aves/trainval_images/75/11.jpg	a bird is standing on the ground.
/home/whx/Dataset/semi-aves/trainval_images/75/20.jpg	a bird perched on a branch.
/home/whx/Dataset/semi-aves/trainval_images/75/15.jpg	a bird perched on barbed wire.
/home/whx/Dataset/semi-aves/trainval_images/76/24.jpg	a bird perched on branch.
/home/whx/Dataset/semi-aves/trainval_images/76/10.jpg	a bird perched, looking at food.
/home/whx/Dataset/semi-aves/trainval_images/76/12.jpg	a bird perched on a branch.
/home/whx/Dataset/semi-aves/trainval_images/76/14.jpg	a bird perched on a branch.
/home/whx/Dataset/semi-aves/trainval_images/76/25.jpg	a bird perched on a branch.
/home/whx/Dataset/semi-aves/trainval_images/76/3.jpg	a bird perched on branch.
/home/whx/Dataset/semi-aves/trainval_images/76/15.jpg	a bird perched on a branch.
/home/whx/Dataset/semi-aves/trainval_images/76/11.jpg	a bird perched, holding food in beak.
/home/whx/Dataset/semi-aves/trainval_images/76/4.jpg	a bird perched on a branch.
/home/whx/Dataset/semi-aves/trainval_images/76/13.jpg	a bird perched on branch.
/home/whx/Dataset/semi-aves/trainval_images/76/22.jpg	a bird perched on a branch.
/home/whx/Dataset/semi-aves/trainval_images/76/0.jpg	a bird perched on a branch.
/home/whx/Dataset/semi-aves/trainval_images/76/5.jpg	a bird perched on branch.
/home/whx/Dataset/semi-aves/trainval_images/76/8.jpg	a bird perched on a wire, open beak.
/home/whx/Dataset/semi-aves/trainval_images/76/23.jpg	a bird perched on a branch.
/home/whx/Dataset/semi-aves/trainval_images/76/20.jpg	a bird perched on branch.
/home/whx/Dataset/semi-aves/trainval_images/77/18.jpg	a bird perched on a branch.
/home/whx/Dataset/semi-aves/trainval_images/77/25.jpg	a bird perched on fence.
/home/whx/Dataset/semi-aves/trainval_images/77/9.jpg	a bird perched on wire.
/home/whx/Dataset/semi-aves/trainval_images/77/13.jpg	a bird perched.
/home/whx/Dataset/semi-aves/trainval_images/77/8.jpg	a bird perched on fence.
/home/whx/Dataset/semi-aves/trainval_images/77/16.jpg	a bird perched on branch, open beak.
/home/whx/Dataset/semi-aves/trainval_images/77/28.jpg	a bird perched on branch.
/home/whx/Dataset/semi-aves/trainval_images/77/23.jpg	a bird perched on branch.
/home/whx/Dataset/semi-aves/trainval_images/77/27.jpg	a bird perched on a branch.
/home/whx/Dataset/semi-aves/trainval_images/77/26.jpg	a bird perched on a post.
/home/whx/Dataset/semi-aves/trainval_images/77/22.jpg	a bird perched on a branch.
/home/whx/Dataset/semi-aves/trainval_images/77/10.jpg	a bird perched on branch.
/home/whx/Dataset/semi-aves/trainval_images/77/15.jpg	a bird perched on wire.
/home/whx/Dataset/semi-aves/trainval_images/77/6.jpg	a bird perched on wire.
/home/whx/Dataset/semi-aves/trainval_images/77/30.jpg	a bird perched on a branch.
/home/whx/Dataset/semi-aves/trainval_images/77/12.jpg	a bird perched on branch.
/home/whx/Dataset/semi-aves/trainval_images/78/27.jpg	a bird perched on a rock.
/home/whx/Dataset/semi-aves/trainval_images/78/5.jpg	a bird perched on wood.
/home/whx/Dataset/semi-aves/trainval_images/78/4.jpg	a bird perched on railing.
/home/whx/Dataset/semi-aves/trainval_images/78/31.jpg	a bird perched on branches.
/home/whx/Dataset/semi-aves/trainval_images/78/6.jpg	a bird stands on ground.
/home/whx/Dataset/semi-aves/trainval_images/78/30.jpg	a bird stands on ground, head slightly tilted.
/home/whx/Dataset/semi-aves/trainval_images/78/7.jpg	a bird perched on a fence.
/home/whx/Dataset/semi-aves/trainval_images/78/23.jpg	a bird stands on grass.
/home/whx/Dataset/semi-aves/trainval_images/78/0.jpg	a bird is standing on the ground.
/home/whx/Dataset/semi-aves/trainval_images/78/3.jpg	a bird perched on rocks.
/home/whx/Dataset/semi-aves/trainval_images/78/8.jpg	a bird perched on a branch.
/home/whx/Dataset/semi-aves/trainval_images/78/28.jpg	a bird perched on a branch.
/home/whx/Dataset/semi-aves/trainval_images/78/15.jpg	a bird perched on branch.
/home/whx/Dataset/semi-aves/trainval_images/78/24.jpg	a bird perched, head slightly tilted.
/home/whx/Dataset/semi-aves/trainval_images/78/12.jpg	a bird perched on a wooden rail.
/home/whx/Dataset/semi-aves/trainval_images/78/32.jpg	a bird perched on fence post.
/home/whx/Dataset/semi-aves/trainval_images/79/0.jpg	a bird perched on a branch.
/home/whx/Dataset/semi-aves/trainval_images/79/2.jpg	a bird perched on a branch.
/home/whx/Dataset/semi-aves/trainval_images/79/13.jpg	a bird perched on branch.
/home/whx/Dataset/semi-aves/trainval_images/79/19.jpg	a bird perched, wings slightly spread.
/home/whx/Dataset/semi-aves/trainval_images/79/1.jpg	a bird perched on branch.
/home/whx/Dataset/semi-aves/trainval_images/79/17.jpg	a bird perched on a branch.
/home/whx/Dataset/semi-aves/trainval_images/79/6.jpg	a bird perched on branch.
/home/whx/Dataset/semi-aves/trainval_images/79/21.jpg	a bird perched on branch.
/home/whx/Dataset/semi-aves/trainval_images/79/11.jpg	a bird perched on branch.
/home/whx/Dataset/semi-aves/trainval_images/79/23.jpg	a bird perched on a branch.
/home/whx/Dataset/semi-aves/trainval_images/79/10.jpg	a bird perched on branch.
/home/whx/Dataset/semi-aves/trainval_images/79/20.jpg	a bird perched on a branch.
/home/whx/Dataset/semi-aves/trainval_images/79/15.jpg	a bird stands in water.
/home/whx/Dataset/semi-aves/trainval_images/79/8.jpg	a bird perched on a wire.
/home/whx/Dataset/semi-aves/trainval_images/79/18.jpg	a bird perched on branch.
/home/whx/Dataset/semi-aves/trainval_images/79/12.jpg	a bird stands on a concrete surface.
/home/whx/Dataset/semi-aves/trainval_images/80/16.jpg	a bird perched on branch.
/home/whx/Dataset/semi-aves/trainval_images/80/17.jpg	a bird perched on a branch.
/home/whx/Dataset/semi-aves/trainval_images/80/5.jpg	a bird perched on branch.
/home/whx/Dataset/semi-aves/trainval_images/80/15.jpg	a bird perched on grass.
/home/whx/Dataset/semi-aves/trainval_images/80/25.jpg	a bird perched, holding insect.
/home/whx/Dataset/semi-aves/trainval_images/80/28.jpg	a bird perched on a branch.
/home/whx/Dataset/semi-aves/trainval_images/80/22.jpg	a bird perched on ferns.
/home/whx/Dataset/semi-aves/trainval_images/80/1.jpg	a bird perched, head turned.
/home/whx/Dataset/semi-aves/trainval_images/80/6.jpg	a bird perched on barbed wire.
/home/whx/Dataset/semi-aves/trainval_images/80/21.jpg	a bird perched on a branch.
/home/whx/Dataset/semi-aves/trainval_images/80/20.jpg	a bird flying.
/home/whx/Dataset/semi-aves/trainval_images/80/2.jpg	a bird perched on branch.
/home/whx/Dataset/semi-aves/trainval_images/80/12.jpg	a bird perched on a log.
/home/whx/Dataset/semi-aves/trainval_images/80/3.jpg	a bird perched on a branch.
/home/whx/Dataset/semi-aves/trainval_images/80/14.jpg	a bird perched on a branch.
/home/whx/Dataset/semi-aves/trainval_images/80/9.jpg	a bird perched on a branch.
/home/whx/Dataset/semi-aves/trainval_images/81/32.jpg	a bird perched on a tree branch.
/home/whx/Dataset/semi-aves/trainval_images/81/31.jpg	a bird perched on a branch.
/home/whx/Dataset/semi-aves/trainval_images/81/25.jpg	a bird perched on branch.
/home/whx/Dataset/semi-aves/trainval_images/81/3.jpg	a bird perched on a branch.
/home/whx/Dataset/semi-aves/trainval_images/81/19.jpg	a bird perched on a branch.
/home/whx/Dataset/semi-aves/trainval_images/81/27.jpg	a bird perched on a tree branch.
/home/whx/Dataset/semi-aves/trainval_images/81/15.jpg	a bird perched on branch.
/home/whx/Dataset/semi-aves/trainval_images/81/30.jpg	a bird perched on a branch, holding an insect in its beak.
/home/whx/Dataset/semi-aves/trainval_images/81/4.jpg	a bird perched on a branch.
/home/whx/Dataset/semi-aves/trainval_images/81/12.jpg	a bird perched on branch.
/home/whx/Dataset/semi-aves/trainval_images/81/29.jpg	a bird perched on branch.
/home/whx/Dataset/semi-aves/trainval_images/81/22.jpg	a bird perched on a tree trunk.
/home/whx/Dataset/semi-aves/trainval_images/81/6.jpg	a bird perched on a branch.
/home/whx/Dataset/semi-aves/trainval_images/81/5.jpg	a bird perched on a tree stump.
/home/whx/Dataset/semi-aves/trainval_images/81/16.jpg	a bird perched on a branch.
/home/whx/Dataset/semi-aves/trainval_images/81/8.jpg	a bird perched on branch.
/home/whx/Dataset/semi-aves/trainval_images/82/13.jpg	a bird is sitting on the ground.
/home/whx/Dataset/semi-aves/trainval_images/82/23.jpg	a bird stands upright.
/home/whx/Dataset/semi-aves/trainval_images/82/17.jpg	a bird stands on grass, tail fanned out.
/home/whx/Dataset/semi-aves/trainval_images/82/9.jpg	a bird perched on wire, head turned.
/home/whx/Dataset/semi-aves/trainval_images/82/15.jpg	a bird perched on rocks.
/home/whx/Dataset/semi-aves/trainval_images/82/20.jpg	a bird perched.
/home/whx/Dataset/semi-aves/trainval_images/82/27.jpg	a bird spreads its tail feathers.
/home/whx/Dataset/semi-aves/trainval_images/82/6.jpg	a bird stands on grass.
/home/whx/Dataset/semi-aves/trainval_images/82/19.jpg	a bird stands still.
/home/whx/Dataset/semi-aves/trainval_images/82/10.jpg	a bird stands on the ground, head slightly lowered.
/home/whx/Dataset/semi-aves/trainval_images/82/25.jpg	a bird perched on a branch.
/home/whx/Dataset/semi-aves/trainval_images/82/3.jpg	a bird perched on branch.
/home/whx/Dataset/semi-aves/trainval_images/82/0.jpg	a bird perched on a branch.
/home/whx/Dataset/semi-aves/trainval_images/82/11.jpg	a bird perched.
/home/whx/Dataset/semi-aves/trainval_images/82/8.jpg	a bird perched on a branch.
/home/whx/Dataset/semi-aves/trainval_images/82/28.jpg	a bird standing on grass.
/home/whx/Dataset/semi-aves/trainval_images/83/29.jpg	a bird perched, head raised.
/home/whx/Dataset/semi-aves/trainval_images/83/9.jpg	a bird perched on wire.
/home/whx/Dataset/semi-aves/trainval_images/83/24.jpg	a bird perched, head slightly turned.
/home/whx/Dataset/semi-aves/trainval_images/83/33.jpg	a bird perched, facing left.
/home/whx/Dataset/semi-aves/trainval_images/83/26.jpg	a bird stands on a wooden deck.
/home/whx/Dataset/semi-aves/trainval_images/83/3.jpg	a bird stands on grass.
/home/whx/Dataset/semi-aves/trainval_images/83/7.jpg	a bird perched, head raised.
/home/whx/Dataset/semi-aves/trainval_images/83/16.jpg	a bird stands on one leg.
/home/whx/Dataset/semi-aves/trainval_images/83/8.jpg	a bird perched, head turned.
/home/whx/Dataset/semi-aves/trainval_images/83/23.jpg	a bird is standing in shallow water.
/home/whx/Dataset/semi-aves/trainval_images/83/25.jpg	a bird is walking.
/home/whx/Dataset/semi-aves/trainval_images/83/13.jpg	a bird stands on a grassy bank.
/home/whx/Dataset/semi-aves/trainval_images/83/4.jpg	a bird stands on grass.
/home/whx/Dataset/semi-aves/trainval_images/83/19.jpg	a bird perched, head raised.
/home/whx/Dataset/semi-aves/trainval_images/83/22.jpg	a bird perched on a post.
/home/whx/Dataset/semi-aves/trainval_images/83/6.jpg	a bird is pecking at a seed.
/home/whx/Dataset/semi-aves/trainval_images/84/26.jpg	a bird lying on its side.
/home/whx/Dataset/semi-aves/trainval_images/84/17.jpg	a bird perched on tree trunk.
/home/whx/Dataset/semi-aves/trainval_images/84/20.jpg	a bird perched on a branch.
/home/whx/Dataset/semi-aves/trainval_images/84/19.jpg	a bird perched vertically.
/home/whx/Dataset/semi-aves/trainval_images/84/1.jpg	a bird perched on tree trunk.
/home/whx/Dataset/semi-aves/trainval_images/84/30.jpg	a bird perched on tree branch.
/home/whx/Dataset/semi-aves/trainval_images/84/28.jpg	a bird perched on a person's hand.
/home/whx/Dataset/semi-aves/trainval_images/84/16.jpg	a bird perched on a branch.
/home/whx/Dataset/semi-aves/trainval_images/84/4.jpg	a bird perched on tree, head turned.
/home/whx/Dataset/semi-aves/trainval_images/84/13.jpg	a bird perched on a tree.
/home/whx/Dataset/semi-aves/trainval_images/84/8.jpg	a bird perched on a branch.
/home/whx/Dataset/semi-aves/trainval_images/84/21.jpg	a bird perched on tree trunk.
/home/whx/Dataset/semi-aves/trainval_images/84/15.jpg	a bird not visible.
/home/whx/Dataset/semi-aves/trainval_images/84/9.jpg	a bird perched on tree trunk.
/home/whx/Dataset/semi-aves/trainval_images/84/29.jpg	a bird perched on tree branch.
/home/whx/Dataset/semi-aves/trainval_images/84/25.jpg	a bird perched on a branch.
/home/whx/Dataset/semi-aves/trainval_images/85/6.jpg	a bird perched on a branch.
/home/whx/Dataset/semi-aves/trainval_images/85/15.jpg	a bird perched on a branch.
/home/whx/Dataset/semi-aves/trainval_images/85/11.jpg	a bird perched on branch.
/home/whx/Dataset/semi-aves/trainval_images/85/19.jpg	a bird perched, feeding.
/home/whx/Dataset/semi-aves/trainval_images/85/29.jpg	a bird perched on mossy rock.
/home/whx/Dataset/semi-aves/trainval_images/85/7.jpg	a bird perched, head tilted.
/home/whx/Dataset/semi-aves/trainval_images/85/10.jpg	a bird perched at birdhouse opening.
/home/whx/Dataset/semi-aves/trainval_images/85/5.jpg	a bird perched on tree branch.
/home/whx/Dataset/semi-aves/trainval_images/85/27.jpg	a bird perched on branch.
/home/whx/Dataset/semi-aves/trainval_images/85/23.jpg	a bird perched on moss.
/home/whx/Dataset/semi-aves/trainval_images/85/18.jpg	a bird perched on a branch.
/home/whx/Dataset/semi-aves/trainval_images/85/14.jpg	a bird perched, head turned.
/home/whx/Dataset/semi-aves/trainval_images/85/17.jpg	a bird perched on a branch.
/home/whx/Dataset/semi-aves/trainval_images/85/4.jpg	a bird perched on branch.
/home/whx/Dataset/semi-aves/trainval_images/85/1.jpg	a bird perched on tree trunk.
/home/whx/Dataset/semi-aves/trainval_images/85/24.jpg	a bird perched on branch.
/home/whx/Dataset/semi-aves/trainval_images/86/16.jpg	a bird perched on a branch.
/home/whx/Dataset/semi-aves/trainval_images/86/22.jpg	a bird perched, head tilted.
/home/whx/Dataset/semi-aves/trainval_images/86/4.jpg	a bird perched on a branch.
/home/whx/Dataset/semi-aves/trainval_images/86/20.jpg	a bird stands upright.
/home/whx/Dataset/semi-aves/trainval_images/86/24.jpg	a bird perched on a branch.
/home/whx/Dataset/semi-aves/trainval_images/86/6.jpg	a bird perched on a drinking fountain.
/home/whx/Dataset/semi-aves/trainval_images/86/10.jpg	a bird perched on a branch.
/home/whx/Dataset/semi-aves/trainval_images/86/19.jpg	a bird perched on a branch.
/home/whx/Dataset/semi-aves/trainval_images/86/15.jpg	a bird perched, holding food in beak.
/home/whx/Dataset/semi-aves/trainval_images/86/21.jpg	a bird perched on a log.
/home/whx/Dataset/semi-aves/trainval_images/86/23.jpg	a bird perched on branch, head turned.
/home/whx/Dataset/semi-aves/trainval_images/86/3.jpg	a bird perched on branch.
/home/whx/Dataset/semi-aves/trainval_images/86/28.jpg	a bird perched on a branch.
/home/whx/Dataset/semi-aves/trainval_images/86/17.jpg	a bird perched on branch.
/home/whx/Dataset/semi-aves/trainval_images/86/8.jpg	a bird perched on a branch.
/home/whx/Dataset/semi-aves/trainval_images/86/18.jpg	a bird perched on a branch.
/home/whx/Dataset/semi-aves/trainval_images/87/2.jpg	a bird perched on branch.
/home/whx/Dataset/semi-aves/trainval_images/87/20.jpg	a bird perched on a branch.
/home/whx/Dataset/semi-aves/trainval_images/87/17.jpg	a bird is foraging on the ground.
/home/whx/Dataset/semi-aves/trainval_images/87/26.jpg	a bird perched.
/home/whx/Dataset/semi-aves/trainval_images/87/22.jpg	a bird stands upright.
/home/whx/Dataset/semi-aves/trainval_images/87/1.jpg	a bird perched
/home/whx/Dataset/semi-aves/trainval_images/87/18.jpg	a bird stands upright.
/home/whx/Dataset/semi-aves/trainval_images/87/5.jpg	a bird perched on a utility pole.
/home/whx/Dataset/semi-aves/trainval_images/87/21.jpg	a bird perched on wire.
/home/whx/Dataset/semi-aves/trainval_images/87/3.jpg	a bird perched on tree branch.
/home/whx/Dataset/semi-aves/trainval_images/87/7.jpg	a bird perched on a branch, head tilted upward.
/home/whx/Dataset/semi-aves/trainval_images/87/23.jpg	a bird perched.
/home/whx/Dataset/semi-aves/trainval_images/87/6.jpg	a bird perched on a wire.
/home/whx/Dataset/semi-aves/trainval_images/87/16.jpg	a bird perched on a branch.
/home/whx/Dataset/semi-aves/trainval_images/87/9.jpg	a bird perched on a branch.
/home/whx/Dataset/semi-aves/trainval_images/87/27.jpg	a bird perched.
/home/whx/Dataset/semi-aves/trainval_images/88/10.jpg	a bird perched on branch.
/home/whx/Dataset/semi-aves/trainval_images/88/0.jpg	a bird perched on tree trunk.
/home/whx/Dataset/semi-aves/trainval_images/88/24.jpg	a bird perched on feeder.
/home/whx/Dataset/semi-aves/trainval_images/88/28.jpg	a bird perched on a branch.
/home/whx/Dataset/semi-aves/trainval_images/88/9.jpg	a bird perched on a branch.
/home/whx/Dataset/semi-aves/trainval_images/88/19.jpg	a bird perched on tree trunk.
/home/whx/Dataset/semi-aves/trainval_images/88/7.jpg	a bird perched on a pine cone.
/home/whx/Dataset/semi-aves/trainval_images/88/2.jpg	a bird perched, feeding.
/home/whx/Dataset/semi-aves/trainval_images/88/23.jpg	a bird perched, head slightly tilted.
/home/whx/Dataset/semi-aves/trainval_images/88/8.jpg	a bird perched on a tree.
/home/whx/Dataset/semi-aves/trainval_images/88/29.jpg	a bird lying on its back.
/home/whx/Dataset/semi-aves/trainval_images/88/20.jpg	a bird perched on tree trunk.
/home/whx/Dataset/semi-aves/trainval_images/88/16.jpg	a bird perched on a branch.
/home/whx/Dataset/semi-aves/trainval_images/88/12.jpg	a bird perched, another in flight.
/home/whx/Dataset/semi-aves/trainval_images/88/26.jpg	a bird perched on branch.
/home/whx/Dataset/semi-aves/trainval_images/88/1.jpg	a bird perched on a feeder.
/home/whx/Dataset/semi-aves/trainval_images/89/21.jpg	a bird perched on branch.
/home/whx/Dataset/semi-aves/trainval_images/89/22.jpg	a bird perched on branch.
/home/whx/Dataset/semi-aves/trainval_images/89/8.jpg	a bird perched on a branch.
/home/whx/Dataset/semi-aves/trainval_images/89/3.jpg	a bird perched on a branch.
/home/whx/Dataset/semi-aves/trainval_images/89/31.jpg	a bird perched on branch.
/home/whx/Dataset/semi-aves/trainval_images/89/28.jpg	a bird perched on branch.
/home/whx/Dataset/semi-aves/trainval_images/89/24.jpg	a bird perched on a branch.
/home/whx/Dataset/semi-aves/trainval_images/89/4.jpg	a bird perched on wire.
/home/whx/Dataset/semi-aves/trainval_images/89/33.jpg	a bird perched on branch.
/home/whx/Dataset/semi-aves/trainval_images/89/18.jpg	a bird perched on branch.
/home/whx/Dataset/semi-aves/trainval_images/89/1.jpg	a bird perched, head tilted, feeding.
/home/whx/Dataset/semi-aves/trainval_images/89/11.jpg	a bird perched on a branch.
/home/whx/Dataset/semi-aves/trainval_images/89/2.jpg	a bird perched on a branch.
/home/whx/Dataset/semi-aves/trainval_images/89/25.jpg	a bird perched on a feeder.
/home/whx/Dataset/semi-aves/trainval_images/89/30.jpg	a bird perched on a branch.
/home/whx/Dataset/semi-aves/trainval_images/89/9.jpg	a bird perched on branch.
/home/whx/Dataset/semi-aves/trainval_images/90/10.jpg	a bird perched on a branch.
/home/whx/Dataset/semi-aves/trainval_images/90/7.jpg	a bird perched on a branch.
/home/whx/Dataset/semi-aves/trainval_images/90/8.jpg	a bird perched on a branch.
/home/whx/Dataset/semi-aves/trainval_images/90/16.jpg	a bird in flight, wings spread.
/home/whx/Dataset/semi-aves/trainval_images/90/1.jpg	a bird perched on branch.
/home/whx/Dataset/semi-aves/trainval_images/90/11.jpg	a bird perched on branch.
/home/whx/Dataset/semi-aves/trainval_images/90/0.jpg	a bird stands in grass, head turned.
/home/whx/Dataset/semi-aves/trainval_images/90/2.jpg	a bird perched on branch.
/home/whx/Dataset/semi-aves/trainval_images/90/4.jpg	a bird perched on branch.
/home/whx/Dataset/semi-aves/trainval_images/90/12.jpg	a bird perched on branch.
/home/whx/Dataset/semi-aves/trainval_images/90/22.jpg	a bird perched on branch.
/home/whx/Dataset/semi-aves/trainval_images/90/26.jpg	a bird perched on a branch.
/home/whx/Dataset/semi-aves/trainval_images/90/3.jpg	a bird perched on branch.
/home/whx/Dataset/semi-aves/trainval_images/90/27.jpg	a bird perched on branch.
/home/whx/Dataset/semi-aves/trainval_images/90/5.jpg	a bird perched on branch.
/home/whx/Dataset/semi-aves/trainval_images/90/19.jpg	a bird perched, head slightly tilted.
/home/whx/Dataset/semi-aves/trainval_images/91/0.jpg	a bird perched on a branch.
/home/whx/Dataset/semi-aves/trainval_images/91/32.jpg	a bird perched on wire.
/home/whx/Dataset/semi-aves/trainval_images/91/20.jpg	a bird perched on a branch.
/home/whx/Dataset/semi-aves/trainval_images/91/7.jpg	a bird perched, open beak.
/home/whx/Dataset/semi-aves/trainval_images/91/11.jpg	a bird perched on a wooden surface.
/home/whx/Dataset/semi-aves/trainval_images/91/29.jpg	a bird perched on a feeder.
/home/whx/Dataset/semi-aves/trainval_images/91/25.jpg	a bird perched on a branch.
/home/whx/Dataset/semi-aves/trainval_images/91/28.jpg	a bird perched, head tilted upwards.
/home/whx/Dataset/semi-aves/trainval_images/91/33.jpg	a bird perched on branch.
/home/whx/Dataset/semi-aves/trainval_images/91/23.jpg	a bird perched on a branch.
/home/whx/Dataset/semi-aves/trainval_images/91/4.jpg	a bird perched on a branch.
/home/whx/Dataset/semi-aves/trainval_images/91/19.jpg	a bird perched on branch.
/home/whx/Dataset/semi-aves/trainval_images/91/8.jpg	a bird perched on branch.
/home/whx/Dataset/semi-aves/trainval_images/91/12.jpg	a bird perched on a branch.
/home/whx/Dataset/semi-aves/trainval_images/91/2.jpg	a bird perched on branch.
/home/whx/Dataset/semi-aves/trainval_images/91/18.jpg	a bird perched, feeding chick.
/home/whx/Dataset/semi-aves/trainval_images/92/19.jpg	a bird perched on feeder.
/home/whx/Dataset/semi-aves/trainval_images/92/23.jpg	a bird perched on branch.
/home/whx/Dataset/semi-aves/trainval_images/92/16.jpg	a bird perched on a hand.
/home/whx/Dataset/semi-aves/trainval_images/92/15.jpg	a bird stands upright.
/home/whx/Dataset/semi-aves/trainval_images/92/18.jpg	a bird perched, facing left.
/home/whx/Dataset/semi-aves/trainval_images/92/13.jpg	a bird perched on a branch.
/home/whx/Dataset/semi-aves/trainval_images/92/17.jpg	a bird perched on a branch.
/home/whx/Dataset/semi-aves/trainval_images/92/12.jpg	a bird perched on branch.
/home/whx/Dataset/semi-aves/trainval_images/92/9.jpg	a bird perched, facing left.
/home/whx/Dataset/semi-aves/trainval_images/92/7.jpg	a bird perched on a branch.
/home/whx/Dataset/semi-aves/trainval_images/92/20.jpg	a bird crouches in snow.
/home/whx/Dataset/semi-aves/trainval_images/92/22.jpg	a bird perched on branch.
/home/whx/Dataset/semi-aves/trainval_images/92/4.jpg	a bird perched on a branch.
/home/whx/Dataset/semi-aves/trainval_images/92/1.jpg	a bird perched on grass.
/home/whx/Dataset/semi-aves/trainval_images/92/24.jpg	a bird perched on tree trunk.
/home/whx/Dataset/semi-aves/trainval_images/92/8.jpg	a bird stands on ground, facing right.
/home/whx/Dataset/semi-aves/trainval_images/93/7.jpg	a bird perched on feeder.
/home/whx/Dataset/semi-aves/trainval_images/93/11.jpg	a bird perched on tree trunk.
/home/whx/Dataset/semi-aves/trainval_images/93/15.jpg	a bird perched on a feeder.
/home/whx/Dataset/semi-aves/trainval_images/93/13.jpg	a bird perched on rock.
/home/whx/Dataset/semi-aves/trainval_images/93/27.jpg	a bird perched on branch.
/home/whx/Dataset/semi-aves/trainval_images/93/8.jpg	a bird perched on branch.
/home/whx/Dataset/semi-aves/trainval_images/93/17.jpg	a bird perched on a branch.
/home/whx/Dataset/semi-aves/trainval_images/93/0.jpg	a bird perched, head down, feeding.
/home/whx/Dataset/semi-aves/trainval_images/93/30.jpg	a bird perched on branch.
/home/whx/Dataset/semi-aves/trainval_images/93/29.jpg	a bird perched, head tilted.
/home/whx/Dataset/semi-aves/trainval_images/93/31.jpg	a bird perched on a branch.
/home/whx/Dataset/semi-aves/trainval_images/93/16.jpg	a bird perched on feeder.
/home/whx/Dataset/semi-aves/trainval_images/93/25.jpg	a bird perched, head down.
/home/whx/Dataset/semi-aves/trainval_images/93/33.jpg	a bird perched, wings slightly spread.
/home/whx/Dataset/semi-aves/trainval_images/93/4.jpg	a bird perched on a wooden feeder.
/home/whx/Dataset/semi-aves/trainval_images/93/12.jpg	a bird perched on feeder.
/home/whx/Dataset/semi-aves/trainval_images/94/6.jpg	a bird is perched on the ground.
/home/whx/Dataset/semi-aves/trainval_images/94/23.jpg	a bird perched on a branch.
/home/whx/Dataset/semi-aves/trainval_images/94/4.jpg	a bird perched on a wire.
/home/whx/Dataset/semi-aves/trainval_images/94/34.jpg	a bird perched on a wire.
/home/whx/Dataset/semi-aves/trainval_images/94/1.jpg	a bird perched on plant.
/home/whx/Dataset/semi-aves/trainval_images/94/19.jpg	a bird perched on a branch.
/home/whx/Dataset/semi-aves/trainval_images/94/9.jpg	a bird perched on feeder.
/home/whx/Dataset/semi-aves/trainval_images/94/14.jpg	a bird perched on ground.
/home/whx/Dataset/semi-aves/trainval_images/94/21.jpg	a bird standing in water.
/home/whx/Dataset/semi-aves/trainval_images/94/33.jpg	a bird perched.
/home/whx/Dataset/semi-aves/trainval_images/94/26.jpg	a bird perched, head slightly lowered.
/home/whx/Dataset/semi-aves/trainval_images/94/2.jpg	a bird perched on a branch.
/home/whx/Dataset/semi-aves/trainval_images/94/18.jpg	a bird perched
/home/whx/Dataset/semi-aves/trainval_images/94/25.jpg	a bird perched
/home/whx/Dataset/semi-aves/trainval_images/94/27.jpg	a bird perched on branch.
/home/whx/Dataset/semi-aves/trainval_images/94/35.jpg	a bird perched on branch.
/home/whx/Dataset/semi-aves/trainval_images/95/15.jpg	a bird perched on a wire.
/home/whx/Dataset/semi-aves/trainval_images/95/10.jpg	a bird perched on a branch.
/home/whx/Dataset/semi-aves/trainval_images/95/11.jpg	a bird perched on branch.
/home/whx/Dataset/semi-aves/trainval_images/95/9.jpg	a bird perched on a branch.
/home/whx/Dataset/semi-aves/trainval_images/95/5.jpg	a bird perched on a branch.
/home/whx/Dataset/semi-aves/trainval_images/95/4.jpg	a bird perched on branch.
/home/whx/Dataset/semi-aves/trainval_images/95/12.jpg	a bird perched on a branch.
/home/whx/Dataset/semi-aves/trainval_images/95/14.jpg	a bird perched on a branch.
/home/whx/Dataset/semi-aves/trainval_images/95/6.jpg	a bird perched on a branch.
/home/whx/Dataset/semi-aves/trainval_images/95/1.jpg	a bird perched on a branch.
/home/whx/Dataset/semi-aves/trainval_images/95/19.jpg	a bird perched on a branch.
/home/whx/Dataset/semi-aves/trainval_images/95/2.jpg	a bird perched on wire, facing right.
/home/whx/Dataset/semi-aves/trainval_images/95/17.jpg	a bird perched on a branch.
/home/whx/Dataset/semi-aves/trainval_images/95/21.jpg	a bird perched on a wire.
/home/whx/Dataset/semi-aves/trainval_images/95/0.jpg	a bird perched on a branch.
/home/whx/Dataset/semi-aves/trainval_images/95/8.jpg	a bird perched on a branch.
/home/whx/Dataset/semi-aves/trainval_images/96/20.jpg	a bird perched on tree trunk.
/home/whx/Dataset/semi-aves/trainval_images/96/4.jpg	a bird perched on branch.
/home/whx/Dataset/semi-aves/trainval_images/96/12.jpg	a bird perched on tree trunk.
/home/whx/Dataset/semi-aves/trainval_images/96/17.jpg	a bird perched on a branch.
/home/whx/Dataset/semi-aves/trainval_images/96/3.jpg	a bird perched vertically on tree trunk.
/home/whx/Dataset/semi-aves/trainval_images/96/14.jpg	a bird perched on branch.
/home/whx/Dataset/semi-aves/trainval_images/96/0.jpg	a bird perched on a branch.
/home/whx/Dataset/semi-aves/trainval_images/96/13.jpg	a bird perched on tree trunk.
/home/whx/Dataset/semi-aves/trainval_images/96/21.jpg	a bird perched on a branch.
/home/whx/Dataset/semi-aves/trainval_images/96/8.jpg	a bird perched, head down, pecking.
/home/whx/Dataset/semi-aves/trainval_images/96/19.jpg	a bird perched vertically on tree trunk.
/home/whx/Dataset/semi-aves/trainval_images/96/5.jpg	a bird perched, head raised.
/home/whx/Dataset/semi-aves/trainval_images/96/6.jpg	a bird perched on tree trunk.
/home/whx/Dataset/semi-aves/trainval_images/96/22.jpg	a bird perched on moss.
/home/whx/Dataset/semi-aves/trainval_images/96/9.jpg	a bird perched on fence.
/home/whx/Dataset/semi-aves/trainval_images/96/7.jpg	a bird perched vertically on tree trunk.
/home/whx/Dataset/semi-aves/trainval_images/97/3.jpg	a bird perched.
/home/whx/Dataset/semi-aves/trainval_images/97/31.jpg	a bird perched on tree trunk.
/home/whx/Dataset/semi-aves/trainval_images/97/15.jpg	a bird perched on tree trunk.
/home/whx/Dataset/semi-aves/trainval_images/97/24.jpg	a bird perched on branch.
/home/whx/Dataset/semi-aves/trainval_images/97/1.jpg	a bird perched on branch.
/home/whx/Dataset/semi-aves/trainval_images/97/20.jpg	a bird perched on a branch.
/home/whx/Dataset/semi-aves/trainval_images/97/22.jpg	a bird perched on tree branch.
/home/whx/Dataset/semi-aves/trainval_images/97/25.jpg	a bird perched on branch.
/home/whx/Dataset/semi-aves/trainval_images/97/0.jpg	a bird perched on a log.
/home/whx/Dataset/semi-aves/trainval_images/97/27.jpg	a bird perched on a branch.
/home/whx/Dataset/semi-aves/trainval_images/97/30.jpg	a bird perched on a tree branch.
/home/whx/Dataset/semi-aves/trainval_images/97/18.jpg	a bird perched.
/home/whx/Dataset/semi-aves/trainval_images/97/4.jpg	a bird perched on tree branch.
/home/whx/Dataset/semi-aves/trainval_images/97/16.jpg	a bird perched on branch.
/home/whx/Dataset/semi-aves/trainval_images/97/26.jpg	a bird perched on tree trunk.
/home/whx/Dataset/semi-aves/trainval_images/97/11.jpg	a bird perched on branch.
/home/whx/Dataset/semi-aves/trainval_images/98/18.jpg	a bird perched on branch.
/home/whx/Dataset/semi-aves/trainval_images/98/9.jpg	a bird stands on grass.
/home/whx/Dataset/semi-aves/trainval_images/98/26.jpg	a bird perched on a branch.
/home/whx/Dataset/semi-aves/trainval_images/98/19.jpg	a bird perched on a rock.
/home/whx/Dataset/semi-aves/trainval_images/98/21.jpg	a bird lying down.
/home/whx/Dataset/semi-aves/trainval_images/98/12.jpg	a bird perched on ground.
/home/whx/Dataset/semi-aves/trainval_images/98/16.jpg	a bird perched on branch.
/home/whx/Dataset/semi-aves/trainval_images/98/23.jpg	a bird perched on branch.
/home/whx/Dataset/semi-aves/trainval_images/98/8.jpg	a bird perched on a hand.
/home/whx/Dataset/semi-aves/trainval_images/98/20.jpg	a bird perched on a branch.
/home/whx/Dataset/semi-aves/trainval_images/98/22.jpg	a bird perched on a birdbath.
/home/whx/Dataset/semi-aves/trainval_images/98/3.jpg	a bird stands on wet pavement.
/home/whx/Dataset/semi-aves/trainval_images/98/30.jpg	a bird stands on ground, head raised.
/home/whx/Dataset/semi-aves/trainval_images/98/25.jpg	a bird perched on branch.
/home/whx/Dataset/semi-aves/trainval_images/98/6.jpg	a bird perched on branch.
/home/whx/Dataset/semi-aves/trainval_images/98/1.jpg	a bird perched on thorny branch.
/home/whx/Dataset/semi-aves/trainval_images/99/2.jpg	a bird perched on a branch.
/home/whx/Dataset/semi-aves/trainval_images/99/29.jpg	a bird perched on a branch.
/home/whx/Dataset/semi-aves/trainval_images/99/22.jpg	a bird perched on a branch.
/home/whx/Dataset/semi-aves/trainval_images/99/10.jpg	a bird perched on branch.
/home/whx/Dataset/semi-aves/trainval_images/99/13.jpg	a bird perched on a branch.
/home/whx/Dataset/semi-aves/trainval_images/99/23.jpg	a bird perched on a branch.
/home/whx/Dataset/semi-aves/trainval_images/99/11.jpg	a bird perched on a branch.
/home/whx/Dataset/semi-aves/trainval_images/99/8.jpg	a bird perched on a branch.
/home/whx/Dataset/semi-aves/trainval_images/99/21.jpg	a bird perched on a branch.
/home/whx/Dataset/semi-aves/trainval_images/99/20.jpg	a bird perched on a branch.
/home/whx/Dataset/semi-aves/trainval_images/99/1.jpg	a bird perched on a branch.
/home/whx/Dataset/semi-aves/trainval_images/99/19.jpg	a bird perched on a branch.
/home/whx/Dataset/semi-aves/trainval_images/99/27.jpg	a bird perched on a branch.
/home/whx/Dataset/semi-aves/trainval_images/99/30.jpg	a bird perched on branch.
/home/whx/Dataset/semi-aves/trainval_images/99/12.jpg	a bird perched on a branch.
/home/whx/Dataset/semi-aves/trainval_images/99/25.jpg	a bird perched on branch.
/home/whx/Dataset/semi-aves/trainval_images/100/9.jpg	a bird stands in water, head slightly tilted.
/home/whx/Dataset/semi-aves/trainval_images/100/24.jpg	a bird perched on a branch.
/home/whx/Dataset/semi-aves/trainval_images/100/26.jpg	a bird stands on a wooden boardwalk.
/home/whx/Dataset/semi-aves/trainval_images/100/10.jpg	a bird perched on a branch.
/home/whx/Dataset/semi-aves/trainval_images/100/14.jpg	a bird perched on fence.
/home/whx/Dataset/semi-aves/trainval_images/100/25.jpg	a bird perched, tail raised.
/home/whx/Dataset/semi-aves/trainval_images/100/22.jpg	a bird perched on branch.
/home/whx/Dataset/semi-aves/trainval_images/100/7.jpg	a bird perched on a branch.
/home/whx/Dataset/semi-aves/trainval_images/100/20.jpg	a bird perched on branch.
/home/whx/Dataset/semi-aves/trainval_images/100/19.jpg	a bird perched on reeds.
/home/whx/Dataset/semi-aves/trainval_images/100/16.jpg	a bird stands on the ground.
/home/whx/Dataset/semi-aves/trainval_images/100/4.jpg	a bird perched among branches.
/home/whx/Dataset/semi-aves/trainval_images/100/1.jpg	a bird perched, facing left.
/home/whx/Dataset/semi-aves/trainval_images/100/27.jpg	a bird perched on branch.
/home/whx/Dataset/semi-aves/trainval_images/100/3.jpg	a bird perched on a stick.
/home/whx/Dataset/semi-aves/trainval_images/100/5.jpg	a bird is standing on the ground.
/home/whx/Dataset/semi-aves/trainval_images/101/33.jpg	a bird perched.
/home/whx/Dataset/semi-aves/trainval_images/101/23.jpg	a bird standing in water.
/home/whx/Dataset/semi-aves/trainval_images/101/8.jpg	a bird perched on a branch.
/home/whx/Dataset/semi-aves/trainval_images/101/20.jpg	a bird perched on feeder.
/home/whx/Dataset/semi-aves/trainval_images/101/0.jpg	a bird stands in grass, head slightly tilted.
/home/whx/Dataset/semi-aves/trainval_images/101/17.jpg	a bird perched on wire.
/home/whx/Dataset/semi-aves/trainval_images/101/7.jpg	a bird perched on a branch.
/home/whx/Dataset/semi-aves/trainval_images/101/14.jpg	a bird perched on a branch.
/home/whx/Dataset/semi-aves/trainval_images/101/22.jpg	a bird perched.
/home/whx/Dataset/semi-aves/trainval_images/101/5.jpg	a bird stands alert.
/home/whx/Dataset/semi-aves/trainval_images/101/28.jpg	a bird perched on a branch.
/home/whx/Dataset/semi-aves/trainval_images/101/24.jpg	a bird perched on wire.
/home/whx/Dataset/semi-aves/trainval_images/101/35.jpg	a bird perched on branch.
/home/whx/Dataset/semi-aves/trainval_images/101/3.jpg	a bird perched on branch.
/home/whx/Dataset/semi-aves/trainval_images/101/34.jpg	a bird is standing and pecking at the ground.
/home/whx/Dataset/semi-aves/trainval_images/101/11.jpg	a bird perched on a branch.
/home/whx/Dataset/semi-aves/trainval_images/102/21.jpg	a bird perched, head turned.
/home/whx/Dataset/semi-aves/trainval_images/102/15.jpg	a bird perched, head slightly turned.
/home/whx/Dataset/semi-aves/trainval_images/102/29.jpg	a bird perched on wire, head turned.
/home/whx/Dataset/semi-aves/trainval_images/102/23.jpg	a bird perched on a branch.
/home/whx/Dataset/semi-aves/trainval_images/102/32.jpg	a bird perched on a wire.
/home/whx/Dataset/semi-aves/trainval_images/102/11.jpg	a bird perched on a branch.
/home/whx/Dataset/semi-aves/trainval_images/102/31.jpg	a bird perched on a branch.
/home/whx/Dataset/semi-aves/trainval_images/102/20.jpg	a bird perched on a branch.
/home/whx/Dataset/semi-aves/trainval_images/102/24.jpg	a bird perched on a branch.
/home/whx/Dataset/semi-aves/trainval_images/102/33.jpg	a bird perched on a branch.
/home/whx/Dataset/semi-aves/trainval_images/102/30.jpg	a bird perched on a branch.
/home/whx/Dataset/semi-aves/trainval_images/102/6.jpg	a bird perched on a branch.
/home/whx/Dataset/semi-aves/trainval_images/102/13.jpg	a bird perched on a branch.
/home/whx/Dataset/semi-aves/trainval_images/102/14.jpg	a bird perched on a branch.
/home/whx/Dataset/semi-aves/trainval_images/102/12.jpg	a bird perched on a branch.
/home/whx/Dataset/semi-aves/trainval_images/102/17.jpg	a bird perched on a reed.
/home/whx/Dataset/semi-aves/trainval_images/103/3.jpg	a bird perched on branch.
/home/whx/Dataset/semi-aves/trainval_images/103/18.jpg	a bird perched on a branch.
/home/whx/Dataset/semi-aves/trainval_images/103/15.jpg	a bird perched on a branch.
/home/whx/Dataset/semi-aves/trainval_images/103/8.jpg	a bird perched on a branch.
/home/whx/Dataset/semi-aves/trainval_images/103/4.jpg	a bird stands on the ground.
/home/whx/Dataset/semi-aves/trainval_images/103/25.jpg	a bird perched on a branch.
/home/whx/Dataset/semi-aves/trainval_images/103/0.jpg	a bird perched on a branch.
/home/whx/Dataset/semi-aves/trainval_images/103/12.jpg	a bird perched on branch.
/home/whx/Dataset/semi-aves/trainval_images/103/13.jpg	a bird perched on a branch.
/home/whx/Dataset/semi-aves/trainval_images/103/29.jpg	a bird stands on a gravel surface.
/home/whx/Dataset/semi-aves/trainval_images/103/23.jpg	a bird stands on grass.
/home/whx/Dataset/semi-aves/trainval_images/103/2.jpg	a bird perched on a branch.
/home/whx/Dataset/semi-aves/trainval_images/103/5.jpg	a bird stands on ground, facing left.
/home/whx/Dataset/semi-aves/trainval_images/103/14.jpg	a bird perched on branch.
/home/whx/Dataset/semi-aves/trainval_images/103/22.jpg	a bird perched on branch.
/home/whx/Dataset/semi-aves/trainval_images/103/10.jpg	a bird stands in shallow water.
/home/whx/Dataset/semi-aves/trainval_images/104/17.jpg	a bird perched on wire.
/home/whx/Dataset/semi-aves/trainval_images/104/27.jpg	a bird stands on pebbles, head slightly tilted.
/home/whx/Dataset/semi-aves/trainval_images/104/28.jpg	a bird perched on barbed wire.
/home/whx/Dataset/semi-aves/trainval_images/104/10.jpg	a bird perched, head raised, beak open.
/home/whx/Dataset/semi-aves/trainval_images/104/4.jpg	a bird perched on a log.
/home/whx/Dataset/semi-aves/trainval_images/104/26.jpg	a bird perched on branch.
/home/whx/Dataset/semi-aves/trainval_images/104/30.jpg	a bird perched on a branch.
/home/whx/Dataset/semi-aves/trainval_images/104/3.jpg	a bird perched on barbed wire.
/home/whx/Dataset/semi-aves/trainval_images/104/9.jpg	a bird perched on a rock.
/home/whx/Dataset/semi-aves/trainval_images/104/0.jpg	a bird perched on branch.
/home/whx/Dataset/semi-aves/trainval_images/104/15.jpg	a bird perched on branch.
/home/whx/Dataset/semi-aves/trainval_images/104/13.jpg	a bird perched on a branch.
/home/whx/Dataset/semi-aves/trainval_images/104/7.jpg	A bird is perched.
/home/whx/Dataset/semi-aves/trainval_images/104/18.jpg	a bird perched.
/home/whx/Dataset/semi-aves/trainval_images/104/20.jpg	a bird perched on a branch.
/home/whx/Dataset/semi-aves/trainval_images/104/21.jpg	a bird perched on a thorny plant.
/home/whx/Dataset/semi-aves/trainval_images/105/27.jpg	a bird is perched on the ground.
/home/whx/Dataset/semi-aves/trainval_images/105/7.jpg	a bird perched.
/home/whx/Dataset/semi-aves/trainval_images/105/14.jpg	a bird perched, head tilted, beak open.
/home/whx/Dataset/semi-aves/trainval_images/105/5.jpg	a bird perched on branch.
/home/whx/Dataset/semi-aves/trainval_images/105/22.jpg	a bird perched, mouth open.
/home/whx/Dataset/semi-aves/trainval_images/105/28.jpg	a bird stands on ground, head slightly tilted.
/home/whx/Dataset/semi-aves/trainval_images/105/11.jpg	a bird perched on branch.
/home/whx/Dataset/semi-aves/trainval_images/105/31.jpg	a bird perched on branch.
/home/whx/Dataset/semi-aves/trainval_images/105/30.jpg	a bird is camouflaged among leaves and twigs.
/home/whx/Dataset/semi-aves/trainval_images/105/2.jpg	a bird perched on wood.
/home/whx/Dataset/semi-aves/trainval_images/105/18.jpg	a bird perched on a wire.
/home/whx/Dataset/semi-aves/trainval_images/105/20.jpg	a bird perched on a feeder.
/home/whx/Dataset/semi-aves/trainval_images/105/25.jpg	a bird perched on edge, wings slightly spread.
/home/whx/Dataset/semi-aves/trainval_images/105/19.jpg	a bird perched
/home/whx/Dataset/semi-aves/trainval_images/105/13.jpg	a bird perched on branch.
/home/whx/Dataset/semi-aves/trainval_images/105/10.jpg	a bird perched, head slightly tilted.
/home/whx/Dataset/semi-aves/trainval_images/106/0.jpg	a bird perched on branch.
/home/whx/Dataset/semi-aves/trainval_images/106/17.jpg	a bird perched on a branch.
/home/whx/Dataset/semi-aves/trainval_images/106/7.jpg	a bird perched on ground.
/home/whx/Dataset/semi-aves/trainval_images/106/14.jpg	a bird perched on a tree stump.
/home/whx/Dataset/semi-aves/trainval_images/106/8.jpg	a bird is not visible.
/home/whx/Dataset/semi-aves/trainval_images/106/26.jpg	a bird perched on a branch.
/home/whx/Dataset/semi-aves/trainval_images/106/1.jpg	a bird perched on a post.
/home/whx/Dataset/semi-aves/trainval_images/106/30.jpg	a bird perched on branch.
/home/whx/Dataset/semi-aves/trainval_images/106/29.jpg	a bird perched on a branch.
/home/whx/Dataset/semi-aves/trainval_images/106/24.jpg	a bird perched on a metal ring.
/home/whx/Dataset/semi-aves/trainval_images/106/20.jpg	a bird perched on a branch.
/home/whx/Dataset/semi-aves/trainval_images/106/18.jpg	a bird perched on a branch.
/home/whx/Dataset/semi-aves/trainval_images/106/2.jpg	a bird is crouched among leaves.
/home/whx/Dataset/semi-aves/trainval_images/106/27.jpg	a bird perched.
/home/whx/Dataset/semi-aves/trainval_images/106/13.jpg	a bird perched on branch.
/home/whx/Dataset/semi-aves/trainval_images/106/15.jpg	a bird perched on a branch.
/home/whx/Dataset/semi-aves/trainval_images/107/7.jpg	a bird perched on branch.
/home/whx/Dataset/semi-aves/trainval_images/107/19.jpg	a bird perched on a hand.
/home/whx/Dataset/semi-aves/trainval_images/107/21.jpg	a bird perched on a branch.
/home/whx/Dataset/semi-aves/trainval_images/107/1.jpg	a bird perched on branch.
/home/whx/Dataset/semi-aves/trainval_images/107/12.jpg	a bird perched on a hand.
/home/whx/Dataset/semi-aves/trainval_images/107/2.jpg	a bird perched on a branch.
/home/whx/Dataset/semi-aves/trainval_images/107/18.jpg	a bird perched on a branch.
/home/whx/Dataset/semi-aves/trainval_images/107/3.jpg	a bird perched on branch.
/home/whx/Dataset/semi-aves/trainval_images/107/30.jpg	a bird perched on a branch.
/home/whx/Dataset/semi-aves/trainval_images/107/16.jpg	a bird perched, facing right.
/home/whx/Dataset/semi-aves/trainval_images/107/29.jpg	a bird perched on a branch.
/home/whx/Dataset/semi-aves/trainval_images/107/17.jpg	a bird perched on a branch.
/home/whx/Dataset/semi-aves/trainval_images/107/32.jpg	a bird stands on ground, head slightly tilted.
/home/whx/Dataset/semi-aves/trainval_images/107/0.jpg	a bird perched on a branch.
/home/whx/Dataset/semi-aves/trainval_images/107/31.jpg	a bird perched on a branch.
/home/whx/Dataset/semi-aves/trainval_images/107/9.jpg	a bird perched on a branch.
/home/whx/Dataset/semi-aves/trainval_images/108/29.jpg	a bird perched on branch.
/home/whx/Dataset/semi-aves/trainval_images/108/17.jpg	a bird perched on a branch.
/home/whx/Dataset/semi-aves/trainval_images/108/26.jpg	a bird stands on ground, head slightly tilted.
/home/whx/Dataset/semi-aves/trainval_images/108/5.jpg	a bird lying on a hand.
/home/whx/Dataset/semi-aves/trainval_images/108/19.jpg	a bird perched, head turned.
/home/whx/Dataset/semi-aves/trainval_images/108/4.jpg	a bird perched on a branch.
/home/whx/Dataset/semi-aves/trainval_images/108/32.jpg	a bird perched on branch.
/home/whx/Dataset/semi-aves/trainval_images/108/22.jpg	a bird perched on branch.
/home/whx/Dataset/semi-aves/trainval_images/108/10.jpg	a bird perched on a branch.
/home/whx/Dataset/semi-aves/trainval_images/108/24.jpg	a bird perched in grass.
/home/whx/Dataset/semi-aves/trainval_images/108/27.jpg	a bird perched on a branch.
/home/whx/Dataset/semi-aves/trainval_images/108/20.jpg	a bird perched on a branch.
/home/whx/Dataset/semi-aves/trainval_images/108/14.jpg	a bird perched, head down.
/home/whx/Dataset/semi-aves/trainval_images/108/16.jpg	a bird perched on a branch.
/home/whx/Dataset/semi-aves/trainval_images/108/13.jpg	a bird perched on a branch.
/home/whx/Dataset/semi-aves/trainval_images/108/23.jpg	a bird stands on the ground.
/home/whx/Dataset/semi-aves/trainval_images/109/6.jpg	a bird stands on rocks.
/home/whx/Dataset/semi-aves/trainval_images/109/23.jpg	a bird perched on a branch.
/home/whx/Dataset/semi-aves/trainval_images/109/13.jpg	a bird perched on a branch.
/home/whx/Dataset/semi-aves/trainval_images/109/27.jpg	a bird perched on a hand.
/home/whx/Dataset/semi-aves/trainval_images/109/26.jpg	a bird perched on a branch.
/home/whx/Dataset/semi-aves/trainval_images/109/7.jpg	a bird perched on a rope.
/home/whx/Dataset/semi-aves/trainval_images/109/16.jpg	a bird perched on a branch.
/home/whx/Dataset/semi-aves/trainval_images/109/9.jpg	a bird perched on branch.
/home/whx/Dataset/semi-aves/trainval_images/109/12.jpg	a bird perched on a branch.
/home/whx/Dataset/semi-aves/trainval_images/109/5.jpg	a bird perched on a tree trunk.
/home/whx/Dataset/semi-aves/trainval_images/109/21.jpg	a bird lying on its back.
/home/whx/Dataset/semi-aves/trainval_images/109/18.jpg	a bird perched on a branch.
/home/whx/Dataset/semi-aves/trainval_images/109/28.jpg	a bird perched on a branch.
/home/whx/Dataset/semi-aves/trainval_images/109/24.jpg	a bird perched on branch.
/home/whx/Dataset/semi-aves/trainval_images/109/20.jpg	a bird perched on a branch.
/home/whx/Dataset/semi-aves/trainval_images/109/10.jpg	a bird perched on a branch.
/home/whx/Dataset/semi-aves/trainval_images/110/2.jpg	a bird perched on a branch.
/home/whx/Dataset/semi-aves/trainval_images/110/23.jpg	a bird perched on a branch.
/home/whx/Dataset/semi-aves/trainval_images/110/11.jpg	a bird perched on branch.
/home/whx/Dataset/semi-aves/trainval_images/110/10.jpg	a bird perched on nest.
/home/whx/Dataset/semi-aves/trainval_images/110/4.jpg	a bird perched on a branch.
/home/whx/Dataset/semi-aves/trainval_images/110/8.jpg	a bird perched on a branch.
/home/whx/Dataset/semi-aves/trainval_images/110/25.jpg	a bird perched on a branch.
/home/whx/Dataset/semi-aves/trainval_images/110/24.jpg	a bird perched on branch, head slightly tilted.
/home/whx/Dataset/semi-aves/trainval_images/110/28.jpg	a bird perched on a branch.
/home/whx/Dataset/semi-aves/trainval_images/110/12.jpg	a bird perched, open beak.
/home/whx/Dataset/semi-aves/trainval_images/110/29.jpg	a bird perched on wire.
/home/whx/Dataset/semi-aves/trainval_images/110/18.jpg	a bird perched on a branch.
/home/whx/Dataset/semi-aves/trainval_images/110/14.jpg	a bird perched on branch.
/home/whx/Dataset/semi-aves/trainval_images/110/0.jpg	a bird perched on a branch.
/home/whx/Dataset/semi-aves/trainval_images/110/26.jpg	a bird perched on a branch, looking to the right.
/home/whx/Dataset/semi-aves/trainval_images/110/16.jpg	a bird perched on a branch.
/home/whx/Dataset/semi-aves/trainval_images/111/8.jpg	a bird perched on a branch.
/home/whx/Dataset/semi-aves/trainval_images/111/7.jpg	a bird perched on a branch.
/home/whx/Dataset/semi-aves/trainval_images/111/6.jpg	a bird perched on a hand.
/home/whx/Dataset/semi-aves/trainval_images/111/2.jpg	a bird perched, head down.
/home/whx/Dataset/semi-aves/trainval_images/111/19.jpg	a bird perched on a branch.
/home/whx/Dataset/semi-aves/trainval_images/111/18.jpg	a bird perched on a branch.
/home/whx/Dataset/semi-aves/trainval_images/111/20.jpg	a bird perched on a hand.
/home/whx/Dataset/semi-aves/trainval_images/111/24.jpg	a bird perched on a branch.
/home/whx/Dataset/semi-aves/trainval_images/111/21.jpg	a bird perched on branch.
/home/whx/Dataset/semi-aves/trainval_images/111/14.jpg	a bird perched on a branch.
/home/whx/Dataset/semi-aves/trainval_images/111/25.jpg	a bird perched on a branch.
/home/whx/Dataset/semi-aves/trainval_images/111/9.jpg	a bird perched, head raised.
/home/whx/Dataset/semi-aves/trainval_images/111/23.jpg	a bird perched on a branch.
/home/whx/Dataset/semi-aves/trainval_images/111/26.jpg	a bird perched on a branch.
/home/whx/Dataset/semi-aves/trainval_images/111/16.jpg	a bird perched on branch.
/home/whx/Dataset/semi-aves/trainval_images/111/22.jpg	a bird perched, head tilted.
/home/whx/Dataset/semi-aves/trainval_images/112/24.jpg	a bird perched on branch.
/home/whx/Dataset/semi-aves/trainval_images/112/7.jpg	a bird perched on a fence post.
/home/whx/Dataset/semi-aves/trainval_images/112/3.jpg	a bird is crouched on the ground.
/home/whx/Dataset/semi-aves/trainval_images/112/22.jpg	a bird perched on a branch.
/home/whx/Dataset/semi-aves/trainval_images/112/26.jpg	a bird perched.
/home/whx/Dataset/semi-aves/trainval_images/112/5.jpg	a bird perched on a branch.
/home/whx/Dataset/semi-aves/trainval_images/112/2.jpg	a bird perched on a post.
/home/whx/Dataset/semi-aves/trainval_images/112/1.jpg	a bird perched on branch.
/home/whx/Dataset/semi-aves/trainval_images/112/14.jpg	a bird perched on branch.
/home/whx/Dataset/semi-aves/trainval_images/112/20.jpg	a bird perched on a branch.
/home/whx/Dataset/semi-aves/trainval_images/112/15.jpg	a bird stands on ground, head slightly tilted.
/home/whx/Dataset/semi-aves/trainval_images/112/23.jpg	a bird is foraging on the ground.
/home/whx/Dataset/semi-aves/trainval_images/112/11.jpg	a bird perched
/home/whx/Dataset/semi-aves/trainval_images/112/16.jpg	a bird perched on a branch, head tilted back.
/home/whx/Dataset/semi-aves/trainval_images/112/28.jpg	a bird perched on branch.
/home/whx/Dataset/semi-aves/trainval_images/112/12.jpg	a bird perched on branch.
/home/whx/Dataset/semi-aves/trainval_images/113/17.jpg	a bird in flight, wings spread, tail extended.
/home/whx/Dataset/semi-aves/trainval_images/113/25.jpg	a bird perched on a fence post.
/home/whx/Dataset/semi-aves/trainval_images/113/2.jpg	a bird perched on branch.
/home/whx/Dataset/semi-aves/trainval_images/113/7.jpg	a bird stands alert, tail fanned.
/home/whx/Dataset/semi-aves/trainval_images/113/12.jpg	a bird stands on a rock, tail extended.
/home/whx/Dataset/semi-aves/trainval_images/113/4.jpg	a bird in flight, wings spread, holding prey.
/home/whx/Dataset/semi-aves/trainval_images/113/9.jpg	a bird perched, head turned, tail extended.
/home/whx/Dataset/semi-aves/trainval_images/113/6.jpg	a bird perched on wire.
/home/whx/Dataset/semi-aves/trainval_images/113/21.jpg	a bird perched on barbed wire.
/home/whx/Dataset/semi-aves/trainval_images/113/11.jpg	a bird perched on a branch.
/home/whx/Dataset/semi-aves/trainval_images/113/5.jpg	a bird soars with wings spread.
/home/whx/Dataset/semi-aves/trainval_images/113/3.jpg	a bird is pecking at the ground.
/home/whx/Dataset/semi-aves/trainval_images/113/20.jpg	a bird perched on a branch.
/home/whx/Dataset/semi-aves/trainval_images/113/16.jpg	a bird stands on ground, tail extended.
/home/whx/Dataset/semi-aves/trainval_images/113/23.jpg	a bird perched on branch.
/home/whx/Dataset/semi-aves/trainval_images/113/15.jpg	a bird stands upright.
/home/whx/Dataset/semi-aves/trainval_images/114/15.jpg	a bird stands alert, head slightly tilted.
/home/whx/Dataset/semi-aves/trainval_images/114/17.jpg	a bird perched on branch.
/home/whx/Dataset/semi-aves/trainval_images/114/9.jpg	a bird is standing.
/home/whx/Dataset/semi-aves/trainval_images/114/2.jpg	a bird perched on ground, head slightly raised.
/home/whx/Dataset/semi-aves/trainval_images/114/16.jpg	a bird perched on branch.
/home/whx/Dataset/semi-aves/trainval_images/114/22.jpg	a bird perched on a log.
/home/whx/Dataset/semi-aves/trainval_images/114/6.jpg	a bird perched on a branch.
/home/whx/Dataset/semi-aves/trainval_images/114/14.jpg	a bird perched, head turned.
/home/whx/Dataset/semi-aves/trainval_images/114/0.jpg	a bird stands on ground, head slightly lowered.
/home/whx/Dataset/semi-aves/trainval_images/114/19.jpg	a bird is crouched.
/home/whx/Dataset/semi-aves/trainval_images/114/12.jpg	a bird perched on a branch.
/home/whx/Dataset/semi-aves/trainval_images/114/23.jpg	a bird perched on a log.
/home/whx/Dataset/semi-aves/trainval_images/114/24.jpg	a bird perched on a branch.
/home/whx/Dataset/semi-aves/trainval_images/114/13.jpg	a bird perched on branch.
/home/whx/Dataset/semi-aves/trainval_images/114/1.jpg	a bird perched on a branch.
/home/whx/Dataset/semi-aves/trainval_images/114/11.jpg	a bird perched on a branch.
/home/whx/Dataset/semi-aves/trainval_images/115/11.jpg	a bird soars with wings spread.
/home/whx/Dataset/semi-aves/trainval_images/115/14.jpg	a bird stands still, head raised.
/home/whx/Dataset/semi-aves/trainval_images/115/8.jpg	a bird in flight, wings spread.
/home/whx/Dataset/semi-aves/trainval_images/115/19.jpg	a bird stands tall, head tilted upwards.
/home/whx/Dataset/semi-aves/trainval_images/115/1.jpg	a bird stands still, head slightly tilted.
/home/whx/Dataset/semi-aves/trainval_images/115/20.jpg	a bird stands with head turned, neck extended.
/home/whx/Dataset/semi-aves/trainval_images/115/10.jpg	a bird perched on a branch.
/home/whx/Dataset/semi-aves/trainval_images/115/5.jpg	a bird is standing in grass.
/home/whx/Dataset/semi-aves/trainval_images/115/4.jpg	a bird stands tall, neck extended.
/home/whx/Dataset/semi-aves/trainval_images/115/3.jpg	a bird stands upright.
/home/whx/Dataset/semi-aves/trainval_images/115/21.jpg	a bird perched, head turned.
/home/whx/Dataset/semi-aves/trainval_images/115/13.jpg	a bird is wading and foraging in water.
/home/whx/Dataset/semi-aves/trainval_images/115/6.jpg	a bird perched, head turned.
/home/whx/Dataset/semi-aves/trainval_images/115/18.jpg	a bird stands tall, neck extended.
/home/whx/Dataset/semi-aves/trainval_images/115/9.jpg	a bird stands in grass, head raised.
/home/whx/Dataset/semi-aves/trainval_images/115/15.jpg	a bird stands upright.
/home/whx/Dataset/semi-aves/trainval_images/116/13.jpg	a bird in flight, wings spread.
/home/whx/Dataset/semi-aves/trainval_images/116/25.jpg	a bird swimming, head slightly raised.
/home/whx/Dataset/semi-aves/trainval_images/116/3.jpg	a bird soars with wings spread.
/home/whx/Dataset/semi-aves/trainval_images/116/29.jpg	a bird swimming.
/home/whx/Dataset/semi-aves/trainval_images/116/28.jpg	a bird stands alert, head slightly tilted.
/home/whx/Dataset/semi-aves/trainval_images/116/22.jpg	a bird floating, head turned.
/home/whx/Dataset/semi-aves/trainval_images/116/6.jpg	a bird spreads wings, perched on branch.
/home/whx/Dataset/semi-aves/trainval_images/116/12.jpg	a bird perched on branch.
/home/whx/Dataset/semi-aves/trainval_images/116/21.jpg	a bird perched, head turned.
/home/whx/Dataset/semi-aves/trainval_images/116/16.jpg	a bird perched on a rock.
/home/whx/Dataset/semi-aves/trainval_images/116/4.jpg	a bird stands on a rock, wings slightly spread.
/home/whx/Dataset/semi-aves/trainval_images/116/18.jpg	a bird stands still.
/home/whx/Dataset/semi-aves/trainval_images/116/8.jpg	a bird perched on branch.
/home/whx/Dataset/semi-aves/trainval_images/116/0.jpg	a bird perched on a branch.
/home/whx/Dataset/semi-aves/trainval_images/116/30.jpg	a bird perched on a branch.
/home/whx/Dataset/semi-aves/trainval_images/116/26.jpg	a bird is resting on a rock.
/home/whx/Dataset/semi-aves/trainval_images/117/24.jpg	a bird stands alert on sandy ground.
/home/whx/Dataset/semi-aves/trainval_images/117/18.jpg	a bird stands on the beach.
/home/whx/Dataset/semi-aves/trainval_images/117/12.jpg	a bird stands in water.
/home/whx/Dataset/semi-aves/trainval_images/117/21.jpg	a bird stands on sandy beach.
/home/whx/Dataset/semi-aves/trainval_images/117/15.jpg	a bird stands on rocks, facing right.
/home/whx/Dataset/semi-aves/trainval_images/117/17.jpg	a bird stands upright.
/home/whx/Dataset/semi-aves/trainval_images/117/19.jpg	a bird stands on sand, looking down.
/home/whx/Dataset/semi-aves/trainval_images/117/7.jpg	a bird stands on sand, legs spread, head slightly lowered.
/home/whx/Dataset/semi-aves/trainval_images/117/8.jpg	a bird stands on one leg.
/home/whx/Dataset/semi-aves/trainval_images/117/1.jpg	a bird is not visible.
/home/whx/Dataset/semi-aves/trainval_images/117/5.jpg	a bird stands on muddy ground.
/home/whx/Dataset/semi-aves/trainval_images/117/23.jpg	a bird stands on sandy ground.
/home/whx/Dataset/semi-aves/trainval_images/117/16.jpg	a bird stands on sandy ground.
/home/whx/Dataset/semi-aves/trainval_images/117/25.jpg	a bird stands on sandy ground.
/home/whx/Dataset/semi-aves/trainval_images/117/13.jpg	a bird stands on sandy ground.
/home/whx/Dataset/semi-aves/trainval_images/117/6.jpg	a bird stands on one leg.
/home/whx/Dataset/semi-aves/trainval_images/118/8.jpg	a bird perched on a branch.
/home/whx/Dataset/semi-aves/trainval_images/118/24.jpg	a bird perched on a branch.
/home/whx/Dataset/semi-aves/trainval_images/118/21.jpg	a bird perched on a branch.
/home/whx/Dataset/semi-aves/trainval_images/118/13.jpg	a bird perched on branch.
/home/whx/Dataset/semi-aves/trainval_images/118/12.jpg	a bird perched on branch.
/home/whx/Dataset/semi-aves/trainval_images/118/28.jpg	a bird perched on a branch.
/home/whx/Dataset/semi-aves/trainval_images/118/15.jpg	a bird perched on branch.
/home/whx/Dataset/semi-aves/trainval_images/118/3.jpg	a bird perched on branch.
/home/whx/Dataset/semi-aves/trainval_images/118/4.jpg	a bird perched on a branch.
/home/whx/Dataset/semi-aves/trainval_images/118/5.jpg	a bird perched on rock.
/home/whx/Dataset/semi-aves/trainval_images/118/17.jpg	a bird perched on a wooden surface.
/home/whx/Dataset/semi-aves/trainval_images/118/0.jpg	a bird perched, head slightly turned.
/home/whx/Dataset/semi-aves/trainval_images/118/14.jpg	a bird perched on a thorny branch.
/home/whx/Dataset/semi-aves/trainval_images/118/1.jpg	a bird stands alert, perched on ground.
/home/whx/Dataset/semi-aves/trainval_images/118/7.jpg	a bird perched on barbed wire.
/home/whx/Dataset/semi-aves/trainval_images/118/26.jpg	a bird perched on branch.
/home/whx/Dataset/semi-aves/trainval_images/119/12.jpg	a bird perched on a branch.
/home/whx/Dataset/semi-aves/trainval_images/119/23.jpg	a bird perched on branch.
/home/whx/Dataset/semi-aves/trainval_images/119/17.jpg	a bird perched on a branch.
/home/whx/Dataset/semi-aves/trainval_images/119/10.jpg	a bird perched, head tucked.
/home/whx/Dataset/semi-aves/trainval_images/119/7.jpg	a bird perched on a branch.
/home/whx/Dataset/semi-aves/trainval_images/119/3.jpg	a bird stands on ground, head slightly turned.
/home/whx/Dataset/semi-aves/trainval_images/119/2.jpg	a bird perched on branch.
/home/whx/Dataset/semi-aves/trainval_images/119/1.jpg	a bird perched on branch.
/home/whx/Dataset/semi-aves/trainval_images/119/13.jpg	a bird perched on a branch.
/home/whx/Dataset/semi-aves/trainval_images/119/14.jpg	a bird perched on branch.
/home/whx/Dataset/semi-aves/trainval_images/119/19.jpg	a bird perched on branch.
/home/whx/Dataset/semi-aves/trainval_images/119/18.jpg	a bird perched on a branch.
/home/whx/Dataset/semi-aves/trainval_images/119/9.jpg	a bird perched on tree branch.
/home/whx/Dataset/semi-aves/trainval_images/119/8.jpg	a bird perched on branch.
/home/whx/Dataset/semi-aves/trainval_images/119/15.jpg	a bird perched.
/home/whx/Dataset/semi-aves/trainval_images/119/11.jpg	a bird perched on branch.
/home/whx/Dataset/semi-aves/trainval_images/120/12.jpg	a bird in flight, wings spread.
/home/whx/Dataset/semi-aves/trainval_images/120/16.jpg	a bird soars with wings spread.
/home/whx/Dataset/semi-aves/trainval_images/120/11.jpg	a bird perched.
/home/whx/Dataset/semi-aves/trainval_images/120/6.jpg	a bird is in flight, wings spread.
/home/whx/Dataset/semi-aves/trainval_images/120/7.jpg	a bird in flight, wings spread.
/home/whx/Dataset/semi-aves/trainval_images/120/18.jpg	a bird in flight, wings spread.
/home/whx/Dataset/semi-aves/trainval_images/120/10.jpg	a bird stands in shallow water.
/home/whx/Dataset/semi-aves/trainval_images/120/9.jpg	a bird stands on grass.
/home/whx/Dataset/semi-aves/trainval_images/120/20.jpg	a bird flying low over water.
/home/whx/Dataset/semi-aves/trainval_images/120/1.jpg	a bird swimming
/home/whx/Dataset/semi-aves/trainval_images/120/5.jpg	a bird soars with wings spread.
/home/whx/Dataset/semi-aves/trainval_images/120/0.jpg	a bird soars with wings spread.
/home/whx/Dataset/semi-aves/trainval_images/120/19.jpg	a bird in flight, wings spread.
/home/whx/Dataset/semi-aves/trainval_images/120/13.jpg	a bird in flight, wings spread.
/home/whx/Dataset/semi-aves/trainval_images/120/17.jpg	a bird in flight, wings spread.
/home/whx/Dataset/semi-aves/trainval_images/120/4.jpg	a bird perched on a post.
/home/whx/Dataset/semi-aves/trainval_images/121/5.jpg	a bird stands on sand, wings slightly spread.
/home/whx/Dataset/semi-aves/trainval_images/121/4.jpg	a bird in flight, wings spread.
/home/whx/Dataset/semi-aves/trainval_images/121/9.jpg	a bird lies still on the ground.
/home/whx/Dataset/semi-aves/trainval_images/121/15.jpg	a bird in flight, wings spread.
/home/whx/Dataset/semi-aves/trainval_images/121/1.jpg	a bird lying down.
/home/whx/Dataset/semi-aves/trainval_images/121/18.jpg	a bird perched on a rock.
/home/whx/Dataset/semi-aves/trainval_images/121/16.jpg	a bird perched, wings slightly spread.
/home/whx/Dataset/semi-aves/trainval_images/121/2.jpg	a bird soars with wings spread.
/home/whx/Dataset/semi-aves/trainval_images/121/23.jpg	a bird soars gracefully.
/home/whx/Dataset/semi-aves/trainval_images/121/12.jpg	a bird soars with wings spread.
/home/whx/Dataset/semi-aves/trainval_images/121/21.jpg	a bird is standing on grass.
/home/whx/Dataset/semi-aves/trainval_images/121/19.jpg	a bird perched on a rock.
/home/whx/Dataset/semi-aves/trainval_images/121/22.jpg	a bird stands on the shore.
/home/whx/Dataset/semi-aves/trainval_images/121/26.jpg	a bird stands on ground, head slightly tilted.
/home/whx/Dataset/semi-aves/trainval_images/121/6.jpg	a bird stands upright on sandy ground.
/home/whx/Dataset/semi-aves/trainval_images/121/27.jpg	a bird stands on a rock.
/home/whx/Dataset/semi-aves/trainval_images/122/22.jpg	a bird stands on the wet sand.
/home/whx/Dataset/semi-aves/trainval_images/122/30.jpg	a bird spreads its wings.
/home/whx/Dataset/semi-aves/trainval_images/122/3.jpg	a bird stands still.
/home/whx/Dataset/semi-aves/trainval_images/122/17.jpg	a bird perched on a rock.
/home/whx/Dataset/semi-aves/trainval_images/122/29.jpg	a bird stands on one leg.
/home/whx/Dataset/semi-aves/trainval_images/122/27.jpg	a bird stands on rocks, head down.
/home/whx/Dataset/semi-aves/trainval_images/122/15.jpg	a bird lying down.
/home/whx/Dataset/semi-aves/trainval_images/122/0.jpg	a bird stands on rocky surface.
/home/whx/Dataset/semi-aves/trainval_images/122/13.jpg	a bird stands on one leg.
/home/whx/Dataset/semi-aves/trainval_images/122/9.jpg	a bird perched, preening.
/home/whx/Dataset/semi-aves/trainval_images/122/18.jpg	a bird stands on rocks.
/home/whx/Dataset/semi-aves/trainval_images/122/10.jpg	a bird is preening.
/home/whx/Dataset/semi-aves/trainval_images/122/4.jpg	a bird stands in shallow water.
/home/whx/Dataset/semi-aves/trainval_images/122/19.jpg	a bird stands on rocks.
/home/whx/Dataset/semi-aves/trainval_images/122/23.jpg	a bird stands on wet ground, head lowered.
/home/whx/Dataset/semi-aves/trainval_images/122/32.jpg	a bird stands on a rock, looking down.
/home/whx/Dataset/semi-aves/trainval_images/123/8.jpg	a bird perched on branch.
/home/whx/Dataset/semi-aves/trainval_images/123/2.jpg	a bird perched on driftwood.
/home/whx/Dataset/semi-aves/trainval_images/123/19.jpg	a bird perched on a wire.
/home/whx/Dataset/semi-aves/trainval_images/123/11.jpg	a bird standing on the ground.
/home/whx/Dataset/semi-aves/trainval_images/123/13.jpg	a bird perched on wire.
/home/whx/Dataset/semi-aves/trainval_images/123/12.jpg	a bird perched on a wire.
/home/whx/Dataset/semi-aves/trainval_images/123/16.jpg	a bird perched, head turned.
/home/whx/Dataset/semi-aves/trainval_images/123/0.jpg	a bird perched on a rock.
/home/whx/Dataset/semi-aves/trainval_images/123/18.jpg	a bird perched, beak open.
/home/whx/Dataset/semi-aves/trainval_images/123/3.jpg	a bird perched, head raised.
/home/whx/Dataset/semi-aves/trainval_images/123/1.jpg	a bird perched, head raised.
/home/whx/Dataset/semi-aves/trainval_images/123/24.jpg	a bird stands on a leaf-covered ground.
/home/whx/Dataset/semi-aves/trainval_images/123/20.jpg	a bird stands on grass.
/home/whx/Dataset/semi-aves/trainval_images/123/5.jpg	a bird perched.
/home/whx/Dataset/semi-aves/trainval_images/123/22.jpg	a bird stands on grass near sidewalk.
/home/whx/Dataset/semi-aves/trainval_images/123/21.jpg	a bird perched, head raised.
/home/whx/Dataset/semi-aves/trainval_images/124/24.jpg	a bird stands on ground, head slightly tilted.
/home/whx/Dataset/semi-aves/trainval_images/124/17.jpg	a bird perched, head slightly turned.
/home/whx/Dataset/semi-aves/trainval_images/124/1.jpg	a bird perched on a branch.
/home/whx/Dataset/semi-aves/trainval_images/124/20.jpg	a bird perched on a branch.
/home/whx/Dataset/semi-aves/trainval_images/124/11.jpg	a bird stands on a branch, head slightly tilted.
/home/whx/Dataset/semi-aves/trainval_images/124/18.jpg	a bird stands still, head slightly tilted.
/home/whx/Dataset/semi-aves/trainval_images/124/2.jpg	a bird stands with head slightly tilted, holding prey in beak.
/home/whx/Dataset/semi-aves/trainval_images/124/15.jpg	a bird stands with head lowered, foraging.
/home/whx/Dataset/semi-aves/trainval_images/124/25.jpg	a bird spreads wings, landing.
/home/whx/Dataset/semi-aves/trainval_images/124/22.jpg	a bird stands alert, head tilted.
/home/whx/Dataset/semi-aves/trainval_images/124/27.jpg	a bird stands alert near water.
/home/whx/Dataset/semi-aves/trainval_images/124/14.jpg	a bird standing in water, head raised.
/home/whx/Dataset/semi-aves/trainval_images/124/10.jpg	a bird stands in water, head lowered.
/home/whx/Dataset/semi-aves/trainval_images/124/0.jpg	a bird perched on a branch.
/home/whx/Dataset/semi-aves/trainval_images/124/23.jpg	a bird stands still.
/home/whx/Dataset/semi-aves/trainval_images/124/19.jpg	a bird stands still.
/home/whx/Dataset/semi-aves/trainval_images/125/10.jpg	a bird is foraging in grass.
/home/whx/Dataset/semi-aves/trainval_images/125/11.jpg	a bird stands upright.
/home/whx/Dataset/semi-aves/trainval_images/125/6.jpg	a bird soars with wings spread.
/home/whx/Dataset/semi-aves/trainval_images/125/4.jpg	a bird stands in water, head down.
/home/whx/Dataset/semi-aves/trainval_images/125/18.jpg	a bird perched in nest.
/home/whx/Dataset/semi-aves/trainval_images/125/25.jpg	a bird soars with wings spread.
/home/whx/Dataset/semi-aves/trainval_images/125/24.jpg	a bird soars with wings spread.
/home/whx/Dataset/semi-aves/trainval_images/125/3.jpg	a bird stands with head raised, legs spread.
/home/whx/Dataset/semi-aves/trainval_images/125/12.jpg	a bird soars with outstretched wings.
/home/whx/Dataset/semi-aves/trainval_images/125/28.jpg	a bird soars with wings spread wide.
/home/whx/Dataset/semi-aves/trainval_images/125/16.jpg	a bird perched on a branch.
/home/whx/Dataset/semi-aves/trainval_images/125/13.jpg	a bird soars with wings spread.
/home/whx/Dataset/semi-aves/trainval_images/125/27.jpg	a bird perched on nest.
/home/whx/Dataset/semi-aves/trainval_images/125/19.jpg	a bird in flight, wings spread, head tilted.
/home/whx/Dataset/semi-aves/trainval_images/125/17.jpg	a bird is in flight.
/home/whx/Dataset/semi-aves/trainval_images/125/23.jpg	a bird in flight.
/home/whx/Dataset/semi-aves/trainval_images/126/19.jpg	a bird perched on a branch.
/home/whx/Dataset/semi-aves/trainval_images/126/11.jpg	a bird perched on a branch.
/home/whx/Dataset/semi-aves/trainval_images/126/1.jpg	a bird perched on branch.
/home/whx/Dataset/semi-aves/trainval_images/126/22.jpg	a bird perched on branch.
/home/whx/Dataset/semi-aves/trainval_images/126/2.jpg	a bird perched on a branch.
/home/whx/Dataset/semi-aves/trainval_images/126/20.jpg	a bird perched on a branch.
/home/whx/Dataset/semi-aves/trainval_images/126/7.jpg	a bird perched on leaves.
/home/whx/Dataset/semi-aves/trainval_images/126/8.jpg	a bird perched on a branch.
/home/whx/Dataset/semi-aves/trainval_images/126/12.jpg	a bird perched on a branch.
/home/whx/Dataset/semi-aves/trainval_images/126/9.jpg	a bird perched on a branch.
/home/whx/Dataset/semi-aves/trainval_images/126/21.jpg	a bird perched on branch.
/home/whx/Dataset/semi-aves/trainval_images/126/23.jpg	a bird perched on branch.
/home/whx/Dataset/semi-aves/trainval_images/126/24.jpg	a bird perched on a branch.
/home/whx/Dataset/semi-aves/trainval_images/126/15.jpg	a bird perched on a branch.
/home/whx/Dataset/semi-aves/trainval_images/126/4.jpg	a bird perched, holding prey.
/home/whx/Dataset/semi-aves/trainval_images/126/6.jpg	a bird perched on a branch.
/home/whx/Dataset/semi-aves/trainval_images/127/2.jpg	a bird perched on a branch.
/home/whx/Dataset/semi-aves/trainval_images/127/4.jpg	a bird perched on a branch.
/home/whx/Dataset/semi-aves/trainval_images/127/9.jpg	a bird perched on a branch.
/home/whx/Dataset/semi-aves/trainval_images/127/17.jpg	a bird perched on a branch.
/home/whx/Dataset/semi-aves/trainval_images/127/23.jpg	a bird perched on a branch.
/home/whx/Dataset/semi-aves/trainval_images/127/20.jpg	a bird perched, facing right.
/home/whx/Dataset/semi-aves/trainval_images/127/8.jpg	a bird perched on a branch.
/home/whx/Dataset/semi-aves/trainval_images/127/7.jpg	a bird perched on a streetlight.
/home/whx/Dataset/semi-aves/trainval_images/127/6.jpg	a bird perched, head turned.
/home/whx/Dataset/semi-aves/trainval_images/127/3.jpg	a bird perched on a branch.
/home/whx/Dataset/semi-aves/trainval_images/127/21.jpg	a bird perched on branch.
/home/whx/Dataset/semi-aves/trainval_images/127/15.jpg	a bird perched on branch.
/home/whx/Dataset/semi-aves/trainval_images/127/1.jpg	a bird perched on branch.
/home/whx/Dataset/semi-aves/trainval_images/127/11.jpg	a bird perched on a post.
/home/whx/Dataset/semi-aves/trainval_images/127/24.jpg	a bird perched on a pole.
/home/whx/Dataset/semi-aves/trainval_images/127/26.jpg	a bird perched on a branch.
/home/whx/Dataset/semi-aves/trainval_images/128/6.jpg	a bird perched on a branch.
/home/whx/Dataset/semi-aves/trainval_images/128/17.jpg	a bird perched on a branch.
/home/whx/Dataset/semi-aves/trainval_images/128/2.jpg	a bird perched on rock.
/home/whx/Dataset/semi-aves/trainval_images/128/21.jpg	a bird perched on branch.
/home/whx/Dataset/semi-aves/trainval_images/128/10.jpg	a bird perched on branch.
/home/whx/Dataset/semi-aves/trainval_images/128/18.jpg	a bird perched on branch.
/home/whx/Dataset/semi-aves/trainval_images/128/9.jpg	a bird perched on a branch.
/home/whx/Dataset/semi-aves/trainval_images/128/4.jpg	a bird perched on a branch.
/home/whx/Dataset/semi-aves/trainval_images/128/0.jpg	a bird perched on branch.
/home/whx/Dataset/semi-aves/trainval_images/128/7.jpg	a bird perched on branch.
/home/whx/Dataset/semi-aves/trainval_images/128/5.jpg	a bird perched on branch.
/home/whx/Dataset/semi-aves/trainval_images/128/11.jpg	a bird perched on a branch.
/home/whx/Dataset/semi-aves/trainval_images/128/14.jpg	a bird perched on a hand.
/home/whx/Dataset/semi-aves/trainval_images/128/19.jpg	a bird perched on a branch.
/home/whx/Dataset/semi-aves/trainval_images/128/12.jpg	a bird perched on a branch.
/home/whx/Dataset/semi-aves/trainval_images/128/22.jpg	a bird perched on branch.
/home/whx/Dataset/semi-aves/trainval_images/129/23.jpg	a bird perched on a branch.
/home/whx/Dataset/semi-aves/trainval_images/129/5.jpg	a bird perched on branch.
/home/whx/Dataset/semi-aves/trainval_images/129/17.jpg	a bird soars with wings spread.
/home/whx/Dataset/semi-aves/trainval_images/129/1.jpg	a bird soars with wings spread.
/home/whx/Dataset/semi-aves/trainval_images/129/18.jpg	a bird perched on branch.
/home/whx/Dataset/semi-aves/trainval_images/129/16.jpg	a bird soars with wings spread.
/home/whx/Dataset/semi-aves/trainval_images/129/13.jpg	a bird perched on a branch.
/home/whx/Dataset/semi-aves/trainval_images/129/22.jpg	a bird soars with wings spread.
/home/whx/Dataset/semi-aves/trainval_images/129/6.jpg	a bird soars with wings spread.
/home/whx/Dataset/semi-aves/trainval_images/129/3.jpg	a bird soars with wings spread wide.
/home/whx/Dataset/semi-aves/trainval_images/129/20.jpg	a bird soars with wings spread wide.
/home/whx/Dataset/semi-aves/trainval_images/129/9.jpg	a bird soars with wings spread.
/home/whx/Dataset/semi-aves/trainval_images/129/2.jpg	a bird soars with wings spread.
/home/whx/Dataset/semi-aves/trainval_images/129/12.jpg	a bird perched on branch.
/home/whx/Dataset/semi-aves/trainval_images/129/8.jpg	a bird soars with wings spread.
/home/whx/Dataset/semi-aves/trainval_images/129/21.jpg	a bird soars with wings spread.
/home/whx/Dataset/semi-aves/trainval_images/130/23.jpg	a bird stands alert, legs spread, head slightly tilted.
/home/whx/Dataset/semi-aves/trainval_images/130/8.jpg	a bird stands upright.
/home/whx/Dataset/semi-aves/trainval_images/130/14.jpg	a bird stands in shallow water.
/home/whx/Dataset/semi-aves/trainval_images/130/6.jpg	a bird stands on sand, head slightly tilted.
/home/whx/Dataset/semi-aves/trainval_images/130/1.jpg	a bird is not visible in the image.
/home/whx/Dataset/semi-aves/trainval_images/130/11.jpg	a bird stands still.
/home/whx/Dataset/semi-aves/trainval_images/130/24.jpg	a bird stands upright near water.
/home/whx/Dataset/semi-aves/trainval_images/130/10.jpg	a bird stands on a rocky surface.
/home/whx/Dataset/semi-aves/trainval_images/130/21.jpg	a bird stands on a log.
/home/whx/Dataset/semi-aves/trainval_images/130/7.jpg	a bird stands on sand, head slightly tilted.
/home/whx/Dataset/semi-aves/trainval_images/130/0.jpg	a bird stands upright.
/home/whx/Dataset/semi-aves/trainval_images/130/16.jpg	a bird stands upright.
/home/whx/Dataset/semi-aves/trainval_images/130/17.jpg	a bird stands on beach, facing right.
/home/whx/Dataset/semi-aves/trainval_images/130/15.jpg	a bird stands on beach, facing left.
/home/whx/Dataset/semi-aves/trainval_images/130/2.jpg	a bird stands alert, facing right.
/home/whx/Dataset/semi-aves/trainval_images/130/4.jpg	a bird is camouflaged among rocks.
/home/whx/Dataset/semi-aves/trainval_images/131/17.jpg	a bird perched on moss.
/home/whx/Dataset/semi-aves/trainval_images/131/1.jpg	a bird perched on tree trunk.
/home/whx/Dataset/semi-aves/trainval_images/131/0.jpg	a bird perched on branch.
/home/whx/Dataset/semi-aves/trainval_images/131/7.jpg	a bird perched on branch.
/home/whx/Dataset/semi-aves/trainval_images/131/2.jpg	a bird perched on a tree branch.
/home/whx/Dataset/semi-aves/trainval_images/131/16.jpg	a bird perched on a rock.
/home/whx/Dataset/semi-aves/trainval_images/131/5.jpg	a bird perched on branch.
/home/whx/Dataset/semi-aves/trainval_images/131/26.jpg	a bird perched vertically on tree trunk.
/home/whx/Dataset/semi-aves/trainval_images/131/22.jpg	a bird perched vertically on tree trunk.
/home/whx/Dataset/semi-aves/trainval_images/131/6.jpg	a bird perched vertically on tree trunk.
/home/whx/Dataset/semi-aves/trainval_images/131/18.jpg	a bird perched on tree trunk.
/home/whx/Dataset/semi-aves/trainval_images/131/14.jpg	a bird perched on tree trunk.
/home/whx/Dataset/semi-aves/trainval_images/131/9.jpg	a bird perched upside down.
/home/whx/Dataset/semi-aves/trainval_images/131/3.jpg	a bird perched vertically on tree trunk.
/home/whx/Dataset/semi-aves/trainval_images/131/24.jpg	a bird perched on tree branch.
/home/whx/Dataset/semi-aves/trainval_images/131/8.jpg	a bird perched vertically on tree trunk.
/home/whx/Dataset/semi-aves/trainval_images/132/11.jpg	a bird perched on a branch.
/home/whx/Dataset/semi-aves/trainval_images/132/10.jpg	a bird perched on a branch.
/home/whx/Dataset/semi-aves/trainval_images/132/12.jpg	a bird perched on a branch.
/home/whx/Dataset/semi-aves/trainval_images/132/20.jpg	a bird perched on branch.
/home/whx/Dataset/semi-aves/trainval_images/132/2.jpg	a bird perched on a branch.
/home/whx/Dataset/semi-aves/trainval_images/132/6.jpg	a bird perched on a branch.
/home/whx/Dataset/semi-aves/trainval_images/132/19.jpg	a bird perched, open beak.
/home/whx/Dataset/semi-aves/trainval_images/132/5.jpg	a bird perched on branch.
/home/whx/Dataset/semi-aves/trainval_images/132/22.jpg	a bird perched on a branch.
/home/whx/Dataset/semi-aves/trainval_images/132/9.jpg	a bird perched on branch.
/home/whx/Dataset/semi-aves/trainval_images/132/13.jpg	a bird perched on a branch.
/home/whx/Dataset/semi-aves/trainval_images/132/16.jpg	a bird perched on branch.
/home/whx/Dataset/semi-aves/trainval_images/132/7.jpg	a bird perched.
/home/whx/Dataset/semi-aves/trainval_images/132/18.jpg	a bird perched on a branch.
/home/whx/Dataset/semi-aves/trainval_images/132/0.jpg	a bird perched on a wire.
/home/whx/Dataset/semi-aves/trainval_images/132/15.jpg	a bird perched on a branch.
/home/whx/Dataset/semi-aves/trainval_images/133/0.jpg	a bird floating on water.
/home/whx/Dataset/semi-aves/trainval_images/133/3.jpg	a bird stands on a rock.
/home/whx/Dataset/semi-aves/trainval_images/133/21.jpg	a bird perched on a pole.
/home/whx/Dataset/semi-aves/trainval_images/133/20.jpg	a bird floating calmly on water.
/home/whx/Dataset/semi-aves/trainval_images/133/18.jpg	a bird stands on one leg.
/home/whx/Dataset/semi-aves/trainval_images/133/24.jpg	a bird spreads its wings.
/home/whx/Dataset/semi-aves/trainval_images/133/19.jpg	a bird stands on one leg.
/home/whx/Dataset/semi-aves/trainval_images/133/13.jpg	a bird perched on rocks.
/home/whx/Dataset/semi-aves/trainval_images/133/22.jpg	a bird stands on wet sand.
/home/whx/Dataset/semi-aves/trainval_images/133/10.jpg	a bird stands on grass, head slightly turned.
/home/whx/Dataset/semi-aves/trainval_images/133/17.jpg	a bird stands alert on seaweed.
/home/whx/Dataset/semi-aves/trainval_images/133/2.jpg	a bird stands on the beach.
/home/whx/Dataset/semi-aves/trainval_images/133/16.jpg	a bird is in flight.
/home/whx/Dataset/semi-aves/trainval_images/133/6.jpg	a bird perched on a post.
/home/whx/Dataset/semi-aves/trainval_images/133/25.jpg	a bird stands on rocks near water.
/home/whx/Dataset/semi-aves/trainval_images/133/11.jpg	a bird perched.
/home/whx/Dataset/semi-aves/trainval_images/134/16.jpg	a bird perched on a branch.
/home/whx/Dataset/semi-aves/trainval_images/134/25.jpg	a bird perched on branch.
/home/whx/Dataset/semi-aves/trainval_images/134/15.jpg	a bird perched on branch.
/home/whx/Dataset/semi-aves/trainval_images/134/19.jpg	a bird perched on branch.
/home/whx/Dataset/semi-aves/trainval_images/134/18.jpg	a bird perched on branch.
/home/whx/Dataset/semi-aves/trainval_images/134/21.jpg	a bird perched on a branch.
/home/whx/Dataset/semi-aves/trainval_images/134/17.jpg	a bird perched on branch.
/home/whx/Dataset/semi-aves/trainval_images/134/26.jpg	a bird perched on a branch.
/home/whx/Dataset/semi-aves/trainval_images/134/24.jpg	a bird perched on a branch.
/home/whx/Dataset/semi-aves/trainval_images/134/14.jpg	a bird perched on a branch.
/home/whx/Dataset/semi-aves/trainval_images/134/22.jpg	a bird perched, feeding on flower.
/home/whx/Dataset/semi-aves/trainval_images/134/5.jpg	a bird perched, feeding.
/home/whx/Dataset/semi-aves/trainval_images/134/13.jpg	a bird perched on a branch.
/home/whx/Dataset/semi-aves/trainval_images/134/4.jpg	a bird perched on a branch.
/home/whx/Dataset/semi-aves/trainval_images/134/10.jpg	a bird perched on leaf.
/home/whx/Dataset/semi-aves/trainval_images/134/8.jpg	a bird perched on a branch.
/home/whx/Dataset/semi-aves/trainval_images/135/9.jpg	a bird standing in water.
/home/whx/Dataset/semi-aves/trainval_images/135/18.jpg	a bird perched, wings slightly spread.
/home/whx/Dataset/semi-aves/trainval_images/135/24.jpg	a bird stands on grass, tail extended.
/home/whx/Dataset/semi-aves/trainval_images/135/25.jpg	a bird perched, head slightly tilted.
/home/whx/Dataset/semi-aves/trainval_images/135/12.jpg	a bird perched on branch.
/home/whx/Dataset/semi-aves/trainval_images/135/19.jpg	a bird perched on a branch.
/home/whx/Dataset/semi-aves/trainval_images/135/17.jpg	a bird perched, tail extended.
/home/whx/Dataset/semi-aves/trainval_images/135/8.jpg	a bird is flying.
/home/whx/Dataset/semi-aves/trainval_images/135/21.jpg	a bird perched on a globe light.
/home/whx/Dataset/semi-aves/trainval_images/135/28.jpg	a bird perched on branch.
/home/whx/Dataset/semi-aves/trainval_images/135/0.jpg	a bird perched, wings slightly spread.
/home/whx/Dataset/semi-aves/trainval_images/135/1.jpg	a bird stands on grass, tail extended.
/home/whx/Dataset/semi-aves/trainval_images/135/14.jpg	a bird perched on branch.
/home/whx/Dataset/semi-aves/trainval_images/135/16.jpg	a bird perched on branch, tail extended.
/home/whx/Dataset/semi-aves/trainval_images/135/15.jpg	a bird perched on a branch.
/home/whx/Dataset/semi-aves/trainval_images/135/5.jpg	a bird perched on a log.
/home/whx/Dataset/semi-aves/trainval_images/136/7.jpg	a bird in flight.
/home/whx/Dataset/semi-aves/trainval_images/136/16.jpg	a bird perched on branch.
/home/whx/Dataset/semi-aves/trainval_images/136/14.jpg	a bird perched on a post.
/home/whx/Dataset/semi-aves/trainval_images/136/6.jpg	a bird perched.
/home/whx/Dataset/semi-aves/trainval_images/136/22.jpg	a bird perched on a reed.
/home/whx/Dataset/semi-aves/trainval_images/136/15.jpg	a bird perched, head turned.
/home/whx/Dataset/semi-aves/trainval_images/136/10.jpg	a bird perched on a log.
/home/whx/Dataset/semi-aves/trainval_images/136/4.jpg	a bird perched on a rock.
/home/whx/Dataset/semi-aves/trainval_images/136/12.jpg	a bird spreads wings.
/home/whx/Dataset/semi-aves/trainval_images/136/13.jpg	a bird perched on a branch, facing right.
/home/whx/Dataset/semi-aves/trainval_images/136/1.jpg	a bird perched on branch.
/home/whx/Dataset/semi-aves/trainval_images/136/3.jpg	a bird perched, tail extended.
/home/whx/Dataset/semi-aves/trainval_images/136/5.jpg	a bird perched.
/home/whx/Dataset/semi-aves/trainval_images/136/17.jpg	a bird perched on a branch.
/home/whx/Dataset/semi-aves/trainval_images/136/18.jpg	a bird perched, head turned.
/home/whx/Dataset/semi-aves/trainval_images/136/0.jpg	a bird perched, wings slightly spread.
/home/whx/Dataset/semi-aves/trainval_images/137/8.jpg	a bird stands alert, perched on grass.
/home/whx/Dataset/semi-aves/trainval_images/137/17.jpg	a bird stands on sand, legs spread.
/home/whx/Dataset/semi-aves/trainval_images/137/1.jpg	a bird stands still.
/home/whx/Dataset/semi-aves/trainval_images/137/9.jpg	a bird stands on one leg.
/home/whx/Dataset/semi-aves/trainval_images/137/12.jpg	a bird stands on one leg.
/home/whx/Dataset/semi-aves/trainval_images/137/0.jpg	a bird stands still.
/home/whx/Dataset/semi-aves/trainval_images/137/10.jpg	a bird stands on rocks, head slightly raised.
/home/whx/Dataset/semi-aves/trainval_images/137/22.jpg	a bird stands on muddy ground, pecking at the ground.
/home/whx/Dataset/semi-aves/trainval_images/137/20.jpg	a bird stands in water, head slightly tilted.
/home/whx/Dataset/semi-aves/trainval_images/137/15.jpg	a bird stands on muddy ground, head lowered.
/home/whx/Dataset/semi-aves/trainval_images/137/19.jpg	a bird stands in water, legs spread, head slightly lowered.
/home/whx/Dataset/semi-aves/trainval_images/137/18.jpg	a bird stands on one leg.
/home/whx/Dataset/semi-aves/trainval_images/137/3.jpg	a bird stands near water, beak down.
/home/whx/Dataset/semi-aves/trainval_images/137/21.jpg	a bird stands on one leg.
/home/whx/Dataset/semi-aves/trainval_images/137/5.jpg	a bird stands on muddy ground.
/home/whx/Dataset/semi-aves/trainval_images/137/16.jpg	a bird is standing on the ground, head lowered.
/home/whx/Dataset/semi-aves/trainval_images/138/21.jpg	a bird in flight, wings spread.
/home/whx/Dataset/semi-aves/trainval_images/138/20.jpg	a bird stands in water.
/home/whx/Dataset/semi-aves/trainval_images/138/2.jpg	a bird perched on branch, head down.
/home/whx/Dataset/semi-aves/trainval_images/138/4.jpg	a bird stands upright.
/home/whx/Dataset/semi-aves/trainval_images/138/9.jpg	a bird stands with legs apart, head lowered.
/home/whx/Dataset/semi-aves/trainval_images/138/13.jpg	a bird stands with head turned, beak pointing downward.
/home/whx/Dataset/semi-aves/trainval_images/138/10.jpg	a bird stands with head lowered near water.
/home/whx/Dataset/semi-aves/trainval_images/138/7.jpg	a bird perched on branch.
/home/whx/Dataset/semi-aves/trainval_images/138/0.jpg	a bird stands on a floating platform.
/home/whx/Dataset/semi-aves/trainval_images/138/5.jpg	a bird stands in water, legs spread, beak open.
/home/whx/Dataset/semi-aves/trainval_images/138/12.jpg	a bird stands in water, head lowered.
/home/whx/Dataset/semi-aves/trainval_images/138/14.jpg	a bird stands in water, head turned to the side.
/home/whx/Dataset/semi-aves/trainval_images/138/19.jpg	a bird stands in water, beak dipped.
/home/whx/Dataset/semi-aves/trainval_images/138/8.jpg	a bird perched, head turned.
/home/whx/Dataset/semi-aves/trainval_images/138/23.jpg	a bird stands upright near water.
/home/whx/Dataset/semi-aves/trainval_images/138/15.jpg	a bird in flight, wings spread.
/home/whx/Dataset/semi-aves/trainval_images/139/10.jpg	a bird perched on a branch.
/home/whx/Dataset/semi-aves/trainval_images/139/23.jpg	a bird is not visible.
/home/whx/Dataset/semi-aves/trainval_images/139/13.jpg	a bird perched.
/home/whx/Dataset/semi-aves/trainval_images/139/14.jpg	a bird perched on branch.
/home/whx/Dataset/semi-aves/trainval_images/139/17.jpg	a bird perched, head slightly tilted.
/home/whx/Dataset/semi-aves/trainval_images/139/15.jpg	a bird is resting on a hand.
/home/whx/Dataset/semi-aves/trainval_images/139/2.jpg	a bird perched on branch.
/home/whx/Dataset/semi-aves/trainval_images/139/3.jpg	a bird perched on branch.
/home/whx/Dataset/semi-aves/trainval_images/139/7.jpg	a bird lies still on the ground.
/home/whx/Dataset/semi-aves/trainval_images/139/18.jpg	a bird perched on branch.
/home/whx/Dataset/semi-aves/trainval_images/139/21.jpg	a bird perched on a branch.
/home/whx/Dataset/semi-aves/trainval_images/139/0.jpg	a bird lies still on the ground.
/home/whx/Dataset/semi-aves/trainval_images/139/12.jpg	a bird perched on a branch.
/home/whx/Dataset/semi-aves/trainval_images/139/20.jpg	a bird perched on branch.
/home/whx/Dataset/semi-aves/trainval_images/139/9.jpg	a bird perched, holding insect.
/home/whx/Dataset/semi-aves/trainval_images/139/1.jpg	a bird perched on a post.
/home/whx/Dataset/semi-aves/trainval_images/140/22.jpg	a bird swimming.
/home/whx/Dataset/semi-aves/trainval_images/140/12.jpg	a bird swimming.
/home/whx/Dataset/semi-aves/trainval_images/140/28.jpg	a bird is swimming with a chick.
/home/whx/Dataset/semi-aves/trainval_images/140/6.jpg	a bird is diving into water.
/home/whx/Dataset/semi-aves/trainval_images/140/19.jpg	a bird is standing in water, head down, pecking at something.
/home/whx/Dataset/semi-aves/trainval_images/140/4.jpg	a bird stands still.
/home/whx/Dataset/semi-aves/trainval_images/140/23.jpg	a bird swimming, head slightly raised.
/home/whx/Dataset/semi-aves/trainval_images/140/9.jpg	a bird swimming.
/home/whx/Dataset/semi-aves/trainval_images/140/11.jpg	a bird swimming.
/home/whx/Dataset/semi-aves/trainval_images/140/0.jpg	a bird swimming.
/home/whx/Dataset/semi-aves/trainval_images/140/29.jpg	a bird swimming, head slightly raised.
/home/whx/Dataset/semi-aves/trainval_images/140/14.jpg	a bird floats calmly.
/home/whx/Dataset/semi-aves/trainval_images/140/15.jpg	a bird swimming, head slightly raised.
/home/whx/Dataset/semi-aves/trainval_images/140/5.jpg	a bird swimming
/home/whx/Dataset/semi-aves/trainval_images/140/24.jpg	a bird swimming.
/home/whx/Dataset/semi-aves/trainval_images/140/20.jpg	a bird is floating, head down.
/home/whx/Dataset/semi-aves/trainval_images/141/11.jpg	a bird stands on the ground.
/home/whx/Dataset/semi-aves/trainval_images/141/13.jpg	a bird perched on a branch.
/home/whx/Dataset/semi-aves/trainval_images/141/17.jpg	a bird stands on grass, holding food in its beak.
/home/whx/Dataset/semi-aves/trainval_images/141/10.jpg	a bird perched on a branch.
/home/whx/Dataset/semi-aves/trainval_images/141/16.jpg	a bird stands on ground, head slightly tilted.
/home/whx/Dataset/semi-aves/trainval_images/141/15.jpg	a bird perched on nest.
/home/whx/Dataset/semi-aves/trainval_images/141/21.jpg	a bird perched on a branch.
/home/whx/Dataset/semi-aves/trainval_images/141/3.jpg	a bird perched on a branch.
/home/whx/Dataset/semi-aves/trainval_images/141/9.jpg	a bird perched on a branch.
/home/whx/Dataset/semi-aves/trainval_images/141/8.jpg	a bird perched on a branch.
/home/whx/Dataset/semi-aves/trainval_images/141/6.jpg	a bird perched on a branch.
/home/whx/Dataset/semi-aves/trainval_images/141/0.jpg	a bird is perched, offering food.
/home/whx/Dataset/semi-aves/trainval_images/141/4.jpg	a bird perched on a branch.
/home/whx/Dataset/semi-aves/trainval_images/141/1.jpg	a bird perched on a branch.
/home/whx/Dataset/semi-aves/trainval_images/141/18.jpg	a bird perched, facing right.
/home/whx/Dataset/semi-aves/trainval_images/141/7.jpg	a bird perched on a branch.
/home/whx/Dataset/semi-aves/trainval_images/142/3.jpg	a bird perched on branch.
/home/whx/Dataset/semi-aves/trainval_images/142/16.jpg	a bird perched on a branch.
/home/whx/Dataset/semi-aves/trainval_images/142/7.jpg	a bird perched on branch.
/home/whx/Dataset/semi-aves/trainval_images/142/19.jpg	a bird perched on branch.
/home/whx/Dataset/semi-aves/trainval_images/142/20.jpg	a bird perched on branch, head down.
/home/whx/Dataset/semi-aves/trainval_images/142/8.jpg	a bird perched.
/home/whx/Dataset/semi-aves/trainval_images/142/13.jpg	a bird perched on a branch.
/home/whx/Dataset/semi-aves/trainval_images/142/11.jpg	a bird perched on a branch.
/home/whx/Dataset/semi-aves/trainval_images/142/22.jpg	a bird perched on branch.
/home/whx/Dataset/semi-aves/trainval_images/142/1.jpg	a bird perched on a branch.
/home/whx/Dataset/semi-aves/trainval_images/142/15.jpg	a bird perched on branch.
/home/whx/Dataset/semi-aves/trainval_images/142/9.jpg	a bird perched on a branch.
/home/whx/Dataset/semi-aves/trainval_images/142/21.jpg	a bird perched on a branch.
/home/whx/Dataset/semi-aves/trainval_images/142/12.jpg	a bird perched on branch.
/home/whx/Dataset/semi-aves/trainval_images/142/17.jpg	a bird perched, head tilted.
/home/whx/Dataset/semi-aves/trainval_images/142/2.jpg	a bird perched on branch.
/home/whx/Dataset/semi-aves/trainval_images/143/4.jpg	a bird perched on a branch.
/home/whx/Dataset/semi-aves/trainval_images/143/9.jpg	a bird perched on a branch.
/home/whx/Dataset/semi-aves/trainval_images/143/1.jpg	a bird perched on a branch.
/home/whx/Dataset/semi-aves/trainval_images/143/2.jpg	a bird perched on a branch.
/home/whx/Dataset/semi-aves/trainval_images/143/6.jpg	a bird perched on a branch.
/home/whx/Dataset/semi-aves/trainval_images/143/0.jpg	a bird stands on ground, beak open.
/home/whx/Dataset/semi-aves/trainval_images/143/21.jpg	a bird perched on a branch.
/home/whx/Dataset/semi-aves/trainval_images/143/25.jpg	a bird perched on a branch.
/home/whx/Dataset/semi-aves/trainval_images/143/13.jpg	a bird perched on branch.
/home/whx/Dataset/semi-aves/trainval_images/143/22.jpg	a bird perched on a branch.
/home/whx/Dataset/semi-aves/trainval_images/143/24.jpg	a bird perched on branch.
/home/whx/Dataset/semi-aves/trainval_images/143/20.jpg	a bird perched on a leaf.
/home/whx/Dataset/semi-aves/trainval_images/143/18.jpg	a bird perched on branch.
/home/whx/Dataset/semi-aves/trainval_images/143/15.jpg	a bird perched on a leaf.
/home/whx/Dataset/semi-aves/trainval_images/143/8.jpg	a bird perched on a branch.
/home/whx/Dataset/semi-aves/trainval_images/143/5.jpg	a bird perched on a branch.
/home/whx/Dataset/semi-aves/trainval_images/144/10.jpg	a bird stands still.
/home/whx/Dataset/semi-aves/trainval_images/144/25.jpg	a bird stands on ground, head slightly turned.
/home/whx/Dataset/semi-aves/trainval_images/144/0.jpg	a bird stands in shallow water, foraging.
/home/whx/Dataset/semi-aves/trainval_images/144/19.jpg	a bird perched on a finger.
/home/whx/Dataset/semi-aves/trainval_images/144/24.jpg	a bird perched on a branch.
/home/whx/Dataset/semi-aves/trainval_images/144/17.jpg	a bird perched, head down.
/home/whx/Dataset/semi-aves/trainval_images/144/6.jpg	a bird is bathing.
/home/whx/Dataset/semi-aves/trainval_images/144/15.jpg	a bird is walking.
/home/whx/Dataset/semi-aves/trainval_images/144/20.jpg	a bird perched on branch.
/home/whx/Dataset/semi-aves/trainval_images/144/8.jpg	a bird perched on wooden structure.
/home/whx/Dataset/semi-aves/trainval_images/144/9.jpg	a bird perched on a branch.
/home/whx/Dataset/semi-aves/trainval_images/144/21.jpg	a bird perched on branch.
/home/whx/Dataset/semi-aves/trainval_images/144/14.jpg	a bird stands on the ground.
/home/whx/Dataset/semi-aves/trainval_images/144/3.jpg	a bird perched on a branch.
/home/whx/Dataset/semi-aves/trainval_images/144/2.jpg	a bird perched on thorny branch.
/home/whx/Dataset/semi-aves/trainval_images/144/13.jpg	a bird perched on fence post.
/home/whx/Dataset/semi-aves/trainval_images/145/12.jpg	a bird perched on branch.
/home/whx/Dataset/semi-aves/trainval_images/145/1.jpg	a bird perched on tree trunk.
/home/whx/Dataset/semi-aves/trainval_images/145/7.jpg	a bird perched on a feeder.
/home/whx/Dataset/semi-aves/trainval_images/145/18.jpg	a bird perched on branch.
/home/whx/Dataset/semi-aves/trainval_images/145/14.jpg	a bird perched on a branch.
/home/whx/Dataset/semi-aves/trainval_images/145/26.jpg	a bird perched on branch.
/home/whx/Dataset/semi-aves/trainval_images/145/10.jpg	a bird perched on ice, pecking at seeds.
/home/whx/Dataset/semi-aves/trainval_images/145/19.jpg	a bird perched on branch.
/home/whx/Dataset/semi-aves/trainval_images/145/13.jpg	a bird perched, holding worm in beak.
/home/whx/Dataset/semi-aves/trainval_images/145/3.jpg	a bird perched on a branch.
/home/whx/Dataset/semi-aves/trainval_images/145/0.jpg	a bird perched on branch.
/home/whx/Dataset/semi-aves/trainval_images/145/9.jpg	a bird spreads its wings.
/home/whx/Dataset/semi-aves/trainval_images/145/2.jpg	a bird perched on a branch.
/home/whx/Dataset/semi-aves/trainval_images/145/8.jpg	a bird perched on a branch.
/home/whx/Dataset/semi-aves/trainval_images/145/24.jpg	a bird perched on branch.
/home/whx/Dataset/semi-aves/trainval_images/145/20.jpg	a bird perched on branch.
/home/whx/Dataset/semi-aves/trainval_images/146/5.jpg	a bird perched on a branch.
/home/whx/Dataset/semi-aves/trainval_images/146/6.jpg	a bird perched on a branch.
/home/whx/Dataset/semi-aves/trainval_images/146/7.jpg	a bird perched, facing left.
/home/whx/Dataset/semi-aves/trainval_images/146/23.jpg	a bird perched on a branch.
/home/whx/Dataset/semi-aves/trainval_images/146/9.jpg	a bird stands on a wet surface.
/home/whx/Dataset/semi-aves/trainval_images/146/3.jpg	a bird perched on a branch.
/home/whx/Dataset/semi-aves/trainval_images/146/1.jpg	a bird perched on a branch.
/home/whx/Dataset/semi-aves/trainval_images/146/10.jpg	a bird perched on a tree trunk.
/home/whx/Dataset/semi-aves/trainval_images/146/4.jpg	a bird perched on a branch.
/home/whx/Dataset/semi-aves/trainval_images/146/17.jpg	a bird perched on a branch.
/home/whx/Dataset/semi-aves/trainval_images/146/13.jpg	a bird perched on a branch.
/home/whx/Dataset/semi-aves/trainval_images/146/21.jpg	a bird perches on nest.
/home/whx/Dataset/semi-aves/trainval_images/146/2.jpg	a bird perched on a branch.
/home/whx/Dataset/semi-aves/trainval_images/146/18.jpg	a bird perched on a branch.
/home/whx/Dataset/semi-aves/trainval_images/146/0.jpg	a bird perched on a reed.
/home/whx/Dataset/semi-aves/trainval_images/146/15.jpg	a bird perched.
/home/whx/Dataset/semi-aves/trainval_images/147/11.jpg	a bird standing in water.
/home/whx/Dataset/semi-aves/trainval_images/147/1.jpg	a bird perched on a branch.
/home/whx/Dataset/semi-aves/trainval_images/147/18.jpg	a bird perched on branch.
/home/whx/Dataset/semi-aves/trainval_images/147/2.jpg	a bird perched on edge.
/home/whx/Dataset/semi-aves/trainval_images/147/14.jpg	a bird perched on a branch.
/home/whx/Dataset/semi-aves/trainval_images/147/6.jpg	a bird perched on branch.
/home/whx/Dataset/semi-aves/trainval_images/147/7.jpg	a bird perched on a branch.
/home/whx/Dataset/semi-aves/trainval_images/147/5.jpg	a bird perched on a branch.
/home/whx/Dataset/semi-aves/trainval_images/147/3.jpg	a bird perched on a branch.
/home/whx/Dataset/semi-aves/trainval_images/147/0.jpg	a bird perched on branch.
/home/whx/Dataset/semi-aves/trainval_images/147/15.jpg	a bird perched on a branch.
/home/whx/Dataset/semi-aves/trainval_images/147/19.jpg	a bird perched on a wire fence.
/home/whx/Dataset/semi-aves/trainval_images/147/23.jpg	a bird perched on a wire.
/home/whx/Dataset/semi-aves/trainval_images/147/22.jpg	a bird perched on a branch.
/home/whx/Dataset/semi-aves/trainval_images/147/10.jpg	a bird perched on a branch.
/home/whx/Dataset/semi-aves/trainval_images/147/13.jpg	a bird perched in nest.
/home/whx/Dataset/semi-aves/trainval_images/148/9.jpg	a bird perched on a branch.
/home/whx/Dataset/semi-aves/trainval_images/148/8.jpg	a bird stands on grass, head slightly lowered.
/home/whx/Dataset/semi-aves/trainval_images/148/16.jpg	a bird perched on branch.
/home/whx/Dataset/semi-aves/trainval_images/148/13.jpg	a bird stands on ground, head slightly turned.
/home/whx/Dataset/semi-aves/trainval_images/148/7.jpg	a bird perched, head down.
/home/whx/Dataset/semi-aves/trainval_images/148/1.jpg	a bird perched on wire.
/home/whx/Dataset/semi-aves/trainval_images/148/20.jpg	a bird perched on branch.
/home/whx/Dataset/semi-aves/trainval_images/148/12.jpg	a bird perched on a branch.
/home/whx/Dataset/semi-aves/trainval_images/148/3.jpg	a bird perched on branch.
/home/whx/Dataset/semi-aves/trainval_images/148/5.jpg	a bird perched on a branch.
/home/whx/Dataset/semi-aves/trainval_images/148/14.jpg	a bird stands on ground, head slightly tilted.
/home/whx/Dataset/semi-aves/trainval_images/148/11.jpg	a bird stands alert on the ground.
/home/whx/Dataset/semi-aves/trainval_images/148/17.jpg	a bird stands on grass.
/home/whx/Dataset/semi-aves/trainval_images/148/6.jpg	a bird perched on a branch.
/home/whx/Dataset/semi-aves/trainval_images/148/15.jpg	a bird perched on branch.
/home/whx/Dataset/semi-aves/trainval_images/148/0.jpg	a bird stands on the ground, facing right.
/home/whx/Dataset/semi-aves/trainval_images/149/13.jpg	a bird stands on wet ground.
/home/whx/Dataset/semi-aves/trainval_images/149/7.jpg	a bird stands on wet sand, head lowered.
/home/whx/Dataset/semi-aves/trainval_images/149/15.jpg	a bird stands on sand, head down.
/home/whx/Dataset/semi-aves/trainval_images/149/10.jpg	a bird stands on grass, head slightly lowered.
/home/whx/Dataset/semi-aves/trainval_images/149/5.jpg	a bird stands on sand, head slightly lowered.
/home/whx/Dataset/semi-aves/trainval_images/149/3.jpg	a bird stands in shallow water, legs spread.
/home/whx/Dataset/semi-aves/trainval_images/149/20.jpg	a bird stands in shallow water, head lowered.
/home/whx/Dataset/semi-aves/trainval_images/149/1.jpg	a bird stands on one leg, beak pointed down.
/home/whx/Dataset/semi-aves/trainval_images/149/12.jpg	a bird in flight, wings spread.
/home/whx/Dataset/semi-aves/trainval_images/149/21.jpg	a bird stands on rocks.
/home/whx/Dataset/semi-aves/trainval_images/149/6.jpg	a bird stands in shallow water, head down.
/home/whx/Dataset/semi-aves/trainval_images/149/4.jpg	a bird stands on one leg.
/home/whx/Dataset/semi-aves/trainval_images/149/8.jpg	a bird in flight, wings spread.
/home/whx/Dataset/semi-aves/trainval_images/149/18.jpg	a bird stands on muddy ground, head down.
/home/whx/Dataset/semi-aves/trainval_images/149/17.jpg	a bird stands in shallow water, legs spread, head slightly lowered.
/home/whx/Dataset/semi-aves/trainval_images/149/11.jpg	a bird stands on muddy ground, head lowered.
/home/whx/Dataset/semi-aves/trainval_images/150/11.jpg	a bird stands with legs spread, head lowered.
/home/whx/Dataset/semi-aves/trainval_images/150/13.jpg	a bird stands on one leg, beak down.
/home/whx/Dataset/semi-aves/trainval_images/150/14.jpg	a bird stands in shallow water.
/home/whx/Dataset/semi-aves/trainval_images/150/20.jpg	a bird stands in water.
/home/whx/Dataset/semi-aves/trainval_images/150/17.jpg	a bird stands in shallow water, head lowered.
/home/whx/Dataset/semi-aves/trainval_images/150/10.jpg	a bird stands in shallow water, beak in the water.
/home/whx/Dataset/semi-aves/trainval_images/150/6.jpg	a bird stands in water, head lowered.
/home/whx/Dataset/semi-aves/trainval_images/150/7.jpg	a bird stands in water, head down.
/home/whx/Dataset/semi-aves/trainval_images/150/8.jpg	a bird stands on the ground.
/home/whx/Dataset/semi-aves/trainval_images/150/0.jpg	a bird stands on one leg.
/home/whx/Dataset/semi-aves/trainval_images/150/5.jpg	a bird perched on reeds.
/home/whx/Dataset/semi-aves/trainval_images/150/2.jpg	a bird stands on the shore.
/home/whx/Dataset/semi-aves/trainval_images/150/4.jpg	a bird in flight, wings spread.
/home/whx/Dataset/semi-aves/trainval_images/150/9.jpg	a bird stands in water, legs extended.
/home/whx/Dataset/semi-aves/trainval_images/150/19.jpg	a bird stands in water, head turned.
/home/whx/Dataset/semi-aves/trainval_images/150/12.jpg	a bird stands in shallow water, head lowered.
/home/whx/Dataset/semi-aves/trainval_images/151/5.jpg	a bird perched on a branch.
/home/whx/Dataset/semi-aves/trainval_images/151/20.jpg	a bird perched on a branch.
/home/whx/Dataset/semi-aves/trainval_images/151/25.jpg	a bird perched on a branch.
/home/whx/Dataset/semi-aves/trainval_images/151/6.jpg	a bird perched on a branch.
/home/whx/Dataset/semi-aves/trainval_images/151/15.jpg	a bird perched on a branch.
/home/whx/Dataset/semi-aves/trainval_images/151/23.jpg	a bird perched on branch.
/home/whx/Dataset/semi-aves/trainval_images/151/17.jpg	a bird perched on a branch.
/home/whx/Dataset/semi-aves/trainval_images/151/2.jpg	a bird perched on a branch.
/home/whx/Dataset/semi-aves/trainval_images/151/1.jpg	a bird perched on a branch.
/home/whx/Dataset/semi-aves/trainval_images/151/10.jpg	a bird perched on a branch.
/home/whx/Dataset/semi-aves/trainval_images/151/16.jpg	a bird perched on a branch.
/home/whx/Dataset/semi-aves/trainval_images/151/3.jpg	a bird perched on a branch.
/home/whx/Dataset/semi-aves/trainval_images/151/21.jpg	a bird perched on a branch.
/home/whx/Dataset/semi-aves/trainval_images/151/13.jpg	a bird perched on a branch.
/home/whx/Dataset/semi-aves/trainval_images/151/24.jpg	a bird perched on a branch.
/home/whx/Dataset/semi-aves/trainval_images/151/8.jpg	a bird perched on a branch.
/home/whx/Dataset/semi-aves/trainval_images/152/15.jpg	a bird soars with wings spread wide.
/home/whx/Dataset/semi-aves/trainval_images/152/9.jpg	a bird soars with outstretched wings.
/home/whx/Dataset/semi-aves/trainval_images/152/2.jpg	a bird stands alert on a log.
/home/whx/Dataset/semi-aves/trainval_images/152/13.jpg	a bird perched on branch.
/home/whx/Dataset/semi-aves/trainval_images/152/4.jpg	a bird perched, head turned.
/home/whx/Dataset/semi-aves/trainval_images/152/17.jpg	a bird perched on a branch.
/home/whx/Dataset/semi-aves/trainval_images/152/11.jpg	a bird soars with wings spread wide.
/home/whx/Dataset/semi-aves/trainval_images/152/14.jpg	a bird perched on a branch.
/home/whx/Dataset/semi-aves/trainval_images/152/3.jpg	a bird perched on branch.
/home/whx/Dataset/semi-aves/trainval_images/152/20.jpg	a bird soars with wings spread.
/home/whx/Dataset/semi-aves/trainval_images/152/10.jpg	a bird perched on a branch.
/home/whx/Dataset/semi-aves/trainval_images/152/5.jpg	a bird perched on branch.
/home/whx/Dataset/semi-aves/trainval_images/152/1.jpg	a bird perched on a branch.
/home/whx/Dataset/semi-aves/trainval_images/152/19.jpg	a bird soars with wings spread wide.
/home/whx/Dataset/semi-aves/trainval_images/152/22.jpg	a bird spreads its wings.
/home/whx/Dataset/semi-aves/trainval_images/152/7.jpg	a bird soars with wings spread wide.
/home/whx/Dataset/semi-aves/trainval_images/153/17.jpg	a bird stands on the ground.
/home/whx/Dataset/semi-aves/trainval_images/153/1.jpg	a bird perched on wire.
/home/whx/Dataset/semi-aves/trainval_images/153/21.jpg	a bird is standing in grass.
/home/whx/Dataset/semi-aves/trainval_images/153/6.jpg	a bird perched on a branch.
/home/whx/Dataset/semi-aves/trainval_images/153/11.jpg	a bird stands on ground, head slightly tilted.
/home/whx/Dataset/semi-aves/trainval_images/153/18.jpg	a bird perched on a branch.
/home/whx/Dataset/semi-aves/trainval_images/153/16.jpg	a bird stands upright.
/home/whx/Dataset/semi-aves/trainval_images/153/22.jpg	a bird perched on a branch.
/home/whx/Dataset/semi-aves/trainval_images/153/13.jpg	a bird stands on one leg.
/home/whx/Dataset/semi-aves/trainval_images/153/14.jpg	a bird perched on branch.
/home/whx/Dataset/semi-aves/trainval_images/153/12.jpg	a bird perched, head raised.
/home/whx/Dataset/semi-aves/trainval_images/153/8.jpg	a bird perched on a branch.
/home/whx/Dataset/semi-aves/trainval_images/153/10.jpg	a bird perched, holding food.
/home/whx/Dataset/semi-aves/trainval_images/153/5.jpg	a bird perched, head slightly tilted.
/home/whx/Dataset/semi-aves/trainval_images/153/9.jpg	a bird stands on ground, head slightly tilted.
/home/whx/Dataset/semi-aves/trainval_images/153/20.jpg	a bird perched on plant.
/home/whx/Dataset/semi-aves/trainval_images/154/5.jpg	a bird perched on tree branch.
/home/whx/Dataset/semi-aves/trainval_images/154/12.jpg	a bird perched on branch.
/home/whx/Dataset/semi-aves/trainval_images/154/1.jpg	a bird perched on a branch.
/home/whx/Dataset/semi-aves/trainval_images/154/8.jpg	a bird perched on wire fence.
/home/whx/Dataset/semi-aves/trainval_images/154/6.jpg	a bird perched on branch.
/home/whx/Dataset/semi-aves/trainval_images/154/20.jpg	a bird perched on branch.
/home/whx/Dataset/semi-aves/trainval_images/154/7.jpg	a bird perched on a post.
/home/whx/Dataset/semi-aves/trainval_images/154/13.jpg	a bird perched on branch, head turned.
/home/whx/Dataset/semi-aves/trainval_images/154/14.jpg	a bird perched on branch.
/home/whx/Dataset/semi-aves/trainval_images/154/4.jpg	a bird is not visible in the image.
/home/whx/Dataset/semi-aves/trainval_images/154/22.jpg	a bird perched on ground.
/home/whx/Dataset/semi-aves/trainval_images/154/9.jpg	a bird perched on branch.
/home/whx/Dataset/semi-aves/trainval_images/154/18.jpg	a bird perched on a branch.
/home/whx/Dataset/semi-aves/trainval_images/154/3.jpg	a bird perched on a hand.
/home/whx/Dataset/semi-aves/trainval_images/154/11.jpg	a bird perched on branch.
/home/whx/Dataset/semi-aves/trainval_images/154/10.jpg	a bird perched on a branch.
/home/whx/Dataset/semi-aves/trainval_images/155/1.jpg	a bird soars with wings spread.
/home/whx/Dataset/semi-aves/trainval_images/155/7.jpg	a bird soars with wings spread.
/home/whx/Dataset/semi-aves/trainval_images/155/9.jpg	a bird soars with wings spread.
/home/whx/Dataset/semi-aves/trainval_images/155/18.jpg	a bird soars with wings spread, talons extended.
/home/whx/Dataset/semi-aves/trainval_images/155/0.jpg	a bird soars with wings spread.
/home/whx/Dataset/semi-aves/trainval_images/155/6.jpg	a bird soars with wings spread.
/home/whx/Dataset/semi-aves/trainval_images/155/3.jpg	a bird soars with wings spread wide.
/home/whx/Dataset/semi-aves/trainval_images/155/4.jpg	a bird perched on wire.
/home/whx/Dataset/semi-aves/trainval_images/155/22.jpg	a bird soars with wings spread.
/home/whx/Dataset/semi-aves/trainval_images/155/5.jpg	a bird in flight, wings spread, talons extended.
/home/whx/Dataset/semi-aves/trainval_images/155/8.jpg	a bird soars with wings spread.
/home/whx/Dataset/semi-aves/trainval_images/155/16.jpg	a bird soars with wings spread.
/home/whx/Dataset/semi-aves/trainval_images/155/2.jpg	a bird soars with wings spread.
/home/whx/Dataset/semi-aves/trainval_images/155/11.jpg	a bird stands alert on the ground.
/home/whx/Dataset/semi-aves/trainval_images/155/17.jpg	a bird soars.
/home/whx/Dataset/semi-aves/trainval_images/155/23.jpg	a bird soars with wings spread.
/home/whx/Dataset/semi-aves/trainval_images/156/9.jpg	a bird soars with outstretched wings.
/home/whx/Dataset/semi-aves/trainval_images/156/18.jpg	a bird perched on a wire.
/home/whx/Dataset/semi-aves/trainval_images/156/16.jpg	a bird is perched.
/home/whx/Dataset/semi-aves/trainval_images/156/21.jpg	a bird in flight, wings spread.
/home/whx/Dataset/semi-aves/trainval_images/156/17.jpg	a bird perched on wire, tail down.
/home/whx/Dataset/semi-aves/trainval_images/156/19.jpg	a bird soars with outstretched wings.
/home/whx/Dataset/semi-aves/trainval_images/156/13.jpg	a bird is perched on a nest.
/home/whx/Dataset/semi-aves/trainval_images/156/14.jpg	a bird stands on ground, head slightly tilted.
/home/whx/Dataset/semi-aves/trainval_images/156/15.jpg	a bird soars with outstretched wings.
/home/whx/Dataset/semi-aves/trainval_images/156/2.jpg	a bird perched on roof.
/home/whx/Dataset/semi-aves/trainval_images/156/8.jpg	a bird soars with outstretched wings.
/home/whx/Dataset/semi-aves/trainval_images/156/5.jpg	a bird perched on a branch.
/home/whx/Dataset/semi-aves/trainval_images/156/3.jpg	a bird is not visible in the image.
/home/whx/Dataset/semi-aves/trainval_images/156/6.jpg	a bird soars with wings spread.
/home/whx/Dataset/semi-aves/trainval_images/156/1.jpg	a bird soars with outstretched wings.
/home/whx/Dataset/semi-aves/trainval_images/156/4.jpg	a bird is not visible in the image.
/home/whx/Dataset/semi-aves/trainval_images/157/6.jpg	a bird stands in a field.
/home/whx/Dataset/semi-aves/trainval_images/157/7.jpg	a bird stands alert in a field.
/home/whx/Dataset/semi-aves/trainval_images/157/4.jpg	a bird stands in a field.
/home/whx/Dataset/semi-aves/trainval_images/157/21.jpg	a bird in flight, wings spread, soaring.
/home/whx/Dataset/semi-aves/trainval_images/157/23.jpg	a bird in flight, wings spread.
/home/whx/Dataset/semi-aves/trainval_images/157/0.jpg	a bird lying down.
/home/whx/Dataset/semi-aves/trainval_images/157/5.jpg	a bird stands alert in the field.
/home/whx/Dataset/semi-aves/trainval_images/157/15.jpg	a bird in flight, wings spread, tail feathers fanned.
/home/whx/Dataset/semi-aves/trainval_images/157/11.jpg	a bird in flight.
/home/whx/Dataset/semi-aves/trainval_images/157/2.jpg	a bird in flight, wings spread.
/home/whx/Dataset/semi-aves/trainval_images/157/18.jpg	a bird in flight.
/home/whx/Dataset/semi-aves/trainval_images/157/12.jpg	a bird in flight.
/home/whx/Dataset/semi-aves/trainval_images/157/17.jpg	a bird stands on grass.
/home/whx/Dataset/semi-aves/trainval_images/157/1.jpg	a bird stands on one leg.
/home/whx/Dataset/semi-aves/trainval_images/157/9.jpg	a bird in flight.
/home/whx/Dataset/semi-aves/trainval_images/157/3.jpg	a bird stands on grass, facing left.
/home/whx/Dataset/semi-aves/trainval_images/158/21.jpg	a bird is swimming.
/home/whx/Dataset/semi-aves/trainval_images/158/22.jpg	a bird spreads its wings.
/home/whx/Dataset/semi-aves/trainval_images/158/6.jpg	a bird swimming, head slightly raised.
/home/whx/Dataset/semi-aves/trainval_images/158/2.jpg	a bird swimming.
/home/whx/Dataset/semi-aves/trainval_images/158/14.jpg	a bird stands in water, head slightly lowered.
/home/whx/Dataset/semi-aves/trainval_images/158/23.jpg	a bird stands in water, head slightly tilted.
/home/whx/Dataset/semi-aves/trainval_images/158/10.jpg	a bird swimming calmly.
/home/whx/Dataset/semi-aves/trainval_images/158/5.jpg	a bird swimming, head down.
/home/whx/Dataset/semi-aves/trainval_images/158/0.jpg	a bird in flight, wings spread.
/home/whx/Dataset/semi-aves/trainval_images/158/3.jpg	a bird is swimming with its wings slightly spread.
/home/whx/Dataset/semi-aves/trainval_images/158/16.jpg	a bird swimming.
/home/whx/Dataset/semi-aves/trainval_images/158/7.jpg	a bird swimming.
/home/whx/Dataset/semi-aves/trainval_images/158/8.jpg	a bird stands on muddy ground.
/home/whx/Dataset/semi-aves/trainval_images/158/15.jpg	a bird stands with legs apart, head slightly tilted.
/home/whx/Dataset/semi-aves/trainval_images/158/17.jpg	a bird swims calmly.
/home/whx/Dataset/semi-aves/trainval_images/158/13.jpg	a bird is standing with its head down.
/home/whx/Dataset/semi-aves/trainval_images/159/15.jpg	a bird perched on a rock.
/home/whx/Dataset/semi-aves/trainval_images/159/17.jpg	a bird perched on rock.
/home/whx/Dataset/semi-aves/trainval_images/159/11.jpg	a bird is standing.
/home/whx/Dataset/semi-aves/trainval_images/159/4.jpg	a bird stands on rocks.
/home/whx/Dataset/semi-aves/trainval_images/159/19.jpg	a bird stands on a rock.
/home/whx/Dataset/semi-aves/trainval_images/159/1.jpg	a bird perched on rock.
/home/whx/Dataset/semi-aves/trainval_images/159/8.jpg	a bird is standing still.
/home/whx/Dataset/semi-aves/trainval_images/159/5.jpg	a bird stands on a rope, facing right.
/home/whx/Dataset/semi-aves/trainval_images/159/10.jpg	a bird stands on sandy ground.
/home/whx/Dataset/semi-aves/trainval_images/159/9.jpg	a bird stands on sand, legs spread, head slightly tilted.
/home/whx/Dataset/semi-aves/trainval_images/159/16.jpg	a bird perched on a rock.
/home/whx/Dataset/semi-aves/trainval_images/159/12.jpg	a bird perched on grass.
/home/whx/Dataset/semi-aves/trainval_images/159/14.jpg	a bird standing on rock.
/home/whx/Dataset/semi-aves/trainval_images/159/3.jpg	a bird perched, facing left.
/home/whx/Dataset/semi-aves/trainval_images/159/2.jpg	a bird perched on rock.
/home/whx/Dataset/semi-aves/trainval_images/159/6.jpg	a bird stands still in water.
/home/whx/Dataset/semi-aves/trainval_images/160/2.jpg	a bird perched on a branch.
/home/whx/Dataset/semi-aves/trainval_images/160/8.jpg	a bird soars with wings spread wide.
/home/whx/Dataset/semi-aves/trainval_images/160/22.jpg	a bird stands with head lowered, pecking at ground.
/home/whx/Dataset/semi-aves/trainval_images/160/10.jpg	a bird perched on tree branch.
/home/whx/Dataset/semi-aves/trainval_images/160/0.jpg	a bird perched on a branch.
/home/whx/Dataset/semi-aves/trainval_images/160/5.jpg	a bird spreads its wings.
/home/whx/Dataset/semi-aves/trainval_images/160/19.jpg	a bird perched, head turned.
/home/whx/Dataset/semi-aves/trainval_images/160/7.jpg	a bird perched, head turned.
/home/whx/Dataset/semi-aves/trainval_images/160/17.jpg	a bird stands alert, head slightly tilted.
/home/whx/Dataset/semi-aves/trainval_images/160/4.jpg	a bird stands alert.
/home/whx/Dataset/semi-aves/trainval_images/160/13.jpg	a bird stands on the ground.
/home/whx/Dataset/semi-aves/trainval_images/160/12.jpg	a bird stands with head turned, beak open.
/home/whx/Dataset/semi-aves/trainval_images/160/15.jpg	a bird perched on branch.
/home/whx/Dataset/semi-aves/trainval_images/160/6.jpg	a bird stands upright.
/home/whx/Dataset/semi-aves/trainval_images/160/18.jpg	a bird stands with wings slightly spread.
/home/whx/Dataset/semi-aves/trainval_images/160/11.jpg	a bird perched on a branch.
/home/whx/Dataset/semi-aves/trainval_images/161/5.jpg	a bird perched on a branch.
/home/whx/Dataset/semi-aves/trainval_images/161/20.jpg	a bird perched on a branch.
/home/whx/Dataset/semi-aves/trainval_images/161/9.jpg	a bird perched, head turned.
/home/whx/Dataset/semi-aves/trainval_images/161/1.jpg	a bird perched on branch.
/home/whx/Dataset/semi-aves/trainval_images/161/3.jpg	a bird stands upright.
/home/whx/Dataset/semi-aves/trainval_images/161/13.jpg	a bird perched on edge of birdbath.
/home/whx/Dataset/semi-aves/trainval_images/161/19.jpg	a bird stands alert on rocky ground.
/home/whx/Dataset/semi-aves/trainval_images/161/6.jpg	a bird perched on a branch.
/home/whx/Dataset/semi-aves/trainval_images/161/8.jpg	a bird perched on a branch.
/home/whx/Dataset/semi-aves/trainval_images/161/11.jpg	a bird perched on a branch.
/home/whx/Dataset/semi-aves/trainval_images/161/12.jpg	a bird perched on a branch.
/home/whx/Dataset/semi-aves/trainval_images/161/10.jpg	a bird standing in shallow water.
/home/whx/Dataset/semi-aves/trainval_images/161/15.jpg	a bird perched on branch.
/home/whx/Dataset/semi-aves/trainval_images/161/22.jpg	a bird perched on branch.
/home/whx/Dataset/semi-aves/trainval_images/161/7.jpg	a bird perched on a branch.
/home/whx/Dataset/semi-aves/trainval_images/161/14.jpg	a bird perched on a branch.
/home/whx/Dataset/semi-aves/trainval_images/162/9.jpg	a bird perched on a branch.
/home/whx/Dataset/semi-aves/trainval_images/162/19.jpg	a bird perched on branch.
/home/whx/Dataset/semi-aves/trainval_images/162/8.jpg	a bird stands on a path.
/home/whx/Dataset/semi-aves/trainval_images/162/5.jpg	a bird perched on a branch.
/home/whx/Dataset/semi-aves/trainval_images/162/10.jpg	a bird perched on a branch.
/home/whx/Dataset/semi-aves/trainval_images/162/4.jpg	a bird perched on a branch.
/home/whx/Dataset/semi-aves/trainval_images/162/17.jpg	a bird perched on a branch.
/home/whx/Dataset/semi-aves/trainval_images/162/1.jpg	a bird perched on branch.
/home/whx/Dataset/semi-aves/trainval_images/162/6.jpg	a bird perched on a branch.
/home/whx/Dataset/semi-aves/trainval_images/162/14.jpg	a bird perched, head slightly tilted.
/home/whx/Dataset/semi-aves/trainval_images/162/18.jpg	a bird perched on a wooden surface.
/home/whx/Dataset/semi-aves/trainval_images/162/20.jpg	a bird perched on a branch.
/home/whx/Dataset/semi-aves/trainval_images/162/3.jpg	a bird perched on a branch.
/home/whx/Dataset/semi-aves/trainval_images/162/12.jpg	a bird perched on a branch.
/home/whx/Dataset/semi-aves/trainval_images/162/16.jpg	a bird perched on wire.
/home/whx/Dataset/semi-aves/trainval_images/162/13.jpg	a bird perched on a branch.
/home/whx/Dataset/semi-aves/trainval_images/163/15.jpg	a bird soars over the ocean.
/home/whx/Dataset/semi-aves/trainval_images/163/7.jpg	a bird soars with wings spread.
/home/whx/Dataset/semi-aves/trainval_images/163/1.jpg	a bird soars with wings spread.
/home/whx/Dataset/semi-aves/trainval_images/163/19.jpg	a bird in flight, wings spread, gliding over water.
/home/whx/Dataset/semi-aves/trainval_images/163/2.jpg	a bird soars with wings spread.
/home/whx/Dataset/semi-aves/trainval_images/163/16.jpg	a bird in flight, wings spread.
/home/whx/Dataset/semi-aves/trainval_images/163/0.jpg	a bird soars with wings spread.
/home/whx/Dataset/semi-aves/trainval_images/163/8.jpg	a bird in flight, wings spread.
/home/whx/Dataset/semi-aves/trainval_images/163/13.jpg	a bird is floating on water.
/home/whx/Dataset/semi-aves/trainval_images/163/17.jpg	a bird soars low over calm water.
/home/whx/Dataset/semi-aves/trainval_images/163/9.jpg	a bird soars.
/home/whx/Dataset/semi-aves/trainval_images/163/11.jpg	a bird soars with wings spread.
/home/whx/Dataset/semi-aves/trainval_images/163/5.jpg	a bird is diving into water.
/home/whx/Dataset/semi-aves/trainval_images/163/20.jpg	a bird gliding over water.
/home/whx/Dataset/semi-aves/trainval_images/163/4.jpg	a bird is diving into the water.
/home/whx/Dataset/semi-aves/trainval_images/163/12.jpg	a bird soars.
/home/whx/Dataset/semi-aves/trainval_images/164/15.jpg	a bird perched on ground.
/home/whx/Dataset/semi-aves/trainval_images/164/12.jpg	a bird stands in grass, head slightly turned.
/home/whx/Dataset/semi-aves/trainval_images/164/0.jpg	a bird in flight, wings spread.
/home/whx/Dataset/semi-aves/trainval_images/164/18.jpg	a bird stands alert in grass.
/home/whx/Dataset/semi-aves/trainval_images/164/14.jpg	a bird stands alert, head slightly tilted.
/home/whx/Dataset/semi-aves/trainval_images/164/2.jpg	a bird in flight, wings spread, head turned.
/home/whx/Dataset/semi-aves/trainval_images/164/9.jpg	a bird walking in grass.
/home/whx/Dataset/semi-aves/trainval_images/164/13.jpg	a bird stands on uneven ground.
/home/whx/Dataset/semi-aves/trainval_images/164/5.jpg	a bird is in flight, wings spread.
/home/whx/Dataset/semi-aves/trainval_images/164/17.jpg	a bird stands with legs apart, head down.
/home/whx/Dataset/semi-aves/trainval_images/164/11.jpg	a bird stands alert.
/home/whx/Dataset/semi-aves/trainval_images/164/16.jpg	a bird with open beak, looking to the side.
/home/whx/Dataset/semi-aves/trainval_images/164/7.jpg	a bird stands on one leg.
/home/whx/Dataset/semi-aves/trainval_images/164/1.jpg	a bird in flight, wings spread.
/home/whx/Dataset/semi-aves/trainval_images/164/8.jpg	a bird stands on grass.
/home/whx/Dataset/semi-aves/trainval_images/164/4.jpg	a bird stands on one leg.
/home/whx/Dataset/semi-aves/trainval_images/165/9.jpg	a bird perched on a branch.
/home/whx/Dataset/semi-aves/trainval_images/165/2.jpg	a bird perched on a branch.
/home/whx/Dataset/semi-aves/trainval_images/165/14.jpg	a bird perched on a branch.
/home/whx/Dataset/semi-aves/trainval_images/165/12.jpg	a bird perched.
/home/whx/Dataset/semi-aves/trainval_images/165/13.jpg	a bird perched among branches.
/home/whx/Dataset/semi-aves/trainval_images/165/5.jpg	a bird perched, head turned.
/home/whx/Dataset/semi-aves/trainval_images/165/3.jpg	a bird perched on branch.
/home/whx/Dataset/semi-aves/trainval_images/165/16.jpg	a bird perched, head down.
/home/whx/Dataset/semi-aves/trainval_images/165/10.jpg	a bird perched on branch.
/home/whx/Dataset/semi-aves/trainval_images/165/7.jpg	a bird perched on a branch.
/home/whx/Dataset/semi-aves/trainval_images/165/0.jpg	a bird perched on branch.
/home/whx/Dataset/semi-aves/trainval_images/165/17.jpg	a bird perched on branch.
/home/whx/Dataset/semi-aves/trainval_images/165/4.jpg	a bird perched on a branch.
/home/whx/Dataset/semi-aves/trainval_images/165/6.jpg	a bird perched on a branch.
/home/whx/Dataset/semi-aves/trainval_images/165/1.jpg	a bird perched on branch.
/home/whx/Dataset/semi-aves/trainval_images/165/15.jpg	a bird perched on branch.
/home/whx/Dataset/semi-aves/trainval_images/166/15.jpg	a bird perched on a branch.
/home/whx/Dataset/semi-aves/trainval_images/166/22.jpg	a bird perched, head tilted upward.
/home/whx/Dataset/semi-aves/trainval_images/166/0.jpg	a bird perched on wire.
/home/whx/Dataset/semi-aves/trainval_images/166/18.jpg	a bird perched on a wire.
/home/whx/Dataset/semi-aves/trainval_images/166/7.jpg	a bird perched on a branch.
/home/whx/Dataset/semi-aves/trainval_images/166/1.jpg	a bird perched on a branch.
/home/whx/Dataset/semi-aves/trainval_images/166/14.jpg	a bird perched on a wire.
/home/whx/Dataset/semi-aves/trainval_images/166/5.jpg	a bird perched on a branch.
/home/whx/Dataset/semi-aves/trainval_images/166/8.jpg	a bird perched on a branch.
/home/whx/Dataset/semi-aves/trainval_images/166/3.jpg	a bird perched on a branch.
/home/whx/Dataset/semi-aves/trainval_images/166/6.jpg	a bird perched on a branch.
/home/whx/Dataset/semi-aves/trainval_images/166/19.jpg	a bird perched on branch, head tilted.
/home/whx/Dataset/semi-aves/trainval_images/166/17.jpg	a bird perched on flowers.
/home/whx/Dataset/semi-aves/trainval_images/166/21.jpg	a bird perched on flowers.
/home/whx/Dataset/semi-aves/trainval_images/166/4.jpg	a bird perched, head down.
/home/whx/Dataset/semi-aves/trainval_images/166/2.jpg	a bird perched on flowers.
/home/whx/Dataset/semi-aves/trainval_images/167/5.jpg	a bird perched on branches.
/home/whx/Dataset/semi-aves/trainval_images/167/10.jpg	a bird perched on a branch.
/home/whx/Dataset/semi-aves/trainval_images/167/4.jpg	a bird perched on branch.
/home/whx/Dataset/semi-aves/trainval_images/167/21.jpg	a bird perched on a branch.
/home/whx/Dataset/semi-aves/trainval_images/167/16.jpg	a bird perched on a branch.
/home/whx/Dataset/semi-aves/trainval_images/167/9.jpg	a bird perched on branch.
/home/whx/Dataset/semi-aves/trainval_images/167/7.jpg	a bird perched on branch.
/home/whx/Dataset/semi-aves/trainval_images/167/8.jpg	a bird perched, another bird vocalizing.
/home/whx/Dataset/semi-aves/trainval_images/167/11.jpg	a bird stands on grass, head slightly tilted.
/home/whx/Dataset/semi-aves/trainval_images/167/6.jpg	a bird perched on branch.
/home/whx/Dataset/semi-aves/trainval_images/167/15.jpg	a bird perched on a branch.
/home/whx/Dataset/semi-aves/trainval_images/167/13.jpg	a bird stands on ground, beak open.
/home/whx/Dataset/semi-aves/trainval_images/167/14.jpg	a bird perched, open beak.
/home/whx/Dataset/semi-aves/trainval_images/167/17.jpg	a bird perched on a rock.
/home/whx/Dataset/semi-aves/trainval_images/167/19.jpg	a bird perched on a branch.
/home/whx/Dataset/semi-aves/trainval_images/167/1.jpg	a bird stands on a patch of dirt.
/home/whx/Dataset/semi-aves/trainval_images/168/16.jpg	a bird stands in grass, head slightly lowered.
/home/whx/Dataset/semi-aves/trainval_images/168/19.jpg	a bird stands alert on a log.
/home/whx/Dataset/semi-aves/trainval_images/168/23.jpg	a bird stands with head slightly raised, legs extended.
/home/whx/Dataset/semi-aves/trainval_images/168/9.jpg	a bird stands alert in grass.
/home/whx/Dataset/semi-aves/trainval_images/168/18.jpg	a bird stands alert, head turned.
/home/whx/Dataset/semi-aves/trainval_images/168/6.jpg	a bird stands alert, perched on a branch.
/home/whx/Dataset/semi-aves/trainval_images/168/20.jpg	a bird stands on one leg.
/home/whx/Dataset/semi-aves/trainval_images/168/4.jpg	a bird stands alert near water.
/home/whx/Dataset/semi-aves/trainval_images/168/0.jpg	a bird stands upright.
/home/whx/Dataset/semi-aves/trainval_images/168/13.jpg	a bird stands alert, head slightly tilted.
/home/whx/Dataset/semi-aves/trainval_images/168/5.jpg	a bird stands on a rock.
/home/whx/Dataset/semi-aves/trainval_images/168/1.jpg	a bird stands alert.
/home/whx/Dataset/semi-aves/trainval_images/168/22.jpg	a bird stands in shallow water.
/home/whx/Dataset/semi-aves/trainval_images/168/11.jpg	a bird stands alert, legs spread.
/home/whx/Dataset/semi-aves/trainval_images/168/8.jpg	a bird stands alert, head slightly tilted.
/home/whx/Dataset/semi-aves/trainval_images/168/2.jpg	a bird stands alert, head slightly tilted.
/home/whx/Dataset/semi-aves/trainval_images/169/19.jpg	a bird stands alert on sandy ground.
/home/whx/Dataset/semi-aves/trainval_images/169/14.jpg	a bird is not visible in the image.
/home/whx/Dataset/semi-aves/trainval_images/169/18.jpg	a bird stands on one leg.
/home/whx/Dataset/semi-aves/trainval_images/169/17.jpg	a bird stands on pebbles.
/home/whx/Dataset/semi-aves/trainval_images/169/11.jpg	a bird stands on one leg.
/home/whx/Dataset/semi-aves/trainval_images/169/13.jpg	a bird stands in shallow water.
/home/whx/Dataset/semi-aves/trainval_images/169/3.jpg	a bird stands still.
/home/whx/Dataset/semi-aves/trainval_images/169/0.jpg	a bird stands on sand, wings slightly spread.
/home/whx/Dataset/semi-aves/trainval_images/169/1.jpg	a bird stands on sand, legs spread.
/home/whx/Dataset/semi-aves/trainval_images/169/15.jpg	a bird perched on log.
/home/whx/Dataset/semi-aves/trainval_images/169/10.jpg	a bird stands on one leg.
/home/whx/Dataset/semi-aves/trainval_images/169/8.jpg	a bird stands on one leg.
/home/whx/Dataset/semi-aves/trainval_images/169/6.jpg	a bird stands upright.
/home/whx/Dataset/semi-aves/trainval_images/169/9.jpg	a bird walks on water.
/home/whx/Dataset/semi-aves/trainval_images/169/16.jpg	a bird stands still.
/home/whx/Dataset/semi-aves/trainval_images/169/5.jpg	a bird stands on rocks.
/home/whx/Dataset/semi-aves/trainval_images/170/5.jpg	a bird perched, wings slightly spread.
/home/whx/Dataset/semi-aves/trainval_images/170/15.jpg	a bird perched, head turned.
/home/whx/Dataset/semi-aves/trainval_images/170/14.jpg	a bird perched on a branch.
/home/whx/Dataset/semi-aves/trainval_images/170/16.jpg	a bird perched, head slightly tilted.
/home/whx/Dataset/semi-aves/trainval_images/170/18.jpg	a bird stands on ground, head slightly lowered.
/home/whx/Dataset/semi-aves/trainval_images/170/1.jpg	a bird perched on branch, head turned.
/home/whx/Dataset/semi-aves/trainval_images/170/23.jpg	a bird perched, head turned.
/home/whx/Dataset/semi-aves/trainval_images/170/6.jpg	a bird perched.
/home/whx/Dataset/semi-aves/trainval_images/170/21.jpg	a bird perched on branch.
/home/whx/Dataset/semi-aves/trainval_images/170/25.jpg	a bird stands alert.
/home/whx/Dataset/semi-aves/trainval_images/170/26.jpg	a bird perched, head tilted upward.
/home/whx/Dataset/semi-aves/trainval_images/170/12.jpg	a bird perched on a branch.
/home/whx/Dataset/semi-aves/trainval_images/170/9.jpg	a bird perched on branch.
/home/whx/Dataset/semi-aves/trainval_images/170/19.jpg	a bird perched on a branch.
/home/whx/Dataset/semi-aves/trainval_images/170/27.jpg	a bird perched on branches.
/home/whx/Dataset/semi-aves/trainval_images/170/24.jpg	a bird is foraging on the ground.
/home/whx/Dataset/semi-aves/trainval_images/171/5.jpg	a bird perched on a wooden post.
/home/whx/Dataset/semi-aves/trainval_images/171/8.jpg	a bird perched on a branch.
/home/whx/Dataset/semi-aves/trainval_images/171/18.jpg	a bird perched on a branch.
/home/whx/Dataset/semi-aves/trainval_images/171/0.jpg	a bird perched on wire.
/home/whx/Dataset/semi-aves/trainval_images/171/17.jpg	a bird stands on ground, head slightly tilted.
/home/whx/Dataset/semi-aves/trainval_images/171/15.jpg	a bird perched on a ledge.
/home/whx/Dataset/semi-aves/trainval_images/171/12.jpg	a bird perched on edge.
/home/whx/Dataset/semi-aves/trainval_images/171/10.jpg	a bird perched on a branch.
/home/whx/Dataset/semi-aves/trainval_images/171/1.jpg	a bird perched among leaves.
/home/whx/Dataset/semi-aves/trainval_images/171/14.jpg	a bird perched, facing right.
/home/whx/Dataset/semi-aves/trainval_images/171/3.jpg	a bird perched on a branch.
/home/whx/Dataset/semi-aves/trainval_images/171/7.jpg	a bird perched on a branch.
/home/whx/Dataset/semi-aves/trainval_images/171/6.jpg	a bird perched on a branch.
/home/whx/Dataset/semi-aves/trainval_images/171/2.jpg	a bird perched on a branch.
/home/whx/Dataset/semi-aves/trainval_images/171/9.jpg	a bird perched on a stump.
/home/whx/Dataset/semi-aves/trainval_images/171/16.jpg	a bird perched on a branch.
/home/whx/Dataset/semi-aves/trainval_images/172/3.jpg	a bird perched, tail extended.
/home/whx/Dataset/semi-aves/trainval_images/172/12.jpg	a bird perched on a branch.
/home/whx/Dataset/semi-aves/trainval_images/172/1.jpg	a bird perched, tail extended.
/home/whx/Dataset/semi-aves/trainval_images/172/14.jpg	a bird perched on a branch.
/home/whx/Dataset/semi-aves/trainval_images/172/8.jpg	a bird perched on a branch.
/home/whx/Dataset/semi-aves/trainval_images/172/16.jpg	a bird perched on branch.
/home/whx/Dataset/semi-aves/trainval_images/172/6.jpg	a bird perched on branch.
/home/whx/Dataset/semi-aves/trainval_images/172/7.jpg	a bird perched on a branch.
/home/whx/Dataset/semi-aves/trainval_images/172/5.jpg	a bird perched on a branch.
/home/whx/Dataset/semi-aves/trainval_images/172/15.jpg	a bird perched on a branch.
/home/whx/Dataset/semi-aves/trainval_images/172/17.jpg	a bird perched on wire.
/home/whx/Dataset/semi-aves/trainval_images/172/2.jpg	a bird perched on a branch.
/home/whx/Dataset/semi-aves/trainval_images/172/13.jpg	a bird perched on a branch.
/home/whx/Dataset/semi-aves/trainval_images/172/4.jpg	a bird perched on a branch.
/home/whx/Dataset/semi-aves/trainval_images/172/19.jpg	a bird perched on a branch.
/home/whx/Dataset/semi-aves/trainval_images/172/18.jpg	a bird perched on a branch.
/home/whx/Dataset/semi-aves/trainval_images/173/15.jpg	a bird perched on branch.
/home/whx/Dataset/semi-aves/trainval_images/173/16.jpg	a bird perched on a branch.
/home/whx/Dataset/semi-aves/trainval_images/173/4.jpg	a bird perched on branch, head turned.
/home/whx/Dataset/semi-aves/trainval_images/173/10.jpg	a bird perched, head down.
/home/whx/Dataset/semi-aves/trainval_images/173/2.jpg	a bird perched on branch.
/home/whx/Dataset/semi-aves/trainval_images/173/5.jpg	a bird perched on a branch.
/home/whx/Dataset/semi-aves/trainval_images/173/14.jpg	a bird perched on branch.
/home/whx/Dataset/semi-aves/trainval_images/173/9.jpg	a bird perched on branch.
/home/whx/Dataset/semi-aves/trainval_images/173/3.jpg	a bird perched on branch.
/home/whx/Dataset/semi-aves/trainval_images/173/18.jpg	a bird perched on a branch.
/home/whx/Dataset/semi-aves/trainval_images/173/11.jpg	a bird perched on branch.
/home/whx/Dataset/semi-aves/trainval_images/173/7.jpg	a bird perched on a branch.
/home/whx/Dataset/semi-aves/trainval_images/173/13.jpg	a bird perched on branch.
/home/whx/Dataset/semi-aves/trainval_images/173/1.jpg	a bird perched on branch.
/home/whx/Dataset/semi-aves/trainval_images/173/0.jpg	a bird stands with extended beak.
/home/whx/Dataset/semi-aves/trainval_images/173/17.jpg	a bird perched on a branch.
/home/whx/Dataset/semi-aves/trainval_images/174/13.jpg	a bird perched vertically on cactus.
/home/whx/Dataset/semi-aves/trainval_images/174/1.jpg	a bird perched on wire.
/home/whx/Dataset/semi-aves/trainval_images/174/14.jpg	a bird perched on wire, head turned.
/home/whx/Dataset/semi-aves/trainval_images/174/4.jpg	a bird perched on branch.
/home/whx/Dataset/semi-aves/trainval_images/174/5.jpg	a bird stands on rocks, head tilted.
/home/whx/Dataset/semi-aves/trainval_images/174/8.jpg	a bird perched on branch.
/home/whx/Dataset/semi-aves/trainval_images/174/16.jpg	a bird perched on a branch.
/home/whx/Dataset/semi-aves/trainval_images/174/15.jpg	a bird perched on wire, head turned.
/home/whx/Dataset/semi-aves/trainval_images/174/6.jpg	a bird perched.
/home/whx/Dataset/semi-aves/trainval_images/174/0.jpg	a bird perched in a cactus hole.
/home/whx/Dataset/semi-aves/trainval_images/174/10.jpg	a bird perched on cactus.
/home/whx/Dataset/semi-aves/trainval_images/174/7.jpg	a bird perched on cactus.
/home/whx/Dataset/semi-aves/trainval_images/174/12.jpg	a bird perched on cactus.
/home/whx/Dataset/semi-aves/trainval_images/174/3.jpg	a bird perched.
/home/whx/Dataset/semi-aves/trainval_images/174/2.jpg	a bird perched on cactus.
/home/whx/Dataset/semi-aves/trainval_images/174/11.jpg	a bird perched on cactus, wings slightly spread.
/home/whx/Dataset/semi-aves/trainval_images/175/12.jpg	a bird perched, head slightly tilted.
/home/whx/Dataset/semi-aves/trainval_images/175/10.jpg	a bird perched on a fence post.
/home/whx/Dataset/semi-aves/trainval_images/175/9.jpg	a bird perched on a branch.
/home/whx/Dataset/semi-aves/trainval_images/175/2.jpg	a bird soars with wings spread.
/home/whx/Dataset/semi-aves/trainval_images/175/1.jpg	a bird soars with wings spread.
/home/whx/Dataset/semi-aves/trainval_images/175/7.jpg	a bird perched, head turned.
/home/whx/Dataset/semi-aves/trainval_images/175/14.jpg	a bird perched, head raised.
/home/whx/Dataset/semi-aves/trainval_images/175/17.jpg	a bird perched on a branch.
/home/whx/Dataset/semi-aves/trainval_images/175/11.jpg	a bird perched on branch, head turned.
/home/whx/Dataset/semi-aves/trainval_images/175/16.jpg	a bird perched on a branch.
/home/whx/Dataset/semi-aves/trainval_images/175/13.jpg	a bird soars with wings spread.
/home/whx/Dataset/semi-aves/trainval_images/175/4.jpg	a bird perched on a branch.
/home/whx/Dataset/semi-aves/trainval_images/175/0.jpg	a bird perched, head raised.
/home/whx/Dataset/semi-aves/trainval_images/175/6.jpg	a bird perched on branch, head turned.
/home/whx/Dataset/semi-aves/trainval_images/175/15.jpg	a bird perched, head turned.
/home/whx/Dataset/semi-aves/trainval_images/175/8.jpg	a bird perched, head raised.
/home/whx/Dataset/semi-aves/trainval_images/176/15.jpg	a bird perched among reeds.
/home/whx/Dataset/semi-aves/trainval_images/176/17.jpg	a bird stands alert on reeds.
/home/whx/Dataset/semi-aves/trainval_images/176/10.jpg	a bird perched on branch.
/home/whx/Dataset/semi-aves/trainval_images/176/18.jpg	a bird in flight, wings spread.
/home/whx/Dataset/semi-aves/trainval_images/176/14.jpg	a bird perched on branch.
/home/whx/Dataset/semi-aves/trainval_images/176/5.jpg	a bird perched, head turned.
/home/whx/Dataset/semi-aves/trainval_images/176/7.jpg	a bird perched, head slightly tilted.
/home/whx/Dataset/semi-aves/trainval_images/176/11.jpg	a bird perched, head turned.
/home/whx/Dataset/semi-aves/trainval_images/176/6.jpg	a bird lying on its back.
/home/whx/Dataset/semi-aves/trainval_images/176/8.jpg	a bird in flight, wings spread.
/home/whx/Dataset/semi-aves/trainval_images/176/3.jpg	a bird perched, head raised.
/home/whx/Dataset/semi-aves/trainval_images/176/2.jpg	a bird stands alert, wings slightly spread.
/home/whx/Dataset/semi-aves/trainval_images/176/9.jpg	a bird perched among grass.
/home/whx/Dataset/semi-aves/trainval_images/176/4.jpg	a bird perched, head raised.
/home/whx/Dataset/semi-aves/trainval_images/176/1.jpg	a bird perched.
/home/whx/Dataset/semi-aves/trainval_images/176/12.jpg	a bird perched, head turned.
/home/whx/Dataset/semi-aves/trainval_images/177/7.jpg	a bird stands in water, head lowered.
/home/whx/Dataset/semi-aves/trainval_images/177/1.jpg	a bird stands with legs spread, head slightly tilted.
/home/whx/Dataset/semi-aves/trainval_images/177/10.jpg	a bird stands tall in water.
/home/whx/Dataset/semi-aves/trainval_images/177/19.jpg	a bird stands upright.
/home/whx/Dataset/semi-aves/trainval_images/177/18.jpg	a bird stands with legs apart, head slightly lowered.
/home/whx/Dataset/semi-aves/trainval_images/177/13.jpg	a bird stands in shallow water, head turned to the side.
/home/whx/Dataset/semi-aves/trainval_images/177/0.jpg	a bird stands on a rock, head slightly tilted.
/home/whx/Dataset/semi-aves/trainval_images/177/5.jpg	a bird stands alert, head slightly tilted.
/home/whx/Dataset/semi-aves/trainval_images/177/15.jpg	a bird stands in water, head slightly tilted.
/home/whx/Dataset/semi-aves/trainval_images/177/12.jpg	a bird stands tall, head slightly tilted.
/home/whx/Dataset/semi-aves/trainval_images/177/9.jpg	a bird stands tall, legs spread, head slightly tilted.
/home/whx/Dataset/semi-aves/trainval_images/177/16.jpg	a bird stands tall, head slightly tilted.
/home/whx/Dataset/semi-aves/trainval_images/177/6.jpg	a bird stands on one leg.
/home/whx/Dataset/semi-aves/trainval_images/177/3.jpg	a bird stands still.
/home/whx/Dataset/semi-aves/trainval_images/177/8.jpg	a bird stands alert, facing left.
/home/whx/Dataset/semi-aves/trainval_images/177/2.jpg	a bird stands alert, head turned to the side.
/home/whx/Dataset/semi-aves/trainval_images/178/7.jpg	a bird soars with outstretched wings.
/home/whx/Dataset/semi-aves/trainval_images/178/10.jpg	a bird soars with wings spread wide.
/home/whx/Dataset/semi-aves/trainval_images/178/12.jpg	a bird in flight, wings spread, tail feathers extended.
/home/whx/Dataset/semi-aves/trainval_images/178/18.jpg	a bird in flight, wings spread.
/home/whx/Dataset/semi-aves/trainval_images/178/5.jpg	a bird soars with wings spread wide.
/home/whx/Dataset/semi-aves/trainval_images/178/0.jpg	a bird perched on a rock.
/home/whx/Dataset/semi-aves/trainval_images/178/6.jpg	a bird in flight.
/home/whx/Dataset/semi-aves/trainval_images/178/19.jpg	a bird stands alert in grass.
/home/whx/Dataset/semi-aves/trainval_images/178/16.jpg	a bird spreads its wings.
/home/whx/Dataset/semi-aves/trainval_images/178/9.jpg	a bird soars with outstretched wings and trailing tail.
/home/whx/Dataset/semi-aves/trainval_images/178/11.jpg	a bird soars with outstretched wings.
/home/whx/Dataset/semi-aves/trainval_images/178/3.jpg	a bird soars with wings spread wide.
/home/whx/Dataset/semi-aves/trainval_images/178/13.jpg	a bird soars over the ocean.
/home/whx/Dataset/semi-aves/trainval_images/178/1.jpg	a bird stands on the shore.
/home/whx/Dataset/semi-aves/trainval_images/178/14.jpg	a bird soars with wings spread.
/home/whx/Dataset/semi-aves/trainval_images/178/4.jpg	a bird soars with outstretched wings.
/home/whx/Dataset/semi-aves/trainval_images/179/10.jpg	a bird perched on flower.
/home/whx/Dataset/semi-aves/trainval_images/179/12.jpg	a bird perched on a branch.
/home/whx/Dataset/semi-aves/trainval_images/179/6.jpg	a bird perched on berries.
/home/whx/Dataset/semi-aves/trainval_images/179/9.jpg	a bird perched on a branch.
/home/whx/Dataset/semi-aves/trainval_images/179/3.jpg	a bird perched on a branch.
/home/whx/Dataset/semi-aves/trainval_images/179/13.jpg	a bird perched, feeding.
/home/whx/Dataset/semi-aves/trainval_images/179/0.jpg	a bird perched on branch.
/home/whx/Dataset/semi-aves/trainval_images/179/20.jpg	a bird perched on a branch, facing a flower.
/home/whx/Dataset/semi-aves/trainval_images/179/5.jpg	a bird perched, feeding.
/home/whx/Dataset/semi-aves/trainval_images/179/1.jpg	a bird perched on a branch.
/home/whx/Dataset/semi-aves/trainval_images/179/19.jpg	a bird perched on branch.
/home/whx/Dataset/semi-aves/trainval_images/179/2.jpg	a bird perched on a branch.
/home/whx/Dataset/semi-aves/trainval_images/179/14.jpg	a bird perched on a rock.
/home/whx/Dataset/semi-aves/trainval_images/179/8.jpg	a bird perched on branch.
/home/whx/Dataset/semi-aves/trainval_images/179/21.jpg	a bird perched on a wire, head tilted upwards.
/home/whx/Dataset/semi-aves/trainval_images/179/11.jpg	a bird perched, head raised.
/home/whx/Dataset/semi-aves/trainval_images/180/10.jpg	a bird perched among leaves.
/home/whx/Dataset/semi-aves/trainval_images/180/4.jpg	a bird perched on branch.
/home/whx/Dataset/semi-aves/trainval_images/180/12.jpg	a bird perched on tree trunk.
/home/whx/Dataset/semi-aves/trainval_images/180/13.jpg	a bird perched on a branch.
/home/whx/Dataset/semi-aves/trainval_images/180/19.jpg	a bird perched on a branch.
/home/whx/Dataset/semi-aves/trainval_images/180/8.jpg	a bird perched on a branch.
/home/whx/Dataset/semi-aves/trainval_images/180/16.jpg	a bird perched, head slightly tilted.
/home/whx/Dataset/semi-aves/trainval_images/180/15.jpg	a bird stands still, perched.
/home/whx/Dataset/semi-aves/trainval_images/180/11.jpg	a bird perched on a branch.
/home/whx/Dataset/semi-aves/trainval_images/180/14.jpg	a bird perched, head raised.
/home/whx/Dataset/semi-aves/trainval_images/180/18.jpg	a bird perched on branch.
/home/whx/Dataset/semi-aves/trainval_images/180/3.jpg	a bird perched on a branch.
/home/whx/Dataset/semi-aves/trainval_images/180/17.jpg	a bird perched on a reed.
/home/whx/Dataset/semi-aves/trainval_images/180/1.jpg	a bird perched on branch.
/home/whx/Dataset/semi-aves/trainval_images/180/6.jpg	a bird perched on a stem.
/home/whx/Dataset/semi-aves/trainval_images/180/9.jpg	a bird perched on a branch.
/home/whx/Dataset/semi-aves/trainval_images/181/5.jpg	a bird perched on a branch.
/home/whx/Dataset/semi-aves/trainval_images/181/4.jpg	a bird perched, head slightly tilted.
/home/whx/Dataset/semi-aves/trainval_images/181/1.jpg	a bird perched, wings slightly spread.
/home/whx/Dataset/semi-aves/trainval_images/181/7.jpg	a bird stands still.
/home/whx/Dataset/semi-aves/trainval_images/181/9.jpg	a bird perched on leaves.
/home/whx/Dataset/semi-aves/trainval_images/181/8.jpg	a bird stands alert on grass.
/home/whx/Dataset/semi-aves/trainval_images/181/2.jpg	a bird perched in nest.
/home/whx/Dataset/semi-aves/trainval_images/181/6.jpg	a bird perched on railing.
/home/whx/Dataset/semi-aves/trainval_images/181/10.jpg	a bird stands on grass.
/home/whx/Dataset/semi-aves/trainval_images/181/16.jpg	a bird perched on a branch.
/home/whx/Dataset/semi-aves/trainval_images/181/15.jpg	a bird stands on the ground.
/home/whx/Dataset/semi-aves/trainval_images/181/13.jpg	a bird perched, head slightly tilted.
/home/whx/Dataset/semi-aves/trainval_images/181/11.jpg	a bird stands upright.
/home/whx/Dataset/semi-aves/trainval_images/181/14.jpg	a bird perched, head slightly tilted.
/home/whx/Dataset/semi-aves/trainval_images/181/0.jpg	a bird stands upright.
/home/whx/Dataset/semi-aves/trainval_images/181/3.jpg	a bird perched on a branch.
/home/whx/Dataset/semi-aves/trainval_images/182/5.jpg	a bird perched on branch, head turned.
/home/whx/Dataset/semi-aves/trainval_images/182/7.jpg	a bird perched on a branch.
/home/whx/Dataset/semi-aves/trainval_images/182/16.jpg	a bird perched on a branch.
/home/whx/Dataset/semi-aves/trainval_images/182/11.jpg	a bird perched on a branch.
/home/whx/Dataset/semi-aves/trainval_images/182/15.jpg	a bird in flight, wings spread, head tilted.
/home/whx/Dataset/semi-aves/trainval_images/182/9.jpg	a bird perched on a branch.
/home/whx/Dataset/semi-aves/trainval_images/182/13.jpg	a bird perched on fence.
/home/whx/Dataset/semi-aves/trainval_images/182/0.jpg	a bird perched on a branch.
/home/whx/Dataset/semi-aves/trainval_images/182/1.jpg	a bird perched, holding food in beak.
/home/whx/Dataset/semi-aves/trainval_images/182/2.jpg	a bird perched on a branch.
/home/whx/Dataset/semi-aves/trainval_images/182/14.jpg	a bird in flight, wings spread.
/home/whx/Dataset/semi-aves/trainval_images/182/4.jpg	a bird perched on a branch.
/home/whx/Dataset/semi-aves/trainval_images/182/12.jpg	a bird perched on a branch.
/home/whx/Dataset/semi-aves/trainval_images/182/17.jpg	a bird perched on a branch.
/home/whx/Dataset/semi-aves/trainval_images/182/8.jpg	a bird in flight, wings spread.
/home/whx/Dataset/semi-aves/trainval_images/182/3.jpg	a bird perched on a branch.
/home/whx/Dataset/semi-aves/trainval_images/183/5.jpg	a bird perched, head raised.
/home/whx/Dataset/semi-aves/trainval_images/183/9.jpg	a bird perched on branch.
/home/whx/Dataset/semi-aves/trainval_images/183/13.jpg	a bird perched, facing right.
/home/whx/Dataset/semi-aves/trainval_images/183/2.jpg	a bird perched on edge.
/home/whx/Dataset/semi-aves/trainval_images/183/7.jpg	a bird perched on branch, head slightly tilted.
/home/whx/Dataset/semi-aves/trainval_images/183/8.jpg	a bird perched on branch.
/home/whx/Dataset/semi-aves/trainval_images/183/0.jpg	a bird perched on a branch.
/home/whx/Dataset/semi-aves/trainval_images/183/18.jpg	a bird is perched on a hand, showing its wing.
/home/whx/Dataset/semi-aves/trainval_images/183/14.jpg	a bird perched on a branch.
/home/whx/Dataset/semi-aves/trainval_images/183/4.jpg	a bird perched on branch, head turned.
/home/whx/Dataset/semi-aves/trainval_images/183/12.jpg	a bird perched in hand.
/home/whx/Dataset/semi-aves/trainval_images/183/16.jpg	a bird is not visible in the image.
/home/whx/Dataset/semi-aves/trainval_images/183/6.jpg	a bird perched on a hand.
/home/whx/Dataset/semi-aves/trainval_images/183/17.jpg	a bird perched on a branch.
/home/whx/Dataset/semi-aves/trainval_images/183/3.jpg	a bird perched, head tilted.
/home/whx/Dataset/semi-aves/trainval_images/183/19.jpg	a bird perched on a branch.
/home/whx/Dataset/semi-aves/trainval_images/184/8.jpg	a bird perched on a branch.
/home/whx/Dataset/semi-aves/trainval_images/184/16.jpg	a bird perched on a branch.
/home/whx/Dataset/semi-aves/trainval_images/184/6.jpg	a bird perched on a branch.
/home/whx/Dataset/semi-aves/trainval_images/184/1.jpg	a bird perched on a branch.
/home/whx/Dataset/semi-aves/trainval_images/184/12.jpg	a bird perched, facing left.
/home/whx/Dataset/semi-aves/trainval_images/184/14.jpg	a bird perched, head turned.
/home/whx/Dataset/semi-aves/trainval_images/184/13.jpg	a bird perched on a branch, head slightly tilted.
/home/whx/Dataset/semi-aves/trainval_images/184/15.jpg	a bird perched on a branch.
/home/whx/Dataset/semi-aves/trainval_images/184/5.jpg	a bird perched on a branch, holding a twig.
/home/whx/Dataset/semi-aves/trainval_images/184/11.jpg	a bird spreads its wings.
/home/whx/Dataset/semi-aves/trainval_images/184/7.jpg	a bird perched on a wire.
/home/whx/Dataset/semi-aves/trainval_images/184/9.jpg	a bird perched on a branch.
/home/whx/Dataset/semi-aves/trainval_images/184/4.jpg	a bird perched on a branch.
/home/whx/Dataset/semi-aves/trainval_images/184/10.jpg	a bird perched on a branch.
/home/whx/Dataset/semi-aves/trainval_images/184/3.jpg	a bird perched on a branch.
/home/whx/Dataset/semi-aves/trainval_images/184/2.jpg	a bird perched, head slightly turned.
/home/whx/Dataset/semi-aves/trainval_images/185/0.jpg	a bird perched on a wire.
/home/whx/Dataset/semi-aves/trainval_images/185/1.jpg	a bird perched on a branch.
/home/whx/Dataset/semi-aves/trainval_images/185/2.jpg	a bird perched on a twig.
/home/whx/Dataset/semi-aves/trainval_images/185/3.jpg	a bird perched on a branch.
/home/whx/Dataset/semi-aves/trainval_images/185/4.jpg	a bird perched on a branch.
/home/whx/Dataset/semi-aves/trainval_images/185/5.jpg	a bird perched on a branch.
/home/whx/Dataset/semi-aves/trainval_images/185/6.jpg	a bird perched on wire.
/home/whx/Dataset/semi-aves/trainval_images/185/7.jpg	a bird perched on a branch.
/home/whx/Dataset/semi-aves/trainval_images/185/8.jpg	a bird perched on a wire.
/home/whx/Dataset/semi-aves/trainval_images/185/9.jpg	a bird perched on wire.
/home/whx/Dataset/semi-aves/trainval_images/185/10.jpg	a bird perched on a wire.
/home/whx/Dataset/semi-aves/trainval_images/185/11.jpg	a bird perched on wire.
/home/whx/Dataset/semi-aves/trainval_images/185/12.jpg	a bird perched on a rope.
/home/whx/Dataset/semi-aves/trainval_images/185/13.jpg	a bird perched on wire.
/home/whx/Dataset/semi-aves/trainval_images/185/14.jpg	a bird perched, head slightly turned.
/home/whx/Dataset/semi-aves/trainval_images/186/8.jpg	a bird perched on a branch.
/home/whx/Dataset/semi-aves/trainval_images/186/4.jpg	a bird perched, head slightly tilted.
/home/whx/Dataset/semi-aves/trainval_images/186/13.jpg	a bird stands on the ground, facing right.
/home/whx/Dataset/semi-aves/trainval_images/186/5.jpg	a bird perched among leaves.
/home/whx/Dataset/semi-aves/trainval_images/186/10.jpg	a bird perched on a branch.
/home/whx/Dataset/semi-aves/trainval_images/186/14.jpg	a bird stands on grass, head slightly lowered.
/home/whx/Dataset/semi-aves/trainval_images/186/6.jpg	a bird perched, wings slightly spread.
/home/whx/Dataset/semi-aves/trainval_images/186/11.jpg	a bird stands on ground, head down.
/home/whx/Dataset/semi-aves/trainval_images/186/15.jpg	a bird perched on a branch.
/home/whx/Dataset/semi-aves/trainval_images/186/12.jpg	a bird perched on branch.
/home/whx/Dataset/semi-aves/trainval_images/186/3.jpg	a bird perched on bananas, head down.
/home/whx/Dataset/semi-aves/trainval_images/186/1.jpg	a bird perched on a branch.
/home/whx/Dataset/semi-aves/trainval_images/186/0.jpg	a bird perched on a branch.
/home/whx/Dataset/semi-aves/trainval_images/186/9.jpg	a bird perched, head slightly tilted.
/home/whx/Dataset/semi-aves/trainval_images/186/16.jpg	a bird perched on a branch.
/home/whx/Dataset/semi-aves/trainval_images/186/17.jpg	a bird perched on a branch.
/home/whx/Dataset/semi-aves/trainval_images/187/0.jpg	a bird perched.
/home/whx/Dataset/semi-aves/trainval_images/187/7.jpg	a bird perched on branch, head turned.
/home/whx/Dataset/semi-aves/trainval_images/187/12.jpg	a bird perched on branch.
/home/whx/Dataset/semi-aves/trainval_images/187/16.jpg	a bird perched on a rock.
/home/whx/Dataset/semi-aves/trainval_images/187/15.jpg	a bird perched.
/home/whx/Dataset/semi-aves/trainval_images/187/9.jpg	a bird perched on wire.
/home/whx/Dataset/semi-aves/trainval_images/187/14.jpg	a bird perched on branch.
/home/whx/Dataset/semi-aves/trainval_images/187/13.jpg	a bird perched on branch, eating.
/home/whx/Dataset/semi-aves/trainval_images/187/1.jpg	a bird perched on a branch.
/home/whx/Dataset/semi-aves/trainval_images/187/17.jpg	a bird perched on branch.
/home/whx/Dataset/semi-aves/trainval_images/187/2.jpg	a bird perched on a branch.
/home/whx/Dataset/semi-aves/trainval_images/187/6.jpg	a bird perched on tree trunk.
/home/whx/Dataset/semi-aves/trainval_images/187/4.jpg	a bird perched on wire.
/home/whx/Dataset/semi-aves/trainval_images/187/8.jpg	a bird perched on a flower.
/home/whx/Dataset/semi-aves/trainval_images/187/5.jpg	a bird perched.
/home/whx/Dataset/semi-aves/trainval_images/187/10.jpg	a bird perched.
/home/whx/Dataset/semi-aves/trainval_images/188/8.jpg	a bird perched on a branch.
/home/whx/Dataset/semi-aves/trainval_images/188/13.jpg	a bird perched on a branch.
/home/whx/Dataset/semi-aves/trainval_images/188/4.jpg	a bird perched among leaves.
/home/whx/Dataset/semi-aves/trainval_images/188/16.jpg	a bird perched on a tree branch.
/home/whx/Dataset/semi-aves/trainval_images/188/3.jpg	a bird perched on a branch.
/home/whx/Dataset/semi-aves/trainval_images/188/11.jpg	a bird perched on a branch.
/home/whx/Dataset/semi-aves/trainval_images/188/10.jpg	a bird perched on a branch.
/home/whx/Dataset/semi-aves/trainval_images/188/5.jpg	a bird perched on a branch.
/home/whx/Dataset/semi-aves/trainval_images/188/6.jpg	a bird perched on a branch.
/home/whx/Dataset/semi-aves/trainval_images/188/12.jpg	a bird perched on a branch.
/home/whx/Dataset/semi-aves/trainval_images/188/0.jpg	a bird perched on a branch.
/home/whx/Dataset/semi-aves/trainval_images/188/15.jpg	a bird perched on a branch.
/home/whx/Dataset/semi-aves/trainval_images/188/14.jpg	a bird perched on a branch.
/home/whx/Dataset/semi-aves/trainval_images/188/1.jpg	a bird perched on a branch.
/home/whx/Dataset/semi-aves/trainval_images/188/2.jpg	a bird perched on a branch.
/home/whx/Dataset/semi-aves/trainval_images/188/17.jpg	a bird perched on a branch.
/home/whx/Dataset/semi-aves/trainval_images/189/1.jpg	a bird in flight, wings spread.
/home/whx/Dataset/semi-aves/trainval_images/189/11.jpg	a bird perched on branch.
/home/whx/Dataset/semi-aves/trainval_images/189/3.jpg	a bird perched on wire, head slightly tilted.
/home/whx/Dataset/semi-aves/trainval_images/189/13.jpg	a bird perched on a branch.
/home/whx/Dataset/semi-aves/trainval_images/189/14.jpg	a bird perched on branch.
/home/whx/Dataset/semi-aves/trainval_images/189/15.jpg	a bird perched on a branch.
/home/whx/Dataset/semi-aves/trainval_images/189/10.jpg	a bird perched on a branch.
/home/whx/Dataset/semi-aves/trainval_images/189/16.jpg	a bird perched on a branch.
/home/whx/Dataset/semi-aves/trainval_images/189/17.jpg	a bird perched, feeding.
/home/whx/Dataset/semi-aves/trainval_images/189/6.jpg	a bird perched.
/home/whx/Dataset/semi-aves/trainval_images/189/2.jpg	a bird in flight, hovering.
/home/whx/Dataset/semi-aves/trainval_images/189/8.jpg	a bird is hovering near a flower.
/home/whx/Dataset/semi-aves/trainval_images/189/0.jpg	a bird in flight.
/home/whx/Dataset/semi-aves/trainval_images/189/7.jpg	a bird perched on wire.
/home/whx/Dataset/semi-aves/trainval_images/189/9.jpg	a bird perched on a branch.
/home/whx/Dataset/semi-aves/trainval_images/189/5.jpg	a bird perched on a branch.
/home/whx/Dataset/semi-aves/trainval_images/190/9.jpg	a bird perched on a branch.
/home/whx/Dataset/semi-aves/trainval_images/190/0.jpg	a bird perched on a branch.
/home/whx/Dataset/semi-aves/trainval_images/190/15.jpg	a bird spreads its wings.
/home/whx/Dataset/semi-aves/trainval_images/190/10.jpg	a bird perched on branch.
/home/whx/Dataset/semi-aves/trainval_images/190/16.jpg	a bird perched.
/home/whx/Dataset/semi-aves/trainval_images/190/7.jpg	a bird perched on a branch.
/home/whx/Dataset/semi-aves/trainval_images/190/1.jpg	a bird perched on a branch.
/home/whx/Dataset/semi-aves/trainval_images/190/17.jpg	a bird perched on wire.
/home/whx/Dataset/semi-aves/trainval_images/190/6.jpg	a bird perched, tail fanned.
/home/whx/Dataset/semi-aves/trainval_images/190/11.jpg	a bird perched on a branch, open beak.
/home/whx/Dataset/semi-aves/trainval_images/190/12.jpg	a bird perched
/home/whx/Dataset/semi-aves/trainval_images/190/4.jpg	a bird perched on branch.
/home/whx/Dataset/semi-aves/trainval_images/190/14.jpg	a bird stands on a ledge, holding a leaf in its beak.
/home/whx/Dataset/semi-aves/trainval_images/190/5.jpg	a bird perched on branch.
/home/whx/Dataset/semi-aves/trainval_images/190/13.jpg	a bird perched on a branch.
/home/whx/Dataset/semi-aves/trainval_images/190/3.jpg	a bird perched on a rock.
/home/whx/Dataset/semi-aves/trainval_images/191/12.jpg	a bird perched on tree trunk.
/home/whx/Dataset/semi-aves/trainval_images/191/13.jpg	a bird perched on tree branch.
/home/whx/Dataset/semi-aves/trainval_images/191/3.jpg	a bird perched on tree branch.
/home/whx/Dataset/semi-aves/trainval_images/191/8.jpg	a bird perched on a branch.
/home/whx/Dataset/semi-aves/trainval_images/191/6.jpg	a bird perched on tree trunk.
/home/whx/Dataset/semi-aves/trainval_images/191/7.jpg	a bird perched on branch, head tilted.
/home/whx/Dataset/semi-aves/trainval_images/191/5.jpg	a bird perched on a branch.
/home/whx/Dataset/semi-aves/trainval_images/191/11.jpg	a bird perched on a tree branch.
/home/whx/Dataset/semi-aves/trainval_images/191/1.jpg	a bird perched on tree trunk.
/home/whx/Dataset/semi-aves/trainval_images/191/15.jpg	a bird perched on a utility pole.
/home/whx/Dataset/semi-aves/trainval_images/191/9.jpg	a bird perched on branch.
/home/whx/Dataset/semi-aves/trainval_images/191/4.jpg	a bird perched on a branch.
/home/whx/Dataset/semi-aves/trainval_images/191/10.jpg	a bird perched on branch, head turned.
/home/whx/Dataset/semi-aves/trainval_images/191/2.jpg	a bird perched on branch.
/home/whx/Dataset/semi-aves/trainval_images/191/0.jpg	a bird perched on a tree branch.
/home/whx/Dataset/semi-aves/trainval_images/191/14.jpg	a bird perched on tree trunk.
/home/whx/Dataset/semi-aves/trainval_images/192/11.jpg	a bird perched on a hand.
/home/whx/Dataset/semi-aves/trainval_images/192/3.jpg	a bird perched on a branch.
/home/whx/Dataset/semi-aves/trainval_images/192/6.jpg	a bird perched on a branch.
/home/whx/Dataset/semi-aves/trainval_images/192/17.jpg	a bird perched on a branch.
/home/whx/Dataset/semi-aves/trainval_images/192/18.jpg	a bird perched on a branch.
/home/whx/Dataset/semi-aves/trainval_images/192/10.jpg	a bird perched on a branch.
/home/whx/Dataset/semi-aves/trainval_images/192/9.jpg	a bird perched on a hand.
/home/whx/Dataset/semi-aves/trainval_images/192/1.jpg	a bird perched on a branch.
/home/whx/Dataset/semi-aves/trainval_images/192/0.jpg	a bird perched, open beak.
/home/whx/Dataset/semi-aves/trainval_images/192/8.jpg	a bird perched on a branch.
/home/whx/Dataset/semi-aves/trainval_images/192/16.jpg	a bird perched on a branch.
/home/whx/Dataset/semi-aves/trainval_images/192/15.jpg	a bird perched on a branch.
/home/whx/Dataset/semi-aves/trainval_images/192/13.jpg	a bird perched, head slightly turned.
/home/whx/Dataset/semi-aves/trainval_images/192/2.jpg	a bird perched on a branch.
/home/whx/Dataset/semi-aves/trainval_images/192/7.jpg	a bird perched on a branch.
/home/whx/Dataset/semi-aves/trainval_images/192/12.jpg	a bird perched on branch.
/home/whx/Dataset/semi-aves/trainval_images/193/13.jpg	a bird perched, head down, feeding.
/home/whx/Dataset/semi-aves/trainval_images/193/8.jpg	a bird perched on branch.
/home/whx/Dataset/semi-aves/trainval_images/193/4.jpg	a bird perched on branch.
/home/whx/Dataset/semi-aves/trainval_images/193/6.jpg	a bird perched on a branch.
/home/whx/Dataset/semi-aves/trainval_images/193/10.jpg	a bird perched.
/home/whx/Dataset/semi-aves/trainval_images/193/0.jpg	a bird perched on a branch.
/home/whx/Dataset/semi-aves/trainval_images/193/9.jpg	a bird perched on branch.
/home/whx/Dataset/semi-aves/trainval_images/193/11.jpg	a bird perched on a branch.
/home/whx/Dataset/semi-aves/trainval_images/193/15.jpg	a bird perched on branch.
/home/whx/Dataset/semi-aves/trainval_images/193/7.jpg	a bird perched on a branch.
/home/whx/Dataset/semi-aves/trainval_images/193/3.jpg	a bird perched on a branch.
/home/whx/Dataset/semi-aves/trainval_images/193/5.jpg	a bird perched, head turned, beak open.
/home/whx/Dataset/semi-aves/trainval_images/193/1.jpg	a bird perched on branch.
/home/whx/Dataset/semi-aves/trainval_images/193/12.jpg	a bird perched on branch.
/home/whx/Dataset/semi-aves/trainval_images/193/2.jpg	a bird perched on a branch.
/home/whx/Dataset/semi-aves/trainval_images/193/14.jpg	a bird perched on branch.
/home/whx/Dataset/semi-aves/trainval_images/194/14.jpg	a bird perched on branch.
/home/whx/Dataset/semi-aves/trainval_images/194/1.jpg	a bird perched on a branch.
/home/whx/Dataset/semi-aves/trainval_images/194/4.jpg	a bird perched on a branch.
/home/whx/Dataset/semi-aves/trainval_images/194/8.jpg	a bird stands on ground, head slightly tilted.
/home/whx/Dataset/semi-aves/trainval_images/194/2.jpg	a bird stands on forest floor.
/home/whx/Dataset/semi-aves/trainval_images/194/11.jpg	a bird perched on a branch.
/home/whx/Dataset/semi-aves/trainval_images/194/7.jpg	a bird is standing.
/home/whx/Dataset/semi-aves/trainval_images/194/10.jpg	a bird perched on a branch.
/home/whx/Dataset/semi-aves/trainval_images/194/16.jpg	a bird perched on a branch.
/home/whx/Dataset/semi-aves/trainval_images/194/12.jpg	a bird perched on a branch.
/home/whx/Dataset/semi-aves/trainval_images/194/9.jpg	a bird perched on branch.
/home/whx/Dataset/semi-aves/trainval_images/194/13.jpg	a bird perched on a branch.
/home/whx/Dataset/semi-aves/trainval_images/194/3.jpg	a bird is standing on the ground.
/home/whx/Dataset/semi-aves/trainval_images/194/5.jpg	a bird perched on branch.
/home/whx/Dataset/semi-aves/trainval_images/194/6.jpg	a bird perched on a leaf.
/home/whx/Dataset/semi-aves/trainval_images/194/15.jpg	a bird perched on a branch.
/home/whx/Dataset/semi-aves/trainval_images/195/15.jpg	a bird perched on a branch.
/home/whx/Dataset/semi-aves/trainval_images/195/7.jpg	a bird perched on branch.
/home/whx/Dataset/semi-aves/trainval_images/195/9.jpg	a bird perched in a tree hole.
/home/whx/Dataset/semi-aves/trainval_images/195/0.jpg	a bird perched on a branch.
/home/whx/Dataset/semi-aves/trainval_images/195/1.jpg	a bird perched on branch.
/home/whx/Dataset/semi-aves/trainval_images/195/2.jpg	a bird perched on a branch.
/home/whx/Dataset/semi-aves/trainval_images/195/16.jpg	a bird perched on a branch.
/home/whx/Dataset/semi-aves/trainval_images/195/13.jpg	a bird perched on a wire.
/home/whx/Dataset/semi-aves/trainval_images/195/5.jpg	a bird perched on a tree stump.
/home/whx/Dataset/semi-aves/trainval_images/195/4.jpg	a bird perched on tree branch.
/home/whx/Dataset/semi-aves/trainval_images/195/8.jpg	a bird perched on a branch.
/home/whx/Dataset/semi-aves/trainval_images/195/6.jpg	a bird perched on a tree trunk.
/home/whx/Dataset/semi-aves/trainval_images/195/11.jpg	a bird standing in grass.
/home/whx/Dataset/semi-aves/trainval_images/195/12.jpg	a bird perched on a tree branch.
/home/whx/Dataset/semi-aves/trainval_images/195/10.jpg	a bird perched on a branch.
/home/whx/Dataset/semi-aves/trainval_images/195/14.jpg	a bird perched on a tree branch.
/home/whx/Dataset/semi-aves/trainval_images/196/16.jpg	a bird perched, tail extended.
/home/whx/Dataset/semi-aves/trainval_images/196/4.jpg	a bird perched on a plant.
/home/whx/Dataset/semi-aves/trainval_images/196/7.jpg	a bird perched, tail extended.
/home/whx/Dataset/semi-aves/trainval_images/196/13.jpg	a bird perched on a branch.
/home/whx/Dataset/semi-aves/trainval_images/196/0.jpg	a bird is hovering.
/home/whx/Dataset/semi-aves/trainval_images/196/14.jpg	a bird perched, tail extended.
/home/whx/Dataset/semi-aves/trainval_images/196/11.jpg	a bird is feeding.
/home/whx/Dataset/semi-aves/trainval_images/196/9.jpg	a bird is hovering near a feeder.
/home/whx/Dataset/semi-aves/trainval_images/196/5.jpg	a bird perches on feeder, tail extended.
/home/whx/Dataset/semi-aves/trainval_images/196/8.jpg	a bird in flight, wings blurred, tail extended.
/home/whx/Dataset/semi-aves/trainval_images/196/1.jpg	a bird perched, feeding.
/home/whx/Dataset/semi-aves/trainval_images/196/10.jpg	a bird perched on a branch.
/home/whx/Dataset/semi-aves/trainval_images/196/12.jpg	a bird in flight, wings spread, tail extended.
/home/whx/Dataset/semi-aves/trainval_images/196/6.jpg	a bird perched on a branch.
/home/whx/Dataset/semi-aves/trainval_images/196/3.jpg	a bird is hovering near a feeder.
/home/whx/Dataset/semi-aves/trainval_images/196/15.jpg	a bird perched on branch.
/home/whx/Dataset/semi-aves/trainval_images/197/14.jpg	a bird perched on a branch.
/home/whx/Dataset/semi-aves/trainval_images/197/9.jpg	a bird perched on a branch.
/home/whx/Dataset/semi-aves/trainval_images/197/0.jpg	a bird perched on a branch.
/home/whx/Dataset/semi-aves/trainval_images/197/10.jpg	a bird perched on a branch.
/home/whx/Dataset/semi-aves/trainval_images/197/4.jpg	a bird stands on a branch, rain falling.
/home/whx/Dataset/semi-aves/trainval_images/197/11.jpg	a bird perched on ground.
/home/whx/Dataset/semi-aves/trainval_images/197/8.jpg	a bird perched on a branch.
/home/whx/Dataset/semi-aves/trainval_images/197/16.jpg	a bird perched on branch, head turned.
/home/whx/Dataset/semi-aves/trainval_images/197/6.jpg	a bird perched on a branch.
/home/whx/Dataset/semi-aves/trainval_images/197/1.jpg	a bird perched on a branch.
/home/whx/Dataset/semi-aves/trainval_images/197/15.jpg	a bird perched on a branch.
/home/whx/Dataset/semi-aves/trainval_images/197/5.jpg	a bird perched on a branch.
/home/whx/Dataset/semi-aves/trainval_images/197/2.jpg	a bird perched on a branch.
/home/whx/Dataset/semi-aves/trainval_images/197/3.jpg	a bird perched on branch.
/home/whx/Dataset/semi-aves/trainval_images/197/13.jpg	a bird perched on branch, head turned.
/home/whx/Dataset/semi-aves/trainval_images/197/7.jpg	a bird perched on branch.
/home/whx/Dataset/semi-aves/trainval_images/198/24.jpg	a bird is resting.
/home/whx/Dataset/semi-aves/trainval_images/198/12.jpg	a bird is perched on a log.
/home/whx/Dataset/semi-aves/trainval_images/198/1.jpg	a bird perched on a rail.
/home/whx/Dataset/semi-aves/trainval_images/198/3.jpg	a bird is resting.
/home/whx/Dataset/semi-aves/trainval_images/198/2.jpg	a bird perched.
/home/whx/Dataset/semi-aves/trainval_images/198/0.jpg	a bird is perched on a person's hand.
/home/whx/Dataset/semi-aves/trainval_images/198/9.jpg	a bird lies on the ground.
/home/whx/Dataset/semi-aves/trainval_images/198/23.jpg	a bird perched on a branch.
/home/whx/Dataset/semi-aves/trainval_images/198/19.jpg	a bird perched on a branch.
/home/whx/Dataset/semi-aves/trainval_images/198/25.jpg	a bird perched on a branch.
/home/whx/Dataset/semi-aves/trainval_images/198/4.jpg	a bird perched on a branch.
/home/whx/Dataset/semi-aves/trainval_images/198/6.jpg	a bird perched, eyes glowing.
/home/whx/Dataset/semi-aves/trainval_images/198/8.jpg	bird not visible.
/home/whx/Dataset/semi-aves/trainval_images/198/5.jpg	a bird perched on a log.
/home/whx/Dataset/semi-aves/trainval_images/198/7.jpg	a bird lying on its back with wings spread.
/home/whx/Dataset/semi-aves/trainval_images/198/14.jpg	a bird perched on a branch.
/home/whx/Dataset/semi-aves/trainval_images/199/6.jpg	a bird stands on rocks, head turned to the left.
/home/whx/Dataset/semi-aves/trainval_images/199/1.jpg	a bird lies on its side in the sand.
/home/whx/Dataset/semi-aves/trainval_images/199/8.jpg	a bird is curled up, resting.
/home/whx/Dataset/semi-aves/trainval_images/199/5.jpg	a bird stands upright.
/home/whx/Dataset/semi-aves/trainval_images/199/11.jpg	a bird lying still.
/home/whx/Dataset/semi-aves/trainval_images/199/9.jpg	a bird is lying down.
/home/whx/Dataset/semi-aves/trainval_images/199/15.jpg	a bird stands upright.
/home/whx/Dataset/semi-aves/trainval_images/199/4.jpg	a bird is resting in a burrow.
/home/whx/Dataset/semi-aves/trainval_images/199/2.jpg	a bird is standing with its head tucked into its body.
/home/whx/Dataset/semi-aves/trainval_images/199/7.jpg	a bird stands upright.
/home/whx/Dataset/semi-aves/trainval_images/199/13.jpg	a bird stands upright, head slightly tilted.
/home/whx/Dataset/semi-aves/trainval_images/199/14.jpg	a bird lying down.
/home/whx/Dataset/semi-aves/trainval_images/199/0.jpg	a bird lying on sand, head down.
/home/whx/Dataset/semi-aves/trainval_images/199/10.jpg	a bird stands upright.
/home/whx/Dataset/semi-aves/trainval_images/199/12.jpg	a bird stands with open beak, head tilted back.
/home/whx/Dataset/semi-aves/trainval_images/199/3.jpg	a bird stands on rocks.
