image	response
../dataset/datasets/imb_cub_0.01/train/Black_footed_Albatross/5.jpg	Ocean waves.
../dataset/datasets/imb_cub_0.01/train/Black_footed_Albatross/7.jpg	The bird is floating on water.
../dataset/datasets/imb_cub_0.01/train/Black_footed_Albatross/17.jpg	A bird soars over calm, grayish-blue water.
../dataset/datasets/imb_cub_0.01/train/Black_footed_Albatross/10.jpg	A bird floats on calm water.
../dataset/datasets/imb_cub_0.01/train/Black_footed_Albatross/18.jpg	A bird flying over water.
../dataset/datasets/imb_cub_0.01/train/Black_footed_Albatross/26.jpg	Ocean waves.
../dataset/datasets/imb_cub_0.01/train/Black_footed_Albatross/15.jpg	The bird is floating on calm water with a blurred background.
../dataset/datasets/imb_cub_0.01/train/Black_footed_Albatross/22.jpg	The background is water.
../dataset/datasets/imb_cub_0.01/train/Black_footed_Albatross/12.jpg	A bird soars over calm ocean waters.
../dataset/datasets/imb_cub_0.01/train/Black_footed_Albatross/13.jpg	Ocean waves.
../dataset/datasets/imb_cub_0.01/train/Black_footed_Albatross/27.jpg	A bird on calm blue water.
../dataset/datasets/imb_cub_0.01/train/Black_footed_Albatross/2.jpg	A bird soars over calm, gray ocean waters under overcast sky.
../dataset/datasets/imb_cub_0.01/train/Black_footed_Albatross/8.jpg	A bird swimming on water.
../dataset/datasets/imb_cub_0.01/train/Black_footed_Albatross/0.jpg	Ocean.
../dataset/datasets/imb_cub_0.01/train/Black_footed_Albatross/4.jpg	Ocean and sky.
../dataset/datasets/imb_cub_0.01/train/Black_footed_Albatross/3.jpg	Ocean waves.
../dataset/datasets/imb_cub_0.01/train/Black_footed_Albatross/28.jpg	A bird on calm blue water.
../dataset/datasets/imb_cub_0.01/train/Black_footed_Albatross/16.jpg	Ocean waves.
../dataset/datasets/imb_cub_0.01/train/Black_footed_Albatross/25.jpg	Ocean and sky.
../dataset/datasets/imb_cub_0.01/train/Black_footed_Albatross/9.jpg	Water.
../dataset/datasets/imb_cub_0.01/train/Black_footed_Albatross/6.jpg	Water.
../dataset/datasets/imb_cub_0.01/train/Black_footed_Albatross/14.jpg	A bird soars over blue ocean waves.
../dataset/datasets/imb_cub_0.01/train/Black_footed_Albatross/24.jpg	Water.
../dataset/datasets/imb_cub_0.01/train/Black_footed_Albatross/11.jpg	Ocean waves.
../dataset/datasets/imb_cub_0.01/train/Black_footed_Albatross/19.jpg	Oceanic, underwater scene with fish.
../dataset/datasets/imb_cub_0.01/train/Black_footed_Albatross/21.jpg	A bird soars over deep blue ocean.
../dataset/datasets/imb_cub_0.01/train/Black_footed_Albatross/1.jpg	Ocean waves.
../dataset/datasets/imb_cub_0.01/train/Black_footed_Albatross/23.jpg	The background is blurred with green and brown hues.
../dataset/datasets/imb_cub_0.01/train/Black_footed_Albatross/20.jpg	The bird is set against a plain, light sky.
../dataset/datasets/imb_cub_0.01/train/Laysan_Albatross/51.jpg	Grassy, rocky.
../dataset/datasets/imb_cub_0.01/train/Laysan_Albatross/40.jpg	Water.
../dataset/datasets/imb_cub_0.01/train/Laysan_Albatross/31.jpg	Clear blue sky.
../dataset/datasets/imb_cub_0.01/train/Laysan_Albatross/41.jpg	Clear blue sky.
../dataset/datasets/imb_cub_0.01/train/Laysan_Albatross/55.jpg	The background is calm water.
../dataset/datasets/imb_cub_0.01/train/Laysan_Albatross/53.jpg	Ocean water.
../dataset/datasets/imb_cub_0.01/train/Laysan_Albatross/54.jpg	A bird is on a tray with people and a wall behind it.
../dataset/datasets/imb_cub_0.01/train/Laysan_Albatross/52.jpg	Ocean waves.
../dataset/datasets/imb_cub_0.01/train/Laysan_Albatross/33.jpg	Grass and dirt.
../dataset/datasets/imb_cub_0.01/train/Laysan_Albatross/32.jpg	The background is a plain, light gray sky.
../dataset/datasets/imb_cub_0.01/train/Laysan_Albatross/35.jpg	The background is dark.
../dataset/datasets/imb_cub_0.01/train/Laysan_Albatross/36.jpg	Ocean waves.
../dataset/datasets/imb_cub_0.01/train/Laysan_Albatross/30.jpg	The background is green and grassy with some concrete.
../dataset/datasets/imb_cub_0.01/train/Laysan_Albatross/29.jpg	The background is plain gray.
../dataset/datasets/imb_cub_0.01/train/Laysan_Albatross/39.jpg	Ocean water.
../dataset/datasets/imb_cub_0.01/train/Laysan_Albatross/48.jpg	Grass, leaves, sunlight.
../dataset/datasets/imb_cub_0.01/train/Laysan_Albatross/34.jpg	The background is water.
../dataset/datasets/imb_cub_0.01/train/Laysan_Albatross/57.jpg	A bird soars against a blue sky with scattered clouds and rocky terrain below.
../dataset/datasets/imb_cub_0.01/train/Laysan_Albatross/49.jpg	A bird against blue sky and water.
../dataset/datasets/imb_cub_0.01/train/Laysan_Albatross/42.jpg	A bird stands against tree trunk and grass.
../dataset/datasets/imb_cub_0.01/train/Laysan_Albatross/47.jpg	Clear blue sky.
../dataset/datasets/imb_cub_0.01/train/Laysan_Albatross/46.jpg	The background is dark and blurred.
../dataset/datasets/imb_cub_0.01/train/Laysan_Albatross/45.jpg	A bird soars against a clear blue sky.
../dataset/datasets/imb_cub_0.01/train/Laysan_Albatross/43.jpg	Green grass, blurred background.
../dataset/datasets/imb_cub_0.01/train/Laysan_Albatross/37.jpg	A bird soars against a clear blue sky.
../dataset/datasets/imb_cub_0.01/train/Laysan_Albatross/44.jpg	A bird soars against a blue sky with scattered clouds and green trees below.
../dataset/datasets/imb_cub_0.01/train/Laysan_Albatross/50.jpg	Water.
../dataset/datasets/imb_cub_0.01/train/Laysan_Albatross/38.jpg	Grass, leaves, sunlight.
../dataset/datasets/imb_cub_0.01/train/Laysan_Albatross/56.jpg	The background is grassy and earthy.
../dataset/datasets/imb_cub_0.01/train/Sooty_Albatross/61.jpg	Ocean and sky.
../dataset/datasets/imb_cub_0.01/train/Sooty_Albatross/70.jpg	Ocean.
../dataset/datasets/imb_cub_0.01/train/Sooty_Albatross/84.jpg	A bird soars against a cloudy sky.
../dataset/datasets/imb_cub_0.01/train/Sooty_Albatross/66.jpg	Cloudy sky.
../dataset/datasets/imb_cub_0.01/train/Sooty_Albatross/78.jpg	A bird on calm water.
../dataset/datasets/imb_cub_0.01/train/Sooty_Albatross/82.jpg	A bird stands on grass with blue ocean and rocks in the background.
../dataset/datasets/imb_cub_0.01/train/Sooty_Albatross/83.jpg	A bird soars against a clear blue sky.
../dataset/datasets/imb_cub_0.01/train/Sooty_Albatross/85.jpg	Ocean waves.
../dataset/datasets/imb_cub_0.01/train/Sooty_Albatross/69.jpg	A bird flying over water.
../dataset/datasets/imb_cub_0.01/train/Sooty_Albatross/72.jpg	A bird soars over dark, calm ocean waters.
../dataset/datasets/imb_cub_0.01/train/Sooty_Albatross/59.jpg	Grass, rocks, and vegetation.
../dataset/datasets/imb_cub_0.01/train/Sooty_Albatross/68.jpg	The background shows an outdoor setting with grass, trees, and a structure.
../dataset/datasets/imb_cub_0.01/train/Sooty_Albatross/60.jpg	Ocean and cliffs.
../dataset/datasets/imb_cub_0.01/train/Sooty_Albatross/67.jpg	The background is blurred green.
../dataset/datasets/imb_cub_0.01/train/Sooty_Albatross/71.jpg	Ocean.
../dataset/datasets/imb_cub_0.01/train/Sooty_Albatross/77.jpg	Ocean waves.
../dataset/datasets/imb_cub_0.01/train/Sooty_Albatross/62.jpg	The background consists of sandy ground and patches of green vegetation.
../dataset/datasets/imb_cub_0.01/train/Sooty_Albatross/81.jpg	The background is dark blue.
../dataset/datasets/imb_cub_0.01/train/Sooty_Albatross/58.jpg	A bird soars against a clear blue sky.
../dataset/datasets/imb_cub_0.01/train/Sooty_Albatross/65.jpg	A bird stands on grassy hillside, overlooking lake and mountains.
../dataset/datasets/imb_cub_0.01/train/Sooty_Albatross/80.jpg	The bird is flying against a clear blue sky.
../dataset/datasets/imb_cub_0.01/train/Sooty_Albatross/76.jpg	A bird soars against a blue sky backdrop.
../dataset/datasets/imb_cub_0.01/train/Sooty_Albatross/75.jpg	The background consists of moss-covered rocks and vegetation.
../dataset/datasets/imb_cub_0.01/train/Sooty_Albatross/63.jpg	The background is a plain, light gray sky.
../dataset/datasets/imb_cub_0.01/train/Sooty_Albatross/73.jpg	The background is a clear, light blue sky.
../dataset/datasets/imb_cub_0.01/train/Sooty_Albatross/74.jpg	A bird soars over ocean, Antarctica.
../dataset/datasets/imb_cub_0.01/train/Sooty_Albatross/64.jpg	A bird soars over textured water.
../dataset/datasets/imb_cub_0.01/train/Sooty_Albatross/79.jpg	The background is a clear, light sky.
../dataset/datasets/imb_cub_0.01/train/Groove_billed_Ani/102.jpg	A bird perched on tree branches with green leaves and blue sky.
../dataset/datasets/imb_cub_0.01/train/Groove_billed_Ani/97.jpg	Green foliage.
../dataset/datasets/imb_cub_0.01/train/Groove_billed_Ani/99.jpg	The background is plain and neutral, possibly indoors or under a roof.
../dataset/datasets/imb_cub_0.01/train/Groove_billed_Ani/96.jpg	The background is a blurred mix of green foliage and sky.
../dataset/datasets/imb_cub_0.01/train/Groove_billed_Ani/110.jpg	Leaves and twigs.
../dataset/datasets/imb_cub_0.01/train/Groove_billed_Ani/98.jpg	A bird perched on bare branches with green leaves.
../dataset/datasets/imb_cub_0.01/train/Groove_billed_Ani/108.jpg	Dry grass and twigs.
../dataset/datasets/imb_cub_0.01/train/Groove_billed_Ani/87.jpg	Green grass and plants.
../dataset/datasets/imb_cub_0.01/train/Groove_billed_Ani/103.jpg	A bird perched on a branch with green leaves and blue sky.
../dataset/datasets/imb_cub_0.01/train/Groove_billed_Ani/106.jpg	A bird perched on wooden post, blurred wooden fence and greenery behind.
../dataset/datasets/imb_cub_0.01/train/Groove_billed_Ani/101.jpg	The background is a plain, light sky.
../dataset/datasets/imb_cub_0.01/train/Groove_billed_Ani/88.jpg	A bird perched on tree branch with green leaves and blue sky.
../dataset/datasets/imb_cub_0.01/train/Groove_billed_Ani/107.jpg	The background consists of green foliage and branches.
../dataset/datasets/imb_cub_0.01/train/Groove_billed_Ani/105.jpg	A bird perched on tree branches against a clear sky.
../dataset/datasets/imb_cub_0.01/train/Groove_billed_Ani/95.jpg	A bird perched on a tree with a clear sky and sparse foliage.
../dataset/datasets/imb_cub_0.01/train/Groove_billed_Ani/104.jpg	The bird is perched on a branch with dried leaves and greenery in the background.
../dataset/datasets/imb_cub_0.01/train/Groove_billed_Ani/90.jpg	Green leaves, grass, rock.
../dataset/datasets/imb_cub_0.01/train/Groove_billed_Ani/91.jpg	A bird perched on a branch amidst green foliage.
../dataset/datasets/imb_cub_0.01/train/Groove_billed_Ani/112.jpg	Clear blue sky.
../dataset/datasets/imb_cub_0.01/train/Groove_billed_Ani/93.jpg	Dry grass.
../dataset/datasets/imb_cub_0.01/train/Groove_billed_Ani/92.jpg	A bird perched on branch with green foliage and yellow leaves in background.
../dataset/datasets/imb_cub_0.01/train/Groove_billed_Ani/94.jpg	The background consists of green foliage and a blurred natural setting.
../dataset/datasets/imb_cub_0.01/train/Groove_billed_Ani/109.jpg	A bird perched on tree branch against clear blue sky.
../dataset/datasets/imb_cub_0.01/train/Groove_billed_Ani/100.jpg	Desert-like, blurred, dry.
../dataset/datasets/imb_cub_0.01/train/Groove_billed_Ani/111.jpg	The background is blurred green foliage.
../dataset/datasets/imb_cub_0.01/train/Groove_billed_Ani/86.jpg	Green foliage, blurred background.
../dataset/datasets/imb_cub_0.01/train/Groove_billed_Ani/89.jpg	Green foliage, blurred background.
../dataset/datasets/imb_cub_0.01/train/Crested_Auklet/134.jpg	A bird perched on a rocky surface.
../dataset/datasets/imb_cub_0.01/train/Crested_Auklet/127.jpg	The background is blurred, suggesting a natural setting.
../dataset/datasets/imb_cub_0.01/train/Crested_Auklet/132.jpg	Rocky, moss-covered cliff.
../dataset/datasets/imb_cub_0.01/train/Crested_Auklet/130.jpg	Rocky, moss-covered cliffside.
../dataset/datasets/imb_cub_0.01/train/Crested_Auklet/139.jpg	Rocky, blurred green and yellow.
../dataset/datasets/imb_cub_0.01/train/Crested_Auklet/116.jpg	The bird is set against a dark, blurred background.
../dataset/datasets/imb_cub_0.01/train/Crested_Auklet/125.jpg	A bird soars over calm, gray waters.
../dataset/datasets/imb_cub_0.01/train/Crested_Auklet/121.jpg	A bird perched on rock, blue sky behind.
../dataset/datasets/imb_cub_0.01/train/Crested_Auklet/118.jpg	A bird stands on mossy, cracked rock.
../dataset/datasets/imb_cub_0.01/train/Crested_Auklet/133.jpg	Ripples on water surface.
../dataset/datasets/imb_cub_0.01/train/Crested_Auklet/122.jpg	The bird is set against a clear, light blue sky.
../dataset/datasets/imb_cub_0.01/train/Crested_Auklet/119.jpg	Rocky, mossy surface.
../dataset/datasets/imb_cub_0.01/train/Crested_Auklet/124.jpg	The background is dark and blurred.
../dataset/datasets/imb_cub_0.01/train/Crested_Auklet/135.jpg	Ocean waves.
../dataset/datasets/imb_cub_0.01/train/Crested_Auklet/136.jpg	The bird is perched on a rocky surface with a blurred natural backdrop.
../dataset/datasets/imb_cub_0.01/train/Crested_Auklet/114.jpg	The background is blurred greenery.
../dataset/datasets/imb_cub_0.01/train/Crested_Auklet/117.jpg	Rocky, green moss.
../dataset/datasets/imb_cub_0.01/train/Crested_Auklet/115.jpg	The bird is perched on a rock against a gray sky.
../dataset/datasets/imb_cub_0.01/train/Crested_Auklet/123.jpg	The bird is set against a dark, blurred background.
../dataset/datasets/imb_cub_0.01/train/Crested_Auklet/120.jpg	Rocky, moss-covered terrain.
../dataset/datasets/imb_cub_0.01/train/Crested_Auklet/129.jpg	The background is blurred green foliage.
../dataset/datasets/imb_cub_0.01/train/Crested_Auklet/131.jpg	A bird stands against a green background.
../dataset/datasets/imb_cub_0.01/train/Crested_Auklet/128.jpg	Rocky, blurred, natural setting.
../dataset/datasets/imb_cub_0.01/train/Crested_Auklet/138.jpg	Rocky, mossy, blurred.
../dataset/datasets/imb_cub_0.01/train/Crested_Auklet/137.jpg	The background is blurred, dark gray.
../dataset/datasets/imb_cub_0.01/train/Crested_Auklet/126.jpg	A bird with black feathers and an orange beak is held by a person's hand against a rocky background.
../dataset/datasets/imb_cub_0.01/train/Crested_Auklet/113.jpg	A bird stands on rock against clear sky.
../dataset/datasets/imb_cub_0.01/train/Least_Auklet/147.jpg	The background is blurred, showing rocks and greenery.
../dataset/datasets/imb_cub_0.01/train/Least_Auklet/163.jpg	The background is plain gray.
../dataset/datasets/imb_cub_0.01/train/Least_Auklet/148.jpg	The background is blurred, suggesting a natural outdoor setting.
../dataset/datasets/imb_cub_0.01/train/Least_Auklet/145.jpg	The bird is set against a blurred, natural backdrop.
../dataset/datasets/imb_cub_0.01/train/Least_Auklet/161.jpg	The background is a muted, grayish sky.
../dataset/datasets/imb_cub_0.01/train/Least_Auklet/154.jpg	The background is a plain, light blue sky.
../dataset/datasets/imb_cub_0.01/train/Least_Auklet/146.jpg	A bird flying over water.
../dataset/datasets/imb_cub_0.01/train/Least_Auklet/160.jpg	The bird is on a rock against a plain, light background.
../dataset/datasets/imb_cub_0.01/train/Least_Auklet/152.jpg	The bird is on a rocky surface.
../dataset/datasets/imb_cub_0.01/train/Least_Auklet/151.jpg	The background is blurred, showing indistinct shapes and colors.
../dataset/datasets/imb_cub_0.01/train/Least_Auklet/143.jpg	The bird is perched on a rock with a blurred, natural background.
../dataset/datasets/imb_cub_0.01/train/Least_Auklet/156.jpg	The bird is perched on a rock with a blurred natural backdrop.
../dataset/datasets/imb_cub_0.01/train/Least_Auklet/141.jpg	Rocky, mossy surface.
../dataset/datasets/imb_cub_0.01/train/Least_Auklet/144.jpg	A bird stands on rock against clear blue sky.
../dataset/datasets/imb_cub_0.01/train/Least_Auklet/149.jpg	The bird is perched on rocks with a blurred, natural background.
../dataset/datasets/imb_cub_0.01/train/Least_Auklet/150.jpg	The bird is set against a blurred, natural backdrop.
../dataset/datasets/imb_cub_0.01/train/Least_Auklet/140.jpg	A bird perched on mossy rock, with water in the background.
../dataset/datasets/imb_cub_0.01/train/Least_Auklet/162.jpg	The bird is perched on a rock with green moss and blurred foliage in the background.
../dataset/datasets/imb_cub_0.01/train/Least_Auklet/158.jpg	A bird perched on rock against clear blue sky.
../dataset/datasets/imb_cub_0.01/train/Least_Auklet/159.jpg	Rocky, blurred water.
../dataset/datasets/imb_cub_0.01/train/Least_Auklet/165.jpg	The background is a plain, light gray sky.
../dataset/datasets/imb_cub_0.01/train/Least_Auklet/164.jpg	The bird is perched on a rock with a blurred, warm-toned background.
../dataset/datasets/imb_cub_0.01/train/Least_Auklet/153.jpg	The background is blurred, suggesting a natural outdoor setting.
../dataset/datasets/imb_cub_0.01/train/Least_Auklet/155.jpg	The bird is on a rocky surface with a blurred background.
../dataset/datasets/imb_cub_0.01/train/Least_Auklet/142.jpg	The background is blurred, suggesting a natural outdoor setting with rocks and greenery.
../dataset/datasets/imb_cub_0.01/train/Least_Auklet/157.jpg	Rocky, greenery.
../dataset/datasets/imb_cub_0.01/train/Parakeet_Auklet/185.jpg	The background is dark and blurred.
../dataset/datasets/imb_cub_0.01/train/Parakeet_Auklet/168.jpg	A bird perched on mossy rocks.
../dataset/datasets/imb_cub_0.01/train/Parakeet_Auklet/172.jpg	A bird stands against a gray, overcast sky.
../dataset/datasets/imb_cub_0.01/train/Parakeet_Auklet/166.jpg	The background is blurred, suggesting a natural outdoor setting.
../dataset/datasets/imb_cub_0.01/train/Parakeet_Auklet/170.jpg	The background is blurred greenery.
../dataset/datasets/imb_cub_0.01/train/Parakeet_Auklet/167.jpg	Rocky, mossy cliffside.
../dataset/datasets/imb_cub_0.01/train/Parakeet_Auklet/181.jpg	A bird on a rocky surface.
../dataset/datasets/imb_cub_0.01/train/Parakeet_Auklet/175.jpg	The background is blurred, showing a natural setting with muted colors.
../dataset/datasets/imb_cub_0.01/train/Parakeet_Auklet/188.jpg	The bird is perched on a rocky outcrop against a clear blue sky.
../dataset/datasets/imb_cub_0.01/train/Parakeet_Auklet/187.jpg	A bird on a rock with yellow spots.
../dataset/datasets/imb_cub_0.01/train/Parakeet_Auklet/174.jpg	Rocky, moss-covered, coastal.
../dataset/datasets/imb_cub_0.01/train/Parakeet_Auklet/171.jpg	Green, blurred background.
../dataset/datasets/imb_cub_0.01/train/Parakeet_Auklet/176.jpg	A bird perched on a rocky cliff with greenery and flowers.
../dataset/datasets/imb_cub_0.01/train/Parakeet_Auklet/184.jpg	The background is blurred green.
../dataset/datasets/imb_cub_0.01/train/Parakeet_Auklet/179.jpg	The background is gray and blurred.
../dataset/datasets/imb_cub_0.01/train/Parakeet_Auklet/182.jpg	Rocky, blurred.
../dataset/datasets/imb_cub_0.01/train/Parakeet_Auklet/191.jpg	The bird is perched on a rocky surface with moss and lichen.
../dataset/datasets/imb_cub_0.01/train/Parakeet_Auklet/169.jpg	Rocky, moss-covered.
../dataset/datasets/imb_cub_0.01/train/Parakeet_Auklet/173.jpg	Rocky, greenery.
../dataset/datasets/imb_cub_0.01/train/Parakeet_Auklet/177.jpg	The background is blurred, showing green and brown tones.
../dataset/datasets/imb_cub_0.01/train/Parakeet_Auklet/189.jpg	A bird perched on rock, water behind.
../dataset/datasets/imb_cub_0.01/train/Parakeet_Auklet/186.jpg	A bird perched on mossy rock, blurred green and yellow background.
../dataset/datasets/imb_cub_0.01/train/Parakeet_Auklet/180.jpg	Rocky, lichen-covered surface with water in the distance.
../dataset/datasets/imb_cub_0.01/train/Parakeet_Auklet/183.jpg	The bird is set against a blurred, natural backdrop.
../dataset/datasets/imb_cub_0.01/train/Parakeet_Auklet/178.jpg	A bird perched on rock with moss and lichen.
../dataset/datasets/imb_cub_0.01/train/Parakeet_Auklet/190.jpg	A bird on a rocky surface with a blurred background.
../dataset/datasets/imb_cub_0.01/train/Rhinoceros_Auklet/205.jpg	A bird on rippling blue water.
../dataset/datasets/imb_cub_0.01/train/Rhinoceros_Auklet/214.jpg	A bird with wings spread, floating on calm water under a clear sky.
../dataset/datasets/imb_cub_0.01/train/Rhinoceros_Auklet/209.jpg	A bird swimming in blue water.
../dataset/datasets/imb_cub_0.01/train/Rhinoceros_Auklet/200.jpg	A bird against a clear blue sky.
../dataset/datasets/imb_cub_0.01/train/Rhinoceros_Auklet/206.jpg	A bird on water surface.
../dataset/datasets/imb_cub_0.01/train/Rhinoceros_Auklet/210.jpg	A bird against a blue sky.
../dataset/datasets/imb_cub_0.01/train/Rhinoceros_Auklet/213.jpg	The bird is on a dark, textured surface.
../dataset/datasets/imb_cub_0.01/train/Rhinoceros_Auklet/202.jpg	A bird on sandy ground near a pipe and hand.
../dataset/datasets/imb_cub_0.01/train/Rhinoceros_Auklet/192.jpg	A bird on calm blue water.
../dataset/datasets/imb_cub_0.01/train/Rhinoceros_Auklet/194.jpg	The background is blurred, showing earthy tones.
../dataset/datasets/imb_cub_0.01/train/Rhinoceros_Auklet/208.jpg	The bird is on a concrete surface.
../dataset/datasets/imb_cub_0.01/train/Rhinoceros_Auklet/212.jpg	The background is blurred, suggesting a natural outdoor setting.
../dataset/datasets/imb_cub_0.01/train/Rhinoceros_Auklet/199.jpg	The bird is in water with a blurred background.
../dataset/datasets/imb_cub_0.01/train/Rhinoceros_Auklet/215.jpg	A bird in water with ripples and reflections.
../dataset/datasets/imb_cub_0.01/train/Rhinoceros_Auklet/201.jpg	The background is blurred, showing water and rocks.
../dataset/datasets/imb_cub_0.01/train/Rhinoceros_Auklet/196.jpg	Water with ripples and reflections.
../dataset/datasets/imb_cub_0.01/train/Rhinoceros_Auklet/211.jpg	A bird swimming on calm water with a blurred blue background.
../dataset/datasets/imb_cub_0.01/train/Rhinoceros_Auklet/204.jpg	A bird stands on a rock with a textured, grayish background.
../dataset/datasets/imb_cub_0.01/train/Rhinoceros_Auklet/193.jpg	Rocky, natural setting with greenery.
../dataset/datasets/imb_cub_0.01/train/Rhinoceros_Auklet/207.jpg	A bird swimming on blue water.
../dataset/datasets/imb_cub_0.01/train/Rhinoceros_Auklet/197.jpg	Water.
../dataset/datasets/imb_cub_0.01/train/Rhinoceros_Auklet/203.jpg	A bird swimming on blue water.
../dataset/datasets/imb_cub_0.01/train/Rhinoceros_Auklet/216.jpg	A bird flying over blue water.
../dataset/datasets/imb_cub_0.01/train/Rhinoceros_Auklet/198.jpg	Blue water with ripples.
../dataset/datasets/imb_cub_0.01/train/Rhinoceros_Auklet/195.jpg	The bird is on a sandy surface with some branches and twigs in the background.
../dataset/datasets/imb_cub_0.01/train/Brewer_Blackbird/234.jpg	The background is blurred, suggesting a natural setting.
../dataset/datasets/imb_cub_0.01/train/Brewer_Blackbird/240.jpg	Blurred, earthy tones.
../dataset/datasets/imb_cub_0.01/train/Brewer_Blackbird/224.jpg	Green foliage.
../dataset/datasets/imb_cub_0.01/train/Brewer_Blackbird/227.jpg	The background is water.
../dataset/datasets/imb_cub_0.01/train/Brewer_Blackbird/219.jpg	Green grass.
../dataset/datasets/imb_cub_0.01/train/Brewer_Blackbird/221.jpg	The background is blurred, suggesting a natural outdoor setting.
../dataset/datasets/imb_cub_0.01/train/Brewer_Blackbird/235.jpg	A bird against clear sky.
../dataset/datasets/imb_cub_0.01/train/Brewer_Blackbird/236.jpg	A bird stands on rocks near water.
../dataset/datasets/imb_cub_0.01/train/Brewer_Blackbird/238.jpg	Green, blurred grass.
../dataset/datasets/imb_cub_0.01/train/Brewer_Blackbird/225.jpg	Clear blue sky.
../dataset/datasets/imb_cub_0.01/train/Brewer_Blackbird/233.jpg	Green grass.
../dataset/datasets/imb_cub_0.01/train/Brewer_Blackbird/222.jpg	The background is blurred red and orange hues.
../dataset/datasets/imb_cub_0.01/train/Brewer_Blackbird/230.jpg	Green leaves and branches.
../dataset/datasets/imb_cub_0.01/train/Brewer_Blackbird/237.jpg	The background is blurred, suggesting a natural outdoor setting.
../dataset/datasets/imb_cub_0.01/train/Brewer_Blackbird/220.jpg	A bird stands on a rocky surface with a blurred, light blue background.
../dataset/datasets/imb_cub_0.01/train/Brewer_Blackbird/231.jpg	A bird on concrete with leaves.
../dataset/datasets/imb_cub_0.01/train/Brewer_Blackbird/223.jpg	A bird perched on branch, blue sky and tree trunk behind.
../dataset/datasets/imb_cub_0.01/train/Brewer_Blackbird/217.jpg	Rocky surface.
../dataset/datasets/imb_cub_0.01/train/Brewer_Blackbird/229.jpg	Fence, blurred background.
../dataset/datasets/imb_cub_0.01/train/Brewer_Blackbird/218.jpg	Rushing water, sunlight reflections.
../dataset/datasets/imb_cub_0.01/train/Brewer_Blackbird/226.jpg	Clear blue sky.
../dataset/datasets/imb_cub_0.01/train/Brewer_Blackbird/232.jpg	The background is sandy and textured.
../dataset/datasets/imb_cub_0.01/train/Brewer_Blackbird/228.jpg	The background is a plain, light gray sky.
../dataset/datasets/imb_cub_0.01/train/Brewer_Blackbird/239.jpg	The background is blurred green.
../dataset/datasets/imb_cub_0.01/train/Red_winged_Blackbird/251.jpg	A bird perched on a chain with a blurred blue background.
../dataset/datasets/imb_cub_0.01/train/Red_winged_Blackbird/262.jpg	The background is blurred, greenish-brown.
../dataset/datasets/imb_cub_0.01/train/Red_winged_Blackbird/264.jpg	Green foliage, branches.
../dataset/datasets/imb_cub_0.01/train/Red_winged_Blackbird/248.jpg	Green, blurred.
../dataset/datasets/imb_cub_0.01/train/Red_winged_Blackbird/245.jpg	Green, blurred leaves.
../dataset/datasets/imb_cub_0.01/train/Red_winged_Blackbird/242.jpg	Snowy ground with patches of dirt.
../dataset/datasets/imb_cub_0.01/train/Red_winged_Blackbird/241.jpg	The background is a plain, light sky.
../dataset/datasets/imb_cub_0.01/train/Red_winged_Blackbird/253.jpg	Green grass and plants.
../dataset/datasets/imb_cub_0.01/train/Red_winged_Blackbird/260.jpg	Branches, leaves, sky.
../dataset/datasets/imb_cub_0.01/train/Red_winged_Blackbird/258.jpg	Reeds and blurred greenery.
../dataset/datasets/imb_cub_0.01/train/Red_winged_Blackbird/263.jpg	Blurred greenery.
../dataset/datasets/imb_cub_0.01/train/Red_winged_Blackbird/250.jpg	Blurred green field.
../dataset/datasets/imb_cub_0.01/train/Red_winged_Blackbird/244.jpg	The background is blurred, with neutral tones.
../dataset/datasets/imb_cub_0.01/train/Red_winged_Blackbird/247.jpg	A bird perched on branches against a clear sky.
../dataset/datasets/imb_cub_0.01/train/Red_winged_Blackbird/255.jpg	A bird perched on branches, blurred background.
../dataset/datasets/imb_cub_0.01/train/Red_winged_Blackbird/243.jpg	The background is blurred, with soft green and brown tones.
../dataset/datasets/imb_cub_0.01/train/Red_winged_Blackbird/246.jpg	Clear blue sky.
../dataset/datasets/imb_cub_0.01/train/Red_winged_Blackbird/256.jpg	The background is blurred, suggesting water and greenery.
../dataset/datasets/imb_cub_0.01/train/Red_winged_Blackbird/261.jpg	Dry reeds.
../dataset/datasets/imb_cub_0.01/train/Red_winged_Blackbird/257.jpg	The background is blurred, showing branches and sky.
../dataset/datasets/imb_cub_0.01/train/Red_winged_Blackbird/259.jpg	Grass and sunlight.
../dataset/datasets/imb_cub_0.01/train/Red_winged_Blackbird/254.jpg	A bird perched on reeds near water.
../dataset/datasets/imb_cub_0.01/train/Red_winged_Blackbird/252.jpg	Blurred green and brown.
../dataset/datasets/imb_cub_0.01/train/Red_winged_Blackbird/249.jpg	The background is blurred, suggesting a natural outdoor setting.
../dataset/datasets/imb_cub_0.01/train/Rusty_Blackbird/272.jpg	A bird perched on tree branches with blurred greenery and sky.
../dataset/datasets/imb_cub_0.01/train/Rusty_Blackbird/269.jpg	Autumn leaves, blurred greenery.
../dataset/datasets/imb_cub_0.01/train/Rusty_Blackbird/283.jpg	The bird is on a textured, gray surface.
../dataset/datasets/imb_cub_0.01/train/Rusty_Blackbird/279.jpg	The background is blurred with muted colors, suggesting a natural setting.
../dataset/datasets/imb_cub_0.01/train/Rusty_Blackbird/266.jpg	A bird perched on branch with autumn leaves and clear sky.
../dataset/datasets/imb_cub_0.01/train/Rusty_Blackbird/282.jpg	Dry grass and branches.
../dataset/datasets/imb_cub_0.01/train/Rusty_Blackbird/281.jpg	A bird perched on branch with yellow leaves against blue sky.
../dataset/datasets/imb_cub_0.01/train/Rusty_Blackbird/287.jpg	The background is blurred with autumn leaves.
../dataset/datasets/imb_cub_0.01/train/Rusty_Blackbird/268.jpg	Blurred grassy field.
../dataset/datasets/imb_cub_0.01/train/Rusty_Blackbird/274.jpg	Clear blue sky.
../dataset/datasets/imb_cub_0.01/train/Rusty_Blackbird/286.jpg	A bird perched on a branch with a blurred background.
../dataset/datasets/imb_cub_0.01/train/Rusty_Blackbird/265.jpg	The background is blurred, showing a mix of earthy tones and possibly water.
../dataset/datasets/imb_cub_0.01/train/Rusty_Blackbird/278.jpg	The background is a textured, light-colored surface.
../dataset/datasets/imb_cub_0.01/train/Rusty_Blackbird/271.jpg	Clear blue sky, bare branches.
../dataset/datasets/imb_cub_0.01/train/Rusty_Blackbird/277.jpg	Wetland with reeds and water.
../dataset/datasets/imb_cub_0.01/train/Rusty_Blackbird/284.jpg	The background is blurred with soft, muted colors.
../dataset/datasets/imb_cub_0.01/train/Rusty_Blackbird/273.jpg	Leaves, twigs, ground.
../dataset/datasets/imb_cub_0.01/train/Rusty_Blackbird/275.jpg	Clear blue sky.
../dataset/datasets/imb_cub_0.01/train/Rusty_Blackbird/270.jpg	Water and tree trunk.
../dataset/datasets/imb_cub_0.01/train/Rusty_Blackbird/267.jpg	The background is blurred, with muted browns and grays.
../dataset/datasets/imb_cub_0.01/train/Rusty_Blackbird/276.jpg	The background is blurred, with hints of green and brown.
../dataset/datasets/imb_cub_0.01/train/Rusty_Blackbird/285.jpg	The background is a mix of soil, leaves, and twigs.
../dataset/datasets/imb_cub_0.01/train/Rusty_Blackbird/280.jpg	Snowy ground.
../dataset/datasets/imb_cub_0.01/train/Yellow_headed_Blackbird/294.jpg	The background is blurred green.
../dataset/datasets/imb_cub_0.01/train/Yellow_headed_Blackbird/290.jpg	Dry reeds and blurred sky.
../dataset/datasets/imb_cub_0.01/train/Yellow_headed_Blackbird/293.jpg	A bird perched on reeds.
../dataset/datasets/imb_cub_0.01/train/Yellow_headed_Blackbird/295.jpg	Green leaves and branches.
../dataset/datasets/imb_cub_0.01/train/Yellow_headed_Blackbird/305.jpg	A bird perched on green bush, cloudy sky.
../dataset/datasets/imb_cub_0.01/train/Yellow_headed_Blackbird/310.jpg	Green foliage and reeds.
../dataset/datasets/imb_cub_0.01/train/Yellow_headed_Blackbird/308.jpg	A bird perched against a clear blue sky.
../dataset/datasets/imb_cub_0.01/train/Yellow_headed_Blackbird/291.jpg	A bird perched on reeds.
../dataset/datasets/imb_cub_0.01/train/Yellow_headed_Blackbird/296.jpg	The background is blurred, suggesting an outdoor setting with soft colors.
../dataset/datasets/imb_cub_0.01/train/Yellow_headed_Blackbird/306.jpg	Rocky, water.
../dataset/datasets/imb_cub_0.01/train/Yellow_headed_Blackbird/289.jpg	A bird perched on branch, blurred water behind.
../dataset/datasets/imb_cub_0.01/train/Yellow_headed_Blackbird/299.jpg	Water and reeds.
../dataset/datasets/imb_cub_0.01/train/Yellow_headed_Blackbird/302.jpg	Dry reeds.
../dataset/datasets/imb_cub_0.01/train/Yellow_headed_Blackbird/300.jpg	Dry reeds.
../dataset/datasets/imb_cub_0.01/train/Yellow_headed_Blackbird/303.jpg	The background is green and blurred, suggesting foliage or grass.
../dataset/datasets/imb_cub_0.01/train/Yellow_headed_Blackbird/298.jpg	A bird perches on cattails near water.
../dataset/datasets/imb_cub_0.01/train/Yellow_headed_Blackbird/304.jpg	The background is blurred, with muted tones suggesting grass and sky.
../dataset/datasets/imb_cub_0.01/train/Yellow_headed_Blackbird/309.jpg	A bird perched on a branch against a clear blue sky.
../dataset/datasets/imb_cub_0.01/train/Yellow_headed_Blackbird/307.jpg	Reeds and marshy water.
../dataset/datasets/imb_cub_0.01/train/Yellow_headed_Blackbird/301.jpg	Dry reeds.
../dataset/datasets/imb_cub_0.01/train/Yellow_headed_Blackbird/297.jpg	Dry grass.
../dataset/datasets/imb_cub_0.01/train/Yellow_headed_Blackbird/288.jpg	A bird perched on flowers with large green leaf in background.
../dataset/datasets/imb_cub_0.01/train/Yellow_headed_Blackbird/292.jpg	Water and reeds.
../dataset/datasets/imb_cub_0.01/train/Bobolink/331.jpg	Grassy field.
../dataset/datasets/imb_cub_0.01/train/Bobolink/325.jpg	Green, blurred vegetation.
../dataset/datasets/imb_cub_0.01/train/Bobolink/319.jpg	Green, blurred background.
../dataset/datasets/imb_cub_0.01/train/Bobolink/324.jpg	Green, blurred background.
../dataset/datasets/imb_cub_0.01/train/Bobolink/330.jpg	A bird perched on green foliage against a blurred green background.
../dataset/datasets/imb_cub_0.01/train/Bobolink/320.jpg	A bird perched on tree branches with green leaves and red-brown hues.
../dataset/datasets/imb_cub_0.01/train/Bobolink/313.jpg	The background is blurred, likely green and brown.
../dataset/datasets/imb_cub_0.01/train/Bobolink/311.jpg	A bird perched on wire against clear blue sky.
../dataset/datasets/imb_cub_0.01/train/Bobolink/315.jpg	The background is blurred, suggesting a natural outdoor setting with muted colors.
../dataset/datasets/imb_cub_0.01/train/Bobolink/329.jpg	Green, blurred background.
../dataset/datasets/imb_cub_0.01/train/Bobolink/323.jpg	The background is blurred green.
../dataset/datasets/imb_cub_0.01/train/Bobolink/322.jpg	Green foliage.
../dataset/datasets/imb_cub_0.01/train/Bobolink/314.jpg	Green, blurred background.
../dataset/datasets/imb_cub_0.01/train/Bobolink/327.jpg	The background is a blurred, light-colored sky with some dark branches.
../dataset/datasets/imb_cub_0.01/train/Bobolink/326.jpg	Green grass and plants.
../dataset/datasets/imb_cub_0.01/train/Bobolink/318.jpg	Green grassy field.
../dataset/datasets/imb_cub_0.01/train/Bobolink/321.jpg	Green foliage, daisies.
../dataset/datasets/imb_cub_0.01/train/Bobolink/316.jpg	Blurred grassy field.
../dataset/datasets/imb_cub_0.01/train/Bobolink/332.jpg	A bird perched on green branch, blurred green background.
../dataset/datasets/imb_cub_0.01/train/Bobolink/317.jpg	The background is a clear sky.
../dataset/datasets/imb_cub_0.01/train/Bobolink/312.jpg	Grassy field.
../dataset/datasets/imb_cub_0.01/train/Bobolink/328.jpg	Green, blurred field.
../dataset/datasets/imb_cub_0.01/train/Indigo_Bunting/346.jpg	Grass, dirt, seeds.
../dataset/datasets/imb_cub_0.01/train/Indigo_Bunting/349.jpg	The background is blurred green.
../dataset/datasets/imb_cub_0.01/train/Indigo_Bunting/335.jpg	Green foliage.
../dataset/datasets/imb_cub_0.01/train/Indigo_Bunting/347.jpg	The background is a black and white vertical slatted wall.
../dataset/datasets/imb_cub_0.01/train/Indigo_Bunting/352.jpg	A bird perched on a wooden surface with a blurred background.
../dataset/datasets/imb_cub_0.01/train/Indigo_Bunting/345.jpg	Green and blurred.
../dataset/datasets/imb_cub_0.01/train/Indigo_Bunting/343.jpg	Green, blurred foliage.
../dataset/datasets/imb_cub_0.01/train/Indigo_Bunting/336.jpg	Green, blurred background.
../dataset/datasets/imb_cub_0.01/train/Indigo_Bunting/354.jpg	Green foliage.
../dataset/datasets/imb_cub_0.01/train/Indigo_Bunting/348.jpg	Blurred green and yellow.
../dataset/datasets/imb_cub_0.01/train/Indigo_Bunting/353.jpg	A bird perched on wood near feeder, blurred background.
../dataset/datasets/imb_cub_0.01/train/Indigo_Bunting/342.jpg	Green, blurred foliage.
../dataset/datasets/imb_cub_0.01/train/Indigo_Bunting/338.jpg	The background is blurred green.
../dataset/datasets/imb_cub_0.01/train/Indigo_Bunting/340.jpg	Green and blurred.
../dataset/datasets/imb_cub_0.01/train/Indigo_Bunting/350.jpg	Blurred trees and sky.
../dataset/datasets/imb_cub_0.01/train/Indigo_Bunting/339.jpg	The background is blurred green.
../dataset/datasets/imb_cub_0.01/train/Indigo_Bunting/344.jpg	Green foliage, branches.
../dataset/datasets/imb_cub_0.01/train/Indigo_Bunting/333.jpg	Tree branches, blue sky.
../dataset/datasets/imb_cub_0.01/train/Indigo_Bunting/337.jpg	The background is blurred green.
../dataset/datasets/imb_cub_0.01/train/Indigo_Bunting/334.jpg	Green leaves and branches.
../dataset/datasets/imb_cub_0.01/train/Indigo_Bunting/351.jpg	The background is blurred with green and brown leaves.
../dataset/datasets/imb_cub_0.01/train/Indigo_Bunting/341.jpg	Green foliage and dried stems.
../dataset/datasets/imb_cub_0.01/train/Lazuli_Bunting/373.jpg	The background is blurred, with muted browns and blues.
../dataset/datasets/imb_cub_0.01/train/Lazuli_Bunting/368.jpg	Green, blurred background.
../dataset/datasets/imb_cub_0.01/train/Lazuli_Bunting/359.jpg	A bird perched on a branch with green foliage.
../dataset/datasets/imb_cub_0.01/train/Lazuli_Bunting/371.jpg	Grass and dirt.
../dataset/datasets/imb_cub_0.01/train/Lazuli_Bunting/356.jpg	A bird perched on a branch against a clear blue sky.
../dataset/datasets/imb_cub_0.01/train/Lazuli_Bunting/360.jpg	Green foliage.
../dataset/datasets/imb_cub_0.01/train/Lazuli_Bunting/366.jpg	The background is blurred with green leaves and yellow flowers.
../dataset/datasets/imb_cub_0.01/train/Lazuli_Bunting/355.jpg	The background is blurred green.
../dataset/datasets/imb_cub_0.01/train/Lazuli_Bunting/372.jpg	Blurred grass and rusted metal.
../dataset/datasets/imb_cub_0.01/train/Lazuli_Bunting/364.jpg	Dry branches, blurred green grass.
../dataset/datasets/imb_cub_0.01/train/Lazuli_Bunting/362.jpg	Green foliage and blurred background.
../dataset/datasets/imb_cub_0.01/train/Lazuli_Bunting/363.jpg	Blurred greenery.
../dataset/datasets/imb_cub_0.01/train/Lazuli_Bunting/370.jpg	The background is dark.
../dataset/datasets/imb_cub_0.01/train/Lazuli_Bunting/374.jpg	A bird perched on green foliage against a clear blue sky.
../dataset/datasets/imb_cub_0.01/train/Lazuli_Bunting/369.jpg	Green grass.
../dataset/datasets/imb_cub_0.01/train/Lazuli_Bunting/367.jpg	Green, blurred background.
../dataset/datasets/imb_cub_0.01/train/Lazuli_Bunting/357.jpg	Green leaves, blurred background.
../dataset/datasets/imb_cub_0.01/train/Lazuli_Bunting/365.jpg	A bird on concrete near wood.
../dataset/datasets/imb_cub_0.01/train/Lazuli_Bunting/361.jpg	Blurred, natural setting.
../dataset/datasets/imb_cub_0.01/train/Lazuli_Bunting/358.jpg	The background is blurred green foliage.
../dataset/datasets/imb_cub_0.01/train/Lazuli_Bunting/375.jpg	Green grass and blurred foliage.
../dataset/datasets/imb_cub_0.01/train/Painted_Bunting/394.jpg	Green foliage, wooden deck.
../dataset/datasets/imb_cub_0.01/train/Painted_Bunting/390.jpg	The background is blurred with green foliage and light filtering through.
../dataset/datasets/imb_cub_0.01/train/Painted_Bunting/378.jpg	A bird perched on feeder, green background.
../dataset/datasets/imb_cub_0.01/train/Painted_Bunting/377.jpg	The background is a mix of small rocks and green plants.
../dataset/datasets/imb_cub_0.01/train/Painted_Bunting/396.jpg	The background is blurred green foliage.
../dataset/datasets/imb_cub_0.01/train/Painted_Bunting/392.jpg	Green foliage, blurred background.
../dataset/datasets/imb_cub_0.01/train/Painted_Bunting/376.jpg	The background is blurred green foliage.
../dataset/datasets/imb_cub_0.01/train/Painted_Bunting/389.jpg	Green foliage.
../dataset/datasets/imb_cub_0.01/train/Painted_Bunting/383.jpg	Green foliage, stone structure.
../dataset/datasets/imb_cub_0.01/train/Painted_Bunting/385.jpg	Green and blurred.
../dataset/datasets/imb_cub_0.01/train/Painted_Bunting/379.jpg	Blurred green foliage.
../dataset/datasets/imb_cub_0.01/train/Painted_Bunting/391.jpg	The background is dark with green foliage.
../dataset/datasets/imb_cub_0.01/train/Painted_Bunting/380.jpg	The background is muddy with grass and water.
../dataset/datasets/imb_cub_0.01/train/Painted_Bunting/395.jpg	Green, blurred foliage.
../dataset/datasets/imb_cub_0.01/train/Painted_Bunting/382.jpg	Green leaves, blurred background.
../dataset/datasets/imb_cub_0.01/train/Painted_Bunting/388.jpg	The background is sandy with scattered seeds and twigs.
../dataset/datasets/imb_cub_0.01/train/Painted_Bunting/393.jpg	A bird perched on tree branches with green leaves.
../dataset/datasets/imb_cub_0.01/train/Painted_Bunting/386.jpg	Green, blurred background.
../dataset/datasets/imb_cub_0.01/train/Painted_Bunting/384.jpg	Green foliage.
../dataset/datasets/imb_cub_0.01/train/Painted_Bunting/381.jpg	Green leaves and branches.
../dataset/datasets/imb_cub_0.01/train/Painted_Bunting/387.jpg	Green, blurred background.
../dataset/datasets/imb_cub_0.01/train/Cardinal/405.jpg	Snowy ground with scattered seeds.
../dataset/datasets/imb_cub_0.01/train/Cardinal/413.jpg	A bird perched on a branch with green lichen, against a blurred green background.
../dataset/datasets/imb_cub_0.01/train/Cardinal/402.jpg	A bird perched on blue feeder, blurred orange and blue background.
../dataset/datasets/imb_cub_0.01/train/Cardinal/407.jpg	The background is black.
../dataset/datasets/imb_cub_0.01/train/Cardinal/401.jpg	Snowy branches.
../dataset/datasets/imb_cub_0.01/train/Cardinal/400.jpg	The background is blurred green foliage.
../dataset/datasets/imb_cub_0.01/train/Cardinal/399.jpg	Bare branches, blurred background.
../dataset/datasets/imb_cub_0.01/train/Cardinal/403.jpg	Blurred grass and dirt.
../dataset/datasets/imb_cub_0.01/train/Cardinal/416.jpg	The background is blurred, with dark and light streaks.
../dataset/datasets/imb_cub_0.01/train/Cardinal/410.jpg	The background is blurred, showing trees and branches.
../dataset/datasets/imb_cub_0.01/train/Cardinal/412.jpg	The background is blurred, with green and white tones.
../dataset/datasets/imb_cub_0.01/train/Cardinal/411.jpg	The background is blurred, likely water.
../dataset/datasets/imb_cub_0.01/train/Cardinal/404.jpg	A bird on white snow.
../dataset/datasets/imb_cub_0.01/train/Cardinal/414.jpg	The background is blurred, with soft, neutral tones.
../dataset/datasets/imb_cub_0.01/train/Cardinal/397.jpg	Blurred, earthy tones.
../dataset/datasets/imb_cub_0.01/train/Cardinal/406.jpg	A bird on wooden surface.
../dataset/datasets/imb_cub_0.01/train/Cardinal/408.jpg	A bird perched on tree branches, with blurred background.
../dataset/datasets/imb_cub_0.01/train/Cardinal/415.jpg	The background is blurred, showing a natural setting.
../dataset/datasets/imb_cub_0.01/train/Cardinal/409.jpg	The background is blurred green.
../dataset/datasets/imb_cub_0.01/train/Cardinal/398.jpg	The background is blurred, suggesting a natural outdoor setting.
../dataset/datasets/imb_cub_0.01/train/Spotted_Catbird/419.jpg	A bird perched on a branch surrounded by green foliage.
../dataset/datasets/imb_cub_0.01/train/Spotted_Catbird/420.jpg	Green foliage, blurred background.
../dataset/datasets/imb_cub_0.01/train/Spotted_Catbird/426.jpg	The background is blurred green foliage.
../dataset/datasets/imb_cub_0.01/train/Spotted_Catbird/421.jpg	The background is dark and blurred, with hints of green foliage.
../dataset/datasets/imb_cub_0.01/train/Spotted_Catbird/425.jpg	The background is a ground covered with leaves and dirt.
../dataset/datasets/imb_cub_0.01/train/Spotted_Catbird/422.jpg	The bird is on a dark surface with a blurred background.
../dataset/datasets/imb_cub_0.01/train/Spotted_Catbird/435.jpg	The bird is set against a blurred green and brown background, suggesting foliage.
../dataset/datasets/imb_cub_0.01/train/Spotted_Catbird/434.jpg	Green, blurred foliage.
../dataset/datasets/imb_cub_0.01/train/Spotted_Catbird/417.jpg	The background is blurred green foliage.
../dataset/datasets/imb_cub_0.01/train/Spotted_Catbird/427.jpg	The bird is perched on a branch with a blurred green and brown background.
../dataset/datasets/imb_cub_0.01/train/Spotted_Catbird/428.jpg	A bird perched on tree branches with green foliage.
../dataset/datasets/imb_cub_0.01/train/Spotted_Catbird/431.jpg	The background is lush green foliage.
../dataset/datasets/imb_cub_0.01/train/Spotted_Catbird/432.jpg	A bird perched on branch, surrounded by green foliage.
../dataset/datasets/imb_cub_0.01/train/Spotted_Catbird/433.jpg	A bird perched on a branch with green foliage in the background.
../dataset/datasets/imb_cub_0.01/train/Spotted_Catbird/430.jpg	The background is dark and blurred, with branches visible.
../dataset/datasets/imb_cub_0.01/train/Spotted_Catbird/436.jpg	A bird with speckled feathers against a blurred green backdrop.
../dataset/datasets/imb_cub_0.01/train/Spotted_Catbird/424.jpg	Green foliage, blurred background.
../dataset/datasets/imb_cub_0.01/train/Spotted_Catbird/423.jpg	A bird perched on tree branches with green leaves.
../dataset/datasets/imb_cub_0.01/train/Spotted_Catbird/429.jpg	A bird perched on branch, surrounded by green foliage and tree trunks.
../dataset/datasets/imb_cub_0.01/train/Spotted_Catbird/418.jpg	A bird perched on tree branches with green foliage and sky.
../dataset/datasets/imb_cub_0.01/train/Gray_Catbird/445.jpg	The background consists of sandy ground with scattered leaves and green plants.
../dataset/datasets/imb_cub_0.01/train/Gray_Catbird/444.jpg	A bird perched on tree branch, blurred greenery behind.
../dataset/datasets/imb_cub_0.01/train/Gray_Catbird/438.jpg	The background is a plain, overcast sky.
../dataset/datasets/imb_cub_0.01/train/Gray_Catbird/440.jpg	Green foliage, blurred background.
../dataset/datasets/imb_cub_0.01/train/Gray_Catbird/451.jpg	Green foliage.
../dataset/datasets/imb_cub_0.01/train/Gray_Catbird/441.jpg	Green leaves, blurred background.
../dataset/datasets/imb_cub_0.01/train/Gray_Catbird/453.jpg	Green, blurred foliage.
../dataset/datasets/imb_cub_0.01/train/Gray_Catbird/443.jpg	The background is blurred, suggesting a natural outdoor setting.
../dataset/datasets/imb_cub_0.01/train/Gray_Catbird/446.jpg	Green foliage, blurred background.
../dataset/datasets/imb_cub_0.01/train/Gray_Catbird/450.jpg	Green leaves blurred.
../dataset/datasets/imb_cub_0.01/train/Gray_Catbird/437.jpg	Blurred green foliage.
../dataset/datasets/imb_cub_0.01/train/Gray_Catbird/455.jpg	The background is blurred green foliage.
../dataset/datasets/imb_cub_0.01/train/Gray_Catbird/439.jpg	Green, blurred.
../dataset/datasets/imb_cub_0.01/train/Gray_Catbird/448.jpg	The background is a blurred mix of green foliage and bare branches.
../dataset/datasets/imb_cub_0.01/train/Gray_Catbird/447.jpg	Rocky, textured surface.
../dataset/datasets/imb_cub_0.01/train/Gray_Catbird/452.jpg	Green foliage.
../dataset/datasets/imb_cub_0.01/train/Gray_Catbird/454.jpg	A bird perched on tree branches with green leaves and red buds against a clear blue sky.
../dataset/datasets/imb_cub_0.01/train/Gray_Catbird/449.jpg	The background is a textured, earthy surface with small pebbles and patches of green moss.
../dataset/datasets/imb_cub_0.01/train/Gray_Catbird/442.jpg	Green leaves.
../dataset/datasets/imb_cub_0.01/train/Yellow_breasted_Chat/461.jpg	Dry grass and branches.
../dataset/datasets/imb_cub_0.01/train/Yellow_breasted_Chat/468.jpg	Green foliage.
../dataset/datasets/imb_cub_0.01/train/Yellow_breasted_Chat/474.jpg	Green leaves, blurred background.
../dataset/datasets/imb_cub_0.01/train/Yellow_breasted_Chat/458.jpg	Clear blue sky.
../dataset/datasets/imb_cub_0.01/train/Yellow_breasted_Chat/463.jpg	Green trees, blurred background.
../dataset/datasets/imb_cub_0.01/train/Yellow_breasted_Chat/459.jpg	Green, blurred foliage.
../dataset/datasets/imb_cub_0.01/train/Yellow_breasted_Chat/471.jpg	Clear blue sky.
../dataset/datasets/imb_cub_0.01/train/Yellow_breasted_Chat/465.jpg	A bird perched on a wire against a clear blue sky.
../dataset/datasets/imb_cub_0.01/train/Yellow_breasted_Chat/456.jpg	Green plants, brown ground.
../dataset/datasets/imb_cub_0.01/train/Yellow_breasted_Chat/466.jpg	Green, blurred foliage.
../dataset/datasets/imb_cub_0.01/train/Yellow_breasted_Chat/469.jpg	Water and branches.
../dataset/datasets/imb_cub_0.01/train/Yellow_breasted_Chat/460.jpg	Blurred green.
../dataset/datasets/imb_cub_0.01/train/Yellow_breasted_Chat/462.jpg	Leaves, grass, tree.
../dataset/datasets/imb_cub_0.01/train/Yellow_breasted_Chat/467.jpg	Green leaves and branches.
../dataset/datasets/imb_cub_0.01/train/Yellow_breasted_Chat/473.jpg	Clear blue sky.
../dataset/datasets/imb_cub_0.01/train/Yellow_breasted_Chat/470.jpg	Green and blurred.
../dataset/datasets/imb_cub_0.01/train/Yellow_breasted_Chat/464.jpg	A bird perched on branch, green foliage blurred behind.
../dataset/datasets/imb_cub_0.01/train/Yellow_breasted_Chat/457.jpg	A bird perched on a branch against a blurred, natural backdrop.
../dataset/datasets/imb_cub_0.01/train/Yellow_breasted_Chat/472.jpg	The background is blurred green foliage and tree branches.
../dataset/datasets/imb_cub_0.01/train/Eastern_Towhee/480.jpg	The background is blurred green foliage.
../dataset/datasets/imb_cub_0.01/train/Eastern_Towhee/479.jpg	The background is blurred with green and brown leaves.
../dataset/datasets/imb_cub_0.01/train/Eastern_Towhee/477.jpg	The background is blurred green.
../dataset/datasets/imb_cub_0.01/train/Eastern_Towhee/486.jpg	Grass and fallen leaves.
../dataset/datasets/imb_cub_0.01/train/Eastern_Towhee/490.jpg	A bird perched on branch against clear blue sky.
../dataset/datasets/imb_cub_0.01/train/Eastern_Towhee/492.jpg	The background is blurred, showing green and brown hues.
../dataset/datasets/imb_cub_0.01/train/Eastern_Towhee/483.jpg	A bird perched on tree branch with green leaves and blue sky.
../dataset/datasets/imb_cub_0.01/train/Eastern_Towhee/476.jpg	The background is blurred green foliage.
../dataset/datasets/imb_cub_0.01/train/Eastern_Towhee/475.jpg	The background is blurred, with soft green and white tones.
../dataset/datasets/imb_cub_0.01/train/Eastern_Towhee/491.jpg	A bird perched against a clear blue sky.
../dataset/datasets/imb_cub_0.01/train/Eastern_Towhee/488.jpg	The background is blurred, with muted greens and browns.
../dataset/datasets/imb_cub_0.01/train/Eastern_Towhee/478.jpg	The background is green foliage.
../dataset/datasets/imb_cub_0.01/train/Eastern_Towhee/481.jpg	The background is blurred green foliage.
../dataset/datasets/imb_cub_0.01/train/Eastern_Towhee/489.jpg	A bird perched on bare branches against a blue sky.
../dataset/datasets/imb_cub_0.01/train/Eastern_Towhee/487.jpg	A bird stands on snow-covered ground with pine needles and twigs scattered around.
../dataset/datasets/imb_cub_0.01/train/Eastern_Towhee/482.jpg	The background is a mix of green foliage and brown twigs.
../dataset/datasets/imb_cub_0.01/train/Eastern_Towhee/484.jpg	Green leaves, brown ground.
../dataset/datasets/imb_cub_0.01/train/Eastern_Towhee/485.jpg	The background is a plain, light sky.
../dataset/datasets/imb_cub_0.01/train/Chuck_will_Widow/508.jpg	The background is blurred green foliage.
../dataset/datasets/imb_cub_0.01/train/Chuck_will_Widow/493.jpg	The bird is on a mesh surface.
../dataset/datasets/imb_cub_0.01/train/Chuck_will_Widow/500.jpg	A bird perched on branch against blue sky.
../dataset/datasets/imb_cub_0.01/train/Chuck_will_Widow/506.jpg	The background is blurred green foliage.
../dataset/datasets/imb_cub_0.01/train/Chuck_will_Widow/502.jpg	The bird is held by a person's hands, with a green and yellow cloth underneath.
../dataset/datasets/imb_cub_0.01/train/Chuck_will_Widow/504.jpg	The background consists of tree branches and leaves.
../dataset/datasets/imb_cub_0.01/train/Chuck_will_Widow/494.jpg	The bird is on a ground covered with leaves and pine needles.
../dataset/datasets/imb_cub_0.01/train/Chuck_will_Widow/499.jpg	The bird is perched on a branch with green foliage and a blurred background.
../dataset/datasets/imb_cub_0.01/train/Chuck_will_Widow/505.jpg	A bird perched on branch, blurred greenery behind.
../dataset/datasets/imb_cub_0.01/train/Chuck_will_Widow/498.jpg	Green foliage.
../dataset/datasets/imb_cub_0.01/train/Chuck_will_Widow/497.jpg	The background consists of green leaves and brown branches.
../dataset/datasets/imb_cub_0.01/train/Chuck_will_Widow/501.jpg	The background consists of tree bark and green foliage.
../dataset/datasets/imb_cub_0.01/train/Chuck_will_Widow/509.jpg	The background is blurred with green and brown tones.
../dataset/datasets/imb_cub_0.01/train/Chuck_will_Widow/510.jpg	Green, blurred background.
../dataset/datasets/imb_cub_0.01/train/Chuck_will_Widow/507.jpg	The background is a textured, light-colored surface.
../dataset/datasets/imb_cub_0.01/train/Chuck_will_Widow/495.jpg	Dark, blurred background.
../dataset/datasets/imb_cub_0.01/train/Chuck_will_Widow/503.jpg	The background is blurred green foliage.
../dataset/datasets/imb_cub_0.01/train/Chuck_will_Widow/496.jpg	The bird is on a bed of dried leaves and twigs.
../dataset/datasets/imb_cub_0.01/train/Brandt_Cormorant/523.jpg	A bird against a white background.
../dataset/datasets/imb_cub_0.01/train/Brandt_Cormorant/516.jpg	Clear blue sky.
../dataset/datasets/imb_cub_0.01/train/Brandt_Cormorant/521.jpg	A bird swims on calm water with ripples.
../dataset/datasets/imb_cub_0.01/train/Brandt_Cormorant/512.jpg	The background is plain and light-colored.
../dataset/datasets/imb_cub_0.01/train/Brandt_Cormorant/526.jpg	Blue water.
../dataset/datasets/imb_cub_0.01/train/Brandt_Cormorant/519.jpg	Water.
../dataset/datasets/imb_cub_0.01/train/Brandt_Cormorant/511.jpg	The background is blurred, with dark and green tones.
../dataset/datasets/imb_cub_0.01/train/Brandt_Cormorant/525.jpg	A bird on rock, blurred water behind.
../dataset/datasets/imb_cub_0.01/train/Brandt_Cormorant/518.jpg	A bird stands on rocks.
../dataset/datasets/imb_cub_0.01/train/Brandt_Cormorant/514.jpg	Water.
../dataset/datasets/imb_cub_0.01/train/Brandt_Cormorant/513.jpg	Water and sky.
../dataset/datasets/imb_cub_0.01/train/Brandt_Cormorant/517.jpg	Rocky, blurred.
../dataset/datasets/imb_cub_0.01/train/Brandt_Cormorant/524.jpg	A bird swims on calm water with ripples.
../dataset/datasets/imb_cub_0.01/train/Brandt_Cormorant/522.jpg	A bird stands near water, with waves and rocks in the background.
../dataset/datasets/imb_cub_0.01/train/Brandt_Cormorant/515.jpg	Clear sky.
../dataset/datasets/imb_cub_0.01/train/Brandt_Cormorant/520.jpg	A bird stands on wet sand near water.
../dataset/datasets/imb_cub_0.01/train/Brandt_Cormorant/527.jpg	Ocean waves.
../dataset/datasets/imb_cub_0.01/train/Red_faced_Cormorant/531.jpg	Rocky cliff.
../dataset/datasets/imb_cub_0.01/train/Red_faced_Cormorant/540.jpg	Rocky, blurred.
../dataset/datasets/imb_cub_0.01/train/Red_faced_Cormorant/542.jpg	A bird on a nest against a rock wall.
../dataset/datasets/imb_cub_0.01/train/Red_faced_Cormorant/537.jpg	A bird perched on a rock near water.
../dataset/datasets/imb_cub_0.01/train/Red_faced_Cormorant/528.jpg	A bird is perched on a nest with a tree trunk and grassy ground behind it.
../dataset/datasets/imb_cub_0.01/train/Red_faced_Cormorant/543.jpg	The background is blurred and light-colored.
../dataset/datasets/imb_cub_0.01/train/Red_faced_Cormorant/534.jpg	The bird is set against a plain, muted blue background.
../dataset/datasets/imb_cub_0.01/train/Red_faced_Cormorant/538.jpg	A bird against clear blue sky.
../dataset/datasets/imb_cub_0.01/train/Red_faced_Cormorant/535.jpg	A bird flying over calm blue water.
../dataset/datasets/imb_cub_0.01/train/Red_faced_Cormorant/532.jpg	The bird is perched on a rocky surface with a blurred natural backdrop.
../dataset/datasets/imb_cub_0.01/train/Red_faced_Cormorant/530.jpg	A bird stands on rock, water behind.
../dataset/datasets/imb_cub_0.01/train/Red_faced_Cormorant/541.jpg	Rocky, moss-covered cliffside.
../dataset/datasets/imb_cub_0.01/train/Red_faced_Cormorant/536.jpg	Rocky, blue water.
../dataset/datasets/imb_cub_0.01/train/Red_faced_Cormorant/539.jpg	A bird stands on rocky cliff.
../dataset/datasets/imb_cub_0.01/train/Red_faced_Cormorant/529.jpg	The background is blurred, suggesting a natural setting.
../dataset/datasets/imb_cub_0.01/train/Red_faced_Cormorant/533.jpg	The background is a cloudy sky.
../dataset/datasets/imb_cub_0.01/train/Red_faced_Cormorant/544.jpg	Water.
../dataset/datasets/imb_cub_0.01/train/Pelagic_Cormorant/557.jpg	Rocky surface.
../dataset/datasets/imb_cub_0.01/train/Pelagic_Cormorant/559.jpg	Water with ripples.
../dataset/datasets/imb_cub_0.01/train/Pelagic_Cormorant/549.jpg	Water.
../dataset/datasets/imb_cub_0.01/train/Pelagic_Cormorant/556.jpg	The background is a plain, overcast sky.
../dataset/datasets/imb_cub_0.01/train/Pelagic_Cormorant/554.jpg	A bird on rippling water.
../dataset/datasets/imb_cub_0.01/train/Pelagic_Cormorant/548.jpg	Rocky, grassy ground.
../dataset/datasets/imb_cub_0.01/train/Pelagic_Cormorant/550.jpg	A bird flying over water.
../dataset/datasets/imb_cub_0.01/train/Pelagic_Cormorant/552.jpg	Water.
../dataset/datasets/imb_cub_0.01/train/Pelagic_Cormorant/546.jpg	A bird stands on rock, water ripples behind.
../dataset/datasets/imb_cub_0.01/train/Pelagic_Cormorant/561.jpg	Rocky, wet surface.
../dataset/datasets/imb_cub_0.01/train/Pelagic_Cormorant/558.jpg	A bird stands on rock, blurred water behind.
../dataset/datasets/imb_cub_0.01/train/Pelagic_Cormorant/553.jpg	Rusty metal, blurred grass.
../dataset/datasets/imb_cub_0.01/train/Pelagic_Cormorant/547.jpg	A bird swims on rippling water.
../dataset/datasets/imb_cub_0.01/train/Pelagic_Cormorant/551.jpg	Water.
../dataset/datasets/imb_cub_0.01/train/Pelagic_Cormorant/560.jpg	The background is plain and light-colored.
../dataset/datasets/imb_cub_0.01/train/Pelagic_Cormorant/555.jpg	Water with ripples.
../dataset/datasets/imb_cub_0.01/train/Pelagic_Cormorant/545.jpg	A bird on rippling water.
../dataset/datasets/imb_cub_0.01/train/Bronzed_Cowbird/563.jpg	Green grass.
../dataset/datasets/imb_cub_0.01/train/Bronzed_Cowbird/567.jpg	The background is blurred, with muted colors and branches.
../dataset/datasets/imb_cub_0.01/train/Bronzed_Cowbird/570.jpg	Grass and dirt.
../dataset/datasets/imb_cub_0.01/train/Bronzed_Cowbird/576.jpg	A bird stands on a concrete ledge with red flowers behind it.
../dataset/datasets/imb_cub_0.01/train/Bronzed_Cowbird/562.jpg	The background is blurred greenery.
../dataset/datasets/imb_cub_0.01/train/Bronzed_Cowbird/571.jpg	A bird perched on tree branch, light background.
../dataset/datasets/imb_cub_0.01/train/Bronzed_Cowbird/569.jpg	Clear blue sky.
../dataset/datasets/imb_cub_0.01/train/Bronzed_Cowbird/575.jpg	Clear blue sky.
../dataset/datasets/imb_cub_0.01/train/Bronzed_Cowbird/574.jpg	A bird perched on tree branches with green foliage.
../dataset/datasets/imb_cub_0.01/train/Bronzed_Cowbird/572.jpg	The background is blurred with green and yellow hues.
../dataset/datasets/imb_cub_0.01/train/Bronzed_Cowbird/573.jpg	The background is blurred green foliage.
../dataset/datasets/imb_cub_0.01/train/Bronzed_Cowbird/564.jpg	A bird perched on branch against blue sky.
../dataset/datasets/imb_cub_0.01/train/Bronzed_Cowbird/577.jpg	A bird perched on a wire against a clear sky.
../dataset/datasets/imb_cub_0.01/train/Bronzed_Cowbird/565.jpg	Blurred greenery.
../dataset/datasets/imb_cub_0.01/train/Bronzed_Cowbird/566.jpg	The bird is on a dry, earthy ground with some sparse vegetation.
../dataset/datasets/imb_cub_0.01/train/Bronzed_Cowbird/568.jpg	The bird is perched on a branch with green foliage and brown bark.
../dataset/datasets/imb_cub_0.01/train/Shiny_Cowbird/587.jpg	The background is a textured, earthy surface with some greenery.
../dataset/datasets/imb_cub_0.01/train/Shiny_Cowbird/588.jpg	The bird is perched against a clear blue sky with green leaves.
../dataset/datasets/imb_cub_0.01/train/Shiny_Cowbird/584.jpg	The background is a mix of grass and blurred earth tones.
../dataset/datasets/imb_cub_0.01/train/Shiny_Cowbird/581.jpg	Clear blue sky.
../dataset/datasets/imb_cub_0.01/train/Shiny_Cowbird/592.jpg	Clear blue sky.
../dataset/datasets/imb_cub_0.01/train/Shiny_Cowbird/585.jpg	Green grass, blurred background.
../dataset/datasets/imb_cub_0.01/train/Shiny_Cowbird/593.jpg	Dry grass and dirt.
../dataset/datasets/imb_cub_0.01/train/Shiny_Cowbird/582.jpg	Clear blue sky.
../dataset/datasets/imb_cub_0.01/train/Shiny_Cowbird/583.jpg	The background consists of dry branches and ground.
../dataset/datasets/imb_cub_0.01/train/Shiny_Cowbird/578.jpg	Green foliage, brown pole.
../dataset/datasets/imb_cub_0.01/train/Shiny_Cowbird/591.jpg	Blurred greenery.
../dataset/datasets/imb_cub_0.01/train/Shiny_Cowbird/580.jpg	Grass.
../dataset/datasets/imb_cub_0.01/train/Shiny_Cowbird/590.jpg	The background consists of dry grass and scattered leaves.
../dataset/datasets/imb_cub_0.01/train/Shiny_Cowbird/589.jpg	Clear blue sky.
../dataset/datasets/imb_cub_0.01/train/Shiny_Cowbird/586.jpg	A bird perched on a wooden stump against a clear blue sky.
../dataset/datasets/imb_cub_0.01/train/Shiny_Cowbird/579.jpg	Green leaves and plants.
../dataset/datasets/imb_cub_0.01/train/Brown_Creeper/596.jpg	A bird perched on mossy tree trunk, blurred background.
../dataset/datasets/imb_cub_0.01/train/Brown_Creeper/604.jpg	Tree trunk and branches.
../dataset/datasets/imb_cub_0.01/train/Brown_Creeper/597.jpg	The background is blurred, showing a blue sky and tree branches.
../dataset/datasets/imb_cub_0.01/train/Brown_Creeper/601.jpg	Mossy tree, blurred background.
../dataset/datasets/imb_cub_0.01/train/Brown_Creeper/594.jpg	A bird on tree bark.
../dataset/datasets/imb_cub_0.01/train/Brown_Creeper/595.jpg	A bird on tree bark, blurred background.
../dataset/datasets/imb_cub_0.01/train/Brown_Creeper/603.jpg	A bird on tree trunk, blurred background.
../dataset/datasets/imb_cub_0.01/train/Brown_Creeper/602.jpg	A bird perched on tree trunk, blurred background.
../dataset/datasets/imb_cub_0.01/train/Brown_Creeper/607.jpg	A bird on tree trunk, blurred green background.
../dataset/datasets/imb_cub_0.01/train/Brown_Creeper/599.jpg	A bird perched on tree trunk with blurred green foliage behind.
../dataset/datasets/imb_cub_0.01/train/Brown_Creeper/608.jpg	The background is blurred, showing tree branches and lichen.
../dataset/datasets/imb_cub_0.01/train/Brown_Creeper/598.jpg	A bird perched on tree branch with blurred background.
../dataset/datasets/imb_cub_0.01/train/Brown_Creeper/600.jpg	Tree trunk, blurred background.
../dataset/datasets/imb_cub_0.01/train/Brown_Creeper/606.jpg	The background is blurred greenery.
../dataset/datasets/imb_cub_0.01/train/Brown_Creeper/605.jpg	A bird perched on mossy tree branch against blue sky.
../dataset/datasets/imb_cub_0.01/train/American_Crow/610.jpg	Dry grass and reeds.
../dataset/datasets/imb_cub_0.01/train/American_Crow/620.jpg	A bird stands on a feeder with fallen leaves and a fence in the background.
../dataset/datasets/imb_cub_0.01/train/American_Crow/622.jpg	Grassy field with tall grass.
../dataset/datasets/imb_cub_0.01/train/American_Crow/621.jpg	Grass, sunlight, shadow.
../dataset/datasets/imb_cub_0.01/train/American_Crow/613.jpg	The bird stands on a gravelly ground.
../dataset/datasets/imb_cub_0.01/train/American_Crow/614.jpg	The background is blurred greenery.
../dataset/datasets/imb_cub_0.01/train/American_Crow/616.jpg	Snowy ground with grass patches.
../dataset/datasets/imb_cub_0.01/train/American_Crow/619.jpg	A bird stands on pavement with white lines.
../dataset/datasets/imb_cub_0.01/train/American_Crow/612.jpg	Clear blue sky.
../dataset/datasets/imb_cub_0.01/train/American_Crow/611.jpg	Green, blurred foliage.
../dataset/datasets/imb_cub_0.01/train/American_Crow/609.jpg	A bird stands on ground with concrete and scattered leaves.
../dataset/datasets/imb_cub_0.01/train/American_Crow/623.jpg	Grassy field.
../dataset/datasets/imb_cub_0.01/train/American_Crow/618.jpg	Bird perched on post, background includes water and distant land.
../dataset/datasets/imb_cub_0.01/train/American_Crow/617.jpg	Grassy field with dry grass.
../dataset/datasets/imb_cub_0.01/train/American_Crow/615.jpg	Blurred green and blue.
../dataset/datasets/imb_cub_0.01/train/Fish_Crow/626.jpg	A bird perched on tree branches with green leaves.
../dataset/datasets/imb_cub_0.01/train/Fish_Crow/634.jpg	Green leaves, white sky.
../dataset/datasets/imb_cub_0.01/train/Fish_Crow/630.jpg	The background is a plain, light-colored sky with some faint branches.
../dataset/datasets/imb_cub_0.01/train/Fish_Crow/628.jpg	A bird against a pale sky.
../dataset/datasets/imb_cub_0.01/train/Fish_Crow/625.jpg	A bird perched on post, blurred grassy field and sky behind.
../dataset/datasets/imb_cub_0.01/train/Fish_Crow/637.jpg	A bird perched on branches amidst foliage and twigs.
../dataset/datasets/imb_cub_0.01/train/Fish_Crow/627.jpg	Dry grass, water.
../dataset/datasets/imb_cub_0.01/train/Fish_Crow/629.jpg	Palm fronds and sky.
../dataset/datasets/imb_cub_0.01/train/Fish_Crow/624.jpg	The bird is against a clear blue sky.
../dataset/datasets/imb_cub_0.01/train/Fish_Crow/633.jpg	Grassy field with some plants.
../dataset/datasets/imb_cub_0.01/train/Fish_Crow/632.jpg	A bird perched on reeds, water behind.
../dataset/datasets/imb_cub_0.01/train/Fish_Crow/635.jpg	A bird on sandy ground.
../dataset/datasets/imb_cub_0.01/train/Fish_Crow/631.jpg	Grassy field with blurred vegetation.
../dataset/datasets/imb_cub_0.01/train/Fish_Crow/638.jpg	Green foliage, blurred background.
../dataset/datasets/imb_cub_0.01/train/Fish_Crow/636.jpg	Grassy, earthy ground.
../dataset/datasets/imb_cub_0.01/train/Black_billed_Cuckoo/645.jpg	Green foliage, white blossoms.
../dataset/datasets/imb_cub_0.01/train/Black_billed_Cuckoo/648.jpg	A bird perched on tree branch with green leaves and blue sky.
../dataset/datasets/imb_cub_0.01/train/Black_billed_Cuckoo/647.jpg	A bird perched on tree branches with green foliage.
../dataset/datasets/imb_cub_0.01/train/Black_billed_Cuckoo/649.jpg	The bird is perched on a branch with green foliage in the background.
../dataset/datasets/imb_cub_0.01/train/Black_billed_Cuckoo/641.jpg	Green foliage.
../dataset/datasets/imb_cub_0.01/train/Black_billed_Cuckoo/642.jpg	Green foliage, blurred background.
../dataset/datasets/imb_cub_0.01/train/Black_billed_Cuckoo/646.jpg	A bird perched on a branch with green leaves.
../dataset/datasets/imb_cub_0.01/train/Black_billed_Cuckoo/651.jpg	A bird perched on tree branches with blurred greenery.
../dataset/datasets/imb_cub_0.01/train/Black_billed_Cuckoo/639.jpg	A bird perched on a branch with green foliage and blurred background.
../dataset/datasets/imb_cub_0.01/train/Black_billed_Cuckoo/644.jpg	The background is blurred green.
../dataset/datasets/imb_cub_0.01/train/Black_billed_Cuckoo/643.jpg	A bird is perched on a hand against a white backdrop.
../dataset/datasets/imb_cub_0.01/train/Black_billed_Cuckoo/640.jpg	A bird perched on tree branches against a blue sky.
../dataset/datasets/imb_cub_0.01/train/Black_billed_Cuckoo/652.jpg	A bird perched on branch, green foliage and blurred background.
../dataset/datasets/imb_cub_0.01/train/Black_billed_Cuckoo/650.jpg	Green foliage, blurred background.
../dataset/datasets/imb_cub_0.01/train/Mangrove_Cuckoo/661.jpg	The background is a blurred mix of green foliage and blue sky.
../dataset/datasets/imb_cub_0.01/train/Mangrove_Cuckoo/659.jpg	A bird perched on a branch with green leaves and blurred background.
../dataset/datasets/imb_cub_0.01/train/Mangrove_Cuckoo/666.jpg	A bird perched on tree branches with green foliage and sky.
../dataset/datasets/imb_cub_0.01/train/Mangrove_Cuckoo/662.jpg	A bird perched on a branch with green leaves and blurred background.
../dataset/datasets/imb_cub_0.01/train/Mangrove_Cuckoo/654.jpg	Green leaves, white sky.
../dataset/datasets/imb_cub_0.01/train/Mangrove_Cuckoo/665.jpg	Green leaves, branches.
../dataset/datasets/imb_cub_0.01/train/Mangrove_Cuckoo/664.jpg	A bird perched on tree branches with green leaves.
../dataset/datasets/imb_cub_0.01/train/Mangrove_Cuckoo/655.jpg	A bird perched on a tree branch with green leaves and blue sky.
../dataset/datasets/imb_cub_0.01/train/Mangrove_Cuckoo/657.jpg	A bird perched on a branch against a blue sky.
../dataset/datasets/imb_cub_0.01/train/Mangrove_Cuckoo/660.jpg	A bird perched on a branch with green leaves and blue sky.
../dataset/datasets/imb_cub_0.01/train/Mangrove_Cuckoo/663.jpg	The background is a blurred mix of green foliage and blue sky.
../dataset/datasets/imb_cub_0.01/train/Mangrove_Cuckoo/658.jpg	A bird perched on branch against blue sky.
../dataset/datasets/imb_cub_0.01/train/Mangrove_Cuckoo/653.jpg	A bird perched on tree branch with blurred greenery and sky in background.
../dataset/datasets/imb_cub_0.01/train/Mangrove_Cuckoo/656.jpg	A bird perched on tree branches with green leaves and pink flowers.
../dataset/datasets/imb_cub_0.01/train/Yellow_billed_Cuckoo/673.jpg	The background is green and blurred, suggesting foliage.
../dataset/datasets/imb_cub_0.01/train/Yellow_billed_Cuckoo/668.jpg	A bird perched on tree branch with green foliage and blurred background.
../dataset/datasets/imb_cub_0.01/train/Yellow_billed_Cuckoo/677.jpg	A bird perched on tree branches against a clear blue sky.
../dataset/datasets/imb_cub_0.01/train/Yellow_billed_Cuckoo/674.jpg	A bird perched on a tree branch with green leaves.
../dataset/datasets/imb_cub_0.01/train/Yellow_billed_Cuckoo/667.jpg	A bird perched on tree branches with green leaves and blue sky.
../dataset/datasets/imb_cub_0.01/train/Yellow_billed_Cuckoo/671.jpg	A bird perched on tree branches with green leaves and blue sky.
../dataset/datasets/imb_cub_0.01/train/Yellow_billed_Cuckoo/679.jpg	A bird perched on a branch with green leaves and blue sky.
../dataset/datasets/imb_cub_0.01/train/Yellow_billed_Cuckoo/676.jpg	A bird perched on green leaves.
../dataset/datasets/imb_cub_0.01/train/Yellow_billed_Cuckoo/669.jpg	A bird perched on tree branch with green leaves and blue sky.
../dataset/datasets/imb_cub_0.01/train/Yellow_billed_Cuckoo/672.jpg	A bird perched on tree branch with green foliage.
../dataset/datasets/imb_cub_0.01/train/Yellow_billed_Cuckoo/675.jpg	Green leaves and branches.
../dataset/datasets/imb_cub_0.01/train/Yellow_billed_Cuckoo/680.jpg	A bird perched on a branch with a blue sky and green foliage in the background.
../dataset/datasets/imb_cub_0.01/train/Yellow_billed_Cuckoo/678.jpg	A bird perched on branches with green buds.
../dataset/datasets/imb_cub_0.01/train/Yellow_billed_Cuckoo/670.jpg	Green foliage, blurred background.
../dataset/datasets/imb_cub_0.01/train/Gray_crowned_Rosy_Finch/682.jpg	Background: snowy ground with pine cones.
../dataset/datasets/imb_cub_0.01/train/Gray_crowned_Rosy_Finch/689.jpg	The background is blurred and light-colored.
../dataset/datasets/imb_cub_0.01/train/Gray_crowned_Rosy_Finch/684.jpg	Rocky, grassy terrain.
../dataset/datasets/imb_cub_0.01/train/Gray_crowned_Rosy_Finch/687.jpg	The background is blurred, showing earthy tones and possibly vegetation.
../dataset/datasets/imb_cub_0.01/train/Gray_crowned_Rosy_Finch/690.jpg	A bird on a rock with blurred background.
../dataset/datasets/imb_cub_0.01/train/Gray_crowned_Rosy_Finch/691.jpg	The background is blurred, suggesting an outdoor setting with soft, muted colors.
../dataset/datasets/imb_cub_0.01/train/Gray_crowned_Rosy_Finch/681.jpg	Dry grass and rocks.
../dataset/datasets/imb_cub_0.01/train/Gray_crowned_Rosy_Finch/685.jpg	Blurred, out-of-focus greenery.
../dataset/datasets/imb_cub_0.01/train/Gray_crowned_Rosy_Finch/686.jpg	A bird perched on chain against blurred background.
../dataset/datasets/imb_cub_0.01/train/Gray_crowned_Rosy_Finch/688.jpg	Rocky, mossy surface.
../dataset/datasets/imb_cub_0.01/train/Gray_crowned_Rosy_Finch/683.jpg	A bird on a lichen-covered rock.
../dataset/datasets/imb_cub_0.01/train/Gray_crowned_Rosy_Finch/692.jpg	The background is blurred, with muted earth tones and dry grass.
../dataset/datasets/imb_cub_0.01/train/Gray_crowned_Rosy_Finch/693.jpg	The background is blurred, suggesting a snowy or wintry setting.
../dataset/datasets/imb_cub_0.01/train/Purple_Finch/705.jpg	A bird on gravel.
../dataset/datasets/imb_cub_0.01/train/Purple_Finch/699.jpg	Green, blurred background.
../dataset/datasets/imb_cub_0.01/train/Purple_Finch/695.jpg	The background is snowy and blurred.
../dataset/datasets/imb_cub_0.01/train/Purple_Finch/697.jpg	The background is blurred, with muted earth tones.
../dataset/datasets/imb_cub_0.01/train/Purple_Finch/696.jpg	Gray, cloudy sky.
../dataset/datasets/imb_cub_0.01/train/Purple_Finch/694.jpg	The background is blurred greenery.
../dataset/datasets/imb_cub_0.01/train/Purple_Finch/703.jpg	A bird perched on tree branches with green leaves.
../dataset/datasets/imb_cub_0.01/train/Purple_Finch/704.jpg	The background consists of scattered seeds on the ground.
../dataset/datasets/imb_cub_0.01/train/Purple_Finch/698.jpg	Green, blurred background.
../dataset/datasets/imb_cub_0.01/train/Purple_Finch/700.jpg	A bird perched on branch, green foliage blurred behind.
../dataset/datasets/imb_cub_0.01/train/Purple_Finch/706.jpg	The background is blurred, showing a feeder and tree branches.
../dataset/datasets/imb_cub_0.01/train/Purple_Finch/701.jpg	A bird perched on branch, tree trunk behind.
../dataset/datasets/imb_cub_0.01/train/Purple_Finch/702.jpg	Green foliage.
../dataset/datasets/imb_cub_0.01/train/Northern_Flicker/713.jpg	Dry, brown grass and wood.
../dataset/datasets/imb_cub_0.01/train/Northern_Flicker/717.jpg	Blurred, natural setting.
../dataset/datasets/imb_cub_0.01/train/Northern_Flicker/714.jpg	A bird perched on branch with autumn leaves and blue sky.
../dataset/datasets/imb_cub_0.01/train/Northern_Flicker/712.jpg	A bird perched on branch, blurred blue sky and branches behind.
../dataset/datasets/imb_cub_0.01/train/Northern_Flicker/719.jpg	A bird perched on branch, blue sky and blurred foliage behind.
../dataset/datasets/imb_cub_0.01/train/Northern_Flicker/710.jpg	Cloudy sky.
../dataset/datasets/imb_cub_0.01/train/Northern_Flicker/708.jpg	The background is white.
../dataset/datasets/imb_cub_0.01/train/Northern_Flicker/715.jpg	A bird perched on branch against clear sky.
../dataset/datasets/imb_cub_0.01/train/Northern_Flicker/711.jpg	A bird is perched on a wooden post against a blurred wooden fence.
../dataset/datasets/imb_cub_0.01/train/Northern_Flicker/718.jpg	The background is blurred greenery.
../dataset/datasets/imb_cub_0.01/train/Northern_Flicker/716.jpg	Rocky, snowy stream bed.
../dataset/datasets/imb_cub_0.01/train/Northern_Flicker/707.jpg	Grass.
../dataset/datasets/imb_cub_0.01/train/Northern_Flicker/709.jpg	Blurred greenery.
../dataset/datasets/imb_cub_0.01/train/Acadian_Flycatcher/720.jpg	A bird perched on branch, green background.
../dataset/datasets/imb_cub_0.01/train/Acadian_Flycatcher/725.jpg	Dark, blurred, forest-like.
../dataset/datasets/imb_cub_0.01/train/Acadian_Flycatcher/731.jpg	Green, blurred foliage.
../dataset/datasets/imb_cub_0.01/train/Acadian_Flycatcher/728.jpg	The background is a blurred natural setting with branches and leaves, suggesting a forest or woodland environment.
../dataset/datasets/imb_cub_0.01/train/Acadian_Flycatcher/722.jpg	A bird on blue fabric.
../dataset/datasets/imb_cub_0.01/train/Acadian_Flycatcher/727.jpg	The background is blurred green foliage and blue sky.
../dataset/datasets/imb_cub_0.01/train/Acadian_Flycatcher/726.jpg	Green leaves and branches.
../dataset/datasets/imb_cub_0.01/train/Acadian_Flycatcher/724.jpg	Dark, leafy background.
../dataset/datasets/imb_cub_0.01/train/Acadian_Flycatcher/721.jpg	The background is blurred, with soft, muted colors.
../dataset/datasets/imb_cub_0.01/train/Acadian_Flycatcher/723.jpg	Green, blurred foliage.
../dataset/datasets/imb_cub_0.01/train/Acadian_Flycatcher/730.jpg	Green foliage.
../dataset/datasets/imb_cub_0.01/train/Acadian_Flycatcher/729.jpg	Green foliage, blurred.
../dataset/datasets/imb_cub_0.01/train/Great_Crested_Flycatcher/743.jpg	A bird perched on branches against a blue sky with autumn leaves.
../dataset/datasets/imb_cub_0.01/train/Great_Crested_Flycatcher/740.jpg	Blurred green and brown.
../dataset/datasets/imb_cub_0.01/train/Great_Crested_Flycatcher/741.jpg	Green, blurred foliage.
../dataset/datasets/imb_cub_0.01/train/Great_Crested_Flycatcher/732.jpg	The background is a plain, light gray sky.
../dataset/datasets/imb_cub_0.01/train/Great_Crested_Flycatcher/734.jpg	Green foliage, branches.
../dataset/datasets/imb_cub_0.01/train/Great_Crested_Flycatcher/739.jpg	Green foliage, tree trunk.
../dataset/datasets/imb_cub_0.01/train/Great_Crested_Flycatcher/736.jpg	Green foliage.
../dataset/datasets/imb_cub_0.01/train/Great_Crested_Flycatcher/737.jpg	Green, blurred foliage.
../dataset/datasets/imb_cub_0.01/train/Great_Crested_Flycatcher/733.jpg	Blurred greenery and brown ground.
../dataset/datasets/imb_cub_0.01/train/Great_Crested_Flycatcher/735.jpg	Branches and leaves.
../dataset/datasets/imb_cub_0.01/train/Great_Crested_Flycatcher/742.jpg	A bird perched on branch, green foliage and blue sky.
../dataset/datasets/imb_cub_0.01/train/Great_Crested_Flycatcher/738.jpg	Green foliage, blurred background.
../dataset/datasets/imb_cub_0.01/train/Least_Flycatcher/747.jpg	Leaves and branches.
../dataset/datasets/imb_cub_0.01/train/Least_Flycatcher/752.jpg	Green leaves and branches.
../dataset/datasets/imb_cub_0.01/train/Least_Flycatcher/746.jpg	Green foliage.
../dataset/datasets/imb_cub_0.01/train/Least_Flycatcher/744.jpg	The background is blurred, likely green and brown.
../dataset/datasets/imb_cub_0.01/train/Least_Flycatcher/748.jpg	Green, blurred foliage.
../dataset/datasets/imb_cub_0.01/train/Least_Flycatcher/750.jpg	Green, blurred background.
../dataset/datasets/imb_cub_0.01/train/Least_Flycatcher/749.jpg	Green foliage, tree trunk.
../dataset/datasets/imb_cub_0.01/train/Least_Flycatcher/755.jpg	The background is plain white.
../dataset/datasets/imb_cub_0.01/train/Least_Flycatcher/754.jpg	The background is blurred and light-colored.
../dataset/datasets/imb_cub_0.01/train/Least_Flycatcher/745.jpg	Green leaves and branches.
../dataset/datasets/imb_cub_0.01/train/Least_Flycatcher/751.jpg	Blurred green foliage.
../dataset/datasets/imb_cub_0.01/train/Least_Flycatcher/753.jpg	Green, blurred foliage.
../dataset/datasets/imb_cub_0.01/train/Olive_sided_Flycatcher/765.jpg	Clear blue sky.
../dataset/datasets/imb_cub_0.01/train/Olive_sided_Flycatcher/762.jpg	A bird perched against a clear blue sky.
../dataset/datasets/imb_cub_0.01/train/Olive_sided_Flycatcher/763.jpg	Clear blue sky.
../dataset/datasets/imb_cub_0.01/train/Olive_sided_Flycatcher/767.jpg	Clear blue sky.
../dataset/datasets/imb_cub_0.01/train/Olive_sided_Flycatcher/761.jpg	Clear blue sky, bare branches.
../dataset/datasets/imb_cub_0.01/train/Olive_sided_Flycatcher/760.jpg	A bird perched on branch against clear sky.
../dataset/datasets/imb_cub_0.01/train/Olive_sided_Flycatcher/758.jpg	A bird perched on a branch against a clear sky.
../dataset/datasets/imb_cub_0.01/train/Olive_sided_Flycatcher/759.jpg	The background is blurred green foliage.
../dataset/datasets/imb_cub_0.01/train/Olive_sided_Flycatcher/756.jpg	Forest setting with trees and ground cover.
../dataset/datasets/imb_cub_0.01/train/Olive_sided_Flycatcher/757.jpg	The background is plain white.
../dataset/datasets/imb_cub_0.01/train/Olive_sided_Flycatcher/766.jpg	The background is blurred green.
../dataset/datasets/imb_cub_0.01/train/Olive_sided_Flycatcher/764.jpg	A bird perched on a tree branch with green foliage in the background.
../dataset/datasets/imb_cub_0.01/train/Scissor_tailed_Flycatcher/771.jpg	Green grass, blurred background.
../dataset/datasets/imb_cub_0.01/train/Scissor_tailed_Flycatcher/768.jpg	Green foliage, blurred background.
../dataset/datasets/imb_cub_0.01/train/Scissor_tailed_Flycatcher/770.jpg	A bird stands amidst yellow flowers and green grass.
../dataset/datasets/imb_cub_0.01/train/Scissor_tailed_Flycatcher/776.jpg	A bird perched on branches against a netted backdrop.
../dataset/datasets/imb_cub_0.01/train/Scissor_tailed_Flycatcher/773.jpg	Green trees, blue sky, barbed wire.
../dataset/datasets/imb_cub_0.01/train/Scissor_tailed_Flycatcher/777.jpg	Blurred green and brown.
../dataset/datasets/imb_cub_0.01/train/Scissor_tailed_Flycatcher/778.jpg	The background is dry, earthy, and blurred.
../dataset/datasets/imb_cub_0.01/train/Scissor_tailed_Flycatcher/774.jpg	Blurred green and brown.
../dataset/datasets/imb_cub_0.01/train/Scissor_tailed_Flycatcher/772.jpg	Clear blue sky.
../dataset/datasets/imb_cub_0.01/train/Scissor_tailed_Flycatcher/775.jpg	Green grass.
../dataset/datasets/imb_cub_0.01/train/Scissor_tailed_Flycatcher/769.jpg	The background is blurred, brownish.
../dataset/datasets/imb_cub_0.01/train/Vermilion_Flycatcher/782.jpg	The background is plain and light-colored.
../dataset/datasets/imb_cub_0.01/train/Vermilion_Flycatcher/781.jpg	Green, blurred foliage.
../dataset/datasets/imb_cub_0.01/train/Vermilion_Flycatcher/786.jpg	Green, blurred background.
../dataset/datasets/imb_cub_0.01/train/Vermilion_Flycatcher/787.jpg	The background is plain white.
../dataset/datasets/imb_cub_0.01/train/Vermilion_Flycatcher/785.jpg	The background is blurred water.
../dataset/datasets/imb_cub_0.01/train/Vermilion_Flycatcher/780.jpg	The background is blurred, with muted earth tones.
../dataset/datasets/imb_cub_0.01/train/Vermilion_Flycatcher/789.jpg	The background is blurred green foliage.
../dataset/datasets/imb_cub_0.01/train/Vermilion_Flycatcher/788.jpg	Blurred green and brown.
../dataset/datasets/imb_cub_0.01/train/Vermilion_Flycatcher/783.jpg	The background is blurred, suggesting a natural outdoor setting.
../dataset/datasets/imb_cub_0.01/train/Vermilion_Flycatcher/779.jpg	The background is a plain, muted gray sky with bare branches.
../dataset/datasets/imb_cub_0.01/train/Vermilion_Flycatcher/784.jpg	Blurred green foliage.
../dataset/datasets/imb_cub_0.01/train/Yellow_bellied_Flycatcher/794.jpg	Green foliage.
../dataset/datasets/imb_cub_0.01/train/Yellow_bellied_Flycatcher/800.jpg	The background is green foliage.
../dataset/datasets/imb_cub_0.01/train/Yellow_bellied_Flycatcher/798.jpg	Blurred greenery.
../dataset/datasets/imb_cub_0.01/train/Yellow_bellied_Flycatcher/792.jpg	Green, blurred background.
../dataset/datasets/imb_cub_0.01/train/Yellow_bellied_Flycatcher/797.jpg	Blurred green background.
../dataset/datasets/imb_cub_0.01/train/Yellow_bellied_Flycatcher/791.jpg	The background is green foliage.
../dataset/datasets/imb_cub_0.01/train/Yellow_bellied_Flycatcher/790.jpg	The background is green foliage.
../dataset/datasets/imb_cub_0.01/train/Yellow_bellied_Flycatcher/796.jpg	The background is blurred, showing tree branches and sky.
../dataset/datasets/imb_cub_0.01/train/Yellow_bellied_Flycatcher/795.jpg	A bird perched on tree branches with green leaves and blue sky.
../dataset/datasets/imb_cub_0.01/train/Yellow_bellied_Flycatcher/793.jpg	The background is blurred green foliage.
../dataset/datasets/imb_cub_0.01/train/Yellow_bellied_Flycatcher/799.jpg	The background is blurred green foliage.
../dataset/datasets/imb_cub_0.01/train/Frigatebird/805.jpg	Ocean and sky.
../dataset/datasets/imb_cub_0.01/train/Frigatebird/802.jpg	Clear blue sky.
../dataset/datasets/imb_cub_0.01/train/Frigatebird/811.jpg	The background is a cloudy sky and distant land.
../dataset/datasets/imb_cub_0.01/train/Frigatebird/806.jpg	Clear blue sky.
../dataset/datasets/imb_cub_0.01/train/Frigatebird/804.jpg	A bird perched on a post with greenery and water in the background.
../dataset/datasets/imb_cub_0.01/train/Frigatebird/810.jpg	Clear blue sky.
../dataset/datasets/imb_cub_0.01/train/Frigatebird/803.jpg	The background is rocky and blurred.
../dataset/datasets/imb_cub_0.01/train/Frigatebird/807.jpg	A bird soars against a clear blue sky.
../dataset/datasets/imb_cub_0.01/train/Frigatebird/801.jpg	Clear blue sky.
../dataset/datasets/imb_cub_0.01/train/Frigatebird/808.jpg	Ocean.
../dataset/datasets/imb_cub_0.01/train/Frigatebird/809.jpg	Rocky, natural setting.
../dataset/datasets/imb_cub_0.01/train/Northern_Fulmar/817.jpg	The background is calm water.
../dataset/datasets/imb_cub_0.01/train/Northern_Fulmar/815.jpg	The bird is on a pebbled surface.
../dataset/datasets/imb_cub_0.01/train/Northern_Fulmar/820.jpg	A bird flying over water.
../dataset/datasets/imb_cub_0.01/train/Northern_Fulmar/818.jpg	A bird soars over blue ocean waves.
../dataset/datasets/imb_cub_0.01/train/Northern_Fulmar/816.jpg	A bird soars over rippling water with sunlight reflecting.
../dataset/datasets/imb_cub_0.01/train/Northern_Fulmar/819.jpg	Cloudy sky.
../dataset/datasets/imb_cub_0.01/train/Northern_Fulmar/821.jpg	The background is calm water with ripples.
../dataset/datasets/imb_cub_0.01/train/Northern_Fulmar/813.jpg	The background is a plain, light gray sky.
../dataset/datasets/imb_cub_0.01/train/Northern_Fulmar/814.jpg	Ocean waves.
../dataset/datasets/imb_cub_0.01/train/Northern_Fulmar/812.jpg	Rugged cliffs, green vegetation.
../dataset/datasets/imb_cub_0.01/train/Gadwall/827.jpg	Water.
../dataset/datasets/imb_cub_0.01/train/Gadwall/828.jpg	Water with ripples.
../dataset/datasets/imb_cub_0.01/train/Gadwall/825.jpg	Water and mud.
../dataset/datasets/imb_cub_0.01/train/Gadwall/822.jpg	Water with ripples.
../dataset/datasets/imb_cub_0.01/train/Gadwall/829.jpg	A bird on water with ripples.
../dataset/datasets/imb_cub_0.01/train/Gadwall/826.jpg	Water.
../dataset/datasets/imb_cub_0.01/train/Gadwall/830.jpg	Water.
../dataset/datasets/imb_cub_0.01/train/Gadwall/824.jpg	Water.
../dataset/datasets/imb_cub_0.01/train/Gadwall/823.jpg	Blue water.
../dataset/datasets/imb_cub_0.01/train/Gadwall/831.jpg	Dark water, reflections, vegetation.
../dataset/datasets/imb_cub_0.01/train/American_Goldfinch/841.jpg	The background is a clear blue sky with bare branches.
../dataset/datasets/imb_cub_0.01/train/American_Goldfinch/838.jpg	Green leaves, blurred background.
../dataset/datasets/imb_cub_0.01/train/American_Goldfinch/836.jpg	A bird perched on barbed wire against a green backdrop.
../dataset/datasets/imb_cub_0.01/train/American_Goldfinch/832.jpg	Blurred grass and flowers.
../dataset/datasets/imb_cub_0.01/train/American_Goldfinch/835.jpg	The background is blurred, greenish-gray.
../dataset/datasets/imb_cub_0.01/train/American_Goldfinch/837.jpg	The background is blurred green foliage.
../dataset/datasets/imb_cub_0.01/train/American_Goldfinch/840.jpg	The background is green and blurred.
../dataset/datasets/imb_cub_0.01/train/American_Goldfinch/839.jpg	Blurred green trees.
../dataset/datasets/imb_cub_0.01/train/American_Goldfinch/833.jpg	Green leaves and blurred background.
../dataset/datasets/imb_cub_0.01/train/American_Goldfinch/834.jpg	Green leaves and branches.
../dataset/datasets/imb_cub_0.01/train/European_Goldfinch/847.jpg	Green leaves, blurred background.
../dataset/datasets/imb_cub_0.01/train/European_Goldfinch/844.jpg	The background is a rocky, pebbled ground with scattered leaves.
../dataset/datasets/imb_cub_0.01/train/European_Goldfinch/848.jpg	A bird perched on branch, green background.
../dataset/datasets/imb_cub_0.01/train/European_Goldfinch/850.jpg	A bird perched on branch, green background.
../dataset/datasets/imb_cub_0.01/train/European_Goldfinch/846.jpg	Metal feeder with holes.
../dataset/datasets/imb_cub_0.01/train/European_Goldfinch/843.jpg	Green foliage with yellow flowers.
../dataset/datasets/imb_cub_0.01/train/European_Goldfinch/849.jpg	The background is plain green.
../dataset/datasets/imb_cub_0.01/train/European_Goldfinch/851.jpg	The background is blurred, with muted greens and browns.
../dataset/datasets/imb_cub_0.01/train/European_Goldfinch/845.jpg	Blurred green and brown.
../dataset/datasets/imb_cub_0.01/train/European_Goldfinch/842.jpg	The background is a plain, light gray sky.
../dataset/datasets/imb_cub_0.01/train/Boat_tailed_Grackle/858.jpg	The background is dark and shadowy.
../dataset/datasets/imb_cub_0.01/train/Boat_tailed_Grackle/859.jpg	Green, algae-covered water.
../dataset/datasets/imb_cub_0.01/train/Boat_tailed_Grackle/852.jpg	Water and rocks.
../dataset/datasets/imb_cub_0.01/train/Boat_tailed_Grackle/860.jpg	A bird stands near water with grass and reeds.
../dataset/datasets/imb_cub_0.01/train/Boat_tailed_Grackle/853.jpg	A bird perched on a tree branch with sparse leaves and branches.
../dataset/datasets/imb_cub_0.01/train/Boat_tailed_Grackle/855.jpg	Water and blurred greenery.
../dataset/datasets/imb_cub_0.01/train/Boat_tailed_Grackle/856.jpg	The background is blurred, suggesting an outdoor setting with soft light and indistinct shapes.
../dataset/datasets/imb_cub_0.01/train/Boat_tailed_Grackle/854.jpg	Lush green leaves.
../dataset/datasets/imb_cub_0.01/train/Boat_tailed_Grackle/857.jpg	Water and greenery.
../dataset/datasets/imb_cub_0.01/train/Eared_Grebe/867.jpg	The background is a calm, blue water surface with a faint reflection of 'a bird'.
../dataset/datasets/imb_cub_0.01/train/Eared_Grebe/865.jpg	Dark water.
../dataset/datasets/imb_cub_0.01/train/Eared_Grebe/869.jpg	The background is a calm, blue water surface with ripples.
../dataset/datasets/imb_cub_0.01/train/Eared_Grebe/861.jpg	A bird on calm water.
../dataset/datasets/imb_cub_0.01/train/Eared_Grebe/866.jpg	Water.
../dataset/datasets/imb_cub_0.01/train/Eared_Grebe/862.jpg	Water.
../dataset/datasets/imb_cub_0.01/train/Eared_Grebe/868.jpg	Water.
../dataset/datasets/imb_cub_0.01/train/Eared_Grebe/863.jpg	The background is calm water with a reflection.
../dataset/datasets/imb_cub_0.01/train/Eared_Grebe/864.jpg	A bird swims on calm water.
../dataset/datasets/imb_cub_0.01/train/Horned_Grebe/870.jpg	The background is water.
../dataset/datasets/imb_cub_0.01/train/Horned_Grebe/871.jpg	A bird in water with ripples.
../dataset/datasets/imb_cub_0.01/train/Horned_Grebe/878.jpg	Wavy water.
../dataset/datasets/imb_cub_0.01/train/Horned_Grebe/872.jpg	Water and blurred background.
../dataset/datasets/imb_cub_0.01/train/Horned_Grebe/876.jpg	The background is calm water.
../dataset/datasets/imb_cub_0.01/train/Horned_Grebe/875.jpg	A bird swimming in calm water.
../dataset/datasets/imb_cub_0.01/train/Horned_Grebe/873.jpg	The background is water.
../dataset/datasets/imb_cub_0.01/train/Horned_Grebe/874.jpg	A bird on calm water.
../dataset/datasets/imb_cub_0.01/train/Horned_Grebe/877.jpg	A bird on calm water.
../dataset/datasets/imb_cub_0.01/train/Pied_billed_Grebe/884.jpg	Clear blue sky.
../dataset/datasets/imb_cub_0.01/train/Pied_billed_Grebe/886.jpg	The background is calm water.
../dataset/datasets/imb_cub_0.01/train/Pied_billed_Grebe/881.jpg	Water with ripples.
../dataset/datasets/imb_cub_0.01/train/Pied_billed_Grebe/882.jpg	A bird swims on rippling water.
../dataset/datasets/imb_cub_0.01/train/Pied_billed_Grebe/879.jpg	A bird swims on calm water.
../dataset/datasets/imb_cub_0.01/train/Pied_billed_Grebe/883.jpg	The background is calm water with ripples and a reflection.
../dataset/datasets/imb_cub_0.01/train/Pied_billed_Grebe/887.jpg	Water with ripples and reflections.
../dataset/datasets/imb_cub_0.01/train/Pied_billed_Grebe/880.jpg	The background is water with ripples.
../dataset/datasets/imb_cub_0.01/train/Pied_billed_Grebe/885.jpg	The background is calm water with ripples.
../dataset/datasets/imb_cub_0.01/train/Western_Grebe/894.jpg	Ripples on water surface.
../dataset/datasets/imb_cub_0.01/train/Western_Grebe/891.jpg	A bird swims on calm water.
../dataset/datasets/imb_cub_0.01/train/Western_Grebe/889.jpg	A bird swimming on calm blue water.
../dataset/datasets/imb_cub_0.01/train/Western_Grebe/888.jpg	A bird on calm water.
../dataset/datasets/imb_cub_0.01/train/Western_Grebe/895.jpg	Water.
../dataset/datasets/imb_cub_0.01/train/Western_Grebe/892.jpg	A bird swims on calm blue water.
../dataset/datasets/imb_cub_0.01/train/Western_Grebe/890.jpg	The background is a flat, sandy surface with some water.
../dataset/datasets/imb_cub_0.01/train/Western_Grebe/893.jpg	A bird on calm water.
../dataset/datasets/imb_cub_0.01/train/Blue_Grosbeak/898.jpg	Green, blurred grass.
../dataset/datasets/imb_cub_0.01/train/Blue_Grosbeak/897.jpg	Green foliage.
../dataset/datasets/imb_cub_0.01/train/Blue_Grosbeak/900.jpg	Green foliage.
../dataset/datasets/imb_cub_0.01/train/Blue_Grosbeak/902.jpg	Green foliage, brown ground.
../dataset/datasets/imb_cub_0.01/train/Blue_Grosbeak/896.jpg	The background is blurred green.
../dataset/datasets/imb_cub_0.01/train/Blue_Grosbeak/901.jpg	A bird perched on a branch against a clear sky.
../dataset/datasets/imb_cub_0.01/train/Blue_Grosbeak/903.jpg	A bird perched on a twig, blurred green background.
../dataset/datasets/imb_cub_0.01/train/Blue_Grosbeak/899.jpg	A bird on ground with dried leaves and grass.
../dataset/datasets/imb_cub_0.01/train/Evening_Grosbeak/911.jpg	The background is a blurred, leafless tree.
../dataset/datasets/imb_cub_0.01/train/Evening_Grosbeak/905.jpg	The background is blurred, warm tones.
../dataset/datasets/imb_cub_0.01/train/Evening_Grosbeak/908.jpg	The background is blurred, showing branches and sky.
../dataset/datasets/imb_cub_0.01/train/Evening_Grosbeak/904.jpg	A bird perched on branch, blurred greenery behind.
../dataset/datasets/imb_cub_0.01/train/Evening_Grosbeak/906.jpg	Green leaves, blurred background.
../dataset/datasets/imb_cub_0.01/train/Evening_Grosbeak/907.jpg	The background is blurred greenery.
../dataset/datasets/imb_cub_0.01/train/Evening_Grosbeak/910.jpg	The background is blurred, showing green and gray tones.
../dataset/datasets/imb_cub_0.01/train/Evening_Grosbeak/909.jpg	The background is blurred with green and brown tones, suggesting foliage and branches.
../dataset/datasets/imb_cub_0.01/train/Pine_Grosbeak/919.jpg	A bird perched on bare branches against a snowy backdrop.
../dataset/datasets/imb_cub_0.01/train/Pine_Grosbeak/916.jpg	A bird perched on stone fountain with blurred wooden structure behind.
../dataset/datasets/imb_cub_0.01/train/Pine_Grosbeak/918.jpg	A bird perched on branch with red berries, white background.
../dataset/datasets/imb_cub_0.01/train/Pine_Grosbeak/917.jpg	The background is blurred with red and orange hues.
../dataset/datasets/imb_cub_0.01/train/Pine_Grosbeak/915.jpg	Snowy ground with scattered pine cones.
../dataset/datasets/imb_cub_0.01/train/Pine_Grosbeak/912.jpg	A bird perched on snow-covered branches.
../dataset/datasets/imb_cub_0.01/train/Pine_Grosbeak/914.jpg	A bird perched on branch with blurred red berries and bare branches.
../dataset/datasets/imb_cub_0.01/train/Pine_Grosbeak/913.jpg	Branches with red berries.
../dataset/datasets/imb_cub_0.01/train/Rose_breasted_Grosbeak/926.jpg	A bird perched on wooden surface with blurred green backdrop.
../dataset/datasets/imb_cub_0.01/train/Rose_breasted_Grosbeak/922.jpg	A bird perched on branch against blue sky.
../dataset/datasets/imb_cub_0.01/train/Rose_breasted_Grosbeak/923.jpg	A bird perched on tree branch with green leaves.
../dataset/datasets/imb_cub_0.01/train/Rose_breasted_Grosbeak/920.jpg	A bird perched on wooden structure with blurred greenery behind.
../dataset/datasets/imb_cub_0.01/train/Rose_breasted_Grosbeak/924.jpg	Green, blurred background.
../dataset/datasets/imb_cub_0.01/train/Rose_breasted_Grosbeak/921.jpg	The background is blurred green.
../dataset/datasets/imb_cub_0.01/train/Rose_breasted_Grosbeak/927.jpg	A bird perched on branch, green background.
../dataset/datasets/imb_cub_0.01/train/Rose_breasted_Grosbeak/925.jpg	A bird perched on green leaves.
../dataset/datasets/imb_cub_0.01/train/Pigeon_Guillemot/933.jpg	Water with ripples.
../dataset/datasets/imb_cub_0.01/train/Pigeon_Guillemot/928.jpg	Dark, water-like surface.
../dataset/datasets/imb_cub_0.01/train/Pigeon_Guillemot/931.jpg	A bird flying over water.
../dataset/datasets/imb_cub_0.01/train/Pigeon_Guillemot/929.jpg	Water.
../dataset/datasets/imb_cub_0.01/train/Pigeon_Guillemot/932.jpg	A bird swimming on calm water with a fish in its beak.
../dataset/datasets/imb_cub_0.01/train/Pigeon_Guillemot/934.jpg	Dark water with ripples.
../dataset/datasets/imb_cub_0.01/train/Pigeon_Guillemot/930.jpg	The background is blurred, suggesting water and vegetation.
../dataset/datasets/imb_cub_0.01/train/California_Gull/936.jpg	The background is sandy and textured.
../dataset/datasets/imb_cub_0.01/train/California_Gull/941.jpg	The background is a plain, overcast sky.
../dataset/datasets/imb_cub_0.01/train/California_Gull/938.jpg	A bird stands on sandy beach near water.
../dataset/datasets/imb_cub_0.01/train/California_Gull/935.jpg	The background is a solid, muted gray.
../dataset/datasets/imb_cub_0.01/train/California_Gull/937.jpg	The background is a plain, dark surface.
../dataset/datasets/imb_cub_0.01/train/California_Gull/940.jpg	A bird stands on pavement near water.
../dataset/datasets/imb_cub_0.01/train/California_Gull/939.jpg	The background is a blurred body of water.
../dataset/datasets/imb_cub_0.01/train/Glaucous_winged_Gull/945.jpg	Water.
../dataset/datasets/imb_cub_0.01/train/Glaucous_winged_Gull/946.jpg	A bird stands on rocks near water.
../dataset/datasets/imb_cub_0.01/train/Glaucous_winged_Gull/947.jpg	A bird stands on rocks near water.
../dataset/datasets/imb_cub_0.01/train/Glaucous_winged_Gull/942.jpg	Dark, blurred background.
../dataset/datasets/imb_cub_0.01/train/Glaucous_winged_Gull/948.jpg	The background is a blurred, earthy ground with sparse vegetation.
../dataset/datasets/imb_cub_0.01/train/Glaucous_winged_Gull/944.jpg	Muddy ground.
../dataset/datasets/imb_cub_0.01/train/Glaucous_winged_Gull/943.jpg	A bird stands on grass with small white flowers.
../dataset/datasets/imb_cub_0.01/train/Heermann_Gull/952.jpg	The background is sandy.
../dataset/datasets/imb_cub_0.01/train/Heermann_Gull/950.jpg	A bird stands on wet, rocky ground with blurred water and vegetation in the background.
../dataset/datasets/imb_cub_0.01/train/Heermann_Gull/949.jpg	A bird stands on wet, reflective surface with blurred background.
../dataset/datasets/imb_cub_0.01/train/Heermann_Gull/953.jpg	A bird stands on rocks near water.
../dataset/datasets/imb_cub_0.01/train/Heermann_Gull/951.jpg	A bird stands on rocks near people and water.
../dataset/datasets/imb_cub_0.01/train/Heermann_Gull/954.jpg	A bird stands on sandy beach.
../dataset/datasets/imb_cub_0.01/train/Heermann_Gull/955.jpg	The background is a calm, light blue water surface.
../dataset/datasets/imb_cub_0.01/train/Herring_Gull/962.jpg	The background is textured and muted, resembling a weathered surface.
../dataset/datasets/imb_cub_0.01/train/Herring_Gull/959.jpg	A bird stands on rocks with blurred greenery in the background.
../dataset/datasets/imb_cub_0.01/train/Herring_Gull/961.jpg	The background is dark and blurred.
../dataset/datasets/imb_cub_0.01/train/Herring_Gull/957.jpg	A bird stands on sandy beach with scattered debris.
../dataset/datasets/imb_cub_0.01/train/Herring_Gull/960.jpg	The background consists of rocks and some dried vegetation.
../dataset/datasets/imb_cub_0.01/train/Herring_Gull/956.jpg	A bird soars against a clear blue sky.
../dataset/datasets/imb_cub_0.01/train/Herring_Gull/958.jpg	The background is blurred water.
../dataset/datasets/imb_cub_0.01/train/Ivory_Gull/968.jpg	A bird stands on wet sand near water.
../dataset/datasets/imb_cub_0.01/train/Ivory_Gull/969.jpg	A bird stands on snow-covered ground with ice and rocks.
../dataset/datasets/imb_cub_0.01/train/Ivory_Gull/965.jpg	Rocky, outdoor setting.
../dataset/datasets/imb_cub_0.01/train/Ivory_Gull/963.jpg	Water and rocks.
../dataset/datasets/imb_cub_0.01/train/Ivory_Gull/966.jpg	The background is blurred, showing water and land.
../dataset/datasets/imb_cub_0.01/train/Ivory_Gull/967.jpg	Rocky, scattered debris.
../dataset/datasets/imb_cub_0.01/train/Ivory_Gull/964.jpg	A bird against a pale sky with wooden posts.
../dataset/datasets/imb_cub_0.01/train/Ring_billed_Gull/975.jpg	Water.
../dataset/datasets/imb_cub_0.01/train/Ring_billed_Gull/972.jpg	A bird stands on sandy beach.
../dataset/datasets/imb_cub_0.01/train/Ring_billed_Gull/970.jpg	A bird stands on snow, blurred water behind.
../dataset/datasets/imb_cub_0.01/train/Ring_billed_Gull/971.jpg	Blurred green and brown.
../dataset/datasets/imb_cub_0.01/train/Ring_billed_Gull/973.jpg	The background is a plain, light blue sky.
../dataset/datasets/imb_cub_0.01/train/Ring_billed_Gull/974.jpg	Dark, blurred background.
../dataset/datasets/imb_cub_0.01/train/Slaty_backed_Gull/978.jpg	The bird is perched on a surface with water in the background.
../dataset/datasets/imb_cub_0.01/train/Slaty_backed_Gull/979.jpg	A bird against clear blue sky.
../dataset/datasets/imb_cub_0.01/train/Slaty_backed_Gull/980.jpg	The background is water.
../dataset/datasets/imb_cub_0.01/train/Slaty_backed_Gull/981.jpg	Water.
../dataset/datasets/imb_cub_0.01/train/Slaty_backed_Gull/976.jpg	A bird stands on railing, water behind.
../dataset/datasets/imb_cub_0.01/train/Slaty_backed_Gull/977.jpg	A bird against blue sky and white structure.
../dataset/datasets/imb_cub_0.01/train/Western_Gull/983.jpg	Muddy, wet ground near water.
../dataset/datasets/imb_cub_0.01/train/Western_Gull/985.jpg	A bird stands on sandy beach.
../dataset/datasets/imb_cub_0.01/train/Western_Gull/982.jpg	A bird stands on a wooden surface against a brick wall.
../dataset/datasets/imb_cub_0.01/train/Western_Gull/986.jpg	Grass, bushes, sunny day.
../dataset/datasets/imb_cub_0.01/train/Western_Gull/984.jpg	Rocky, water.
../dataset/datasets/imb_cub_0.01/train/Western_Gull/987.jpg	A bird stands on ice with blurred background.
../dataset/datasets/imb_cub_0.01/train/Anna_Hummingbird/993.jpg	Blurred, bokeh effect.
../dataset/datasets/imb_cub_0.01/train/Anna_Hummingbird/988.jpg	The background is blurred greenery.
../dataset/datasets/imb_cub_0.01/train/Anna_Hummingbird/990.jpg	Blurred purple flowers.
../dataset/datasets/imb_cub_0.01/train/Anna_Hummingbird/991.jpg	The background is blurred, showing a neutral, earthy tone.
../dataset/datasets/imb_cub_0.01/train/Anna_Hummingbird/989.jpg	The background is blurred with green and brown tones, suggesting foliage.
../dataset/datasets/imb_cub_0.01/train/Anna_Hummingbird/992.jpg	The background is plain and light green.
../dataset/datasets/imb_cub_0.01/train/Ruby_throated_Hummingbird/995.jpg	Green background.
../dataset/datasets/imb_cub_0.01/train/Ruby_throated_Hummingbird/994.jpg	Green, blurred background.
../dataset/datasets/imb_cub_0.01/train/Ruby_throated_Hummingbird/999.jpg	The background is a clear blue sky.
../dataset/datasets/imb_cub_0.01/train/Ruby_throated_Hummingbird/997.jpg	Green and blurred.
../dataset/datasets/imb_cub_0.01/train/Ruby_throated_Hummingbird/996.jpg	The background is blurred, showing a neutral tone.
../dataset/datasets/imb_cub_0.01/train/Ruby_throated_Hummingbird/998.jpg	Blurred green and blue.
../dataset/datasets/imb_cub_0.01/train/Rufous_Hummingbird/1005.jpg	Dark, blurred background.
../dataset/datasets/imb_cub_0.01/train/Rufous_Hummingbird/1000.jpg	Blurred green background.
../dataset/datasets/imb_cub_0.01/train/Rufous_Hummingbird/1002.jpg	The background is blurred, with soft green and brown tones.
../dataset/datasets/imb_cub_0.01/train/Rufous_Hummingbird/1003.jpg	Blurred, soft focus.
../dataset/datasets/imb_cub_0.01/train/Rufous_Hummingbird/1004.jpg	The background is a gradient of light blue to white.
../dataset/datasets/imb_cub_0.01/train/Rufous_Hummingbird/1001.jpg	Blurred green background.
../dataset/datasets/imb_cub_0.01/train/Green_Violetear/1007.jpg	Blurred green foliage.
../dataset/datasets/imb_cub_0.01/train/Green_Violetear/1008.jpg	The background is blurred, with shades of brown and green.
../dataset/datasets/imb_cub_0.01/train/Green_Violetear/1009.jpg	The background features blurred green foliage and red flowers.
../dataset/datasets/imb_cub_0.01/train/Green_Violetear/1011.jpg	Blurred green foliage.
../dataset/datasets/imb_cub_0.01/train/Green_Violetear/1006.jpg	Blurred green.
../dataset/datasets/imb_cub_0.01/train/Green_Violetear/1010.jpg	The background is blurred, suggesting a natural setting.
../dataset/datasets/imb_cub_0.01/train/Long_tailed_Jaeger/1015.jpg	Dry grass and shrubs.
../dataset/datasets/imb_cub_0.01/train/Long_tailed_Jaeger/1016.jpg	Clear blue sky.
../dataset/datasets/imb_cub_0.01/train/Long_tailed_Jaeger/1012.jpg	The bird is set against a plain white background.
../dataset/datasets/imb_cub_0.01/train/Long_tailed_Jaeger/1014.jpg	A bird soars over water, with blurred horizon.
../dataset/datasets/imb_cub_0.01/train/Long_tailed_Jaeger/1013.jpg	A bird in water with ripples.
../dataset/datasets/imb_cub_0.01/train/Pomarine_Jaeger/1020.jpg	Clear blue sky.
../dataset/datasets/imb_cub_0.01/train/Pomarine_Jaeger/1019.jpg	A bird soars against a clear sky.
../dataset/datasets/imb_cub_0.01/train/Pomarine_Jaeger/1021.jpg	The bird is flying against a plain, light-colored sky.
../dataset/datasets/imb_cub_0.01/train/Pomarine_Jaeger/1018.jpg	Clear blue sky.
../dataset/datasets/imb_cub_0.01/train/Pomarine_Jaeger/1017.jpg	A bird soars against a clear blue sky.
../dataset/datasets/imb_cub_0.01/train/Blue_Jay/1024.jpg	Green foliage.
../dataset/datasets/imb_cub_0.01/train/Blue_Jay/1023.jpg	A bird stands against red autumn leaves.
../dataset/datasets/imb_cub_0.01/train/Blue_Jay/1022.jpg	Grass and foliage.
../dataset/datasets/imb_cub_0.01/train/Blue_Jay/1026.jpg	A bird perched on snow-covered branch, blurred snowy background.
../dataset/datasets/imb_cub_0.01/train/Blue_Jay/1025.jpg	A bird perched on a branch with green foliage and white flowers.
../dataset/datasets/imb_cub_0.01/train/Florida_Jay/1031.jpg	Dry grass and blurred ground.
../dataset/datasets/imb_cub_0.01/train/Florida_Jay/1030.jpg	Clear blue sky.
../dataset/datasets/imb_cub_0.01/train/Florida_Jay/1028.jpg	A bird perched on branch, blue sky and green foliage behind.
../dataset/datasets/imb_cub_0.01/train/Florida_Jay/1029.jpg	The background is a blurred mix of bare branches and soft, out-of-focus light.
../dataset/datasets/imb_cub_0.01/train/Florida_Jay/1027.jpg	The background is a plain, light sky.
../dataset/datasets/imb_cub_0.01/train/Green_Jay/1036.jpg	A bird perched on tree branch, surrounded by green foliage.
../dataset/datasets/imb_cub_0.01/train/Green_Jay/1032.jpg	Green leaves and blurred sky.
../dataset/datasets/imb_cub_0.01/train/Green_Jay/1034.jpg	The background is green foliage.
../dataset/datasets/imb_cub_0.01/train/Green_Jay/1033.jpg	The background consists of dry grass and some greenery.
../dataset/datasets/imb_cub_0.01/train/Green_Jay/1035.jpg	A bird perched on tree branches with blurred green foliage.
../dataset/datasets/imb_cub_0.01/train/Dark_eyed_Junco/1040.jpg	The background is a plain, snowy sky.
../dataset/datasets/imb_cub_0.01/train/Dark_eyed_Junco/1041.jpg	The background is blurred, with soft green and brown tones.
../dataset/datasets/imb_cub_0.01/train/Dark_eyed_Junco/1038.jpg	The background is plain and light-colored.
../dataset/datasets/imb_cub_0.01/train/Dark_eyed_Junco/1037.jpg	Fall leaves, grass.
../dataset/datasets/imb_cub_0.01/train/Dark_eyed_Junco/1039.jpg	The background is blurred, with muted tones and branches.
../dataset/datasets/imb_cub_0.01/train/Tropical_Kingbird/1045.jpg	The bird is perched on a branch against a clear sky.
../dataset/datasets/imb_cub_0.01/train/Tropical_Kingbird/1046.jpg	Dark, cloudy sky.
../dataset/datasets/imb_cub_0.01/train/Tropical_Kingbird/1044.jpg	A bird perched on ropes against a clear blue sky.
../dataset/datasets/imb_cub_0.01/train/Tropical_Kingbird/1042.jpg	Green foliage.
../dataset/datasets/imb_cub_0.01/train/Tropical_Kingbird/1043.jpg	Green, blurred background.
../dataset/datasets/imb_cub_0.01/train/Gray_Kingbird/1049.jpg	Clear blue sky.
../dataset/datasets/imb_cub_0.01/train/Gray_Kingbird/1048.jpg	The background is a plain, dark gray.
../dataset/datasets/imb_cub_0.01/train/Gray_Kingbird/1047.jpg	A bird perched against a clear blue sky.
../dataset/datasets/imb_cub_0.01/train/Gray_Kingbird/1050.jpg	A bird perched on branch against blue sky.
../dataset/datasets/imb_cub_0.01/train/Belted_Kingfisher/1053.jpg	Blurred green foliage.
../dataset/datasets/imb_cub_0.01/train/Belted_Kingfisher/1054.jpg	A bird perched on metal railing near boat.
../dataset/datasets/imb_cub_0.01/train/Belted_Kingfisher/1051.jpg	The background is plain and light-colored.
../dataset/datasets/imb_cub_0.01/train/Belted_Kingfisher/1052.jpg	Blurred orange and brown.
../dataset/datasets/imb_cub_0.01/train/Green_Kingfisher/1056.jpg	Green leaves, blurred background.
../dataset/datasets/imb_cub_0.01/train/Green_Kingfisher/1055.jpg	The background is blurred green foliage.
../dataset/datasets/imb_cub_0.01/train/Green_Kingfisher/1057.jpg	The background is blurred water.
../dataset/datasets/imb_cub_0.01/train/Green_Kingfisher/1058.jpg	The background is blurred, with muted colors.
../dataset/datasets/imb_cub_0.01/train/Pied_Kingfisher/1061.jpg	Green foliage.
../dataset/datasets/imb_cub_0.01/train/Pied_Kingfisher/1059.jpg	A bird perched on white roof, cloudy sky.
../dataset/datasets/imb_cub_0.01/train/Pied_Kingfisher/1062.jpg	A bird stands on dry, earthy ground with scattered debris.
../dataset/datasets/imb_cub_0.01/train/Pied_Kingfisher/1060.jpg	Water and greenery.
../dataset/datasets/imb_cub_0.01/train/Ringed_Kingfisher/1065.jpg	The background is blurred green foliage.
../dataset/datasets/imb_cub_0.01/train/Ringed_Kingfisher/1064.jpg	A bird perched on branch, green foliage behind.
../dataset/datasets/imb_cub_0.01/train/Ringed_Kingfisher/1066.jpg	Raining, blurred greenery.
../dataset/datasets/imb_cub_0.01/train/Ringed_Kingfisher/1063.jpg	A bird perched on bare branches against a clear blue sky.
../dataset/datasets/imb_cub_0.01/train/White_breasted_Kingfisher/1070.jpg	The background is a mix of green foliage and brown earth.
../dataset/datasets/imb_cub_0.01/train/White_breasted_Kingfisher/1067.jpg	A bird perched on wire, green foliage behind.
../dataset/datasets/imb_cub_0.01/train/White_breasted_Kingfisher/1068.jpg	The background is blurred greenery.
../dataset/datasets/imb_cub_0.01/train/White_breasted_Kingfisher/1069.jpg	The background is blurred green and yellow.
../dataset/datasets/imb_cub_0.01/train/Red_legged_Kittiwake/1072.jpg	Rocky cliff.
../dataset/datasets/imb_cub_0.01/train/Red_legged_Kittiwake/1073.jpg	Rushing water.
../dataset/datasets/imb_cub_0.01/train/Red_legged_Kittiwake/1071.jpg	The bird is flying over water.
../dataset/datasets/imb_cub_0.01/train/Red_legged_Kittiwake/1074.jpg	Rocky cliff, blue water.
../dataset/datasets/imb_cub_0.01/train/Horned_Lark/1077.jpg	Grassy field with blurred background.
../dataset/datasets/imb_cub_0.01/train/Horned_Lark/1078.jpg	The background is blurred green.
../dataset/datasets/imb_cub_0.01/train/Horned_Lark/1076.jpg	A bird stands on snow-covered ground.
../dataset/datasets/imb_cub_0.01/train/Horned_Lark/1075.jpg	Blurred green and brown.
../dataset/datasets/imb_cub_0.01/train/Pacific_Loon/1082.jpg	A bird on calm water.
../dataset/datasets/imb_cub_0.01/train/Pacific_Loon/1080.jpg	Ripples on water surface.
../dataset/datasets/imb_cub_0.01/train/Pacific_Loon/1079.jpg	Water.
../dataset/datasets/imb_cub_0.01/train/Pacific_Loon/1081.jpg	The background is water.
../dataset/datasets/imb_cub_0.01/train/Mallard/1083.jpg	Water.
../dataset/datasets/imb_cub_0.01/train/Mallard/1084.jpg	The background is blurred, showing earthy tones.
../dataset/datasets/imb_cub_0.01/train/Mallard/1085.jpg	Water.
../dataset/datasets/imb_cub_0.01/train/Mallard/1086.jpg	Water with reflections.
../dataset/datasets/imb_cub_0.01/train/Western_Meadowlark/1088.jpg	Blurred, dry, earthy tones.
../dataset/datasets/imb_cub_0.01/train/Western_Meadowlark/1087.jpg	Green, blurred background.
../dataset/datasets/imb_cub_0.01/train/Western_Meadowlark/1089.jpg	Blurred green field.
../dataset/datasets/imb_cub_0.01/train/Hooded_Merganser/1092.jpg	Water.
../dataset/datasets/imb_cub_0.01/train/Hooded_Merganser/1091.jpg	Muddy water.
../dataset/datasets/imb_cub_0.01/train/Hooded_Merganser/1090.jpg	Water.
../dataset/datasets/imb_cub_0.01/train/Red_breasted_Merganser/1095.jpg	Water with ripples.
../dataset/datasets/imb_cub_0.01/train/Red_breasted_Merganser/1094.jpg	Water.
../dataset/datasets/imb_cub_0.01/train/Red_breasted_Merganser/1093.jpg	Water.
../dataset/datasets/imb_cub_0.01/train/Mockingbird/1097.jpg	A bird perched on red berries, blurred background.
../dataset/datasets/imb_cub_0.01/train/Mockingbird/1096.jpg	Blurred greenery, tree trunk.
../dataset/datasets/imb_cub_0.01/train/Mockingbird/1098.jpg	A bird perched on branches with autumn-colored leaves.
../dataset/datasets/imb_cub_0.01/train/Nighthawk/1099.jpg	The background is blurred, with tree branches and foliage.
../dataset/datasets/imb_cub_0.01/train/Nighthawk/1101.jpg	Clear blue sky.
../dataset/datasets/imb_cub_0.01/train/Nighthawk/1100.jpg	The bird is on a surface with a dark, possibly fabric-like background.
../dataset/datasets/imb_cub_0.01/train/Clark_Nutcracker/1103.jpg	Snowy, blurred background.
../dataset/datasets/imb_cub_0.01/train/Clark_Nutcracker/1102.jpg	Green, blurred foliage.
../dataset/datasets/imb_cub_0.01/train/Clark_Nutcracker/1104.jpg	Rocky, blurred greenery.
../dataset/datasets/imb_cub_0.01/train/White_breasted_Nuthatch/1105.jpg	A bird perched on a branch against a blue sky.
../dataset/datasets/imb_cub_0.01/train/White_breasted_Nuthatch/1107.jpg	The background is dark.
../dataset/datasets/imb_cub_0.01/train/White_breasted_Nuthatch/1106.jpg	The background is blurred with brown and orange tones, suggesting leaves or branches.
../dataset/datasets/imb_cub_0.01/train/Baltimore_Oriole/1108.jpg	Green leaves, blue sky.
../dataset/datasets/imb_cub_0.01/train/Baltimore_Oriole/1109.jpg	Branches, blurred greenery.
../dataset/datasets/imb_cub_0.01/train/Baltimore_Oriole/1110.jpg	Green leaves, blurred background.
../dataset/datasets/imb_cub_0.01/train/Hooded_Oriole/1113.jpg	A bird perched on bare branches against a blue sky.
../dataset/datasets/imb_cub_0.01/train/Hooded_Oriole/1112.jpg	Green foliage with yellow flowers.
../dataset/datasets/imb_cub_0.01/train/Hooded_Oriole/1111.jpg	A bird perched on a branch with green leaves and twigs.
../dataset/datasets/imb_cub_0.01/train/Orchard_Oriole/1114.jpg	The background is a clear, light sky with bare branches.
../dataset/datasets/imb_cub_0.01/train/Orchard_Oriole/1116.jpg	The background is a blurred mix of green foliage and branches.
../dataset/datasets/imb_cub_0.01/train/Orchard_Oriole/1115.jpg	The background is a clear blue sky.
../dataset/datasets/imb_cub_0.01/train/Scott_Oriole/1119.jpg	The background is blurred green foliage and branches.
../dataset/datasets/imb_cub_0.01/train/Scott_Oriole/1118.jpg	A bird stands on ground near circular object.
../dataset/datasets/imb_cub_0.01/train/Scott_Oriole/1117.jpg	The background is dry, earthy ground with scattered leaves and twigs.
../dataset/datasets/imb_cub_0.01/train/Ovenbird/1122.jpg	A bird perched on branch, green foliage behind.
../dataset/datasets/imb_cub_0.01/train/Ovenbird/1120.jpg	The background is blurred with green foliage.
../dataset/datasets/imb_cub_0.01/train/Ovenbird/1121.jpg	The background consists of dried leaves and twigs on the ground.
../dataset/datasets/imb_cub_0.01/train/Brown_Pelican/1124.jpg	Water.
../dataset/datasets/imb_cub_0.01/train/Brown_Pelican/1123.jpg	Dark, textured background.
../dataset/datasets/imb_cub_0.01/train/White_Pelican/1125.jpg	The background is water.
../dataset/datasets/imb_cub_0.01/train/White_Pelican/1126.jpg	Green water, tree branches.
../dataset/datasets/imb_cub_0.01/train/Western_Wood_Pewee/1128.jpg	Blurred greenery.
../dataset/datasets/imb_cub_0.01/train/Western_Wood_Pewee/1127.jpg	Blurred, natural setting.
../dataset/datasets/imb_cub_0.01/train/Sayornis/1129.jpg	Green, blurred, grassy.
../dataset/datasets/imb_cub_0.01/train/Sayornis/1130.jpg	Green, blurred background.
../dataset/datasets/imb_cub_0.01/train/American_Pipit/1132.jpg	Water and reeds.
../dataset/datasets/imb_cub_0.01/train/American_Pipit/1131.jpg	Muddy, reflective water.
../dataset/datasets/imb_cub_0.01/train/Whip_poor_Will/1133.jpg	The background is blurred green foliage.
../dataset/datasets/imb_cub_0.01/train/Whip_poor_Will/1134.jpg	Clear blue sky.
../dataset/datasets/imb_cub_0.01/train/Horned_Puffin/1135.jpg	Rocky, cave-like setting.
../dataset/datasets/imb_cub_0.01/train/Horned_Puffin/1136.jpg	The background is black.
../dataset/datasets/imb_cub_0.01/train/Common_Raven/1236.jpg	Green, blurred background.
../dataset/datasets/imb_cub_0.01/train/White_necked_Raven/1137.jpg	The background is blurred, dark, and out of focus.
../dataset/datasets/imb_cub_0.01/train/White_necked_Raven/1138.jpg	The background is blurred, showing earthy tones.
../dataset/datasets/imb_cub_0.01/train/American_Redstart/1139.jpg	Green leaves, blurred background.
../dataset/datasets/imb_cub_0.01/train/American_Redstart/1140.jpg	A bird perched on branches against a blue sky.
../dataset/datasets/imb_cub_0.01/train/Geococcyx/1141.jpg	Grassy, dry ground with sparse vegetation.
../dataset/datasets/imb_cub_0.01/train/Geococcyx/1142.jpg	Desert ground, rocks, sparse vegetation.
../dataset/datasets/imb_cub_0.01/train/Loggerhead_Shrike/1143.jpg	A bird perched on barbed wire with dry vegetation and clear sky.
../dataset/datasets/imb_cub_0.01/train/Loggerhead_Shrike/1144.jpg	bare branches, blurred background.
../dataset/datasets/imb_cub_0.01/train/Great_Grey_Shrike/1145.jpg	A bird perched on branch, blue sky and bare branches behind.
../dataset/datasets/imb_cub_0.01/train/Great_Grey_Shrike/1146.jpg	Clear blue sky.
../dataset/datasets/imb_cub_0.01/train/Baird_Sparrow/1147.jpg	The background is plain and light gray.
../dataset/datasets/imb_cub_0.01/train/Baird_Sparrow/1148.jpg	The background is blurred greenery.
../dataset/datasets/imb_cub_0.01/train/Black_throated_Sparrow/1150.jpg	The background is blurred, with warm tones.
../dataset/datasets/imb_cub_0.01/train/Black_throated_Sparrow/1149.jpg	The background is a clear blue sky.
../dataset/datasets/imb_cub_0.01/train/Brewer_Sparrow/1151.jpg	Green, blurred vegetation.
../dataset/datasets/imb_cub_0.01/train/Brewer_Sparrow/1152.jpg	The background is blurred, consisting of branches and twigs.
../dataset/datasets/imb_cub_0.01/train/Chipping_Sparrow/1154.jpg	Dry, blurred branches.
../dataset/datasets/imb_cub_0.01/train/Chipping_Sparrow/1153.jpg	bare branches, blurred background.
../dataset/datasets/imb_cub_0.01/train/Clay_colored_Sparrow/1156.jpg	A bird perched on green pine branches with blurred background.
../dataset/datasets/imb_cub_0.01/train/Clay_colored_Sparrow/1155.jpg	A bird perched on a branch against a pale sky.
../dataset/datasets/imb_cub_0.01/train/House_Sparrow/1158.jpg	The background is a clear blue sky.
../dataset/datasets/imb_cub_0.01/train/House_Sparrow/1157.jpg	A bird perched on branches with blurred greenery and sky.
../dataset/datasets/imb_cub_0.01/train/Field_Sparrow/1159.jpg	A bird perched on branch, blurred background.
../dataset/datasets/imb_cub_0.01/train/Fox_Sparrow/1160.jpg	A bird stands on snow-covered ground with rocks and patches of snow.
../dataset/datasets/imb_cub_0.01/train/Grasshopper_Sparrow/1161.jpg	Green, blurred background.
../dataset/datasets/imb_cub_0.01/train/Harris_Sparrow/1162.jpg	Dry, leafless branches and twigs.
../dataset/datasets/imb_cub_0.01/train/Henslow_Sparrow/1163.jpg	A bird perched on grass, green background.
../dataset/datasets/imb_cub_0.01/train/Le_Conte_Sparrow/1164.jpg	Dry grass and plants.
../dataset/datasets/imb_cub_0.01/train/Lincoln_Sparrow/1165.jpg	Grass, rocks, blurred.
../dataset/datasets/imb_cub_0.01/train/Nelson_Sharp_tailed_Sparrow/1237.jpg	A bird perched on thin branches, blurred background.
../dataset/datasets/imb_cub_0.01/train/Savannah_Sparrow/1166.jpg	Blurred, natural setting.
../dataset/datasets/imb_cub_0.01/train/Seaside_Sparrow/1167.jpg	A bird perched on grass against blue sky.
../dataset/datasets/imb_cub_0.01/train/Song_Sparrow/1168.jpg	The background is blurred greenery.
../dataset/datasets/imb_cub_0.01/train/Tree_Sparrow/1169.jpg	A bird perched on bare branches.
../dataset/datasets/imb_cub_0.01/train/Vesper_Sparrow/1170.jpg	Grass and dirt.
../dataset/datasets/imb_cub_0.01/train/White_crowned_Sparrow/1171.jpg	Grass and leaves.
../dataset/datasets/imb_cub_0.01/train/White_throated_Sparrow/1172.jpg	The background is blurred, brownish.
../dataset/datasets/imb_cub_0.01/train/Cape_Glossy_Starling/1173.jpg	The background is sandy and textured.
../dataset/datasets/imb_cub_0.01/train/Bank_Swallow/1238.jpg	Clear blue sky.
../dataset/datasets/imb_cub_0.01/train/Barn_Swallow/1174.jpg	The background is blurred green.
../dataset/datasets/imb_cub_0.01/train/Cliff_Swallow/1175.jpg	The background is blurred green.
../dataset/datasets/imb_cub_0.01/train/Tree_Swallow/1176.jpg	The background is blurred, with soft, muted colors.
../dataset/datasets/imb_cub_0.01/train/Scarlet_Tanager/1177.jpg	Green grass.
../dataset/datasets/imb_cub_0.01/train/Summer_Tanager/1178.jpg	The background is blurred with green foliage and tree branches.
../dataset/datasets/imb_cub_0.01/train/Artic_Tern/1239.jpg	Green, blurred grass.
../dataset/datasets/imb_cub_0.01/train/Black_Tern/1179.jpg	A bird against a clear sky.
../dataset/datasets/imb_cub_0.01/train/Caspian_Tern/1180.jpg	The background is blurred water.
../dataset/datasets/imb_cub_0.01/train/Common_Tern/1181.jpg	The background is a flat, light-colored surface, possibly sand or shallow water.
../dataset/datasets/imb_cub_0.01/train/Elegant_Tern/1182.jpg	The background is water.
../dataset/datasets/imb_cub_0.01/train/Forsters_Tern/1183.jpg	Clear blue sky.
../dataset/datasets/imb_cub_0.01/train/Least_Tern/1184.jpg	A bird on sandy ground.
../dataset/datasets/imb_cub_0.01/train/Green_tailed_Towhee/1185.jpg	The background consists of dried leaves and twigs on the ground.
../dataset/datasets/imb_cub_0.01/train/Brown_Thrasher/1186.jpg	A bird perched on branches with green foliage and sky.
../dataset/datasets/imb_cub_0.01/train/Sage_Thrasher/1187.jpg	Blurred, soft yellow tones.
../dataset/datasets/imb_cub_0.01/train/Black_capped_Vireo/1188.jpg	The background is blurred, suggesting a natural setting.
../dataset/datasets/imb_cub_0.01/train/Blue_headed_Vireo/1189.jpg	Blurred green foliage.
../dataset/datasets/imb_cub_0.01/train/Philadelphia_Vireo/1190.jpg	The background is green.
../dataset/datasets/imb_cub_0.01/train/Red_eyed_Vireo/1191.jpg	Green leaves and branches.
../dataset/datasets/imb_cub_0.01/train/Warbling_Vireo/1192.jpg	The background is blurred green foliage.
../dataset/datasets/imb_cub_0.01/train/White_eyed_Vireo/1193.jpg	Green, blurred foliage.
../dataset/datasets/imb_cub_0.01/train/Yellow_throated_Vireo/1194.jpg	Green leaves, blurred sky.
../dataset/datasets/imb_cub_0.01/train/Bay_breasted_Warbler/1195.jpg	A bird perched on green pine branches.
../dataset/datasets/imb_cub_0.01/train/Black_and_white_Warbler/1196.jpg	The background is blurred green foliage.
../dataset/datasets/imb_cub_0.01/train/Black_throated_Blue_Warbler/1197.jpg	Green, blurred leaves.
../dataset/datasets/imb_cub_0.01/train/Blue_winged_Warbler/1198.jpg	Green foliage.
../dataset/datasets/imb_cub_0.01/train/Canada_Warbler/1199.jpg	A bird perched on a branch with green foliage and tree trunk in the background.
../dataset/datasets/imb_cub_0.01/train/Cape_May_Warbler/1200.jpg	Green foliage with white flowers.
../dataset/datasets/imb_cub_0.01/train/Cerulean_Warbler/1201.jpg	Green and blurred.
../dataset/datasets/imb_cub_0.01/train/Chestnut_sided_Warbler/1202.jpg	A bird perched on branch, blue sky and green leaves.
../dataset/datasets/imb_cub_0.01/train/Golden_winged_Warbler/1203.jpg	Green foliage.
../dataset/datasets/imb_cub_0.01/train/Hooded_Warbler/1204.jpg	The background is plain and gray.
../dataset/datasets/imb_cub_0.01/train/Kentucky_Warbler/1205.jpg	A bird stands on wet ground with greenery and water.
../dataset/datasets/imb_cub_0.01/train/Magnolia_Warbler/1206.jpg	Green leaves, blurred background.
../dataset/datasets/imb_cub_0.01/train/Mourning_Warbler/1207.jpg	The background is blurred, with muted earth tones.
../dataset/datasets/imb_cub_0.01/train/Myrtle_Warbler/1208.jpg	A bird perched on branch, light background.
../dataset/datasets/imb_cub_0.01/train/Nashville_Warbler/1209.jpg	The background is blurred with green and brown tones, suggesting foliage and branches.
../dataset/datasets/imb_cub_0.01/train/Orange_crowned_Warbler/1210.jpg	The background is blurred, with muted greens and browns.
../dataset/datasets/imb_cub_0.01/train/Palm_Warbler/1211.jpg	Gravel, greenery, flowers.
../dataset/datasets/imb_cub_0.01/train/Pine_Warbler/1212.jpg	The background is blurred green.
../dataset/datasets/imb_cub_0.01/train/Prairie_Warbler/1213.jpg	The background is blurred with green foliage and brown leaves.
../dataset/datasets/imb_cub_0.01/train/Prothonotary_Warbler/1214.jpg	The background is dark with a red horizontal line.
../dataset/datasets/imb_cub_0.01/train/Swainson_Warbler/1215.jpg	The background is a mix of green foliage and brown branches.
../dataset/datasets/imb_cub_0.01/train/Tennessee_Warbler/1216.jpg	The background is blurred green foliage.
../dataset/datasets/imb_cub_0.01/train/Wilson_Warbler/1217.jpg	Green foliage, blurred background.
../dataset/datasets/imb_cub_0.01/train/Worm_eating_Warbler/1218.jpg	Green leaves and branches.
../dataset/datasets/imb_cub_0.01/train/Yellow_Warbler/1219.jpg	The background is blurred green foliage.
../dataset/datasets/imb_cub_0.01/train/Northern_Waterthrush/1220.jpg	Rocks, water.
../dataset/datasets/imb_cub_0.01/train/Louisiana_Waterthrush/1221.jpg	Rocky, mossy ground.
../dataset/datasets/imb_cub_0.01/train/Bohemian_Waxwing/1222.jpg	A bird perched on branch against blue sky.
../dataset/datasets/imb_cub_0.01/train/Cedar_Waxwing/1223.jpg	The background is blurred green foliage.
../dataset/datasets/imb_cub_0.01/train/American_Three_toed_Woodpecker/1224.jpg	A bird perched on tree bark with hanging moss.
../dataset/datasets/imb_cub_0.01/train/Pileated_Woodpecker/1225.jpg	Green, blurred background.
../dataset/datasets/imb_cub_0.01/train/Red_bellied_Woodpecker/1226.jpg	Grass and feeder.
../dataset/datasets/imb_cub_0.01/train/Red_cockaded_Woodpecker/1240.jpg	A bird perched on tree trunk, blurred background.
../dataset/datasets/imb_cub_0.01/train/Red_headed_Woodpecker/1227.jpg	A bird perched on tree branches with green leaves and blue sky.
../dataset/datasets/imb_cub_0.01/train/Downy_Woodpecker/1228.jpg	The background is blurred and gray.
../dataset/datasets/imb_cub_0.01/train/Bewick_Wren/1229.jpg	The background is blurred, showing a building and sky.
../dataset/datasets/imb_cub_0.01/train/Cactus_Wren/1230.jpg	A bird perched on a branch with blurred trees and sky.
../dataset/datasets/imb_cub_0.01/train/Carolina_Wren/1231.jpg	A bird perched on tree branch with green leaves and blurred background.
../dataset/datasets/imb_cub_0.01/train/House_Wren/1241.jpg	Green leaves and stems.
../dataset/datasets/imb_cub_0.01/train/Marsh_Wren/1232.jpg	The background is a blurred, soft blue-gray.
../dataset/datasets/imb_cub_0.01/train/Rock_Wren/1233.jpg	Rusty rock wall.
../dataset/datasets/imb_cub_0.01/train/Winter_Wren/1234.jpg	A bird on a rock with green background.
../dataset/datasets/imb_cub_0.01/train/Common_Yellowthroat/1235.jpg	The background is blurred green foliage.