image	response
../dataset/datasets/imb_cub_0.01/train/Black_footed_Albatross/5.jpg	A bird soars gracefully over the ocean waves.
../dataset/datasets/imb_cub_0.01/train/Black_footed_Albatross/7.jpg	A bird is floating on water with its wings slightly spread.
../dataset/datasets/imb_cub_0.01/train/Black_footed_Albatross/17.jpg	A bird soars with wings spread wide, gliding over water.
../dataset/datasets/imb_cub_0.01/train/Black_footed_Albatross/10.jpg	A bird floats calmly on water, head slightly tilted.
../dataset/datasets/imb_cub_0.01/train/Black_footed_Albatross/18.jpg	A bird is flying with wings spread, facing right.
../dataset/datasets/imb_cub_0.01/train/Black_footed_Albatross/26.jpg	A bird floats calmly on water.
../dataset/datasets/imb_cub_0.01/train/Black_footed_Albatross/15.jpg	A bird floats calmly on water, wings slightly spread.
../dataset/datasets/imb_cub_0.01/train/Black_footed_Albatross/22.jpg	A bird is floating on water, head slightly tilted.
../dataset/datasets/imb_cub_0.01/train/Black_footed_Albatross/12.jpg	A bird soars with outstretched wings.
../dataset/datasets/imb_cub_0.01/train/Black_footed_Albatross/13.jpg	A bird soars with wings spread wide over water.
../dataset/datasets/imb_cub_0.01/train/Black_footed_Albatross/27.jpg	A bird floats calmly on water.
../dataset/datasets/imb_cub_0.01/train/Black_footed_Albatross/2.jpg	A bird soars with wings spread wide, head slightly tilted downward.
../dataset/datasets/imb_cub_0.01/train/Black_footed_Albatross/8.jpg	A bird floats calmly on water.
../dataset/datasets/imb_cub_0.01/train/Black_footed_Albatross/0.jpg	A bird is gliding over water with wings spread wide.
../dataset/datasets/imb_cub_0.01/train/Black_footed_Albatross/4.jpg	A bird soars with wings fully extended.
../dataset/datasets/imb_cub_0.01/train/Black_footed_Albatross/3.jpg	A bird is gliding over water with wings spread.
../dataset/datasets/imb_cub_0.01/train/Black_footed_Albatross/28.jpg	A bird floats calmly on water.
../dataset/datasets/imb_cub_0.01/train/Black_footed_Albatross/16.jpg	A bird soars with wings spread wide over water.
../dataset/datasets/imb_cub_0.01/train/Black_footed_Albatross/25.jpg	A bird soars with wings fully extended.
../dataset/datasets/imb_cub_0.01/train/Black_footed_Albatross/9.jpg	A bird soars with wings spread wide, gliding over water.
../dataset/datasets/imb_cub_0.01/train/Black_footed_Albatross/6.jpg	A bird is diving into water with head submerged.
../dataset/datasets/imb_cub_0.01/train/Black_footed_Albatross/14.jpg	A bird soars with wings spread, legs trailing.
../dataset/datasets/imb_cub_0.01/train/Black_footed_Albatross/24.jpg	A bird is swimming with its head above water, wings slightly raised.
../dataset/datasets/imb_cub_0.01/train/Black_footed_Albatross/11.jpg	A bird is floating on water, wings slightly spread.
../dataset/datasets/imb_cub_0.01/train/Black_footed_Albatross/19.jpg	A bird is in flight, wings spread wide.
../dataset/datasets/imb_cub_0.01/train/Black_footed_Albatross/21.jpg	A bird soars gracefully over the ocean.
../dataset/datasets/imb_cub_0.01/train/Black_footed_Albatross/1.jpg	A bird soars gracefully over the ocean.
../dataset/datasets/imb_cub_0.01/train/Black_footed_Albatross/23.jpg	A bird stands still, gazing forward.
../dataset/datasets/imb_cub_0.01/train/Black_footed_Albatross/20.jpg	A bird soars gracefully with wings spread wide.
../dataset/datasets/imb_cub_0.01/train/Laysan_Albatross/51.jpg	A bird stands alert, head slightly tilted.
../dataset/datasets/imb_cub_0.01/train/Laysan_Albatross/40.jpg	A bird is swimming with its head turned slightly to the side.
../dataset/datasets/imb_cub_0.01/train/Laysan_Albatross/31.jpg	A bird soars with wings spread wide.
../dataset/datasets/imb_cub_0.01/train/Laysan_Albatross/41.jpg	A bird soars with wings spread wide.
../dataset/datasets/imb_cub_0.01/train/Laysan_Albatross/55.jpg	A bird spreads its wings wide, balancing on water.
../dataset/datasets/imb_cub_0.01/train/Laysan_Albatross/53.jpg	A bird soars with wings spread wide.
../dataset/datasets/imb_cub_0.01/train/Laysan_Albatross/54.jpg	A bird stands upright on a tray.
../dataset/datasets/imb_cub_0.01/train/Laysan_Albatross/52.jpg	A bird soars gracefully over the ocean.
../dataset/datasets/imb_cub_0.01/train/Laysan_Albatross/33.jpg	A bird stands with head slightly tilted, wings folded.
../dataset/datasets/imb_cub_0.01/train/Laysan_Albatross/32.jpg	A bird soars with wings spread wide.
../dataset/datasets/imb_cub_0.01/train/Laysan_Albatross/35.jpg	A bird stands still, head slightly tilted.
../dataset/datasets/imb_cub_0.01/train/Laysan_Albatross/36.jpg	A bird soars with wings spread wide, gliding over water.
../dataset/datasets/imb_cub_0.01/train/Laysan_Albatross/30.jpg	A bird is lying down with its wings slightly spread.
../dataset/datasets/imb_cub_0.01/train/Laysan_Albatross/29.jpg	A bird soars with wings spread wide.
../dataset/datasets/imb_cub_0.01/train/Laysan_Albatross/39.jpg	A bird soars with wings spread wide.
../dataset/datasets/imb_cub_0.01/train/Laysan_Albatross/48.jpg	A bird is sitting on the ground.
../dataset/datasets/imb_cub_0.01/train/Laysan_Albatross/34.jpg	A bird floats calmly on water.
../dataset/datasets/imb_cub_0.01/train/Laysan_Albatross/57.jpg	A bird soars with wings spread wide.
../dataset/datasets/imb_cub_0.01/train/Laysan_Albatross/49.jpg	A bird soars gracefully.
../dataset/datasets/imb_cub_0.01/train/Laysan_Albatross/42.jpg	A bird stands upright with legs spread apart.
../dataset/datasets/imb_cub_0.01/train/Laysan_Albatross/47.jpg	A bird soars with wings spread wide.
../dataset/datasets/imb_cub_0.01/train/Laysan_Albatross/46.jpg	A bird stands still, facing forward.
../dataset/datasets/imb_cub_0.01/train/Laysan_Albatross/45.jpg	A bird soars with wings spread wide.
../dataset/datasets/imb_cub_0.01/train/Laysan_Albatross/43.jpg	A bird stands upright on grass, head slightly tilted forward.
../dataset/datasets/imb_cub_0.01/train/Laysan_Albatross/37.jpg	A bird soars with wings fully extended.
../dataset/datasets/imb_cub_0.01/train/Laysan_Albatross/44.jpg	A bird soars with wings spread wide.
../dataset/datasets/imb_cub_0.01/train/Laysan_Albatross/50.jpg	A bird is diving into water with wings spread, holding fish in its beak.
../dataset/datasets/imb_cub_0.01/train/Laysan_Albatross/38.jpg	A bird is resting on the ground.
../dataset/datasets/imb_cub_0.01/train/Laysan_Albatross/56.jpg	A bird is lying down with its head turned to the side.
../dataset/datasets/imb_cub_0.01/train/Sooty_Albatross/61.jpg	A bird soars gracefully over the ocean.
../dataset/datasets/imb_cub_0.01/train/Sooty_Albatross/70.jpg	A bird soars gracefully over water.
../dataset/datasets/imb_cub_0.01/train/Sooty_Albatross/84.jpg	A bird soars with wings spread wide.
../dataset/datasets/imb_cub_0.01/train/Sooty_Albatross/66.jpg	A bird soars with wings spread wide.
../dataset/datasets/imb_cub_0.01/train/Sooty_Albatross/78.jpg	A bird floats calmly on water, wings slightly spread.
../dataset/datasets/imb_cub_0.01/train/Sooty_Albatross/82.jpg	A bird stands perched on grass, facing left.
../dataset/datasets/imb_cub_0.01/train/Sooty_Albatross/83.jpg	A bird soars with wings fully extended.
../dataset/datasets/imb_cub_0.01/train/Sooty_Albatross/85.jpg	A bird soars with wings spread wide, facing left.
../dataset/datasets/imb_cub_0.01/train/Sooty_Albatross/69.jpg	A bird soars gracefully over the water.
../dataset/datasets/imb_cub_0.01/train/Sooty_Albatross/72.jpg	A bird soars with wings spread wide.
../dataset/datasets/imb_cub_0.01/train/Sooty_Albatross/59.jpg	A bird sits upright on nest.
../dataset/datasets/imb_cub_0.01/train/Sooty_Albatross/68.jpg	A bird is being held gently, facing forward.
../dataset/datasets/imb_cub_0.01/train/Sooty_Albatross/60.jpg	A bird stands on grassy cliff edge, head turned slightly.
../dataset/datasets/imb_cub_0.01/train/Sooty_Albatross/67.jpg	A bird stands still, head slightly tilted.
../dataset/datasets/imb_cub_0.01/train/Sooty_Albatross/71.jpg	A bird soars with wings spread wide.
../dataset/datasets/imb_cub_0.01/train/Sooty_Albatross/77.jpg	A bird soars gracefully above the ocean waves.
../dataset/datasets/imb_cub_0.01/train/Sooty_Albatross/62.jpg	A bird stands with head slightly tilted, legs straight.
../dataset/datasets/imb_cub_0.01/train/Sooty_Albatross/81.jpg	A bird stands on grass, head turned slightly.
../dataset/datasets/imb_cub_0.01/train/Sooty_Albatross/58.jpg	A bird soars with wings fully extended.
../dataset/datasets/imb_cub_0.01/train/Sooty_Albatross/65.jpg	A bird stands with head raised, wings slightly spread.
../dataset/datasets/imb_cub_0.01/train/Sooty_Albatross/80.jpg	A bird soars with outstretched wings.
../dataset/datasets/imb_cub_0.01/train/Sooty_Albatross/76.jpg	A bird soars with wings spread wide.
../dataset/datasets/imb_cub_0.01/train/Sooty_Albatross/75.jpg	A bird perches on nest, wings slightly spread.
../dataset/datasets/imb_cub_0.01/train/Sooty_Albatross/63.jpg	A bird soars with wings spread wide.
../dataset/datasets/imb_cub_0.01/train/Sooty_Albatross/73.jpg	A bird soars with wings spread, head turned.
../dataset/datasets/imb_cub_0.01/train/Sooty_Albatross/74.jpg	A bird soars gracefully over the ocean.
../dataset/datasets/imb_cub_0.01/train/Sooty_Albatross/64.jpg	A bird soars gracefully with wings spread wide.
../dataset/datasets/imb_cub_0.01/train/Sooty_Albatross/79.jpg	A bird soars with wings spread wide.
../dataset/datasets/imb_cub_0.01/train/Groove_billed_Ani/102.jpg	A bird perched on branch, head slightly tilted.
../dataset/datasets/imb_cub_0.01/train/Groove_billed_Ani/97.jpg	A bird perches on branch, head slightly lowered.
../dataset/datasets/imb_cub_0.01/train/Groove_billed_Ani/99.jpg	A bird perches on railing, head slightly tilted.
../dataset/datasets/imb_cub_0.01/train/Groove_billed_Ani/96.jpg	A bird perches on branch, head turned.
../dataset/datasets/imb_cub_0.01/train/Groove_billed_Ani/110.jpg	A bird stands on ground, head slightly tilted.
../dataset/datasets/imb_cub_0.01/train/Groove_billed_Ani/98.jpg	A bird perches on branches, head slightly tilted.
../dataset/datasets/imb_cub_0.01/train/Groove_billed_Ani/108.jpg	A bird stands on grass, head slightly tilted.
../dataset/datasets/imb_cub_0.01/train/Groove_billed_Ani/87.jpg	A bird perches on barbed wire, facing right.
../dataset/datasets/imb_cub_0.01/train/Groove_billed_Ani/103.jpg	A bird perches on branch, head slightly tilted.
../dataset/datasets/imb_cub_0.01/train/Groove_billed_Ani/106.jpg	A bird perches on a wooden post, facing left.
../dataset/datasets/imb_cub_0.01/train/Groove_billed_Ani/101.jpg	A bird perches on a branch, wings slightly spread.
../dataset/datasets/imb_cub_0.01/train/Groove_billed_Ani/88.jpg	A bird perches on branch, head turned slightly.
../dataset/datasets/imb_cub_0.01/train/Groove_billed_Ani/107.jpg	A bird perched on branch, facing left.
../dataset/datasets/imb_cub_0.01/train/Groove_billed_Ani/105.jpg	A bird perches on branch, head slightly tilted.
../dataset/datasets/imb_cub_0.01/train/Groove_billed_Ani/95.jpg	A bird perched, head turned.
../dataset/datasets/imb_cub_0.01/train/Groove_billed_Ani/104.jpg	A bird perches on a branch, head slightly tilted.
../dataset/datasets/imb_cub_0.01/train/Groove_billed_Ani/90.jpg	A bird perches on rock, tail extended.
../dataset/datasets/imb_cub_0.01/train/Groove_billed_Ani/91.jpg	A bird perches on branch, head turned.
../dataset/datasets/imb_cub_0.01/train/Groove_billed_Ani/112.jpg	A bird perches on branches, head slightly tilted.
../dataset/datasets/imb_cub_0.01/train/Groove_billed_Ani/93.jpg	A bird stands on dry grass, head slightly tilted.
../dataset/datasets/imb_cub_0.01/train/Groove_billed_Ani/92.jpg	A bird perches on branch, head slightly tilted.
../dataset/datasets/imb_cub_0.01/train/Groove_billed_Ani/94.jpg	A bird perches on a branch, facing left.
../dataset/datasets/imb_cub_0.01/train/Groove_billed_Ani/109.jpg	A bird perches on branch, head slightly tilted.
../dataset/datasets/imb_cub_0.01/train/Groove_billed_Ani/100.jpg	A bird perches on branch, head slightly tilted.
../dataset/datasets/imb_cub_0.01/train/Groove_billed_Ani/111.jpg	A bird perches on branch, head slightly tilted.
../dataset/datasets/imb_cub_0.01/train/Groove_billed_Ani/86.jpg	A bird perches on branch, head slightly tilted.
../dataset/datasets/imb_cub_0.01/train/Groove_billed_Ani/89.jpg	A bird perches on barbed wire.
../dataset/datasets/imb_cub_0.01/train/Crested_Auklet/134.jpg	A bird stands perched on a rock, facing right.
../dataset/datasets/imb_cub_0.01/train/Crested_Auklet/127.jpg	A bird stands with head slightly tilted, beak open.
../dataset/datasets/imb_cub_0.01/train/Crested_Auklet/132.jpg	A bird spreads its wings while perched on rocks.
../dataset/datasets/imb_cub_0.01/train/Crested_Auklet/130.jpg	a bird perched on rock, head turned.
../dataset/datasets/imb_cub_0.01/train/Crested_Auklet/139.jpg	A bird perches on rock, head tilted upward.
../dataset/datasets/imb_cub_0.01/train/Crested_Auklet/116.jpg	A bird perched, head tilted, beak open.
../dataset/datasets/imb_cub_0.01/train/Crested_Auklet/125.jpg	A bird is flying with wings spread.
../dataset/datasets/imb_cub_0.01/train/Crested_Auklet/121.jpg	A bird perches on rock, head tilted upward.
../dataset/datasets/imb_cub_0.01/train/Crested_Auklet/118.jpg	A bird stands with head tilted back, wings slightly spread.
../dataset/datasets/imb_cub_0.01/train/Crested_Auklet/133.jpg	A bird floats calmly on water, head slightly tilted.
../dataset/datasets/imb_cub_0.01/train/Crested_Auklet/122.jpg	A bird perched, head slightly tilted.
../dataset/datasets/imb_cub_0.01/train/Crested_Auklet/119.jpg	A bird perches on rock, head tilted upward.
../dataset/datasets/imb_cub_0.01/train/Crested_Auklet/124.jpg	A bird perches on rock, head slightly tilted.
../dataset/datasets/imb_cub_0.01/train/Crested_Auklet/135.jpg	a bird perched, head raised.
../dataset/datasets/imb_cub_0.01/train/Crested_Auklet/136.jpg	A bird stands upright, head slightly tilted.
../dataset/datasets/imb_cub_0.01/train/Crested_Auklet/114.jpg	A bird stands upright, head slightly tilted.
../dataset/datasets/imb_cub_0.01/train/Crested_Auklet/117.jpg	A bird perches on rock, head slightly tilted.
../dataset/datasets/imb_cub_0.01/train/Crested_Auklet/115.jpg	A bird perches on rock, head slightly tilted.
../dataset/datasets/imb_cub_0.01/train/Crested_Auklet/123.jpg	A bird stands upright, head slightly tilted.
../dataset/datasets/imb_cub_0.01/train/Crested_Auklet/120.jpg	A bird perches on rock, head slightly tilted.
../dataset/datasets/imb_cub_0.01/train/Crested_Auklet/129.jpg	A bird perched, head tilted upward.
../dataset/datasets/imb_cub_0.01/train/Crested_Auklet/131.jpg	A bird stands upright, head slightly tilted.
../dataset/datasets/imb_cub_0.01/train/Crested_Auklet/128.jpg	A bird perched on rock, facing right.
../dataset/datasets/imb_cub_0.01/train/Crested_Auklet/138.jpg	A bird perches on rock, head slightly tilted.
../dataset/datasets/imb_cub_0.01/train/Crested_Auklet/137.jpg	A bird perches upright on rock, head slightly tilted.
../dataset/datasets/imb_cub_0.01/train/Crested_Auklet/126.jpg	A bird perched on hand, head tilted.
../dataset/datasets/imb_cub_0.01/train/Crested_Auklet/113.jpg	A bird stands on a rock, head slightly tilted.
../dataset/datasets/imb_cub_0.01/train/Least_Auklet/147.jpg	A bird perched on rock, mouth open.
../dataset/datasets/imb_cub_0.01/train/Least_Auklet/163.jpg	A bird stands with head turned slightly, beak open.
../dataset/datasets/imb_cub_0.01/train/Least_Auklet/148.jpg	A bird perched on rock, head slightly tilted.
../dataset/datasets/imb_cub_0.01/train/Least_Auklet/145.jpg	A bird stands upright, head slightly tilted.
../dataset/datasets/imb_cub_0.01/train/Least_Auklet/161.jpg	a bird perched on rock, head tilted.
../dataset/datasets/imb_cub_0.01/train/Least_Auklet/154.jpg	A bird perched on rock, head slightly tilted.
../dataset/datasets/imb_cub_0.01/train/Least_Auklet/146.jpg	A bird is in flight, wings spread.
../dataset/datasets/imb_cub_0.01/train/Least_Auklet/160.jpg	A bird perches on rock, head tilted slightly.
../dataset/datasets/imb_cub_0.01/train/Least_Auklet/152.jpg	A bird stands on rocks, head slightly tilted.
../dataset/datasets/imb_cub_0.01/train/Least_Auklet/151.jpg	A bird with head tilted, beak open.
../dataset/datasets/imb_cub_0.01/train/Least_Auklet/143.jpg	A bird perches on rock, head tilted upward.
../dataset/datasets/imb_cub_0.01/train/Least_Auklet/156.jpg	A bird perches on rock, head slightly tilted.
../dataset/datasets/imb_cub_0.01/train/Least_Auklet/141.jpg	a bird perched on rock, head slightly tilted.
../dataset/datasets/imb_cub_0.01/train/Least_Auklet/144.jpg	A bird stands perched on a rock, facing right.
../dataset/datasets/imb_cub_0.01/train/Least_Auklet/149.jpg	A bird perches on rock, head slightly tilted.
../dataset/datasets/imb_cub_0.01/train/Least_Auklet/150.jpg	A bird stands on one leg, beak open.
../dataset/datasets/imb_cub_0.01/train/Least_Auklet/140.jpg	A bird stands on a rock, facing left.
../dataset/datasets/imb_cub_0.01/train/Least_Auklet/162.jpg	A bird perches on rock, head tilted slightly.
../dataset/datasets/imb_cub_0.01/train/Least_Auklet/158.jpg	A bird perches on rock, head slightly tilted.
../dataset/datasets/imb_cub_0.01/train/Least_Auklet/159.jpg	A bird stands on a rock, head slightly tilted.
../dataset/datasets/imb_cub_0.01/train/Least_Auklet/165.jpg	A bird perches on rock, head slightly tilted.
../dataset/datasets/imb_cub_0.01/train/Least_Auklet/164.jpg	A bird perched on rock, head slightly tilted.
../dataset/datasets/imb_cub_0.01/train/Least_Auklet/153.jpg	A bird perched on rock, head tilted upward.
../dataset/datasets/imb_cub_0.01/train/Least_Auklet/155.jpg	The bird stands upright on a rock, facing slightly to the right.
../dataset/datasets/imb_cub_0.01/train/Least_Auklet/142.jpg	A bird stands on a rock, head slightly tilted.
../dataset/datasets/imb_cub_0.01/train/Least_Auklet/157.jpg	A bird perches on rock, head tilted back.
../dataset/datasets/imb_cub_0.01/train/Parakeet_Auklet/185.jpg	A bird perched on rock, beak open.
../dataset/datasets/imb_cub_0.01/train/Parakeet_Auklet/168.jpg	A bird stands on rocks, head slightly tilted.
../dataset/datasets/imb_cub_0.01/train/Parakeet_Auklet/172.jpg	A bird stands upright on a rocky perch.
../dataset/datasets/imb_cub_0.01/train/Parakeet_Auklet/166.jpg	A bird stands upright on a rock.
../dataset/datasets/imb_cub_0.01/train/Parakeet_Auklet/170.jpg	A bird stands with open beak, head tilted back.
../dataset/datasets/imb_cub_0.01/train/Parakeet_Auklet/167.jpg	A bird perches on rock, head slightly tilted.
../dataset/datasets/imb_cub_0.01/train/Parakeet_Auklet/181.jpg	A bird perches on rock, head slightly tilted.
../dataset/datasets/imb_cub_0.01/train/Parakeet_Auklet/175.jpg	A bird perches on rock, head tilted upward.
../dataset/datasets/imb_cub_0.01/train/Parakeet_Auklet/188.jpg	A bird perches on rock, head slightly tilted.
../dataset/datasets/imb_cub_0.01/train/Parakeet_Auklet/187.jpg	a bird perched on rock, head slightly tilted.
../dataset/datasets/imb_cub_0.01/train/Parakeet_Auklet/174.jpg	A bird stands on rocks, head slightly tilted, beak open.
../dataset/datasets/imb_cub_0.01/train/Parakeet_Auklet/171.jpg	A bird perches on rock, head slightly tilted.
../dataset/datasets/imb_cub_0.01/train/Parakeet_Auklet/176.jpg	A bird perches on rock, head slightly tilted.
../dataset/datasets/imb_cub_0.01/train/Parakeet_Auklet/184.jpg	A bird perched, beak open.
../dataset/datasets/imb_cub_0.01/train/Parakeet_Auklet/179.jpg	A bird perched on rock, facing left.
../dataset/datasets/imb_cub_0.01/train/Parakeet_Auklet/182.jpg	A bird stands upright on a rock.
../dataset/datasets/imb_cub_0.01/train/Parakeet_Auklet/191.jpg	A bird perches on rocks, head turned slightly.
../dataset/datasets/imb_cub_0.01/train/Parakeet_Auklet/169.jpg	A bird is perched on a rock, wings slightly spread.
../dataset/datasets/imb_cub_0.01/train/Parakeet_Auklet/173.jpg	A bird stands on rocks, head slightly tilted.
../dataset/datasets/imb_cub_0.01/train/Parakeet_Auklet/177.jpg	A bird perches on rock, head slightly tilted.
../dataset/datasets/imb_cub_0.01/train/Parakeet_Auklet/189.jpg	A bird perched, head tilted upward.
../dataset/datasets/imb_cub_0.01/train/Parakeet_Auklet/186.jpg	A bird stands on a rock, head tilted back.
../dataset/datasets/imb_cub_0.01/train/Parakeet_Auklet/180.jpg	A bird stands on rock, head tilted upward.
../dataset/datasets/imb_cub_0.01/train/Parakeet_Auklet/183.jpg	A bird stands upright, head slightly tilted.
../dataset/datasets/imb_cub_0.01/train/Parakeet_Auklet/178.jpg	A bird perches on rock, beak open.
../dataset/datasets/imb_cub_0.01/train/Parakeet_Auklet/190.jpg	A bird stands on a rock, slightly hunched.
../dataset/datasets/imb_cub_0.01/train/Rhinoceros_Auklet/205.jpg	A bird is floating on water, head slightly tilted.
../dataset/datasets/imb_cub_0.01/train/Rhinoceros_Auklet/214.jpg	A bird spreads its wings while floating on water.
../dataset/datasets/imb_cub_0.01/train/Rhinoceros_Auklet/209.jpg	A bird floats calmly on water, head slightly tilted.
../dataset/datasets/imb_cub_0.01/train/Rhinoceros_Auklet/200.jpg	A bird is flying with wings spread.
../dataset/datasets/imb_cub_0.01/train/Rhinoceros_Auklet/206.jpg	A bird is floating on water, head slightly tilted.
../dataset/datasets/imb_cub_0.01/train/Rhinoceros_Auklet/210.jpg	A bird is looking straight ahead.
../dataset/datasets/imb_cub_0.01/train/Rhinoceros_Auklet/213.jpg	A bird is lying on its back with its legs spread out and beak open.
../dataset/datasets/imb_cub_0.01/train/Rhinoceros_Auklet/202.jpg	A bird lies on its back, seemingly distressed.
../dataset/datasets/imb_cub_0.01/train/Rhinoceros_Auklet/192.jpg	A bird is floating on water, head slightly tilted.
../dataset/datasets/imb_cub_0.01/train/Rhinoceros_Auklet/194.jpg	A bird with open beak, head tilted back.
../dataset/datasets/imb_cub_0.01/train/Rhinoceros_Auklet/208.jpg	A bird is standing on a rock, facing right.
../dataset/datasets/imb_cub_0.01/train/Rhinoceros_Auklet/212.jpg	A bird stands still, head slightly tilted.
../dataset/datasets/imb_cub_0.01/train/Rhinoceros_Auklet/199.jpg	A bird is swimming with its head above water, facing right.
../dataset/datasets/imb_cub_0.01/train/Rhinoceros_Auklet/215.jpg	A bird is mid-flight, wings spread, water droplets around it.
../dataset/datasets/imb_cub_0.01/train/Rhinoceros_Auklet/201.jpg	A bird is resting on water, head slightly tilted.
../dataset/datasets/imb_cub_0.01/train/Rhinoceros_Auklet/196.jpg	A bird swimming, wings slightly raised.
../dataset/datasets/imb_cub_0.01/train/Rhinoceros_Auklet/211.jpg	A bird floats calmly on water, head slightly tilted.
../dataset/datasets/imb_cub_0.01/train/Rhinoceros_Auklet/204.jpg	A bird stands on one leg, head slightly tilted.
../dataset/datasets/imb_cub_0.01/train/Rhinoceros_Auklet/193.jpg	A bird stands on rocks, wings slightly spread.
../dataset/datasets/imb_cub_0.01/train/Rhinoceros_Auklet/207.jpg	A bird is swimming with its wings slightly spread.
../dataset/datasets/imb_cub_0.01/train/Rhinoceros_Auklet/197.jpg	A bird swimming, head slightly raised.
../dataset/datasets/imb_cub_0.01/train/Rhinoceros_Auklet/203.jpg	A bird floats calmly on water.
../dataset/datasets/imb_cub_0.01/train/Rhinoceros_Auklet/216.jpg	A bird is flying with fish in its beak.
../dataset/datasets/imb_cub_0.01/train/Rhinoceros_Auklet/198.jpg	A bird with open beak, holding fish.
../dataset/datasets/imb_cub_0.01/train/Rhinoceros_Auklet/195.jpg	A bird stands on one leg, head tilted back.
../dataset/datasets/imb_cub_0.01/train/Brewer_Blackbird/234.jpg	A bird perches on branch, head slightly tilted.
../dataset/datasets/imb_cub_0.01/train/Brewer_Blackbird/240.jpg	A bird perched, head slightly turned.
../dataset/datasets/imb_cub_0.01/train/Brewer_Blackbird/224.jpg	A bird perched among leaves, head slightly tilted.
../dataset/datasets/imb_cub_0.01/train/Brewer_Blackbird/227.jpg	A bird stands on one leg, head slightly tilted.
../dataset/datasets/imb_cub_0.01/train/Brewer_Blackbird/219.jpg	A bird stands on grass, head slightly tilted.
../dataset/datasets/imb_cub_0.01/train/Brewer_Blackbird/221.jpg	A bird is perched on a rock, facing left.
../dataset/datasets/imb_cub_0.01/train/Brewer_Blackbird/235.jpg	A bird is flying with a plant in its beak.
../dataset/datasets/imb_cub_0.01/train/Brewer_Blackbird/236.jpg	A bird stands on rocks, slightly crouched.
../dataset/datasets/imb_cub_0.01/train/Brewer_Blackbird/238.jpg	A bird stands upright on a log.
../dataset/datasets/imb_cub_0.01/train/Brewer_Blackbird/225.jpg	A bird perches on branch, head slightly tilted.
../dataset/datasets/imb_cub_0.01/train/Brewer_Blackbird/233.jpg	A bird stands on grass, head slightly tilted.
../dataset/datasets/imb_cub_0.01/train/Brewer_Blackbird/222.jpg	A bird perches on branch, head turned slightly.
../dataset/datasets/imb_cub_0.01/train/Brewer_Blackbird/230.jpg	A bird perches on branch, tail extended.
../dataset/datasets/imb_cub_0.01/train/Brewer_Blackbird/237.jpg	A bird perches on wood, head slightly tilted.
../dataset/datasets/imb_cub_0.01/train/Brewer_Blackbird/220.jpg	A bird stands perched on a rock, facing right.
../dataset/datasets/imb_cub_0.01/train/Brewer_Blackbird/231.jpg	A bird stands on one leg, head slightly tilted.
../dataset/datasets/imb_cub_0.01/train/Brewer_Blackbird/223.jpg	A bird perched on branch, head turned slightly.
../dataset/datasets/imb_cub_0.01/train/Brewer_Blackbird/217.jpg	A bird perches on rock, head slightly tilted.
../dataset/datasets/imb_cub_0.01/train/Brewer_Blackbird/229.jpg	a bird perched, head turned.
../dataset/datasets/imb_cub_0.01/train/Brewer_Blackbird/218.jpg	A bird stands on rocks, facing left.
../dataset/datasets/imb_cub_0.01/train/Brewer_Blackbird/226.jpg	A bird perched on wood, head turned.
../dataset/datasets/imb_cub_0.01/train/Brewer_Blackbird/232.jpg	A bird stands on sandy ground, head slightly tilted.
../dataset/datasets/imb_cub_0.01/train/Brewer_Blackbird/228.jpg	A bird perches on a tree stump, head slightly tilted.
../dataset/datasets/imb_cub_0.01/train/Brewer_Blackbird/239.jpg	A bird perched, wings slightly spread, head turned.
../dataset/datasets/imb_cub_0.01/train/Red_winged_Blackbird/251.jpg	A bird perches on a chain, facing right.
../dataset/datasets/imb_cub_0.01/train/Red_winged_Blackbird/262.jpg	A bird perched on thorny branch, facing left.
../dataset/datasets/imb_cub_0.01/train/Red_winged_Blackbird/264.jpg	A bird perches on branch, head slightly tilted.
../dataset/datasets/imb_cub_0.01/train/Red_winged_Blackbird/248.jpg	A bird perches on plant, head slightly turned.
../dataset/datasets/imb_cub_0.01/train/Red_winged_Blackbird/245.jpg	A bird perches on branch, head slightly tilted.
../dataset/datasets/imb_cub_0.01/train/Red_winged_Blackbird/242.jpg	A bird stands on snowy ground, head slightly turned.
../dataset/datasets/imb_cub_0.01/train/Red_winged_Blackbird/241.jpg	A bird perched on post, facing right.
../dataset/datasets/imb_cub_0.01/train/Red_winged_Blackbird/253.jpg	A bird perches on branch, head slightly tilted.
../dataset/datasets/imb_cub_0.01/train/Red_winged_Blackbird/260.jpg	A bird perched on branch, facing left.
../dataset/datasets/imb_cub_0.01/train/Red_winged_Blackbird/258.jpg	A bird perches on reed, head slightly turned.
../dataset/datasets/imb_cub_0.01/train/Red_winged_Blackbird/263.jpg	A bird perches on wood, head raised.
../dataset/datasets/imb_cub_0.01/train/Red_winged_Blackbird/250.jpg	A bird perches on cattail, head slightly tilted.
../dataset/datasets/imb_cub_0.01/train/Red_winged_Blackbird/244.jpg	A bird perches on edge, head slightly tilted.
../dataset/datasets/imb_cub_0.01/train/Red_winged_Blackbird/247.jpg	A bird perched on branch, facing left.
../dataset/datasets/imb_cub_0.01/train/Red_winged_Blackbird/255.jpg	A bird perched on branch, facing left.
../dataset/datasets/imb_cub_0.01/train/Red_winged_Blackbird/243.jpg	A bird perches on wood, head slightly turned.
../dataset/datasets/imb_cub_0.01/train/Red_winged_Blackbird/246.jpg	A bird perches on branch, head turned right.
../dataset/datasets/imb_cub_0.01/train/Red_winged_Blackbird/256.jpg	A bird perches on a stick, head slightly tilted upward.
../dataset/datasets/imb_cub_0.01/train/Red_winged_Blackbird/261.jpg	A bird perches on reeds, head raised.
../dataset/datasets/imb_cub_0.01/train/Red_winged_Blackbird/257.jpg	A bird perched on branch, facing right.
../dataset/datasets/imb_cub_0.01/train/Red_winged_Blackbird/259.jpg	A bird stands on grass, head slightly raised.
../dataset/datasets/imb_cub_0.01/train/Red_winged_Blackbird/254.jpg	A bird perched, head raised, wings slightly spread.
../dataset/datasets/imb_cub_0.01/train/Red_winged_Blackbird/252.jpg	A bird perches on a twig, facing right.
../dataset/datasets/imb_cub_0.01/train/Red_winged_Blackbird/249.jpg	A bird perches on plant, head slightly tilted upward.
../dataset/datasets/imb_cub_0.01/train/Rusty_Blackbird/272.jpg	a bird perched on branch, facing left.
../dataset/datasets/imb_cub_0.01/train/Rusty_Blackbird/269.jpg	a bird perched on branch, facing right.
../dataset/datasets/imb_cub_0.01/train/Rusty_Blackbird/283.jpg	A bird stands on pavement, head slightly tilted.
../dataset/datasets/imb_cub_0.01/train/Rusty_Blackbird/279.jpg	A bird perches on branch, head slightly tilted.
../dataset/datasets/imb_cub_0.01/train/Rusty_Blackbird/266.jpg	A bird perched on branch, facing left.
../dataset/datasets/imb_cub_0.01/train/Rusty_Blackbird/282.jpg	A bird perches on branch, head slightly tilted.
../dataset/datasets/imb_cub_0.01/train/Rusty_Blackbird/281.jpg	A bird perches on branch, head slightly tilted.
../dataset/datasets/imb_cub_0.01/train/Rusty_Blackbird/287.jpg	A bird stands on ground, head slightly tilted.
../dataset/datasets/imb_cub_0.01/train/Rusty_Blackbird/268.jpg	A bird stands on grass, head slightly tilted.
../dataset/datasets/imb_cub_0.01/train/Rusty_Blackbird/274.jpg	A bird perched on branch, facing left.
../dataset/datasets/imb_cub_0.01/train/Rusty_Blackbird/286.jpg	A bird perches on branch, head slightly turned.
../dataset/datasets/imb_cub_0.01/train/Rusty_Blackbird/265.jpg	A bird stands alert, head slightly tilted.
../dataset/datasets/imb_cub_0.01/train/Rusty_Blackbird/278.jpg	A bird stands on ice, head slightly tilted.
../dataset/datasets/imb_cub_0.01/train/Rusty_Blackbird/271.jpg	A bird perches on branch, head slightly tilted.
../dataset/datasets/imb_cub_0.01/train/Rusty_Blackbird/277.jpg	A bird stands on wet ground, slightly tilted forward.
../dataset/datasets/imb_cub_0.01/train/Rusty_Blackbird/284.jpg	A bird perches on branch, head slightly tilted.
../dataset/datasets/imb_cub_0.01/train/Rusty_Blackbird/273.jpg	A bird perches on a branch amidst fallen leaves.
../dataset/datasets/imb_cub_0.01/train/Rusty_Blackbird/275.jpg	A bird perches on a branch, facing right.
../dataset/datasets/imb_cub_0.01/train/Rusty_Blackbird/270.jpg	A bird perches on a branch, facing left.
../dataset/datasets/imb_cub_0.01/train/Rusty_Blackbird/267.jpg	A bird perches on branch, head slightly tilted.
../dataset/datasets/imb_cub_0.01/train/Rusty_Blackbird/276.jpg	A bird perched on hand, wings slightly spread.
../dataset/datasets/imb_cub_0.01/train/Rusty_Blackbird/285.jpg	A bird stands on ground, head slightly tilted.
../dataset/datasets/imb_cub_0.01/train/Rusty_Blackbird/280.jpg	A bird stands on snow, head slightly raised.
../dataset/datasets/imb_cub_0.01/train/Yellow_headed_Blackbird/294.jpg	A bird perches on feeder, head slightly tilted.
../dataset/datasets/imb_cub_0.01/train/Yellow_headed_Blackbird/290.jpg	A bird perches on reeds, head slightly tilted.
../dataset/datasets/imb_cub_0.01/train/Yellow_headed_Blackbird/293.jpg	A bird perches on reeds, head slightly turned.
../dataset/datasets/imb_cub_0.01/train/Yellow_headed_Blackbird/295.jpg	A bird perches on branch, head slightly turned.
../dataset/datasets/imb_cub_0.01/train/Yellow_headed_Blackbird/305.jpg	A bird perches on a branch, facing left.
../dataset/datasets/imb_cub_0.01/train/Yellow_headed_Blackbird/310.jpg	A bird perches on reeds, facing right.
../dataset/datasets/imb_cub_0.01/train/Yellow_headed_Blackbird/308.jpg	A bird perches on branch, head raised, beak open.
../dataset/datasets/imb_cub_0.01/train/Yellow_headed_Blackbird/291.jpg	A bird perches on reeds, head slightly tilted.
../dataset/datasets/imb_cub_0.01/train/Yellow_headed_Blackbird/296.jpg	A bird perches on post, head slightly tilted.
../dataset/datasets/imb_cub_0.01/train/Yellow_headed_Blackbird/306.jpg	A bird stands on rocks near water, head slightly tilted.
../dataset/datasets/imb_cub_0.01/train/Yellow_headed_Blackbird/289.jpg	A bird perches on a branch, facing right.
../dataset/datasets/imb_cub_0.01/train/Yellow_headed_Blackbird/299.jpg	A bird perches on reeds, facing left.
../dataset/datasets/imb_cub_0.01/train/Yellow_headed_Blackbird/302.jpg	A bird perches on cattail, head slightly tilted.
../dataset/datasets/imb_cub_0.01/train/Yellow_headed_Blackbird/300.jpg	A bird perches on reeds, head slightly tilted.
../dataset/datasets/imb_cub_0.01/train/Yellow_headed_Blackbird/303.jpg	A bird perches on reed, head turned slightly.
../dataset/datasets/imb_cub_0.01/train/Yellow_headed_Blackbird/298.jpg	A bird perches on cattail, head turned.
../dataset/datasets/imb_cub_0.01/train/Yellow_headed_Blackbird/304.jpg	A bird perches on a post, head tilted back, beak open.
../dataset/datasets/imb_cub_0.01/train/Yellow_headed_Blackbird/309.jpg	A bird perches on branch, facing right.
../dataset/datasets/imb_cub_0.01/train/Yellow_headed_Blackbird/307.jpg	A bird is mid-flight, wings spread wide.
../dataset/datasets/imb_cub_0.01/train/Yellow_headed_Blackbird/301.jpg	A bird perches on reeds, facing left.
../dataset/datasets/imb_cub_0.01/train/Yellow_headed_Blackbird/297.jpg	A bird perches on a branch, facing right.
../dataset/datasets/imb_cub_0.01/train/Yellow_headed_Blackbird/288.jpg	A bird perches on flowers, head slightly lowered.
../dataset/datasets/imb_cub_0.01/train/Yellow_headed_Blackbird/292.jpg	A bird perches on cattail, head slightly tilted.
../dataset/datasets/imb_cub_0.01/train/Bobolink/331.jpg	A bird perches on grass, head slightly turned.
../dataset/datasets/imb_cub_0.01/train/Bobolink/325.jpg	A bird perches on a twig, head slightly tilted.
../dataset/datasets/imb_cub_0.01/train/Bobolink/319.jpg	A bird perches on twig, head slightly tilted.
../dataset/datasets/imb_cub_0.01/train/Bobolink/324.jpg	A bird perches on barbed wire.
../dataset/datasets/imb_cub_0.01/train/Bobolink/330.jpg	A bird perches on green plant, facing left.
../dataset/datasets/imb_cub_0.01/train/Bobolink/320.jpg	A bird perched on branch, facing left.
../dataset/datasets/imb_cub_0.01/train/Bobolink/313.jpg	A bird perched on a pole, head slightly tilted.
../dataset/datasets/imb_cub_0.01/train/Bobolink/311.jpg	A bird perched on wire, head raised.
../dataset/datasets/imb_cub_0.01/train/Bobolink/315.jpg	A bird perched on branch, head slightly tilted.
../dataset/datasets/imb_cub_0.01/train/Bobolink/329.jpg	A bird perches on branch, head slightly tilted.
../dataset/datasets/imb_cub_0.01/train/Bobolink/323.jpg	A bird perches on plant stem, head slightly tilted.
../dataset/datasets/imb_cub_0.01/train/Bobolink/322.jpg	A bird perches on green plant, facing left.
../dataset/datasets/imb_cub_0.01/train/Bobolink/314.jpg	A bird perches on a flower stem.
../dataset/datasets/imb_cub_0.01/train/Bobolink/327.jpg	A bird perches on branch, head slightly tilted.
../dataset/datasets/imb_cub_0.01/train/Bobolink/326.jpg	A bird stands alert, perched on grass.
../dataset/datasets/imb_cub_0.01/train/Bobolink/318.jpg	A bird perched, head slightly tilted.
../dataset/datasets/imb_cub_0.01/train/Bobolink/321.jpg	A bird perches on a plant, facing left.
../dataset/datasets/imb_cub_0.01/train/Bobolink/316.jpg	A bird perches on barbed wire.
../dataset/datasets/imb_cub_0.01/train/Bobolink/332.jpg	A bird perches on branch, head slightly tilted.
../dataset/datasets/imb_cub_0.01/train/Bobolink/317.jpg	A bird perches on wire, head slightly tilted.
../dataset/datasets/imb_cub_0.01/train/Bobolink/312.jpg	A bird perched on hand, open beak.
../dataset/datasets/imb_cub_0.01/train/Bobolink/328.jpg	A bird perches on a twig, facing right.
../dataset/datasets/imb_cub_0.01/train/Indigo_Bunting/346.jpg	A bird stands on ground, head slightly tilted.
../dataset/datasets/imb_cub_0.01/train/Indigo_Bunting/349.jpg	A bird perches on feeder.
../dataset/datasets/imb_cub_0.01/train/Indigo_Bunting/335.jpg	A bird is perched on hands, wings slightly spread.
../dataset/datasets/imb_cub_0.01/train/Indigo_Bunting/347.jpg	a bird is perched, head slightly tilted down.
../dataset/datasets/imb_cub_0.01/train/Indigo_Bunting/352.jpg	a bird perched on edge.
../dataset/datasets/imb_cub_0.01/train/Indigo_Bunting/345.jpg	A bird stands on a log, facing left.
../dataset/datasets/imb_cub_0.01/train/Indigo_Bunting/343.jpg	A bird perched on branch, facing right.
../dataset/datasets/imb_cub_0.01/train/Indigo_Bunting/336.jpg	A bird perched on a stem.
../dataset/datasets/imb_cub_0.01/train/Indigo_Bunting/354.jpg	A bird perched on branch, facing right.
../dataset/datasets/imb_cub_0.01/train/Indigo_Bunting/348.jpg	A bird perches on branch, facing left.
../dataset/datasets/imb_cub_0.01/train/Indigo_Bunting/353.jpg	A bird perched, head slightly turned.
../dataset/datasets/imb_cub_0.01/train/Indigo_Bunting/342.jpg	A bird perched on branch, head tilted upward.
../dataset/datasets/imb_cub_0.01/train/Indigo_Bunting/338.jpg	A bird perched on branch, facing right.
../dataset/datasets/imb_cub_0.01/train/Indigo_Bunting/340.jpg	A bird perches on branch, wings slightly spread.
../dataset/datasets/imb_cub_0.01/train/Indigo_Bunting/350.jpg	A bird perched on wire, facing right.
../dataset/datasets/imb_cub_0.01/train/Indigo_Bunting/339.jpg	A bird perches on plant, facing right.
../dataset/datasets/imb_cub_0.01/train/Indigo_Bunting/344.jpg	A bird perched on branch, facing left.
../dataset/datasets/imb_cub_0.01/train/Indigo_Bunting/333.jpg	A bird perched on branch.
../dataset/datasets/imb_cub_0.01/train/Indigo_Bunting/337.jpg	A bird perched on branch.
../dataset/datasets/imb_cub_0.01/train/Indigo_Bunting/334.jpg	a bird perched on branch.
../dataset/datasets/imb_cub_0.01/train/Indigo_Bunting/351.jpg	A bird perched on branch, facing right.
../dataset/datasets/imb_cub_0.01/train/Indigo_Bunting/341.jpg	A bird perched on branch, facing left.
../dataset/datasets/imb_cub_0.01/train/Lazuli_Bunting/373.jpg	A bird perched on branch, facing right.
../dataset/datasets/imb_cub_0.01/train/Lazuli_Bunting/368.jpg	A bird perched, head raised, beak open.
../dataset/datasets/imb_cub_0.01/train/Lazuli_Bunting/359.jpg	A bird perches on branch, head slightly tilted.
../dataset/datasets/imb_cub_0.01/train/Lazuli_Bunting/371.jpg	a bird stands on ground, head slightly tilted.
../dataset/datasets/imb_cub_0.01/train/Lazuli_Bunting/356.jpg	A bird perched on branch, facing left.
../dataset/datasets/imb_cub_0.01/train/Lazuli_Bunting/360.jpg	A bird perched on branch, head slightly tilted.
../dataset/datasets/imb_cub_0.01/train/Lazuli_Bunting/366.jpg	A bird perched on branch, open beak.
../dataset/datasets/imb_cub_0.01/train/Lazuli_Bunting/355.jpg	A bird perches on branch, facing left.
../dataset/datasets/imb_cub_0.01/train/Lazuli_Bunting/372.jpg	A bird perches on barbed wire, head slightly tilted.
../dataset/datasets/imb_cub_0.01/train/Lazuli_Bunting/364.jpg	A bird perches on branch, facing right.
../dataset/datasets/imb_cub_0.01/train/Lazuli_Bunting/362.jpg	A bird perches on branch, head slightly tilted.
../dataset/datasets/imb_cub_0.01/train/Lazuli_Bunting/363.jpg	A bird perches on feeder, head slightly tilted.
../dataset/datasets/imb_cub_0.01/train/Lazuli_Bunting/370.jpg	A bird perched on a hand, facing right.
../dataset/datasets/imb_cub_0.01/train/Lazuli_Bunting/374.jpg	A bird perches on branch, head turned slightly.
../dataset/datasets/imb_cub_0.01/train/Lazuli_Bunting/369.jpg	A bird perches on a feeder, head slightly tilted.
../dataset/datasets/imb_cub_0.01/train/Lazuli_Bunting/367.jpg	A bird perches on barbed wire.
../dataset/datasets/imb_cub_0.01/train/Lazuli_Bunting/357.jpg	A bird perches on branch, head slightly tilted.
../dataset/datasets/imb_cub_0.01/train/Lazuli_Bunting/365.jpg	a bird perched on ground, head slightly tilted.
../dataset/datasets/imb_cub_0.01/train/Lazuli_Bunting/361.jpg	A bird perches on a branch.
../dataset/datasets/imb_cub_0.01/train/Lazuli_Bunting/358.jpg	A bird perched on wood, facing right.
../dataset/datasets/imb_cub_0.01/train/Lazuli_Bunting/375.jpg	A bird perched on branch, facing left.
../dataset/datasets/imb_cub_0.01/train/Painted_Bunting/394.jpg	A bird perched on hand, facing right.
../dataset/datasets/imb_cub_0.01/train/Painted_Bunting/390.jpg	A bird perches on branch, facing forward.
../dataset/datasets/imb_cub_0.01/train/Painted_Bunting/378.jpg	A bird perches on feeder, head slightly tilted.
../dataset/datasets/imb_cub_0.01/train/Painted_Bunting/377.jpg	A bird stands on ground, beak open.
../dataset/datasets/imb_cub_0.01/train/Painted_Bunting/396.jpg	A bird perches on branch, head slightly tilted.
../dataset/datasets/imb_cub_0.01/train/Painted_Bunting/392.jpg	A bird perched on branch, facing left.
../dataset/datasets/imb_cub_0.01/train/Painted_Bunting/376.jpg	A bird perched on branch, facing right.
../dataset/datasets/imb_cub_0.01/train/Painted_Bunting/389.jpg	A bird perches on a branch.
../dataset/datasets/imb_cub_0.01/train/Painted_Bunting/383.jpg	A bird perched on edge, facing right.
../dataset/datasets/imb_cub_0.01/train/Painted_Bunting/385.jpg	A bird perched on feeder, head slightly tilted.
../dataset/datasets/imb_cub_0.01/train/Painted_Bunting/379.jpg	A bird perches on branch, facing left.
../dataset/datasets/imb_cub_0.01/train/Painted_Bunting/391.jpg	A bird perched, open beak.
../dataset/datasets/imb_cub_0.01/train/Painted_Bunting/380.jpg	A bird stands near water, slightly tilted forward.
../dataset/datasets/imb_cub_0.01/train/Painted_Bunting/395.jpg	A bird perches on a curved metal hook.
../dataset/datasets/imb_cub_0.01/train/Painted_Bunting/382.jpg	A bird perches on branch, facing right.
../dataset/datasets/imb_cub_0.01/train/Painted_Bunting/388.jpg	A bird stands on ground, head slightly tilted.
../dataset/datasets/imb_cub_0.01/train/Painted_Bunting/393.jpg	A bird perches on branch, facing left.
../dataset/datasets/imb_cub_0.01/train/Painted_Bunting/386.jpg	A bird perches on plant, facing left.
../dataset/datasets/imb_cub_0.01/train/Painted_Bunting/384.jpg	A bird perches on birdbath.
../dataset/datasets/imb_cub_0.01/train/Painted_Bunting/381.jpg	A bird perched on branch, facing right.
../dataset/datasets/imb_cub_0.01/train/Painted_Bunting/387.jpg	A bird perches on branch, head slightly tilted.
../dataset/datasets/imb_cub_0.01/train/Cardinal/405.jpg	A bird stands on snowy ground, head slightly tilted.
../dataset/datasets/imb_cub_0.01/train/Cardinal/413.jpg	A bird perched on branch, facing right.
../dataset/datasets/imb_cub_0.01/train/Cardinal/402.jpg	A bird perches on feeder, head slightly tilted.
../dataset/datasets/imb_cub_0.01/train/Cardinal/407.jpg	A bird perched on branch, facing right.
../dataset/datasets/imb_cub_0.01/train/Cardinal/401.jpg	A bird perches on branch, tail extended.
../dataset/datasets/imb_cub_0.01/train/Cardinal/400.jpg	A bird perched on branch, facing right.
../dataset/datasets/imb_cub_0.01/train/Cardinal/399.jpg	A bird perches on branch, facing left.
../dataset/datasets/imb_cub_0.01/train/Cardinal/403.jpg	A bird stands still, facing forward.
../dataset/datasets/imb_cub_0.01/train/Cardinal/416.jpg	A bird perched calmly.
../dataset/datasets/imb_cub_0.01/train/Cardinal/410.jpg	A bird perched on a branch.
../dataset/datasets/imb_cub_0.01/train/Cardinal/412.jpg	A bird perched, head slightly tilted.
../dataset/datasets/imb_cub_0.01/train/Cardinal/411.jpg	A bird perched on branch, facing left.
../dataset/datasets/imb_cub_0.01/train/Cardinal/404.jpg	A bird is lying on its side in the snow.
../dataset/datasets/imb_cub_0.01/train/Cardinal/414.jpg	A bird perched on branch, facing right.
../dataset/datasets/imb_cub_0.01/train/Cardinal/397.jpg	A bird perched on branch, facing left.
../dataset/datasets/imb_cub_0.01/train/Cardinal/406.jpg	A bird perched on wood, head slightly tilted.
../dataset/datasets/imb_cub_0.01/train/Cardinal/408.jpg	A bird perches on branch, head slightly tilted.
../dataset/datasets/imb_cub_0.01/train/Cardinal/415.jpg	A bird perched, head slightly tilted.
../dataset/datasets/imb_cub_0.01/train/Cardinal/409.jpg	A bird perches on flower.
../dataset/datasets/imb_cub_0.01/train/Cardinal/398.jpg	A bird perched, head slightly tilted.
../dataset/datasets/imb_cub_0.01/train/Spotted_Catbird/419.jpg	A bird perched on branch, facing right.
../dataset/datasets/imb_cub_0.01/train/Spotted_Catbird/420.jpg	A bird perches on branch, head slightly turned.
../dataset/datasets/imb_cub_0.01/train/Spotted_Catbird/426.jpg	A bird perched, head slightly tilted.
../dataset/datasets/imb_cub_0.01/train/Spotted_Catbird/421.jpg	A bird perched, head slightly turned.
../dataset/datasets/imb_cub_0.01/train/Spotted_Catbird/425.jpg	A bird stands on ground, head slightly turned.
../dataset/datasets/imb_cub_0.01/train/Spotted_Catbird/422.jpg	A bird stands on one leg, head tilted.
../dataset/datasets/imb_cub_0.01/train/Spotted_Catbird/435.jpg	A bird perched on branch, facing right.
../dataset/datasets/imb_cub_0.01/train/Spotted_Catbird/434.jpg	A bird perched on branch, facing right.
../dataset/datasets/imb_cub_0.01/train/Spotted_Catbird/417.jpg	A bird perches on edge, head slightly tilted.
../dataset/datasets/imb_cub_0.01/train/Spotted_Catbird/427.jpg	A bird perched on branch, facing right.
../dataset/datasets/imb_cub_0.01/train/Spotted_Catbird/428.jpg	A bird perches on branch, head slightly turned.
../dataset/datasets/imb_cub_0.01/train/Spotted_Catbird/431.jpg	A bird perches, eating.
../dataset/datasets/imb_cub_0.01/train/Spotted_Catbird/432.jpg	A bird perches on branch, holding insect in beak.
../dataset/datasets/imb_cub_0.01/train/Spotted_Catbird/433.jpg	A bird perched on branch, facing right.
../dataset/datasets/imb_cub_0.01/train/Spotted_Catbird/430.jpg	A bird perched upside down.
../dataset/datasets/imb_cub_0.01/train/Spotted_Catbird/436.jpg	A bird perched on branch, facing left.
../dataset/datasets/imb_cub_0.01/train/Spotted_Catbird/424.jpg	A bird perched, feeding.
../dataset/datasets/imb_cub_0.01/train/Spotted_Catbird/423.jpg	A bird perched on branch, facing right.
../dataset/datasets/imb_cub_0.01/train/Spotted_Catbird/429.jpg	A bird perches on branch, head slightly tilted.
../dataset/datasets/imb_cub_0.01/train/Spotted_Catbird/418.jpg	A bird perched on branch, facing right.
../dataset/datasets/imb_cub_0.01/train/Gray_Catbird/445.jpg	a bird stands on ground, head slightly tilted.
../dataset/datasets/imb_cub_0.01/train/Gray_Catbird/444.jpg	A bird perches on branch, tail extended.
../dataset/datasets/imb_cub_0.01/train/Gray_Catbird/438.jpg	A bird perches on branch, tail extended.
../dataset/datasets/imb_cub_0.01/train/Gray_Catbird/440.jpg	A bird perches on wire, tail extended.
../dataset/datasets/imb_cub_0.01/train/Gray_Catbird/451.jpg	A bird perches on stone, head slightly tilted.
../dataset/datasets/imb_cub_0.01/train/Gray_Catbird/441.jpg	A bird perched on branch, facing left.
../dataset/datasets/imb_cub_0.01/train/Gray_Catbird/453.jpg	A bird perches on a metal railing.
../dataset/datasets/imb_cub_0.01/train/Gray_Catbird/443.jpg	A bird perched, standing still.
../dataset/datasets/imb_cub_0.01/train/Gray_Catbird/446.jpg	A bird perches on branch, beak open.
../dataset/datasets/imb_cub_0.01/train/Gray_Catbird/450.jpg	A bird stands upright, perched on a surface.
../dataset/datasets/imb_cub_0.01/train/Gray_Catbird/437.jpg	A bird perches on a stick, facing left.
../dataset/datasets/imb_cub_0.01/train/Gray_Catbird/455.jpg	A bird perches on branch, facing left.
../dataset/datasets/imb_cub_0.01/train/Gray_Catbird/439.jpg	A bird perches on an orange slice, gripping with its feet.
../dataset/datasets/imb_cub_0.01/train/Gray_Catbird/448.jpg	A bird perches on a branch, facing left.
../dataset/datasets/imb_cub_0.01/train/Gray_Catbird/447.jpg	A bird stands on one leg, head slightly tilted.
../dataset/datasets/imb_cub_0.01/train/Gray_Catbird/452.jpg	A bird perches on branch, head slightly tilted.
../dataset/datasets/imb_cub_0.01/train/Gray_Catbird/454.jpg	a bird perched on branch, facing left.
../dataset/datasets/imb_cub_0.01/train/Gray_Catbird/449.jpg	A bird stands on ground, head slightly tilted.
../dataset/datasets/imb_cub_0.01/train/Gray_Catbird/442.jpg	A bird perches on branch, head slightly tilted.
../dataset/datasets/imb_cub_0.01/train/Yellow_breasted_Chat/461.jpg	A bird perches on branch, head slightly tilted.
../dataset/datasets/imb_cub_0.01/train/Yellow_breasted_Chat/468.jpg	A bird in flight, wings spread.
../dataset/datasets/imb_cub_0.01/train/Yellow_breasted_Chat/474.jpg	A bird perched on branch, facing left.
../dataset/datasets/imb_cub_0.01/train/Yellow_breasted_Chat/458.jpg	A bird perched on branch, head slightly tilted.
../dataset/datasets/imb_cub_0.01/train/Yellow_breasted_Chat/463.jpg	A bird perched on hand, feet spread.
../dataset/datasets/imb_cub_0.01/train/Yellow_breasted_Chat/459.jpg	A bird perched on branch, facing left.
../dataset/datasets/imb_cub_0.01/train/Yellow_breasted_Chat/471.jpg	A bird perched on branch, head tilted back, beak open.
../dataset/datasets/imb_cub_0.01/train/Yellow_breasted_Chat/465.jpg	A bird perched on wire, head tilted back.
../dataset/datasets/imb_cub_0.01/train/Yellow_breasted_Chat/456.jpg	A bird stands in water, head slightly tilted.
../dataset/datasets/imb_cub_0.01/train/Yellow_breasted_Chat/466.jpg	A bird perched on branch, facing right.
../dataset/datasets/imb_cub_0.01/train/Yellow_breasted_Chat/469.jpg	A bird perched on branch, facing right.
../dataset/datasets/imb_cub_0.01/train/Yellow_breasted_Chat/460.jpg	A bird perches on a black object, facing left.
../dataset/datasets/imb_cub_0.01/train/Yellow_breasted_Chat/462.jpg	A bird stands on ground, facing left.
../dataset/datasets/imb_cub_0.01/train/Yellow_breasted_Chat/467.jpg	A bird perches on branch, facing right.
../dataset/datasets/imb_cub_0.01/train/Yellow_breasted_Chat/473.jpg	A bird perches on branch, head slightly tilted.
../dataset/datasets/imb_cub_0.01/train/Yellow_breasted_Chat/470.jpg	A bird perches on plant stem, facing right.
../dataset/datasets/imb_cub_0.01/train/Yellow_breasted_Chat/464.jpg	A bird perches on branch, head slightly tilted.
../dataset/datasets/imb_cub_0.01/train/Yellow_breasted_Chat/457.jpg	A bird perches on branch, facing left.
../dataset/datasets/imb_cub_0.01/train/Yellow_breasted_Chat/472.jpg	A bird perches on branch, facing right.
../dataset/datasets/imb_cub_0.01/train/Eastern_Towhee/480.jpg	A bird perches on branch, head slightly tilted.
../dataset/datasets/imb_cub_0.01/train/Eastern_Towhee/479.jpg	A bird perched on branch, head slightly turned.
../dataset/datasets/imb_cub_0.01/train/Eastern_Towhee/477.jpg	A bird perches on branch, head slightly tilted.
../dataset/datasets/imb_cub_0.01/train/Eastern_Towhee/486.jpg	A bird stands on grass, tail extended.
../dataset/datasets/imb_cub_0.01/train/Eastern_Towhee/490.jpg	A bird perches on branch, tail fanned out.
../dataset/datasets/imb_cub_0.01/train/Eastern_Towhee/492.jpg	A bird perches on branch, head slightly tilted.
../dataset/datasets/imb_cub_0.01/train/Eastern_Towhee/483.jpg	A bird perched on branch, facing right.
../dataset/datasets/imb_cub_0.01/train/Eastern_Towhee/476.jpg	A bird perches on wire, tail fanned out.
../dataset/datasets/imb_cub_0.01/train/Eastern_Towhee/475.jpg	A bird perches on a wooden post, facing right.
../dataset/datasets/imb_cub_0.01/train/Eastern_Towhee/491.jpg	A bird perched on branch, facing left.
../dataset/datasets/imb_cub_0.01/train/Eastern_Towhee/488.jpg	A bird perches on branch, head slightly tilted.
../dataset/datasets/imb_cub_0.01/train/Eastern_Towhee/478.jpg	A bird perches on branch, tail extended.
../dataset/datasets/imb_cub_0.01/train/Eastern_Towhee/481.jpg	A bird perches on branch, wings slightly spread.
../dataset/datasets/imb_cub_0.01/train/Eastern_Towhee/489.jpg	A bird perches on branch, facing left.
../dataset/datasets/imb_cub_0.01/train/Eastern_Towhee/487.jpg	A bird stands on snowy ground, tail raised.
../dataset/datasets/imb_cub_0.01/train/Eastern_Towhee/482.jpg	A bird perches on branch, head slightly tilted.
../dataset/datasets/imb_cub_0.01/train/Eastern_Towhee/484.jpg	A bird stands on ground, head slightly tilted.
../dataset/datasets/imb_cub_0.01/train/Eastern_Towhee/485.jpg	A bird perches on branch, head turned.
../dataset/datasets/imb_cub_0.01/train/Chuck_will_Widow/508.jpg	A bird perches on branch, head slightly raised.
../dataset/datasets/imb_cub_0.01/train/Chuck_will_Widow/493.jpg	a bird lies still, curled up.
../dataset/datasets/imb_cub_0.01/train/Chuck_will_Widow/500.jpg	A bird perched on branch, head turned.
../dataset/datasets/imb_cub_0.01/train/Chuck_will_Widow/506.jpg	a bird perched on branch, wings slightly spread.
../dataset/datasets/imb_cub_0.01/train/Chuck_will_Widow/502.jpg	A bird is perched on a person's hand, wings slightly spread.
../dataset/datasets/imb_cub_0.01/train/Chuck_will_Widow/504.jpg	a bird perched on branch, wings slightly spread.
../dataset/datasets/imb_cub_0.01/train/Chuck_will_Widow/494.jpg	a bird lying on ground, camouflaged.
../dataset/datasets/imb_cub_0.01/train/Chuck_will_Widow/499.jpg	A bird perches on branch, head slightly tilted.
../dataset/datasets/imb_cub_0.01/train/Chuck_will_Widow/505.jpg	A bird perches on branch, wings slightly spread.
../dataset/datasets/imb_cub_0.01/train/Chuck_will_Widow/498.jpg	a bird is perched, head slightly raised.
../dataset/datasets/imb_cub_0.01/train/Chuck_will_Widow/497.jpg	A bird is perched on a branch, camouflaged among leaves and twigs.
../dataset/datasets/imb_cub_0.01/train/Chuck_will_Widow/501.jpg	A bird perches on tree branch, head slightly tilted.
../dataset/datasets/imb_cub_0.01/train/Chuck_will_Widow/509.jpg	A bird perches on branch, wings slightly spread.
../dataset/datasets/imb_cub_0.01/train/Chuck_will_Widow/510.jpg	A bird perched, head slightly tilted.
../dataset/datasets/imb_cub_0.01/train/Chuck_will_Widow/507.jpg	A bird perches on a branch, tail feathers fanned out.
../dataset/datasets/imb_cub_0.01/train/Chuck_will_Widow/495.jpg	A bird is perched on a person's hand, wings slightly spread.
../dataset/datasets/imb_cub_0.01/train/Chuck_will_Widow/503.jpg	A bird perched on branch, head turned slightly.
../dataset/datasets/imb_cub_0.01/train/Chuck_will_Widow/496.jpg	A bird is lying on the ground with its mouth open.
../dataset/datasets/imb_cub_0.01/train/Brandt_Cormorant/523.jpg	A bird perched, head slightly tilted.
../dataset/datasets/imb_cub_0.01/train/Brandt_Cormorant/516.jpg	A bird soars with wings spread wide.
../dataset/datasets/imb_cub_0.01/train/Brandt_Cormorant/521.jpg	A bird swims with a fish in its beak.
../dataset/datasets/imb_cub_0.01/train/Brandt_Cormorant/512.jpg	A bird stands still, head slightly tilted.
../dataset/datasets/imb_cub_0.01/train/Brandt_Cormorant/526.jpg	Bird in flight, wings spread wide.
../dataset/datasets/imb_cub_0.01/train/Brandt_Cormorant/519.jpg	A bird perched on rock, facing right.
../dataset/datasets/imb_cub_0.01/train/Brandt_Cormorant/511.jpg	A bird stands still, head turned slightly.
../dataset/datasets/imb_cub_0.01/train/Brandt_Cormorant/525.jpg	A bird stands on rock, wings slightly spread.
../dataset/datasets/imb_cub_0.01/train/Brandt_Cormorant/518.jpg	A bird stands on rock, head slightly tilted.
../dataset/datasets/imb_cub_0.01/train/Brandt_Cormorant/514.jpg	A bird is flying with wings spread.
../dataset/datasets/imb_cub_0.01/train/Brandt_Cormorant/513.jpg	A bird perches on branch, head turned slightly.
../dataset/datasets/imb_cub_0.01/train/Brandt_Cormorant/517.jpg	A bird perches on rock, head turned, wings slightly spread.
../dataset/datasets/imb_cub_0.01/train/Brandt_Cormorant/524.jpg	A bird is floating on water with its head turned slightly to the side.
../dataset/datasets/imb_cub_0.01/train/Brandt_Cormorant/522.jpg	A bird stands with open beak, head tilted back.
../dataset/datasets/imb_cub_0.01/train/Brandt_Cormorant/515.jpg	A bird stands upright on a rock, head slightly tilted.
../dataset/datasets/imb_cub_0.01/train/Brandt_Cormorant/520.jpg	A bird stands on one leg, head turned.
../dataset/datasets/imb_cub_0.01/train/Brandt_Cormorant/527.jpg	A bird is taking off from water with wings spread.
../dataset/datasets/imb_cub_0.01/train/Red_faced_Cormorant/531.jpg	a bird perched, head turned.
../dataset/datasets/imb_cub_0.01/train/Red_faced_Cormorant/540.jpg	A bird perched, head turned.
../dataset/datasets/imb_cub_0.01/train/Red_faced_Cormorant/542.jpg	A bird stands on nest, head slightly tilted.
../dataset/datasets/imb_cub_0.01/train/Red_faced_Cormorant/537.jpg	A bird perches on rock, head slightly tilted.
../dataset/datasets/imb_cub_0.01/train/Red_faced_Cormorant/528.jpg	A bird is perched on nest, head slightly tilted.
../dataset/datasets/imb_cub_0.01/train/Red_faced_Cormorant/543.jpg	A bird stands still, head slightly turned.
../dataset/datasets/imb_cub_0.01/train/Red_faced_Cormorant/534.jpg	A bird stands still, head slightly tilted.
../dataset/datasets/imb_cub_0.01/train/Red_faced_Cormorant/538.jpg	A bird stands upright, head turned slightly.
../dataset/datasets/imb_cub_0.01/train/Red_faced_Cormorant/535.jpg	A bird is in flight, wings spread wide.
../dataset/datasets/imb_cub_0.01/train/Red_faced_Cormorant/532.jpg	A bird stands upright on a rock, head slightly tilted.
../dataset/datasets/imb_cub_0.01/train/Red_faced_Cormorant/530.jpg	A bird stands on a rock, head slightly tilted.
../dataset/datasets/imb_cub_0.01/train/Red_faced_Cormorant/541.jpg	A bird sits on eggs, head raised.
../dataset/datasets/imb_cub_0.01/train/Red_faced_Cormorant/536.jpg	A bird perches on rock, head slightly tilted.
../dataset/datasets/imb_cub_0.01/train/Red_faced_Cormorant/539.jpg	A bird perches on rock, head slightly tilted.
../dataset/datasets/imb_cub_0.01/train/Red_faced_Cormorant/529.jpg	A bird with head turned slightly, beak open.
../dataset/datasets/imb_cub_0.01/train/Red_faced_Cormorant/533.jpg	A bird perches on rock, head slightly tilted.
../dataset/datasets/imb_cub_0.01/train/Red_faced_Cormorant/544.jpg	A bird swims calmly, head slightly tilted.
../dataset/datasets/imb_cub_0.01/train/Pelagic_Cormorant/557.jpg	A bird stands upright on rocky ground.
../dataset/datasets/imb_cub_0.01/train/Pelagic_Cormorant/559.jpg	A bird swims with a fish in its beak.
../dataset/datasets/imb_cub_0.01/train/Pelagic_Cormorant/549.jpg	A bird is in flight, wings spread wide.
../dataset/datasets/imb_cub_0.01/train/Pelagic_Cormorant/556.jpg	A bird perches upright on a post.
../dataset/datasets/imb_cub_0.01/train/Pelagic_Cormorant/554.jpg	A bird is floating on water with its head turned slightly to the left.
../dataset/datasets/imb_cub_0.01/train/Pelagic_Cormorant/548.jpg	A bird stands upright, head slightly tilted.
../dataset/datasets/imb_cub_0.01/train/Pelagic_Cormorant/550.jpg	A bird is flying with wings spread, holding prey in its beak.
../dataset/datasets/imb_cub_0.01/train/Pelagic_Cormorant/552.jpg	A bird is preening its feathers while floating on water.
../dataset/datasets/imb_cub_0.01/train/Pelagic_Cormorant/546.jpg	A bird stands on a rock, head slightly tilted.
../dataset/datasets/imb_cub_0.01/train/Pelagic_Cormorant/561.jpg	A bird stands upright on rocks, head slightly tilted.
../dataset/datasets/imb_cub_0.01/train/Pelagic_Cormorant/558.jpg	A bird stands upright on a rock, head slightly tilted.
../dataset/datasets/imb_cub_0.01/train/Pelagic_Cormorant/553.jpg	A bird stands upright on a rock, head slightly tilted.
../dataset/datasets/imb_cub_0.01/train/Pelagic_Cormorant/547.jpg	A bird floats calmly on water, head slightly tilted.
../dataset/datasets/imb_cub_0.01/train/Pelagic_Cormorant/551.jpg	A bird takes flight, wings spread wide.
../dataset/datasets/imb_cub_0.01/train/Pelagic_Cormorant/560.jpg	A bird stands upright on rocks, head slightly tilted.
../dataset/datasets/imb_cub_0.01/train/Pelagic_Cormorant/555.jpg	A bird stands on a rock, head slightly tilted back.
../dataset/datasets/imb_cub_0.01/train/Pelagic_Cormorant/545.jpg	A bird is swimming with its head turned to the side.
../dataset/datasets/imb_cub_0.01/train/Bronzed_Cowbird/563.jpg	A bird stands on grass, head slightly turned.
../dataset/datasets/imb_cub_0.01/train/Bronzed_Cowbird/567.jpg	A bird perches on branch, head slightly tilted.
../dataset/datasets/imb_cub_0.01/train/Bronzed_Cowbird/570.jpg	A bird stands on ground, head slightly tilted.
../dataset/datasets/imb_cub_0.01/train/Bronzed_Cowbird/576.jpg	A bird stands on one leg, head slightly tilted.
../dataset/datasets/imb_cub_0.01/train/Bronzed_Cowbird/562.jpg	A bird stands on one leg, wings slightly spread.
../dataset/datasets/imb_cub_0.01/train/Bronzed_Cowbird/571.jpg	A bird perches on branch, head slightly tilted.
../dataset/datasets/imb_cub_0.01/train/Bronzed_Cowbird/569.jpg	A bird perches on branch, head slightly turned.
../dataset/datasets/imb_cub_0.01/train/Bronzed_Cowbird/575.jpg	A bird perches with wings slightly spread, facing forward.
../dataset/datasets/imb_cub_0.01/train/Bronzed_Cowbird/574.jpg	A bird perched on branch, head slightly tilted.
../dataset/datasets/imb_cub_0.01/train/Bronzed_Cowbird/572.jpg	A bird perches on ropes, head turned.
../dataset/datasets/imb_cub_0.01/train/Bronzed_Cowbird/573.jpg	A bird perches on branch, head slightly tilted.
../dataset/datasets/imb_cub_0.01/train/Bronzed_Cowbird/564.jpg	A bird perched on branch, head slightly tilted.
../dataset/datasets/imb_cub_0.01/train/Bronzed_Cowbird/577.jpg	A bird perches on wire, head slightly tilted.
../dataset/datasets/imb_cub_0.01/train/Bronzed_Cowbird/565.jpg	A bird perches on a ledge, head slightly turned.
../dataset/datasets/imb_cub_0.01/train/Bronzed_Cowbird/566.jpg	A bird stands on ground, head slightly tilted.
../dataset/datasets/imb_cub_0.01/train/Bronzed_Cowbird/568.jpg	A bird perched on branch, head slightly tilted.
../dataset/datasets/imb_cub_0.01/train/Shiny_Cowbird/587.jpg	A bird stands on one leg, head slightly tilted.
../dataset/datasets/imb_cub_0.01/train/Shiny_Cowbird/588.jpg	A bird perches on branch, facing left.
../dataset/datasets/imb_cub_0.01/train/Shiny_Cowbird/584.jpg	A bird stands on grass, head slightly tilted.
../dataset/datasets/imb_cub_0.01/train/Shiny_Cowbird/581.jpg	A bird perched, head turned.
../dataset/datasets/imb_cub_0.01/train/Shiny_Cowbird/592.jpg	A bird perches on branch, head slightly tilted.
../dataset/datasets/imb_cub_0.01/train/Shiny_Cowbird/585.jpg	A bird perches on a branch, facing left.
../dataset/datasets/imb_cub_0.01/train/Shiny_Cowbird/593.jpg	A bird stands on ground, head slightly raised.
../dataset/datasets/imb_cub_0.01/train/Shiny_Cowbird/582.jpg	A bird perched on wire, head turned slightly upward.
../dataset/datasets/imb_cub_0.01/train/Shiny_Cowbird/583.jpg	A bird stands alert, head slightly tilted.
../dataset/datasets/imb_cub_0.01/train/Shiny_Cowbird/578.jpg	A bird perches on a metal bar, facing right.
../dataset/datasets/imb_cub_0.01/train/Shiny_Cowbird/591.jpg	A bird perches on wood, head slightly tilted.
../dataset/datasets/imb_cub_0.01/train/Shiny_Cowbird/580.jpg	A bird stands on grass, head slightly raised.
../dataset/datasets/imb_cub_0.01/train/Shiny_Cowbird/590.jpg	A bird stands on ground, head slightly tilted.
../dataset/datasets/imb_cub_0.01/train/Shiny_Cowbird/589.jpg	A bird perched on rock, head slightly tilted.
../dataset/datasets/imb_cub_0.01/train/Shiny_Cowbird/586.jpg	A bird perches on a wooden stump, facing left.
../dataset/datasets/imb_cub_0.01/train/Shiny_Cowbird/579.jpg	A bird perches on leaves, head slightly tilted.
../dataset/datasets/imb_cub_0.01/train/Brown_Creeper/596.jpg	A bird perches vertically on mossy bark, head tilted upward.
../dataset/datasets/imb_cub_0.01/train/Brown_Creeper/604.jpg	A bird perches vertically on tree trunk, head tilted upward.
../dataset/datasets/imb_cub_0.01/train/Brown_Creeper/597.jpg	A bird perches vertically on tree trunk, head tilted upward.
../dataset/datasets/imb_cub_0.01/train/Brown_Creeper/601.jpg	A bird perches on moss, head turned.
../dataset/datasets/imb_cub_0.01/train/Brown_Creeper/594.jpg	A bird perches vertically on tree trunk, clinging with feet and tail.
../dataset/datasets/imb_cub_0.01/train/Brown_Creeper/595.jpg	A bird perches vertically on tree trunk, clinging with one foot.
../dataset/datasets/imb_cub_0.01/train/Brown_Creeper/603.jpg	A bird perches vertically on tree trunk, head tilted upward.
../dataset/datasets/imb_cub_0.01/train/Brown_Creeper/602.jpg	A bird perches on tree trunk, head slightly tilted.
../dataset/datasets/imb_cub_0.01/train/Brown_Creeper/607.jpg	A bird perches vertically on tree trunk, beak open.
../dataset/datasets/imb_cub_0.01/train/Brown_Creeper/599.jpg	A bird perches vertically on tree trunk, head tilted upward.
../dataset/datasets/imb_cub_0.01/train/Brown_Creeper/608.jpg	A bird perches vertically on tree branch.
../dataset/datasets/imb_cub_0.01/train/Brown_Creeper/598.jpg	A bird perches on branch, head tilted upward.
../dataset/datasets/imb_cub_0.01/train/Brown_Creeper/600.jpg	A bird perches vertically on tree trunk, head tilted upward.
../dataset/datasets/imb_cub_0.01/train/Brown_Creeper/606.jpg	A bird perches on branch, legs spread.
../dataset/datasets/imb_cub_0.01/train/Brown_Creeper/605.jpg	A bird perches upside down on tree branch.
../dataset/datasets/imb_cub_0.01/train/American_Crow/610.jpg	A bird stands alert, head slightly tilted.
../dataset/datasets/imb_cub_0.01/train/American_Crow/620.jpg	A bird stands on a feeder, head slightly tilted.
../dataset/datasets/imb_cub_0.01/train/American_Crow/622.jpg	A bird stands with prey in its beak.
../dataset/datasets/imb_cub_0.01/train/American_Crow/621.jpg	A bird stands on grass, head slightly lowered.
../dataset/datasets/imb_cub_0.01/train/American_Crow/613.jpg	A bird stands on ground, beak open.
../dataset/datasets/imb_cub_0.01/train/American_Crow/614.jpg	A bird perched on branch, head slightly turned.
../dataset/datasets/imb_cub_0.01/train/American_Crow/616.jpg	A bird stands on snow, beak near food.
../dataset/datasets/imb_cub_0.01/train/American_Crow/619.jpg	A bird stands on pavement, head slightly tilted.
../dataset/datasets/imb_cub_0.01/train/American_Crow/612.jpg	A bird perched on post, facing left.
../dataset/datasets/imb_cub_0.01/train/American_Crow/611.jpg	A bird perched, beak open.
../dataset/datasets/imb_cub_0.01/train/American_Crow/609.jpg	A bird stands on one leg, head slightly lowered.
../dataset/datasets/imb_cub_0.01/train/American_Crow/623.jpg	A bird is perched on a birdbath, holding food in its beak.
../dataset/datasets/imb_cub_0.01/train/American_Crow/618.jpg	A bird perched, head slightly tilted.
../dataset/datasets/imb_cub_0.01/train/American_Crow/617.jpg	A bird stands with a worm in its beak.
../dataset/datasets/imb_cub_0.01/train/American_Crow/615.jpg	A bird perched on post, facing left.
../dataset/datasets/imb_cub_0.01/train/Fish_Crow/626.jpg	A bird perched on branch, head turned slightly.
../dataset/datasets/imb_cub_0.01/train/Fish_Crow/634.jpg	a bird perched on branch, wings slightly spread.
../dataset/datasets/imb_cub_0.01/train/Fish_Crow/630.jpg	A bird perched on branch, beak open.
../dataset/datasets/imb_cub_0.01/train/Fish_Crow/628.jpg	A bird soars with wings spread wide, beak open.
../dataset/datasets/imb_cub_0.01/train/Fish_Crow/625.jpg	A bird perches on post, head slightly tilted.
../dataset/datasets/imb_cub_0.01/train/Fish_Crow/637.jpg	A bird perched on branch, head slightly turned.
../dataset/datasets/imb_cub_0.01/train/Fish_Crow/627.jpg	A bird is flying with wings spread.
../dataset/datasets/imb_cub_0.01/train/Fish_Crow/629.jpg	A bird spreads wings, poised mid-flight.
../dataset/datasets/imb_cub_0.01/train/Fish_Crow/624.jpg	A bird perched, head turned, one leg visible.
../dataset/datasets/imb_cub_0.01/train/Fish_Crow/633.jpg	A bird stands in grass, head slightly lowered.
../dataset/datasets/imb_cub_0.01/train/Fish_Crow/632.jpg	A bird perched, beak open.
../dataset/datasets/imb_cub_0.01/train/Fish_Crow/635.jpg	A bird stands on one leg, head slightly tilted.
../dataset/datasets/imb_cub_0.01/train/Fish_Crow/631.jpg	A bird stands on grass, head slightly tilted.
../dataset/datasets/imb_cub_0.01/train/Fish_Crow/638.jpg	A bird perches on branch, head slightly tilted.
../dataset/datasets/imb_cub_0.01/train/Fish_Crow/636.jpg	A bird is in flight, wings spread wide.
../dataset/datasets/imb_cub_0.01/train/Black_billed_Cuckoo/645.jpg	A bird perches on branch, tail extended.
../dataset/datasets/imb_cub_0.01/train/Black_billed_Cuckoo/648.jpg	A bird perches on branch, head slightly tilted.
../dataset/datasets/imb_cub_0.01/train/Black_billed_Cuckoo/647.jpg	A bird perches on branch, head slightly tilted.
../dataset/datasets/imb_cub_0.01/train/Black_billed_Cuckoo/649.jpg	A bird perches on branch, head slightly tilted.
../dataset/datasets/imb_cub_0.01/train/Black_billed_Cuckoo/641.jpg	a bird perched on branch, facing right.
../dataset/datasets/imb_cub_0.01/train/Black_billed_Cuckoo/642.jpg	A bird perches on wires, head slightly tilted.
../dataset/datasets/imb_cub_0.01/train/Black_billed_Cuckoo/646.jpg	A bird perched on branch, facing left.
../dataset/datasets/imb_cub_0.01/train/Black_billed_Cuckoo/651.jpg	a bird perched on branch, head slightly tilted.
../dataset/datasets/imb_cub_0.01/train/Black_billed_Cuckoo/639.jpg	A bird perched on branch, facing left.
../dataset/datasets/imb_cub_0.01/train/Black_billed_Cuckoo/644.jpg	A bird perched on branch, facing right.
../dataset/datasets/imb_cub_0.01/train/Black_billed_Cuckoo/643.jpg	A bird perched on hand, wings slightly spread.
../dataset/datasets/imb_cub_0.01/train/Black_billed_Cuckoo/640.jpg	a bird perched on branch, head turned.
../dataset/datasets/imb_cub_0.01/train/Black_billed_Cuckoo/652.jpg	A bird perches on branch, head slightly tilted.
../dataset/datasets/imb_cub_0.01/train/Black_billed_Cuckoo/650.jpg	A bird perches on branch, head slightly tilted.
../dataset/datasets/imb_cub_0.01/train/Mangrove_Cuckoo/661.jpg	A bird perches on branch, head slightly turned.
../dataset/datasets/imb_cub_0.01/train/Mangrove_Cuckoo/659.jpg	A bird perched on branch, facing right.
../dataset/datasets/imb_cub_0.01/train/Mangrove_Cuckoo/666.jpg	A bird perches on a branch, facing left.
../dataset/datasets/imb_cub_0.01/train/Mangrove_Cuckoo/662.jpg	A bird perched on a branch, facing left.
../dataset/datasets/imb_cub_0.01/train/Mangrove_Cuckoo/654.jpg	a bird perched on branch, head turned slightly.
../dataset/datasets/imb_cub_0.01/train/Mangrove_Cuckoo/665.jpg	A bird perches on branch, facing left.
../dataset/datasets/imb_cub_0.01/train/Mangrove_Cuckoo/664.jpg	A bird perches on branch, tail fanned out.
../dataset/datasets/imb_cub_0.01/train/Mangrove_Cuckoo/655.jpg	A bird perches on a branch, tail feathers fanned out.
../dataset/datasets/imb_cub_0.01/train/Mangrove_Cuckoo/657.jpg	A bird perched on a branch, facing right.
../dataset/datasets/imb_cub_0.01/train/Mangrove_Cuckoo/660.jpg	A bird perches on branch, head slightly tilted.
../dataset/datasets/imb_cub_0.01/train/Mangrove_Cuckoo/663.jpg	A bird perched on branch, facing left.
../dataset/datasets/imb_cub_0.01/train/Mangrove_Cuckoo/658.jpg	A bird perches on branch, head slightly tilted.
../dataset/datasets/imb_cub_0.01/train/Mangrove_Cuckoo/653.jpg	A bird perched on branch, head slightly lowered.
../dataset/datasets/imb_cub_0.01/train/Mangrove_Cuckoo/656.jpg	A bird perches on branch, head slightly turned.
../dataset/datasets/imb_cub_0.01/train/Yellow_billed_Cuckoo/673.jpg	A bird perched on branch, facing right.
../dataset/datasets/imb_cub_0.01/train/Yellow_billed_Cuckoo/668.jpg	A bird perched on branch, tail fanned out.
../dataset/datasets/imb_cub_0.01/train/Yellow_billed_Cuckoo/677.jpg	A bird perches on branch, tail fanned out.
../dataset/datasets/imb_cub_0.01/train/Yellow_billed_Cuckoo/674.jpg	A bird perches on a branch.
../dataset/datasets/imb_cub_0.01/train/Yellow_billed_Cuckoo/667.jpg	a bird perched on branch, facing right.
../dataset/datasets/imb_cub_0.01/train/Yellow_billed_Cuckoo/671.jpg	A bird perched on branch, holding insect in beak.
../dataset/datasets/imb_cub_0.01/train/Yellow_billed_Cuckoo/679.jpg	A bird perches on branch, tail fanned out.
../dataset/datasets/imb_cub_0.01/train/Yellow_billed_Cuckoo/676.jpg	a bird perched on branch, facing right.
../dataset/datasets/imb_cub_0.01/train/Yellow_billed_Cuckoo/669.jpg	A bird perches on branch, facing right.
../dataset/datasets/imb_cub_0.01/train/Yellow_billed_Cuckoo/672.jpg	A bird perches on a branch, head slightly tilted.
../dataset/datasets/imb_cub_0.01/train/Yellow_billed_Cuckoo/675.jpg	A bird perches on branch, head slightly tilted.
../dataset/datasets/imb_cub_0.01/train/Yellow_billed_Cuckoo/680.jpg	A bird perches on branch, facing right.
../dataset/datasets/imb_cub_0.01/train/Yellow_billed_Cuckoo/678.jpg	A bird perches on branch, head slightly tilted.
../dataset/datasets/imb_cub_0.01/train/Yellow_billed_Cuckoo/670.jpg	A bird perched on branch, facing left.
../dataset/datasets/imb_cub_0.01/train/Gray_crowned_Rosy_Finch/682.jpg	A bird stands on ground, perched near pine cones.
../dataset/datasets/imb_cub_0.01/train/Gray_crowned_Rosy_Finch/689.jpg	A bird perched on branch, facing left.
../dataset/datasets/imb_cub_0.01/train/Gray_crowned_Rosy_Finch/684.jpg	A bird perched on rock, head turned slightly.
../dataset/datasets/imb_cub_0.01/train/Gray_crowned_Rosy_Finch/687.jpg	A bird perches on fence wire, facing right.
../dataset/datasets/imb_cub_0.01/train/Gray_crowned_Rosy_Finch/690.jpg	A bird perches on rock, facing left.
../dataset/datasets/imb_cub_0.01/train/Gray_crowned_Rosy_Finch/691.jpg	A bird perched on a post, facing right.
../dataset/datasets/imb_cub_0.01/train/Gray_crowned_Rosy_Finch/681.jpg	A bird perched on rock, facing right.
../dataset/datasets/imb_cub_0.01/train/Gray_crowned_Rosy_Finch/685.jpg	A bird perched, head slightly tilted.
../dataset/datasets/imb_cub_0.01/train/Gray_crowned_Rosy_Finch/686.jpg	A bird perches on edge, facing left.
../dataset/datasets/imb_cub_0.01/train/Gray_crowned_Rosy_Finch/688.jpg	a bird perched on rock, facing left.
../dataset/datasets/imb_cub_0.01/train/Gray_crowned_Rosy_Finch/683.jpg	A bird perched on rock, head slightly tilted.
../dataset/datasets/imb_cub_0.01/train/Gray_crowned_Rosy_Finch/692.jpg	A bird is crouched on the ground.
../dataset/datasets/imb_cub_0.01/train/Gray_crowned_Rosy_Finch/693.jpg	A bird perched, facing right.
../dataset/datasets/imb_cub_0.01/train/Purple_Finch/705.jpg	a bird stands on ground, head slightly tilted.
../dataset/datasets/imb_cub_0.01/train/Purple_Finch/699.jpg	A bird perches on curved metal, facing left.
../dataset/datasets/imb_cub_0.01/train/Purple_Finch/695.jpg	A bird perches on a feeder, head slightly tilted.
../dataset/datasets/imb_cub_0.01/train/Purple_Finch/697.jpg	A bird perched on branch, facing right.
../dataset/datasets/imb_cub_0.01/train/Purple_Finch/696.jpg	A bird perched on icy branch, facing right.
../dataset/datasets/imb_cub_0.01/train/Purple_Finch/694.jpg	A bird perched on branch, facing right.
../dataset/datasets/imb_cub_0.01/train/Purple_Finch/703.jpg	A bird perched on branch, head slightly tilted.
../dataset/datasets/imb_cub_0.01/train/Purple_Finch/704.jpg	A bird stands on ground, head slightly tilted forward.
../dataset/datasets/imb_cub_0.01/train/Purple_Finch/698.jpg	A bird perched, head slightly tilted.
../dataset/datasets/imb_cub_0.01/train/Purple_Finch/700.jpg	A bird perched on branch, facing right.
../dataset/datasets/imb_cub_0.01/train/Purple_Finch/706.jpg	A bird perches on feeder, head tilted slightly.
../dataset/datasets/imb_cub_0.01/train/Purple_Finch/701.jpg	A bird perched on branch, facing left.
../dataset/datasets/imb_cub_0.01/train/Purple_Finch/702.jpg	A bird perched on branch, facing left.
../dataset/datasets/imb_cub_0.01/train/Northern_Flicker/713.jpg	A bird perches on tree trunk, clinging with one foot.
../dataset/datasets/imb_cub_0.01/train/Northern_Flicker/717.jpg	A bird stands on rocks, beak open.
../dataset/datasets/imb_cub_0.01/train/Northern_Flicker/714.jpg	A bird perches on branch, head slightly tilted.
../dataset/datasets/imb_cub_0.01/train/Northern_Flicker/712.jpg	A bird perched on branch, head slightly turned.
../dataset/datasets/imb_cub_0.01/train/Northern_Flicker/719.jpg	a bird perched on branch, facing left.
../dataset/datasets/imb_cub_0.01/train/Northern_Flicker/710.jpg	A bird perched on umbrella.
../dataset/datasets/imb_cub_0.01/train/Northern_Flicker/708.jpg	A bird perched on wire, facing right.
../dataset/datasets/imb_cub_0.01/train/Northern_Flicker/715.jpg	A bird perched on branch, head turned right.
../dataset/datasets/imb_cub_0.01/train/Northern_Flicker/711.jpg	A bird perches on wood, head slightly tilted.
../dataset/datasets/imb_cub_0.01/train/Northern_Flicker/718.jpg	A bird perches on fence post.
../dataset/datasets/imb_cub_0.01/train/Northern_Flicker/716.jpg	A bird stands on rocks, head slightly tilted.
../dataset/datasets/imb_cub_0.01/train/Northern_Flicker/707.jpg	A bird stands on grass, head slightly tilted.
../dataset/datasets/imb_cub_0.01/train/Northern_Flicker/709.jpg	A bird perched, head slightly tilted.
../dataset/datasets/imb_cub_0.01/train/Acadian_Flycatcher/720.jpg	A bird perched on branch, beak open.
../dataset/datasets/imb_cub_0.01/train/Acadian_Flycatcher/725.jpg	A bird perches on a branch, facing left.
../dataset/datasets/imb_cub_0.01/train/Acadian_Flycatcher/731.jpg	A bird perches on branch, holding insect.
../dataset/datasets/imb_cub_0.01/train/Acadian_Flycatcher/728.jpg	A bird perches on branch, head slightly tilted.
../dataset/datasets/imb_cub_0.01/train/Acadian_Flycatcher/722.jpg	A bird perched on hand, wings slightly spread.
../dataset/datasets/imb_cub_0.01/train/Acadian_Flycatcher/727.jpg	A bird perches on branch, beak open.
../dataset/datasets/imb_cub_0.01/train/Acadian_Flycatcher/726.jpg	A bird perched on branch, facing left.
../dataset/datasets/imb_cub_0.01/train/Acadian_Flycatcher/724.jpg	A bird perches on nest, looking down.
../dataset/datasets/imb_cub_0.01/train/Acadian_Flycatcher/721.jpg	A bird perched on branch, facing right.
../dataset/datasets/imb_cub_0.01/train/Acadian_Flycatcher/723.jpg	A bird perches on a branch, facing right.
../dataset/datasets/imb_cub_0.01/train/Acadian_Flycatcher/730.jpg	A bird perches on branch, facing right.
../dataset/datasets/imb_cub_0.01/train/Acadian_Flycatcher/729.jpg	A bird perches on branch, head turned slightly.
../dataset/datasets/imb_cub_0.01/train/Great_Crested_Flycatcher/743.jpg	a bird perched on branch, facing right.
../dataset/datasets/imb_cub_0.01/train/Great_Crested_Flycatcher/740.jpg	A bird perches on branch, head slightly turned.
../dataset/datasets/imb_cub_0.01/train/Great_Crested_Flycatcher/741.jpg	A bird perches on branch, head slightly tilted.
../dataset/datasets/imb_cub_0.01/train/Great_Crested_Flycatcher/732.jpg	a bird perched on branch, facing left.
../dataset/datasets/imb_cub_0.01/train/Great_Crested_Flycatcher/734.jpg	a bird perched on branch, facing left.
../dataset/datasets/imb_cub_0.01/train/Great_Crested_Flycatcher/739.jpg	A bird perches near tree hole, wings slightly spread.
../dataset/datasets/imb_cub_0.01/train/Great_Crested_Flycatcher/736.jpg	A bird perched on branch, facing left.
../dataset/datasets/imb_cub_0.01/train/Great_Crested_Flycatcher/737.jpg	A bird perches on branch, head slightly tilted.
../dataset/datasets/imb_cub_0.01/train/Great_Crested_Flycatcher/733.jpg	a bird perched on wire, facing left.
../dataset/datasets/imb_cub_0.01/train/Great_Crested_Flycatcher/735.jpg	A bird perches on branch, facing left.
../dataset/datasets/imb_cub_0.01/train/Great_Crested_Flycatcher/742.jpg	A bird perched on branch, facing left.
../dataset/datasets/imb_cub_0.01/train/Great_Crested_Flycatcher/738.jpg	A bird perches on branch, tail extended.
../dataset/datasets/imb_cub_0.01/train/Least_Flycatcher/747.jpg	A bird perches on branch, facing left.
../dataset/datasets/imb_cub_0.01/train/Least_Flycatcher/752.jpg	A bird perches on branch, facing right.
../dataset/datasets/imb_cub_0.01/train/Least_Flycatcher/746.jpg	A bird perches on branch, facing right.
../dataset/datasets/imb_cub_0.01/train/Least_Flycatcher/744.jpg	A bird perches on branch, facing right.
../dataset/datasets/imb_cub_0.01/train/Least_Flycatcher/748.jpg	A bird perches on branch, facing right.
../dataset/datasets/imb_cub_0.01/train/Least_Flycatcher/750.jpg	a bird perched on branch, facing left.
../dataset/datasets/imb_cub_0.01/train/Least_Flycatcher/749.jpg	A bird perches on branch, facing right.
../dataset/datasets/imb_cub_0.01/train/Least_Flycatcher/755.jpg	A bird perches on branch, facing slightly left.
../dataset/datasets/imb_cub_0.01/train/Least_Flycatcher/754.jpg	A bird perched on a hand, slightly tilted.
../dataset/datasets/imb_cub_0.01/train/Least_Flycatcher/745.jpg	A bird perches on branch, facing right.
../dataset/datasets/imb_cub_0.01/train/Least_Flycatcher/751.jpg	A bird perched on branch, facing right.
../dataset/datasets/imb_cub_0.01/train/Least_Flycatcher/753.jpg	A bird perches on branch, beak open.
../dataset/datasets/imb_cub_0.01/train/Olive_sided_Flycatcher/765.jpg	A bird perches on branch, facing right.
../dataset/datasets/imb_cub_0.01/train/Olive_sided_Flycatcher/762.jpg	A bird perches on branch, head slightly tilted.
../dataset/datasets/imb_cub_0.01/train/Olive_sided_Flycatcher/763.jpg	A bird perched on branch, facing right.
../dataset/datasets/imb_cub_0.01/train/Olive_sided_Flycatcher/767.jpg	A bird perched on branch, open beak.
../dataset/datasets/imb_cub_0.01/train/Olive_sided_Flycatcher/761.jpg	A bird perches on branch, facing left.
../dataset/datasets/imb_cub_0.01/train/Olive_sided_Flycatcher/760.jpg	A bird perched on branch, holding insect in beak.
../dataset/datasets/imb_cub_0.01/train/Olive_sided_Flycatcher/758.jpg	A bird perches on branch, facing right.
../dataset/datasets/imb_cub_0.01/train/Olive_sided_Flycatcher/759.jpg	A bird perched on branch, facing right.
../dataset/datasets/imb_cub_0.01/train/Olive_sided_Flycatcher/756.jpg	A bird perched on hand, wings slightly spread.
../dataset/datasets/imb_cub_0.01/train/Olive_sided_Flycatcher/757.jpg	A bird perches on branch, facing right.
../dataset/datasets/imb_cub_0.01/train/Olive_sided_Flycatcher/766.jpg	a bird perched on branch, facing right.
../dataset/datasets/imb_cub_0.01/train/Olive_sided_Flycatcher/764.jpg	A bird perches on branch, facing left.
../dataset/datasets/imb_cub_0.01/train/Scissor_tailed_Flycatcher/771.jpg	a bird perched on barbed wire.
../dataset/datasets/imb_cub_0.01/train/Scissor_tailed_Flycatcher/768.jpg	a bird perched on branch, tail fanned out.
../dataset/datasets/imb_cub_0.01/train/Scissor_tailed_Flycatcher/770.jpg	A bird perches on branch, tail extended.
../dataset/datasets/imb_cub_0.01/train/Scissor_tailed_Flycatcher/776.jpg	A bird perches on branch, head slightly tilted.
../dataset/datasets/imb_cub_0.01/train/Scissor_tailed_Flycatcher/773.jpg	a bird perched on barbed wire, tail fanned out.
../dataset/datasets/imb_cub_0.01/train/Scissor_tailed_Flycatcher/777.jpg	a bird perched on barbed wire, tail extended.
../dataset/datasets/imb_cub_0.01/train/Scissor_tailed_Flycatcher/778.jpg	a bird perched, tail extended.
../dataset/datasets/imb_cub_0.01/train/Scissor_tailed_Flycatcher/774.jpg	A bird perches on post, tail extended.
../dataset/datasets/imb_cub_0.01/train/Scissor_tailed_Flycatcher/772.jpg	a bird perched on wire, tail fanned out.
../dataset/datasets/imb_cub_0.01/train/Scissor_tailed_Flycatcher/775.jpg	a bird stands still, tail extended.
../dataset/datasets/imb_cub_0.01/train/Scissor_tailed_Flycatcher/769.jpg	a bird perched on barbed wire.
../dataset/datasets/imb_cub_0.01/train/Vermilion_Flycatcher/782.jpg	A bird perches on branch, head slightly tilted.
../dataset/datasets/imb_cub_0.01/train/Vermilion_Flycatcher/781.jpg	A bird perches on branch, head slightly tilted.
../dataset/datasets/imb_cub_0.01/train/Vermilion_Flycatcher/786.jpg	A bird perches on barbed wire, facing left.
../dataset/datasets/imb_cub_0.01/train/Vermilion_Flycatcher/787.jpg	A bird perches on branch, head slightly tilted.
../dataset/datasets/imb_cub_0.01/train/Vermilion_Flycatcher/785.jpg	A bird perches on a branch, facing left.
../dataset/datasets/imb_cub_0.01/train/Vermilion_Flycatcher/780.jpg	A bird perched on a branch, facing right.
../dataset/datasets/imb_cub_0.01/train/Vermilion_Flycatcher/789.jpg	A bird perches on branch, facing left.
../dataset/datasets/imb_cub_0.01/train/Vermilion_Flycatcher/788.jpg	A bird perches on branch, head slightly tilted.
../dataset/datasets/imb_cub_0.01/train/Vermilion_Flycatcher/783.jpg	A bird perches on branch, head slightly tilted.
../dataset/datasets/imb_cub_0.01/train/Vermilion_Flycatcher/779.jpg	A bird perches on branch, facing left.
../dataset/datasets/imb_cub_0.01/train/Vermilion_Flycatcher/784.jpg	a bird perched on branch, head slightly tilted.
../dataset/datasets/imb_cub_0.01/train/Yellow_bellied_Flycatcher/794.jpg	A bird perches on branch, facing left.
../dataset/datasets/imb_cub_0.01/train/Yellow_bellied_Flycatcher/800.jpg	A bird perches on branch, facing left.
../dataset/datasets/imb_cub_0.01/train/Yellow_bellied_Flycatcher/798.jpg	A bird perches on a branch, facing left.
../dataset/datasets/imb_cub_0.01/train/Yellow_bellied_Flycatcher/792.jpg	A bird perches on branch, tail extended.
../dataset/datasets/imb_cub_0.01/train/Yellow_bellied_Flycatcher/797.jpg	A bird perches on post, holding insect in beak.
../dataset/datasets/imb_cub_0.01/train/Yellow_bellied_Flycatcher/791.jpg	A bird perches on branch, facing left.
../dataset/datasets/imb_cub_0.01/train/Yellow_bellied_Flycatcher/790.jpg	A bird perched on a hand, facing right.
../dataset/datasets/imb_cub_0.01/train/Yellow_bellied_Flycatcher/796.jpg	A bird perched on branch, facing left.
../dataset/datasets/imb_cub_0.01/train/Yellow_bellied_Flycatcher/795.jpg	A bird perches on branch, head slightly tilted.
../dataset/datasets/imb_cub_0.01/train/Yellow_bellied_Flycatcher/793.jpg	A bird perched on a hand, open beak.
../dataset/datasets/imb_cub_0.01/train/Yellow_bellied_Flycatcher/799.jpg	A bird perches on branch, facing right.
../dataset/datasets/imb_cub_0.01/train/Frigatebird/805.jpg	A bird perches on a rusted post, head slightly tilted.
../dataset/datasets/imb_cub_0.01/train/Frigatebird/802.jpg	A bird soars with wings spread wide.
../dataset/datasets/imb_cub_0.01/train/Frigatebird/811.jpg	A bird perches on post, head turned.
../dataset/datasets/imb_cub_0.01/train/Frigatebird/806.jpg	A bird soars with wings spread wide.
../dataset/datasets/imb_cub_0.01/train/Frigatebird/804.jpg	A bird perched on a post, facing right.
../dataset/datasets/imb_cub_0.01/train/Frigatebird/810.jpg	A bird soars with wings spread wide.
../dataset/datasets/imb_cub_0.01/train/Frigatebird/803.jpg	A bird perched, head slightly tilted.
../dataset/datasets/imb_cub_0.01/train/Frigatebird/807.jpg	A bird soars with wings spread wide.
../dataset/datasets/imb_cub_0.01/train/Frigatebird/801.jpg	A bird soars with wings spread wide.
../dataset/datasets/imb_cub_0.01/train/Frigatebird/808.jpg	A bird soars with wings spread wide.
../dataset/datasets/imb_cub_0.01/train/Frigatebird/809.jpg	A bird perches with inflated red gular pouch.
../dataset/datasets/imb_cub_0.01/train/Northern_Fulmar/817.jpg	A bird is floating on water, head slightly tilted.
../dataset/datasets/imb_cub_0.01/train/Northern_Fulmar/815.jpg	a bird lies on its side, legs spread.
../dataset/datasets/imb_cub_0.01/train/Northern_Fulmar/820.jpg	A bird is flying with wings spread, holding an object in its beak.
../dataset/datasets/imb_cub_0.01/train/Northern_Fulmar/818.jpg	A bird soars with wings spread wide.
../dataset/datasets/imb_cub_0.01/train/Northern_Fulmar/816.jpg	A bird soars with wings spread wide.
../dataset/datasets/imb_cub_0.01/train/Northern_Fulmar/819.jpg	A bird soars with wings spread wide.
../dataset/datasets/imb_cub_0.01/train/Northern_Fulmar/821.jpg	A bird floats calmly on water, wings slightly spread.
../dataset/datasets/imb_cub_0.01/train/Northern_Fulmar/813.jpg	A bird is flying with wings spread.
../dataset/datasets/imb_cub_0.01/train/Northern_Fulmar/814.jpg	A bird soars with wings spread, beak open.
../dataset/datasets/imb_cub_0.01/train/Northern_Fulmar/812.jpg	A bird perches on nest, head slightly tilted.
../dataset/datasets/imb_cub_0.01/train/Gadwall/827.jpg	A bird swims calmly, head slightly raised.
../dataset/datasets/imb_cub_0.01/train/Gadwall/828.jpg	A bird is landing on water with wings spread.
../dataset/datasets/imb_cub_0.01/train/Gadwall/825.jpg	A bird stands on water, head slightly tilted.
../dataset/datasets/imb_cub_0.01/train/Gadwall/822.jpg	A bird is swimming with its head slightly raised.
../dataset/datasets/imb_cub_0.01/train/Gadwall/829.jpg	A bird spreads its wings while standing in water.
../dataset/datasets/imb_cub_0.01/train/Gadwall/826.jpg	A bird swimming calmly.
../dataset/datasets/imb_cub_0.01/train/Gadwall/830.jpg	A bird stands still on water, head slightly tilted.
../dataset/datasets/imb_cub_0.01/train/Gadwall/824.jpg	A bird is diving into water.
../dataset/datasets/imb_cub_0.01/train/Gadwall/823.jpg	A bird is swimming with its head slightly tilted and wings tucked close to its body.
../dataset/datasets/imb_cub_0.01/train/Gadwall/831.jpg	A bird is swimming calmly on water.
../dataset/datasets/imb_cub_0.01/train/American_Goldfinch/841.jpg	A bird perches on branch, facing right.
../dataset/datasets/imb_cub_0.01/train/American_Goldfinch/838.jpg	A bird perches on branch, facing left.
../dataset/datasets/imb_cub_0.01/train/American_Goldfinch/836.jpg	A bird perches on barbed wire, head slightly tilted.
../dataset/datasets/imb_cub_0.01/train/American_Goldfinch/832.jpg	A bird perches on a plant, facing right.
../dataset/datasets/imb_cub_0.01/train/American_Goldfinch/835.jpg	A bird perches on a branch, facing left.
../dataset/datasets/imb_cub_0.01/train/American_Goldfinch/837.jpg	A bird perches on branch, facing right.
../dataset/datasets/imb_cub_0.01/train/American_Goldfinch/840.jpg	A bird perched on branch, facing left.
../dataset/datasets/imb_cub_0.01/train/American_Goldfinch/839.jpg	A bird perches on feeder, facing right.
../dataset/datasets/imb_cub_0.01/train/American_Goldfinch/833.jpg	A bird perched on branch, facing left.
../dataset/datasets/imb_cub_0.01/train/American_Goldfinch/834.jpg	A bird perches on branch, facing left.
../dataset/datasets/imb_cub_0.01/train/European_Goldfinch/847.jpg	A bird perches on a branch.
../dataset/datasets/imb_cub_0.01/train/European_Goldfinch/844.jpg	a bird stands on ground, head slightly tilted.
../dataset/datasets/imb_cub_0.01/train/European_Goldfinch/848.jpg	A bird perched on branch, facing right.
../dataset/datasets/imb_cub_0.01/train/European_Goldfinch/850.jpg	A bird perches on branch, head slightly turned.
../dataset/datasets/imb_cub_0.01/train/European_Goldfinch/846.jpg	A bird perches on a feeder, facing right.
../dataset/datasets/imb_cub_0.01/train/European_Goldfinch/843.jpg	A bird perches on a stem, facing right.
../dataset/datasets/imb_cub_0.01/train/European_Goldfinch/849.jpg	A bird perches on branch, facing right.
../dataset/datasets/imb_cub_0.01/train/European_Goldfinch/851.jpg	A bird perches on a branch, facing forward.
../dataset/datasets/imb_cub_0.01/train/European_Goldfinch/845.jpg	A bird perches on a branch, facing right.
../dataset/datasets/imb_cub_0.01/train/European_Goldfinch/842.jpg	A bird is in flight, wings spread wide.
../dataset/datasets/imb_cub_0.01/train/Boat_tailed_Grackle/858.jpg	A bird stands on one leg, head turned.
../dataset/datasets/imb_cub_0.01/train/Boat_tailed_Grackle/859.jpg	A bird is in flight, wings spread wide.
../dataset/datasets/imb_cub_0.01/train/Boat_tailed_Grackle/852.jpg	A bird stands on rocks, beak open.
../dataset/datasets/imb_cub_0.01/train/Boat_tailed_Grackle/860.jpg	A bird stands with wings slightly spread, facing left.
../dataset/datasets/imb_cub_0.01/train/Boat_tailed_Grackle/853.jpg	A bird perches on branch, head turned slightly.
../dataset/datasets/imb_cub_0.01/train/Boat_tailed_Grackle/855.jpg	A bird perches on post, head slightly tilted.
../dataset/datasets/imb_cub_0.01/train/Boat_tailed_Grackle/856.jpg	A bird perches on a post, head turned slightly.
../dataset/datasets/imb_cub_0.01/train/Boat_tailed_Grackle/854.jpg	A bird stands on water plants, head slightly tilted.
../dataset/datasets/imb_cub_0.01/train/Boat_tailed_Grackle/857.jpg	A bird perches on railing, head turned.
../dataset/datasets/imb_cub_0.01/train/Eared_Grebe/867.jpg	A bird is floating on water, head slightly tilted.
../dataset/datasets/imb_cub_0.01/train/Eared_Grebe/865.jpg	A bird is swimming with its head slightly tilted.
../dataset/datasets/imb_cub_0.01/train/Eared_Grebe/869.jpg	A bird is swimming calmly with its head slightly tilted.
../dataset/datasets/imb_cub_0.01/train/Eared_Grebe/861.jpg	A bird swims calmly on water.
../dataset/datasets/imb_cub_0.01/train/Eared_Grebe/866.jpg	A bird swims with head slightly raised, wings tucked close.
../dataset/datasets/imb_cub_0.01/train/Eared_Grebe/862.jpg	A bird swims calmly on water.
../dataset/datasets/imb_cub_0.01/train/Eared_Grebe/868.jpg	A bird swims calmly, head slightly tilted.
../dataset/datasets/imb_cub_0.01/train/Eared_Grebe/863.jpg	A bird is floating calmly on water.
../dataset/datasets/imb_cub_0.01/train/Eared_Grebe/864.jpg	A bird swims calmly, head slightly tilted.
../dataset/datasets/imb_cub_0.01/train/Horned_Grebe/870.jpg	A bird is swimming with its head tilted back.
../dataset/datasets/imb_cub_0.01/train/Horned_Grebe/871.jpg	A bird swimming, head slightly raised.
../dataset/datasets/imb_cub_0.01/train/Horned_Grebe/878.jpg	A bird is swimming calmly on water.
../dataset/datasets/imb_cub_0.01/train/Horned_Grebe/872.jpg	A bird is swimming with its head slightly tilted back.
../dataset/datasets/imb_cub_0.01/train/Horned_Grebe/876.jpg	A bird is swimming with its head slightly tilted back.
../dataset/datasets/imb_cub_0.01/train/Horned_Grebe/875.jpg	A bird is swimming with its head slightly raised.
../dataset/datasets/imb_cub_0.01/train/Horned_Grebe/873.jpg	A bird is swimming with its head slightly tilted.
../dataset/datasets/imb_cub_0.01/train/Horned_Grebe/874.jpg	A bird is swimming with its head slightly tilted.
../dataset/datasets/imb_cub_0.01/train/Horned_Grebe/877.jpg	A bird swims with head slightly raised, holding an insect in its beak.
../dataset/datasets/imb_cub_0.01/train/Pied_billed_Grebe/884.jpg	A bird is floating on water, head slightly tilted.
../dataset/datasets/imb_cub_0.01/train/Pied_billed_Grebe/886.jpg	A bird is floating calmly on water.
../dataset/datasets/imb_cub_0.01/train/Pied_billed_Grebe/881.jpg	A bird is floating calmly on water.
../dataset/datasets/imb_cub_0.01/train/Pied_billed_Grebe/882.jpg	A bird swims calmly, head slightly tilted.
../dataset/datasets/imb_cub_0.01/train/Pied_billed_Grebe/879.jpg	A bird is swimming calmly on water.
../dataset/datasets/imb_cub_0.01/train/Pied_billed_Grebe/883.jpg	A bird swims calmly, head slightly tilted.
../dataset/datasets/imb_cub_0.01/train/Pied_billed_Grebe/887.jpg	A bird swims, head slightly raised, holding prey in beak.
../dataset/datasets/imb_cub_0.01/train/Pied_billed_Grebe/880.jpg	A bird is floating on water, head slightly tilted.
../dataset/datasets/imb_cub_0.01/train/Pied_billed_Grebe/885.jpg	A bird is floating calmly on water.
../dataset/datasets/imb_cub_0.01/train/Western_Grebe/894.jpg	A bird swims calmly on rippling water.
../dataset/datasets/imb_cub_0.01/train/Western_Grebe/891.jpg	A bird swims with head turned, neck extended.
../dataset/datasets/imb_cub_0.01/train/Western_Grebe/889.jpg	A bird swims calmly on water.
../dataset/datasets/imb_cub_0.01/train/Western_Grebe/888.jpg	A bird floats calmly on water, head slightly tilted.
../dataset/datasets/imb_cub_0.01/train/Western_Grebe/895.jpg	A bird is floating on water, head slightly tilted.
../dataset/datasets/imb_cub_0.01/train/Western_Grebe/892.jpg	A bird swims gracefully on calm water.
../dataset/datasets/imb_cub_0.01/train/Western_Grebe/890.jpg	A bird is floating on water with its head turned to the side, beak slightly open.
../dataset/datasets/imb_cub_0.01/train/Western_Grebe/893.jpg	A bird floats calmly on water, head slightly tilted.
../dataset/datasets/imb_cub_0.01/train/Blue_Grosbeak/898.jpg	A bird perched on leaves, head slightly turned.
../dataset/datasets/imb_cub_0.01/train/Blue_Grosbeak/897.jpg	A bird perches on a plant stem, facing right.
../dataset/datasets/imb_cub_0.01/train/Blue_Grosbeak/900.jpg	A bird perches on branch, head slightly tilted.
../dataset/datasets/imb_cub_0.01/train/Blue_Grosbeak/902.jpg	a bird stands on ground, head slightly tilted.
../dataset/datasets/imb_cub_0.01/train/Blue_Grosbeak/896.jpg	A bird perched on plant, facing left.
../dataset/datasets/imb_cub_0.01/train/Blue_Grosbeak/901.jpg	A bird perches on a branch, facing left.
../dataset/datasets/imb_cub_0.01/train/Blue_Grosbeak/903.jpg	A bird perches on a twig, facing right.
../dataset/datasets/imb_cub_0.01/train/Blue_Grosbeak/899.jpg	A bird stands on ground, head slightly turned.
../dataset/datasets/imb_cub_0.01/train/Evening_Grosbeak/911.jpg	A bird perched, beak open.
../dataset/datasets/imb_cub_0.01/train/Evening_Grosbeak/905.jpg	A bird perched on branch, facing left.
../dataset/datasets/imb_cub_0.01/train/Evening_Grosbeak/908.jpg	A bird perched on branch, facing right.
../dataset/datasets/imb_cub_0.01/train/Evening_Grosbeak/904.jpg	A bird perched on branch, facing left.
../dataset/datasets/imb_cub_0.01/train/Evening_Grosbeak/906.jpg	A bird stands on a wooden surface, head slightly tilted.
../dataset/datasets/imb_cub_0.01/train/Evening_Grosbeak/907.jpg	A bird perched on wood, facing left.
../dataset/datasets/imb_cub_0.01/train/Evening_Grosbeak/910.jpg	A bird perched on branch, facing left.
../dataset/datasets/imb_cub_0.01/train/Evening_Grosbeak/909.jpg	A bird perched on branch, facing left.
../dataset/datasets/imb_cub_0.01/train/Pine_Grosbeak/919.jpg	A bird perched on branch, facing right.
../dataset/datasets/imb_cub_0.01/train/Pine_Grosbeak/916.jpg	A bird perched on edge.
../dataset/datasets/imb_cub_0.01/train/Pine_Grosbeak/918.jpg	A bird perches on branch, beak near berries.
../dataset/datasets/imb_cub_0.01/train/Pine_Grosbeak/917.jpg	A bird perches on branch, facing right.
../dataset/datasets/imb_cub_0.01/train/Pine_Grosbeak/915.jpg	A bird is standing on snow, holding a pine cone.
../dataset/datasets/imb_cub_0.01/train/Pine_Grosbeak/912.jpg	A bird perched on branch, facing right.
../dataset/datasets/imb_cub_0.01/train/Pine_Grosbeak/914.jpg	A bird perched on branch, holding berry.
../dataset/datasets/imb_cub_0.01/train/Pine_Grosbeak/913.jpg	A bird perched on branch, feeding on berries.
../dataset/datasets/imb_cub_0.01/train/Rose_breasted_Grosbeak/926.jpg	A bird perches on wood, facing left.
../dataset/datasets/imb_cub_0.01/train/Rose_breasted_Grosbeak/922.jpg	A bird perches on branch, facing right.
../dataset/datasets/imb_cub_0.01/train/Rose_breasted_Grosbeak/923.jpg	A bird perches on branch, head slightly turned.
../dataset/datasets/imb_cub_0.01/train/Rose_breasted_Grosbeak/920.jpg	A bird perches on wooden ledge, facing forward.
../dataset/datasets/imb_cub_0.01/train/Rose_breasted_Grosbeak/924.jpg	A bird perches on branch, facing right.
../dataset/datasets/imb_cub_0.01/train/Rose_breasted_Grosbeak/921.jpg	A bird perches on feeder, head slightly tilted.
../dataset/datasets/imb_cub_0.01/train/Rose_breasted_Grosbeak/927.jpg	A bird perches on branch, facing right.
../dataset/datasets/imb_cub_0.01/train/Rose_breasted_Grosbeak/925.jpg	A bird perches on branch, head slightly tilted.
../dataset/datasets/imb_cub_0.01/train/Pigeon_Guillemot/933.jpg	A bird perches on wood, head slightly tilted.
../dataset/datasets/imb_cub_0.01/train/Pigeon_Guillemot/928.jpg	A bird perches on rock, head slightly tilted.
../dataset/datasets/imb_cub_0.01/train/Pigeon_Guillemot/931.jpg	A bird is flying with wings spread, holding fish in its beak.
../dataset/datasets/imb_cub_0.01/train/Pigeon_Guillemot/929.jpg	A bird is swimming with wings slightly raised.
../dataset/datasets/imb_cub_0.01/train/Pigeon_Guillemot/932.jpg	A bird is swimming, holding fish in its beak.
../dataset/datasets/imb_cub_0.01/train/Pigeon_Guillemot/934.jpg	A bird swims calmly, head slightly raised.
../dataset/datasets/imb_cub_0.01/train/Pigeon_Guillemot/930.jpg	A bird stands on rocks, head slightly turned.
../dataset/datasets/imb_cub_0.01/train/California_Gull/936.jpg	A bird stands on sand, head slightly tilted.
../dataset/datasets/imb_cub_0.01/train/California_Gull/941.jpg	A bird soars with wings spread wide, tail tucked in.
../dataset/datasets/imb_cub_0.01/train/California_Gull/938.jpg	A bird stands on sand, head slightly tilted.
../dataset/datasets/imb_cub_0.01/train/California_Gull/935.jpg	A bird stands upright, facing left.
../dataset/datasets/imb_cub_0.01/train/California_Gull/937.jpg	A bird stands on one leg, head slightly tilted.
../dataset/datasets/imb_cub_0.01/train/California_Gull/940.jpg	A bird stands upright on a paved surface, facing right.
../dataset/datasets/imb_cub_0.01/train/California_Gull/939.jpg	A bird perches on a post.
../dataset/datasets/imb_cub_0.01/train/Glaucous_winged_Gull/945.jpg	A bird stands on one leg, head slightly tilted.
../dataset/datasets/imb_cub_0.01/train/Glaucous_winged_Gull/946.jpg	A bird stands on rocks, head slightly turned.
../dataset/datasets/imb_cub_0.01/train/Glaucous_winged_Gull/947.jpg	A bird stands on rocks, beak open.
../dataset/datasets/imb_cub_0.01/train/Glaucous_winged_Gull/942.jpg	A bird perches on railing, legs spread.
../dataset/datasets/imb_cub_0.01/train/Glaucous_winged_Gull/948.jpg	A bird stands on one leg, head slightly tilted.
../dataset/datasets/imb_cub_0.01/train/Glaucous_winged_Gull/944.jpg	A bird stands on one leg, head slightly tilted.
../dataset/datasets/imb_cub_0.01/train/Glaucous_winged_Gull/943.jpg	A bird stands on grass, head slightly tilted.
../dataset/datasets/imb_cub_0.01/train/Heermann_Gull/952.jpg	A bird stands on sandy ground, head slightly tilted.
../dataset/datasets/imb_cub_0.01/train/Heermann_Gull/950.jpg	A bird stands on rocks, head slightly tilted.
../dataset/datasets/imb_cub_0.01/train/Heermann_Gull/949.jpg	A bird stands on one leg, head slightly tilted.
../dataset/datasets/imb_cub_0.01/train/Heermann_Gull/953.jpg	a bird stands on one leg.
../dataset/datasets/imb_cub_0.01/train/Heermann_Gull/951.jpg	A bird stands on rocks, facing right.
../dataset/datasets/imb_cub_0.01/train/Heermann_Gull/954.jpg	A bird stands on sand, beak open.
../dataset/datasets/imb_cub_0.01/train/Heermann_Gull/955.jpg	A bird stands on one leg, head slightly tilted.
../dataset/datasets/imb_cub_0.01/train/Herring_Gull/962.jpg	A bird stands perched on a nest.
../dataset/datasets/imb_cub_0.01/train/Herring_Gull/959.jpg	A bird stands on a rock, facing left.
../dataset/datasets/imb_cub_0.01/train/Herring_Gull/961.jpg	A bird stands upright on a stump.
../dataset/datasets/imb_cub_0.01/train/Herring_Gull/957.jpg	A bird stands on one leg, head slightly tilted.
../dataset/datasets/imb_cub_0.01/train/Herring_Gull/960.jpg	a bird stands on rocks, head slightly turned.
../dataset/datasets/imb_cub_0.01/train/Herring_Gull/956.jpg	A bird soars with wings spread wide, tail fanned out.
../dataset/datasets/imb_cub_0.01/train/Herring_Gull/958.jpg	A bird perches on mossy rock, head slightly tilted.
../dataset/datasets/imb_cub_0.01/train/Ivory_Gull/968.jpg	A bird stands on one leg, head slightly tilted.
../dataset/datasets/imb_cub_0.01/train/Ivory_Gull/969.jpg	A bird stands on ice, facing left.
../dataset/datasets/imb_cub_0.01/train/Ivory_Gull/965.jpg	A bird perches calmly on metal surface.
../dataset/datasets/imb_cub_0.01/train/Ivory_Gull/963.jpg	A bird stands on rocky shore, facing right.
../dataset/datasets/imb_cub_0.01/train/Ivory_Gull/966.jpg	A bird stands on one leg, head slightly tilted.
../dataset/datasets/imb_cub_0.01/train/Ivory_Gull/967.jpg	A bird stands upright on rocky ground.
../dataset/datasets/imb_cub_0.01/train/Ivory_Gull/964.jpg	A bird is in flight, wings spread wide.
../dataset/datasets/imb_cub_0.01/train/Ring_billed_Gull/975.jpg	A bird is in flight, wings spread wide.
../dataset/datasets/imb_cub_0.01/train/Ring_billed_Gull/972.jpg	A bird stands on one leg, head slightly tilted.
../dataset/datasets/imb_cub_0.01/train/Ring_billed_Gull/970.jpg	A bird stands on snow, facing right.
../dataset/datasets/imb_cub_0.01/train/Ring_billed_Gull/971.jpg	A bird perches on wood, head slightly turned.
../dataset/datasets/imb_cub_0.01/train/Ring_billed_Gull/973.jpg	A bird is flying with wings spread wide.
../dataset/datasets/imb_cub_0.01/train/Ring_billed_Gull/974.jpg	A bird stands upright, legs spread.
../dataset/datasets/imb_cub_0.01/train/Slaty_backed_Gull/978.jpg	A bird stands on one leg, head turned slightly.
../dataset/datasets/imb_cub_0.01/train/Slaty_backed_Gull/979.jpg	A bird is in flight, wings spread.
../dataset/datasets/imb_cub_0.01/train/Slaty_backed_Gull/980.jpg	A bird stands perched on metal bars, facing left.
../dataset/datasets/imb_cub_0.01/train/Slaty_backed_Gull/981.jpg	A bird is floating on water, head slightly tilted.
../dataset/datasets/imb_cub_0.01/train/Slaty_backed_Gull/976.jpg	A bird stands on railing, head turned slightly.
../dataset/datasets/imb_cub_0.01/train/Slaty_backed_Gull/977.jpg	A bird is in flight, wings spread wide.
../dataset/datasets/imb_cub_0.01/train/Western_Gull/983.jpg	A bird stands on one leg, head turned slightly.
../dataset/datasets/imb_cub_0.01/train/Western_Gull/985.jpg	A bird stands on sand, head slightly tilted.
../dataset/datasets/imb_cub_0.01/train/Western_Gull/982.jpg	A bird stands perched on a wooden surface, facing right.
../dataset/datasets/imb_cub_0.01/train/Western_Gull/986.jpg	A bird stands on one leg, head turned slightly.
../dataset/datasets/imb_cub_0.01/train/Western_Gull/984.jpg	A bird stands on rocks, legs spread apart.
../dataset/datasets/imb_cub_0.01/train/Western_Gull/987.jpg	A bird stands on ice, head slightly turned.
../dataset/datasets/imb_cub_0.01/train/Anna_Hummingbird/993.jpg	A bird perches calmly on a branch.
../dataset/datasets/imb_cub_0.01/train/Anna_Hummingbird/988.jpg	A bird perched, beak near red object.
../dataset/datasets/imb_cub_0.01/train/Anna_Hummingbird/990.jpg	A bird is hovering near a flower, wings spread.
../dataset/datasets/imb_cub_0.01/train/Anna_Hummingbird/991.jpg	A bird is hovering near a feeder.
../dataset/datasets/imb_cub_0.01/train/Anna_Hummingbird/989.jpg	A bird is feeding on purple flowers.
../dataset/datasets/imb_cub_0.01/train/Anna_Hummingbird/992.jpg	A bird perches on a plant, facing left.
../dataset/datasets/imb_cub_0.01/train/Ruby_throated_Hummingbird/995.jpg	A bird is hovering near an orange feeder.
../dataset/datasets/imb_cub_0.01/train/Ruby_throated_Hummingbird/994.jpg	A bird is hovering with wings spread.
../dataset/datasets/imb_cub_0.01/train/Ruby_throated_Hummingbird/999.jpg	A bird is hovering near a feeder.
../dataset/datasets/imb_cub_0.01/train/Ruby_throated_Hummingbird/997.jpg	A bird is hovering near a feeder.
../dataset/datasets/imb_cub_0.01/train/Ruby_throated_Hummingbird/996.jpg	A bird perches on feeder, beak near liquid.
../dataset/datasets/imb_cub_0.01/train/Ruby_throated_Hummingbird/998.jpg	A bird perches, beak near bark.
../dataset/datasets/imb_cub_0.01/train/Rufous_Hummingbird/1005.jpg	A bird is hovering near a red object with wings spread.
../dataset/datasets/imb_cub_0.01/train/Rufous_Hummingbird/1000.jpg	A bird is hovering with wings spread.
../dataset/datasets/imb_cub_0.01/train/Rufous_Hummingbird/1002.jpg	A bird perches on feeder, head slightly tilted.
../dataset/datasets/imb_cub_0.01/train/Rufous_Hummingbird/1003.jpg	A bird is hovering near flowers.
../dataset/datasets/imb_cub_0.01/train/Rufous_Hummingbird/1004.jpg	A bird is hovering near yellow flowers.
../dataset/datasets/imb_cub_0.01/train/Rufous_Hummingbird/1001.jpg	A bird perches on branch, head turned slightly.
../dataset/datasets/imb_cub_0.01/train/Green_Violetear/1007.jpg	A bird perched, head turned.
../dataset/datasets/imb_cub_0.01/train/Green_Violetear/1008.jpg	A bird perches on branch, head slightly tilted.
../dataset/datasets/imb_cub_0.01/train/Green_Violetear/1009.jpg	A bird perches on a branch, facing forward.
../dataset/datasets/imb_cub_0.01/train/Green_Violetear/1011.jpg	A bird perches on branch, head slightly tilted.
../dataset/datasets/imb_cub_0.01/train/Green_Violetear/1006.jpg	A bird perches on branch, head slightly tilted.
../dataset/datasets/imb_cub_0.01/train/Green_Violetear/1010.jpg	A bird perched on branch, head slightly tilted.
../dataset/datasets/imb_cub_0.01/train/Long_tailed_Jaeger/1015.jpg	A bird stands upright, tail extended.
../dataset/datasets/imb_cub_0.01/train/Long_tailed_Jaeger/1016.jpg	A bird soars with wings spread wide.
../dataset/datasets/imb_cub_0.01/train/Long_tailed_Jaeger/1012.jpg	A bird soars with wings spread wide, tail feathers fanned out.
../dataset/datasets/imb_cub_0.01/train/Long_tailed_Jaeger/1014.jpg	A bird soars with wings spread wide, tail fanned out.
../dataset/datasets/imb_cub_0.01/train/Long_tailed_Jaeger/1013.jpg	A bird spreads wings, dips head into water.
../dataset/datasets/imb_cub_0.01/train/Pomarine_Jaeger/1020.jpg	A bird soars with wings spread wide.
../dataset/datasets/imb_cub_0.01/train/Pomarine_Jaeger/1019.jpg	A bird soars with wings spread wide.
../dataset/datasets/imb_cub_0.01/train/Pomarine_Jaeger/1021.jpg	A bird soars with wings fully extended.
../dataset/datasets/imb_cub_0.01/train/Pomarine_Jaeger/1018.jpg	A bird soars with wings spread wide against a clear blue sky.
../dataset/datasets/imb_cub_0.01/train/Pomarine_Jaeger/1017.jpg	A bird soars with wings spread wide.
../dataset/datasets/imb_cub_0.01/train/Blue_Jay/1024.jpg	A bird perched, holding food in beak.
../dataset/datasets/imb_cub_0.01/train/Blue_Jay/1023.jpg	A bird perches on a wooden post, facing right.
../dataset/datasets/imb_cub_0.01/train/Blue_Jay/1022.jpg	a bird stands on grass, head slightly tilted.
../dataset/datasets/imb_cub_0.01/train/Blue_Jay/1026.jpg	A bird perches on branch, facing left.
../dataset/datasets/imb_cub_0.01/train/Blue_Jay/1025.jpg	A bird perched on branch, head slightly tilted.
../dataset/datasets/imb_cub_0.01/train/Florida_Jay/1031.jpg	A bird perches on bench, tail extended.
../dataset/datasets/imb_cub_0.01/train/Florida_Jay/1030.jpg	A bird perches on branch, tail fanned out.
../dataset/datasets/imb_cub_0.01/train/Florida_Jay/1028.jpg	A bird perches on branch, head turned slightly.
../dataset/datasets/imb_cub_0.01/train/Florida_Jay/1029.jpg	A bird perched, holding food in beak.
../dataset/datasets/imb_cub_0.01/train/Florida_Jay/1027.jpg	A bird perched on branch, head turned slightly.
../dataset/datasets/imb_cub_0.01/train/Green_Jay/1036.jpg	A bird perched on branch, facing left.
../dataset/datasets/imb_cub_0.01/train/Green_Jay/1032.jpg	A bird perches on branch, head slightly tilted.
../dataset/datasets/imb_cub_0.01/train/Green_Jay/1034.jpg	A bird perched on branch, head slightly tilted.
../dataset/datasets/imb_cub_0.01/train/Green_Jay/1033.jpg	A bird stands on ground, head lowered.
../dataset/datasets/imb_cub_0.01/train/Green_Jay/1035.jpg	A bird perches on tree branch, head slightly tilted.
../dataset/datasets/imb_cub_0.01/train/Dark_eyed_Junco/1040.jpg	A bird stands on snow, facing forward.
../dataset/datasets/imb_cub_0.01/train/Dark_eyed_Junco/1041.jpg	A bird perched on branch, facing left.
../dataset/datasets/imb_cub_0.01/train/Dark_eyed_Junco/1038.jpg	A bird perched on branch, facing right.
../dataset/datasets/imb_cub_0.01/train/Dark_eyed_Junco/1037.jpg	a bird stands on grass, surrounded by fallen leaves.
../dataset/datasets/imb_cub_0.01/train/Dark_eyed_Junco/1039.jpg	A bird perches on branch, facing right.
../dataset/datasets/imb_cub_0.01/train/Tropical_Kingbird/1045.jpg	A bird perched on branch, holding insect.
../dataset/datasets/imb_cub_0.01/train/Tropical_Kingbird/1046.jpg	A bird perches on fence wire.
../dataset/datasets/imb_cub_0.01/train/Tropical_Kingbird/1044.jpg	A bird perched on wires, facing right.
../dataset/datasets/imb_cub_0.01/train/Tropical_Kingbird/1042.jpg	A bird perches on cattail, head slightly tilted.
../dataset/datasets/imb_cub_0.01/train/Tropical_Kingbird/1043.jpg	A bird perches on branch, facing left.
../dataset/datasets/imb_cub_0.01/train/Gray_Kingbird/1049.jpg	a bird perched on branch, facing right.
../dataset/datasets/imb_cub_0.01/train/Gray_Kingbird/1048.jpg	a bird perched on wire, facing right.
../dataset/datasets/imb_cub_0.01/train/Gray_Kingbird/1047.jpg	A bird perches on a wire, facing left.
../dataset/datasets/imb_cub_0.01/train/Gray_Kingbird/1050.jpg	a bird perched on branch, facing left.
../dataset/datasets/imb_cub_0.01/train/Belted_Kingfisher/1053.jpg	A bird perches on branch, head slightly tilted.
../dataset/datasets/imb_cub_0.01/train/Belted_Kingfisher/1054.jpg	A bird perches on railing, head turned.
../dataset/datasets/imb_cub_0.01/train/Belted_Kingfisher/1051.jpg	A bird perched on wire, head turned slightly.
../dataset/datasets/imb_cub_0.01/train/Belted_Kingfisher/1052.jpg	A bird perched on post, head turned slightly.
../dataset/datasets/imb_cub_0.01/train/Green_Kingfisher/1056.jpg	A bird perches on branch, head slightly tilted.
../dataset/datasets/imb_cub_0.01/train/Green_Kingfisher/1055.jpg	A bird perched on branch, facing left.
../dataset/datasets/imb_cub_0.01/train/Green_Kingfisher/1057.jpg	A bird perches on branch, head turned.
../dataset/datasets/imb_cub_0.01/train/Green_Kingfisher/1058.jpg	A bird perched on branch, facing right.
../dataset/datasets/imb_cub_0.01/train/Pied_Kingfisher/1061.jpg	A bird perches on branch, head slightly tilted.
../dataset/datasets/imb_cub_0.01/train/Pied_Kingfisher/1059.jpg	A bird perches on roof, head turned slightly.
../dataset/datasets/imb_cub_0.01/train/Pied_Kingfisher/1062.jpg	A bird stands on ground, head slightly tilted.
../dataset/datasets/imb_cub_0.01/train/Pied_Kingfisher/1060.jpg	A bird perches on branch, facing right.
../dataset/datasets/imb_cub_0.01/train/Ringed_Kingfisher/1065.jpg	A bird perched on branch, facing left.
../dataset/datasets/imb_cub_0.01/train/Ringed_Kingfisher/1064.jpg	A bird perches on branch, facing left.
../dataset/datasets/imb_cub_0.01/train/Ringed_Kingfisher/1066.jpg	A bird perches on railing, head slightly tilted.
../dataset/datasets/imb_cub_0.01/train/Ringed_Kingfisher/1063.jpg	A bird perches on branch, head slightly tilted.
../dataset/datasets/imb_cub_0.01/train/White_breasted_Kingfisher/1070.jpg	A bird perched on edge, facing right.
../dataset/datasets/imb_cub_0.01/train/White_breasted_Kingfisher/1067.jpg	A bird perched on wire, facing right.
../dataset/datasets/imb_cub_0.01/train/White_breasted_Kingfisher/1068.jpg	A bird perched on tree branch, head slightly tilted.
../dataset/datasets/imb_cub_0.01/train/White_breasted_Kingfisher/1069.jpg	A bird perches on a stick, head turned slightly.
../dataset/datasets/imb_cub_0.01/train/Red_legged_Kittiwake/1072.jpg	A bird perches on nest, head turned.
../dataset/datasets/imb_cub_0.01/train/Red_legged_Kittiwake/1073.jpg	A bird is in flight, wings spread, legs extended.
../dataset/datasets/imb_cub_0.01/train/Red_legged_Kittiwake/1071.jpg	A bird is flying with wings spread.
../dataset/datasets/imb_cub_0.01/train/Red_legged_Kittiwake/1074.jpg	A bird perches on rock, head slightly tilted.
../dataset/datasets/imb_cub_0.01/train/Horned_Lark/1077.jpg	A bird stands upright on grass.
../dataset/datasets/imb_cub_0.01/train/Horned_Lark/1078.jpg	A bird perched on a wooden post.
../dataset/datasets/imb_cub_0.01/train/Horned_Lark/1076.jpg	A bird stands on snow, head slightly tilted.
../dataset/datasets/imb_cub_0.01/train/Horned_Lark/1075.jpg	A bird perches on barbed wire.
../dataset/datasets/imb_cub_0.01/train/Pacific_Loon/1082.jpg	A bird is swimming with its head slightly tilted.
../dataset/datasets/imb_cub_0.01/train/Pacific_Loon/1080.jpg	A bird swims calmly, head slightly tilted.
../dataset/datasets/imb_cub_0.01/train/Pacific_Loon/1079.jpg	A bird is diving into water.
../dataset/datasets/imb_cub_0.01/train/Pacific_Loon/1081.jpg	A bird is swimming calmly on water.
../dataset/datasets/imb_cub_0.01/train/Mallard/1083.jpg	A bird is swimming.
../dataset/datasets/imb_cub_0.01/train/Mallard/1084.jpg	A bird stands on one leg, head slightly tilted.
../dataset/datasets/imb_cub_0.01/train/Mallard/1085.jpg	A bird stands on one leg, head slightly tilted.
../dataset/datasets/imb_cub_0.01/train/Mallard/1086.jpg	A bird is flapping its wings.
../dataset/datasets/imb_cub_0.01/train/Western_Meadowlark/1088.jpg	A bird perches on branch, head slightly tilted.
../dataset/datasets/imb_cub_0.01/train/Western_Meadowlark/1087.jpg	A bird perches on branch, head turned slightly.
../dataset/datasets/imb_cub_0.01/train/Western_Meadowlark/1089.jpg	A bird perches on a post, facing left.
../dataset/datasets/imb_cub_0.01/train/Hooded_Merganser/1092.jpg	A bird is swimming with its head slightly tilted.
../dataset/datasets/imb_cub_0.01/train/Hooded_Merganser/1091.jpg	A bird is taking off from water, wings spread.
../dataset/datasets/imb_cub_0.01/train/Hooded_Merganser/1090.jpg	A bird swims calmly, head slightly raised.
../dataset/datasets/imb_cub_0.01/train/Red_breasted_Merganser/1095.jpg	A bird is floating calmly on water, head slightly tilted.
../dataset/datasets/imb_cub_0.01/train/Red_breasted_Merganser/1094.jpg	A bird is swimming with its head slightly tilted forward.
../dataset/datasets/imb_cub_0.01/train/Red_breasted_Merganser/1093.jpg	A bird is taking off from water with wings spread.
../dataset/datasets/imb_cub_0.01/train/Mockingbird/1097.jpg	A bird perched on branch, facing right.
../dataset/datasets/imb_cub_0.01/train/Mockingbird/1096.jpg	A bird perches on a curved hook.
../dataset/datasets/imb_cub_0.01/train/Mockingbird/1098.jpg	a bird perched on branch.
../dataset/datasets/imb_cub_0.01/train/Nighthawk/1099.jpg	a bird perched on branch, head slightly turned.
../dataset/datasets/imb_cub_0.01/train/Nighthawk/1101.jpg	A bird perches on branch, wings slightly spread.
../dataset/datasets/imb_cub_0.01/train/Nighthawk/1100.jpg	a bird perched, head slightly tilted.
../dataset/datasets/imb_cub_0.01/train/Clark_Nutcracker/1103.jpg	A bird perched on branch, facing right.
../dataset/datasets/imb_cub_0.01/train/Clark_Nutcracker/1102.jpg	A bird perches on branch, head slightly tilted.
../dataset/datasets/imb_cub_0.01/train/Clark_Nutcracker/1104.jpg	A bird perches on rocks, head slightly tilted.
../dataset/datasets/imb_cub_0.01/train/White_breasted_Nuthatch/1105.jpg	A bird perches on branch, head slightly tilted.
../dataset/datasets/imb_cub_0.01/train/White_breasted_Nuthatch/1107.jpg	A bird perched on branch, head slightly tilted.
../dataset/datasets/imb_cub_0.01/train/White_breasted_Nuthatch/1106.jpg	A bird perches on wood, head slightly tilted.
../dataset/datasets/imb_cub_0.01/train/Baltimore_Oriole/1108.jpg	A bird perched on branch, facing right.
../dataset/datasets/imb_cub_0.01/train/Baltimore_Oriole/1109.jpg	A bird perched on branch, facing left.
../dataset/datasets/imb_cub_0.01/train/Baltimore_Oriole/1110.jpg	A bird perched on branch, facing right.
../dataset/datasets/imb_cub_0.01/train/Hooded_Oriole/1113.jpg	A bird perched on branch, facing right.
../dataset/datasets/imb_cub_0.01/train/Hooded_Oriole/1112.jpg	A bird perches on branch, head turned.
../dataset/datasets/imb_cub_0.01/train/Hooded_Oriole/1111.jpg	A bird perched on branch, facing right.
../dataset/datasets/imb_cub_0.01/train/Orchard_Oriole/1114.jpg	A bird perches on branch, facing right.
../dataset/datasets/imb_cub_0.01/train/Orchard_Oriole/1116.jpg	A bird perches on branch, head slightly tilted.
../dataset/datasets/imb_cub_0.01/train/Orchard_Oriole/1115.jpg	A bird perches on railing, facing left.
../dataset/datasets/imb_cub_0.01/train/Scott_Oriole/1119.jpg	A bird perches on branch, head slightly tilted.
../dataset/datasets/imb_cub_0.01/train/Scott_Oriole/1118.jpg	A bird stands on ground, head slightly tilted.
../dataset/datasets/imb_cub_0.01/train/Scott_Oriole/1117.jpg	A bird is perched on the ground, pecking at something.
../dataset/datasets/imb_cub_0.01/train/Ovenbird/1122.jpg	A bird perches on branch, holding insect.
../dataset/datasets/imb_cub_0.01/train/Ovenbird/1120.jpg	A bird perches on hand, wings slightly spread.
../dataset/datasets/imb_cub_0.01/train/Ovenbird/1121.jpg	a bird stands on ground, head slightly tilted.
../dataset/datasets/imb_cub_0.01/train/Brown_Pelican/1124.jpg	A bird stands with head tucked down, wings slightly folded.
../dataset/datasets/imb_cub_0.01/train/Brown_Pelican/1123.jpg	A bird stands with head slightly tilted, wings folded.
../dataset/datasets/imb_cub_0.01/train/White_Pelican/1125.jpg	A bird stands with head tucked, wings slightly spread.
../dataset/datasets/imb_cub_0.01/train/White_Pelican/1126.jpg	A bird stands with head tucked down, wings slightly folded.
../dataset/datasets/imb_cub_0.01/train/Western_Wood_Pewee/1128.jpg	a bird perched on a tree stump.
../dataset/datasets/imb_cub_0.01/train/Western_Wood_Pewee/1127.jpg	A bird perches on a plant, facing left.
../dataset/datasets/imb_cub_0.01/train/Sayornis/1129.jpg	A bird perches on rock, head turned slightly.
../dataset/datasets/imb_cub_0.01/train/Sayornis/1130.jpg	a bird perched, head down.
../dataset/datasets/imb_cub_0.01/train/American_Pipit/1132.jpg	A bird stands in water, head slightly tilted.
../dataset/datasets/imb_cub_0.01/train/American_Pipit/1131.jpg	A bird stands on one leg, head slightly tilted.
../dataset/datasets/imb_cub_0.01/train/Whip_poor_Will/1133.jpg	a bird perched on branch, head slightly turned.
../dataset/datasets/imb_cub_0.01/train/Whip_poor_Will/1134.jpg	a bird perched on post, head turned.
../dataset/datasets/imb_cub_0.01/train/Horned_Puffin/1135.jpg	A bird stands on rocks, head tilted down.
../dataset/datasets/imb_cub_0.01/train/Horned_Puffin/1136.jpg	A bird is floating on water, head slightly tilted.
../dataset/datasets/imb_cub_0.01/train/Common_Raven/1236.jpg	A bird is perched, eating something red.
../dataset/datasets/imb_cub_0.01/train/White_necked_Raven/1137.jpg	A bird perched, head turned, holding prey.
../dataset/datasets/imb_cub_0.01/train/White_necked_Raven/1138.jpg	A bird perches on rock, head turned.
../dataset/datasets/imb_cub_0.01/train/American_Redstart/1139.jpg	A bird perches on branch, head raised.
../dataset/datasets/imb_cub_0.01/train/American_Redstart/1140.jpg	A bird perched on branch, facing right.
../dataset/datasets/imb_cub_0.01/train/Geococcyx/1141.jpg	A bird stands alert, tail fanned out.
../dataset/datasets/imb_cub_0.01/train/Geococcyx/1142.jpg	A bird stands alert, head slightly lowered.
../dataset/datasets/imb_cub_0.01/train/Loggerhead_Shrike/1143.jpg	A bird perches on barbed wire, facing right.
../dataset/datasets/imb_cub_0.01/train/Loggerhead_Shrike/1144.jpg	a bird perched on branch, facing left.
../dataset/datasets/imb_cub_0.01/train/Great_Grey_Shrike/1145.jpg	A bird perches on branch, head slightly tilted.
../dataset/datasets/imb_cub_0.01/train/Great_Grey_Shrike/1146.jpg	A bird perches on branch, tail extended.
../dataset/datasets/imb_cub_0.01/train/Baird_Sparrow/1147.jpg	A bird perched, mouth open.
../dataset/datasets/imb_cub_0.01/train/Baird_Sparrow/1148.jpg	A bird stands perched on rocks, facing left.
../dataset/datasets/imb_cub_0.01/train/Black_throated_Sparrow/1150.jpg	A bird perches on branch, head slightly tilted.
../dataset/datasets/imb_cub_0.01/train/Black_throated_Sparrow/1149.jpg	A bird perches on branch, head slightly tilted.
../dataset/datasets/imb_cub_0.01/train/Brewer_Sparrow/1151.jpg	A bird perched among plants, head slightly tilted.
../dataset/datasets/imb_cub_0.01/train/Brewer_Sparrow/1152.jpg	A bird perches on branch, head slightly tilted.
../dataset/datasets/imb_cub_0.01/train/Chipping_Sparrow/1154.jpg	A bird perches on branch, head slightly tilted.
../dataset/datasets/imb_cub_0.01/train/Chipping_Sparrow/1153.jpg	A bird perches on branch, head slightly tilted.
../dataset/datasets/imb_cub_0.01/train/Clay_colored_Sparrow/1156.jpg	A bird perched on branch, head slightly tilted.
../dataset/datasets/imb_cub_0.01/train/Clay_colored_Sparrow/1155.jpg	A bird perches on branch, facing left.
../dataset/datasets/imb_cub_0.01/train/House_Sparrow/1158.jpg	A bird perched on branch, facing right.
../dataset/datasets/imb_cub_0.01/train/House_Sparrow/1157.jpg	A bird perched on branch, facing left.
../dataset/datasets/imb_cub_0.01/train/Field_Sparrow/1159.jpg	A bird perches on branch, wings slightly spread.
../dataset/datasets/imb_cub_0.01/train/Fox_Sparrow/1160.jpg	A bird stands on snow-covered ground, slightly crouched.
../dataset/datasets/imb_cub_0.01/train/Grasshopper_Sparrow/1161.jpg	A bird perched, mouth open.
../dataset/datasets/imb_cub_0.01/train/Harris_Sparrow/1162.jpg	A bird stands alert on dry ground.
../dataset/datasets/imb_cub_0.01/train/Henslow_Sparrow/1163.jpg	A bird perches on a blade of grass.
../dataset/datasets/imb_cub_0.01/train/Le_Conte_Sparrow/1164.jpg	A bird perched among tall grasses.
../dataset/datasets/imb_cub_0.01/train/Lincoln_Sparrow/1165.jpg	A bird stands alert on rocks.
../dataset/datasets/imb_cub_0.01/train/Nelson_Sharp_tailed_Sparrow/1237.jpg	A bird perches on a branch, facing left.
../dataset/datasets/imb_cub_0.01/train/Savannah_Sparrow/1166.jpg	A bird perches on rock, head slightly raised.
../dataset/datasets/imb_cub_0.01/train/Seaside_Sparrow/1167.jpg	A bird perches on grass, head slightly tilted.
../dataset/datasets/imb_cub_0.01/train/Song_Sparrow/1168.jpg	A bird stands on gravel, head slightly tilted.
../dataset/datasets/imb_cub_0.01/train/Tree_Sparrow/1169.jpg	A bird perched on branch, facing left.
../dataset/datasets/imb_cub_0.01/train/Vesper_Sparrow/1170.jpg	A bird stands on ground, head slightly raised.
../dataset/datasets/imb_cub_0.01/train/White_crowned_Sparrow/1171.jpg	A bird stands on grass, head slightly tilted.
../dataset/datasets/imb_cub_0.01/train/White_throated_Sparrow/1172.jpg	A bird perched, head slightly tilted.
../dataset/datasets/imb_cub_0.01/train/Cape_Glossy_Starling/1173.jpg	A bird stands on one leg, head slightly tilted.
../dataset/datasets/imb_cub_0.01/train/Bank_Swallow/1238.jpg	A bird is flying with wings spread wide.
../dataset/datasets/imb_cub_0.01/train/Barn_Swallow/1174.jpg	A bird perched, head slightly tilted.
../dataset/datasets/imb_cub_0.01/train/Cliff_Swallow/1175.jpg	A bird perches on branch, head slightly tilted.
../dataset/datasets/imb_cub_0.01/train/Tree_Swallow/1176.jpg	A bird perches on branch, facing right.
../dataset/datasets/imb_cub_0.01/train/Scarlet_Tanager/1177.jpg	A bird perched on a branch, facing left.
../dataset/datasets/imb_cub_0.01/train/Summer_Tanager/1178.jpg	A bird perched on branch, facing left.
../dataset/datasets/imb_cub_0.01/train/Artic_Tern/1239.jpg	A bird perches on a post, legs spread.
../dataset/datasets/imb_cub_0.01/train/Black_Tern/1179.jpg	A bird soars with wings spread wide.
../dataset/datasets/imb_cub_0.01/train/Caspian_Tern/1180.jpg	A bird stands on one leg, head slightly tilted.
../dataset/datasets/imb_cub_0.01/train/Common_Tern/1181.jpg	A bird stands on one leg, head slightly tilted.
../dataset/datasets/imb_cub_0.01/train/Elegant_Tern/1182.jpg	A bird stands on one leg, head slightly tilted.
../dataset/datasets/imb_cub_0.01/train/Forsters_Tern/1183.jpg	A bird stands with wings slightly raised, poised.
../dataset/datasets/imb_cub_0.01/train/Least_Tern/1184.jpg	A bird is preening on sandy ground.
../dataset/datasets/imb_cub_0.01/train/Green_tailed_Towhee/1185.jpg	a bird stands on ground, head slightly tilted.
../dataset/datasets/imb_cub_0.01/train/Brown_Thrasher/1186.jpg	A bird perches on branch, head slightly tilted.
../dataset/datasets/imb_cub_0.01/train/Sage_Thrasher/1187.jpg	A bird perches on a stump, tail slightly raised.
../dataset/datasets/imb_cub_0.01/train/Black_capped_Vireo/1188.jpg	A bird is perched, facing left.
../dataset/datasets/imb_cub_0.01/train/Blue_headed_Vireo/1189.jpg	A bird perched on branch, facing left.
../dataset/datasets/imb_cub_0.01/train/Philadelphia_Vireo/1190.jpg	A bird perched on a hand.
../dataset/datasets/imb_cub_0.01/train/Red_eyed_Vireo/1191.jpg	A bird perched on branch, facing left.
../dataset/datasets/imb_cub_0.01/train/Warbling_Vireo/1192.jpg	A bird perched on branch, head slightly tilted.
../dataset/datasets/imb_cub_0.01/train/White_eyed_Vireo/1193.jpg	A bird perched on branch, facing right.
../dataset/datasets/imb_cub_0.01/train/Yellow_throated_Vireo/1194.jpg	A bird perches on branch, facing left.
../dataset/datasets/imb_cub_0.01/train/Bay_breasted_Warbler/1195.jpg	A bird perched on branch, facing left.
../dataset/datasets/imb_cub_0.01/train/Black_and_white_Warbler/1196.jpg	A bird perched on branch, facing right.
../dataset/datasets/imb_cub_0.01/train/Black_throated_Blue_Warbler/1197.jpg	A bird perches on branch, head slightly tilted.
../dataset/datasets/imb_cub_0.01/train/Blue_winged_Warbler/1198.jpg	A bird perches on mossy surface, head slightly tilted.
../dataset/datasets/imb_cub_0.01/train/Canada_Warbler/1199.jpg	A bird perches on branch, facing forward.
../dataset/datasets/imb_cub_0.01/train/Cape_May_Warbler/1200.jpg	A bird perches on branch, head lowered.
../dataset/datasets/imb_cub_0.01/train/Cerulean_Warbler/1201.jpg	A bird perches on a branch, facing right.
../dataset/datasets/imb_cub_0.01/train/Chestnut_sided_Warbler/1202.jpg	A bird perches on branch, holding green insect.
../dataset/datasets/imb_cub_0.01/train/Golden_winged_Warbler/1203.jpg	A bird perches on branch, head slightly tilted.
../dataset/datasets/imb_cub_0.01/train/Hooded_Warbler/1204.jpg	A bird perches on metal, facing right.
../dataset/datasets/imb_cub_0.01/train/Kentucky_Warbler/1205.jpg	A bird stands on a branch, slightly tilted forward.
../dataset/datasets/imb_cub_0.01/train/Magnolia_Warbler/1206.jpg	A bird perches on a branch, head slightly tilted.
../dataset/datasets/imb_cub_0.01/train/Mourning_Warbler/1207.jpg	A bird stands on ground, slightly tilted head.
../dataset/datasets/imb_cub_0.01/train/Myrtle_Warbler/1208.jpg	A bird perches on branch, head slightly tilted.
../dataset/datasets/imb_cub_0.01/train/Nashville_Warbler/1209.jpg	A bird perches on branch, beak open.
../dataset/datasets/imb_cub_0.01/train/Orange_crowned_Warbler/1210.jpg	A bird perches on branch, head slightly turned.
../dataset/datasets/imb_cub_0.01/train/Palm_Warbler/1211.jpg	a bird stands upright near flowers.
../dataset/datasets/imb_cub_0.01/train/Pine_Warbler/1212.jpg	A bird perches on a post, facing left.
../dataset/datasets/imb_cub_0.01/train/Prairie_Warbler/1213.jpg	A bird perches on branch, head slightly tilted.
../dataset/datasets/imb_cub_0.01/train/Prothonotary_Warbler/1214.jpg	A bird perches on edge, head slightly tilted.
../dataset/datasets/imb_cub_0.01/train/Swainson_Warbler/1215.jpg	A bird perches on branch, legs spread.
../dataset/datasets/imb_cub_0.01/train/Tennessee_Warbler/1216.jpg	a bird perched on branch, facing right.
../dataset/datasets/imb_cub_0.01/train/Wilson_Warbler/1217.jpg	A bird perched on branch, facing left.
../dataset/datasets/imb_cub_0.01/train/Worm_eating_Warbler/1218.jpg	A bird perched on branch.
../dataset/datasets/imb_cub_0.01/train/Yellow_Warbler/1219.jpg	A bird perched on branch, facing left.
../dataset/datasets/imb_cub_0.01/train/Northern_Waterthrush/1220.jpg	A bird stands on rocks, head slightly lowered.
../dataset/datasets/imb_cub_0.01/train/Louisiana_Waterthrush/1221.jpg	A bird stands on rocks, head slightly tilted.
../dataset/datasets/imb_cub_0.01/train/Bohemian_Waxwing/1222.jpg	A bird perches on branch, holding food.
../dataset/datasets/imb_cub_0.01/train/Cedar_Waxwing/1223.jpg	A bird perched, head slightly tilted.
../dataset/datasets/imb_cub_0.01/train/American_Three_toed_Woodpecker/1224.jpg	A bird perches vertically on tree trunk.
../dataset/datasets/imb_cub_0.01/train/Pileated_Woodpecker/1225.jpg	A bird perched on branch, head turned slightly.
../dataset/datasets/imb_cub_0.01/train/Red_bellied_Woodpecker/1226.jpg	A bird perches on feeder, head slightly tilted.
../dataset/datasets/imb_cub_0.01/train/Red_cockaded_Woodpecker/1240.jpg	A bird perches near tree hole, head turned.
../dataset/datasets/imb_cub_0.01/train/Red_headed_Woodpecker/1227.jpg	A bird perched on branch, head slightly turned.
../dataset/datasets/imb_cub_0.01/train/Downy_Woodpecker/1228.jpg	A bird perches on tree trunk, head turned slightly.
../dataset/datasets/imb_cub_0.01/train/Bewick_Wren/1229.jpg	A bird perches with tail raised, wings slightly spread.
../dataset/datasets/imb_cub_0.01/train/Cactus_Wren/1230.jpg	A bird perches on branch, head turned slightly.
../dataset/datasets/imb_cub_0.01/train/Carolina_Wren/1231.jpg	A bird perches on branch, head slightly tilted.
../dataset/datasets/imb_cub_0.01/train/House_Wren/1241.jpg	A bird perches on a branch, facing left.
../dataset/datasets/imb_cub_0.01/train/Marsh_Wren/1232.jpg	A bird perches on reed, holding fluff.
../dataset/datasets/imb_cub_0.01/train/Rock_Wren/1233.jpg	A bird perched on rocks, facing left.
../dataset/datasets/imb_cub_0.01/train/Winter_Wren/1234.jpg	A bird perched on rock, facing left.
../dataset/datasets/imb_cub_0.01/train/Common_Yellowthroat/1235.jpg	A bird perches on branch, head slightly tilted.