image	response
../dataset/datasets/imb_cub_0.05/train/Black_footed_Albatross/5.jpg	Ocean waves.
../dataset/datasets/imb_cub_0.05/train/Black_footed_Albatross/7.jpg	The bird is floating on water.
../dataset/datasets/imb_cub_0.05/train/Black_footed_Albatross/17.jpg	A bird soars over calm, grayish-blue water.
../dataset/datasets/imb_cub_0.05/train/Black_footed_Albatross/10.jpg	A bird floats on calm water.
../dataset/datasets/imb_cub_0.05/train/Black_footed_Albatross/18.jpg	A bird flying over water.
../dataset/datasets/imb_cub_0.05/train/Black_footed_Albatross/26.jpg	Ocean waves.
../dataset/datasets/imb_cub_0.05/train/Black_footed_Albatross/15.jpg	The bird is floating on calm water with a blurred background.
../dataset/datasets/imb_cub_0.05/train/Black_footed_Albatross/22.jpg	The background is water.
../dataset/datasets/imb_cub_0.05/train/Black_footed_Albatross/12.jpg	The bird is flying over water.
../dataset/datasets/imb_cub_0.05/train/Black_footed_Albatross/13.jpg	Ocean waves.
../dataset/datasets/imb_cub_0.05/train/Black_footed_Albatross/27.jpg	A bird floats on calm blue water.
../dataset/datasets/imb_cub_0.05/train/Black_footed_Albatross/2.jpg	A bird soars over calm ocean waters under a gray sky.
../dataset/datasets/imb_cub_0.05/train/Black_footed_Albatross/8.jpg	A bird on water with blurred waves.
../dataset/datasets/imb_cub_0.05/train/Black_footed_Albatross/0.jpg	Ocean.
../dataset/datasets/imb_cub_0.05/train/Black_footed_Albatross/4.jpg	Ocean and sky.
../dataset/datasets/imb_cub_0.05/train/Black_footed_Albatross/3.jpg	Ocean waves.
../dataset/datasets/imb_cub_0.05/train/Black_footed_Albatross/28.jpg	A bird on calm blue water.
../dataset/datasets/imb_cub_0.05/train/Black_footed_Albatross/16.jpg	Ocean waves.
../dataset/datasets/imb_cub_0.05/train/Black_footed_Albatross/25.jpg	Ocean and sky.
../dataset/datasets/imb_cub_0.05/train/Black_footed_Albatross/9.jpg	Water.
../dataset/datasets/imb_cub_0.05/train/Black_footed_Albatross/6.jpg	Water.
../dataset/datasets/imb_cub_0.05/train/Black_footed_Albatross/14.jpg	A bird soars over blue ocean waves.
../dataset/datasets/imb_cub_0.05/train/Black_footed_Albatross/24.jpg	Water.
../dataset/datasets/imb_cub_0.05/train/Black_footed_Albatross/11.jpg	Ocean waves.
../dataset/datasets/imb_cub_0.05/train/Black_footed_Albatross/19.jpg	Oceanic, underwater scene with fish.
../dataset/datasets/imb_cub_0.05/train/Black_footed_Albatross/21.jpg	A bird soars over deep blue ocean.
../dataset/datasets/imb_cub_0.05/train/Black_footed_Albatross/1.jpg	Ocean waves.
../dataset/datasets/imb_cub_0.05/train/Black_footed_Albatross/23.jpg	The background is blurred with green and brown hues.
../dataset/datasets/imb_cub_0.05/train/Black_footed_Albatross/20.jpg	The bird is set against a plain, light sky.
../dataset/datasets/imb_cub_0.05/train/Laysan_Albatross/51.jpg	Grassy, rocky.
../dataset/datasets/imb_cub_0.05/train/Laysan_Albatross/40.jpg	Water.
../dataset/datasets/imb_cub_0.05/train/Laysan_Albatross/31.jpg	Clear blue sky.
../dataset/datasets/imb_cub_0.05/train/Laysan_Albatross/41.jpg	Clear blue sky.
../dataset/datasets/imb_cub_0.05/train/Laysan_Albatross/55.jpg	The background is calm water.
../dataset/datasets/imb_cub_0.05/train/Laysan_Albatross/53.jpg	Ocean water.
../dataset/datasets/imb_cub_0.05/train/Laysan_Albatross/54.jpg	A bird is on a tray with people and a wall behind it.
../dataset/datasets/imb_cub_0.05/train/Laysan_Albatross/52.jpg	Ocean waves.
../dataset/datasets/imb_cub_0.05/train/Laysan_Albatross/33.jpg	Grass and dirt.
../dataset/datasets/imb_cub_0.05/train/Laysan_Albatross/32.jpg	The background is a plain, light gray sky.
../dataset/datasets/imb_cub_0.05/train/Laysan_Albatross/35.jpg	The background is dark.
../dataset/datasets/imb_cub_0.05/train/Laysan_Albatross/36.jpg	Ocean waves.
../dataset/datasets/imb_cub_0.05/train/Laysan_Albatross/30.jpg	The background features greenery and a concrete surface.
../dataset/datasets/imb_cub_0.05/train/Laysan_Albatross/29.jpg	The bird is set against a plain, light gray background.
../dataset/datasets/imb_cub_0.05/train/Laysan_Albatross/39.jpg	Ocean water.
../dataset/datasets/imb_cub_0.05/train/Laysan_Albatross/48.jpg	Grass, leaves, sunlight.
../dataset/datasets/imb_cub_0.05/train/Laysan_Albatross/34.jpg	The background is water.
../dataset/datasets/imb_cub_0.05/train/Laysan_Albatross/57.jpg	A bird soars against a blue sky with scattered clouds and rocky terrain below.
../dataset/datasets/imb_cub_0.05/train/Laysan_Albatross/49.jpg	A bird against blue sky and water.
../dataset/datasets/imb_cub_0.05/train/Laysan_Albatross/42.jpg	A bird stands against tree trunk and grass.
../dataset/datasets/imb_cub_0.05/train/Laysan_Albatross/47.jpg	Clear blue sky.
../dataset/datasets/imb_cub_0.05/train/Laysan_Albatross/46.jpg	The background is dark and blurred.
../dataset/datasets/imb_cub_0.05/train/Laysan_Albatross/45.jpg	A bird soars against a clear blue sky.
../dataset/datasets/imb_cub_0.05/train/Laysan_Albatross/43.jpg	Green grass, blurred background.
../dataset/datasets/imb_cub_0.05/train/Laysan_Albatross/37.jpg	A bird soars against a clear blue sky.
../dataset/datasets/imb_cub_0.05/train/Laysan_Albatross/44.jpg	A bird soars against a blue sky with scattered clouds and green trees below.
../dataset/datasets/imb_cub_0.05/train/Laysan_Albatross/50.jpg	Water.
../dataset/datasets/imb_cub_0.05/train/Laysan_Albatross/38.jpg	Grass, leaves, sunlight.
../dataset/datasets/imb_cub_0.05/train/Laysan_Albatross/56.jpg	The background is grassy and earthy.
../dataset/datasets/imb_cub_0.05/train/Sooty_Albatross/61.jpg	Ocean and sky.
../dataset/datasets/imb_cub_0.05/train/Sooty_Albatross/70.jpg	Ocean.
../dataset/datasets/imb_cub_0.05/train/Sooty_Albatross/84.jpg	A bird soars against a cloudy sky.
../dataset/datasets/imb_cub_0.05/train/Sooty_Albatross/66.jpg	Cloudy sky.
../dataset/datasets/imb_cub_0.05/train/Sooty_Albatross/78.jpg	A bird on calm water.
../dataset/datasets/imb_cub_0.05/train/Sooty_Albatross/82.jpg	A bird stands on grass with blue ocean and rocks in the background.
../dataset/datasets/imb_cub_0.05/train/Sooty_Albatross/83.jpg	A bird soars against a clear blue sky.
../dataset/datasets/imb_cub_0.05/train/Sooty_Albatross/85.jpg	Ocean waves.
../dataset/datasets/imb_cub_0.05/train/Sooty_Albatross/69.jpg	Ocean water.
../dataset/datasets/imb_cub_0.05/train/Sooty_Albatross/72.jpg	A bird soars over dark, textured ocean.
../dataset/datasets/imb_cub_0.05/train/Sooty_Albatross/59.jpg	Grass, rocks, and vegetation.
../dataset/datasets/imb_cub_0.05/train/Sooty_Albatross/68.jpg	The background shows an outdoor setting with grass, trees, and a structure.
../dataset/datasets/imb_cub_0.05/train/Sooty_Albatross/60.jpg	Ocean and cliffs.
../dataset/datasets/imb_cub_0.05/train/Sooty_Albatross/67.jpg	The background is blurred green.
../dataset/datasets/imb_cub_0.05/train/Sooty_Albatross/71.jpg	Ocean.
../dataset/datasets/imb_cub_0.05/train/Sooty_Albatross/77.jpg	Ocean waves.
../dataset/datasets/imb_cub_0.05/train/Sooty_Albatross/62.jpg	A bird stands on sandy ground with patches of green vegetation.
../dataset/datasets/imb_cub_0.05/train/Sooty_Albatross/81.jpg	The background is dark blue.
../dataset/datasets/imb_cub_0.05/train/Sooty_Albatross/58.jpg	A bird soars against a clear blue sky.
../dataset/datasets/imb_cub_0.05/train/Sooty_Albatross/65.jpg	A bird stands on grassy hillside, overlooking lake and mountains.
../dataset/datasets/imb_cub_0.05/train/Sooty_Albatross/80.jpg	The bird is flying against a clear blue sky.
../dataset/datasets/imb_cub_0.05/train/Sooty_Albatross/76.jpg	A bird soars against a blue sky backdrop.
../dataset/datasets/imb_cub_0.05/train/Sooty_Albatross/75.jpg	The background consists of moss-covered rocks and vegetation.
../dataset/datasets/imb_cub_0.05/train/Sooty_Albatross/86.jpg	A bird soars over blue ocean.
../dataset/datasets/imb_cub_0.05/train/Sooty_Albatross/63.jpg	The background is a plain, light gray sky.
../dataset/datasets/imb_cub_0.05/train/Sooty_Albatross/73.jpg	The background is a clear, light blue sky.
../dataset/datasets/imb_cub_0.05/train/Sooty_Albatross/74.jpg	A bird soars over ocean, Antarctica.
../dataset/datasets/imb_cub_0.05/train/Sooty_Albatross/64.jpg	A bird soars over textured water.
../dataset/datasets/imb_cub_0.05/train/Sooty_Albatross/79.jpg	The background is a clear, light sky.
../dataset/datasets/imb_cub_0.05/train/Groove_billed_Ani/102.jpg	The background is a plain, light sky.
../dataset/datasets/imb_cub_0.05/train/Groove_billed_Ani/97.jpg	The background is a blurred mix of green foliage and sky.
../dataset/datasets/imb_cub_0.05/train/Groove_billed_Ani/99.jpg	A bird perched on bare branches with green leaves.
../dataset/datasets/imb_cub_0.05/train/Groove_billed_Ani/96.jpg	A bird perched on a tree with a clear sky and sparse foliage.
../dataset/datasets/imb_cub_0.05/train/Groove_billed_Ani/110.jpg	Green foliage, blurred background.
../dataset/datasets/imb_cub_0.05/train/Groove_billed_Ani/98.jpg	Green foliage.
../dataset/datasets/imb_cub_0.05/train/Groove_billed_Ani/108.jpg	The bird is perched on green foliage with some red leaves and branches in the background.
../dataset/datasets/imb_cub_0.05/train/Groove_billed_Ani/87.jpg	Green grass and barbed wire.
../dataset/datasets/imb_cub_0.05/train/Groove_billed_Ani/103.jpg	A bird perched on tree branches with green leaves and blue sky.
../dataset/datasets/imb_cub_0.05/train/Groove_billed_Ani/106.jpg	A bird perched on tree branches against a clear sky.
../dataset/datasets/imb_cub_0.05/train/Groove_billed_Ani/101.jpg	Desert-like, blurred, sandy.
../dataset/datasets/imb_cub_0.05/train/Groove_billed_Ani/88.jpg	A bird perched on tree branch with green leaves and blue sky.
../dataset/datasets/imb_cub_0.05/train/Groove_billed_Ani/107.jpg	Green leaves, grass, rock.
../dataset/datasets/imb_cub_0.05/train/Groove_billed_Ani/105.jpg	The bird is perched on a branch with dried leaves and greenery in the background.
../dataset/datasets/imb_cub_0.05/train/Groove_billed_Ani/95.jpg	The background consists of green foliage and a blurred wall.
../dataset/datasets/imb_cub_0.05/train/Groove_billed_Ani/104.jpg	Green leaves, blue sky.
../dataset/datasets/imb_cub_0.05/train/Groove_billed_Ani/90.jpg	A bird perched on wooden post, blurred wooden fence and greenery behind.
../dataset/datasets/imb_cub_0.05/train/Groove_billed_Ani/114.jpg	The background is blurred with green and brown tones.
../dataset/datasets/imb_cub_0.05/train/Groove_billed_Ani/91.jpg	Green grass, blurred flowers.
../dataset/datasets/imb_cub_0.05/train/Groove_billed_Ani/112.jpg	The background is blurred green foliage.
../dataset/datasets/imb_cub_0.05/train/Groove_billed_Ani/93.jpg	A bird perched on branch, green foliage blurred behind.
../dataset/datasets/imb_cub_0.05/train/Groove_billed_Ani/92.jpg	A bird perched on a branch amidst green foliage.
../dataset/datasets/imb_cub_0.05/train/Groove_billed_Ani/94.jpg	Dry grass.
../dataset/datasets/imb_cub_0.05/train/Groove_billed_Ani/109.jpg	Dry grass and twigs.
../dataset/datasets/imb_cub_0.05/train/Groove_billed_Ani/100.jpg	The background is plain and neutral, possibly indoors or on a balcony.
../dataset/datasets/imb_cub_0.05/train/Groove_billed_Ani/111.jpg	Leaves and twigs.
../dataset/datasets/imb_cub_0.05/train/Groove_billed_Ani/113.jpg	Clear blue sky.
../dataset/datasets/imb_cub_0.05/train/Groove_billed_Ani/89.jpg	Green foliage, blurred background.
../dataset/datasets/imb_cub_0.05/train/Crested_Auklet/134.jpg	Rocky perch, ocean waves.
../dataset/datasets/imb_cub_0.05/train/Crested_Auklet/127.jpg	Ocean waves.
../dataset/datasets/imb_cub_0.05/train/Crested_Auklet/132.jpg	A bird stands against a green background.
../dataset/datasets/imb_cub_0.05/train/Crested_Auklet/130.jpg	The background is blurred green foliage.
../dataset/datasets/imb_cub_0.05/train/Crested_Auklet/139.jpg	Rocky, dark water.
../dataset/datasets/imb_cub_0.05/train/Crested_Auklet/116.jpg	The bird is perched on a rock with a blurred, overcast sky in the background.
../dataset/datasets/imb_cub_0.05/train/Crested_Auklet/125.jpg	The background is dark and blurred.
../dataset/datasets/imb_cub_0.05/train/Crested_Auklet/121.jpg	Rocky, moss-covered terrain.
../dataset/datasets/imb_cub_0.05/train/Crested_Auklet/118.jpg	Rocky, green moss.
../dataset/datasets/imb_cub_0.05/train/Crested_Auklet/133.jpg	Rocky, moss-covered cliff.
../dataset/datasets/imb_cub_0.05/train/Crested_Auklet/122.jpg	A bird perched on rock, blue sky behind.
../dataset/datasets/imb_cub_0.05/train/Crested_Auklet/141.jpg	Rocky, mossy, blurred.
../dataset/datasets/imb_cub_0.05/train/Crested_Auklet/119.jpg	A bird stands on mossy, cracked rock.
../dataset/datasets/imb_cub_0.05/train/Crested_Auklet/124.jpg	The background is dark and blurred, possibly water or rocks.
../dataset/datasets/imb_cub_0.05/train/Crested_Auklet/135.jpg	A bird perched on a rocky surface.
../dataset/datasets/imb_cub_0.05/train/Crested_Auklet/136.jpg	A bird on hand, rocky backdrop.
../dataset/datasets/imb_cub_0.05/train/Crested_Auklet/117.jpg	The bird is set against a dark, blurred background.
../dataset/datasets/imb_cub_0.05/train/Crested_Auklet/140.jpg	A bird stands on rock against clear sky.
../dataset/datasets/imb_cub_0.05/train/Crested_Auklet/115.jpg	The background is blurred greenery.
../dataset/datasets/imb_cub_0.05/train/Crested_Auklet/123.jpg	The bird is set against a clear blue sky.
../dataset/datasets/imb_cub_0.05/train/Crested_Auklet/120.jpg	Rocky, mossy surface.
../dataset/datasets/imb_cub_0.05/train/Crested_Auklet/129.jpg	The bird is perched on a rocky surface with a blurred natural backdrop.
../dataset/datasets/imb_cub_0.05/train/Crested_Auklet/131.jpg	Rocky, moss-covered cliffside.
../dataset/datasets/imb_cub_0.05/train/Crested_Auklet/128.jpg	The background is blurred, suggesting a natural setting.
../dataset/datasets/imb_cub_0.05/train/Crested_Auklet/138.jpg	The bird is perched on a rocky surface with a blurred green background.
../dataset/datasets/imb_cub_0.05/train/Crested_Auklet/137.jpg	The background is blurred, dark gray.
../dataset/datasets/imb_cub_0.05/train/Crested_Auklet/142.jpg	Rocky, blurred, natural setting.
../dataset/datasets/imb_cub_0.05/train/Crested_Auklet/126.jpg	Ripples on water surface.
../dataset/datasets/imb_cub_0.05/train/Least_Auklet/147.jpg	The background is blurred, showing rocks and greenery.
../dataset/datasets/imb_cub_0.05/train/Least_Auklet/168.jpg	The background is a plain, light gray sky.
../dataset/datasets/imb_cub_0.05/train/Least_Auklet/166.jpg	The bird is set against a plain, light gray sky.
../dataset/datasets/imb_cub_0.05/train/Least_Auklet/163.jpg	The background is plain gray.
../dataset/datasets/imb_cub_0.05/train/Least_Auklet/148.jpg	The background is blurred, suggesting a natural outdoor setting.
../dataset/datasets/imb_cub_0.05/train/Least_Auklet/145.jpg	Rocky, textured background.
../dataset/datasets/imb_cub_0.05/train/Least_Auklet/161.jpg	A bird perched on mossy rock, with water in the background.
../dataset/datasets/imb_cub_0.05/train/Least_Auklet/167.jpg	The background is a muted, grayish sky.
../dataset/datasets/imb_cub_0.05/train/Least_Auklet/154.jpg	The background is blurred, suggesting a natural outdoor setting.
../dataset/datasets/imb_cub_0.05/train/Least_Auklet/146.jpg	A bird flying over water.
../dataset/datasets/imb_cub_0.05/train/Least_Auklet/160.jpg	The bird is against a plain, light gray background.
../dataset/datasets/imb_cub_0.05/train/Least_Auklet/152.jpg	The background is blurred, showing indistinct shapes and colors.
../dataset/datasets/imb_cub_0.05/train/Least_Auklet/151.jpg	The bird is set against a blurred, natural backdrop.
../dataset/datasets/imb_cub_0.05/train/Least_Auklet/143.jpg	A bird stands on rock against clear blue sky.
../dataset/datasets/imb_cub_0.05/train/Least_Auklet/156.jpg	The bird is perched on a rock with a blurred, warm-toned background.
../dataset/datasets/imb_cub_0.05/train/Least_Auklet/144.jpg	The bird is set against a blurred, natural backdrop.
../dataset/datasets/imb_cub_0.05/train/Least_Auklet/169.jpg	The bird is on a rocky surface with a blurred background.
../dataset/datasets/imb_cub_0.05/train/Least_Auklet/149.jpg	The bird is perched on rocks with a blurred, natural background.
../dataset/datasets/imb_cub_0.05/train/Least_Auklet/150.jpg	The background is a plain, light blue sky.
../dataset/datasets/imb_cub_0.05/train/Least_Auklet/162.jpg	The bird is on a rock against a plain, light background.
../dataset/datasets/imb_cub_0.05/train/Least_Auklet/158.jpg	Rocky, green plants.
../dataset/datasets/imb_cub_0.05/train/Least_Auklet/159.jpg	A bird perched on rock against clear blue sky.
../dataset/datasets/imb_cub_0.05/train/Least_Auklet/165.jpg	The bird is perched on a rock with green moss and blurred foliage in the background.
../dataset/datasets/imb_cub_0.05/train/Least_Auklet/164.jpg	The bird is perched on a rock with a blurred natural backdrop.
../dataset/datasets/imb_cub_0.05/train/Least_Auklet/153.jpg	The bird is on a rocky surface.
../dataset/datasets/imb_cub_0.05/train/Least_Auklet/155.jpg	Rocky, blurred water.
../dataset/datasets/imb_cub_0.05/train/Least_Auklet/157.jpg	The bird is perched on a rock with a blurred, natural background.
../dataset/datasets/imb_cub_0.05/train/Parakeet_Auklet/185.jpg	Rocky, mossy backdrop.
../dataset/datasets/imb_cub_0.05/train/Parakeet_Auklet/172.jpg	The background is blurred greenery.
../dataset/datasets/imb_cub_0.05/train/Parakeet_Auklet/170.jpg	A bird perched on mossy rocks.
../dataset/datasets/imb_cub_0.05/train/Parakeet_Auklet/181.jpg	The background is gray and blurred.
../dataset/datasets/imb_cub_0.05/train/Parakeet_Auklet/192.jpg	The bird is on a rocky surface with greenery.
../dataset/datasets/imb_cub_0.05/train/Parakeet_Auklet/175.jpg	Rocky, greenery.
../dataset/datasets/imb_cub_0.05/train/Parakeet_Auklet/194.jpg	The background is dark and blurred.
../dataset/datasets/imb_cub_0.05/train/Parakeet_Auklet/188.jpg	The background is blurred green.
../dataset/datasets/imb_cub_0.05/train/Parakeet_Auklet/187.jpg	The background is blurred green.
../dataset/datasets/imb_cub_0.05/train/Parakeet_Auklet/174.jpg	The background is a plain, overcast sky.
../dataset/datasets/imb_cub_0.05/train/Parakeet_Auklet/171.jpg	Rocky, moss-covered.
../dataset/datasets/imb_cub_0.05/train/Parakeet_Auklet/176.jpg	Rocky, moss-covered, coastal.
../dataset/datasets/imb_cub_0.05/train/Parakeet_Auklet/184.jpg	The bird is perched on a rocky surface with moss and lichen.
../dataset/datasets/imb_cub_0.05/train/Parakeet_Auklet/179.jpg	The background is blurred, showing green and brown tones.
../dataset/datasets/imb_cub_0.05/train/Parakeet_Auklet/182.jpg	Rocky, lichen-covered surface with water in the distance.
../dataset/datasets/imb_cub_0.05/train/Parakeet_Auklet/191.jpg	A bird perched on mossy rock, blurred green and yellow background.
../dataset/datasets/imb_cub_0.05/train/Parakeet_Auklet/196.jpg	The background is gray.
../dataset/datasets/imb_cub_0.05/train/Parakeet_Auklet/173.jpg	Green, blurred background.
../dataset/datasets/imb_cub_0.05/train/Parakeet_Auklet/193.jpg	The background is blurred, suggesting a natural outdoor setting.
../dataset/datasets/imb_cub_0.05/train/Parakeet_Auklet/177.jpg	The background is blurred, dark, and out of focus.
../dataset/datasets/imb_cub_0.05/train/Parakeet_Auklet/189.jpg	A bird on a rock with yellow spots.
../dataset/datasets/imb_cub_0.05/train/Parakeet_Auklet/186.jpg	A bird on a rocky surface with a blurred background.
../dataset/datasets/imb_cub_0.05/train/Parakeet_Auklet/180.jpg	A bird perched on rock with moss and lichen.
../dataset/datasets/imb_cub_0.05/train/Parakeet_Auklet/183.jpg	A bird perched on rock, water behind.
../dataset/datasets/imb_cub_0.05/train/Parakeet_Auklet/178.jpg	A bird perched on a rock with greenery and flowers.
../dataset/datasets/imb_cub_0.05/train/Parakeet_Auklet/190.jpg	The background is blurred, suggesting a natural outdoor setting.
../dataset/datasets/imb_cub_0.05/train/Parakeet_Auklet/195.jpg	The bird is set against a blurred, natural backdrop.
../dataset/datasets/imb_cub_0.05/train/Rhinoceros_Auklet/205.jpg	A bird flying over blue water.
../dataset/datasets/imb_cub_0.05/train/Rhinoceros_Auklet/214.jpg	The background is blurred, suggesting water and rocks.
../dataset/datasets/imb_cub_0.05/train/Rhinoceros_Auklet/209.jpg	A bird against a blue sky.
../dataset/datasets/imb_cub_0.05/train/Rhinoceros_Auklet/200.jpg	A bird against a clear blue sky.
../dataset/datasets/imb_cub_0.05/train/Rhinoceros_Auklet/206.jpg	A bird stands on a rock, surrounded by more rocks.
../dataset/datasets/imb_cub_0.05/train/Rhinoceros_Auklet/210.jpg	The bird is on a sandy surface with some branches and twigs in the background.
../dataset/datasets/imb_cub_0.05/train/Rhinoceros_Auklet/213.jpg	A bird swimming in blue water.
../dataset/datasets/imb_cub_0.05/train/Rhinoceros_Auklet/202.jpg	A bird swimming on blue water.
../dataset/datasets/imb_cub_0.05/train/Rhinoceros_Auklet/208.jpg	A bird on rippling blue water.
../dataset/datasets/imb_cub_0.05/train/Rhinoceros_Auklet/219.jpg	A bird in water with ripples and reflections.
../dataset/datasets/imb_cub_0.05/train/Rhinoceros_Auklet/221.jpg	Dark water with ripples.
../dataset/datasets/imb_cub_0.05/train/Rhinoceros_Auklet/212.jpg	The bird is on a concrete surface.
../dataset/datasets/imb_cub_0.05/train/Rhinoceros_Auklet/199.jpg	The bird is in water with a blurred background.
../dataset/datasets/imb_cub_0.05/train/Rhinoceros_Auklet/215.jpg	A bird swimming on calm water with a blurred blue background.
../dataset/datasets/imb_cub_0.05/train/Rhinoceros_Auklet/222.jpg	Blue water with ripples.
../dataset/datasets/imb_cub_0.05/train/Rhinoceros_Auklet/201.jpg	A bird on rippling water.
../dataset/datasets/imb_cub_0.05/train/Rhinoceros_Auklet/220.jpg	A bird swimming on blue water.
../dataset/datasets/imb_cub_0.05/train/Rhinoceros_Auklet/211.jpg	A bird swimming on calm blue water.
../dataset/datasets/imb_cub_0.05/train/Rhinoceros_Auklet/204.jpg	A bird on sandy ground near a pipe and person's hand.
../dataset/datasets/imb_cub_0.05/train/Rhinoceros_Auklet/217.jpg	A bird on calm blue water.
../dataset/datasets/imb_cub_0.05/train/Rhinoceros_Auklet/207.jpg	A bird with wings spread, floating on calm water under a clear sky.
../dataset/datasets/imb_cub_0.05/train/Rhinoceros_Auklet/218.jpg	A bird in water with ripples.
../dataset/datasets/imb_cub_0.05/train/Rhinoceros_Auklet/197.jpg	Water.
../dataset/datasets/imb_cub_0.05/train/Rhinoceros_Auklet/203.jpg	The bird is set against a blurred, earthy background.
../dataset/datasets/imb_cub_0.05/train/Rhinoceros_Auklet/216.jpg	The background is blurred, suggesting a natural outdoor setting.
../dataset/datasets/imb_cub_0.05/train/Rhinoceros_Auklet/198.jpg	The bird is on a dark, possibly grassy surface.
../dataset/datasets/imb_cub_0.05/train/Brewer_Blackbird/234.jpg	The background is blurred, suggesting a natural setting.
../dataset/datasets/imb_cub_0.05/train/Brewer_Blackbird/240.jpg	A bird stands on rocks near water.
../dataset/datasets/imb_cub_0.05/train/Brewer_Blackbird/248.jpg	The bird is on sandy ground with sparse vegetation.
../dataset/datasets/imb_cub_0.05/train/Brewer_Blackbird/245.jpg	Green grass.
../dataset/datasets/imb_cub_0.05/train/Brewer_Blackbird/242.jpg	The background is blurred green.
../dataset/datasets/imb_cub_0.05/train/Brewer_Blackbird/224.jpg	The background is blurred red and orange hues.
../dataset/datasets/imb_cub_0.05/train/Brewer_Blackbird/241.jpg	Rushing water, sunlight reflections.
../dataset/datasets/imb_cub_0.05/train/Brewer_Blackbird/227.jpg	Clear blue sky.
../dataset/datasets/imb_cub_0.05/train/Brewer_Blackbird/235.jpg	The background is blurred, showing grass and dirt.
../dataset/datasets/imb_cub_0.05/train/Brewer_Blackbird/236.jpg	Rocky surface.
../dataset/datasets/imb_cub_0.05/train/Brewer_Blackbird/244.jpg	The background is blurred, suggesting a natural outdoor setting.
../dataset/datasets/imb_cub_0.05/train/Brewer_Blackbird/238.jpg	The background is blurred and light-colored.
../dataset/datasets/imb_cub_0.05/train/Brewer_Blackbird/225.jpg	A bird perched on branch, blue sky and tree trunk behind.
../dataset/datasets/imb_cub_0.05/train/Brewer_Blackbird/233.jpg	Green leaves and branches.
../dataset/datasets/imb_cub_0.05/train/Brewer_Blackbird/247.jpg	A bird stands on a rocky surface with a blurred, light blue background.
../dataset/datasets/imb_cub_0.05/train/Brewer_Blackbird/243.jpg	The background is blurred green.
../dataset/datasets/imb_cub_0.05/train/Brewer_Blackbird/230.jpg	The background is water.
../dataset/datasets/imb_cub_0.05/train/Brewer_Blackbird/237.jpg	A bird against clear sky.
../dataset/datasets/imb_cub_0.05/train/Brewer_Blackbird/246.jpg	Green grass.
../dataset/datasets/imb_cub_0.05/train/Brewer_Blackbird/231.jpg	The background is a plain, light gray sky.
../dataset/datasets/imb_cub_0.05/train/Brewer_Blackbird/223.jpg	A bird perched on branch, green landscape and blue sky behind.
../dataset/datasets/imb_cub_0.05/train/Brewer_Blackbird/229.jpg	Clear blue sky.
../dataset/datasets/imb_cub_0.05/train/Brewer_Blackbird/226.jpg	Green foliage.
../dataset/datasets/imb_cub_0.05/train/Brewer_Blackbird/232.jpg	Fence, blurred background.
../dataset/datasets/imb_cub_0.05/train/Brewer_Blackbird/228.jpg	Green, blurred grass.
../dataset/datasets/imb_cub_0.05/train/Brewer_Blackbird/239.jpg	Blurred, earthy tones.
../dataset/datasets/imb_cub_0.05/train/Red_winged_Blackbird/272.jpg	Branches, leaves, sky.
../dataset/datasets/imb_cub_0.05/train/Red_winged_Blackbird/251.jpg	A bird perched on a chain with a blurred blue background.
../dataset/datasets/imb_cub_0.05/train/Red_winged_Blackbird/262.jpg	The background is blurred, suggesting a natural outdoor setting.
../dataset/datasets/imb_cub_0.05/train/Red_winged_Blackbird/269.jpg	Blurred green field.
../dataset/datasets/imb_cub_0.05/train/Red_winged_Blackbird/264.jpg	The background is blurred, greenish-brown.
../dataset/datasets/imb_cub_0.05/train/Red_winged_Blackbird/266.jpg	The bird is perched on a branch against a pale sky.
../dataset/datasets/imb_cub_0.05/train/Red_winged_Blackbird/253.jpg	The background is blurred, with soft, neutral tones.
../dataset/datasets/imb_cub_0.05/train/Red_winged_Blackbird/260.jpg	The background is blurred, showing branches and sky.
../dataset/datasets/imb_cub_0.05/train/Red_winged_Blackbird/258.jpg	Grassy field with sunlight.
../dataset/datasets/imb_cub_0.05/train/Red_winged_Blackbird/263.jpg	A bird perched on a tree branch with green leaves and small buds, against a blurred blue sky.
../dataset/datasets/imb_cub_0.05/train/Red_winged_Blackbird/250.jpg	Snowy ground with patches of dirt.
../dataset/datasets/imb_cub_0.05/train/Red_winged_Blackbird/268.jpg	Blurred green foliage.
../dataset/datasets/imb_cub_0.05/train/Red_winged_Blackbird/274.jpg	A bird perched on reed, blurred water and greenery behind.
../dataset/datasets/imb_cub_0.05/train/Red_winged_Blackbird/255.jpg	Clear blue sky.
../dataset/datasets/imb_cub_0.05/train/Red_winged_Blackbird/265.jpg	Reeds and blurred greenery.
../dataset/datasets/imb_cub_0.05/train/Red_winged_Blackbird/271.jpg	A bird perched on branch, green foliage blurred behind.
../dataset/datasets/imb_cub_0.05/train/Red_winged_Blackbird/256.jpg	A bird perched on reeds near water.
../dataset/datasets/imb_cub_0.05/train/Red_winged_Blackbird/273.jpg	A bird perched on bare branches against a blurred blue sky.
../dataset/datasets/imb_cub_0.05/train/Red_winged_Blackbird/261.jpg	Green, blurred.
../dataset/datasets/imb_cub_0.05/train/Red_winged_Blackbird/257.jpg	A bird perched on branches, blurred background.
../dataset/datasets/imb_cub_0.05/train/Red_winged_Blackbird/270.jpg	The background is blurred, with soft green and brown tones.
../dataset/datasets/imb_cub_0.05/train/Red_winged_Blackbird/259.jpg	The background is a plain, light sky.
../dataset/datasets/imb_cub_0.05/train/Red_winged_Blackbird/254.jpg	Green grass and plants.
../dataset/datasets/imb_cub_0.05/train/Red_winged_Blackbird/252.jpg	Blurred green and brown.
../dataset/datasets/imb_cub_0.05/train/Red_winged_Blackbird/267.jpg	A bird perched on branches against a clear sky.
../dataset/datasets/imb_cub_0.05/train/Red_winged_Blackbird/249.jpg	Dry reeds.
../dataset/datasets/imb_cub_0.05/train/Rusty_Blackbird/294.jpg	Clear blue sky.
../dataset/datasets/imb_cub_0.05/train/Rusty_Blackbird/283.jpg	The background is blurred, showing a mix of earthy tones and possibly water.
../dataset/datasets/imb_cub_0.05/train/Rusty_Blackbird/279.jpg	Clear blue sky.
../dataset/datasets/imb_cub_0.05/train/Rusty_Blackbird/290.jpg	The background is blurred, with hints of green and brown.
../dataset/datasets/imb_cub_0.05/train/Rusty_Blackbird/293.jpg	The background is blurred with soft, muted colors.
../dataset/datasets/imb_cub_0.05/train/Rusty_Blackbird/282.jpg	A bird perched on tree branches with blurred greenery and sky.
../dataset/datasets/imb_cub_0.05/train/Rusty_Blackbird/295.jpg	The background features wetland vegetation and water.
../dataset/datasets/imb_cub_0.05/train/Rusty_Blackbird/281.jpg	The bird is on a textured, gray surface.
../dataset/datasets/imb_cub_0.05/train/Rusty_Blackbird/287.jpg	A bird perched on branch with autumn leaves and clear sky.
../dataset/datasets/imb_cub_0.05/train/Rusty_Blackbird/291.jpg	The background is a textured, light-colored surface.
../dataset/datasets/imb_cub_0.05/train/Rusty_Blackbird/286.jpg	A bird perched on branch with yellow leaves against blue sky.
../dataset/datasets/imb_cub_0.05/train/Rusty_Blackbird/278.jpg	A bird perched on a branch with a blurred background.
../dataset/datasets/imb_cub_0.05/train/Rusty_Blackbird/296.jpg	Water and tree trunk.
../dataset/datasets/imb_cub_0.05/train/Rusty_Blackbird/289.jpg	Water and trees.
../dataset/datasets/imb_cub_0.05/train/Rusty_Blackbird/299.jpg	Wetland with reeds and water.
../dataset/datasets/imb_cub_0.05/train/Rusty_Blackbird/277.jpg	The background is blurred with muted colors, suggesting a natural setting.
../dataset/datasets/imb_cub_0.05/train/Rusty_Blackbird/284.jpg	Muddy water, leaves, rocks.
../dataset/datasets/imb_cub_0.05/train/Rusty_Blackbird/298.jpg	Clear blue sky, bare branches.
../dataset/datasets/imb_cub_0.05/train/Rusty_Blackbird/275.jpg	Clear blue sky.
../dataset/datasets/imb_cub_0.05/train/Rusty_Blackbird/276.jpg	Snowy ground.
../dataset/datasets/imb_cub_0.05/train/Rusty_Blackbird/285.jpg	Dry grass and branches.
../dataset/datasets/imb_cub_0.05/train/Rusty_Blackbird/297.jpg	The background is blurred, showing branches and muted colors.
../dataset/datasets/imb_cub_0.05/train/Rusty_Blackbird/280.jpg	Autumn leaves, blurred greenery.
../dataset/datasets/imb_cub_0.05/train/Rusty_Blackbird/288.jpg	Blurred grassy field.
../dataset/datasets/imb_cub_0.05/train/Rusty_Blackbird/292.jpg	Muddy ground.
../dataset/datasets/imb_cub_0.05/train/Yellow_headed_Blackbird/319.jpg	A bird perched on branch, blurred water behind.
../dataset/datasets/imb_cub_0.05/train/Yellow_headed_Blackbird/324.jpg	Green leaves, blurred background.
../dataset/datasets/imb_cub_0.05/train/Yellow_headed_Blackbird/320.jpg	A bird perched on reeds.
../dataset/datasets/imb_cub_0.05/train/Yellow_headed_Blackbird/313.jpg	A bird perched against a clear blue sky.
../dataset/datasets/imb_cub_0.05/train/Yellow_headed_Blackbird/305.jpg	The bird is on a textured, light-colored surface.
../dataset/datasets/imb_cub_0.05/train/Yellow_headed_Blackbird/310.jpg	A bird perched on flowers with large green leaf in background.
../dataset/datasets/imb_cub_0.05/train/Yellow_headed_Blackbird/311.jpg	The background is blurred, suggesting an outdoor setting with soft colors.
../dataset/datasets/imb_cub_0.05/train/Yellow_headed_Blackbird/315.jpg	Reeds and sky.
../dataset/datasets/imb_cub_0.05/train/Yellow_headed_Blackbird/308.jpg	The background is blurred, with muted tones suggesting grass and sky.
../dataset/datasets/imb_cub_0.05/train/Yellow_headed_Blackbird/323.jpg	Dry reeds.
../dataset/datasets/imb_cub_0.05/train/Yellow_headed_Blackbird/322.jpg	A bird perched on reeds.
../dataset/datasets/imb_cub_0.05/train/Yellow_headed_Blackbird/314.jpg	A bird perched on green leaves with water in the background.
../dataset/datasets/imb_cub_0.05/train/Yellow_headed_Blackbird/306.jpg	Green and reeds.
../dataset/datasets/imb_cub_0.05/train/Yellow_headed_Blackbird/302.jpg	Reeds and marshy water.
../dataset/datasets/imb_cub_0.05/train/Yellow_headed_Blackbird/300.jpg	The background is blurred green.
../dataset/datasets/imb_cub_0.05/train/Yellow_headed_Blackbird/303.jpg	Dry reeds.
../dataset/datasets/imb_cub_0.05/train/Yellow_headed_Blackbird/304.jpg	A bird perched on green bush against cloudy sky.
../dataset/datasets/imb_cub_0.05/train/Yellow_headed_Blackbird/318.jpg	Dry reeds.
../dataset/datasets/imb_cub_0.05/train/Yellow_headed_Blackbird/321.jpg	A bird perches on cattails near water.
../dataset/datasets/imb_cub_0.05/train/Yellow_headed_Blackbird/309.jpg	Water and reeds.
../dataset/datasets/imb_cub_0.05/train/Yellow_headed_Blackbird/316.jpg	A bird perched on bare branches with new buds.
../dataset/datasets/imb_cub_0.05/train/Yellow_headed_Blackbird/307.jpg	Clear blue sky.
../dataset/datasets/imb_cub_0.05/train/Yellow_headed_Blackbird/317.jpg	The background is green and blurred, suggesting foliage or grass.
../dataset/datasets/imb_cub_0.05/train/Yellow_headed_Blackbird/312.jpg	A bird perched on branches against a blue sky.
../dataset/datasets/imb_cub_0.05/train/Yellow_headed_Blackbird/301.jpg	Water and reeds.
../dataset/datasets/imb_cub_0.05/train/Bobolink/331.jpg	Green, blurred background.
../dataset/datasets/imb_cub_0.05/train/Bobolink/346.jpg	A bird perched on green foliage against a blurred green background.
../dataset/datasets/imb_cub_0.05/train/Bobolink/325.jpg	The background is a blurred, light-colored sky with some dark branches.
../dataset/datasets/imb_cub_0.05/train/Bobolink/335.jpg	Green grass and plants.
../dataset/datasets/imb_cub_0.05/train/Bobolink/330.jpg	The background is a blurred sky.
../dataset/datasets/imb_cub_0.05/train/Bobolink/347.jpg	The background is blurred, likely green and natural.
../dataset/datasets/imb_cub_0.05/train/Bobolink/345.jpg	The background is blurred, suggesting a natural outdoor setting with muted colors.
../dataset/datasets/imb_cub_0.05/train/Bobolink/329.jpg	Grassy field.
../dataset/datasets/imb_cub_0.05/train/Bobolink/343.jpg	Green grassy field.
../dataset/datasets/imb_cub_0.05/train/Bobolink/336.jpg	The background is blurred green.
../dataset/datasets/imb_cub_0.05/train/Bobolink/348.jpg	Green, blurred vegetation.
../dataset/datasets/imb_cub_0.05/train/Bobolink/342.jpg	Grassy field.
../dataset/datasets/imb_cub_0.05/train/Bobolink/338.jpg	A bird perched on a twig against a green background.
../dataset/datasets/imb_cub_0.05/train/Bobolink/327.jpg	Green, blurred background.
../dataset/datasets/imb_cub_0.05/train/Bobolink/340.jpg	A bird perched on wire, green background.
../dataset/datasets/imb_cub_0.05/train/Bobolink/326.jpg	Blurred grassy field.
../dataset/datasets/imb_cub_0.05/train/Bobolink/339.jpg	Green, blurred background.
../dataset/datasets/imb_cub_0.05/train/Bobolink/344.jpg	The background is a clear sky.
../dataset/datasets/imb_cub_0.05/train/Bobolink/333.jpg	A bird perched on wire against clear blue sky.
../dataset/datasets/imb_cub_0.05/train/Bobolink/337.jpg	Green, blurred field.
../dataset/datasets/imb_cub_0.05/train/Bobolink/332.jpg	A bird perched on a branch with green background and white flowers.
../dataset/datasets/imb_cub_0.05/train/Bobolink/334.jpg	Green, blurred background.
../dataset/datasets/imb_cub_0.05/train/Bobolink/328.jpg	The background is blurred, likely green and brown.
../dataset/datasets/imb_cub_0.05/train/Bobolink/341.jpg	A bird perched on green branch, blurred green background.
../dataset/datasets/imb_cub_0.05/train/Indigo_Bunting/368.jpg	The background is blurred green.
../dataset/datasets/imb_cub_0.05/train/Indigo_Bunting/359.jpg	The background is blurred green.
../dataset/datasets/imb_cub_0.05/train/Indigo_Bunting/349.jpg	Green foliage.
../dataset/datasets/imb_cub_0.05/train/Indigo_Bunting/371.jpg	Green, blurred background.
../dataset/datasets/imb_cub_0.05/train/Indigo_Bunting/356.jpg	A bird perched on wood near feeder, blurred background.
../dataset/datasets/imb_cub_0.05/train/Indigo_Bunting/360.jpg	Green foliage, brown ground.
../dataset/datasets/imb_cub_0.05/train/Indigo_Bunting/366.jpg	Blurred green foliage.
../dataset/datasets/imb_cub_0.05/train/Indigo_Bunting/355.jpg	Green, blurred foliage.
../dataset/datasets/imb_cub_0.05/train/Indigo_Bunting/352.jpg	Green foliage, blurred background.
../dataset/datasets/imb_cub_0.05/train/Indigo_Bunting/372.jpg	Grass and leaves.
../dataset/datasets/imb_cub_0.05/train/Indigo_Bunting/364.jpg	The background is a black and white vertical slatted wall.
../dataset/datasets/imb_cub_0.05/train/Indigo_Bunting/362.jpg	Green foliage.
../dataset/datasets/imb_cub_0.05/train/Indigo_Bunting/363.jpg	Green foliage.
../dataset/datasets/imb_cub_0.05/train/Indigo_Bunting/354.jpg	Green and blurred.
../dataset/datasets/imb_cub_0.05/train/Indigo_Bunting/370.jpg	Grass, dirt, seeds.
../dataset/datasets/imb_cub_0.05/train/Indigo_Bunting/353.jpg	The background is blurred with green and brown leaves.
../dataset/datasets/imb_cub_0.05/train/Indigo_Bunting/369.jpg	The background is blurred green.
../dataset/datasets/imb_cub_0.05/train/Indigo_Bunting/367.jpg	Green, blurred foliage.
../dataset/datasets/imb_cub_0.05/train/Indigo_Bunting/357.jpg	Green, blurred background.
../dataset/datasets/imb_cub_0.05/train/Indigo_Bunting/365.jpg	A bird perched on a wooden surface with a blurred background.
../dataset/datasets/imb_cub_0.05/train/Indigo_Bunting/361.jpg	The background is blurred green.
../dataset/datasets/imb_cub_0.05/train/Indigo_Bunting/358.jpg	Green grass.
../dataset/datasets/imb_cub_0.05/train/Indigo_Bunting/350.jpg	Blurred greenery.
../dataset/datasets/imb_cub_0.05/train/Indigo_Bunting/351.jpg	The background is green and blurred.
../dataset/datasets/imb_cub_0.05/train/Lazuli_Bunting/394.jpg	Blurred green foliage.
../dataset/datasets/imb_cub_0.05/train/Lazuli_Bunting/373.jpg	The background is blurred green.
../dataset/datasets/imb_cub_0.05/train/Lazuli_Bunting/390.jpg	A bird perched on green foliage against a clear blue sky.
../dataset/datasets/imb_cub_0.05/train/Lazuli_Bunting/378.jpg	Green leaves, blurred background.
../dataset/datasets/imb_cub_0.05/train/Lazuli_Bunting/377.jpg	The background is blurred with green leaves and yellow flowers.
../dataset/datasets/imb_cub_0.05/train/Lazuli_Bunting/396.jpg	A bird on concrete near wood.
../dataset/datasets/imb_cub_0.05/train/Lazuli_Bunting/392.jpg	Grass and dirt.
../dataset/datasets/imb_cub_0.05/train/Lazuli_Bunting/376.jpg	The background is green foliage.
../dataset/datasets/imb_cub_0.05/train/Lazuli_Bunting/389.jpg	Blurred greenery.
../dataset/datasets/imb_cub_0.05/train/Lazuli_Bunting/383.jpg	The background is a mix of soil, scattered seeds, and some greenery.
../dataset/datasets/imb_cub_0.05/train/Lazuli_Bunting/385.jpg	Green grass.
../dataset/datasets/imb_cub_0.05/train/Lazuli_Bunting/379.jpg	Blurred grass and rusted metal.
../dataset/datasets/imb_cub_0.05/train/Lazuli_Bunting/391.jpg	Green foliage and blurred background.
../dataset/datasets/imb_cub_0.05/train/Lazuli_Bunting/374.jpg	Blurred, soft green and brown tones.
../dataset/datasets/imb_cub_0.05/train/Lazuli_Bunting/380.jpg	Green, blurred foliage.
../dataset/datasets/imb_cub_0.05/train/Lazuli_Bunting/395.jpg	Dry branches, blurred green grass.
../dataset/datasets/imb_cub_0.05/train/Lazuli_Bunting/382.jpg	A bird perched on branch against blue sky.
../dataset/datasets/imb_cub_0.05/train/Lazuli_Bunting/388.jpg	Green grass and blurred foliage.
../dataset/datasets/imb_cub_0.05/train/Lazuli_Bunting/393.jpg	A bird perched on a branch against a clear blue sky.
../dataset/datasets/imb_cub_0.05/train/Lazuli_Bunting/386.jpg	The background is blurred green.
../dataset/datasets/imb_cub_0.05/train/Lazuli_Bunting/384.jpg	Green, blurred background.
../dataset/datasets/imb_cub_0.05/train/Lazuli_Bunting/381.jpg	A bird perched on branch against blue sky.
../dataset/datasets/imb_cub_0.05/train/Lazuli_Bunting/387.jpg	Clear blue sky.
../dataset/datasets/imb_cub_0.05/train/Lazuli_Bunting/375.jpg	The background is blurred green foliage.
../dataset/datasets/imb_cub_0.05/train/Painted_Bunting/405.jpg	Green and blurred.
../dataset/datasets/imb_cub_0.05/train/Painted_Bunting/419.jpg	Green, blurred foliage.
../dataset/datasets/imb_cub_0.05/train/Painted_Bunting/413.jpg	Green foliage, blurred background.
../dataset/datasets/imb_cub_0.05/train/Painted_Bunting/402.jpg	The background is blurred green foliage.
../dataset/datasets/imb_cub_0.05/train/Painted_Bunting/407.jpg	Green, blurred foliage.
../dataset/datasets/imb_cub_0.05/train/Painted_Bunting/401.jpg	A bird perched on tree branches with green leaves.
../dataset/datasets/imb_cub_0.05/train/Painted_Bunting/400.jpg	Green leaves, blurred background.
../dataset/datasets/imb_cub_0.05/train/Painted_Bunting/399.jpg	A bird perched on feeder with green background.
../dataset/datasets/imb_cub_0.05/train/Painted_Bunting/403.jpg	Green foliage, blurred background.
../dataset/datasets/imb_cub_0.05/train/Painted_Bunting/416.jpg	Green, blurred background.
../dataset/datasets/imb_cub_0.05/train/Painted_Bunting/410.jpg	The background is muddy with grass and water.
../dataset/datasets/imb_cub_0.05/train/Painted_Bunting/412.jpg	The background is blurred green foliage.
../dataset/datasets/imb_cub_0.05/train/Painted_Bunting/411.jpg	A bird perched on a thin branch with blurred greenery in the background.
../dataset/datasets/imb_cub_0.05/train/Painted_Bunting/404.jpg	The background is blurred with green foliage and light filtering through.
../dataset/datasets/imb_cub_0.05/train/Painted_Bunting/414.jpg	The background is sandy with scattered seeds and twigs.
../dataset/datasets/imb_cub_0.05/train/Painted_Bunting/417.jpg	Green, blurred background.
../dataset/datasets/imb_cub_0.05/train/Painted_Bunting/397.jpg	Green leaves and branches.
../dataset/datasets/imb_cub_0.05/train/Painted_Bunting/406.jpg	The background is blurred green.
../dataset/datasets/imb_cub_0.05/train/Painted_Bunting/408.jpg	The background is dark with green foliage.
../dataset/datasets/imb_cub_0.05/train/Painted_Bunting/415.jpg	The background is a mix of small rocks and green plants.
../dataset/datasets/imb_cub_0.05/train/Painted_Bunting/409.jpg	Green foliage.
../dataset/datasets/imb_cub_0.05/train/Painted_Bunting/418.jpg	Green foliage, wooden deck.
../dataset/datasets/imb_cub_0.05/train/Painted_Bunting/398.jpg	Green grass, rocks, dirt.
../dataset/datasets/imb_cub_0.05/train/Cardinal/420.jpg	A bird perched on a branch with green lichen, against a blurred green background.
../dataset/datasets/imb_cub_0.05/train/Cardinal/426.jpg	A bird perched on tree branches, with blurred background.
../dataset/datasets/imb_cub_0.05/train/Cardinal/421.jpg	Snowy branches.
../dataset/datasets/imb_cub_0.05/train/Cardinal/425.jpg	The background is blurred green and blue.
../dataset/datasets/imb_cub_0.05/train/Cardinal/422.jpg	The background is blurred, showing a natural setting.
../dataset/datasets/imb_cub_0.05/train/Cardinal/438.jpg	The background is blurred, showing trees and sky.
../dataset/datasets/imb_cub_0.05/train/Cardinal/440.jpg	Green grass and dirt.
../dataset/datasets/imb_cub_0.05/train/Cardinal/441.jpg	A bird perched on blue cage, blurred orange and blue background.
../dataset/datasets/imb_cub_0.05/train/Cardinal/435.jpg	The background is blurred, suggesting a natural outdoor setting.
../dataset/datasets/imb_cub_0.05/train/Cardinal/434.jpg	The background is blurred, with green and white tones.
../dataset/datasets/imb_cub_0.05/train/Cardinal/427.jpg	The background is blurred, with soft, muted colors.
../dataset/datasets/imb_cub_0.05/train/Cardinal/437.jpg	The background is blurred and gray.
../dataset/datasets/imb_cub_0.05/train/Cardinal/439.jpg	A bird perched on branch, green blurred background.
../dataset/datasets/imb_cub_0.05/train/Cardinal/428.jpg	The background is blurred, showing a blue sky and tree branches.
../dataset/datasets/imb_cub_0.05/train/Cardinal/431.jpg	Blurred, earthy tones.
../dataset/datasets/imb_cub_0.05/train/Cardinal/432.jpg	The background is blurred, with soft, neutral tones.
../dataset/datasets/imb_cub_0.05/train/Cardinal/433.jpg	The background is blurred green.
../dataset/datasets/imb_cub_0.05/train/Cardinal/430.jpg	A bird on wooden surface.
../dataset/datasets/imb_cub_0.05/train/Cardinal/436.jpg	The background is blurred, showing trees and branches.
../dataset/datasets/imb_cub_0.05/train/Cardinal/424.jpg	Snowy ground with scattered seeds.
../dataset/datasets/imb_cub_0.05/train/Cardinal/423.jpg	The background is blurred, with dark and light streaks.
../dataset/datasets/imb_cub_0.05/train/Cardinal/429.jpg	Grassy, blurred background.
../dataset/datasets/imb_cub_0.05/train/Cardinal/442.jpg	Bare branches, blurred background.
../dataset/datasets/imb_cub_0.05/train/Spotted_Catbird/461.jpg	The background is dark and blurred.
../dataset/datasets/imb_cub_0.05/train/Spotted_Catbird/458.jpg	The background consists of brown, leaf-strewn ground.
../dataset/datasets/imb_cub_0.05/train/Spotted_Catbird/445.jpg	The background is blurred, dark green.
../dataset/datasets/imb_cub_0.05/train/Spotted_Catbird/444.jpg	Green foliage, blurred background.
../dataset/datasets/imb_cub_0.05/train/Spotted_Catbird/463.jpg	The bird is on a dark surface with a blurred background.
../dataset/datasets/imb_cub_0.05/train/Spotted_Catbird/459.jpg	A bird perched on branch, surrounded by green foliage and tree trunks.
../dataset/datasets/imb_cub_0.05/train/Spotted_Catbird/465.jpg	The bird is perched on a tree stump with a blurred green background.
../dataset/datasets/imb_cub_0.05/train/Spotted_Catbird/456.jpg	A bird perched on a branch with green foliage in the background.
../dataset/datasets/imb_cub_0.05/train/Spotted_Catbird/451.jpg	The background is dark and blurred, with hints of green foliage.
../dataset/datasets/imb_cub_0.05/train/Spotted_Catbird/453.jpg	A bird perched on a branch surrounded by green foliage.
../dataset/datasets/imb_cub_0.05/train/Spotted_Catbird/443.jpg	The background is blurred, showing tree branches and foliage.
../dataset/datasets/imb_cub_0.05/train/Spotted_Catbird/446.jpg	The background is blurred greenery.
../dataset/datasets/imb_cub_0.05/train/Spotted_Catbird/460.jpg	The bird is set against a blurred green and brown background, suggesting foliage.
../dataset/datasets/imb_cub_0.05/train/Spotted_Catbird/462.jpg	A bird perched on tree branches with green foliage and sky.
../dataset/datasets/imb_cub_0.05/train/Spotted_Catbird/450.jpg	A bird perched on tree branches with green leaves.
../dataset/datasets/imb_cub_0.05/train/Spotted_Catbird/455.jpg	The background is dark and blurred, with branches visible.
../dataset/datasets/imb_cub_0.05/train/Spotted_Catbird/448.jpg	The background is blurred, suggesting a forest or wooded area.
../dataset/datasets/imb_cub_0.05/train/Spotted_Catbird/447.jpg	The background is dark and blurred, suggesting an outdoor setting at night.
../dataset/datasets/imb_cub_0.05/train/Spotted_Catbird/452.jpg	A bird perched on tree branches with green foliage.
../dataset/datasets/imb_cub_0.05/train/Spotted_Catbird/454.jpg	The bird is perched on a branch with a blurred green and brown background.
../dataset/datasets/imb_cub_0.05/train/Spotted_Catbird/464.jpg	A bird with speckled feathers against a blurred green backdrop.
../dataset/datasets/imb_cub_0.05/train/Spotted_Catbird/449.jpg	A bird perched on tree branch, green foliage behind.
../dataset/datasets/imb_cub_0.05/train/Spotted_Catbird/457.jpg	A bird perched on branch, surrounded by green foliage.
../dataset/datasets/imb_cub_0.05/train/Gray_Catbird/480.jpg	Blurred green foliage.
../dataset/datasets/imb_cub_0.05/train/Gray_Catbird/468.jpg	Green foliage.
../dataset/datasets/imb_cub_0.05/train/Gray_Catbird/479.jpg	The background is a plain, overcast sky.
../dataset/datasets/imb_cub_0.05/train/Gray_Catbird/474.jpg	Green foliage.
../dataset/datasets/imb_cub_0.05/train/Gray_Catbird/477.jpg	Blurred, neutral tones.
../dataset/datasets/imb_cub_0.05/train/Gray_Catbird/486.jpg	Corn and gravel.
../dataset/datasets/imb_cub_0.05/train/Gray_Catbird/471.jpg	Green foliage, blurred background.
../dataset/datasets/imb_cub_0.05/train/Gray_Catbird/466.jpg	The background is a blurred mix of green foliage and bare branches.
../dataset/datasets/imb_cub_0.05/train/Gray_Catbird/483.jpg	Green leaves, blurred background.
../dataset/datasets/imb_cub_0.05/train/Gray_Catbird/476.jpg	A bird perched on tree branches with green leaves and red buds against a clear blue sky.
../dataset/datasets/imb_cub_0.05/train/Gray_Catbird/469.jpg	Green foliage.
../dataset/datasets/imb_cub_0.05/train/Gray_Catbird/475.jpg	Green plants, concrete edge.
../dataset/datasets/imb_cub_0.05/train/Gray_Catbird/478.jpg	Rocky, textured surface.
../dataset/datasets/imb_cub_0.05/train/Gray_Catbird/467.jpg	Blurred green foliage.
../dataset/datasets/imb_cub_0.05/train/Gray_Catbird/481.jpg	Green, blurred foliage.
../dataset/datasets/imb_cub_0.05/train/Gray_Catbird/473.jpg	Green foliage, blurred background.
../dataset/datasets/imb_cub_0.05/train/Gray_Catbird/470.jpg	Green foliage, blurred background.
../dataset/datasets/imb_cub_0.05/train/Gray_Catbird/487.jpg	Green leaves.
../dataset/datasets/imb_cub_0.05/train/Gray_Catbird/482.jpg	A bird perched on tree branch, blurred greenery behind.
../dataset/datasets/imb_cub_0.05/train/Gray_Catbird/484.jpg	Brick wall, green foliage.
../dataset/datasets/imb_cub_0.05/train/Gray_Catbird/472.jpg	Green leaves, blurred background.
../dataset/datasets/imb_cub_0.05/train/Gray_Catbird/485.jpg	The background is a textured, earthy surface with small pebbles and patches of green moss.
../dataset/datasets/imb_cub_0.05/train/Yellow_breasted_Chat/508.jpg	A bird perched on branches against a clear blue sky.
../dataset/datasets/imb_cub_0.05/train/Yellow_breasted_Chat/493.jpg	Green, blurred foliage.
../dataset/datasets/imb_cub_0.05/train/Yellow_breasted_Chat/500.jpg	Green, blurred foliage.
../dataset/datasets/imb_cub_0.05/train/Yellow_breasted_Chat/506.jpg	Green foliage.
../dataset/datasets/imb_cub_0.05/train/Yellow_breasted_Chat/502.jpg	A bird perched on tree branch with blurred green foliage.
../dataset/datasets/imb_cub_0.05/train/Yellow_breasted_Chat/490.jpg	Green leaves, blurred background.
../dataset/datasets/imb_cub_0.05/train/Yellow_breasted_Chat/504.jpg	Green leaves and branches.
../dataset/datasets/imb_cub_0.05/train/Yellow_breasted_Chat/492.jpg	The background is dark and blurred, with branches.
../dataset/datasets/imb_cub_0.05/train/Yellow_breasted_Chat/494.jpg	Leaves, grass, tree.
../dataset/datasets/imb_cub_0.05/train/Yellow_breasted_Chat/499.jpg	Clear blue sky.
../dataset/datasets/imb_cub_0.05/train/Yellow_breasted_Chat/505.jpg	Blurred green background.
../dataset/datasets/imb_cub_0.05/train/Yellow_breasted_Chat/491.jpg	A bird perched on branch, green background.
../dataset/datasets/imb_cub_0.05/train/Yellow_breasted_Chat/488.jpg	Green trees, blurred background.
../dataset/datasets/imb_cub_0.05/train/Yellow_breasted_Chat/498.jpg	A bird perched on branch, green foliage blurred behind.
../dataset/datasets/imb_cub_0.05/train/Yellow_breasted_Chat/489.jpg	Clear blue sky.
../dataset/datasets/imb_cub_0.05/train/Yellow_breasted_Chat/497.jpg	A bird perched on branches with green foliage.
../dataset/datasets/imb_cub_0.05/train/Yellow_breasted_Chat/501.jpg	A bird perched on a branch against a blurred, natural backdrop.
../dataset/datasets/imb_cub_0.05/train/Yellow_breasted_Chat/509.jpg	Green leaves, blurred background.
../dataset/datasets/imb_cub_0.05/train/Yellow_breasted_Chat/507.jpg	Green and blurred.
../dataset/datasets/imb_cub_0.05/train/Yellow_breasted_Chat/495.jpg	Clear blue sky.
../dataset/datasets/imb_cub_0.05/train/Yellow_breasted_Chat/503.jpg	Water and branches.
../dataset/datasets/imb_cub_0.05/train/Yellow_breasted_Chat/496.jpg	Dry grass and branches.
../dataset/datasets/imb_cub_0.05/train/Eastern_Towhee/523.jpg	A bird perched against a clear blue sky.
../dataset/datasets/imb_cub_0.05/train/Eastern_Towhee/531.jpg	The background is blurred green foliage.
../dataset/datasets/imb_cub_0.05/train/Eastern_Towhee/516.jpg	The background is blurred, with muted browns and greens.
../dataset/datasets/imb_cub_0.05/train/Eastern_Towhee/521.jpg	The background is blurred, showing green and brown hues.
../dataset/datasets/imb_cub_0.05/train/Eastern_Towhee/512.jpg	The background is a blurred, light-colored sky with tree branches.
../dataset/datasets/imb_cub_0.05/train/Eastern_Towhee/526.jpg	The background is blurred, showing rocks and earth tones.
../dataset/datasets/imb_cub_0.05/train/Eastern_Towhee/519.jpg	A bird perched on tree branch with green leaves and blue sky.
../dataset/datasets/imb_cub_0.05/train/Eastern_Towhee/511.jpg	Green, blurred background.
../dataset/datasets/imb_cub_0.05/train/Eastern_Towhee/525.jpg	A bird stands on snow-covered ground with pine needles and twigs scattered around.
../dataset/datasets/imb_cub_0.05/train/Eastern_Towhee/518.jpg	The background is a mix of dry grass and sparse greenery.
../dataset/datasets/imb_cub_0.05/train/Eastern_Towhee/514.jpg	The background is blurred, with hints of greenery and light.
../dataset/datasets/imb_cub_0.05/train/Eastern_Towhee/528.jpg	The background features greenery, dirt, and a stone structure.
../dataset/datasets/imb_cub_0.05/train/Eastern_Towhee/513.jpg	The background is blurred, with muted greens and browns.
../dataset/datasets/imb_cub_0.05/train/Eastern_Towhee/517.jpg	A bird perched on bare branches against a blue sky.
../dataset/datasets/imb_cub_0.05/train/Eastern_Towhee/530.jpg	Clear blue sky.
../dataset/datasets/imb_cub_0.05/train/Eastern_Towhee/524.jpg	The background is blurred green foliage.
../dataset/datasets/imb_cub_0.05/train/Eastern_Towhee/522.jpg	The background is green foliage.
../dataset/datasets/imb_cub_0.05/train/Eastern_Towhee/510.jpg	The background is a plain, light sky.
../dataset/datasets/imb_cub_0.05/train/Eastern_Towhee/529.jpg	Green leaves, brown ground.
../dataset/datasets/imb_cub_0.05/train/Eastern_Towhee/515.jpg	Green, blurred vegetation.
../dataset/datasets/imb_cub_0.05/train/Eastern_Towhee/520.jpg	Clear blue sky.
../dataset/datasets/imb_cub_0.05/train/Eastern_Towhee/527.jpg	The background is blurred with green and brown leaves.
../dataset/datasets/imb_cub_0.05/train/Chuck_will_Widow/540.jpg	The background consists of dry branches and leaves.
../dataset/datasets/imb_cub_0.05/train/Chuck_will_Widow/542.jpg	The background is blurred with green and brown tones.
../dataset/datasets/imb_cub_0.05/train/Chuck_will_Widow/537.jpg	The bird is on a bed of dried leaves and twigs.
../dataset/datasets/imb_cub_0.05/train/Chuck_will_Widow/549.jpg	A bird perched on tree branch with green leaves.
../dataset/datasets/imb_cub_0.05/train/Chuck_will_Widow/543.jpg	The background is blurred green foliage.
../dataset/datasets/imb_cub_0.05/train/Chuck_will_Widow/534.jpg	The background is a textured, light-colored surface.
../dataset/datasets/imb_cub_0.05/train/Chuck_will_Widow/548.jpg	The background consists of tree branches and leaves.
../dataset/datasets/imb_cub_0.05/train/Chuck_will_Widow/538.jpg	The bird is set against a natural, earthy background with branches and leaves.
../dataset/datasets/imb_cub_0.05/train/Chuck_will_Widow/550.jpg	Leaves and ground.
../dataset/datasets/imb_cub_0.05/train/Chuck_will_Widow/552.jpg	A bird perched on branch against blue sky.
../dataset/datasets/imb_cub_0.05/train/Chuck_will_Widow/535.jpg	The bird is held by a person's hands, with a green and yellow cloth underneath.
../dataset/datasets/imb_cub_0.05/train/Chuck_will_Widow/532.jpg	The background is blurred green foliage.
../dataset/datasets/imb_cub_0.05/train/Chuck_will_Widow/546.jpg	A bird is perched on a branch amidst green foliage and tree trunks.
../dataset/datasets/imb_cub_0.05/train/Chuck_will_Widow/541.jpg	The bird is on a mesh surface.
../dataset/datasets/imb_cub_0.05/train/Chuck_will_Widow/536.jpg	Grass and sky.
../dataset/datasets/imb_cub_0.05/train/Chuck_will_Widow/539.jpg	A bird perched on branch, blurred greenery behind.
../dataset/datasets/imb_cub_0.05/train/Chuck_will_Widow/547.jpg	The bird is on a ground covered with leaves and pine needles.
../dataset/datasets/imb_cub_0.05/train/Chuck_will_Widow/551.jpg	The bird is perched on a branch with green foliage and a blurred background.
../dataset/datasets/imb_cub_0.05/train/Chuck_will_Widow/533.jpg	The background consists of tree bark and green foliage.
../dataset/datasets/imb_cub_0.05/train/Chuck_will_Widow/545.jpg	The bird is on a bed of dry leaves and twigs.
../dataset/datasets/imb_cub_0.05/train/Chuck_will_Widow/544.jpg	The background is blurred green foliage.
../dataset/datasets/imb_cub_0.05/train/Brandt_Cormorant/557.jpg	A bird stands against a blurred blue sky.
../dataset/datasets/imb_cub_0.05/train/Brandt_Cormorant/563.jpg	The background is plain and light-colored.
../dataset/datasets/imb_cub_0.05/train/Brandt_Cormorant/567.jpg	The background is sandy and light-colored.
../dataset/datasets/imb_cub_0.05/train/Brandt_Cormorant/570.jpg	A bird against blurred water backdrop.
../dataset/datasets/imb_cub_0.05/train/Brandt_Cormorant/559.jpg	Rocky, blurred.
../dataset/datasets/imb_cub_0.05/train/Brandt_Cormorant/562.jpg	A bird against a plain white background.
../dataset/datasets/imb_cub_0.05/train/Brandt_Cormorant/571.jpg	A bird stands on rocks.
../dataset/datasets/imb_cub_0.05/train/Brandt_Cormorant/569.jpg	Water and rocks.
../dataset/datasets/imb_cub_0.05/train/Brandt_Cormorant/556.jpg	Water and sky.
../dataset/datasets/imb_cub_0.05/train/Brandt_Cormorant/572.jpg	Water.
../dataset/datasets/imb_cub_0.05/train/Brandt_Cormorant/554.jpg	Ocean waves.
../dataset/datasets/imb_cub_0.05/train/Brandt_Cormorant/573.jpg	Rocky, light-colored background.
../dataset/datasets/imb_cub_0.05/train/Brandt_Cormorant/564.jpg	A bird swims on calm water with ripples.
../dataset/datasets/imb_cub_0.05/train/Brandt_Cormorant/561.jpg	A bird on rock, blurred water behind.
../dataset/datasets/imb_cub_0.05/train/Brandt_Cormorant/565.jpg	Clear sky.
../dataset/datasets/imb_cub_0.05/train/Brandt_Cormorant/566.jpg	Water.
../dataset/datasets/imb_cub_0.05/train/Brandt_Cormorant/568.jpg	A bird swims on calm water with ripples.
../dataset/datasets/imb_cub_0.05/train/Brandt_Cormorant/558.jpg	Clear blue sky.
../dataset/datasets/imb_cub_0.05/train/Brandt_Cormorant/553.jpg	Dark, blurred background.
../dataset/datasets/imb_cub_0.05/train/Brandt_Cormorant/560.jpg	A bird perched on a post against a blurred water backdrop.
../dataset/datasets/imb_cub_0.05/train/Brandt_Cormorant/555.jpg	A bird stands on wet sand near water.
../dataset/datasets/imb_cub_0.05/train/Red_faced_Cormorant/587.jpg	A bird on a nest against a rock wall.
../dataset/datasets/imb_cub_0.05/train/Red_faced_Cormorant/588.jpg	A bird stands on rocky cliff.
../dataset/datasets/imb_cub_0.05/train/Red_faced_Cormorant/584.jpg	The background is a cloudy sky.
../dataset/datasets/imb_cub_0.05/train/Red_faced_Cormorant/581.jpg	Rocky, blurred.
../dataset/datasets/imb_cub_0.05/train/Red_faced_Cormorant/592.jpg	Rocky, textured surface.
../dataset/datasets/imb_cub_0.05/train/Red_faced_Cormorant/585.jpg	The background is blurred, dark.
../dataset/datasets/imb_cub_0.05/train/Red_faced_Cormorant/593.jpg	Clear blue sky.
../dataset/datasets/imb_cub_0.05/train/Red_faced_Cormorant/594.jpg	The bird is set against a clear blue sky.
../dataset/datasets/imb_cub_0.05/train/Red_faced_Cormorant/582.jpg	A bird stands against a blue sky backdrop.
../dataset/datasets/imb_cub_0.05/train/Red_faced_Cormorant/576.jpg	Rocky, moss-covered cliffside.
../dataset/datasets/imb_cub_0.05/train/Red_faced_Cormorant/583.jpg	Water.
../dataset/datasets/imb_cub_0.05/train/Red_faced_Cormorant/578.jpg	A bird stands on rock, blurred water behind.
../dataset/datasets/imb_cub_0.05/train/Red_faced_Cormorant/591.jpg	Rocky, moss-covered cliff.
../dataset/datasets/imb_cub_0.05/train/Red_faced_Cormorant/580.jpg	The bird is perched on a rocky surface with a blurred natural backdrop.
../dataset/datasets/imb_cub_0.05/train/Red_faced_Cormorant/575.jpg	Rocky, moss-covered cliffside.
../dataset/datasets/imb_cub_0.05/train/Red_faced_Cormorant/574.jpg	Rocky, blue water.
../dataset/datasets/imb_cub_0.05/train/Red_faced_Cormorant/590.jpg	A bird stands on rock, water behind.
../dataset/datasets/imb_cub_0.05/train/Red_faced_Cormorant/589.jpg	A bird perched on a cliff, with a blue sky and water in the background.
../dataset/datasets/imb_cub_0.05/train/Red_faced_Cormorant/577.jpg	The bird is set against a plain, muted blue background.
../dataset/datasets/imb_cub_0.05/train/Red_faced_Cormorant/586.jpg	Water.
../dataset/datasets/imb_cub_0.05/train/Red_faced_Cormorant/579.jpg	Rocky cliff.
../dataset/datasets/imb_cub_0.05/train/Pelagic_Cormorant/610.jpg	Rusty metal, blurred grass.
../dataset/datasets/imb_cub_0.05/train/Pelagic_Cormorant/596.jpg	The bird is perched on a tree branch against a cloudy sky.
../dataset/datasets/imb_cub_0.05/train/Pelagic_Cormorant/604.jpg	A bird stands on rock, blue water behind.
../dataset/datasets/imb_cub_0.05/train/Pelagic_Cormorant/597.jpg	Rocky, wet surface.
../dataset/datasets/imb_cub_0.05/train/Pelagic_Cormorant/601.jpg	Rocky, textured surface.
../dataset/datasets/imb_cub_0.05/train/Pelagic_Cormorant/613.jpg	Ripples on water surface.
../dataset/datasets/imb_cub_0.05/train/Pelagic_Cormorant/595.jpg	Water.
../dataset/datasets/imb_cub_0.05/train/Pelagic_Cormorant/603.jpg	Water.
../dataset/datasets/imb_cub_0.05/train/Pelagic_Cormorant/614.jpg	Rocky, grassy ground.
../dataset/datasets/imb_cub_0.05/train/Pelagic_Cormorant/602.jpg	Rocky terrain with grass.
../dataset/datasets/imb_cub_0.05/train/Pelagic_Cormorant/607.jpg	Water with ripples.
../dataset/datasets/imb_cub_0.05/train/Pelagic_Cormorant/599.jpg	Rocky surface.
../dataset/datasets/imb_cub_0.05/train/Pelagic_Cormorant/612.jpg	A bird on rippling water.
../dataset/datasets/imb_cub_0.05/train/Pelagic_Cormorant/611.jpg	A bird flying over water.
../dataset/datasets/imb_cub_0.05/train/Pelagic_Cormorant/609.jpg	Water and distant wall.
../dataset/datasets/imb_cub_0.05/train/Pelagic_Cormorant/608.jpg	Ocean waves, rocky shore.
../dataset/datasets/imb_cub_0.05/train/Pelagic_Cormorant/598.jpg	Water.
../dataset/datasets/imb_cub_0.05/train/Pelagic_Cormorant/600.jpg	The background is a plain, light gray sky.
../dataset/datasets/imb_cub_0.05/train/Pelagic_Cormorant/606.jpg	Water with ripples.
../dataset/datasets/imb_cub_0.05/train/Pelagic_Cormorant/605.jpg	The background is white.
../dataset/datasets/imb_cub_0.05/train/Bronzed_Cowbird/620.jpg	A bird perched on a branch against a clear blue sky.
../dataset/datasets/imb_cub_0.05/train/Bronzed_Cowbird/626.jpg	The background is blurred greenery.
../dataset/datasets/imb_cub_0.05/train/Bronzed_Cowbird/634.jpg	A bird stands on rocks with blurred background.
../dataset/datasets/imb_cub_0.05/train/Bronzed_Cowbird/622.jpg	Green grass.
../dataset/datasets/imb_cub_0.05/train/Bronzed_Cowbird/621.jpg	A bird perched on a wire against a clear sky.
../dataset/datasets/imb_cub_0.05/train/Bronzed_Cowbird/630.jpg	Rocky, textured wall.
../dataset/datasets/imb_cub_0.05/train/Bronzed_Cowbird/628.jpg	A bird perched on a feeder with a blurred background.
../dataset/datasets/imb_cub_0.05/train/Bronzed_Cowbird/625.jpg	A bird perched on branch against blue sky.
../dataset/datasets/imb_cub_0.05/train/Bronzed_Cowbird/616.jpg	A bird perched on tree branches with green foliage.
../dataset/datasets/imb_cub_0.05/train/Bronzed_Cowbird/627.jpg	A bird stands on a concrete ledge with red flowers behind it.
../dataset/datasets/imb_cub_0.05/train/Bronzed_Cowbird/619.jpg	A bird perched on tree branches with green leaves.
../dataset/datasets/imb_cub_0.05/train/Bronzed_Cowbird/629.jpg	The bird is perched on a branch with green foliage and brown bark.
../dataset/datasets/imb_cub_0.05/train/Bronzed_Cowbird/624.jpg	The bird is on a dry, earthy ground with some sparse vegetation.
../dataset/datasets/imb_cub_0.05/train/Bronzed_Cowbird/623.jpg	A bird perched on tree branch, light background.
../dataset/datasets/imb_cub_0.05/train/Bronzed_Cowbird/633.jpg	Clear blue sky.
../dataset/datasets/imb_cub_0.05/train/Bronzed_Cowbird/618.jpg	The bird is on grass.
../dataset/datasets/imb_cub_0.05/train/Bronzed_Cowbird/632.jpg	The background is blurred with green and yellow hues.
../dataset/datasets/imb_cub_0.05/train/Bronzed_Cowbird/617.jpg	Grass and dirt.
../dataset/datasets/imb_cub_0.05/train/Bronzed_Cowbird/631.jpg	A bird on rocky ground.
../dataset/datasets/imb_cub_0.05/train/Bronzed_Cowbird/615.jpg	The background consists of dirt and sparse vegetation.
../dataset/datasets/imb_cub_0.05/train/Shiny_Cowbird/645.jpg	Clear blue sky.
../dataset/datasets/imb_cub_0.05/train/Shiny_Cowbird/648.jpg	Bird on ground with leaves and grass.
../dataset/datasets/imb_cub_0.05/train/Shiny_Cowbird/647.jpg	A bird against clear blue sky.
../dataset/datasets/imb_cub_0.05/train/Shiny_Cowbird/649.jpg	A bird perched on a branch with green foliage and blurred background.
../dataset/datasets/imb_cub_0.05/train/Shiny_Cowbird/641.jpg	The background is blurred, showing a natural setting with earthy tones and some greenery.
../dataset/datasets/imb_cub_0.05/train/Shiny_Cowbird/642.jpg	Grass.
../dataset/datasets/imb_cub_0.05/train/Shiny_Cowbird/654.jpg	The bird is against a clear blue sky.
../dataset/datasets/imb_cub_0.05/train/Shiny_Cowbird/637.jpg	Green grass, blurred background.
../dataset/datasets/imb_cub_0.05/train/Shiny_Cowbird/646.jpg	Blurred green foliage.
../dataset/datasets/imb_cub_0.05/train/Shiny_Cowbird/651.jpg	Green foliage, brown pole.
../dataset/datasets/imb_cub_0.05/train/Shiny_Cowbird/639.jpg	The background consists of dry branches and ground.
../dataset/datasets/imb_cub_0.05/train/Shiny_Cowbird/644.jpg	Dry grass and dirt.
../dataset/datasets/imb_cub_0.05/train/Shiny_Cowbird/643.jpg	Grass and dirt.
../dataset/datasets/imb_cub_0.05/train/Shiny_Cowbird/635.jpg	The background consists of dry grass and scattered leaves.
../dataset/datasets/imb_cub_0.05/train/Shiny_Cowbird/640.jpg	Clear blue sky.
../dataset/datasets/imb_cub_0.05/train/Shiny_Cowbird/638.jpg	Blue sky with green leaves.
../dataset/datasets/imb_cub_0.05/train/Shiny_Cowbird/652.jpg	Green grass.
../dataset/datasets/imb_cub_0.05/train/Shiny_Cowbird/636.jpg	A bird stands on concrete with gravel and a curb behind it.
../dataset/datasets/imb_cub_0.05/train/Shiny_Cowbird/650.jpg	Green, blurred foliage.
../dataset/datasets/imb_cub_0.05/train/Shiny_Cowbird/653.jpg	The background is a mix of grass and pavement.
../dataset/datasets/imb_cub_0.05/train/Brown_Creeper/673.jpg	A bird perched on tree trunk, blurred background.
../dataset/datasets/imb_cub_0.05/train/Brown_Creeper/668.jpg	Tree trunk, blurred background.
../dataset/datasets/imb_cub_0.05/train/Brown_Creeper/661.jpg	Blurred greenery.
../dataset/datasets/imb_cub_0.05/train/Brown_Creeper/659.jpg	The background is blurred, showing a blue sky and tree branches.
../dataset/datasets/imb_cub_0.05/train/Brown_Creeper/667.jpg	A bird on tree trunk, blurred background.
../dataset/datasets/imb_cub_0.05/train/Brown_Creeper/666.jpg	A bird on tree bark.
../dataset/datasets/imb_cub_0.05/train/Brown_Creeper/671.jpg	A bird perched on tree branch with blurred background.
../dataset/datasets/imb_cub_0.05/train/Brown_Creeper/662.jpg	A bird perched on mossy tree trunk, blurred background.
../dataset/datasets/imb_cub_0.05/train/Brown_Creeper/665.jpg	A bird on tree trunk, blurred background.
../dataset/datasets/imb_cub_0.05/train/Brown_Creeper/664.jpg	A bird perched on tree trunk, blurred background.
../dataset/datasets/imb_cub_0.05/train/Brown_Creeper/669.jpg	A bird perched on tree trunk, blurred background.
../dataset/datasets/imb_cub_0.05/train/Brown_Creeper/655.jpg	The background is blurred, showing tree branches and muted colors.
../dataset/datasets/imb_cub_0.05/train/Brown_Creeper/672.jpg	A bird perched on weathered wood with moss.
../dataset/datasets/imb_cub_0.05/train/Brown_Creeper/657.jpg	The background is blurred, with muted colors.
../dataset/datasets/imb_cub_0.05/train/Brown_Creeper/670.jpg	The background is blurred with green and yellow hues, suggesting foliage.
../dataset/datasets/imb_cub_0.05/train/Brown_Creeper/660.jpg	A bird perched on mossy tree branch against blue sky.
../dataset/datasets/imb_cub_0.05/train/Brown_Creeper/663.jpg	A bird perched on tree bark.
../dataset/datasets/imb_cub_0.05/train/Brown_Creeper/658.jpg	A bird on tree bark.
../dataset/datasets/imb_cub_0.05/train/Brown_Creeper/656.jpg	Blurred green foliage.
../dataset/datasets/imb_cub_0.05/train/American_Crow/682.jpg	Branches, sky.
../dataset/datasets/imb_cub_0.05/train/American_Crow/677.jpg	A bird perched on blossoming branches against a blue sky.
../dataset/datasets/imb_cub_0.05/train/American_Crow/674.jpg	The background is dry, sandy ground with sparse vegetation.
../dataset/datasets/imb_cub_0.05/train/American_Crow/689.jpg	Clear blue sky.
../dataset/datasets/imb_cub_0.05/train/American_Crow/684.jpg	The background is green foliage.
../dataset/datasets/imb_cub_0.05/train/American_Crow/687.jpg	A bird stands on a feeder with fallen leaves and a fence in the background.
../dataset/datasets/imb_cub_0.05/train/American_Crow/690.jpg	Snowy ground with grass patches.
../dataset/datasets/imb_cub_0.05/train/American_Crow/679.jpg	A bird stands on pavement with white lines.
../dataset/datasets/imb_cub_0.05/train/American_Crow/691.jpg	The background is a blurred mix of earthy tones and scattered leaves.
../dataset/datasets/imb_cub_0.05/train/American_Crow/676.jpg	Grassy field.
../dataset/datasets/imb_cub_0.05/train/American_Crow/681.jpg	A bird perched on a branch against a clear sky.
../dataset/datasets/imb_cub_0.05/train/American_Crow/685.jpg	The background is blurred greenery.
../dataset/datasets/imb_cub_0.05/train/American_Crow/686.jpg	Green grass, blurred background.
../dataset/datasets/imb_cub_0.05/train/American_Crow/675.jpg	Grass.
../dataset/datasets/imb_cub_0.05/train/American_Crow/688.jpg	Clear blue sky.
../dataset/datasets/imb_cub_0.05/train/American_Crow/683.jpg	The bird is set against a pale, cloudy sky.
../dataset/datasets/imb_cub_0.05/train/American_Crow/680.jpg	Grass and twigs.
../dataset/datasets/imb_cub_0.05/train/American_Crow/678.jpg	The background is a dirt ground with small rocks scattered around.
../dataset/datasets/imb_cub_0.05/train/American_Crow/692.jpg	Snowy ground with sparse grass.
../dataset/datasets/imb_cub_0.05/train/Fish_Crow/705.jpg	A bird perched on wire against clear blue sky.
../dataset/datasets/imb_cub_0.05/train/Fish_Crow/699.jpg	The background is sandy and textured with scattered debris.
../dataset/datasets/imb_cub_0.05/train/Fish_Crow/695.jpg	A bird stands on white surface, brick wall behind.
../dataset/datasets/imb_cub_0.05/train/Fish_Crow/697.jpg	A bird stands on sandy ground near water, with blurred vegetation and sky in the background.
../dataset/datasets/imb_cub_0.05/train/Fish_Crow/710.jpg	Green leaves, white sky.
../dataset/datasets/imb_cub_0.05/train/Fish_Crow/708.jpg	Clear blue sky.
../dataset/datasets/imb_cub_0.05/train/Fish_Crow/696.jpg	A bird perched on branches amidst foliage and twigs.
../dataset/datasets/imb_cub_0.05/train/Fish_Crow/694.jpg	A bird on sandy ground.
../dataset/datasets/imb_cub_0.05/train/Fish_Crow/703.jpg	A bird perched on tree branches with green leaves.
../dataset/datasets/imb_cub_0.05/train/Fish_Crow/704.jpg	A bird perched on post, blurred grassy field and sky behind.
../dataset/datasets/imb_cub_0.05/train/Fish_Crow/698.jpg	Grassy field with blurred vegetation.
../dataset/datasets/imb_cub_0.05/train/Fish_Crow/711.jpg	The background is blurred green.
../dataset/datasets/imb_cub_0.05/train/Fish_Crow/700.jpg	A bird perched on tree branch with blurred green foliage.
../dataset/datasets/imb_cub_0.05/train/Fish_Crow/706.jpg	A bird against a pale sky.
../dataset/datasets/imb_cub_0.05/train/Fish_Crow/701.jpg	Dry grass, water.
../dataset/datasets/imb_cub_0.05/train/Fish_Crow/707.jpg	Dry grass and blurred background.
../dataset/datasets/imb_cub_0.05/train/Fish_Crow/693.jpg	Blurred, natural setting.
../dataset/datasets/imb_cub_0.05/train/Fish_Crow/709.jpg	Clear blue sky.
../dataset/datasets/imb_cub_0.05/train/Fish_Crow/702.jpg	The background features green foliage and a bright sky.
../dataset/datasets/imb_cub_0.05/train/Black_billed_Cuckoo/720.jpg	A bird perched on branch, green foliage and blurred background.
../dataset/datasets/imb_cub_0.05/train/Black_billed_Cuckoo/713.jpg	A bird perched on a branch with a blurred green background.
../dataset/datasets/imb_cub_0.05/train/Black_billed_Cuckoo/725.jpg	A bird perched on tree branches against a blue sky.
../dataset/datasets/imb_cub_0.05/train/Black_billed_Cuckoo/717.jpg	Green leaves, blurred background.
../dataset/datasets/imb_cub_0.05/train/Black_billed_Cuckoo/714.jpg	The background is blurred greenery.
../dataset/datasets/imb_cub_0.05/train/Black_billed_Cuckoo/728.jpg	Green foliage, blurred background.
../dataset/datasets/imb_cub_0.05/train/Black_billed_Cuckoo/712.jpg	Green foliage.
../dataset/datasets/imb_cub_0.05/train/Black_billed_Cuckoo/722.jpg	The bird is perched on a branch with green foliage in the background.
../dataset/datasets/imb_cub_0.05/train/Black_billed_Cuckoo/719.jpg	Green foliage, blurred background.
../dataset/datasets/imb_cub_0.05/train/Black_billed_Cuckoo/727.jpg	Green foliage.
../dataset/datasets/imb_cub_0.05/train/Black_billed_Cuckoo/726.jpg	The background is green foliage.
../dataset/datasets/imb_cub_0.05/train/Black_billed_Cuckoo/715.jpg	A bird perched on tree branches with green leaves.
../dataset/datasets/imb_cub_0.05/train/Black_billed_Cuckoo/724.jpg	A bird perched on tree branch with green leaves and blue sky.
../dataset/datasets/imb_cub_0.05/train/Black_billed_Cuckoo/721.jpg	A bird perched on tree branches with green foliage.
../dataset/datasets/imb_cub_0.05/train/Black_billed_Cuckoo/718.jpg	A bird perched on a branch with green leaves.
../dataset/datasets/imb_cub_0.05/train/Black_billed_Cuckoo/716.jpg	Green foliage, white flowers.
../dataset/datasets/imb_cub_0.05/train/Black_billed_Cuckoo/723.jpg	A bird perched on tree branches with green leaves and bark.
../dataset/datasets/imb_cub_0.05/train/Black_billed_Cuckoo/730.jpg	A bird perched on a branch with green foliage and blurred background.
../dataset/datasets/imb_cub_0.05/train/Black_billed_Cuckoo/729.jpg	A bird perched on hand, tree trunk behind.
../dataset/datasets/imb_cub_0.05/train/Mangrove_Cuckoo/747.jpg	A bird perched on tree branches with green leaves.
../dataset/datasets/imb_cub_0.05/train/Mangrove_Cuckoo/746.jpg	A bird perched on branch against blue sky.
../dataset/datasets/imb_cub_0.05/train/Mangrove_Cuckoo/743.jpg	Green leaves, branches.
../dataset/datasets/imb_cub_0.05/train/Mangrove_Cuckoo/740.jpg	Green leaves, blue sky.
../dataset/datasets/imb_cub_0.05/train/Mangrove_Cuckoo/744.jpg	The background is blurred green foliage.
../dataset/datasets/imb_cub_0.05/train/Mangrove_Cuckoo/731.jpg	A bird perched on a branch with green leaves.
../dataset/datasets/imb_cub_0.05/train/Mangrove_Cuckoo/741.jpg	A bird perched on a tree branch with green leaves and blue sky.
../dataset/datasets/imb_cub_0.05/train/Mangrove_Cuckoo/748.jpg	A bird perched on branches with leaves and blue sky.
../dataset/datasets/imb_cub_0.05/train/Mangrove_Cuckoo/732.jpg	A bird perched on a branch with green leaves and blurred background.
../dataset/datasets/imb_cub_0.05/train/Mangrove_Cuckoo/734.jpg	The background is green foliage.
../dataset/datasets/imb_cub_0.05/train/Mangrove_Cuckoo/739.jpg	A bird perched on a branch against a blue sky.
../dataset/datasets/imb_cub_0.05/train/Mangrove_Cuckoo/736.jpg	A bird perched on a branch with green leaves and blurred background.
../dataset/datasets/imb_cub_0.05/train/Mangrove_Cuckoo/737.jpg	A bird perched on branch, surrounded by green foliage and sunlight.
../dataset/datasets/imb_cub_0.05/train/Mangrove_Cuckoo/733.jpg	A bird is perched on a tree branch surrounded by green leaves and branches.
../dataset/datasets/imb_cub_0.05/train/Mangrove_Cuckoo/735.jpg	A bird perched on tree branches with green leaves.
../dataset/datasets/imb_cub_0.05/train/Mangrove_Cuckoo/745.jpg	A bird perched on a branch with green leaves and blue sky.
../dataset/datasets/imb_cub_0.05/train/Mangrove_Cuckoo/742.jpg	Green foliage, blue sky.
../dataset/datasets/imb_cub_0.05/train/Mangrove_Cuckoo/738.jpg	A bird perched on tree branches with green leaves.
../dataset/datasets/imb_cub_0.05/train/Yellow_billed_Cuckoo/765.jpg	A bird perched on tree branch with green leaves and blue sky.
../dataset/datasets/imb_cub_0.05/train/Yellow_billed_Cuckoo/752.jpg	A bird perched on tree branch with green foliage and blurred background.
../dataset/datasets/imb_cub_0.05/train/Yellow_billed_Cuckoo/762.jpg	A bird perched on a branch with green leaves and blue sky.
../dataset/datasets/imb_cub_0.05/train/Yellow_billed_Cuckoo/763.jpg	A bird perched on tree branches with autumn leaves.
../dataset/datasets/imb_cub_0.05/train/Yellow_billed_Cuckoo/761.jpg	A bird perched on tree branches with green leaves and blue sky.
../dataset/datasets/imb_cub_0.05/train/Yellow_billed_Cuckoo/750.jpg	Green leaves and branches.
../dataset/datasets/imb_cub_0.05/train/Yellow_billed_Cuckoo/749.jpg	A bird perched on branches with green buds.
../dataset/datasets/imb_cub_0.05/train/Yellow_billed_Cuckoo/760.jpg	A bird perched on tree branches against a clear blue sky.
../dataset/datasets/imb_cub_0.05/train/Yellow_billed_Cuckoo/758.jpg	A bird perched on tree branches with green leaves.
../dataset/datasets/imb_cub_0.05/train/Yellow_billed_Cuckoo/759.jpg	A bird perched on tree branches with green leaves.
../dataset/datasets/imb_cub_0.05/train/Yellow_billed_Cuckoo/756.jpg	Green foliage, blurred background.
../dataset/datasets/imb_cub_0.05/train/Yellow_billed_Cuckoo/757.jpg	A bird perched on a branch with green leaves and blurred background.
../dataset/datasets/imb_cub_0.05/train/Yellow_billed_Cuckoo/755.jpg	A bird perched on a tree branch with green leaves.
../dataset/datasets/imb_cub_0.05/train/Yellow_billed_Cuckoo/754.jpg	The background is green and blurred, suggesting foliage.
../dataset/datasets/imb_cub_0.05/train/Yellow_billed_Cuckoo/766.jpg	The background is blurred with green foliage and light.
../dataset/datasets/imb_cub_0.05/train/Yellow_billed_Cuckoo/751.jpg	A bird perched on tree branches with green leaves.
../dataset/datasets/imb_cub_0.05/train/Yellow_billed_Cuckoo/764.jpg	A bird perched on tree branches with green leaves and blue sky.
../dataset/datasets/imb_cub_0.05/train/Yellow_billed_Cuckoo/753.jpg	Green leaves, blurred background.
../dataset/datasets/imb_cub_0.05/train/Gray_crowned_Rosy_Finch/771.jpg	A bird perched on a dark surface.
../dataset/datasets/imb_cub_0.05/train/Gray_crowned_Rosy_Finch/768.jpg	The background is blurred, showing earthy tones and possibly vegetation.
../dataset/datasets/imb_cub_0.05/train/Gray_crowned_Rosy_Finch/770.jpg	The background is blurred, suggesting an outdoor setting with soft focus.
../dataset/datasets/imb_cub_0.05/train/Gray_crowned_Rosy_Finch/782.jpg	The background is white and blurred.
../dataset/datasets/imb_cub_0.05/train/Gray_crowned_Rosy_Finch/776.jpg	A bird on a lichen-covered rock.
../dataset/datasets/imb_cub_0.05/train/Gray_crowned_Rosy_Finch/781.jpg	A bird perched on a mossy stone with blurred trees and sky behind.
../dataset/datasets/imb_cub_0.05/train/Gray_crowned_Rosy_Finch/767.jpg	The background is blurred, with muted earth tones and dry grass.
../dataset/datasets/imb_cub_0.05/train/Gray_crowned_Rosy_Finch/773.jpg	Snowy, blurred fence.
../dataset/datasets/imb_cub_0.05/train/Gray_crowned_Rosy_Finch/777.jpg	A bird perched on pine branch, blurred background.
../dataset/datasets/imb_cub_0.05/train/Gray_crowned_Rosy_Finch/778.jpg	The background is blurred, with soft, warm tones and indistinct shapes.
../dataset/datasets/imb_cub_0.05/train/Gray_crowned_Rosy_Finch/780.jpg	A bird perched on icy pine branches.
../dataset/datasets/imb_cub_0.05/train/Gray_crowned_Rosy_Finch/783.jpg	A bird perched on chain against blurred background.
../dataset/datasets/imb_cub_0.05/train/Gray_crowned_Rosy_Finch/774.jpg	The background is blurred, suggesting an outdoor setting with soft, muted colors.
../dataset/datasets/imb_cub_0.05/train/Gray_crowned_Rosy_Finch/772.jpg	The background is blurred, showing a natural setting with muted colors.
../dataset/datasets/imb_cub_0.05/train/Gray_crowned_Rosy_Finch/779.jpg	The background is blurred, with muted earth tones.
../dataset/datasets/imb_cub_0.05/train/Gray_crowned_Rosy_Finch/784.jpg	Rocky, mossy surface.
../dataset/datasets/imb_cub_0.05/train/Gray_crowned_Rosy_Finch/775.jpg	Rocky, grassy terrain.
../dataset/datasets/imb_cub_0.05/train/Gray_crowned_Rosy_Finch/769.jpg	Dry grass and rocks.
../dataset/datasets/imb_cub_0.05/train/Purple_Finch/794.jpg	The background is blurred, with indistinct green and brown tones.
../dataset/datasets/imb_cub_0.05/train/Purple_Finch/800.jpg	The background is blurred, likely green and gray.
../dataset/datasets/imb_cub_0.05/train/Purple_Finch/798.jpg	A bird on wet rock with leaves.
../dataset/datasets/imb_cub_0.05/train/Purple_Finch/786.jpg	A bird stands on wet ground with a wooden structure and green wall behind it.
../dataset/datasets/imb_cub_0.05/train/Purple_Finch/787.jpg	Clear blue sky, bare branches.
../dataset/datasets/imb_cub_0.05/train/Purple_Finch/785.jpg	A bird on gravel.
../dataset/datasets/imb_cub_0.05/train/Purple_Finch/789.jpg	A bird perched on branch, green foliage blurred behind.
../dataset/datasets/imb_cub_0.05/train/Purple_Finch/801.jpg	Snowy, blurred background.
../dataset/datasets/imb_cub_0.05/train/Purple_Finch/792.jpg	Branches, blurred green.
../dataset/datasets/imb_cub_0.05/train/Purple_Finch/788.jpg	Green leaves, blurred background.
../dataset/datasets/imb_cub_0.05/train/Purple_Finch/797.jpg	Green foliage, blurred background.
../dataset/datasets/imb_cub_0.05/train/Purple_Finch/791.jpg	A bird perched on branch, tree trunk behind.
../dataset/datasets/imb_cub_0.05/train/Purple_Finch/790.jpg	Blurred green and brown.
../dataset/datasets/imb_cub_0.05/train/Purple_Finch/796.jpg	The background is blurred, with soft blue tones.
../dataset/datasets/imb_cub_0.05/train/Purple_Finch/795.jpg	The background is blurred greenery.
../dataset/datasets/imb_cub_0.05/train/Purple_Finch/793.jpg	A bird perched on branch, blurred background.
../dataset/datasets/imb_cub_0.05/train/Purple_Finch/799.jpg	The background is blurred, with muted earth tones.
../dataset/datasets/imb_cub_0.05/train/Northern_Flicker/805.jpg	The bird is against a white background.
../dataset/datasets/imb_cub_0.05/train/Northern_Flicker/817.jpg	Rocky, snowy stream bed.
../dataset/datasets/imb_cub_0.05/train/Northern_Flicker/815.jpg	A bird perched on tree trunk, blurred background.
../dataset/datasets/imb_cub_0.05/train/Northern_Flicker/802.jpg	Green, blurred background.
../dataset/datasets/imb_cub_0.05/train/Northern_Flicker/811.jpg	Grass and dried plants.
../dataset/datasets/imb_cub_0.05/train/Northern_Flicker/806.jpg	A bird perched on branch against clear sky.
../dataset/datasets/imb_cub_0.05/train/Northern_Flicker/804.jpg	Dry, brown grass and wood.
../dataset/datasets/imb_cub_0.05/train/Northern_Flicker/810.jpg	Blurred, natural setting.
../dataset/datasets/imb_cub_0.05/train/Northern_Flicker/803.jpg	A bird perched on a branch with bare branches and a pale sky in the background.
../dataset/datasets/imb_cub_0.05/train/Northern_Flicker/807.jpg	Grassy field.
../dataset/datasets/imb_cub_0.05/train/Northern_Flicker/818.jpg	Clear blue sky.
../dataset/datasets/imb_cub_0.05/train/Northern_Flicker/816.jpg	A bird perched on branch against blue sky.
../dataset/datasets/imb_cub_0.05/train/Northern_Flicker/813.jpg	Cloudy sky.
../dataset/datasets/imb_cub_0.05/train/Northern_Flicker/814.jpg	Grass, tree trunk, blurred water.
../dataset/datasets/imb_cub_0.05/train/Northern_Flicker/808.jpg	Grass and dirt.
../dataset/datasets/imb_cub_0.05/train/Northern_Flicker/809.jpg	A bird perched on tree branch with green foliage.
../dataset/datasets/imb_cub_0.05/train/Northern_Flicker/812.jpg	Grass.
../dataset/datasets/imb_cub_0.05/train/Acadian_Flycatcher/827.jpg	Dark, blurred, forest-like.
../dataset/datasets/imb_cub_0.05/train/Acadian_Flycatcher/828.jpg	Green leaves, blurred background.
../dataset/datasets/imb_cub_0.05/train/Acadian_Flycatcher/825.jpg	A bird perched on branch, green background.
../dataset/datasets/imb_cub_0.05/train/Acadian_Flycatcher/822.jpg	Green leaves and branches.
../dataset/datasets/imb_cub_0.05/train/Acadian_Flycatcher/832.jpg	Green, blurred background.
../dataset/datasets/imb_cub_0.05/train/Acadian_Flycatcher/835.jpg	The background is blurred and light-colored.
../dataset/datasets/imb_cub_0.05/train/Acadian_Flycatcher/820.jpg	A bird perched on a branch with green leaves.
../dataset/datasets/imb_cub_0.05/train/Acadian_Flycatcher/819.jpg	Green, blurred foliage.
../dataset/datasets/imb_cub_0.05/train/Acadian_Flycatcher/829.jpg	Green, blurred foliage.
../dataset/datasets/imb_cub_0.05/train/Acadian_Flycatcher/821.jpg	Green foliage, blurred.
../dataset/datasets/imb_cub_0.05/train/Acadian_Flycatcher/833.jpg	Green, blurred, natural setting.
../dataset/datasets/imb_cub_0.05/train/Acadian_Flycatcher/834.jpg	Dark, leafy.
../dataset/datasets/imb_cub_0.05/train/Acadian_Flycatcher/826.jpg	Green foliage.
../dataset/datasets/imb_cub_0.05/train/Acadian_Flycatcher/830.jpg	Green foliage.
../dataset/datasets/imb_cub_0.05/train/Acadian_Flycatcher/824.jpg	A bird perched on a branch with green foliage in the background.
../dataset/datasets/imb_cub_0.05/train/Acadian_Flycatcher/823.jpg	The background is a blurred natural setting with branches and leaves, suggesting a forest or woodland environment.
../dataset/datasets/imb_cub_0.05/train/Acadian_Flycatcher/831.jpg	Green foliage.
../dataset/datasets/imb_cub_0.05/train/Great_Crested_Flycatcher/841.jpg	Clear blue sky.
../dataset/datasets/imb_cub_0.05/train/Great_Crested_Flycatcher/847.jpg	Green foliage.
../dataset/datasets/imb_cub_0.05/train/Great_Crested_Flycatcher/838.jpg	Green, blurred foliage.
../dataset/datasets/imb_cub_0.05/train/Great_Crested_Flycatcher/836.jpg	Green foliage, branches.
../dataset/datasets/imb_cub_0.05/train/Great_Crested_Flycatcher/844.jpg	The background is a plain, light gray sky.
../dataset/datasets/imb_cub_0.05/train/Great_Crested_Flycatcher/852.jpg	Blurred green foliage.
../dataset/datasets/imb_cub_0.05/train/Great_Crested_Flycatcher/848.jpg	Tree branches, blue sky.
../dataset/datasets/imb_cub_0.05/train/Great_Crested_Flycatcher/850.jpg	Green, blurred foliage.
../dataset/datasets/imb_cub_0.05/train/Great_Crested_Flycatcher/846.jpg	Grassy ground with scattered leaves.
../dataset/datasets/imb_cub_0.05/train/Great_Crested_Flycatcher/837.jpg	Clear blue sky.
../dataset/datasets/imb_cub_0.05/train/Great_Crested_Flycatcher/840.jpg	Green and blurred trees.
../dataset/datasets/imb_cub_0.05/train/Great_Crested_Flycatcher/843.jpg	A bird perched on branch with green foliage and blue sky.
../dataset/datasets/imb_cub_0.05/train/Great_Crested_Flycatcher/849.jpg	Clear blue sky.
../dataset/datasets/imb_cub_0.05/train/Great_Crested_Flycatcher/839.jpg	A bird perched on tree trunk with blurred greenery behind.
../dataset/datasets/imb_cub_0.05/train/Great_Crested_Flycatcher/851.jpg	Blurred green and brown.
../dataset/datasets/imb_cub_0.05/train/Great_Crested_Flycatcher/845.jpg	Green foliage.
../dataset/datasets/imb_cub_0.05/train/Great_Crested_Flycatcher/842.jpg	The background is a blurred mix of green foliage and sky.
../dataset/datasets/imb_cub_0.05/train/Least_Flycatcher/867.jpg	Leaves and branches.
../dataset/datasets/imb_cub_0.05/train/Least_Flycatcher/858.jpg	Green grass and wooden post.
../dataset/datasets/imb_cub_0.05/train/Least_Flycatcher/865.jpg	Green leaves and branches.
../dataset/datasets/imb_cub_0.05/train/Least_Flycatcher/859.jpg	Blurred green and brown.
../dataset/datasets/imb_cub_0.05/train/Least_Flycatcher/860.jpg	Green foliage, tree trunk.
../dataset/datasets/imb_cub_0.05/train/Least_Flycatcher/853.jpg	Green leaves and branches.
../dataset/datasets/imb_cub_0.05/train/Least_Flycatcher/861.jpg	Blurred, natural setting.
../dataset/datasets/imb_cub_0.05/train/Least_Flycatcher/855.jpg	Green leaves and branches.
../dataset/datasets/imb_cub_0.05/train/Least_Flycatcher/866.jpg	Green, blurred foliage.
../dataset/datasets/imb_cub_0.05/train/Least_Flycatcher/856.jpg	Green, blurred foliage.
../dataset/datasets/imb_cub_0.05/train/Least_Flycatcher/862.jpg	Blurred greenery.
../dataset/datasets/imb_cub_0.05/train/Least_Flycatcher/868.jpg	Green foliage.
../dataset/datasets/imb_cub_0.05/train/Least_Flycatcher/854.jpg	The background is blurred, with muted browns and grays.
../dataset/datasets/imb_cub_0.05/train/Least_Flycatcher/857.jpg	Green, blurred foliage.
../dataset/datasets/imb_cub_0.05/train/Least_Flycatcher/863.jpg	Green, blurred grass.
../dataset/datasets/imb_cub_0.05/train/Least_Flycatcher/864.jpg	The background is blurred, likely green and brown.
../dataset/datasets/imb_cub_0.05/train/Olive_sided_Flycatcher/870.jpg	A bird perched against a clear blue sky.
../dataset/datasets/imb_cub_0.05/train/Olive_sided_Flycatcher/871.jpg	The background is blurred green foliage.
../dataset/datasets/imb_cub_0.05/train/Olive_sided_Flycatcher/884.jpg	Clear blue sky.
../dataset/datasets/imb_cub_0.05/train/Olive_sided_Flycatcher/869.jpg	Clear blue sky.
../dataset/datasets/imb_cub_0.05/train/Olive_sided_Flycatcher/878.jpg	Clear blue sky.
../dataset/datasets/imb_cub_0.05/train/Olive_sided_Flycatcher/881.jpg	A bird perched on a branch against a clear sky.
../dataset/datasets/imb_cub_0.05/train/Olive_sided_Flycatcher/872.jpg	Green, blurred vegetation.
../dataset/datasets/imb_cub_0.05/train/Olive_sided_Flycatcher/882.jpg	Forest setting with trees and ground cover.
../dataset/datasets/imb_cub_0.05/train/Olive_sided_Flycatcher/879.jpg	Clear blue sky.
../dataset/datasets/imb_cub_0.05/train/Olive_sided_Flycatcher/876.jpg	A bird perched on a branch against a pale sky.
../dataset/datasets/imb_cub_0.05/train/Olive_sided_Flycatcher/875.jpg	The background is plain white.
../dataset/datasets/imb_cub_0.05/train/Olive_sided_Flycatcher/873.jpg	A bird perched on branch against clear sky.
../dataset/datasets/imb_cub_0.05/train/Olive_sided_Flycatcher/883.jpg	The background is blurred green.
../dataset/datasets/imb_cub_0.05/train/Olive_sided_Flycatcher/874.jpg	The background is blurred green.
../dataset/datasets/imb_cub_0.05/train/Olive_sided_Flycatcher/880.jpg	Clear blue sky, bare branches.
../dataset/datasets/imb_cub_0.05/train/Olive_sided_Flycatcher/877.jpg	Clear blue sky.
../dataset/datasets/imb_cub_0.05/train/Scissor_tailed_Flycatcher/898.jpg	The background is blurred, showing a soft, muted grayish tone.
../dataset/datasets/imb_cub_0.05/train/Scissor_tailed_Flycatcher/894.jpg	Green grass.
../dataset/datasets/imb_cub_0.05/train/Scissor_tailed_Flycatcher/897.jpg	Dry grass.
../dataset/datasets/imb_cub_0.05/train/Scissor_tailed_Flycatcher/900.jpg	A bird perched on tree branches with green leaves and blue sky.
../dataset/datasets/imb_cub_0.05/train/Scissor_tailed_Flycatcher/891.jpg	Clear blue sky.
../dataset/datasets/imb_cub_0.05/train/Scissor_tailed_Flycatcher/886.jpg	A bird stands amidst yellow flowers and green grass.
../dataset/datasets/imb_cub_0.05/train/Scissor_tailed_Flycatcher/896.jpg	Green grass.
../dataset/datasets/imb_cub_0.05/train/Scissor_tailed_Flycatcher/889.jpg	Dry, brown vegetation.
../dataset/datasets/imb_cub_0.05/train/Scissor_tailed_Flycatcher/888.jpg	The background is blurred, brownish.
../dataset/datasets/imb_cub_0.05/train/Scissor_tailed_Flycatcher/895.jpg	The background is blurred green.
../dataset/datasets/imb_cub_0.05/train/Scissor_tailed_Flycatcher/892.jpg	Green, blurred background.
../dataset/datasets/imb_cub_0.05/train/Scissor_tailed_Flycatcher/887.jpg	The background is a blurred blue sky.
../dataset/datasets/imb_cub_0.05/train/Scissor_tailed_Flycatcher/890.jpg	Clear blue sky.
../dataset/datasets/imb_cub_0.05/train/Scissor_tailed_Flycatcher/893.jpg	A bird perched on branches against a netted backdrop.
../dataset/datasets/imb_cub_0.05/train/Scissor_tailed_Flycatcher/899.jpg	Green foliage, blurred background.
../dataset/datasets/imb_cub_0.05/train/Scissor_tailed_Flycatcher/885.jpg	Green trees, blue sky, barbed wire.
../dataset/datasets/imb_cub_0.05/train/Vermilion_Flycatcher/911.jpg	Blurred green.
../dataset/datasets/imb_cub_0.05/train/Vermilion_Flycatcher/916.jpg	The background is plain white.
../dataset/datasets/imb_cub_0.05/train/Vermilion_Flycatcher/902.jpg	The background is blurred green foliage.
../dataset/datasets/imb_cub_0.05/train/Vermilion_Flycatcher/905.jpg	Green, blurred background.
../dataset/datasets/imb_cub_0.05/train/Vermilion_Flycatcher/915.jpg	The background is blurred, likely a soft, neutral color.
../dataset/datasets/imb_cub_0.05/train/Vermilion_Flycatcher/908.jpg	The background is blurred with green and brown tones, suggesting foliage.
../dataset/datasets/imb_cub_0.05/train/Vermilion_Flycatcher/904.jpg	The background is blurred, with muted earth tones.
../dataset/datasets/imb_cub_0.05/train/Vermilion_Flycatcher/912.jpg	Green, blurred background.
../dataset/datasets/imb_cub_0.05/train/Vermilion_Flycatcher/914.jpg	Blurred green and brown.
../dataset/datasets/imb_cub_0.05/train/Vermilion_Flycatcher/906.jpg	The background is plain and light-colored.
../dataset/datasets/imb_cub_0.05/train/Vermilion_Flycatcher/907.jpg	Grassy field.
../dataset/datasets/imb_cub_0.05/train/Vermilion_Flycatcher/901.jpg	Blurred, natural setting.
../dataset/datasets/imb_cub_0.05/train/Vermilion_Flycatcher/913.jpg	The background is blurred water.
../dataset/datasets/imb_cub_0.05/train/Vermilion_Flycatcher/910.jpg	Blurred green foliage.
../dataset/datasets/imb_cub_0.05/train/Vermilion_Flycatcher/909.jpg	Clear blue sky.
../dataset/datasets/imb_cub_0.05/train/Vermilion_Flycatcher/903.jpg	The background is blurred, suggesting a natural outdoor setting.
../dataset/datasets/imb_cub_0.05/train/Yellow_bellied_Flycatcher/919.jpg	Blurred green background.
../dataset/datasets/imb_cub_0.05/train/Yellow_bellied_Flycatcher/926.jpg	The background is blurred green.
../dataset/datasets/imb_cub_0.05/train/Yellow_bellied_Flycatcher/922.jpg	A bird perched on branch, blue sky and green foliage behind.
../dataset/datasets/imb_cub_0.05/train/Yellow_bellied_Flycatcher/918.jpg	The background is blurred green foliage and branches.
../dataset/datasets/imb_cub_0.05/train/Yellow_bellied_Flycatcher/917.jpg	Green, blurred foliage.
../dataset/datasets/imb_cub_0.05/train/Yellow_bellied_Flycatcher/928.jpg	Dark, blurred branches.
../dataset/datasets/imb_cub_0.05/train/Yellow_bellied_Flycatcher/931.jpg	Green foliage, blurred background.
../dataset/datasets/imb_cub_0.05/train/Yellow_bellied_Flycatcher/923.jpg	Green, blurred.
../dataset/datasets/imb_cub_0.05/train/Yellow_bellied_Flycatcher/920.jpg	Shingles and roof.
../dataset/datasets/imb_cub_0.05/train/Yellow_bellied_Flycatcher/924.jpg	The background is blurred green foliage.
../dataset/datasets/imb_cub_0.05/train/Yellow_bellied_Flycatcher/921.jpg	Green, blurred foliage.
../dataset/datasets/imb_cub_0.05/train/Yellow_bellied_Flycatcher/927.jpg	The background is green foliage.
../dataset/datasets/imb_cub_0.05/train/Yellow_bellied_Flycatcher/925.jpg	Green, blurred background.
../dataset/datasets/imb_cub_0.05/train/Yellow_bellied_Flycatcher/929.jpg	The background is green foliage.
../dataset/datasets/imb_cub_0.05/train/Yellow_bellied_Flycatcher/930.jpg	Blurred green foliage.
../dataset/datasets/imb_cub_0.05/train/Frigatebird/933.jpg	Ocean water.
../dataset/datasets/imb_cub_0.05/train/Frigatebird/945.jpg	A bird soars against a clear sky.
../dataset/datasets/imb_cub_0.05/train/Frigatebird/946.jpg	The background is rocky and blurred.
../dataset/datasets/imb_cub_0.05/train/Frigatebird/936.jpg	Clear blue sky.
../dataset/datasets/imb_cub_0.05/train/Frigatebird/941.jpg	Clear blue sky.
../dataset/datasets/imb_cub_0.05/train/Frigatebird/942.jpg	The background consists of green foliage and branches.
../dataset/datasets/imb_cub_0.05/train/Frigatebird/938.jpg	The background consists of dry, leafless branches and sparse greenery.
../dataset/datasets/imb_cub_0.05/train/Frigatebird/944.jpg	The bird is surrounded by green foliage and branches.
../dataset/datasets/imb_cub_0.05/train/Frigatebird/935.jpg	Clear blue sky.
../dataset/datasets/imb_cub_0.05/train/Frigatebird/937.jpg	A bird soars against a pale sky.
../dataset/datasets/imb_cub_0.05/train/Frigatebird/943.jpg	The background is blurred, suggesting a natural outdoor setting.
../dataset/datasets/imb_cub_0.05/train/Frigatebird/940.jpg	Clear blue sky.
../dataset/datasets/imb_cub_0.05/train/Frigatebird/932.jpg	A bird perched on tree branch, surrounded by green foliage.
../dataset/datasets/imb_cub_0.05/train/Frigatebird/939.jpg	A bird soars against a clear blue sky with distant structures and water.
../dataset/datasets/imb_cub_0.05/train/Frigatebird/934.jpg	The background is dry, with sparse vegetation and branches.
../dataset/datasets/imb_cub_0.05/train/Northern_Fulmar/947.jpg	Rocky cliffside with greenery.
../dataset/datasets/imb_cub_0.05/train/Northern_Fulmar/959.jpg	Blue water.
../dataset/datasets/imb_cub_0.05/train/Northern_Fulmar/952.jpg	The background is a blurred, muted greenish-blue.
../dataset/datasets/imb_cub_0.05/train/Northern_Fulmar/948.jpg	The bird is on a metallic surface.
../dataset/datasets/imb_cub_0.05/train/Northern_Fulmar/961.jpg	The background is calm water.
../dataset/datasets/imb_cub_0.05/train/Northern_Fulmar/950.jpg	Water, snow, rocks.
../dataset/datasets/imb_cub_0.05/train/Northern_Fulmar/949.jpg	Rocky, mossy terrain.
../dataset/datasets/imb_cub_0.05/train/Northern_Fulmar/953.jpg	A bird on dark blue water.
../dataset/datasets/imb_cub_0.05/train/Northern_Fulmar/957.jpg	Ocean waves.
../dataset/datasets/imb_cub_0.05/train/Northern_Fulmar/960.jpg	A bird floats on calm water.
../dataset/datasets/imb_cub_0.05/train/Northern_Fulmar/951.jpg	Ocean waves.
../dataset/datasets/imb_cub_0.05/train/Northern_Fulmar/954.jpg	The background is a plain, light gray sky.
../dataset/datasets/imb_cub_0.05/train/Northern_Fulmar/956.jpg	The background is blurred green.
../dataset/datasets/imb_cub_0.05/train/Northern_Fulmar/955.jpg	A bird soars over water with rocks.
../dataset/datasets/imb_cub_0.05/train/Northern_Fulmar/958.jpg	The background is calm water with ripples.
../dataset/datasets/imb_cub_0.05/train/Gadwall/962.jpg	Water.
../dataset/datasets/imb_cub_0.05/train/Gadwall/975.jpg	Water.
../dataset/datasets/imb_cub_0.05/train/Gadwall/972.jpg	The background is calm water.
../dataset/datasets/imb_cub_0.05/train/Gadwall/970.jpg	Water with ripples.
../dataset/datasets/imb_cub_0.05/train/Gadwall/968.jpg	Water and blurred vegetation.
../dataset/datasets/imb_cub_0.05/train/Gadwall/971.jpg	Water.
../dataset/datasets/imb_cub_0.05/train/Gadwall/973.jpg	Dark, rippling water.
../dataset/datasets/imb_cub_0.05/train/Gadwall/969.jpg	Water.
../dataset/datasets/imb_cub_0.05/train/Gadwall/965.jpg	Blue water.
../dataset/datasets/imb_cub_0.05/train/Gadwall/963.jpg	Water and mud.
../dataset/datasets/imb_cub_0.05/train/Gadwall/966.jpg	Water.
../dataset/datasets/imb_cub_0.05/train/Gadwall/974.jpg	Water with ripples.
../dataset/datasets/imb_cub_0.05/train/Gadwall/976.jpg	Grassy field.
../dataset/datasets/imb_cub_0.05/train/Gadwall/967.jpg	Muddy water and rocks.
../dataset/datasets/imb_cub_0.05/train/Gadwall/964.jpg	Reflections of yellow and green in water.
../dataset/datasets/imb_cub_0.05/train/American_Goldfinch/983.jpg	Green, blurred background.
../dataset/datasets/imb_cub_0.05/train/American_Goldfinch/985.jpg	Green leaves, blurred background.
../dataset/datasets/imb_cub_0.05/train/American_Goldfinch/978.jpg	The background is green and blurred.
../dataset/datasets/imb_cub_0.05/train/American_Goldfinch/979.jpg	Green grass, blurred trees.
../dataset/datasets/imb_cub_0.05/train/American_Goldfinch/982.jpg	Gravel and grass.
../dataset/datasets/imb_cub_0.05/train/American_Goldfinch/980.jpg	The background is blurred green foliage.
../dataset/datasets/imb_cub_0.05/train/American_Goldfinch/981.jpg	Clear blue sky.
../dataset/datasets/imb_cub_0.05/train/American_Goldfinch/986.jpg	Blurred green trees.
../dataset/datasets/imb_cub_0.05/train/American_Goldfinch/988.jpg	Blurred, natural setting.
../dataset/datasets/imb_cub_0.05/train/American_Goldfinch/984.jpg	The background is plain white.
../dataset/datasets/imb_cub_0.05/train/American_Goldfinch/990.jpg	The background is blurred green foliage.
../dataset/datasets/imb_cub_0.05/train/American_Goldfinch/987.jpg	Green foliage.
../dataset/datasets/imb_cub_0.05/train/American_Goldfinch/977.jpg	The background consists of dry grass and twigs.
../dataset/datasets/imb_cub_0.05/train/American_Goldfinch/989.jpg	A bird perched on branch with green leaves and blurred sky.
../dataset/datasets/imb_cub_0.05/train/European_Goldfinch/1000.jpg	A bird perched on a branch amidst green foliage and plants.
../dataset/datasets/imb_cub_0.05/train/European_Goldfinch/1002.jpg	The background is blurred, with muted greens and browns.
../dataset/datasets/imb_cub_0.05/train/European_Goldfinch/993.jpg	A bird perched on a branch against a clear blue sky.
../dataset/datasets/imb_cub_0.05/train/European_Goldfinch/995.jpg	The background is green and blurred.
../dataset/datasets/imb_cub_0.05/train/European_Goldfinch/994.jpg	Grass and plants.
../dataset/datasets/imb_cub_0.05/train/European_Goldfinch/1003.jpg	A bird perched on branch, green background.
../dataset/datasets/imb_cub_0.05/train/European_Goldfinch/999.jpg	The background is a muted, snowy gray.
../dataset/datasets/imb_cub_0.05/train/European_Goldfinch/1004.jpg	Green foliage.
../dataset/datasets/imb_cub_0.05/train/European_Goldfinch/997.jpg	A bird perched on branch, green background.
../dataset/datasets/imb_cub_0.05/train/European_Goldfinch/1001.jpg	The background is blurred green.
../dataset/datasets/imb_cub_0.05/train/European_Goldfinch/991.jpg	The background is a plain, light gray sky.
../dataset/datasets/imb_cub_0.05/train/European_Goldfinch/992.jpg	A bird perched on finger, background shows cage and wall.
../dataset/datasets/imb_cub_0.05/train/European_Goldfinch/996.jpg	The background is blurred greenery.
../dataset/datasets/imb_cub_0.05/train/European_Goldfinch/998.jpg	Blurred green and brown.
../dataset/datasets/imb_cub_0.05/train/Boat_tailed_Grackle/1005.jpg	Water and rocks.
../dataset/datasets/imb_cub_0.05/train/Boat_tailed_Grackle/1007.jpg	Water and green vegetation.
../dataset/datasets/imb_cub_0.05/train/Boat_tailed_Grackle/1008.jpg	A bird perched on a branch with green foliage in the background.
../dataset/datasets/imb_cub_0.05/train/Boat_tailed_Grackle/1009.jpg	The background is blurred greenery and wooden structure.
../dataset/datasets/imb_cub_0.05/train/Boat_tailed_Grackle/1011.jpg	Grassy field, blurred background.
../dataset/datasets/imb_cub_0.05/train/Boat_tailed_Grackle/1015.jpg	The background is blurred, with muted tones suggesting a natural setting.
../dataset/datasets/imb_cub_0.05/train/Boat_tailed_Grackle/1006.jpg	The background is blurred, suggesting an outdoor setting with soft light and indistinct shapes.
../dataset/datasets/imb_cub_0.05/train/Boat_tailed_Grackle/1018.jpg	Water and blurred greenery.
../dataset/datasets/imb_cub_0.05/train/Boat_tailed_Grackle/1016.jpg	Grass and ground.
../dataset/datasets/imb_cub_0.05/train/Boat_tailed_Grackle/1012.jpg	The background is a blurred, light sky.
../dataset/datasets/imb_cub_0.05/train/Boat_tailed_Grackle/1014.jpg	Water and pine branch.
../dataset/datasets/imb_cub_0.05/train/Boat_tailed_Grackle/1013.jpg	Water and greenery.
../dataset/datasets/imb_cub_0.05/train/Boat_tailed_Grackle/1010.jpg	A bird stands near water with grass and reeds.
../dataset/datasets/imb_cub_0.05/train/Boat_tailed_Grackle/1017.jpg	The background is blurred, with indistinct shapes and colors suggesting an outdoor setting.
../dataset/datasets/imb_cub_0.05/train/Eared_Grebe/1024.jpg	The background is a calm, muted water surface.
../dataset/datasets/imb_cub_0.05/train/Eared_Grebe/1032.jpg	Water with ripples.
../dataset/datasets/imb_cub_0.05/train/Eared_Grebe/1020.jpg	Water.
../dataset/datasets/imb_cub_0.05/train/Eared_Grebe/1023.jpg	Dark water.
../dataset/datasets/imb_cub_0.05/train/Eared_Grebe/1031.jpg	The bird is on calm water with ripples around it.
../dataset/datasets/imb_cub_0.05/train/Eared_Grebe/1019.jpg	A bird on calm water.
../dataset/datasets/imb_cub_0.05/train/Eared_Grebe/1022.jpg	A bird on calm water.
../dataset/datasets/imb_cub_0.05/train/Eared_Grebe/1026.jpg	A bird on calm water.
../dataset/datasets/imb_cub_0.05/train/Eared_Grebe/1021.jpg	Water with ripples.
../dataset/datasets/imb_cub_0.05/train/Eared_Grebe/1030.jpg	Water.
../dataset/datasets/imb_cub_0.05/train/Eared_Grebe/1028.jpg	A bird swimming on calm water.
../dataset/datasets/imb_cub_0.05/train/Eared_Grebe/1029.jpg	A bird on calm water.
../dataset/datasets/imb_cub_0.05/train/Eared_Grebe/1027.jpg	Water.
../dataset/datasets/imb_cub_0.05/train/Eared_Grebe/1025.jpg	The background is a calm, blue water surface with a faint reflection of 'a bird'.
../dataset/datasets/imb_cub_0.05/train/Horned_Grebe/1045.jpg	Water.
../dataset/datasets/imb_cub_0.05/train/Horned_Grebe/1036.jpg	A bird in water with ripples.
../dataset/datasets/imb_cub_0.05/train/Horned_Grebe/1040.jpg	Ripples on water surface.
../dataset/datasets/imb_cub_0.05/train/Horned_Grebe/1041.jpg	Water.
../dataset/datasets/imb_cub_0.05/train/Horned_Grebe/1034.jpg	A bird in water with ripples.
../dataset/datasets/imb_cub_0.05/train/Horned_Grebe/1038.jpg	The background is calm water.
../dataset/datasets/imb_cub_0.05/train/Horned_Grebe/1046.jpg	Water.
../dataset/datasets/imb_cub_0.05/train/Horned_Grebe/1044.jpg	A bird swimming on calm water.
../dataset/datasets/imb_cub_0.05/train/Horned_Grebe/1042.jpg	Water and blurred background.
../dataset/datasets/imb_cub_0.05/train/Horned_Grebe/1033.jpg	The background is calm water with ripples.
../dataset/datasets/imb_cub_0.05/train/Horned_Grebe/1037.jpg	A bird swimming in calm water.
../dataset/datasets/imb_cub_0.05/train/Horned_Grebe/1035.jpg	The background is water.
../dataset/datasets/imb_cub_0.05/train/Horned_Grebe/1039.jpg	A bird on water with ripples.
../dataset/datasets/imb_cub_0.05/train/Horned_Grebe/1043.jpg	A bird on calm water.
../dataset/datasets/imb_cub_0.05/train/Pied_billed_Grebe/1049.jpg	Dark, textured surface.
../dataset/datasets/imb_cub_0.05/train/Pied_billed_Grebe/1053.jpg	The background is water with ripples.
../dataset/datasets/imb_cub_0.05/train/Pied_billed_Grebe/1054.jpg	Water with lily pads.
../dataset/datasets/imb_cub_0.05/train/Pied_billed_Grebe/1059.jpg	Water with ice patches.
../dataset/datasets/imb_cub_0.05/train/Pied_billed_Grebe/1048.jpg	A bird swims on rippling water.
../dataset/datasets/imb_cub_0.05/train/Pied_billed_Grebe/1056.jpg	Clear blue sky.
../dataset/datasets/imb_cub_0.05/train/Pied_billed_Grebe/1055.jpg	A bird on calm water.
../dataset/datasets/imb_cub_0.05/train/Pied_billed_Grebe/1047.jpg	Water with reflections.
../dataset/datasets/imb_cub_0.05/train/Pied_billed_Grebe/1057.jpg	Dark, rippling water.
../dataset/datasets/imb_cub_0.05/train/Pied_billed_Grebe/1058.jpg	A bird on calm water.
../dataset/datasets/imb_cub_0.05/train/Pied_billed_Grebe/1051.jpg	The background is calm water with ripples.
../dataset/datasets/imb_cub_0.05/train/Pied_billed_Grebe/1052.jpg	Water with blurred reflections.
../dataset/datasets/imb_cub_0.05/train/Pied_billed_Grebe/1050.jpg	The background is calm water.
../dataset/datasets/imb_cub_0.05/train/Western_Grebe/1065.jpg	Water surface.
../dataset/datasets/imb_cub_0.05/train/Western_Grebe/1061.jpg	Ripples on water surface.
../dataset/datasets/imb_cub_0.05/train/Western_Grebe/1064.jpg	Water.
../dataset/datasets/imb_cub_0.05/train/Western_Grebe/1070.jpg	The background is water with ripples and reflections.
../dataset/datasets/imb_cub_0.05/train/Western_Grebe/1066.jpg	The background is calm water with ripples.
../dataset/datasets/imb_cub_0.05/train/Western_Grebe/1062.jpg	Water.
../dataset/datasets/imb_cub_0.05/train/Western_Grebe/1067.jpg	A bird swims on calm blue water.
../dataset/datasets/imb_cub_0.05/train/Western_Grebe/1068.jpg	A bird swimming in water.
../dataset/datasets/imb_cub_0.05/train/Western_Grebe/1063.jpg	The background is calm water with ripples.
../dataset/datasets/imb_cub_0.05/train/Western_Grebe/1060.jpg	A bird swims on calm water.
../dataset/datasets/imb_cub_0.05/train/Western_Grebe/1072.jpg	Ripples on water surface.
../dataset/datasets/imb_cub_0.05/train/Western_Grebe/1071.jpg	A bird swims on calm water.
../dataset/datasets/imb_cub_0.05/train/Western_Grebe/1069.jpg	A bird swims on greenish water with debris.
../dataset/datasets/imb_cub_0.05/train/Blue_Grosbeak/1077.jpg	A bird perched on a twig, blurred green background.
../dataset/datasets/imb_cub_0.05/train/Blue_Grosbeak/1083.jpg	Green, blurred grass.
../dataset/datasets/imb_cub_0.05/train/Blue_Grosbeak/1078.jpg	The background is blurred green grass.
../dataset/datasets/imb_cub_0.05/train/Blue_Grosbeak/1084.jpg	Green, blurred background.
../dataset/datasets/imb_cub_0.05/train/Blue_Grosbeak/1082.jpg	The background is blurred green.
../dataset/datasets/imb_cub_0.05/train/Blue_Grosbeak/1080.jpg	Green foliage.
../dataset/datasets/imb_cub_0.05/train/Blue_Grosbeak/1085.jpg	Green leaves.
../dataset/datasets/imb_cub_0.05/train/Blue_Grosbeak/1079.jpg	A bird on wooden surface.
../dataset/datasets/imb_cub_0.05/train/Blue_Grosbeak/1076.jpg	Green, blurred background.
../dataset/datasets/imb_cub_0.05/train/Blue_Grosbeak/1073.jpg	Green foliage, dried grass.
../dataset/datasets/imb_cub_0.05/train/Blue_Grosbeak/1081.jpg	Gravel and grass.
../dataset/datasets/imb_cub_0.05/train/Blue_Grosbeak/1075.jpg	Green and blurred grasses.
../dataset/datasets/imb_cub_0.05/train/Blue_Grosbeak/1074.jpg	Green foliage.
../dataset/datasets/imb_cub_0.05/train/Evening_Grosbeak/1095.jpg	The background is blurred, showing branches and sky.
../dataset/datasets/imb_cub_0.05/train/Evening_Grosbeak/1097.jpg	Snowy, blurred background.
../dataset/datasets/imb_cub_0.05/train/Evening_Grosbeak/1094.jpg	Grass and foliage.
../dataset/datasets/imb_cub_0.05/train/Evening_Grosbeak/1092.jpg	The background is blurred, showing branches and a pale, snowy setting.
../dataset/datasets/imb_cub_0.05/train/Evening_Grosbeak/1088.jpg	The background is blurred, showing trees and possibly other birds.
../dataset/datasets/imb_cub_0.05/train/Evening_Grosbeak/1087.jpg	The background consists of rocks and twigs.
../dataset/datasets/imb_cub_0.05/train/Evening_Grosbeak/1091.jpg	The background is a mix of dirt and small twigs.
../dataset/datasets/imb_cub_0.05/train/Evening_Grosbeak/1096.jpg	A bird on gravel.
../dataset/datasets/imb_cub_0.05/train/Evening_Grosbeak/1098.jpg	A bird perched on wooden structure.
../dataset/datasets/imb_cub_0.05/train/Evening_Grosbeak/1086.jpg	A bird perched on bare branches, snowy backdrop.
../dataset/datasets/imb_cub_0.05/train/Evening_Grosbeak/1090.jpg	Blurred, autumnal foliage.
../dataset/datasets/imb_cub_0.05/train/Evening_Grosbeak/1093.jpg	Green, blurred background.
../dataset/datasets/imb_cub_0.05/train/Evening_Grosbeak/1089.jpg	Green, blurred background.
../dataset/datasets/imb_cub_0.05/train/Pine_Grosbeak/1108.jpg	A bird perched on bare branches against a snowy backdrop.
../dataset/datasets/imb_cub_0.05/train/Pine_Grosbeak/1099.jpg	A bird perched on stone fountain with blurred wooden structure behind.
../dataset/datasets/imb_cub_0.05/train/Pine_Grosbeak/1101.jpg	Leaves, grass, water.
../dataset/datasets/imb_cub_0.05/train/Pine_Grosbeak/1109.jpg	Snowy ground with scattered seeds.
../dataset/datasets/imb_cub_0.05/train/Pine_Grosbeak/1111.jpg	A bird perched on branches with red berries against a blue sky.
../dataset/datasets/imb_cub_0.05/train/Pine_Grosbeak/1105.jpg	The background is white and snowy.
../dataset/datasets/imb_cub_0.05/train/Pine_Grosbeak/1103.jpg	A bird perched on a tree branch against a blue sky.
../dataset/datasets/imb_cub_0.05/train/Pine_Grosbeak/1100.jpg	Green foliage, blurred.
../dataset/datasets/imb_cub_0.05/train/Pine_Grosbeak/1107.jpg	The background is blurred with red and orange hues.
../dataset/datasets/imb_cub_0.05/train/Pine_Grosbeak/1102.jpg	The background is blurred green.
../dataset/datasets/imb_cub_0.05/train/Pine_Grosbeak/1106.jpg	Green pine needles.
../dataset/datasets/imb_cub_0.05/train/Pine_Grosbeak/1104.jpg	The background is blurred, showing branches and red berries.
../dataset/datasets/imb_cub_0.05/train/Pine_Grosbeak/1110.jpg	A bird perched on branch with red berries, white background.
../dataset/datasets/imb_cub_0.05/train/Rose_breasted_Grosbeak/1119.jpg	A bird perched on green foliage.
../dataset/datasets/imb_cub_0.05/train/Rose_breasted_Grosbeak/1114.jpg	A bird perched on branch, green grass and trees behind.
../dataset/datasets/imb_cub_0.05/train/Rose_breasted_Grosbeak/1113.jpg	A bird perched on a bare branch with blurred greenery in the background.
../dataset/datasets/imb_cub_0.05/train/Rose_breasted_Grosbeak/1112.jpg	A bird perched on bare branches against a pale sky.
../dataset/datasets/imb_cub_0.05/train/Rose_breasted_Grosbeak/1118.jpg	A bird perched on branch, green background.
../dataset/datasets/imb_cub_0.05/train/Rose_breasted_Grosbeak/1122.jpg	Blurred, natural setting.
../dataset/datasets/imb_cub_0.05/train/Rose_breasted_Grosbeak/1116.jpg	Green grassy field.
../dataset/datasets/imb_cub_0.05/train/Rose_breasted_Grosbeak/1120.jpg	The background is blurred green.
../dataset/datasets/imb_cub_0.05/train/Rose_breasted_Grosbeak/1117.jpg	A bird perched on a feeder with green and brown tones.
../dataset/datasets/imb_cub_0.05/train/Rose_breasted_Grosbeak/1121.jpg	A bird perched on branch with blurred leaves and sky.
../dataset/datasets/imb_cub_0.05/train/Rose_breasted_Grosbeak/1123.jpg	The background features green foliage and a person in a blue shirt.
../dataset/datasets/imb_cub_0.05/train/Rose_breasted_Grosbeak/1115.jpg	A bird perched on branch, blurred background.
../dataset/datasets/imb_cub_0.05/train/Pigeon_Guillemot/1132.jpg	Rocky, natural setting.
../dataset/datasets/imb_cub_0.05/train/Pigeon_Guillemot/1124.jpg	Grass, rocks, concrete.
../dataset/datasets/imb_cub_0.05/train/Pigeon_Guillemot/1125.jpg	A bird stands on rocks with patches of yellow and gray.
../dataset/datasets/imb_cub_0.05/train/Pigeon_Guillemot/1133.jpg	A bird stands on rocks with seaweed and moss.
../dataset/datasets/imb_cub_0.05/train/Pigeon_Guillemot/1134.jpg	Rocky, blurred, natural setting.
../dataset/datasets/imb_cub_0.05/train/Pigeon_Guillemot/1129.jpg	Water.
../dataset/datasets/imb_cub_0.05/train/Pigeon_Guillemot/1130.jpg	A bird stands on rock against blue sky and blurred yellow landscape.
../dataset/datasets/imb_cub_0.05/train/Pigeon_Guillemot/1135.jpg	Green foliage, blurred background.
../dataset/datasets/imb_cub_0.05/train/Pigeon_Guillemot/1128.jpg	Dark, water-like surface.
../dataset/datasets/imb_cub_0.05/train/Pigeon_Guillemot/1126.jpg	Water.
../dataset/datasets/imb_cub_0.05/train/Pigeon_Guillemot/1131.jpg	Rocky, sandy background.
../dataset/datasets/imb_cub_0.05/train/Pigeon_Guillemot/1127.jpg	The background is blurred, suggesting a natural setting.
../dataset/datasets/imb_cub_0.05/train/California_Gull/1139.jpg	A bird flying over water with a ship in the background.
../dataset/datasets/imb_cub_0.05/train/California_Gull/1141.jpg	Rocky shoreline, water.
../dataset/datasets/imb_cub_0.05/train/California_Gull/1137.jpg	Grass and water.
../dataset/datasets/imb_cub_0.05/train/California_Gull/1140.jpg	A bird perched on a post with water in the background.
../dataset/datasets/imb_cub_0.05/train/California_Gull/1142.jpg	The bird is set against a plain, light gray sky.
../dataset/datasets/imb_cub_0.05/train/California_Gull/1136.jpg	The background is a plain, dark surface.
../dataset/datasets/imb_cub_0.05/train/California_Gull/1145.jpg	The background is a muddy, rocky shore with some scattered debris and water nearby.
../dataset/datasets/imb_cub_0.05/train/California_Gull/1143.jpg	Green grass.
../dataset/datasets/imb_cub_0.05/train/California_Gull/1147.jpg	Water.
../dataset/datasets/imb_cub_0.05/train/California_Gull/1146.jpg	The background is plain and neutral.
../dataset/datasets/imb_cub_0.05/train/California_Gull/1138.jpg	Water, grass, rocks.
../dataset/datasets/imb_cub_0.05/train/California_Gull/1144.jpg	Ocean, beach, vegetation.
../dataset/datasets/imb_cub_0.05/train/Glaucous_winged_Gull/1156.jpg	The background is dry, sandy ground with scattered debris.
../dataset/datasets/imb_cub_0.05/train/Glaucous_winged_Gull/1154.jpg	Water and rocks.
../dataset/datasets/imb_cub_0.05/train/Glaucous_winged_Gull/1159.jpg	Water and rocks.
../dataset/datasets/imb_cub_0.05/train/Glaucous_winged_Gull/1151.jpg	A bird stands on wet sand, with water and distant sailboat in background.
../dataset/datasets/imb_cub_0.05/train/Glaucous_winged_Gull/1153.jpg	The background is asphalt with white lines.
../dataset/datasets/imb_cub_0.05/train/Glaucous_winged_Gull/1150.jpg	The background is blurred, showing water and vegetation.
../dataset/datasets/imb_cub_0.05/train/Glaucous_winged_Gull/1158.jpg	A bird stands on rocks near water.
../dataset/datasets/imb_cub_0.05/train/Glaucous_winged_Gull/1149.jpg	A bird stands on wet pavement with grass and sidewalk in background.
../dataset/datasets/imb_cub_0.05/train/Glaucous_winged_Gull/1148.jpg	A bird perched on wooden railing, life preserver visible in background.
../dataset/datasets/imb_cub_0.05/train/Glaucous_winged_Gull/1157.jpg	The background is a blurred, earthy ground with sparse vegetation.
../dataset/datasets/imb_cub_0.05/train/Glaucous_winged_Gull/1152.jpg	Blurred green foliage.
../dataset/datasets/imb_cub_0.05/train/Glaucous_winged_Gull/1155.jpg	A bird stands on rocks near water.
../dataset/datasets/imb_cub_0.05/train/Heermann_Gull/1171.jpg	A bird stands on sandy beach.
../dataset/datasets/imb_cub_0.05/train/Heermann_Gull/1162.jpg	Rocky, green vegetation.
../dataset/datasets/imb_cub_0.05/train/Heermann_Gull/1169.jpg	The background is plain white.
../dataset/datasets/imb_cub_0.05/train/Heermann_Gull/1160.jpg	A bird stands on wet, reflective surface with blurred background.
../dataset/datasets/imb_cub_0.05/train/Heermann_Gull/1168.jpg	Rocky, blurred.
../dataset/datasets/imb_cub_0.05/train/Heermann_Gull/1164.jpg	The background is blurred water.
../dataset/datasets/imb_cub_0.05/train/Heermann_Gull/1167.jpg	Sandy beach, concrete wall, shadow.
../dataset/datasets/imb_cub_0.05/train/Heermann_Gull/1161.jpg	Ripples on water surface.
../dataset/datasets/imb_cub_0.05/train/Heermann_Gull/1170.jpg	The background is a muted, overcast sky.
../dataset/datasets/imb_cub_0.05/train/Heermann_Gull/1166.jpg	Ocean waves.
../dataset/datasets/imb_cub_0.05/train/Heermann_Gull/1163.jpg	A bird stands on sandy beach with scattered rocks and driftwood.
../dataset/datasets/imb_cub_0.05/train/Heermann_Gull/1165.jpg	The background is sandy and blurred.
../dataset/datasets/imb_cub_0.05/train/Herring_Gull/1173.jpg	A bird stands on water with reflections and greenery.
../dataset/datasets/imb_cub_0.05/train/Herring_Gull/1175.jpg	Rushing water, rocks.
../dataset/datasets/imb_cub_0.05/train/Herring_Gull/1179.jpg	The background is blurred, suggesting water and vegetation.
../dataset/datasets/imb_cub_0.05/train/Herring_Gull/1174.jpg	A bird stands on sandy beach with scattered debris.
../dataset/datasets/imb_cub_0.05/train/Herring_Gull/1177.jpg	A bird soars against a clear blue sky.
../dataset/datasets/imb_cub_0.05/train/Herring_Gull/1178.jpg	Muddy water, grass, rocks.
../dataset/datasets/imb_cub_0.05/train/Herring_Gull/1176.jpg	Rocky, grassy, water.
../dataset/datasets/imb_cub_0.05/train/Herring_Gull/1182.jpg	The background is dark and blurred.
../dataset/datasets/imb_cub_0.05/train/Herring_Gull/1181.jpg	A bird soars over calm waters, with distant land and hazy sky.
../dataset/datasets/imb_cub_0.05/train/Herring_Gull/1180.jpg	The background is a blurred, dark water body.
../dataset/datasets/imb_cub_0.05/train/Herring_Gull/1172.jpg	A bird soars against a clear blue sky with a few clouds.
../dataset/datasets/imb_cub_0.05/train/Ivory_Gull/1193.jpg	A bird stands on snow with rocks and vegetation in the background.
../dataset/datasets/imb_cub_0.05/train/Ivory_Gull/1189.jpg	A bird stands on icy ground with snow-covered landscape.
../dataset/datasets/imb_cub_0.05/train/Ivory_Gull/1187.jpg	A bird stands on pebbles near water.
../dataset/datasets/imb_cub_0.05/train/Ivory_Gull/1186.jpg	Frozen water.
../dataset/datasets/imb_cub_0.05/train/Ivory_Gull/1185.jpg	The background is blurred, suggesting water and sky.
../dataset/datasets/imb_cub_0.05/train/Ivory_Gull/1190.jpg	A bird perched on a post near water.
../dataset/datasets/imb_cub_0.05/train/Ivory_Gull/1183.jpg	The background is dark and blurred.
../dataset/datasets/imb_cub_0.05/train/Ivory_Gull/1184.jpg	A bird stands on snow-covered ground with ice and rocks.
../dataset/datasets/imb_cub_0.05/train/Ivory_Gull/1192.jpg	A bird stands on wet sand near water.
../dataset/datasets/imb_cub_0.05/train/Ivory_Gull/1188.jpg	Water and rocks.
../dataset/datasets/imb_cub_0.05/train/Ivory_Gull/1191.jpg	A bird stands on wooden dock, water and railing behind.
../dataset/datasets/imb_cub_0.05/train/Ring_billed_Gull/1198.jpg	A bird perched on branch against blue sky and bare branches.
../dataset/datasets/imb_cub_0.05/train/Ring_billed_Gull/1204.jpg	Dark, blurred background.
../dataset/datasets/imb_cub_0.05/train/Ring_billed_Gull/1195.jpg	The bird stands on a textured, gray surface with a yellow line in the distance.
../dataset/datasets/imb_cub_0.05/train/Ring_billed_Gull/1203.jpg	The background is a clear sky.
../dataset/datasets/imb_cub_0.05/train/Ring_billed_Gull/1196.jpg	A bird stands on snow, blurred water behind.
../dataset/datasets/imb_cub_0.05/train/Ring_billed_Gull/1197.jpg	A bird stands on sandy beach.
../dataset/datasets/imb_cub_0.05/train/Ring_billed_Gull/1199.jpg	Water.
../dataset/datasets/imb_cub_0.05/train/Ring_billed_Gull/1200.jpg	Blurred green and brown.
../dataset/datasets/imb_cub_0.05/train/Ring_billed_Gull/1194.jpg	The background is sandy with scattered debris.
../dataset/datasets/imb_cub_0.05/train/Ring_billed_Gull/1201.jpg	Water with ripples.
../dataset/datasets/imb_cub_0.05/train/Ring_billed_Gull/1202.jpg	The background is blurred, showing earthy tones and water.
../dataset/datasets/imb_cub_0.05/train/Slaty_backed_Gull/1208.jpg	A bird stands on railing, blurred water and sky behind.
../dataset/datasets/imb_cub_0.05/train/Slaty_backed_Gull/1213.jpg	A bird flying over ice.
../dataset/datasets/imb_cub_0.05/train/Slaty_backed_Gull/1214.jpg	Water.
../dataset/datasets/imb_cub_0.05/train/Slaty_backed_Gull/1205.jpg	A bird stands on ice, with snow and water in the background.
../dataset/datasets/imb_cub_0.05/train/Slaty_backed_Gull/1207.jpg	A bird perched on snow, blurred water behind.
../dataset/datasets/imb_cub_0.05/train/Slaty_backed_Gull/1215.jpg	Ocean waves.
../dataset/datasets/imb_cub_0.05/train/Slaty_backed_Gull/1210.jpg	A bird soars over dark, rippling water.
../dataset/datasets/imb_cub_0.05/train/Slaty_backed_Gull/1206.jpg	The background is a plain, light gray sky.
../dataset/datasets/imb_cub_0.05/train/Slaty_backed_Gull/1212.jpg	A bird stands on railing, water behind.
../dataset/datasets/imb_cub_0.05/train/Slaty_backed_Gull/1211.jpg	The background is water.
../dataset/datasets/imb_cub_0.05/train/Slaty_backed_Gull/1209.jpg	Cloudy sky.
../dataset/datasets/imb_cub_0.05/train/Western_Gull/1218.jpg	The background is blurred and neutral-toned.
../dataset/datasets/imb_cub_0.05/train/Western_Gull/1219.jpg	Rocky, water.
../dataset/datasets/imb_cub_0.05/train/Western_Gull/1220.jpg	Ocean waves.
../dataset/datasets/imb_cub_0.05/train/Western_Gull/1217.jpg	Muddy, wet ground near water.
../dataset/datasets/imb_cub_0.05/train/Western_Gull/1224.jpg	A bird stands on concrete, with water and trees in the background.
../dataset/datasets/imb_cub_0.05/train/Western_Gull/1223.jpg	A bird stands on sandy beach.
../dataset/datasets/imb_cub_0.05/train/Western_Gull/1222.jpg	A bird soars against a cloudy sky.
../dataset/datasets/imb_cub_0.05/train/Western_Gull/1221.jpg	Blurred greenery, road, car.
../dataset/datasets/imb_cub_0.05/train/Western_Gull/1226.jpg	A bird stands on a ledge with cars and a FedEx truck in the background.
../dataset/datasets/imb_cub_0.05/train/Western_Gull/1225.jpg	A bird stands on sandy beach.
../dataset/datasets/imb_cub_0.05/train/Western_Gull/1216.jpg	The background is blurred water and sand.
../dataset/datasets/imb_cub_0.05/train/Anna_Hummingbird/1230.jpg	The background is blurred with green and purple hues.
../dataset/datasets/imb_cub_0.05/train/Anna_Hummingbird/1227.jpg	Blurred purple flowers.
../dataset/datasets/imb_cub_0.05/train/Anna_Hummingbird/1231.jpg	Blurred, brown tones.
../dataset/datasets/imb_cub_0.05/train/Anna_Hummingbird/1237.jpg	The background is blurred, showing branches and a muted sky.
../dataset/datasets/imb_cub_0.05/train/Anna_Hummingbird/1228.jpg	Green, blurred, bokeh.
../dataset/datasets/imb_cub_0.05/train/Anna_Hummingbird/1232.jpg	The background is plain and light green.
../dataset/datasets/imb_cub_0.05/train/Anna_Hummingbird/1233.jpg	The background is plain and light-colored.
../dataset/datasets/imb_cub_0.05/train/Anna_Hummingbird/1234.jpg	Blurred, bokeh effect.
../dataset/datasets/imb_cub_0.05/train/Anna_Hummingbird/1235.jpg	The background is blurred with red and green hues.
../dataset/datasets/imb_cub_0.05/train/Anna_Hummingbird/1229.jpg	Blurred green and brown.
../dataset/datasets/imb_cub_0.05/train/Anna_Hummingbird/1236.jpg	Blurred green and brown.
../dataset/datasets/imb_cub_0.05/train/Ruby_throated_Hummingbird/1247.jpg	Green background.
../dataset/datasets/imb_cub_0.05/train/Ruby_throated_Hummingbird/1242.jpg	Blurred green and brown.
../dataset/datasets/imb_cub_0.05/train/Ruby_throated_Hummingbird/1239.jpg	Dark green, blurred.
../dataset/datasets/imb_cub_0.05/train/Ruby_throated_Hummingbird/1246.jpg	Blurred green and blue.
../dataset/datasets/imb_cub_0.05/train/Ruby_throated_Hummingbird/1245.jpg	Clear blue sky.
../dataset/datasets/imb_cub_0.05/train/Ruby_throated_Hummingbird/1240.jpg	Blurred green and blue.
../dataset/datasets/imb_cub_0.05/train/Ruby_throated_Hummingbird/1238.jpg	Blurred green background.
../dataset/datasets/imb_cub_0.05/train/Ruby_throated_Hummingbird/1244.jpg	Dark green.
../dataset/datasets/imb_cub_0.05/train/Ruby_throated_Hummingbird/1243.jpg	The background is blurred, showing a neutral tone.
../dataset/datasets/imb_cub_0.05/train/Ruby_throated_Hummingbird/1241.jpg	Blurred green and brown.
../dataset/datasets/imb_cub_0.05/train/Rufous_Hummingbird/1255.jpg	The background is a solid, muted blue-gray.
../dataset/datasets/imb_cub_0.05/train/Rufous_Hummingbird/1257.jpg	Clear blue sky.
../dataset/datasets/imb_cub_0.05/train/Rufous_Hummingbird/1248.jpg	Green, blurred foliage.
../dataset/datasets/imb_cub_0.05/train/Rufous_Hummingbird/1253.jpg	Green foliage, blurred mountains.
../dataset/datasets/imb_cub_0.05/train/Rufous_Hummingbird/1249.jpg	The background is a plain, light gray sky.
../dataset/datasets/imb_cub_0.05/train/Rufous_Hummingbird/1254.jpg	Blurred green background.
../dataset/datasets/imb_cub_0.05/train/Rufous_Hummingbird/1256.jpg	Green leaves and branches.
../dataset/datasets/imb_cub_0.05/train/Rufous_Hummingbird/1250.jpg	Green leaves and branches.
../dataset/datasets/imb_cub_0.05/train/Rufous_Hummingbird/1251.jpg	Blurred brown tones.
../dataset/datasets/imb_cub_0.05/train/Rufous_Hummingbird/1252.jpg	Blurred green background.
../dataset/datasets/imb_cub_0.05/train/Green_Violetear/1263.jpg	Blurred green and brown.
../dataset/datasets/imb_cub_0.05/train/Green_Violetear/1258.jpg	The background is green foliage.
../dataset/datasets/imb_cub_0.05/train/Green_Violetear/1259.jpg	Blurred green leaves.
../dataset/datasets/imb_cub_0.05/train/Green_Violetear/1260.jpg	Green, blurred foliage.
../dataset/datasets/imb_cub_0.05/train/Green_Violetear/1266.jpg	Blurred green background.
../dataset/datasets/imb_cub_0.05/train/Green_Violetear/1261.jpg	Green foliage.
../dataset/datasets/imb_cub_0.05/train/Green_Violetear/1267.jpg	Green, blurred foliage.
../dataset/datasets/imb_cub_0.05/train/Green_Violetear/1265.jpg	Blurred orange and green foliage.
../dataset/datasets/imb_cub_0.05/train/Green_Violetear/1264.jpg	The background features blurred red flowers and green foliage.
../dataset/datasets/imb_cub_0.05/train/Green_Violetear/1262.jpg	Green leaves and blurred background.
../dataset/datasets/imb_cub_0.05/train/Long_tailed_Jaeger/1272.jpg	Green, blurred background.
../dataset/datasets/imb_cub_0.05/train/Long_tailed_Jaeger/1275.jpg	Grassy field with blurred vegetation.
../dataset/datasets/imb_cub_0.05/train/Long_tailed_Jaeger/1270.jpg	Dry grass and shrubs.
../dataset/datasets/imb_cub_0.05/train/Long_tailed_Jaeger/1271.jpg	Clear blue sky.
../dataset/datasets/imb_cub_0.05/train/Long_tailed_Jaeger/1273.jpg	A bird is flying over a grassy field.
../dataset/datasets/imb_cub_0.05/train/Long_tailed_Jaeger/1276.jpg	The bird is perched on a rock against a clear sky.
../dataset/datasets/imb_cub_0.05/train/Long_tailed_Jaeger/1268.jpg	The bird is set against a plain white background.
../dataset/datasets/imb_cub_0.05/train/Long_tailed_Jaeger/1277.jpg	A bird soars against a pale sky.
../dataset/datasets/imb_cub_0.05/train/Long_tailed_Jaeger/1269.jpg	Clear blue sky.
../dataset/datasets/imb_cub_0.05/train/Long_tailed_Jaeger/1274.jpg	Foggy, snowy landscape.
../dataset/datasets/imb_cub_0.05/train/Pomarine_Jaeger/1285.jpg	The background is a clear, light blue sky.
../dataset/datasets/imb_cub_0.05/train/Pomarine_Jaeger/1283.jpg	A bird soars against a pale sky.
../dataset/datasets/imb_cub_0.05/train/Pomarine_Jaeger/1281.jpg	A bird soars against a clear blue sky.
../dataset/datasets/imb_cub_0.05/train/Pomarine_Jaeger/1279.jpg	The background is blurred, suggesting a natural, outdoor setting with earthy tones.
../dataset/datasets/imb_cub_0.05/train/Pomarine_Jaeger/1278.jpg	A bird soars over blue water.
../dataset/datasets/imb_cub_0.05/train/Pomarine_Jaeger/1280.jpg	Ocean.
../dataset/datasets/imb_cub_0.05/train/Pomarine_Jaeger/1282.jpg	A bird soars against a clear blue sky.
../dataset/datasets/imb_cub_0.05/train/Pomarine_Jaeger/1287.jpg	A bird soars against a clear blue sky.
../dataset/datasets/imb_cub_0.05/train/Pomarine_Jaeger/1284.jpg	Clear blue sky.
../dataset/datasets/imb_cub_0.05/train/Pomarine_Jaeger/1286.jpg	A bird soars against a clear sky.
../dataset/datasets/imb_cub_0.05/train/Blue_Jay/1292.jpg	Blurred greenery.
../dataset/datasets/imb_cub_0.05/train/Blue_Jay/1295.jpg	Green foliage.
../dataset/datasets/imb_cub_0.05/train/Blue_Jay/1290.jpg	The background is blurred, suggesting a natural setting with muted colors.
../dataset/datasets/imb_cub_0.05/train/Blue_Jay/1293.jpg	A bird perched on a wooden fence against a blurred, textured wall.
../dataset/datasets/imb_cub_0.05/train/Blue_Jay/1288.jpg	The background is a mix of dirt, small rocks, and scattered greenery.
../dataset/datasets/imb_cub_0.05/train/Blue_Jay/1289.jpg	Grass and foliage.
../dataset/datasets/imb_cub_0.05/train/Blue_Jay/1291.jpg	A bird perched on branches with blurred greenery behind.
../dataset/datasets/imb_cub_0.05/train/Blue_Jay/1296.jpg	The background is blurred greenery.
../dataset/datasets/imb_cub_0.05/train/Blue_Jay/1294.jpg	The background is blurred with green and brown tones.
../dataset/datasets/imb_cub_0.05/train/Blue_Jay/1297.jpg	The background is green foliage.
../dataset/datasets/imb_cub_0.05/train/Florida_Jay/1306.jpg	The background is a blurred mix of green foliage and brown branches.
../dataset/datasets/imb_cub_0.05/train/Florida_Jay/1300.jpg	The background is a plain, overcast sky.
../dataset/datasets/imb_cub_0.05/train/Florida_Jay/1299.jpg	Clear blue sky, green leaves.
../dataset/datasets/imb_cub_0.05/train/Florida_Jay/1304.jpg	Green foliage.
../dataset/datasets/imb_cub_0.05/train/Florida_Jay/1302.jpg	Clear blue sky.
../dataset/datasets/imb_cub_0.05/train/Florida_Jay/1305.jpg	Green, blurred background.
../dataset/datasets/imb_cub_0.05/train/Florida_Jay/1298.jpg	The background is a plain, light gray sky.
../dataset/datasets/imb_cub_0.05/train/Florida_Jay/1303.jpg	Green leaves, wooden fence.
../dataset/datasets/imb_cub_0.05/train/Florida_Jay/1301.jpg	A bird perched on green foliage against a clear blue sky.
../dataset/datasets/imb_cub_0.05/train/Green_Jay/1310.jpg	The background is blurred green foliage.
../dataset/datasets/imb_cub_0.05/train/Green_Jay/1311.jpg	Green leaves, blurred background.
../dataset/datasets/imb_cub_0.05/train/Green_Jay/1314.jpg	A bird perched on tree branches with green foliage.
../dataset/datasets/imb_cub_0.05/train/Green_Jay/1315.jpg	The background is blurred green.
../dataset/datasets/imb_cub_0.05/train/Green_Jay/1307.jpg	The background is blurred green foliage.
../dataset/datasets/imb_cub_0.05/train/Green_Jay/1312.jpg	The background is blurred, with warm tones.
../dataset/datasets/imb_cub_0.05/train/Green_Jay/1309.jpg	The background is blurred green.
../dataset/datasets/imb_cub_0.05/train/Green_Jay/1313.jpg	A bird perched on branch, blue sky backdrop.
../dataset/datasets/imb_cub_0.05/train/Green_Jay/1308.jpg	A bird perched on tree branch, blurred greenery behind.
../dataset/datasets/imb_cub_0.05/train/Dark_eyed_Junco/1318.jpg	The background is blurred greenery.
../dataset/datasets/imb_cub_0.05/train/Dark_eyed_Junco/1323.jpg	Snowy, blurred background.
../dataset/datasets/imb_cub_0.05/train/Dark_eyed_Junco/1322.jpg	The background is blurred, out-of-focus green and brown.
../dataset/datasets/imb_cub_0.05/train/Dark_eyed_Junco/1320.jpg	Blurred, brownish.
../dataset/datasets/imb_cub_0.05/train/Dark_eyed_Junco/1316.jpg	Grass, rocks, sunlight.
../dataset/datasets/imb_cub_0.05/train/Dark_eyed_Junco/1324.jpg	The bird is on a mossy surface with scattered leaves.
../dataset/datasets/imb_cub_0.05/train/Dark_eyed_Junco/1317.jpg	Snowy, fence, blurred.
../dataset/datasets/imb_cub_0.05/train/Dark_eyed_Junco/1321.jpg	The background is snowy and blurred.
../dataset/datasets/imb_cub_0.05/train/Dark_eyed_Junco/1319.jpg	The background is plain and blurred.
../dataset/datasets/imb_cub_0.05/train/Tropical_Kingbird/1332.jpg	Clear blue sky.
../dataset/datasets/imb_cub_0.05/train/Tropical_Kingbird/1333.jpg	Clear blue sky.
../dataset/datasets/imb_cub_0.05/train/Tropical_Kingbird/1330.jpg	Green, blurred background.
../dataset/datasets/imb_cub_0.05/train/Tropical_Kingbird/1327.jpg	Clear blue sky.
../dataset/datasets/imb_cub_0.05/train/Tropical_Kingbird/1329.jpg	A bird perched on branch against clear sky.
../dataset/datasets/imb_cub_0.05/train/Tropical_Kingbird/1325.jpg	The background is plain white.
../dataset/datasets/imb_cub_0.05/train/Tropical_Kingbird/1326.jpg	Green leaves, blurred background.
../dataset/datasets/imb_cub_0.05/train/Tropical_Kingbird/1328.jpg	Green, blurred background.
../dataset/datasets/imb_cub_0.05/train/Tropical_Kingbird/1331.jpg	The bird is perched on a branch against a clear sky.
../dataset/datasets/imb_cub_0.05/train/Gray_Kingbird/1341.jpg	The background is a clear sky with some green foliage.
../dataset/datasets/imb_cub_0.05/train/Gray_Kingbird/1339.jpg	Clear blue sky.
../dataset/datasets/imb_cub_0.05/train/Gray_Kingbird/1338.jpg	Green, blurred background.
../dataset/datasets/imb_cub_0.05/train/Gray_Kingbird/1342.jpg	Blurred trees and sky.
../dataset/datasets/imb_cub_0.05/train/Gray_Kingbird/1336.jpg	A bird perched on branch against clear blue sky.
../dataset/datasets/imb_cub_0.05/train/Gray_Kingbird/1337.jpg	Green leaves, blurred background.
../dataset/datasets/imb_cub_0.05/train/Gray_Kingbird/1340.jpg	Green foliage, blurred background.
../dataset/datasets/imb_cub_0.05/train/Gray_Kingbird/1334.jpg	Clear blue sky.
../dataset/datasets/imb_cub_0.05/train/Gray_Kingbird/1335.jpg	Clear blue sky.
../dataset/datasets/imb_cub_0.05/train/Belted_Kingfisher/1345.jpg	Clear blue sky.
../dataset/datasets/imb_cub_0.05/train/Belted_Kingfisher/1344.jpg	A bird perched on branch against clear blue sky.
../dataset/datasets/imb_cub_0.05/train/Belted_Kingfisher/1348.jpg	Green foliage, pine needles.
../dataset/datasets/imb_cub_0.05/train/Belted_Kingfisher/1347.jpg	The bird is perched on a wire against a gray sky.
../dataset/datasets/imb_cub_0.05/train/Belted_Kingfisher/1343.jpg	The background is blurred greenery.
../dataset/datasets/imb_cub_0.05/train/Belted_Kingfisher/1351.jpg	A bird perched on branch, green foliage behind.
../dataset/datasets/imb_cub_0.05/train/Belted_Kingfisher/1349.jpg	Green foliage.
../dataset/datasets/imb_cub_0.05/train/Belted_Kingfisher/1346.jpg	Blurred green foliage.
../dataset/datasets/imb_cub_0.05/train/Belted_Kingfisher/1350.jpg	A bird stands on concrete with gravel and chain-link fence behind.
../dataset/datasets/imb_cub_0.05/train/Green_Kingfisher/1359.jpg	The background is blurred, with muted browns and whites.
../dataset/datasets/imb_cub_0.05/train/Green_Kingfisher/1352.jpg	Blurred, soft, natural setting.
../dataset/datasets/imb_cub_0.05/train/Green_Kingfisher/1357.jpg	Green leaves and branches.
../dataset/datasets/imb_cub_0.05/train/Green_Kingfisher/1356.jpg	The background is a plain, light gray sky.
../dataset/datasets/imb_cub_0.05/train/Green_Kingfisher/1353.jpg	The background is blurred greenery.
../dataset/datasets/imb_cub_0.05/train/Green_Kingfisher/1360.jpg	The background is a plain, muted green.
../dataset/datasets/imb_cub_0.05/train/Green_Kingfisher/1358.jpg	Green, blurred foliage.
../dataset/datasets/imb_cub_0.05/train/Green_Kingfisher/1355.jpg	The background is blurred green foliage.
../dataset/datasets/imb_cub_0.05/train/Green_Kingfisher/1354.jpg	The background is a clear blue sky.
../dataset/datasets/imb_cub_0.05/train/Pied_Kingfisher/1362.jpg	The bird is set against a plain, light gray sky.
../dataset/datasets/imb_cub_0.05/train/Pied_Kingfisher/1361.jpg	The background is a plain, light blue sky.
../dataset/datasets/imb_cub_0.05/train/Pied_Kingfisher/1368.jpg	A bird perched on a branch against a cloudy sky.
../dataset/datasets/imb_cub_0.05/train/Pied_Kingfisher/1363.jpg	The background is plain and gray.
../dataset/datasets/imb_cub_0.05/train/Pied_Kingfisher/1364.jpg	Green foliage.
../dataset/datasets/imb_cub_0.05/train/Pied_Kingfisher/1366.jpg	Muddy water.
../dataset/datasets/imb_cub_0.05/train/Pied_Kingfisher/1365.jpg	Water and greenery.
../dataset/datasets/imb_cub_0.05/train/Pied_Kingfisher/1367.jpg	A bird on sandy ground with a log and small plant.
../dataset/datasets/imb_cub_0.05/train/Ringed_Kingfisher/1370.jpg	A bird perched on a branch with green foliage and twigs in the background.
../dataset/datasets/imb_cub_0.05/train/Ringed_Kingfisher/1376.jpg	The bird is set against a plain, overcast sky.
../dataset/datasets/imb_cub_0.05/train/Ringed_Kingfisher/1369.jpg	Green foliage, blurred background.
../dataset/datasets/imb_cub_0.05/train/Ringed_Kingfisher/1372.jpg	A bird perched on a branch with green leaves.
../dataset/datasets/imb_cub_0.05/train/Ringed_Kingfisher/1374.jpg	A bird perched on bare branches against a clear blue sky.
../dataset/datasets/imb_cub_0.05/train/Ringed_Kingfisher/1371.jpg	A bird soars against a clear blue sky.
../dataset/datasets/imb_cub_0.05/train/Ringed_Kingfisher/1375.jpg	A bird perched on branch, wooden fence and graffiti behind.
../dataset/datasets/imb_cub_0.05/train/Ringed_Kingfisher/1373.jpg	The background is blurred green foliage.
../dataset/datasets/imb_cub_0.05/train/White_breasted_Kingfisher/1382.jpg	The background is green foliage.
../dataset/datasets/imb_cub_0.05/train/White_breasted_Kingfisher/1377.jpg	The background is blurred green and blue.
../dataset/datasets/imb_cub_0.05/train/White_breasted_Kingfisher/1381.jpg	The background is a clear blue sky.
../dataset/datasets/imb_cub_0.05/train/White_breasted_Kingfisher/1378.jpg	Blurred greenery.
../dataset/datasets/imb_cub_0.05/train/White_breasted_Kingfisher/1380.jpg	A bird perched on branch, blurred background.
../dataset/datasets/imb_cub_0.05/train/White_breasted_Kingfisher/1383.jpg	The background is blurred greenery.
../dataset/datasets/imb_cub_0.05/train/White_breasted_Kingfisher/1384.jpg	A bird perched on a rope against a clear blue sky.
../dataset/datasets/imb_cub_0.05/train/White_breasted_Kingfisher/1379.jpg	The background is blurred, showing greenery and a wooden structure.
../dataset/datasets/imb_cub_0.05/train/Red_legged_Kittiwake/1391.jpg	The background is rocky and dark.
../dataset/datasets/imb_cub_0.05/train/Red_legged_Kittiwake/1386.jpg	The background is a uniform, muted blue-gray sky.
../dataset/datasets/imb_cub_0.05/train/Red_legged_Kittiwake/1387.jpg	Rocky, overcast sky.
../dataset/datasets/imb_cub_0.05/train/Red_legged_Kittiwake/1388.jpg	The bird is perched on a rocky surface with a blurred, textured background.
../dataset/datasets/imb_cub_0.05/train/Red_legged_Kittiwake/1392.jpg	The bird is perched on a nest against a rocky background.
../dataset/datasets/imb_cub_0.05/train/Red_legged_Kittiwake/1389.jpg	Rushing water.
../dataset/datasets/imb_cub_0.05/train/Red_legged_Kittiwake/1385.jpg	A bird stands on dark sand near water.
../dataset/datasets/imb_cub_0.05/train/Red_legged_Kittiwake/1390.jpg	Rocky, mossy, blurred.
../dataset/datasets/imb_cub_0.05/train/Horned_Lark/1394.jpg	Snowy, flat ground.
../dataset/datasets/imb_cub_0.05/train/Horned_Lark/1396.jpg	A bird on sandy ground with small rocks.
../dataset/datasets/imb_cub_0.05/train/Horned_Lark/1397.jpg	A bird on snow.
../dataset/datasets/imb_cub_0.05/train/Horned_Lark/1398.jpg	The background is a mix of soil and small green plants.
../dataset/datasets/imb_cub_0.05/train/Horned_Lark/1393.jpg	The background is sandy and blurred.
../dataset/datasets/imb_cub_0.05/train/Horned_Lark/1395.jpg	The background is dry, earthy, and blurred.
../dataset/datasets/imb_cub_0.05/train/Horned_Lark/1400.jpg	The background is a blurred green.
../dataset/datasets/imb_cub_0.05/train/Horned_Lark/1399.jpg	The background is a clear blue sky.
../dataset/datasets/imb_cub_0.05/train/Pacific_Loon/1401.jpg	Water.
../dataset/datasets/imb_cub_0.05/train/Pacific_Loon/1402.jpg	A bird swimming on rippling water.
../dataset/datasets/imb_cub_0.05/train/Pacific_Loon/1408.jpg	A bird swims on calm water with ripples.
../dataset/datasets/imb_cub_0.05/train/Pacific_Loon/1403.jpg	A bird on calm water.
../dataset/datasets/imb_cub_0.05/train/Pacific_Loon/1406.jpg	The background is sandy and wet.
../dataset/datasets/imb_cub_0.05/train/Pacific_Loon/1405.jpg	A bird floats on clear water with rocks visible beneath.
../dataset/datasets/imb_cub_0.05/train/Pacific_Loon/1407.jpg	A bird on calm water.
../dataset/datasets/imb_cub_0.05/train/Pacific_Loon/1404.jpg	A bird swimming in rippling water.
../dataset/datasets/imb_cub_0.05/train/Mallard/1413.jpg	Water with ripples.
../dataset/datasets/imb_cub_0.05/train/Mallard/1414.jpg	The background is blurred, showing a sandy or dirt surface with some greenery.
../dataset/datasets/imb_cub_0.05/train/Mallard/1409.jpg	Grass, water, plants.
../dataset/datasets/imb_cub_0.05/train/Mallard/1412.jpg	Water.
../dataset/datasets/imb_cub_0.05/train/Mallard/1411.jpg	Water.
../dataset/datasets/imb_cub_0.05/train/Mallard/1416.jpg	Water and blurred wall.
../dataset/datasets/imb_cub_0.05/train/Mallard/1415.jpg	The background is dark blue water.
../dataset/datasets/imb_cub_0.05/train/Mallard/1410.jpg	The background is sandy and wet.
../dataset/datasets/imb_cub_0.05/train/Western_Meadowlark/1424.jpg	The background is a plain, light-colored sky.
../dataset/datasets/imb_cub_0.05/train/Western_Meadowlark/1423.jpg	A bird against a clear blue sky.
../dataset/datasets/imb_cub_0.05/train/Western_Meadowlark/1420.jpg	Clear blue sky.
../dataset/datasets/imb_cub_0.05/train/Western_Meadowlark/1417.jpg	A bird perches on branch against blue sky.
../dataset/datasets/imb_cub_0.05/train/Western_Meadowlark/1418.jpg	Blurred green field.
../dataset/datasets/imb_cub_0.05/train/Western_Meadowlark/1421.jpg	Clear blue sky, green shrubs.
../dataset/datasets/imb_cub_0.05/train/Western_Meadowlark/1422.jpg	The background is blurred, suggesting a natural outdoor setting.
../dataset/datasets/imb_cub_0.05/train/Western_Meadowlark/1419.jpg	Blurred, dry grass.
../dataset/datasets/imb_cub_0.05/train/Hooded_Merganser/1430.jpg	Ripples and reflections on water.
../dataset/datasets/imb_cub_0.05/train/Hooded_Merganser/1431.jpg	The background is water.
../dataset/datasets/imb_cub_0.05/train/Hooded_Merganser/1427.jpg	Water with ripples and reflections.
../dataset/datasets/imb_cub_0.05/train/Hooded_Merganser/1426.jpg	A bird swims on calm water.
../dataset/datasets/imb_cub_0.05/train/Hooded_Merganser/1425.jpg	A bird stands on rocks near water.
../dataset/datasets/imb_cub_0.05/train/Hooded_Merganser/1429.jpg	Water.
../dataset/datasets/imb_cub_0.05/train/Hooded_Merganser/1428.jpg	A bird on calm water.
../dataset/datasets/imb_cub_0.05/train/Red_breasted_Merganser/1438.jpg	Ripples on water surface.
../dataset/datasets/imb_cub_0.05/train/Red_breasted_Merganser/1437.jpg	Water with ripples and reflection.
../dataset/datasets/imb_cub_0.05/train/Red_breasted_Merganser/1432.jpg	Grass, leaves, and small plants.
../dataset/datasets/imb_cub_0.05/train/Red_breasted_Merganser/1434.jpg	Ripples on water surface.
../dataset/datasets/imb_cub_0.05/train/Red_breasted_Merganser/1433.jpg	Water.
../dataset/datasets/imb_cub_0.05/train/Red_breasted_Merganser/1436.jpg	Water.
../dataset/datasets/imb_cub_0.05/train/Red_breasted_Merganser/1435.jpg	Water.
../dataset/datasets/imb_cub_0.05/train/Mockingbird/1445.jpg	Green leaves, blue sky.
../dataset/datasets/imb_cub_0.05/train/Mockingbird/1442.jpg	Grassy field.
../dataset/datasets/imb_cub_0.05/train/Mockingbird/1443.jpg	A bird perched on branches with autumn-colored leaves.
../dataset/datasets/imb_cub_0.05/train/Mockingbird/1439.jpg	Sandy beach with seaweed.
../dataset/datasets/imb_cub_0.05/train/Mockingbird/1444.jpg	Grass and leaves.
../dataset/datasets/imb_cub_0.05/train/Mockingbird/1440.jpg	The background is blurred, suggesting an outdoor setting with soft, neutral tones.
../dataset/datasets/imb_cub_0.05/train/Mockingbird/1441.jpg	A bird perched on tree branches with green leaves.
../dataset/datasets/imb_cub_0.05/train/Nighthawk/1450.jpg	Green, blurred background.
../dataset/datasets/imb_cub_0.05/train/Nighthawk/1448.jpg	A bird on gravel.
../dataset/datasets/imb_cub_0.05/train/Nighthawk/1447.jpg	The background is blurred green.
../dataset/datasets/imb_cub_0.05/train/Nighthawk/1449.jpg	Grassy field.
../dataset/datasets/imb_cub_0.05/train/Nighthawk/1452.jpg	The bird is on a rough, textured surface with scattered debris.
../dataset/datasets/imb_cub_0.05/train/Nighthawk/1446.jpg	The background is a plain, light gray sky.
../dataset/datasets/imb_cub_0.05/train/Nighthawk/1451.jpg	Green foliage, branches.
../dataset/datasets/imb_cub_0.05/train/Clark_Nutcracker/1458.jpg	Grassy field.
../dataset/datasets/imb_cub_0.05/train/Clark_Nutcracker/1453.jpg	Clear blue sky.
../dataset/datasets/imb_cub_0.05/train/Clark_Nutcracker/1457.jpg	Cloudy sky.
../dataset/datasets/imb_cub_0.05/train/Clark_Nutcracker/1456.jpg	The background is blurred, dark, and out of focus.
../dataset/datasets/imb_cub_0.05/train/Clark_Nutcracker/1459.jpg	The background is blurred green.
../dataset/datasets/imb_cub_0.05/train/Clark_Nutcracker/1455.jpg	Blurred greenery.
../dataset/datasets/imb_cub_0.05/train/Clark_Nutcracker/1454.jpg	Rocky, green foliage.
../dataset/datasets/imb_cub_0.05/train/White_breasted_Nuthatch/1462.jpg	The background is blurred yellow.
../dataset/datasets/imb_cub_0.05/train/White_breasted_Nuthatch/1461.jpg	A bird perched on a branch against a blue sky.
../dataset/datasets/imb_cub_0.05/train/White_breasted_Nuthatch/1466.jpg	The background is blurred with brown and orange tones, suggesting leaves or branches.
../dataset/datasets/imb_cub_0.05/train/White_breasted_Nuthatch/1465.jpg	The background is blurred, showing a mix of light and dark tones.
../dataset/datasets/imb_cub_0.05/train/White_breasted_Nuthatch/1463.jpg	The background is blurred, showing a natural setting with muted colors.
../dataset/datasets/imb_cub_0.05/train/White_breasted_Nuthatch/1464.jpg	The background is blurred green foliage.
../dataset/datasets/imb_cub_0.05/train/White_breasted_Nuthatch/1460.jpg	The background is plain and light-colored.
../dataset/datasets/imb_cub_0.05/train/Baltimore_Oriole/1473.jpg	Green blurred background.
../dataset/datasets/imb_cub_0.05/train/Baltimore_Oriole/1468.jpg	Green, blurred foliage.
../dataset/datasets/imb_cub_0.05/train/Baltimore_Oriole/1467.jpg	A bird perched on branch, blurred background.
../dataset/datasets/imb_cub_0.05/train/Baltimore_Oriole/1472.jpg	Green leaves, blurred background.
../dataset/datasets/imb_cub_0.05/train/Baltimore_Oriole/1469.jpg	The background is a clear sky.
../dataset/datasets/imb_cub_0.05/train/Baltimore_Oriole/1470.jpg	The background is blurred green foliage.
../dataset/datasets/imb_cub_0.05/train/Baltimore_Oriole/1471.jpg	Green grass and blurred background.
../dataset/datasets/imb_cub_0.05/train/Hooded_Oriole/1476.jpg	Clear blue sky.
../dataset/datasets/imb_cub_0.05/train/Hooded_Oriole/1478.jpg	The background is blurred, with muted colors.
../dataset/datasets/imb_cub_0.05/train/Hooded_Oriole/1479.jpg	Green leaves and branches.
../dataset/datasets/imb_cub_0.05/train/Hooded_Oriole/1480.jpg	The background is plain white.
../dataset/datasets/imb_cub_0.05/train/Hooded_Oriole/1477.jpg	Green, blurred background.
../dataset/datasets/imb_cub_0.05/train/Hooded_Oriole/1474.jpg	The background is blurred with soft, muted colors.
../dataset/datasets/imb_cub_0.05/train/Hooded_Oriole/1475.jpg	Green leaves, blurred background.
../dataset/datasets/imb_cub_0.05/train/Orchard_Oriole/1485.jpg	Clear blue sky, blurred roof.
../dataset/datasets/imb_cub_0.05/train/Orchard_Oriole/1487.jpg	The background features blurred green and red foliage.
../dataset/datasets/imb_cub_0.05/train/Orchard_Oriole/1481.jpg	A bird perched on branches with blurred greenery and blue sky.
../dataset/datasets/imb_cub_0.05/train/Orchard_Oriole/1482.jpg	Green foliage, blurred background.
../dataset/datasets/imb_cub_0.05/train/Orchard_Oriole/1486.jpg	The background is plain white.
../dataset/datasets/imb_cub_0.05/train/Orchard_Oriole/1483.jpg	The background is a clear blue sky.
../dataset/datasets/imb_cub_0.05/train/Orchard_Oriole/1484.jpg	Green, blurred foliage.
../dataset/datasets/imb_cub_0.05/train/Scott_Oriole/1491.jpg	The background is blurred green foliage and branches.
../dataset/datasets/imb_cub_0.05/train/Scott_Oriole/1493.jpg	The background is blurred, with muted colors.
../dataset/datasets/imb_cub_0.05/train/Scott_Oriole/1488.jpg	The bird is on ground with scattered leaves and dirt.
../dataset/datasets/imb_cub_0.05/train/Scott_Oriole/1490.jpg	The background is blurred, with hints of brown and green.
../dataset/datasets/imb_cub_0.05/train/Scott_Oriole/1492.jpg	The background is blurred greenery.
../dataset/datasets/imb_cub_0.05/train/Scott_Oriole/1489.jpg	A bird perched on dry, brown branches with hints of red.
../dataset/datasets/imb_cub_0.05/train/Ovenbird/1498.jpg	Clear blue sky.
../dataset/datasets/imb_cub_0.05/train/Ovenbird/1495.jpg	A bird perched on a branch with green foliage.
../dataset/datasets/imb_cub_0.05/train/Ovenbird/1496.jpg	The background is blurred green foliage.
../dataset/datasets/imb_cub_0.05/train/Ovenbird/1499.jpg	Green foliage, blurred background.
../dataset/datasets/imb_cub_0.05/train/Ovenbird/1494.jpg	Green foliage.
../dataset/datasets/imb_cub_0.05/train/Ovenbird/1497.jpg	The background is plain and gray.
../dataset/datasets/imb_cub_0.05/train/Brown_Pelican/1505.jpg	Water and mud.
../dataset/datasets/imb_cub_0.05/train/Brown_Pelican/1500.jpg	Ocean and sky.
../dataset/datasets/imb_cub_0.05/train/Brown_Pelican/1502.jpg	The background is a plain, overcast sky.
../dataset/datasets/imb_cub_0.05/train/Brown_Pelican/1501.jpg	Water.
../dataset/datasets/imb_cub_0.05/train/Brown_Pelican/1504.jpg	A bird stands on wet sand near water.
../dataset/datasets/imb_cub_0.05/train/Brown_Pelican/1503.jpg	Ocean, beach, people, sand, waves.
../dataset/datasets/imb_cub_0.05/train/White_Pelican/1507.jpg	Dark water.
../dataset/datasets/imb_cub_0.05/train/White_Pelican/1509.jpg	Water.
../dataset/datasets/imb_cub_0.05/train/White_Pelican/1506.jpg	Water.
../dataset/datasets/imb_cub_0.05/train/White_Pelican/1510.jpg	The background consists of dry branches and sparse greenery.
../dataset/datasets/imb_cub_0.05/train/White_Pelican/1508.jpg	A bird soars against a clear blue sky.
../dataset/datasets/imb_cub_0.05/train/White_Pelican/1511.jpg	Water.
../dataset/datasets/imb_cub_0.05/train/Western_Wood_Pewee/1515.jpg	Clear blue sky.
../dataset/datasets/imb_cub_0.05/train/Western_Wood_Pewee/1516.jpg	Blurred green background.
../dataset/datasets/imb_cub_0.05/train/Western_Wood_Pewee/1514.jpg	Green, blurred background.
../dataset/datasets/imb_cub_0.05/train/Western_Wood_Pewee/1513.jpg	Clear blue sky.
../dataset/datasets/imb_cub_0.05/train/Western_Wood_Pewee/1517.jpg	Blurred greenery and tree trunk.
../dataset/datasets/imb_cub_0.05/train/Western_Wood_Pewee/1512.jpg	A bird perched on a branch against a pale sky.
../dataset/datasets/imb_cub_0.05/train/Sayornis/1520.jpg	Blurred green foliage.
../dataset/datasets/imb_cub_0.05/train/Sayornis/1518.jpg	Green, blurred, grassy.
../dataset/datasets/imb_cub_0.05/train/Sayornis/1523.jpg	Green foliage.
../dataset/datasets/imb_cub_0.05/train/Sayornis/1522.jpg	Blurred green background.
../dataset/datasets/imb_cub_0.05/train/Sayornis/1521.jpg	Clear blue sky.
../dataset/datasets/imb_cub_0.05/train/Sayornis/1519.jpg	Green, blurred background.
../dataset/datasets/imb_cub_0.05/train/American_Pipit/1527.jpg	A bird stands on soil with dry grass.
../dataset/datasets/imb_cub_0.05/train/American_Pipit/1526.jpg	Muddy, reflective water.
../dataset/datasets/imb_cub_0.05/train/American_Pipit/1525.jpg	The background is a plain, textured surface.
../dataset/datasets/imb_cub_0.05/train/American_Pipit/1524.jpg	The background is a mix of dirt and small rocks.
../dataset/datasets/imb_cub_0.05/train/American_Pipit/1529.jpg	Green grassy field.
../dataset/datasets/imb_cub_0.05/train/American_Pipit/1528.jpg	A bird stands on wet rocks near water.
../dataset/datasets/imb_cub_0.05/train/Whip_poor_Will/1534.jpg	The background is blurred, with warm tones.
../dataset/datasets/imb_cub_0.05/train/Whip_poor_Will/1531.jpg	Grass and dirt.
../dataset/datasets/imb_cub_0.05/train/Whip_poor_Will/1533.jpg	The background is dark.
../dataset/datasets/imb_cub_0.05/train/Whip_poor_Will/1532.jpg	The background is dark and leafy.
../dataset/datasets/imb_cub_0.05/train/Whip_poor_Will/1530.jpg	The bird is on the ground amidst grass and small plants.
../dataset/datasets/imb_cub_0.05/train/Whip_poor_Will/1535.jpg	The background is blurred, with dark and green tones.
../dataset/datasets/imb_cub_0.05/train/Horned_Puffin/1536.jpg	A bird stands on rocks near a tree trunk and red structure.
../dataset/datasets/imb_cub_0.05/train/Horned_Puffin/1537.jpg	Rocky, blurred background.
../dataset/datasets/imb_cub_0.05/train/Horned_Puffin/1539.jpg	The background is water.
../dataset/datasets/imb_cub_0.05/train/Horned_Puffin/1540.jpg	The bird is set against a gradient blue background.
../dataset/datasets/imb_cub_0.05/train/Horned_Puffin/1541.jpg	Rocky, blurred.
../dataset/datasets/imb_cub_0.05/train/Horned_Puffin/1538.jpg	Rocky, gray background.
../dataset/datasets/imb_cub_0.05/train/Common_Raven/1792.jpg	The bird is on a textured, gray surface.
../dataset/datasets/imb_cub_0.05/train/White_necked_Raven/1546.jpg	Rocky, earthy background.
../dataset/datasets/imb_cub_0.05/train/White_necked_Raven/1543.jpg	A bird is perched on a branch surrounded by green foliage and white flowers.
../dataset/datasets/imb_cub_0.05/train/White_necked_Raven/1547.jpg	Grassy field.
../dataset/datasets/imb_cub_0.05/train/White_necked_Raven/1542.jpg	The background is blurred, with muted earth tones.
../dataset/datasets/imb_cub_0.05/train/White_necked_Raven/1544.jpg	A bird stands against a blue wall with a rope and rock.
../dataset/datasets/imb_cub_0.05/train/White_necked_Raven/1545.jpg	A bird perched on rock against clear blue sky.
../dataset/datasets/imb_cub_0.05/train/American_Redstart/1549.jpg	The background is blurred green foliage and blue sky.
../dataset/datasets/imb_cub_0.05/train/American_Redstart/1551.jpg	The background is blurred green foliage.
../dataset/datasets/imb_cub_0.05/train/American_Redstart/1552.jpg	Green leaves, blurred background.
../dataset/datasets/imb_cub_0.05/train/American_Redstart/1550.jpg	Green, blurred background.
../dataset/datasets/imb_cub_0.05/train/American_Redstart/1548.jpg	The background consists of dried leaves and twigs on the ground.
../dataset/datasets/imb_cub_0.05/train/Geococcyx/1557.jpg	Desert ground, sparse vegetation.
../dataset/datasets/imb_cub_0.05/train/Geococcyx/1553.jpg	Dry, brown grass and dirt.
../dataset/datasets/imb_cub_0.05/train/Geococcyx/1555.jpg	The background is sandy and rocky.
../dataset/datasets/imb_cub_0.05/train/Geococcyx/1556.jpg	A bird on stone pavement.
../dataset/datasets/imb_cub_0.05/train/Geococcyx/1554.jpg	Grassy, dry ground with sparse vegetation.
../dataset/datasets/imb_cub_0.05/train/Loggerhead_Shrike/1562.jpg	Clear blue sky.
../dataset/datasets/imb_cub_0.05/train/Loggerhead_Shrike/1559.jpg	A bird perched on barbed wire against a clear sky.
../dataset/datasets/imb_cub_0.05/train/Loggerhead_Shrike/1558.jpg	The background is dry, sandy ground with sparse vegetation.
../dataset/datasets/imb_cub_0.05/train/Loggerhead_Shrike/1560.jpg	The background is a plain, light sky.
../dataset/datasets/imb_cub_0.05/train/Loggerhead_Shrike/1561.jpg	The background is a solid, warm reddish-brown color.
../dataset/datasets/imb_cub_0.05/train/Great_Grey_Shrike/1563.jpg	The background is a blurred, muted landscape.
../dataset/datasets/imb_cub_0.05/train/Great_Grey_Shrike/1565.jpg	The background is a plain, light gray sky.
../dataset/datasets/imb_cub_0.05/train/Great_Grey_Shrike/1567.jpg	Blurred green background.
../dataset/datasets/imb_cub_0.05/train/Great_Grey_Shrike/1564.jpg	The background is blurred, with muted greens and browns.
../dataset/datasets/imb_cub_0.05/train/Great_Grey_Shrike/1566.jpg	A bird perched on bare branches against a pale sky.
../dataset/datasets/imb_cub_0.05/train/Baird_Sparrow/1570.jpg	A bird perched on green foliage against blurred green backdrop.
../dataset/datasets/imb_cub_0.05/train/Baird_Sparrow/1572.jpg	The background is plain and light gray.
../dataset/datasets/imb_cub_0.05/train/Baird_Sparrow/1569.jpg	Grassy field with blurred vegetation.
../dataset/datasets/imb_cub_0.05/train/Baird_Sparrow/1571.jpg	The background is blurred green.
../dataset/datasets/imb_cub_0.05/train/Baird_Sparrow/1568.jpg	Blurred grass and plants.
../dataset/datasets/imb_cub_0.05/train/Black_throated_Sparrow/1577.jpg	A bird is held against a yellow background.
../dataset/datasets/imb_cub_0.05/train/Black_throated_Sparrow/1573.jpg	A bird perched on branch against clear blue sky.
../dataset/datasets/imb_cub_0.05/train/Black_throated_Sparrow/1574.jpg	The background is a clear blue sky.
../dataset/datasets/imb_cub_0.05/train/Black_throated_Sparrow/1575.jpg	The background is blurred, dark, and out of focus.
../dataset/datasets/imb_cub_0.05/train/Black_throated_Sparrow/1576.jpg	Grass, dirt, snow.
../dataset/datasets/imb_cub_0.05/train/Brewer_Sparrow/1578.jpg	Blurred greenery.
../dataset/datasets/imb_cub_0.05/train/Brewer_Sparrow/1582.jpg	Dry grass and gravel.
../dataset/datasets/imb_cub_0.05/train/Brewer_Sparrow/1580.jpg	The background is blurred, with branches and muted colors.
../dataset/datasets/imb_cub_0.05/train/Brewer_Sparrow/1581.jpg	Green, blurred vegetation.
../dataset/datasets/imb_cub_0.05/train/Brewer_Sparrow/1579.jpg	Green foliage.
../dataset/datasets/imb_cub_0.05/train/Chipping_Sparrow/1583.jpg	The background is dark with blurred branches.
../dataset/datasets/imb_cub_0.05/train/Chipping_Sparrow/1584.jpg	The background is snowy and blurred.
../dataset/datasets/imb_cub_0.05/train/Chipping_Sparrow/1587.jpg	The background is a blurred mix of small rocks and pebbles.
../dataset/datasets/imb_cub_0.05/train/Chipping_Sparrow/1586.jpg	Green blurred background.
../dataset/datasets/imb_cub_0.05/train/Chipping_Sparrow/1585.jpg	The background is blurred, with hints of red and green.
../dataset/datasets/imb_cub_0.05/train/Clay_colored_Sparrow/1588.jpg	The background is blurred, with hints of green and brown.
../dataset/datasets/imb_cub_0.05/train/Clay_colored_Sparrow/1592.jpg	Dry branches and leaves.
../dataset/datasets/imb_cub_0.05/train/Clay_colored_Sparrow/1589.jpg	Grass and sunlight.
../dataset/datasets/imb_cub_0.05/train/Clay_colored_Sparrow/1591.jpg	Blurred green and white.
../dataset/datasets/imb_cub_0.05/train/Clay_colored_Sparrow/1590.jpg	Dry, barren ground with twigs and branches.
../dataset/datasets/imb_cub_0.05/train/House_Sparrow/1594.jpg	The background is blurred green foliage.
../dataset/datasets/imb_cub_0.05/train/House_Sparrow/1593.jpg	Green foliage.
../dataset/datasets/imb_cub_0.05/train/House_Sparrow/1595.jpg	A bird perched on a branch against tree bark and sky.
../dataset/datasets/imb_cub_0.05/train/House_Sparrow/1597.jpg	A bird perched on a branch against a clear blue sky.
../dataset/datasets/imb_cub_0.05/train/House_Sparrow/1596.jpg	The background is plain white.
../dataset/datasets/imb_cub_0.05/train/Field_Sparrow/1600.jpg	The background is blurred, showing a natural setting with muted colors.
../dataset/datasets/imb_cub_0.05/train/Field_Sparrow/1601.jpg	Green foliage.
../dataset/datasets/imb_cub_0.05/train/Field_Sparrow/1598.jpg	The background is blurred and neutral-toned.
../dataset/datasets/imb_cub_0.05/train/Field_Sparrow/1602.jpg	Blurred, natural setting.
../dataset/datasets/imb_cub_0.05/train/Field_Sparrow/1599.jpg	The background is blurred with shades of green and brown.
../dataset/datasets/imb_cub_0.05/train/Fox_Sparrow/1604.jpg	The background is snow-covered.
../dataset/datasets/imb_cub_0.05/train/Fox_Sparrow/1606.jpg	Green grass, wet leaves, dark log.
../dataset/datasets/imb_cub_0.05/train/Fox_Sparrow/1605.jpg	The background consists of scattered seeds and pebbles.
../dataset/datasets/imb_cub_0.05/train/Fox_Sparrow/1607.jpg	A bird stands on snow-covered ground with rocks and dirt visible.
../dataset/datasets/imb_cub_0.05/train/Fox_Sparrow/1603.jpg	Leaves and ground.
../dataset/datasets/imb_cub_0.05/train/Grasshopper_Sparrow/1609.jpg	A bird perched on branches against a blurred green backdrop.
../dataset/datasets/imb_cub_0.05/train/Grasshopper_Sparrow/1608.jpg	The background consists of bare tree branches.
../dataset/datasets/imb_cub_0.05/train/Grasshopper_Sparrow/1610.jpg	A bird perched on a branch with blurred grasses in the background.
../dataset/datasets/imb_cub_0.05/train/Grasshopper_Sparrow/1611.jpg	A bird perched on wire, green background.
../dataset/datasets/imb_cub_0.05/train/Harris_Sparrow/1613.jpg	The background is blurred greenery.
../dataset/datasets/imb_cub_0.05/train/Harris_Sparrow/1614.jpg	The background is a blurred mix of brown and green, suggesting a natural setting with branches and leaves.
../dataset/datasets/imb_cub_0.05/train/Harris_Sparrow/1615.jpg	A bird perched on branches with blurred background.
../dataset/datasets/imb_cub_0.05/train/Harris_Sparrow/1612.jpg	Bare branches, soft focus.
../dataset/datasets/imb_cub_0.05/train/Henslow_Sparrow/1617.jpg	The background is blurred green.
../dataset/datasets/imb_cub_0.05/train/Henslow_Sparrow/1619.jpg	A bird perched on a branch with a blurred green background.
../dataset/datasets/imb_cub_0.05/train/Henslow_Sparrow/1616.jpg	Green and brown grasses.
../dataset/datasets/imb_cub_0.05/train/Henslow_Sparrow/1618.jpg	Dry, brown grasses.
../dataset/datasets/imb_cub_0.05/train/Le_Conte_Sparrow/1622.jpg	Dry, brown grass and twigs.
../dataset/datasets/imb_cub_0.05/train/Le_Conte_Sparrow/1623.jpg	Green, blurred grass.
../dataset/datasets/imb_cub_0.05/train/Le_Conte_Sparrow/1621.jpg	Dry, blurred vegetation.
../dataset/datasets/imb_cub_0.05/train/Le_Conte_Sparrow/1620.jpg	Dry grass.
../dataset/datasets/imb_cub_0.05/train/Lincoln_Sparrow/1624.jpg	Grass, rocks, blurred.
../dataset/datasets/imb_cub_0.05/train/Lincoln_Sparrow/1625.jpg	Green, blurred foliage.
../dataset/datasets/imb_cub_0.05/train/Lincoln_Sparrow/1626.jpg	The background consists of scattered seeds and dirt.
../dataset/datasets/imb_cub_0.05/train/Lincoln_Sparrow/1627.jpg	The background is blurred green foliage.
../dataset/datasets/imb_cub_0.05/train/Nelson_Sharp_tailed_Sparrow/1793.jpg	The background is blurred green.
../dataset/datasets/imb_cub_0.05/train/Savannah_Sparrow/1628.jpg	Blurred green background.
../dataset/datasets/imb_cub_0.05/train/Savannah_Sparrow/1630.jpg	Blurred, warm tones.
../dataset/datasets/imb_cub_0.05/train/Savannah_Sparrow/1631.jpg	Dry, brown grasses.
../dataset/datasets/imb_cub_0.05/train/Savannah_Sparrow/1629.jpg	Green, blurred background.
../dataset/datasets/imb_cub_0.05/train/Seaside_Sparrow/1635.jpg	Grassy field.
../dataset/datasets/imb_cub_0.05/train/Seaside_Sparrow/1634.jpg	The background is sandy and rocky.
../dataset/datasets/imb_cub_0.05/train/Seaside_Sparrow/1632.jpg	A bird on gravel.
../dataset/datasets/imb_cub_0.05/train/Seaside_Sparrow/1633.jpg	Blurred green and brown.
../dataset/datasets/imb_cub_0.05/train/Song_Sparrow/1639.jpg	A bird perched on branches against a clear blue sky.
../dataset/datasets/imb_cub_0.05/train/Song_Sparrow/1637.jpg	A bird perched on branch with green leaves and blue sky.
../dataset/datasets/imb_cub_0.05/train/Song_Sparrow/1638.jpg	A bird perched on a branch with blurred greenery and twigs in the background.
../dataset/datasets/imb_cub_0.05/train/Song_Sparrow/1636.jpg	A bird perched on branches with pink blossoms and green foliage.
../dataset/datasets/imb_cub_0.05/train/Tree_Sparrow/1642.jpg	The background is green foliage.
../dataset/datasets/imb_cub_0.05/train/Tree_Sparrow/1641.jpg	The background is blurred green foliage.
../dataset/datasets/imb_cub_0.05/train/Tree_Sparrow/1643.jpg	A bird perched on branch, green foliage behind.
../dataset/datasets/imb_cub_0.05/train/Tree_Sparrow/1640.jpg	The background is blurred, with muted greens and browns.
../dataset/datasets/imb_cub_0.05/train/Vesper_Sparrow/1644.jpg	Blurred grass and wood.
../dataset/datasets/imb_cub_0.05/train/Vesper_Sparrow/1645.jpg	The background consists of dried leaves and grass.
../dataset/datasets/imb_cub_0.05/train/Vesper_Sparrow/1646.jpg	The background is a plain, muted brown.
../dataset/datasets/imb_cub_0.05/train/Vesper_Sparrow/1647.jpg	A bird perched on barbed wire with blurred, dry vegetation and soft light.
../dataset/datasets/imb_cub_0.05/train/White_crowned_Sparrow/1649.jpg	The background is blurred, sandy.
../dataset/datasets/imb_cub_0.05/train/White_crowned_Sparrow/1651.jpg	The background is a light, textured surface.
../dataset/datasets/imb_cub_0.05/train/White_crowned_Sparrow/1648.jpg	The background is blurred, showing branches and soft colors.
../dataset/datasets/imb_cub_0.05/train/White_crowned_Sparrow/1650.jpg	Green, blurred, forest-like.
../dataset/datasets/imb_cub_0.05/train/White_throated_Sparrow/1655.jpg	The background is blurred green foliage.
../dataset/datasets/imb_cub_0.05/train/White_throated_Sparrow/1652.jpg	Blurred foliage and twigs.
../dataset/datasets/imb_cub_0.05/train/White_throated_Sparrow/1654.jpg	The background is blurred green.
../dataset/datasets/imb_cub_0.05/train/White_throated_Sparrow/1653.jpg	Soft, blurred yellow and white.
../dataset/datasets/imb_cub_0.05/train/Cape_Glossy_Starling/1657.jpg	The background is blurred with hints of green and red.
../dataset/datasets/imb_cub_0.05/train/Cape_Glossy_Starling/1658.jpg	The background is sandy and blurred.
../dataset/datasets/imb_cub_0.05/train/Cape_Glossy_Starling/1659.jpg	The background is blurred, with soft, neutral tones.
../dataset/datasets/imb_cub_0.05/train/Cape_Glossy_Starling/1656.jpg	The background is blurred with yellow and green hues.
../dataset/datasets/imb_cub_0.05/train/Bank_Swallow/1794.jpg	Clear blue sky.
../dataset/datasets/imb_cub_0.05/train/Barn_Swallow/1661.jpg	A bird against clear blue sky.
../dataset/datasets/imb_cub_0.05/train/Barn_Swallow/1660.jpg	The background is blurred, dark green.
../dataset/datasets/imb_cub_0.05/train/Barn_Swallow/1662.jpg	Green, blurred background.
../dataset/datasets/imb_cub_0.05/train/Barn_Swallow/1663.jpg	Green, blurred background.
../dataset/datasets/imb_cub_0.05/train/Cliff_Swallow/1664.jpg	Clear blue sky.
../dataset/datasets/imb_cub_0.05/train/Cliff_Swallow/1666.jpg	Clear blue sky.
../dataset/datasets/imb_cub_0.05/train/Cliff_Swallow/1667.jpg	Blurred, natural setting.
../dataset/datasets/imb_cub_0.05/train/Cliff_Swallow/1665.jpg	The background is blurred, with indistinct shapes and colors.
../dataset/datasets/imb_cub_0.05/train/Tree_Swallow/1669.jpg	Clear blue sky.
../dataset/datasets/imb_cub_0.05/train/Tree_Swallow/1670.jpg	Blurred, dry grass.
../dataset/datasets/imb_cub_0.05/train/Tree_Swallow/1668.jpg	Clear blue sky.
../dataset/datasets/imb_cub_0.05/train/Scarlet_Tanager/1673.jpg	Clear blue sky.
../dataset/datasets/imb_cub_0.05/train/Scarlet_Tanager/1671.jpg	Green leaves, blurred background.
../dataset/datasets/imb_cub_0.05/train/Scarlet_Tanager/1672.jpg	The background is sandy with scattered rocks.
../dataset/datasets/imb_cub_0.05/train/Summer_Tanager/1676.jpg	The background is plain and light-colored.
../dataset/datasets/imb_cub_0.05/train/Summer_Tanager/1674.jpg	Green foliage and branches.
../dataset/datasets/imb_cub_0.05/train/Summer_Tanager/1675.jpg	Green leaves, blurred background.
../dataset/datasets/imb_cub_0.05/train/Artic_Tern/1795.jpg	Blurred green field.
../dataset/datasets/imb_cub_0.05/train/Black_Tern/1677.jpg	Clear blue sky.
../dataset/datasets/imb_cub_0.05/train/Black_Tern/1678.jpg	A bird on sandy beach.
../dataset/datasets/imb_cub_0.05/train/Black_Tern/1679.jpg	The background is blurred green.
../dataset/datasets/imb_cub_0.05/train/Caspian_Tern/1680.jpg	Clear blue sky.
../dataset/datasets/imb_cub_0.05/train/Caspian_Tern/1682.jpg	The background is wet sand.
../dataset/datasets/imb_cub_0.05/train/Caspian_Tern/1681.jpg	A bird soars against a pale sky.
../dataset/datasets/imb_cub_0.05/train/Common_Tern/1685.jpg	Green, blurred grass.
../dataset/datasets/imb_cub_0.05/train/Common_Tern/1684.jpg	Water.
../dataset/datasets/imb_cub_0.05/train/Common_Tern/1683.jpg	Clear blue sky.
../dataset/datasets/imb_cub_0.05/train/Elegant_Tern/1687.jpg	Fuzzy, white, snowy background.
../dataset/datasets/imb_cub_0.05/train/Elegant_Tern/1688.jpg	The background is plain white.
../dataset/datasets/imb_cub_0.05/train/Elegant_Tern/1686.jpg	The background is a plain, gray sky.
../dataset/datasets/imb_cub_0.05/train/Forsters_Tern/1689.jpg	The background is blurred, with muted colors suggesting a natural setting.
../dataset/datasets/imb_cub_0.05/train/Forsters_Tern/1691.jpg	A bird soars over blurred water.
../dataset/datasets/imb_cub_0.05/train/Forsters_Tern/1690.jpg	Clear blue sky.
../dataset/datasets/imb_cub_0.05/train/Least_Tern/1692.jpg	Clear blue sky.
../dataset/datasets/imb_cub_0.05/train/Least_Tern/1694.jpg	Water with ripples.
../dataset/datasets/imb_cub_0.05/train/Least_Tern/1693.jpg	A bird stands on sandy beach with blurred water behind.
../dataset/datasets/imb_cub_0.05/train/Green_tailed_Towhee/1697.jpg	Leaves, branches, ground.
../dataset/datasets/imb_cub_0.05/train/Green_tailed_Towhee/1696.jpg	The background consists of a log and ground with scattered debris.
../dataset/datasets/imb_cub_0.05/train/Green_tailed_Towhee/1695.jpg	The background consists of rocks and sparse greenery.
../dataset/datasets/imb_cub_0.05/train/Brown_Thrasher/1698.jpg	Grass, plants, and ground.
../dataset/datasets/imb_cub_0.05/train/Brown_Thrasher/1699.jpg	Grass, dandelions, blurred background.
../dataset/datasets/imb_cub_0.05/train/Brown_Thrasher/1700.jpg	The background is blurred, out-of-focus.
../dataset/datasets/imb_cub_0.05/train/Sage_Thrasher/1703.jpg	The background is a clear, light blue sky.
../dataset/datasets/imb_cub_0.05/train/Sage_Thrasher/1701.jpg	Dry, blurred branches.
../dataset/datasets/imb_cub_0.05/train/Sage_Thrasher/1702.jpg	Blurred green foliage.
../dataset/datasets/imb_cub_0.05/train/Black_capped_Vireo/1704.jpg	A bird perched on green foliage.
../dataset/datasets/imb_cub_0.05/train/Black_capped_Vireo/1706.jpg	The background is blurred green foliage and branches.
../dataset/datasets/imb_cub_0.05/train/Black_capped_Vireo/1705.jpg	A bird perched on tree branches against a blurred sky.
../dataset/datasets/imb_cub_0.05/train/Blue_headed_Vireo/1707.jpg	Blurred green foliage.
../dataset/datasets/imb_cub_0.05/train/Blue_headed_Vireo/1709.jpg	The background is blurred green.
../dataset/datasets/imb_cub_0.05/train/Blue_headed_Vireo/1708.jpg	Green, blurred foliage.
../dataset/datasets/imb_cub_0.05/train/Philadelphia_Vireo/1711.jpg	The background is blurred with green and brown tones, suggesting foliage.
../dataset/datasets/imb_cub_0.05/train/Philadelphia_Vireo/1712.jpg	The background is blurred with soft colors.
../dataset/datasets/imb_cub_0.05/train/Philadelphia_Vireo/1710.jpg	Green, blurred foliage.
../dataset/datasets/imb_cub_0.05/train/Red_eyed_Vireo/1715.jpg	Green leaves, blurred background.
../dataset/datasets/imb_cub_0.05/train/Red_eyed_Vireo/1714.jpg	Green foliage.
../dataset/datasets/imb_cub_0.05/train/Red_eyed_Vireo/1713.jpg	Clear blue sky.
../dataset/datasets/imb_cub_0.05/train/Warbling_Vireo/1717.jpg	Reeds and grasses.
../dataset/datasets/imb_cub_0.05/train/Warbling_Vireo/1718.jpg	Green leaves, blue sky.
../dataset/datasets/imb_cub_0.05/train/Warbling_Vireo/1716.jpg	Tree branches and greenery.
../dataset/datasets/imb_cub_0.05/train/White_eyed_Vireo/1719.jpg	Dry, blurred branches.
../dataset/datasets/imb_cub_0.05/train/White_eyed_Vireo/1721.jpg	Green foliage, blurred background.
../dataset/datasets/imb_cub_0.05/train/White_eyed_Vireo/1720.jpg	The background is blurred, showing branches and soft light.
../dataset/datasets/imb_cub_0.05/train/Yellow_throated_Vireo/1724.jpg	Green leaves, blurred sky.
../dataset/datasets/imb_cub_0.05/train/Yellow_throated_Vireo/1722.jpg	A bird perched on green leaves, blurred background.
../dataset/datasets/imb_cub_0.05/train/Yellow_throated_Vireo/1723.jpg	Clear blue sky.
../dataset/datasets/imb_cub_0.05/train/Bay_breasted_Warbler/1725.jpg	Green plants, muddy ground.
../dataset/datasets/imb_cub_0.05/train/Bay_breasted_Warbler/1726.jpg	Green foliage, blurred berries.
../dataset/datasets/imb_cub_0.05/train/Black_and_white_Warbler/1727.jpg	A bird perched on tree trunk, soft blurred background.
../dataset/datasets/imb_cub_0.05/train/Black_and_white_Warbler/1728.jpg	Blurred green foliage.
../dataset/datasets/imb_cub_0.05/train/Black_throated_Blue_Warbler/1729.jpg	The background is blurred, with branches and muted colors.
../dataset/datasets/imb_cub_0.05/train/Black_throated_Blue_Warbler/1730.jpg	Blurred green and brown.
../dataset/datasets/imb_cub_0.05/train/Blue_winged_Warbler/1731.jpg	Blurred green field.
../dataset/datasets/imb_cub_0.05/train/Blue_winged_Warbler/1732.jpg	The background is blurred and indistinct.
../dataset/datasets/imb_cub_0.05/train/Canada_Warbler/1734.jpg	Tree branches and foliage.
../dataset/datasets/imb_cub_0.05/train/Canada_Warbler/1733.jpg	Green, blurred foliage.
../dataset/datasets/imb_cub_0.05/train/Cape_May_Warbler/1736.jpg	The background is blurred with green and blue hues.
../dataset/datasets/imb_cub_0.05/train/Cape_May_Warbler/1735.jpg	Clear blue sky.
../dataset/datasets/imb_cub_0.05/train/Cerulean_Warbler/1737.jpg	The background is blurred green foliage.
../dataset/datasets/imb_cub_0.05/train/Cerulean_Warbler/1738.jpg	Dry branches, blurred background.
../dataset/datasets/imb_cub_0.05/train/Chestnut_sided_Warbler/1740.jpg	The background is blurred green.
../dataset/datasets/imb_cub_0.05/train/Chestnut_sided_Warbler/1739.jpg	Green foliage, blurred background.
../dataset/datasets/imb_cub_0.05/train/Golden_winged_Warbler/1742.jpg	A bird perched on branch against blue sky.
../dataset/datasets/imb_cub_0.05/train/Golden_winged_Warbler/1741.jpg	Green foliage, blurred background.
../dataset/datasets/imb_cub_0.05/train/Hooded_Warbler/1744.jpg	The background consists of rocks and greenery.
../dataset/datasets/imb_cub_0.05/train/Hooded_Warbler/1743.jpg	A bird perched on tree branch, green foliage and blue sky.
../dataset/datasets/imb_cub_0.05/train/Kentucky_Warbler/1745.jpg	The background is blurred with bokeh effect, featuring soft blue and green hues.
../dataset/datasets/imb_cub_0.05/train/Kentucky_Warbler/1746.jpg	The background is blurred, with green foliage and rocks.
../dataset/datasets/imb_cub_0.05/train/Magnolia_Warbler/1747.jpg	Blurred green foliage.
../dataset/datasets/imb_cub_0.05/train/Magnolia_Warbler/1748.jpg	The background is blurred green foliage.
../dataset/datasets/imb_cub_0.05/train/Mourning_Warbler/1750.jpg	The background is blurred green foliage.
../dataset/datasets/imb_cub_0.05/train/Mourning_Warbler/1749.jpg	A bird is held by a person's hand, with blurred figures and greenery in the background.
../dataset/datasets/imb_cub_0.05/train/Myrtle_Warbler/1752.jpg	A bird perched on tree branch with blurred background.
../dataset/datasets/imb_cub_0.05/train/Myrtle_Warbler/1751.jpg	bare branches, blurred background.
../dataset/datasets/imb_cub_0.05/train/Nashville_Warbler/1754.jpg	The background is blurred green foliage and branches.
../dataset/datasets/imb_cub_0.05/train/Nashville_Warbler/1753.jpg	Green, blurred foliage.
../dataset/datasets/imb_cub_0.05/train/Orange_crowned_Warbler/1756.jpg	Blurred green and brown branches.
../dataset/datasets/imb_cub_0.05/train/Orange_crowned_Warbler/1755.jpg	The background is blurred and neutral-toned.
../dataset/datasets/imb_cub_0.05/train/Palm_Warbler/1758.jpg	bare branches, blurred background.
../dataset/datasets/imb_cub_0.05/train/Palm_Warbler/1757.jpg	The background is blurred, with earthy tones and natural elements.
../dataset/datasets/imb_cub_0.05/train/Pine_Warbler/1760.jpg	The background is blurred green.
../dataset/datasets/imb_cub_0.05/train/Pine_Warbler/1759.jpg	Grass and gravel.
../dataset/datasets/imb_cub_0.05/train/Prairie_Warbler/1762.jpg	Blurred green background.
../dataset/datasets/imb_cub_0.05/train/Prairie_Warbler/1761.jpg	Autumn leaves.
../dataset/datasets/imb_cub_0.05/train/Prothonotary_Warbler/1764.jpg	The background is blurred green foliage.
../dataset/datasets/imb_cub_0.05/train/Prothonotary_Warbler/1763.jpg	The background is blurred, showing water and trees.
../dataset/datasets/imb_cub_0.05/train/Swainson_Warbler/1765.jpg	The background is blurred, with shades of green and brown.
../dataset/datasets/imb_cub_0.05/train/Swainson_Warbler/1766.jpg	A bird perched on branch, green leaves blurred background.
../dataset/datasets/imb_cub_0.05/train/Tennessee_Warbler/1768.jpg	Dark, blurred, branches.
../dataset/datasets/imb_cub_0.05/train/Tennessee_Warbler/1767.jpg	Blurred green and yellow.
../dataset/datasets/imb_cub_0.05/train/Wilson_Warbler/1769.jpg	The background is blurred green foliage.
../dataset/datasets/imb_cub_0.05/train/Wilson_Warbler/1770.jpg	Green leaves and branches.
../dataset/datasets/imb_cub_0.05/train/Worm_eating_Warbler/1771.jpg	The background is blurred with brown and green tones.
../dataset/datasets/imb_cub_0.05/train/Worm_eating_Warbler/1772.jpg	A bird perched on branch, green foliage blurred behind.
../dataset/datasets/imb_cub_0.05/train/Yellow_Warbler/1774.jpg	Green foliage.
../dataset/datasets/imb_cub_0.05/train/Yellow_Warbler/1773.jpg	Clear blue sky.
../dataset/datasets/imb_cub_0.05/train/Northern_Waterthrush/1775.jpg	Leaves, rocks, greenery.
../dataset/datasets/imb_cub_0.05/train/Northern_Waterthrush/1776.jpg	A bird on green grass.
../dataset/datasets/imb_cub_0.05/train/Louisiana_Waterthrush/1777.jpg	A bird perched on mossy branch, surrounded by tree trunks and foliage.
../dataset/datasets/imb_cub_0.05/train/Bohemian_Waxwing/1778.jpg	A bird perched on bare branches against a clear sky.
../dataset/datasets/imb_cub_0.05/train/Cedar_Waxwing/1779.jpg	A bird perched on branch, green foliage blurred behind.
../dataset/datasets/imb_cub_0.05/train/American_Three_toed_Woodpecker/1780.jpg	Tree bark and sky.
../dataset/datasets/imb_cub_0.05/train/Pileated_Woodpecker/1781.jpg	A bird perched on tree trunk, with blurred branches and sky in background.
../dataset/datasets/imb_cub_0.05/train/Red_bellied_Woodpecker/1782.jpg	A bird perched on tree trunk, green blurred background.
../dataset/datasets/imb_cub_0.05/train/Red_cockaded_Woodpecker/1796.jpg	Tree trunk and pine needles.
../dataset/datasets/imb_cub_0.05/train/Red_headed_Woodpecker/1783.jpg	A bird perched on tree trunk with green foliage and woodpecker holes.
../dataset/datasets/imb_cub_0.05/train/Downy_Woodpecker/1784.jpg	A bird perched on branch, blurred greenery behind.
../dataset/datasets/imb_cub_0.05/train/Bewick_Wren/1785.jpg	The background is blurred, suggesting a natural outdoor setting.
../dataset/datasets/imb_cub_0.05/train/Cactus_Wren/1786.jpg	A bird perched on red surface, metal chair with holes behind.
../dataset/datasets/imb_cub_0.05/train/Carolina_Wren/1787.jpg	A bird perched on wooden surface.
../dataset/datasets/imb_cub_0.05/train/House_Wren/1797.jpg	Green, blurred background.
../dataset/datasets/imb_cub_0.05/train/Marsh_Wren/1788.jpg	The background is blurred, with muted browns and yellows.
../dataset/datasets/imb_cub_0.05/train/Rock_Wren/1789.jpg	Rocky, blurred.
../dataset/datasets/imb_cub_0.05/train/Winter_Wren/1790.jpg	Green leaves and twigs.
../dataset/datasets/imb_cub_0.05/train/Common_Yellowthroat/1791.jpg	Blurred green and brown branches.