image	response
../dataset/datasets/car/10shot/train/am_general_hummer_suv_2000/1077.jpg	The car is parked on a paved surface with a white wall and greenery in the background.
../dataset/datasets/car/10shot/train/am_general_hummer_suv_2000/1078.jpg	Urban setting with buildings and trees.
../dataset/datasets/car/10shot/train/am_general_hummer_suv_2000/1070.jpg	The car is parked on a concrete surface with trees and a building in the background.
../dataset/datasets/car/10shot/train/am_general_hummer_suv_2000/1079.jpg	The car is parked on a wet surface with trees and buildings in the background.
../dataset/datasets/car/10shot/train/am_general_hummer_suv_2000/1076.jpg	The car is on rocky terrain near water, with greenery in the background.
../dataset/datasets/car/10shot/train/am_general_hummer_suv_2000/1072.jpg	The car is parked on grass with trees and rocks in the background.
../dataset/datasets/car/10shot/train/am_general_hummer_suv_2000/1073.jpg	Snowy landscape with trees and clear sky.
../dataset/datasets/car/10shot/train/am_general_hummer_suv_2000/1071.jpg	A car is parked on grass near a building with a sign.
../dataset/datasets/car/10shot/train/am_general_hummer_suv_2000/1075.jpg	The car is parked on a paved surface with greenery and trees in the background.
../dataset/datasets/car/10shot/train/am_general_hummer_suv_2000/1074.jpg	The background shows a waterfront with trees and parked cars.
../dataset/datasets/car/10shot/train/acura_rl_sedan_2012/1911.jpg	A car is parked in front of a modern building with large windows.
../dataset/datasets/car/10shot/train/acura_rl_sedan_2012/1915.jpg	The car is parked on a paved surface with a building and trees in the background.
../dataset/datasets/car/10shot/train/acura_rl_sedan_2012/1914.jpg	The car is set against a dark, gradient background.
../dataset/datasets/car/10shot/train/acura_rl_sedan_2012/1913.jpg	The car is parked on a concrete surface with a building and sky in the background.
../dataset/datasets/car/10shot/train/acura_rl_sedan_2012/1912.jpg	A car on a bridge with city skyline and water in the background.
../dataset/datasets/car/10shot/train/acura_rl_sedan_2012/1919.jpg	Car on road near water and hills.
../dataset/datasets/car/10shot/train/acura_rl_sedan_2012/1910.jpg	Urban, palm trees, building.
../dataset/datasets/car/10shot/train/acura_rl_sedan_2012/1917.jpg	The car is set against a plain white background.
../dataset/datasets/car/10shot/train/acura_rl_sedan_2012/1916.jpg	A car is parked on a paved surface with some greenery and a building in the background.
../dataset/datasets/car/10shot/train/acura_rl_sedan_2012/1918.jpg	The car is displayed on a platform with a modern, sleek design and lighting effects in the background.
../dataset/datasets/car/10shot/train/acura_tl_sedan_2012/17.jpg	A car is parked in front of a modern building with glass windows and a blue sky.
../dataset/datasets/car/10shot/train/acura_tl_sedan_2012/10.jpg	A car parked on brick pad near building and parking lot.
../dataset/datasets/car/10shot/train/acura_tl_sedan_2012/18.jpg	A car is parked against a gray brick wall.
../dataset/datasets/car/10shot/train/acura_tl_sedan_2012/15.jpg	A car is parked on a paved surface with trees and grass in the background.
../dataset/datasets/car/10shot/train/acura_tl_sedan_2012/12.jpg	The car is parked outdoors with trees and a clear sky in the background.
../dataset/datasets/car/10shot/train/acura_tl_sedan_2012/13.jpg	The car is on a road with blurred greenery in the background.
../dataset/datasets/car/10shot/train/acura_tl_sedan_2012/16.jpg	A car on a road with blurred background.
../dataset/datasets/car/10shot/train/acura_tl_sedan_2012/14.jpg	The car is parked in a lot with other vehicles and trees in the distance.
../dataset/datasets/car/10shot/train/acura_tl_sedan_2012/11.jpg	The car is on a road with blurred trees and grass in the background, suggesting motion.
../dataset/datasets/car/10shot/train/acura_tl_sedan_2012/19.jpg	The car is set against a plain white background.
../dataset/datasets/car/10shot/train/acura_tl_type-s_2008/1744.jpg	A car is parked against a stone wall with greenery.
../dataset/datasets/car/10shot/train/acura_tl_type-s_2008/1743.jpg	The car is set against a blurred natural backdrop with greenery and a road.
../dataset/datasets/car/10shot/train/acura_tl_type-s_2008/1740.jpg	The car is set against a backdrop of greenery and trees.
../dataset/datasets/car/10shot/train/acura_tl_type-s_2008/1745.jpg	Car parked in lot, cloudy sky, building in distance.
../dataset/datasets/car/10shot/train/acura_tl_type-s_2008/1742.jpg	A car is parked in front of a building with windows and shrubs.
../dataset/datasets/car/10shot/train/acura_tl_type-s_2008/1747.jpg	The car is parked on a paved surface with trees and grass in the background.
../dataset/datasets/car/10shot/train/acura_tl_type-s_2008/1741.jpg	A car on road with grassy field in background.
../dataset/datasets/car/10shot/train/acura_tl_type-s_2008/1748.jpg	A car is parked in a lot with other vehicles and a building in the background.
../dataset/datasets/car/10shot/train/acura_tl_type-s_2008/1746.jpg	The car is set against a backdrop of trees and grass.
../dataset/datasets/car/10shot/train/acura_tl_type-s_2008/1749.jpg	The car is parked on a paved surface with trees and grass in the background.
../dataset/datasets/car/10shot/train/acura_tsx_sedan_2012/587.jpg	The car is set against a backdrop of trees and sky.
../dataset/datasets/car/10shot/train/acura_tsx_sedan_2012/588.jpg	A car is parked near water with a cityscape and bridge in the background.
../dataset/datasets/car/10shot/train/acura_tsx_sedan_2012/584.jpg	Car on paved path, grass and trees behind.
../dataset/datasets/car/10shot/train/acura_tsx_sedan_2012/581.jpg	A car is parked indoors, likely in a garage or showroom with a patterned wall and ceiling.
../dataset/datasets/car/10shot/train/acura_tsx_sedan_2012/585.jpg	Industrial buildings, urban setting.
../dataset/datasets/car/10shot/train/acura_tsx_sedan_2012/582.jpg	A car is parked in front of a dealership with a clear sky and greenery.
../dataset/datasets/car/10shot/train/acura_tsx_sedan_2012/583.jpg	The background is blurred with motion, suggesting speed and movement.
../dataset/datasets/car/10shot/train/acura_tsx_sedan_2012/580.jpg	The car is displayed on a showroom floor with a modern, sleek design.
../dataset/datasets/car/10shot/train/acura_tsx_sedan_2012/589.jpg	The car is set against a plain, light-colored background.
../dataset/datasets/car/10shot/train/acura_tsx_sedan_2012/586.jpg	Urban skyline with buildings and lights.
../dataset/datasets/car/10shot/train/acura_integra_type_r_2001/1239.jpg	Residential street with houses and parked cars.
../dataset/datasets/car/10shot/train/acura_integra_type_r_2001/1230.jpg	Residential street with houses.
../dataset/datasets/car/10shot/train/acura_integra_type_r_2001/1238.jpg	A car is parked in front of a red brick building with green doors and a "No Parking Any Time" sign.
../dataset/datasets/car/10shot/train/acura_integra_type_r_2001/1231.jpg	A car is parked on a paved area with greenery and a cloudy sky in the background.
../dataset/datasets/car/10shot/train/acura_integra_type_r_2001/1237.jpg	A car parked on gravel with trees and another vehicle in the background.
../dataset/datasets/car/10shot/train/acura_integra_type_r_2001/1232.jpg	Sunset, cloudy sky, open field.
../dataset/datasets/car/10shot/train/acura_integra_type_r_2001/1233.jpg	Industrial setting with large machinery.
../dataset/datasets/car/10shot/train/acura_integra_type_r_2001/1234.jpg	A car is parked on asphalt with trees and sky in the background.
../dataset/datasets/car/10shot/train/acura_integra_type_r_2001/1235.jpg	A car is parked in front of a building with palm trees and a clear sky.
../dataset/datasets/car/10shot/train/acura_integra_type_r_2001/1236.jpg	A car is parked on dirt near industrial structures and piles of sand.
../dataset/datasets/car/10shot/train/acura_zdx_hatchback_2012/1394.jpg	The car is on a winding road with greenery and trees in the background.
../dataset/datasets/car/10shot/train/acura_zdx_hatchback_2012/1396.jpg	The car is on a road with a clear sky and water in the distance.
../dataset/datasets/car/10shot/train/acura_zdx_hatchback_2012/1397.jpg	Sunset, trees, gravel path.
../dataset/datasets/car/10shot/train/acura_zdx_hatchback_2012/1398.jpg	The car is set against a dark, gradient background.
../dataset/datasets/car/10shot/train/acura_zdx_hatchback_2012/1391.jpg	The car is on a road with greenery in the background.
../dataset/datasets/car/10shot/train/acura_zdx_hatchback_2012/1393.jpg	Rocky shoreline, ocean, distant hills.
../dataset/datasets/car/10shot/train/acura_zdx_hatchback_2012/1395.jpg	A car is parked on a street with a city skyline and buildings in the background.
../dataset/datasets/car/10shot/train/acura_zdx_hatchback_2012/1392.jpg	The car is parked near a building with a blue roof and metal railing.
../dataset/datasets/car/10shot/train/acura_zdx_hatchback_2012/1399.jpg	A car is parked on a cracked asphalt surface with a sign for "Duport Auto Centre" and some trees and buildings in the background.
../dataset/datasets/car/10shot/train/acura_zdx_hatchback_2012/1390.jpg	A car is parked in a minimalist, modern space with white walls and a concrete floor.
../dataset/datasets/car/10shot/train/aston_martin_v8_vantage_convertible_2012/540.jpg	White car parked on brick sidewalk, other cars and buildings visible.
../dataset/datasets/car/10shot/train/aston_martin_v8_vantage_convertible_2012/542.jpg	A car on a road with green fields and trees in the distance.
../dataset/datasets/car/10shot/train/aston_martin_v8_vantage_convertible_2012/549.jpg	A car is parked on a paved area with a black metal fence and brick wall in the background.
../dataset/datasets/car/10shot/train/aston_martin_v8_vantage_convertible_2012/543.jpg	Rural landscape with hills and sunset.
../dataset/datasets/car/10shot/train/aston_martin_v8_vantage_convertible_2012/548.jpg	Rocky beach, ocean, pier.
../dataset/datasets/car/10shot/train/aston_martin_v8_vantage_convertible_2012/546.jpg	A car is displayed indoors, likely at an auto show.
../dataset/datasets/car/10shot/train/aston_martin_v8_vantage_convertible_2012/541.jpg	A car on a road with blurred landscape and mountains in the distance.
../dataset/datasets/car/10shot/train/aston_martin_v8_vantage_convertible_2012/547.jpg	A car on a road with hills and greenery.
../dataset/datasets/car/10shot/train/aston_martin_v8_vantage_convertible_2012/545.jpg	A car is parked on a road with trees and sky in the background.
../dataset/datasets/car/10shot/train/aston_martin_v8_vantage_convertible_2012/544.jpg	A car is displayed at an auto show with people and other vehicles in the background.
../dataset/datasets/car/10shot/train/aston_martin_v8_vantage_coupe_2012/1651.jpg	The car is set against a plain, light gray background.
../dataset/datasets/car/10shot/train/aston_martin_v8_vantage_coupe_2012/1655.jpg	The car is on a curving road with a blurred background, suggesting motion and speed.
../dataset/datasets/car/10shot/train/aston_martin_v8_vantage_coupe_2012/1657.jpg	A car is parked on a hill with a sunset sky and rolling hills in the background.
../dataset/datasets/car/10shot/train/aston_martin_v8_vantage_coupe_2012/1658.jpg	A car on a road with trees and blue sky.
../dataset/datasets/car/10shot/train/aston_martin_v8_vantage_coupe_2012/1652.jpg	The car is parked in a concrete structure with large columns.
../dataset/datasets/car/10shot/train/aston_martin_v8_vantage_coupe_2012/1650.jpg	The car is displayed against a white background with logos and text related to Aston Martin and Bentley, indicating it's likely part of a promotional or sales display.
../dataset/datasets/car/10shot/train/aston_martin_v8_vantage_coupe_2012/1659.jpg	The car is on a road with greenery and blue sky in the background.
../dataset/datasets/car/10shot/train/aston_martin_v8_vantage_coupe_2012/1656.jpg	The car is set against a plain, light gray background.
../dataset/datasets/car/10shot/train/aston_martin_v8_vantage_coupe_2012/1654.jpg	The car is set against a plain, neutral background.
../dataset/datasets/car/10shot/train/aston_martin_v8_vantage_coupe_2012/1653.jpg	A car on a racetrack with a scenic landscape in the background.
../dataset/datasets/car/10shot/train/aston_martin_virage_convertible_2012/1332.jpg	A car is parked outside a building with glass windows.
../dataset/datasets/car/10shot/train/aston_martin_virage_convertible_2012/1339.jpg	The car is on a road with blurred greenery and a guardrail.
../dataset/datasets/car/10shot/train/aston_martin_virage_convertible_2012/1333.jpg	A car drives on a winding road with rocky cliffs and greenery in the background.
../dataset/datasets/car/10shot/train/aston_martin_virage_convertible_2012/1330.jpg	The car is on a road with greenery in the background.
../dataset/datasets/car/10shot/train/aston_martin_virage_convertible_2012/1338.jpg	The car is set against a dramatic, cloudy sky with a blurred road and distant mountains.
../dataset/datasets/car/10shot/train/aston_martin_virage_convertible_2012/1336.jpg	The car is set against a plain, light gray background.
../dataset/datasets/car/10shot/train/aston_martin_virage_convertible_2012/1337.jpg	A car is displayed in a showroom with other cars and a map on the wall.
../dataset/datasets/car/10shot/train/aston_martin_virage_convertible_2012/1334.jpg	A car parked in front of Cafe Brauer.
../dataset/datasets/car/10shot/train/aston_martin_virage_convertible_2012/1331.jpg	The car is parked on a gravel surface with a scenic landscape in the background.
../dataset/datasets/car/10shot/train/aston_martin_virage_convertible_2012/1335.jpg	The car is parked on a paved surface with trees and grass in the background.
../dataset/datasets/car/10shot/train/aston_martin_virage_coupe_2012/1285.jpg	A car is parked in front of a red brick building with a blue door.
../dataset/datasets/car/10shot/train/aston_martin_virage_coupe_2012/1283.jpg	The car is set against a plain, light gray background.
../dataset/datasets/car/10shot/train/aston_martin_virage_coupe_2012/1281.jpg	A car with a blurred, natural backdrop.
../dataset/datasets/car/10shot/train/aston_martin_virage_coupe_2012/1288.jpg	Blurred, grassy field.
../dataset/datasets/car/10shot/train/aston_martin_virage_coupe_2012/1289.jpg	A car on a road with mountains and sky in the background.
../dataset/datasets/car/10shot/train/aston_martin_virage_coupe_2012/1280.jpg	A car is parked in front of a brick building with large windows.
../dataset/datasets/car/10shot/train/aston_martin_virage_coupe_2012/1282.jpg	A car is displayed at an auto show with people and other cars in the background.
../dataset/datasets/car/10shot/train/aston_martin_virage_coupe_2012/1287.jpg	A car on a road with rocky terrain and blurred motion.
../dataset/datasets/car/10shot/train/aston_martin_virage_coupe_2012/1284.jpg	A car on a racetrack with grass and barriers.
../dataset/datasets/car/10shot/train/aston_martin_virage_coupe_2012/1286.jpg	The car is set against a plain white background.
../dataset/datasets/car/10shot/train/audi_rs_4_convertible_2008/1255.jpg	A car is parked on a brick-paved area near a building with glass doors and windows.
../dataset/datasets/car/10shot/train/audi_rs_4_convertible_2008/1257.jpg	A car is driving on a coastal road with a scenic view of the sea and mountains in the background.
../dataset/datasets/car/10shot/train/audi_rs_4_convertible_2008/1258.jpg	A car is parked in front of a building with a sign that says "Driving Options."
../dataset/datasets/car/10shot/train/audi_rs_4_convertible_2008/1259.jpg	A car is parked near a body of water with a castle-like structure in the distance.
../dataset/datasets/car/10shot/train/audi_rs_4_convertible_2008/1253.jpg	The car is set against a plain, dark background.
../dataset/datasets/car/10shot/train/audi_rs_4_convertible_2008/1254.jpg	The car is parked near water with boats and a dock in the background.
../dataset/datasets/car/10shot/train/audi_rs_4_convertible_2008/1256.jpg	A car is displayed at an auto show with other vehicles and people in the background.
../dataset/datasets/car/10shot/train/audi_rs_4_convertible_2008/1250.jpg	The car is set against a plain white background.
../dataset/datasets/car/10shot/train/audi_rs_4_convertible_2008/1251.jpg	A car on a blurred road with a mountainous backdrop.
../dataset/datasets/car/10shot/train/audi_rs_4_convertible_2008/1252.jpg	A car is displayed at an auto show with people around.
../dataset/datasets/car/10shot/train/audi_a5_coupe_2012/368.jpg	A car is parked in front of an Audi dealership.
../dataset/datasets/car/10shot/train/audi_a5_coupe_2012/360.jpg	The car is displayed against a backdrop of an Audi dealership with a red and white color scheme, featuring the dealership's name and logo.
../dataset/datasets/car/10shot/train/audi_a5_coupe_2012/366.jpg	Urban skyline.
../dataset/datasets/car/10shot/train/audi_a5_coupe_2012/364.jpg	The car is set against a clear sky and a modern, minimalist structure.
../dataset/datasets/car/10shot/train/audi_a5_coupe_2012/362.jpg	A car is parked against a tiled wall.
../dataset/datasets/car/10shot/train/audi_a5_coupe_2012/363.jpg	A car is parked in front of a building with a vented wall and a tree.
../dataset/datasets/car/10shot/train/audi_a5_coupe_2012/369.jpg	The car is on a road with blurred greenery in the background, suggesting motion.
../dataset/datasets/car/10shot/train/audi_a5_coupe_2012/367.jpg	A car with a plain white and gray background.
../dataset/datasets/car/10shot/train/audi_a5_coupe_2012/365.jpg	A car is parked on a road with cypress trees and a clear sky in the background.
../dataset/datasets/car/10shot/train/audi_a5_coupe_2012/361.jpg	A car on a road with motion blur.
../dataset/datasets/car/10shot/train/audi_tts_coupe_2012/5.jpg	A car is parked in front of a white building with red accents and a trash bin nearby.
../dataset/datasets/car/10shot/train/audi_tts_coupe_2012/7.jpg	A car is parked against a backdrop of a clear sky with soft pink and blue hues, suggesting either dawn or dusk.
../dataset/datasets/car/10shot/train/audi_tts_coupe_2012/2.jpg	A car is displayed at an auto show with people observing.
../dataset/datasets/car/10shot/train/audi_tts_coupe_2012/8.jpg	The car is parked on a paved area with a building and trees in the background.
../dataset/datasets/car/10shot/train/audi_tts_coupe_2012/0.jpg	A car is parked in front of a stone building with large windows.
../dataset/datasets/car/10shot/train/audi_tts_coupe_2012/4.jpg	The car is set against a plain white background.
../dataset/datasets/car/10shot/train/audi_tts_coupe_2012/3.jpg	A car is parked under a blue sky with scattered clouds.
../dataset/datasets/car/10shot/train/audi_tts_coupe_2012/9.jpg	Blurred, urban setting.
../dataset/datasets/car/10shot/train/audi_tts_coupe_2012/6.jpg	A car is parked indoors, likely in a showroom or garage.
../dataset/datasets/car/10shot/train/audi_tts_coupe_2012/1.jpg	A car on a road with blurred background.
../dataset/datasets/car/10shot/train/audi_r8_coupe_2012/445.jpg	The background is blurred, showing trees and sky.
../dataset/datasets/car/10shot/train/audi_r8_coupe_2012/444.jpg	Desert road, mountains, sunset.
../dataset/datasets/car/10shot/train/audi_r8_coupe_2012/440.jpg	A car is parked in a parking lot with other cars and a building in the background.
../dataset/datasets/car/10shot/train/audi_r8_coupe_2012/441.jpg	A car is displayed in a showroom with other vehicles and promotional materials visible.
../dataset/datasets/car/10shot/train/audi_r8_coupe_2012/443.jpg	A car is parked on a driveway with trees and grass in the background.
../dataset/datasets/car/10shot/train/audi_r8_coupe_2012/446.jpg	A car is parked in front of a building with large windows and a glass door.
../dataset/datasets/car/10shot/train/audi_r8_coupe_2012/448.jpg	A car parked on street, trees, grass, and sign visible.
../dataset/datasets/car/10shot/train/audi_r8_coupe_2012/447.jpg	A car is displayed against a white wall with "Motorcars International" written on it.
../dataset/datasets/car/10shot/train/audi_r8_coupe_2012/449.jpg	The car is set against a plain, light gray background.
../dataset/datasets/car/10shot/train/audi_r8_coupe_2012/442.jpg	A car parked outside a building with signage and greenery.
../dataset/datasets/car/10shot/train/audi_v8_sedan_1994/1247.jpg	A car is parked on a dirt surface with other vehicles and buildings in the background.
../dataset/datasets/car/10shot/train/audi_v8_sedan_1994/1242.jpg	The car is black and positioned against a plain white background.
../dataset/datasets/car/10shot/train/audi_v8_sedan_1994/1246.jpg	A car parked on wet driveway near garden.
../dataset/datasets/car/10shot/train/audi_v8_sedan_1994/1248.jpg	A car is parked on a road with snow and trees in the background.
../dataset/datasets/car/10shot/train/audi_v8_sedan_1994/1245.jpg	A car parked on street with houses and trees in background.
../dataset/datasets/car/10shot/train/audi_v8_sedan_1994/1240.jpg	A car parked on grass with trees and sky in background.
../dataset/datasets/car/10shot/train/audi_v8_sedan_1994/1244.jpg	A car parked on driveway, wooden fence, trees.
../dataset/datasets/car/10shot/train/audi_v8_sedan_1994/1249.jpg	A car parked on gravel driveway near house with white picket fence.
../dataset/datasets/car/10shot/train/audi_v8_sedan_1994/1243.jpg	A car is parked on a paved surface with a clear sky and grassy area in the background.
../dataset/datasets/car/10shot/train/audi_v8_sedan_1994/1241.jpg	The car is parked on a flat, gray surface.
../dataset/datasets/car/10shot/train/audi_100_sedan_1994/557.jpg	The car is parked against a plain, light-colored wall with some greenery visible at the top left corner.
../dataset/datasets/car/10shot/train/audi_100_sedan_1994/559.jpg	The car is parked in a lot with other vehicles and a building in the background.
../dataset/datasets/car/10shot/train/audi_100_sedan_1994/556.jpg	A car on gravel, clear sky.
../dataset/datasets/car/10shot/train/audi_100_sedan_1994/554.jpg	A car is parked in a lot with other cars and a building in the background.
../dataset/datasets/car/10shot/train/audi_100_sedan_1994/550.jpg	A car is parked in front of a large, ornate building with classical architecture.
../dataset/datasets/car/10shot/train/audi_100_sedan_1994/552.jpg	A car is parked on snow-covered ground.
../dataset/datasets/car/10shot/train/audi_100_sedan_1994/558.jpg	A car parked on snow-covered ground near trees and a building.
../dataset/datasets/car/10shot/train/audi_100_sedan_1994/553.jpg	A car on a clear, open landscape with blue sky.
../dataset/datasets/car/10shot/train/audi_100_sedan_1994/551.jpg	The car is parked on a street with buildings and trees visible in the background.
../dataset/datasets/car/10shot/train/audi_100_sedan_1994/555.jpg	The car is parked on a street with trees and a fence in the background.
../dataset/datasets/car/10shot/train/audi_100_wagon_1994/668.jpg	The car is parked on a paved surface with other vehicles and buildings visible in the background.
../dataset/datasets/car/10shot/train/audi_100_wagon_1994/661.jpg	The car is parked in front of a building with large windows and a sign that reads "THE AUDI CONNECTION."
../dataset/datasets/car/10shot/train/audi_100_wagon_1994/667.jpg	A car is parked on a paved area with a hedge and wall behind it.
../dataset/datasets/car/10shot/train/audi_100_wagon_1994/666.jpg	The car is parked against a clear sky with no visible background elements.
../dataset/datasets/car/10shot/train/audi_100_wagon_1994/662.jpg	A car parked on grass near trees and road.
../dataset/datasets/car/10shot/train/audi_100_wagon_1994/665.jpg	The car is on a plain white background.
../dataset/datasets/car/10shot/train/audi_100_wagon_1994/664.jpg	A car is parked on a street with a white wall and a tree behind it.
../dataset/datasets/car/10shot/train/audi_100_wagon_1994/669.jpg	Residential street with houses, trees, and parked cars.
../dataset/datasets/car/10shot/train/audi_100_wagon_1994/660.jpg	A car is parked on a paved area near a building with a green wall and red brick sections.
../dataset/datasets/car/10shot/train/audi_100_wagon_1994/663.jpg	A car is parked in a lot near a building with doors and a truck.
../dataset/datasets/car/10shot/train/audi_tt_hatchback_2011/1108.jpg	The car is parked on a street with blurred buildings and trees in the background.
../dataset/datasets/car/10shot/train/audi_tt_hatchback_2011/1101.jpg	A car is parked on a paved area with a building and a sunset sky in the background.
../dataset/datasets/car/10shot/train/audi_tt_hatchback_2011/1109.jpg	The car is parked on a paved surface with a fence and buildings in the background.
../dataset/datasets/car/10shot/train/audi_tt_hatchback_2011/1105.jpg	A car is parked in a lot with other vehicles and a building in the background.
../dataset/datasets/car/10shot/train/audi_tt_hatchback_2011/1103.jpg	Cityscape at sunset.
../dataset/datasets/car/10shot/train/audi_tt_hatchback_2011/1100.jpg	A car is parked in a lot with trees and shrubs in the background.
../dataset/datasets/car/10shot/train/audi_tt_hatchback_2011/1107.jpg	A car is parked near a bridge with water and mountains in the background.
../dataset/datasets/car/10shot/train/audi_tt_hatchback_2011/1102.jpg	The car is parked against green foliage.
../dataset/datasets/car/10shot/train/audi_tt_hatchback_2011/1106.jpg	The car is parked against a white wall with a logo and text.
../dataset/datasets/car/10shot/train/audi_tt_hatchback_2011/1104.jpg	A car on a road with blurred trees.
../dataset/datasets/car/10shot/train/audi_s6_sedan_2011/699.jpg	The car is set against a dark, gradient background with light streaks.
../dataset/datasets/car/10shot/train/audi_s6_sedan_2011/695.jpg	Urban setting with buildings and street signs.
../dataset/datasets/car/10shot/train/audi_s6_sedan_2011/690.jpg	The car is on a road with blurred greenery in the background, suggesting motion.
../dataset/datasets/car/10shot/train/audi_s6_sedan_2011/697.jpg	The car is parked on a paved surface with greenery and trees in the background.
../dataset/datasets/car/10shot/train/audi_s6_sedan_2011/691.jpg	The car is set against a plain white background.
../dataset/datasets/car/10shot/train/audi_s6_sedan_2011/696.jpg	A car is shown against a plain, light gray background.
../dataset/datasets/car/10shot/train/audi_s6_sedan_2011/694.jpg	The car is set against a plain white background.
../dataset/datasets/car/10shot/train/audi_s6_sedan_2011/698.jpg	The car is on a racetrack with blurred surroundings.
../dataset/datasets/car/10shot/train/audi_s6_sedan_2011/692.jpg	A car is parked in a lot with other cars and a building visible in the background.
../dataset/datasets/car/10shot/train/audi_s6_sedan_2011/693.jpg	Residential area with trees and houses.
../dataset/datasets/car/10shot/train/audi_s5_convertible_2012/1445.jpg	A car is parked on a paved path surrounded by autumn trees with yellow leaves.
../dataset/datasets/car/10shot/train/audi_s5_convertible_2012/1442.jpg	A car is on a street with buildings, including an ING bank and shops.
../dataset/datasets/car/10shot/train/audi_s5_convertible_2012/1448.jpg	A car is parked against a gradient sky, transitioning from light to dark.
../dataset/datasets/car/10shot/train/audi_s5_convertible_2012/1443.jpg	A car on a winding road with mountains and sky in the background.
../dataset/datasets/car/10shot/train/audi_s5_convertible_2012/1447.jpg	Modern house, trees, gravel.
../dataset/datasets/car/10shot/train/audi_s5_convertible_2012/1449.jpg	The car is set against a plain, dark gray background.
../dataset/datasets/car/10shot/train/audi_s5_convertible_2012/1444.jpg	Trees, sky, road, other vehicles.
../dataset/datasets/car/10shot/train/audi_s5_convertible_2012/1440.jpg	The car is set against a plain white background.
../dataset/datasets/car/10shot/train/audi_s5_convertible_2012/1446.jpg	The car is set against a plain white background.
../dataset/datasets/car/10shot/train/audi_s5_convertible_2012/1441.jpg	A car on a winding road with grassy hills and clear sky.
../dataset/datasets/car/10shot/train/audi_s5_coupe_2012/1649.jpg	The car is parked on a paved surface with trees and a building in the background.
../dataset/datasets/car/10shot/train/audi_s5_coupe_2012/1642.jpg	The car is set against a plain white background.
../dataset/datasets/car/10shot/train/audi_s5_coupe_2012/1641.jpg	The car is on a road with blurred buildings and sky in the background.
../dataset/datasets/car/10shot/train/audi_s5_coupe_2012/1648.jpg	A car on a plain, light-colored floor with a neutral background.
../dataset/datasets/car/10shot/train/audi_s5_coupe_2012/1644.jpg	A car is parked on a street with a brick wall and steps behind it.
../dataset/datasets/car/10shot/train/audi_s5_coupe_2012/1643.jpg	A car is parked in front of an Audi dealership with large windows and a sign displaying "Audi."
../dataset/datasets/car/10shot/train/audi_s5_coupe_2012/1640.jpg	The car is set against a plain white background.
../dataset/datasets/car/10shot/train/audi_s5_coupe_2012/1645.jpg	The car is parked on a paved surface with trees and other vehicles in the background.
../dataset/datasets/car/10shot/train/audi_s5_coupe_2012/1646.jpg	The car is on a plain white background.
../dataset/datasets/car/10shot/train/audi_s5_coupe_2012/1647.jpg	A car is parked in front of an Audi dealership with glass windows and a sign.
../dataset/datasets/car/10shot/train/audi_s4_sedan_2012/1272.jpg	A car on a winding road with mountains and a town in the distance.
../dataset/datasets/car/10shot/train/audi_s4_sedan_2012/1275.jpg	A car is parked inside a showroom with Audi branding visible.
../dataset/datasets/car/10shot/train/audi_s4_sedan_2012/1270.jpg	The background is blurred, suggesting motion or speed.
../dataset/datasets/car/10shot/train/audi_s4_sedan_2012/1271.jpg	A car is parked in a lot with other vehicles and buildings in the background.
../dataset/datasets/car/10shot/train/audi_s4_sedan_2012/1273.jpg	The car is parked on a driveway with a garage and another vehicle visible in the background.
../dataset/datasets/car/10shot/train/audi_s4_sedan_2012/1276.jpg	The background is plain white.
../dataset/datasets/car/10shot/train/audi_s4_sedan_2012/1279.jpg	The car is parked in front of a dealership with Audi and Porsche logos, surrounded by other cars and snow-covered ground.
../dataset/datasets/car/10shot/train/audi_s4_sedan_2012/1277.jpg	The car is on a plain white background.
../dataset/datasets/car/10shot/train/audi_s4_sedan_2012/1278.jpg	A car is parked on asphalt with snow and bare trees in the background.
../dataset/datasets/car/10shot/train/audi_s4_sedan_2012/1274.jpg	The car is parked on a street with a building and trees in the background.
../dataset/datasets/car/10shot/train/audi_s4_sedan_2007/1053.jpg	The car is on a road with a desert-like landscape in the background.
../dataset/datasets/car/10shot/train/audi_s4_sedan_2007/1054.jpg	Car parked near water, grass.
../dataset/datasets/car/10shot/train/audi_s4_sedan_2007/1059.jpg	A car is parked in front of a building with a "Service" sign visible.
../dataset/datasets/car/10shot/train/audi_s4_sedan_2007/1056.jpg	Dark, nighttime setting with streetlights.
../dataset/datasets/car/10shot/train/audi_s4_sedan_2007/1055.jpg	Residential area with houses and trees.
../dataset/datasets/car/10shot/train/audi_s4_sedan_2007/1057.jpg	A car on a road with vineyards and trees in the background.
../dataset/datasets/car/10shot/train/audi_s4_sedan_2007/1058.jpg	The car is parked under a clear sky with event tents and people around.
../dataset/datasets/car/10shot/train/audi_s4_sedan_2007/1051.jpg	Snowy, residential area.
../dataset/datasets/car/10shot/train/audi_s4_sedan_2007/1052.jpg	A car is parked in front of a building with a sign that says "Tacoma."
../dataset/datasets/car/10shot/train/audi_s4_sedan_2007/1050.jpg	The car is set against a clear blue sky and a flat, light-colored surface.
../dataset/datasets/car/10shot/train/audi_tt_rs_coupe_2012/394.jpg	The car is set against a dark, gradient background.
../dataset/datasets/car/10shot/train/audi_tt_rs_coupe_2012/390.jpg	The car is on a road with blurred greenery and a curve ahead.
../dataset/datasets/car/10shot/train/audi_tt_rs_coupe_2012/396.jpg	The car is set against a dark, neutral background.
../dataset/datasets/car/10shot/train/audi_tt_rs_coupe_2012/399.jpg	The car is set against a dark, gradient background.
../dataset/datasets/car/10shot/train/audi_tt_rs_coupe_2012/392.jpg	The car is on a road with trees and a guardrail in the background.
../dataset/datasets/car/10shot/train/audi_tt_rs_coupe_2012/397.jpg	A car on a track with grass and trees in the background.
../dataset/datasets/car/10shot/train/audi_tt_rs_coupe_2012/391.jpg	The background shows a showroom with people and another car.
../dataset/datasets/car/10shot/train/audi_tt_rs_coupe_2012/395.jpg	A car is parked on a city street with buildings and a sidewalk in the background.
../dataset/datasets/car/10shot/train/audi_tt_rs_coupe_2012/393.jpg	The car is set against a dark, gradient background.
../dataset/datasets/car/10shot/train/audi_tt_rs_coupe_2012/398.jpg	The car is set against a backdrop of a clear blue sky and a mountainous landscape.
../dataset/datasets/car/10shot/train/bmw_activehybrid_5_sedan_2012/1409.jpg	A car is parked on a gravel surface near the sea.
../dataset/datasets/car/10shot/train/bmw_activehybrid_5_sedan_2012/1401.jpg	A car is driving on a road with a bridge and water in the background.
../dataset/datasets/car/10shot/train/bmw_activehybrid_5_sedan_2012/1402.jpg	A car is driving on a road with blurred buildings in the background.
../dataset/datasets/car/10shot/train/bmw_activehybrid_5_sedan_2012/1408.jpg	Ocean, lighthouse, cloudy sky.
../dataset/datasets/car/10shot/train/bmw_activehybrid_5_sedan_2012/1403.jpg	A car on cobblestone.
../dataset/datasets/car/10shot/train/bmw_activehybrid_5_sedan_2012/1406.jpg	A car on a road with trees and grassy field in the background.
../dataset/datasets/car/10shot/train/bmw_activehybrid_5_sedan_2012/1405.jpg	A car is parked on a beach with the ocean and sky in the background.
../dataset/datasets/car/10shot/train/bmw_activehybrid_5_sedan_2012/1400.jpg	The background shows a blurred, urban setting with a bridge and concrete structures.
../dataset/datasets/car/10shot/train/bmw_activehybrid_5_sedan_2012/1407.jpg	A car is parked on cobblestones near water, with a bridge and hills in the background.
../dataset/datasets/car/10shot/train/bmw_activehybrid_5_sedan_2012/1404.jpg	A car on a road with grass and blurred background.
../dataset/datasets/car/10shot/train/bmw_1_series_convertible_2012/1926.jpg	The background is white.
../dataset/datasets/car/10shot/train/bmw_1_series_convertible_2012/1929.jpg	The car is set against a plain white background.
../dataset/datasets/car/10shot/train/bmw_1_series_convertible_2012/1928.jpg	A car is parked against a textured wall.
../dataset/datasets/car/10shot/train/bmw_1_series_convertible_2012/1924.jpg	The car is parked on a street with a building and trees in the background.
../dataset/datasets/car/10shot/train/bmw_1_series_convertible_2012/1920.jpg	A car is parked in front of a Patrick BMW dealership with a pre-owned sign visible.
../dataset/datasets/car/10shot/train/bmw_1_series_convertible_2012/1922.jpg	A car parked near a building with glass windows and other vehicles visible inside.
../dataset/datasets/car/10shot/train/bmw_1_series_convertible_2012/1921.jpg	A car is displayed on a white surface with a "World Premiere" sign.
../dataset/datasets/car/10shot/train/bmw_1_series_convertible_2012/1927.jpg	A car is parked against a corrugated metal wall.
../dataset/datasets/car/10shot/train/bmw_1_series_convertible_2012/1923.jpg	The car is white and parked against a plain, light-colored background.
../dataset/datasets/car/10shot/train/bmw_1_series_convertible_2012/1925.jpg	A car is parked indoors with a plain white wall and tiled floor.
../dataset/datasets/car/10shot/train/bmw_1_series_coupe_2012/884.jpg	A car is parked against a backdrop of rugged mountains and a cloudy sky.
../dataset/datasets/car/10shot/train/bmw_1_series_coupe_2012/886.jpg	A car on road with trees and sky.
../dataset/datasets/car/10shot/train/bmw_1_series_coupe_2012/881.jpg	The car is parked on a gravel surface with a blurred, natural backdrop.
../dataset/datasets/car/10shot/train/bmw_1_series_coupe_2012/882.jpg	The car is on a road with a blurred background, suggesting motion.
../dataset/datasets/car/10shot/train/bmw_1_series_coupe_2012/889.jpg	The car is on a road with mountains in the background.
../dataset/datasets/car/10shot/train/bmw_1_series_coupe_2012/888.jpg	A car on a road with a cloudy sky and hills in the distance.
../dataset/datasets/car/10shot/train/bmw_1_series_coupe_2012/883.jpg	The car is set against a plain white background.
../dataset/datasets/car/10shot/train/bmw_1_series_coupe_2012/887.jpg	A car is parked on a concrete surface with mountains and a clear sky in the background.
../dataset/datasets/car/10shot/train/bmw_1_series_coupe_2012/880.jpg	The car is set against a rugged, mountainous landscape with rocky terrain and sparse vegetation.
../dataset/datasets/car/10shot/train/bmw_1_series_coupe_2012/885.jpg	The car is set against a plain white background.
../dataset/datasets/car/10shot/train/bmw_3_series_sedan_2012/596.jpg	The background is plain white.
../dataset/datasets/car/10shot/train/bmw_3_series_sedan_2012/592.jpg	A car is parked against a modern glass building with a reflective facade.
../dataset/datasets/car/10shot/train/bmw_3_series_sedan_2012/597.jpg	A car is parked in front of a modern building with wooden accents and large windows.
../dataset/datasets/car/10shot/train/bmw_3_series_sedan_2012/593.jpg	A car is parked against a white wall with a window.
../dataset/datasets/car/10shot/train/bmw_3_series_sedan_2012/594.jpg	The car is on a track with red and white markings.
../dataset/datasets/car/10shot/train/bmw_3_series_sedan_2012/595.jpg	A white car is parked in a lot with buildings and trees in the background.
../dataset/datasets/car/10shot/train/bmw_3_series_sedan_2012/591.jpg	A car is parked on a concrete surface with a rural landscape and distant hill in the background.
../dataset/datasets/car/10shot/train/bmw_3_series_sedan_2012/599.jpg	A car is parked on a paved surface with a building and water in the background.
../dataset/datasets/car/10shot/train/bmw_3_series_sedan_2012/590.jpg	A car is displayed on a showroom floor with a modern, sleek design.
../dataset/datasets/car/10shot/train/bmw_3_series_sedan_2012/598.jpg	The background is blurred, suggesting motion.
../dataset/datasets/car/10shot/train/bmw_3_series_wagon_2012/1019.jpg	A car is parked in a lot with other cars and a building in the background.
../dataset/datasets/car/10shot/train/bmw_3_series_wagon_2012/1011.jpg	A car parked near a building with trees and a sign.
../dataset/datasets/car/10shot/train/bmw_3_series_wagon_2012/1015.jpg	A car is parked in a lot with trees and grass in the background.
../dataset/datasets/car/10shot/train/bmw_3_series_wagon_2012/1018.jpg	A car is driving past a blurred building with large windows.
../dataset/datasets/car/10shot/train/bmw_3_series_wagon_2012/1016.jpg	A car on a coastal road with ocean and greenery in the background.
../dataset/datasets/car/10shot/train/bmw_3_series_wagon_2012/1012.jpg	A car is parked on cobblestone, near modern building with glass windows and ocean view.
../dataset/datasets/car/10shot/train/bmw_3_series_wagon_2012/1014.jpg	The car is on a road with greenery and a signpost in the background.
../dataset/datasets/car/10shot/train/bmw_3_series_wagon_2012/1013.jpg	A car is parked on cobblestones near a palm tree and white wall.
../dataset/datasets/car/10shot/train/bmw_3_series_wagon_2012/1010.jpg	Desert landscape with hills and trees.
../dataset/datasets/car/10shot/train/bmw_3_series_wagon_2012/1017.jpg	A car is parked on a concrete surface with a beige wall and shadows in the background.
../dataset/datasets/car/10shot/train/bmw_6_series_convertible_2007/1450.jpg	A car is parked in a lot with other cars and trees in the background.
../dataset/datasets/car/10shot/train/bmw_6_series_convertible_2007/1458.jpg	The car is parked on a road with hills and trees in the background.
../dataset/datasets/car/10shot/train/bmw_6_series_convertible_2007/1453.jpg	A car is parked on a paved area with palm trees and greenery in the background.
../dataset/datasets/car/10shot/train/bmw_6_series_convertible_2007/1457.jpg	The car is parked on a paved surface with a palm tree visible in the background.
../dataset/datasets/car/10shot/train/bmw_6_series_convertible_2007/1456.jpg	A car is parked in a lot with trees and buildings in the background.
../dataset/datasets/car/10shot/train/bmw_6_series_convertible_2007/1452.jpg	A car is parked indoors with a white backdrop.
../dataset/datasets/car/10shot/train/bmw_6_series_convertible_2007/1459.jpg	A car is parked near a stone staircase surrounded by lush greenery and palm trees.
../dataset/datasets/car/10shot/train/bmw_6_series_convertible_2007/1455.jpg	A car parked on grass near house and garage.
../dataset/datasets/car/10shot/train/bmw_6_series_convertible_2007/1451.jpg	A car is parked indoors with large windows showing a cityscape at dusk.
../dataset/datasets/car/10shot/train/bmw_6_series_convertible_2007/1454.jpg	Subaru dealership, cloudy sky, trees, cars.
../dataset/datasets/car/10shot/train/bmw_x5_suv_2007/1729.jpg	A car is parked on grass near a road.
../dataset/datasets/car/10shot/train/bmw_x5_suv_2007/1724.jpg	A car is parked on a paved surface with a building and trees in the background.
../dataset/datasets/car/10shot/train/bmw_x5_suv_2007/1727.jpg	A car drives on a road with blurred trees and greenery.
../dataset/datasets/car/10shot/train/bmw_x5_suv_2007/1722.jpg	Ocean, sky, clouds.
../dataset/datasets/car/10shot/train/bmw_x5_suv_2007/1728.jpg	A car on wet pavement near grass and trees.
../dataset/datasets/car/10shot/train/bmw_x5_suv_2007/1723.jpg	A car is parked in front of a building with a sign that says "SUV" and some trees and other cars are visible in the background.
../dataset/datasets/car/10shot/train/bmw_x5_suv_2007/1725.jpg	A car is parked in front of a reflective glass building.
../dataset/datasets/car/10shot/train/bmw_x5_suv_2007/1721.jpg	A car on road with autumn foliage.
../dataset/datasets/car/10shot/train/bmw_x5_suv_2007/1726.jpg	A car is parked near a modern building with glass windows and a sloped roof, set against a clear sky.
../dataset/datasets/car/10shot/train/bmw_x5_suv_2007/1720.jpg	A car is parked near water with a rocky shore and blue sky.
../dataset/datasets/car/10shot/train/bmw_x6_suv_2012/1870.jpg	A car is driving on a road with trees and water in the background.
../dataset/datasets/car/10shot/train/bmw_x6_suv_2012/1871.jpg	A car on a road with blurred grass and dirt.
../dataset/datasets/car/10shot/train/bmw_x6_suv_2012/1877.jpg	A car is parked in front of a building with a green roof and signage that reads "European Auto."
../dataset/datasets/car/10shot/train/bmw_x6_suv_2012/1879.jpg	A car is parked on a street with buildings and other vehicles visible in the background.
../dataset/datasets/car/10shot/train/bmw_x6_suv_2012/1876.jpg	A car is parked outside a building with large windows and a sign reading "X6."
../dataset/datasets/car/10shot/train/bmw_x6_suv_2012/1874.jpg	A car on a snowy road with trees and sky in the background.
../dataset/datasets/car/10shot/train/bmw_x6_suv_2012/1873.jpg	The car is parked on a concrete surface with a blurred background, suggesting an urban or industrial setting.
../dataset/datasets/car/10shot/train/bmw_x6_suv_2012/1872.jpg	The car is set against a dark, possibly overcast sky.
../dataset/datasets/car/10shot/train/bmw_x6_suv_2012/1878.jpg	The background is plain white.
../dataset/datasets/car/10shot/train/bmw_x6_suv_2012/1875.jpg	The car is set against a desert landscape with large rocks and sparse vegetation.
../dataset/datasets/car/10shot/train/bmw_m3_coupe_2012/1847.jpg	The car is set against a plain white background.
../dataset/datasets/car/10shot/train/bmw_m3_coupe_2012/1848.jpg	A car is parked in an open area with a cloudy sky, some structures, and light poles in the background.
../dataset/datasets/car/10shot/train/bmw_m3_coupe_2012/1849.jpg	A car is parked on a paved area with a fountain and buildings in the background.
../dataset/datasets/car/10shot/train/bmw_m3_coupe_2012/1840.jpg	The car is set against a backdrop of greenery and sunlight.
../dataset/datasets/car/10shot/train/bmw_m3_coupe_2012/1843.jpg	A car is parked near modern buildings and a tree.
../dataset/datasets/car/10shot/train/bmw_m3_coupe_2012/1842.jpg	Residential neighborhood with houses and garages.
../dataset/datasets/car/10shot/train/bmw_m3_coupe_2012/1841.jpg	The car is parked on a paved surface with a corrugated metal wall behind it.
../dataset/datasets/car/10shot/train/bmw_m3_coupe_2012/1846.jpg	The car is on a road with greenery and mountains in the background.
../dataset/datasets/car/10shot/train/bmw_m3_coupe_2012/1845.jpg	A car is parked in a lot with palm trees and mountains in the distance.
../dataset/datasets/car/10shot/train/bmw_m3_coupe_2012/1844.jpg	A car is parked in front of a building with arched windows and white walls.
../dataset/datasets/car/10shot/train/bmw_m5_sedan_2010/1946.jpg	A car on a curving road with greenery and yellow lines.
../dataset/datasets/car/10shot/train/bmw_m5_sedan_2010/1941.jpg	A car is parked near a beach with the ocean and sky in the background.
../dataset/datasets/car/10shot/train/bmw_m5_sedan_2010/1943.jpg	The car is parked on a concrete surface with a white wall in the background.
../dataset/datasets/car/10shot/train/bmw_m5_sedan_2010/1942.jpg	Gravel, trees, cloudy sky.
../dataset/datasets/car/10shot/train/bmw_m5_sedan_2010/1947.jpg	The car is on a road with trees and hills in the background.
../dataset/datasets/car/10shot/train/bmw_m5_sedan_2010/1945.jpg	The car is parked on grass with trees and a road in the background.
../dataset/datasets/car/10shot/train/bmw_m5_sedan_2010/1949.jpg	A car on road with greenery in background.
../dataset/datasets/car/10shot/train/bmw_m5_sedan_2010/1944.jpg	A car is parked in a lot with other cars and trees in the background.
../dataset/datasets/car/10shot/train/bmw_m5_sedan_2010/1940.jpg	A car is displayed in a showroom with other vehicles and branding visible.
../dataset/datasets/car/10shot/train/bmw_m5_sedan_2010/1948.jpg	A car on a road with greenery and buildings.
../dataset/datasets/car/10shot/train/bmw_m6_convertible_2010/205.jpg	A car is parked near water with boats and a hillside town in the background.
../dataset/datasets/car/10shot/train/bmw_m6_convertible_2010/209.jpg	The car is set against a plain, dark background.
../dataset/datasets/car/10shot/train/bmw_m6_convertible_2010/200.jpg	A car is parked on an airport tarmac with a small airplane and trees in the background.
../dataset/datasets/car/10shot/train/bmw_m6_convertible_2010/206.jpg	The car is parked in a lot with other vehicles and buildings visible in the background.
../dataset/datasets/car/10shot/train/bmw_m6_convertible_2010/202.jpg	A car is driving on a coastal road with mountains and clear sky in the background.
../dataset/datasets/car/10shot/train/bmw_m6_convertible_2010/208.jpg	A car is parked near water with boats and hills in the background.
../dataset/datasets/car/10shot/train/bmw_m6_convertible_2010/201.jpg	The car is set against a scenic backdrop with a body of water and distant hills.
../dataset/datasets/car/10shot/train/bmw_m6_convertible_2010/204.jpg	A car drives on a road with greenery and trees in the background.
../dataset/datasets/car/10shot/train/bmw_m6_convertible_2010/207.jpg	Beach, sand, ocean, bushes.
../dataset/datasets/car/10shot/train/bmw_m6_convertible_2010/203.jpg	The car is parked on a paved surface with green trees in the background.
../dataset/datasets/car/10shot/train/bmw_x3_suv_2012/752.jpg	A car on a road with mountains and water in the background.
../dataset/datasets/car/10shot/train/bmw_x3_suv_2012/750.jpg	A car is parked on a lot with other cars and trees in the background.
../dataset/datasets/car/10shot/train/bmw_x3_suv_2012/758.jpg	A car on a road with greenery and barriers.
../dataset/datasets/car/10shot/train/bmw_x3_suv_2012/759.jpg	The car is parked on a dirt surface with trees and sky in the background.
../dataset/datasets/car/10shot/train/bmw_x3_suv_2012/756.jpg	The car is parked against a plain, light-colored wall.
../dataset/datasets/car/10shot/train/bmw_x3_suv_2012/757.jpg	A car is displayed against a red, patterned backdrop.
../dataset/datasets/car/10shot/train/bmw_x3_suv_2012/755.jpg	The car is set against a concrete wall with a cloudy sky.
../dataset/datasets/car/10shot/train/bmw_x3_suv_2012/754.jpg	The car is on a winding road with rocky terrain and greenery in the background.
../dataset/datasets/car/10shot/train/bmw_x3_suv_2012/751.jpg	Concrete wall.
../dataset/datasets/car/10shot/train/bmw_x3_suv_2012/753.jpg	Dark, forest-like setting.
../dataset/datasets/car/10shot/train/bmw_z4_convertible_2012/325.jpg	A car is parked on asphalt with other cars and a building in the background.
../dataset/datasets/car/10shot/train/bmw_z4_convertible_2012/324.jpg	A car on a road with blurred trees and sky.
../dataset/datasets/car/10shot/train/bmw_z4_convertible_2012/320.jpg	The car is set against a blurred, abstract background with light streaks.
../dataset/datasets/car/10shot/train/bmw_z4_convertible_2012/329.jpg	A car is parked on a street with modern buildings and a cloudy sky in the background.
../dataset/datasets/car/10shot/train/bmw_z4_convertible_2012/323.jpg	A car is parked in front of a building with glass windows and doors.
../dataset/datasets/car/10shot/train/bmw_z4_convertible_2012/322.jpg	A car is displayed on a wooden floor with a sign reading "WORLD PREMIERE: 2012 BMW Z4 sDrive28i WITH BMW TwinPower Turbo 2.0 LITER ENGINE."
../dataset/datasets/car/10shot/train/bmw_z4_convertible_2012/327.jpg	A car is parked near a dealership with other cars and flags visible in the background.
../dataset/datasets/car/10shot/train/bmw_z4_convertible_2012/326.jpg	Desert-like terrain.
../dataset/datasets/car/10shot/train/bmw_z4_convertible_2012/321.jpg	A car is displayed on a patterned floor with a "WORLD PREMIERE" sign in the background.
../dataset/datasets/car/10shot/train/bmw_z4_convertible_2012/328.jpg	A car is parked in a showroom with other cars and a desk visible in the background.
../dataset/datasets/car/10shot/train/bentley_continental_supersports_conv._convertible_2012/1703.jpg	The car is set against a plain white background.
../dataset/datasets/car/10shot/train/bentley_continental_supersports_conv._convertible_2012/1701.jpg	A car on a track with trees and spectators.
../dataset/datasets/car/10shot/train/bentley_continental_supersports_conv._convertible_2012/1707.jpg	A car is parked on grass near a checkered patterned wall.
../dataset/datasets/car/10shot/train/bentley_continental_supersports_conv._convertible_2012/1709.jpg	A car on a road bordered by water and rocks.
../dataset/datasets/car/10shot/train/bentley_continental_supersports_conv._convertible_2012/1708.jpg	A car drives on a winding road with lush green mountains and clear blue sky in the background.
../dataset/datasets/car/10shot/train/bentley_continental_supersports_conv._convertible_2012/1702.jpg	A car is on a road with mountains and sky in the background.
../dataset/datasets/car/10shot/train/bentley_continental_supersports_conv._convertible_2012/1704.jpg	A car is parked against a backdrop of snow-capped mountains and greenery.
../dataset/datasets/car/10shot/train/bentley_continental_supersports_conv._convertible_2012/1706.jpg	A car is driving on a road with a scenic mountain and green landscape in the background.
../dataset/datasets/car/10shot/train/bentley_continental_supersports_conv._convertible_2012/1705.jpg	A car is displayed on a stage with an audience in the background.
../dataset/datasets/car/10shot/train/bentley_continental_supersports_conv._convertible_2012/1700.jpg	A car drives on a scenic mountain road with lush greenery and clear blue sky.
../dataset/datasets/car/10shot/train/bentley_arnage_sedan_2009/959.jpg	The car is on a road with greenery and a guardrail in the background.
../dataset/datasets/car/10shot/train/bentley_arnage_sedan_2009/952.jpg	A car is parked indoors, likely in a showroom or garage.
../dataset/datasets/car/10shot/train/bentley_arnage_sedan_2009/950.jpg	The car is parked on a street with trees and a guardrail in the background.
../dataset/datasets/car/10shot/train/bentley_arnage_sedan_2009/953.jpg	A car is parked indoors on tiled floor, against beige wall.
../dataset/datasets/car/10shot/train/bentley_arnage_sedan_2009/957.jpg	A car is parked in front of a building with columns and steps, featuring a decorative urn on a pedestal.
../dataset/datasets/car/10shot/train/bentley_arnage_sedan_2009/951.jpg	Urban, blurred motion.
../dataset/datasets/car/10shot/train/bentley_arnage_sedan_2009/954.jpg	A car is parked in front of a building with windows and a lamp.
../dataset/datasets/car/10shot/train/bentley_arnage_sedan_2009/956.jpg	The car is parked on a paved surface with a fence and greenery in the background.
../dataset/datasets/car/10shot/train/bentley_arnage_sedan_2009/955.jpg	A car is parked on a city street with pedestrians and other vehicles visible.
../dataset/datasets/car/10shot/train/bentley_arnage_sedan_2009/958.jpg	A car is displayed indoors, likely at an auto show, with other vehicles and people visible in the background.
../dataset/datasets/car/10shot/train/bentley_mulsanne_sedan_2011/1099.jpg	A car is parked indoors, likely in a showroom or garage.
../dataset/datasets/car/10shot/train/bentley_mulsanne_sedan_2011/1095.jpg	A car is parked on a street with blurred greenery and buildings in the background.
../dataset/datasets/car/10shot/train/bentley_mulsanne_sedan_2011/1097.jpg	A car is driving on a road with blurred buildings in the background.
../dataset/datasets/car/10shot/train/bentley_mulsanne_sedan_2011/1094.jpg	A car on a road with grassy field behind.
../dataset/datasets/car/10shot/train/bentley_mulsanne_sedan_2011/1092.jpg	A car is parked on a street with trees and buildings in the background.
../dataset/datasets/car/10shot/train/bentley_mulsanne_sedan_2011/1091.jpg	A car is parked on a checkered surface with a building and palm tree in the background.
../dataset/datasets/car/10shot/train/bentley_mulsanne_sedan_2011/1096.jpg	The car is on a road with trees and grass in the background.
../dataset/datasets/car/10shot/train/bentley_mulsanne_sedan_2011/1098.jpg	The car is on a road surrounded by trees and autumn leaves.
../dataset/datasets/car/10shot/train/bentley_mulsanne_sedan_2011/1090.jpg	A car is parked against a backdrop of rolling hills and a cloudy sky.
../dataset/datasets/car/10shot/train/bentley_mulsanne_sedan_2011/1093.jpg	A car is parked on a paved road with trees and grass in the background.
../dataset/datasets/car/10shot/train/bentley_continental_gt_coupe_2012/420.jpg	The car is on a plain white background.
../dataset/datasets/car/10shot/train/bentley_continental_gt_coupe_2012/426.jpg	Rocks and shrubs.
../dataset/datasets/car/10shot/train/bentley_continental_gt_coupe_2012/421.jpg	A car parked on a street near a building with large windows and a tree.
../dataset/datasets/car/10shot/train/bentley_continental_gt_coupe_2012/425.jpg	Desert landscape with mountains and sparse vegetation.
../dataset/datasets/car/10shot/train/bentley_continental_gt_coupe_2012/422.jpg	The background is blurred, suggesting motion and speed.
../dataset/datasets/car/10shot/train/bentley_continental_gt_coupe_2012/427.jpg	A car is driving on a road with trees and grass in the background.
../dataset/datasets/car/10shot/train/bentley_continental_gt_coupe_2012/428.jpg	The car is set against a plain, dark background.
../dataset/datasets/car/10shot/train/bentley_continental_gt_coupe_2012/424.jpg	A car is parked against a backdrop of rugged, rocky terrain under a clear sky.
../dataset/datasets/car/10shot/train/bentley_continental_gt_coupe_2012/423.jpg	A car is driving on a road with a desert landscape and sparse vegetation in the background.
../dataset/datasets/car/10shot/train/bentley_continental_gt_coupe_2012/429.jpg	The car is set against a plain white background.
../dataset/datasets/car/10shot/train/bentley_continental_gt_coupe_2007/659.jpg	The car is set against a plain, light gray background.
../dataset/datasets/car/10shot/train/bentley_continental_gt_coupe_2007/654.jpg	A car is parked near a stone wall with a scenic mountain backdrop and a body of water.
../dataset/datasets/car/10shot/train/bentley_continental_gt_coupe_2007/651.jpg	Clear blue sky, open road.
../dataset/datasets/car/10shot/train/bentley_continental_gt_coupe_2007/655.jpg	A car is parked on a paved area with green grass and trees in the background.
../dataset/datasets/car/10shot/train/bentley_continental_gt_coupe_2007/657.jpg	The car is set against a plain, neutral background.
../dataset/datasets/car/10shot/train/bentley_continental_gt_coupe_2007/652.jpg	Green foliage, blurred background.
../dataset/datasets/car/10shot/train/bentley_continental_gt_coupe_2007/650.jpg	A car parked on street near grassy area and trees.
../dataset/datasets/car/10shot/train/bentley_continental_gt_coupe_2007/658.jpg	Blurred stone wall.
../dataset/datasets/car/10shot/train/bentley_continental_gt_coupe_2007/653.jpg	Blue fence, gray barrier.
../dataset/datasets/car/10shot/train/bentley_continental_gt_coupe_2007/656.jpg	A car is parked on a paved surface with green grass and trees in the background.
../dataset/datasets/car/10shot/train/bentley_continental_flying_spur_sedan_2007/461.jpg	A car is parked against a plain, light-colored wall.
../dataset/datasets/car/10shot/train/bentley_continental_flying_spur_sedan_2007/468.jpg	The car is parked on asphalt with a stone wall behind it.
../dataset/datasets/car/10shot/train/bentley_continental_flying_spur_sedan_2007/463.jpg	The car is set against a plain white background.
../dataset/datasets/car/10shot/train/bentley_continental_flying_spur_sedan_2007/465.jpg	A car is parked in front of a building with glass doors and windows.
../dataset/datasets/car/10shot/train/bentley_continental_flying_spur_sedan_2007/466.jpg	A car is displayed in a showroom with other luxury vehicles and shelves in the background.
../dataset/datasets/car/10shot/train/bentley_continental_flying_spur_sedan_2007/469.jpg	A car is parked in front of a modern building with glass windows and stone walls.
../dataset/datasets/car/10shot/train/bentley_continental_flying_spur_sedan_2007/460.jpg	A car is parked on a concrete surface with palm trees and buildings in the background.
../dataset/datasets/car/10shot/train/bentley_continental_flying_spur_sedan_2007/462.jpg	A car is parked on reflective surface with mountains and sky in the background.
../dataset/datasets/car/10shot/train/bentley_continental_flying_spur_sedan_2007/467.jpg	The car is parked against a plain white background.
../dataset/datasets/car/10shot/train/bentley_continental_flying_spur_sedan_2007/464.jpg	White car parked in lot, green hedge, palm tree, building.
../dataset/datasets/car/10shot/train/bugatti_veyron_16.4_convertible_2009/1193.jpg	Rocky coastline, ocean view.
../dataset/datasets/car/10shot/train/bugatti_veyron_16.4_convertible_2009/1198.jpg	A car is parked near a lake with trees and grass.
../dataset/datasets/car/10shot/train/bugatti_veyron_16.4_convertible_2009/1190.jpg	A car is parked on grass with other cars and people in the background.
../dataset/datasets/car/10shot/train/bugatti_veyron_16.4_convertible_2009/1195.jpg	A car is parked on a gravel surface with mountains and cloudy sky in the background.
../dataset/datasets/car/10shot/train/bugatti_veyron_16.4_convertible_2009/1196.jpg	Vineyard with rows of grapevines.
../dataset/datasets/car/10shot/train/bugatti_veyron_16.4_convertible_2009/1197.jpg	A car is displayed on a platform with flowers and a building in the background.
../dataset/datasets/car/10shot/train/bugatti_veyron_16.4_convertible_2009/1192.jpg	A car is displayed at an auto show with people observing.
../dataset/datasets/car/10shot/train/bugatti_veyron_16.4_convertible_2009/1199.jpg	The car is set against a mountainous landscape with clear skies.
../dataset/datasets/car/10shot/train/bugatti_veyron_16.4_convertible_2009/1194.jpg	A car is parked on dirt ground surrounded by greenery and wooden posts.
../dataset/datasets/car/10shot/train/bugatti_veyron_16.4_convertible_2009/1191.jpg	Grass, fence, water, overcast sky.
../dataset/datasets/car/10shot/train/bugatti_veyron_16.4_coupe_2009/1491.jpg	A car is displayed indoors, likely at an auto show.
../dataset/datasets/car/10shot/train/bugatti_veyron_16.4_coupe_2009/1498.jpg	A car on a track under a blue sky with clouds.
../dataset/datasets/car/10shot/train/bugatti_veyron_16.4_coupe_2009/1495.jpg	Red grid, Bugatti logos, audience.
../dataset/datasets/car/10shot/train/bugatti_veyron_16.4_coupe_2009/1493.jpg	The car is on a road with blurred greenery in the background.
../dataset/datasets/car/10shot/train/bugatti_veyron_16.4_coupe_2009/1496.jpg	The car is set against a plain, dark gray background.
../dataset/datasets/car/10shot/train/bugatti_veyron_16.4_coupe_2009/1499.jpg	A car on a road with blurred surroundings.
../dataset/datasets/car/10shot/train/bugatti_veyron_16.4_coupe_2009/1490.jpg	Ocean, beach, sky.
../dataset/datasets/car/10shot/train/bugatti_veyron_16.4_coupe_2009/1494.jpg	A car on a road with trees and grass in the background.
../dataset/datasets/car/10shot/train/bugatti_veyron_16.4_coupe_2009/1492.jpg	Modern architecture, clear sky.
../dataset/datasets/car/10shot/train/bugatti_veyron_16.4_coupe_2009/1497.jpg	A car is displayed against a plain, light-colored background.
../dataset/datasets/car/10shot/train/buick_regal_gs_2012/1005.jpg	A car is displayed at an auto show with Buick branding and screens in the background.
../dataset/datasets/car/10shot/train/buick_regal_gs_2012/1000.jpg	Car parked near vineyard, cloudy sky.
../dataset/datasets/car/10shot/train/buick_regal_gs_2012/1007.jpg	The car is set against a plain, dark gray background.
../dataset/datasets/car/10shot/train/buick_regal_gs_2012/1002.jpg	The car is set against a plain, dark background.
../dataset/datasets/car/10shot/train/buick_regal_gs_2012/1008.jpg	A car is parked near water with trees and sky in the background.
../dataset/datasets/car/10shot/train/buick_regal_gs_2012/1009.jpg	A car is parked on asphalt with a fence and trees in the background.
../dataset/datasets/car/10shot/train/buick_regal_gs_2012/1006.jpg	A car on stage with illuminated backdrop.
../dataset/datasets/car/10shot/train/buick_regal_gs_2012/1003.jpg	A car drives on a road with blurred greenery and trees.
../dataset/datasets/car/10shot/train/buick_regal_gs_2012/1004.jpg	A car on a curvy road with greenery.
../dataset/datasets/car/10shot/train/buick_regal_gs_2012/1001.jpg	A car is parked on asphalt with trees and foliage in the background.
../dataset/datasets/car/10shot/train/buick_rainier_suv_2007/1218.jpg	A car is parked in a lot with trees and other vehicles visible.
../dataset/datasets/car/10shot/train/buick_rainier_suv_2007/1213.jpg	A silver SUV parked in front of a building with a red awning and a sign that says "WE BUY CARS."
../dataset/datasets/car/10shot/train/buick_rainier_suv_2007/1219.jpg	A car is parked indoors with a white ceiling and walls.
../dataset/datasets/car/10shot/train/buick_rainier_suv_2007/1217.jpg	A car is driving on a road with a blurred train and greenery in the background.
../dataset/datasets/car/10shot/train/buick_rainier_suv_2007/1214.jpg	The car is parked in front of a dealership with a sign and phone number visible.
../dataset/datasets/car/10shot/train/buick_rainier_suv_2007/1215.jpg	A car is parked in a lot with trees and buildings in the background.
../dataset/datasets/car/10shot/train/buick_rainier_suv_2007/1210.jpg	A car is parked indoors with a white wall and a palm tree visible in the background.
../dataset/datasets/car/10shot/train/buick_rainier_suv_2007/1212.jpg	A car is parked in front of a building with a red sign that reads "DMP Downtown Motor Products."
../dataset/datasets/car/10shot/train/buick_rainier_suv_2007/1211.jpg	A car is parked near a Honda dealership with balloons and signs.
../dataset/datasets/car/10shot/train/buick_rainier_suv_2007/1216.jpg	The car is parked near a white fence and a building with glass doors.
../dataset/datasets/car/10shot/train/buick_verano_sedan_2012/102.jpg	A car is parked in front of a dealership with other vehicles and a sign for Buick GMC.
../dataset/datasets/car/10shot/train/buick_verano_sedan_2012/108.jpg	A car on a curved road with blurred motion.
../dataset/datasets/car/10shot/train/buick_verano_sedan_2012/103.jpg	A car is parked on a road with a vineyard in the background.
../dataset/datasets/car/10shot/train/buick_verano_sedan_2012/106.jpg	Indoor showroom with dim lighting.
../dataset/datasets/car/10shot/train/buick_verano_sedan_2012/101.jpg	The car is set against a plain white background.
../dataset/datasets/car/10shot/train/buick_verano_sedan_2012/107.jpg	The car is set against a plain, dark background.
../dataset/datasets/car/10shot/train/buick_verano_sedan_2012/105.jpg	Car is on tiled floor with white backdrop.
../dataset/datasets/car/10shot/train/buick_verano_sedan_2012/104.jpg	A car is parked in a dealership lot with other vehicles and buildings visible.
../dataset/datasets/car/10shot/train/buick_verano_sedan_2012/109.jpg	A car is parked in front of a building with glass windows and other vehicles nearby.
../dataset/datasets/car/10shot/train/buick_verano_sedan_2012/100.jpg	The car is set against a gradient gray background.
../dataset/datasets/car/10shot/train/buick_enclave_suv_2012/1132.jpg	A car is parked in a lot with trees and rocks behind it.
../dataset/datasets/car/10shot/train/buick_enclave_suv_2012/1139.jpg	A car is parked in a lot with other vehicles and trees in the background.
../dataset/datasets/car/10shot/train/buick_enclave_suv_2012/1133.jpg	A car is parked in front of a white building with glass doors and windows.
../dataset/datasets/car/10shot/train/buick_enclave_suv_2012/1137.jpg	The car is set against a plain white background.
../dataset/datasets/car/10shot/train/buick_enclave_suv_2012/1134.jpg	A car is parked in a lot with other cars and dealership signage visible.
../dataset/datasets/car/10shot/train/buick_enclave_suv_2012/1130.jpg	A car is parked inside a garage with a white wall and metal beams.
../dataset/datasets/car/10shot/train/buick_enclave_suv_2012/1135.jpg	A car is parked in a lot with trees and other vehicles in the background.
../dataset/datasets/car/10shot/train/buick_enclave_suv_2012/1136.jpg	The car is parked near a marina with boats and water in the background.
../dataset/datasets/car/10shot/train/buick_enclave_suv_2012/1131.jpg	A car is parked on a paved lot with a clear sky and some buildings in the distance.
../dataset/datasets/car/10shot/train/buick_enclave_suv_2012/1138.jpg	A car is parked on asphalt with trees and a white truck in the background.
../dataset/datasets/car/10shot/train/cadillac_cts-v_sedan_2012/747.jpg	The car is parked on a paved surface with trees and grass in the background.
../dataset/datasets/car/10shot/train/cadillac_cts-v_sedan_2012/746.jpg	The car is set against a backdrop of trees and sky.
../dataset/datasets/car/10shot/train/cadillac_cts-v_sedan_2012/743.jpg	The car is displayed on a showroom floor with a wooden floor and a black and white checkered pattern.
../dataset/datasets/car/10shot/train/cadillac_cts-v_sedan_2012/740.jpg	The car is displayed against a dark backdrop with Arena Motor Group signage.
../dataset/datasets/car/10shot/train/cadillac_cts-v_sedan_2012/744.jpg	A car on a road with grassy hills and sky.
../dataset/datasets/car/10shot/train/cadillac_cts-v_sedan_2012/741.jpg	A car is parked on a paved surface with a chain-link fence and brick wall in the background.
../dataset/datasets/car/10shot/train/cadillac_cts-v_sedan_2012/748.jpg	A car is parked in front of a Cadillac dealership with other cars and a building visible in the background.
../dataset/datasets/car/10shot/train/cadillac_cts-v_sedan_2012/749.jpg	Urban street with blurred motion.
../dataset/datasets/car/10shot/train/cadillac_cts-v_sedan_2012/745.jpg	The car is on a road near a beach with clear skies and ocean in the background.
../dataset/datasets/car/10shot/train/cadillac_cts-v_sedan_2012/742.jpg	The car is set against a plain white background.
../dataset/datasets/car/10shot/train/cadillac_srx_suv_2012/1893.jpg	A car is parked in front of a market with a flower stand and a person walking by.
../dataset/datasets/car/10shot/train/cadillac_srx_suv_2012/1897.jpg	A car is parked against a clear blue sky with a white cloud.
../dataset/datasets/car/10shot/train/cadillac_srx_suv_2012/1895.jpg	A car is parked on a paved surface with grass and trees in the background.
../dataset/datasets/car/10shot/train/cadillac_srx_suv_2012/1891.jpg	A car is displayed against a gradient blue and purple backdrop.
../dataset/datasets/car/10shot/train/cadillac_srx_suv_2012/1890.jpg	A car is parked near a building with trees and grass in the background.
../dataset/datasets/car/10shot/train/cadillac_srx_suv_2012/1892.jpg	A car is parked in front of a dealership with other cars and a building visible.
../dataset/datasets/car/10shot/train/cadillac_srx_suv_2012/1898.jpg	A car is parked on a paved surface with bare trees and snow in the background.
../dataset/datasets/car/10shot/train/cadillac_srx_suv_2012/1899.jpg	A car on a road with hills and sky in the background.
../dataset/datasets/car/10shot/train/cadillac_srx_suv_2012/1896.jpg	A car is parked indoors with Cadillac banners in the background.
../dataset/datasets/car/10shot/train/cadillac_srx_suv_2012/1894.jpg	The car is set against a plain white background.
../dataset/datasets/car/10shot/train/cadillac_escalade_ext_crew_cab_2007/458.jpg	The car is set against a plain white background.
../dataset/datasets/car/10shot/train/cadillac_escalade_ext_crew_cab_2007/459.jpg	A car is parked indoors, likely in a showroom or garage.
../dataset/datasets/car/10shot/train/cadillac_escalade_ext_crew_cab_2007/456.jpg	A car is parked outside a building with a sign that reads "Auto Service."
../dataset/datasets/car/10shot/train/cadillac_escalade_ext_crew_cab_2007/451.jpg	A car is parked in front of a building with pink garage doors and a clear blue sky above.
../dataset/datasets/car/10shot/train/cadillac_escalade_ext_crew_cab_2007/453.jpg	The car is parked in front of a dealership with a sign that says "MEDVED."
../dataset/datasets/car/10shot/train/cadillac_escalade_ext_crew_cab_2007/450.jpg	Residential neighborhood with houses and trees.
../dataset/datasets/car/10shot/train/cadillac_escalade_ext_crew_cab_2007/455.jpg	A car is parked under a covered area with other vehicles and buildings visible in the background.
../dataset/datasets/car/10shot/train/cadillac_escalade_ext_crew_cab_2007/452.jpg	A car parked in front of a dealership building.
../dataset/datasets/car/10shot/train/cadillac_escalade_ext_crew_cab_2007/454.jpg	The car is parked in a lot with other vehicles and trees in the background.
../dataset/datasets/car/10shot/train/cadillac_escalade_ext_crew_cab_2007/457.jpg	A car is parked on a paved surface with trees and grass in the background.
../dataset/datasets/car/10shot/train/chevrolet_silverado_1500_hybrid_crew_cab_2012/1124.jpg	A car is parked in a lot with trees and other vehicles in the background.
../dataset/datasets/car/10shot/train/chevrolet_silverado_1500_hybrid_crew_cab_2012/1125.jpg	The background shows parked cars and trees under a clear sky.
../dataset/datasets/car/10shot/train/chevrolet_silverado_1500_hybrid_crew_cab_2012/1129.jpg	The car is on a plain white background.
../dataset/datasets/car/10shot/train/chevrolet_silverado_1500_hybrid_crew_cab_2012/1122.jpg	The background is plain white.
../dataset/datasets/car/10shot/train/chevrolet_silverado_1500_hybrid_crew_cab_2012/1128.jpg	A car is parked indoors with a concrete floor and a blue sign in the background.
../dataset/datasets/car/10shot/train/chevrolet_silverado_1500_hybrid_crew_cab_2012/1120.jpg	A car is parked under a white canopy with a gray wall behind it.
../dataset/datasets/car/10shot/train/chevrolet_silverado_1500_hybrid_crew_cab_2012/1121.jpg	A car is parked in a lot with other vehicles and buildings visible.
../dataset/datasets/car/10shot/train/chevrolet_silverado_1500_hybrid_crew_cab_2012/1126.jpg	A silver pickup truck is parked in front of a dealership with a large glass window and a sign that reads "East Carolina Jeep."
../dataset/datasets/car/10shot/train/chevrolet_silverado_1500_hybrid_crew_cab_2012/1123.jpg	A car is parked near a white building with a gray metal wall and a blue roof.
../dataset/datasets/car/10shot/train/chevrolet_silverado_1500_hybrid_crew_cab_2012/1127.jpg	The car is on a plain white background.
../dataset/datasets/car/10shot/train/chevrolet_corvette_convertible_2012/1485.jpg	A car on a paved road with grass and sky.
../dataset/datasets/car/10shot/train/chevrolet_corvette_convertible_2012/1487.jpg	Residential street with houses and parked SUV.
../dataset/datasets/car/10shot/train/chevrolet_corvette_convertible_2012/1481.jpg	Open sky, distant hills.
../dataset/datasets/car/10shot/train/chevrolet_corvette_convertible_2012/1482.jpg	Residential street with houses, trees, and parked cars.
../dataset/datasets/car/10shot/train/chevrolet_corvette_convertible_2012/1486.jpg	A car is parked on a road with trees and grass in the background.
../dataset/datasets/car/10shot/train/chevrolet_corvette_convertible_2012/1483.jpg	Dark, minimalistic.
../dataset/datasets/car/10shot/train/chevrolet_corvette_convertible_2012/1488.jpg	Grassy field.
../dataset/datasets/car/10shot/train/chevrolet_corvette_convertible_2012/1480.jpg	The car is set against a gradient background, transitioning from dark at the top to lighter shades near the horizon.
../dataset/datasets/car/10shot/train/chevrolet_corvette_convertible_2012/1484.jpg	The car is set against a plain white background.
../dataset/datasets/car/10shot/train/chevrolet_corvette_convertible_2012/1489.jpg	A car parked near a white brick wall with blue poles.
../dataset/datasets/car/10shot/train/chevrolet_corvette_zr1_2012/945.jpg	The car is set against a plain black background.
../dataset/datasets/car/10shot/train/chevrolet_corvette_zr1_2012/946.jpg	The car is on a track with smoke trailing behind it, suggesting high speed or drifting.
../dataset/datasets/car/10shot/train/chevrolet_corvette_zr1_2012/947.jpg	A car is parked near trees and a building with a red structure.
../dataset/datasets/car/10shot/train/chevrolet_corvette_zr1_2012/941.jpg	Green grass, trees, cloudy sky.
../dataset/datasets/car/10shot/train/chevrolet_corvette_zr1_2012/942.jpg	A car is parked in a modern, well-lit garage with yellow and black striped pillars.
../dataset/datasets/car/10shot/train/chevrolet_corvette_zr1_2012/948.jpg	The car is parked on a paved area with trees and a fence in the background.
../dataset/datasets/car/10shot/train/chevrolet_corvette_zr1_2012/949.jpg	A car is displayed at an auto show with people around it.
../dataset/datasets/car/10shot/train/chevrolet_corvette_zr1_2012/944.jpg	A car is parked on an open road with mountains and a clear sky in the background.
../dataset/datasets/car/10shot/train/chevrolet_corvette_zr1_2012/943.jpg	A car is parked indoors with a white floor and gray walls.
../dataset/datasets/car/10shot/train/chevrolet_corvette_zr1_2012/940.jpg	The car is set against a plain, light-colored background.
../dataset/datasets/car/10shot/train/chevrolet_corvette_ron_fellows_edition_z06_2007/185.jpg	A car is parked near water with a bridge and hills in the background.
../dataset/datasets/car/10shot/train/chevrolet_corvette_ron_fellows_edition_z06_2007/181.jpg	The car is set against a plain, dark background.
../dataset/datasets/car/10shot/train/chevrolet_corvette_ron_fellows_edition_z06_2007/188.jpg	A car with open hood, parked near food stand and people.
../dataset/datasets/car/10shot/train/chevrolet_corvette_ron_fellows_edition_z06_2007/187.jpg	A car is parked near a brick wall and tree.
../dataset/datasets/car/10shot/train/chevrolet_corvette_ron_fellows_edition_z06_2007/184.jpg	A car is parked on a brick surface with greenery and a vehicle in the background.
../dataset/datasets/car/10shot/train/chevrolet_corvette_ron_fellows_edition_z06_2007/182.jpg	Stacked cars, junkyard.
../dataset/datasets/car/10shot/train/chevrolet_corvette_ron_fellows_edition_z06_2007/189.jpg	A car is parked against a stone wall with ivy.
../dataset/datasets/car/10shot/train/chevrolet_corvette_ron_fellows_edition_z06_2007/186.jpg	A car is parked near a concrete structure with stairs and railings.
../dataset/datasets/car/10shot/train/chevrolet_corvette_ron_fellows_edition_z06_2007/180.jpg	A car is parked on a brick driveway with greenery and a sign in the background.
../dataset/datasets/car/10shot/train/chevrolet_corvette_ron_fellows_edition_z06_2007/183.jpg	The car is on a road with trees and a clear sky in the background.
../dataset/datasets/car/10shot/train/chevrolet_traverse_suv_2012/97.jpg	A car is displayed at an event with blue lighting and people in the background.
../dataset/datasets/car/10shot/train/chevrolet_traverse_suv_2012/99.jpg	The car is displayed against a promotional backdrop for Freeway Chevrolet, featuring their logo and contact information.
../dataset/datasets/car/10shot/train/chevrolet_traverse_suv_2012/96.jpg	A car parked in front of a white building with greenery behind it.
../dataset/datasets/car/10shot/train/chevrolet_traverse_suv_2012/98.jpg	A car is parked in a lot with buildings, signs, and other vehicles in the background.
../dataset/datasets/car/10shot/train/chevrolet_traverse_suv_2012/95.jpg	A car is parked in front of a house with a garage and some greenery.
../dataset/datasets/car/10shot/train/chevrolet_traverse_suv_2012/90.jpg	A car is parked indoors with a blue wall and metal door in the background.
../dataset/datasets/car/10shot/train/chevrolet_traverse_suv_2012/91.jpg	A car is parked on gravel with other vehicles and trees in the background.
../dataset/datasets/car/10shot/train/chevrolet_traverse_suv_2012/93.jpg	A car is parked against a plain wall.
../dataset/datasets/car/10shot/train/chevrolet_traverse_suv_2012/92.jpg	A car is parked on a paved driveway surrounded by lush greenery and trees.
../dataset/datasets/car/10shot/train/chevrolet_traverse_suv_2012/94.jpg	A car is parked under a white canopy.
../dataset/datasets/car/10shot/train/chevrolet_camaro_convertible_2012/634.jpg	A car is parked on asphalt with a blue stripe and brick wall in the background.
../dataset/datasets/car/10shot/train/chevrolet_camaro_convertible_2012/630.jpg	A car is parked in front of a Chevrolet dealership with other cars and a clear blue sky in the background.
../dataset/datasets/car/10shot/train/chevrolet_camaro_convertible_2012/637.jpg	A car is parked on grass near a road with other vehicles and buildings in the background.
../dataset/datasets/car/10shot/train/chevrolet_camaro_convertible_2012/633.jpg	Ocean, grass, road.
../dataset/datasets/car/10shot/train/chevrolet_camaro_convertible_2012/639.jpg	A car on wet pavement near palm tree and ocean.
../dataset/datasets/car/10shot/train/chevrolet_camaro_convertible_2012/632.jpg	A car on a beach with sand and ocean.
../dataset/datasets/car/10shot/train/chevrolet_camaro_convertible_2012/635.jpg	A car is parked on a gravel surface with hills and a clear sky in the background.
../dataset/datasets/car/10shot/train/chevrolet_camaro_convertible_2012/631.jpg	The car is set against a dark, neutral background.
../dataset/datasets/car/10shot/train/chevrolet_camaro_convertible_2012/638.jpg	A car on road with trees and sky.
../dataset/datasets/car/10shot/train/chevrolet_camaro_convertible_2012/636.jpg	A car is parked in a lot with other cars and trees in the background.
../dataset/datasets/car/10shot/train/chevrolet_hhr_ss_2010/962.jpg	A car is parked against a rocky wall.
../dataset/datasets/car/10shot/train/chevrolet_hhr_ss_2010/968.jpg	The car is set against a plain white background.
../dataset/datasets/car/10shot/train/chevrolet_hhr_ss_2010/961.jpg	The car is set against a gradient background transitioning from dark at the top to light at the bottom.
../dataset/datasets/car/10shot/train/chevrolet_hhr_ss_2010/969.jpg	A car is parked against a brick wall with a metal shutter.
../dataset/datasets/car/10shot/train/chevrolet_hhr_ss_2010/965.jpg	A car is parked against a brick wall.
../dataset/datasets/car/10shot/train/chevrolet_hhr_ss_2010/963.jpg	Industrial building with large windows.
../dataset/datasets/car/10shot/train/chevrolet_hhr_ss_2010/966.jpg	The car is set against a plain, dark background.
../dataset/datasets/car/10shot/train/chevrolet_hhr_ss_2010/960.jpg	The car is parked on a paved lot with other vehicles and a building in the background.
../dataset/datasets/car/10shot/train/chevrolet_hhr_ss_2010/967.jpg	A car is parked on a wet surface with grass and trees in the background.
../dataset/datasets/car/10shot/train/chevrolet_hhr_ss_2010/964.jpg	A car is parked on asphalt with a light-colored wall behind it.
../dataset/datasets/car/10shot/train/chevrolet_impala_sedan_2007/771.jpg	A car is parked on a lot with other vehicles and buildings in the background.
../dataset/datasets/car/10shot/train/chevrolet_impala_sedan_2007/770.jpg	A car is parked on a street with houses, trees, and a fence in the background.
../dataset/datasets/car/10shot/train/chevrolet_impala_sedan_2007/776.jpg	A car is parked in front of a dealership building with "JIMMI HOWARD MOTORS" signage.
../dataset/datasets/car/10shot/train/chevrolet_impala_sedan_2007/773.jpg	A car is parked in a lot with trees and buildings in the background.
../dataset/datasets/car/10shot/train/chevrolet_impala_sedan_2007/777.jpg	A car is parked on wet pavement with a hillside and shed in the background.
../dataset/datasets/car/10shot/train/chevrolet_impala_sedan_2007/778.jpg	A car is parked in a lot with mountains and buildings in the background.
../dataset/datasets/car/10shot/train/chevrolet_impala_sedan_2007/774.jpg	A car is parked in a lot with other vehicles and buildings in the background.
../dataset/datasets/car/10shot/train/chevrolet_impala_sedan_2007/772.jpg	A car parked on grass near road with other cars and buildings in background.
../dataset/datasets/car/10shot/train/chevrolet_impala_sedan_2007/779.jpg	A car is parked in front of a building with a blue roof and white siding.
../dataset/datasets/car/10shot/train/chevrolet_impala_sedan_2007/775.jpg	A car is parked on a paved surface with hills and trees in the background.
../dataset/datasets/car/10shot/train/chevrolet_tahoe_hybrid_suv_2012/1617.jpg	A car is parked on a paved surface with greenery and trees in the background.
../dataset/datasets/car/10shot/train/chevrolet_tahoe_hybrid_suv_2012/1619.jpg	The car is set against a plain white background.
../dataset/datasets/car/10shot/train/chevrolet_tahoe_hybrid_suv_2012/1613.jpg	Grassy field, dirt path.
../dataset/datasets/car/10shot/train/chevrolet_tahoe_hybrid_suv_2012/1610.jpg	Palm trees, hills, overcast sky.
../dataset/datasets/car/10shot/train/chevrolet_tahoe_hybrid_suv_2012/1614.jpg	The car is parked on a lot with other vehicles and some trees in the background.
../dataset/datasets/car/10shot/train/chevrolet_tahoe_hybrid_suv_2012/1615.jpg	A car is parked on sandy terrain with hills and vegetation in the background.
../dataset/datasets/car/10shot/train/chevrolet_tahoe_hybrid_suv_2012/1612.jpg	A car is parked on dirt with trees and sky in the background.
../dataset/datasets/car/10shot/train/chevrolet_tahoe_hybrid_suv_2012/1616.jpg	A car is parked in front of a brick building with a black awning and a streetlight.
../dataset/datasets/car/10shot/train/chevrolet_tahoe_hybrid_suv_2012/1611.jpg	The car is on a road with trees and a person in the background.
../dataset/datasets/car/10shot/train/chevrolet_tahoe_hybrid_suv_2012/1618.jpg	The background is plain white.
../dataset/datasets/car/10shot/train/chevrolet_sonic_sedan_2012/1292.jpg	A car is parked on a paved area with grass and other vehicles visible in the background.
../dataset/datasets/car/10shot/train/chevrolet_sonic_sedan_2012/1299.jpg	A car is parked in front of a Chevrolet dealership named "North Star."
../dataset/datasets/car/10shot/train/chevrolet_sonic_sedan_2012/1295.jpg	The car is displayed on a white platform with a gray wall and some text in the background.
../dataset/datasets/car/10shot/train/chevrolet_sonic_sedan_2012/1290.jpg	Car in showroom with balloons and windows.
../dataset/datasets/car/10shot/train/chevrolet_sonic_sedan_2012/1293.jpg	Car on display at showroom.
../dataset/datasets/car/10shot/train/chevrolet_sonic_sedan_2012/1291.jpg	A car is displayed on a showroom floor with other vehicles and people in the background.
../dataset/datasets/car/10shot/train/chevrolet_sonic_sedan_2012/1296.jpg	A car is parked in a lot with other vehicles and buildings in the background.
../dataset/datasets/car/10shot/train/chevrolet_sonic_sedan_2012/1294.jpg	A car is parked in a lot with other vehicles and buildings in the background.
../dataset/datasets/car/10shot/train/chevrolet_sonic_sedan_2012/1297.jpg	A car on display with a screen and lighting behind it.
../dataset/datasets/car/10shot/train/chevrolet_sonic_sedan_2012/1298.jpg	Open parking lot, trees, cloudy sky.
../dataset/datasets/car/10shot/train/chevrolet_express_cargo_van_2007/1789.jpg	The car is parked on a paved surface with trees and grass in the background.
../dataset/datasets/car/10shot/train/chevrolet_express_cargo_van_2007/1788.jpg	The background shows a building with a Texas flag and a sign that says "Texas."
../dataset/datasets/car/10shot/train/chevrolet_express_cargo_van_2007/1783.jpg	The car is parked on a paved surface with trees and a cloudy sky in the background.
../dataset/datasets/car/10shot/train/chevrolet_express_cargo_van_2007/1780.jpg	A car is parked in front of a building with a red awning and other vehicles nearby.
../dataset/datasets/car/10shot/train/chevrolet_express_cargo_van_2007/1782.jpg	The car is set against a plain white background.
../dataset/datasets/car/10shot/train/chevrolet_express_cargo_van_2007/1781.jpg	The background shows a building with signage and trees.
../dataset/datasets/car/10shot/train/chevrolet_express_cargo_van_2007/1786.jpg	A car is parked in front of a dealership with a sign that reads "Concord Buick Pontiac GMC."
../dataset/datasets/car/10shot/train/chevrolet_express_cargo_van_2007/1784.jpg	The car is parked in a lot with palm trees and buildings in the background.
../dataset/datasets/car/10shot/train/chevrolet_express_cargo_van_2007/1785.jpg	A car is parked in front of a building with blue and white walls.
../dataset/datasets/car/10shot/train/chevrolet_express_cargo_van_2007/1787.jpg	The car is parked on a paved surface with trees and a clear sky in the background.
../dataset/datasets/car/10shot/train/chevrolet_avalanche_crew_cab_2012/479.jpg	Residential street with houses and trees.
../dataset/datasets/car/10shot/train/chevrolet_avalanche_crew_cab_2012/474.jpg	The car is parked on a paved surface with trees and a cloudy sky in the background.
../dataset/datasets/car/10shot/train/chevrolet_avalanche_crew_cab_2012/477.jpg	Parked lot, trees, sunny day.
../dataset/datasets/car/10shot/train/chevrolet_avalanche_crew_cab_2012/471.jpg	A car is parked indoors with a white floor and gray walls.
../dataset/datasets/car/10shot/train/chevrolet_avalanche_crew_cab_2012/476.jpg	A car is parked in a lot with other vehicles and trees in the background.
../dataset/datasets/car/10shot/train/chevrolet_avalanche_crew_cab_2012/475.jpg	A car is parked on a driveway surrounded by trees and greenery.
../dataset/datasets/car/10shot/train/chevrolet_avalanche_crew_cab_2012/478.jpg	Beach, driftwood, sky.
../dataset/datasets/car/10shot/train/chevrolet_avalanche_crew_cab_2012/473.jpg	The car is set against a white background with a red and blue circular logo featuring a car and text.
../dataset/datasets/car/10shot/train/chevrolet_avalanche_crew_cab_2012/470.jpg	The background is plain white.
../dataset/datasets/car/10shot/train/chevrolet_avalanche_crew_cab_2012/472.jpg	The car is parked on a sunny day with palm trees and other vehicles in the background.
../dataset/datasets/car/10shot/train/chevrolet_cobalt_ss_2010/294.jpg	A car on a road with blurred background.
../dataset/datasets/car/10shot/train/chevrolet_cobalt_ss_2010/290.jpg	A car is parked against a beige wall.
../dataset/datasets/car/10shot/train/chevrolet_cobalt_ss_2010/293.jpg	The car is set against a plain, light gray background.
../dataset/datasets/car/10shot/train/chevrolet_cobalt_ss_2010/295.jpg	The car is set against a plain, neutral background.
../dataset/datasets/car/10shot/train/chevrolet_cobalt_ss_2010/291.jpg	A car is parked on a concrete surface with a cloudy sky above.
../dataset/datasets/car/10shot/train/chevrolet_cobalt_ss_2010/296.jpg	Residential street with houses and trees.
../dataset/datasets/car/10shot/train/chevrolet_cobalt_ss_2010/299.jpg	A car parked on driveway near house with trees.
../dataset/datasets/car/10shot/train/chevrolet_cobalt_ss_2010/298.jpg	A car on sandy terrain with cones and clear sky.
../dataset/datasets/car/10shot/train/chevrolet_cobalt_ss_2010/297.jpg	A car parked on gravel near house with trees and lawn.
../dataset/datasets/car/10shot/train/chevrolet_cobalt_ss_2010/292.jpg	A car parked near water, cloudy sky.
../dataset/datasets/car/10shot/train/chevrolet_malibu_hybrid_sedan_2010/1664.jpg	A car is parked in a lot with palm trees and buildings in the background.
../dataset/datasets/car/10shot/train/chevrolet_malibu_hybrid_sedan_2010/1661.jpg	The car is parked on a lot with other vehicles and dealership signage visible.
../dataset/datasets/car/10shot/train/chevrolet_malibu_hybrid_sedan_2010/1666.jpg	A car is parked on a paved surface with grass and autumn trees in the background.
../dataset/datasets/car/10shot/train/chevrolet_malibu_hybrid_sedan_2010/1667.jpg	The car is set against a plain white background.
../dataset/datasets/car/10shot/train/chevrolet_malibu_hybrid_sedan_2010/1669.jpg	A car is parked in front of George Moore dealership with palm trees and other vehicles visible in the background.
../dataset/datasets/car/10shot/train/chevrolet_malibu_hybrid_sedan_2010/1665.jpg	A car parked on grass near road, trees and power lines visible.
../dataset/datasets/car/10shot/train/chevrolet_malibu_hybrid_sedan_2010/1668.jpg	A car on road with blurred greenery.
../dataset/datasets/car/10shot/train/chevrolet_malibu_hybrid_sedan_2010/1660.jpg	The car is set against a plain white background.
../dataset/datasets/car/10shot/train/chevrolet_malibu_hybrid_sedan_2010/1662.jpg	A car is parked in a lot with other vehicles and a building in the background.
../dataset/datasets/car/10shot/train/chevrolet_malibu_hybrid_sedan_2010/1663.jpg	A car is parked on a paved surface with other vehicles and buildings in the background.
../dataset/datasets/car/10shot/train/chevrolet_trailblazer_ss_2009/1141.jpg	The car is on a plain white background.
../dataset/datasets/car/10shot/train/chevrolet_trailblazer_ss_2009/1140.jpg	The car is on a road with greenery and trees in the background.
../dataset/datasets/car/10shot/train/chevrolet_trailblazer_ss_2009/1142.jpg	The car is parked in an outdoor lot with other vehicles and buildings visible in the background.
../dataset/datasets/car/10shot/train/chevrolet_trailblazer_ss_2009/1145.jpg	A car is parked indoors with a modern, clean background.
../dataset/datasets/car/10shot/train/chevrolet_trailblazer_ss_2009/1143.jpg	The car is set against a plain, neutral background.
../dataset/datasets/car/10shot/train/chevrolet_trailblazer_ss_2009/1147.jpg	The car is parked on a wet surface with trees and a fence in the background.
../dataset/datasets/car/10shot/train/chevrolet_trailblazer_ss_2009/1149.jpg	Car on paved surface, grass, trees, water.
../dataset/datasets/car/10shot/train/chevrolet_trailblazer_ss_2009/1146.jpg	A car is parked in a lot with other vehicles and trees in the background.
../dataset/datasets/car/10shot/train/chevrolet_trailblazer_ss_2009/1148.jpg	The car is set against a plain white background.
../dataset/datasets/car/10shot/train/chevrolet_trailblazer_ss_2009/1144.jpg	The car is parked on a gravel surface with trees and grass in the background.
../dataset/datasets/car/10shot/train/chevrolet_silverado_2500hd_regular_cab_2012/1473.jpg	The car is parked in front of a building with a sign that reads "Mission Auto."
../dataset/datasets/car/10shot/train/chevrolet_silverado_2500hd_regular_cab_2012/1472.jpg	The background shows a parking lot with buildings and other vehicles.
../dataset/datasets/car/10shot/train/chevrolet_silverado_2500hd_regular_cab_2012/1476.jpg	The car is set against a plain white background.
../dataset/datasets/car/10shot/train/chevrolet_silverado_2500hd_regular_cab_2012/1478.jpg	The background is plain white.
../dataset/datasets/car/10shot/train/chevrolet_silverado_2500hd_regular_cab_2012/1479.jpg	A car is parked in a lot with trees and other vehicles in the background.
../dataset/datasets/car/10shot/train/chevrolet_silverado_2500hd_regular_cab_2012/1477.jpg	A car is parked in front of a dealership with various car brands displayed on the building.
../dataset/datasets/car/10shot/train/chevrolet_silverado_2500hd_regular_cab_2012/1474.jpg	The background shows a parking lot with trees and another vehicle.
../dataset/datasets/car/10shot/train/chevrolet_silverado_2500hd_regular_cab_2012/1470.jpg	The background features a starry night sky.
../dataset/datasets/car/10shot/train/chevrolet_silverado_2500hd_regular_cab_2012/1471.jpg	A car is parked on a street with houses and trees in the background.
../dataset/datasets/car/10shot/train/chevrolet_silverado_2500hd_regular_cab_2012/1475.jpg	A car is parked in front of a building with a clear sky and another vehicle visible in the distance.
../dataset/datasets/car/10shot/train/chevrolet_silverado_1500_classic_extended_cab_2007/1711.jpg	The car is parked in front of a dealership with a building and signage visible.
../dataset/datasets/car/10shot/train/chevrolet_silverado_1500_classic_extended_cab_2007/1717.jpg	Car is on a white floor with a curtain backdrop.
../dataset/datasets/car/10shot/train/chevrolet_silverado_1500_classic_extended_cab_2007/1712.jpg	A car is parked in front of a building with trees and other cars in the background.
../dataset/datasets/car/10shot/train/chevrolet_silverado_1500_classic_extended_cab_2007/1719.jpg	A car is parked near a building with a yellow roof and white walls.
../dataset/datasets/car/10shot/train/chevrolet_silverado_1500_classic_extended_cab_2007/1715.jpg	A car is parked in front of a building with several other vehicles and trees visible in the background.
../dataset/datasets/car/10shot/train/chevrolet_silverado_1500_classic_extended_cab_2007/1710.jpg	The car is parked on a street with trees and another vehicle visible in the background.
../dataset/datasets/car/10shot/train/chevrolet_silverado_1500_classic_extended_cab_2007/1714.jpg	A car parked near Len Lyall Chevrolet sign, Summit White with Dark Charcoal interior.
../dataset/datasets/car/10shot/train/chevrolet_silverado_1500_classic_extended_cab_2007/1718.jpg	The car is parked under clear skies, with a building and streetlights visible in the background.
../dataset/datasets/car/10shot/train/chevrolet_silverado_1500_classic_extended_cab_2007/1716.jpg	The car is on a plain white background.
../dataset/datasets/car/10shot/train/chevrolet_silverado_1500_classic_extended_cab_2007/1713.jpg	A car is parked in a lot with other vehicles and buildings in the background.
../dataset/datasets/car/10shot/train/chevrolet_express_van_2007/765.jpg	A car is parked in front of a building with "DIVE SALES" sign.
../dataset/datasets/car/10shot/train/chevrolet_express_van_2007/762.jpg	The car is on a plain, light-colored surface with a white background.
../dataset/datasets/car/10shot/train/chevrolet_express_van_2007/768.jpg	A car is parked on a red brick surface with buildings and palm trees in the background.
../dataset/datasets/car/10shot/train/chevrolet_express_van_2007/763.jpg	A car is parked on grass with trees and sky in the background.
../dataset/datasets/car/10shot/train/chevrolet_express_van_2007/767.jpg	A car is parked in a lot with buildings and trees in the background.
../dataset/datasets/car/10shot/train/chevrolet_express_van_2007/761.jpg	The background shows a parking lot with palm trees and buildings.
../dataset/datasets/car/10shot/train/chevrolet_express_van_2007/760.jpg	The car is parked on a paved surface with trees and houses in the background.
../dataset/datasets/car/10shot/train/chevrolet_express_van_2007/766.jpg	A car is parked on dry grass with a cloudy sky and distant structures.
../dataset/datasets/car/10shot/train/chevrolet_express_van_2007/764.jpg	The car is parked on grass with trees and sky in the background.
../dataset/datasets/car/10shot/train/chevrolet_express_van_2007/769.jpg	A car is parked near white buildings with garage doors.
../dataset/datasets/car/10shot/train/chevrolet_monte_carlo_coupe_2007/1306.jpg	Showroom with other cars and displays.
../dataset/datasets/car/10shot/train/chevrolet_monte_carlo_coupe_2007/1300.jpg	A car is parked in front of a dealership with a clear sky and other vehicles visible.
../dataset/datasets/car/10shot/train/chevrolet_monte_carlo_coupe_2007/1307.jpg	The car is parked on a paved surface with trees and foliage in the background.
../dataset/datasets/car/10shot/train/chevrolet_monte_carlo_coupe_2007/1304.jpg	The car is parked on a grassy area with trees and a paved road in the background.
../dataset/datasets/car/10shot/train/chevrolet_monte_carlo_coupe_2007/1302.jpg	A car is parked on a gravel lot with buildings and trees in the background.
../dataset/datasets/car/10shot/train/chevrolet_monte_carlo_coupe_2007/1309.jpg	A car is parked on a paved lot with other cars and buildings in the background.
../dataset/datasets/car/10shot/train/chevrolet_monte_carlo_coupe_2007/1305.jpg	Residential driveway with houses and trees.
../dataset/datasets/car/10shot/train/chevrolet_monte_carlo_coupe_2007/1308.jpg	The car is parked indoors, likely in a showroom or garage, with other vehicles and branding visible in the background.
../dataset/datasets/car/10shot/train/chevrolet_monte_carlo_coupe_2007/1303.jpg	A car is parked in front of a brick wall.
../dataset/datasets/car/10shot/train/chevrolet_monte_carlo_coupe_2007/1301.jpg	A car on a road with trees and grass in the background.
../dataset/datasets/car/10shot/train/chevrolet_malibu_sedan_2007/168.jpg	A car is parked in a lot with other cars and buildings in the background.
../dataset/datasets/car/10shot/train/chevrolet_malibu_sedan_2007/166.jpg	The car is parked in a lot with trees and a sign visible in the background.
../dataset/datasets/car/10shot/train/chevrolet_malibu_sedan_2007/163.jpg	A car is parked outside a dealership with other vehicles and a building visible in the background.
../dataset/datasets/car/10shot/train/chevrolet_malibu_sedan_2007/161.jpg	A car is parked in front of a building with large windows and an American flag.
../dataset/datasets/car/10shot/train/chevrolet_malibu_sedan_2007/167.jpg	The car is set against a plain white background.
../dataset/datasets/car/10shot/train/chevrolet_malibu_sedan_2007/160.jpg	A car is parked in front of an Enterprise car rental location.
../dataset/datasets/car/10shot/train/chevrolet_malibu_sedan_2007/169.jpg	A car is parked on a gray floor with a white curtain backdrop.
../dataset/datasets/car/10shot/train/chevrolet_malibu_sedan_2007/162.jpg	A car is parked in a lot with other vehicles and a billboard in the background.
../dataset/datasets/car/10shot/train/chevrolet_malibu_sedan_2007/165.jpg	A car is parked in a lot with other vehicles and buildings visible.
../dataset/datasets/car/10shot/train/chevrolet_malibu_sedan_2007/164.jpg	A car is parked in a lot with other vehicles and buildings in the background.
../dataset/datasets/car/10shot/train/chevrolet_silverado_1500_extended_cab_2012/782.jpg	The car is parked on a gravel surface with a pile of gravel and trees in the background.
../dataset/datasets/car/10shot/train/chevrolet_silverado_1500_extended_cab_2012/781.jpg	The car is parked on a paved surface with trees and buildings in the background.
../dataset/datasets/car/10shot/train/chevrolet_silverado_1500_extended_cab_2012/786.jpg	The car is parked on a gravel surface with trees and grass in the background.
../dataset/datasets/car/10shot/train/chevrolet_silverado_1500_extended_cab_2012/787.jpg	A car is parked against a backdrop of rugged mountains and clear sky.
../dataset/datasets/car/10shot/train/chevrolet_silverado_1500_extended_cab_2012/785.jpg	A car is parked on a road with trees and grass in the background.
../dataset/datasets/car/10shot/train/chevrolet_silverado_1500_extended_cab_2012/780.jpg	The car is parked on a concrete surface with a green fence and utility poles in the background.
../dataset/datasets/car/10shot/train/chevrolet_silverado_1500_extended_cab_2012/789.jpg	The car is parked outdoors with trees and a building in the background.
../dataset/datasets/car/10shot/train/chevrolet_silverado_1500_extended_cab_2012/788.jpg	A car is parked in front of a building with glass windows and a sign that reads "fied VEHICLES."
../dataset/datasets/car/10shot/train/chevrolet_silverado_1500_extended_cab_2012/783.jpg	A car is parked indoors, likely in a showroom or garage.
../dataset/datasets/car/10shot/train/chevrolet_silverado_1500_extended_cab_2012/784.jpg	Cloudy sky, parking lot, building.
../dataset/datasets/car/10shot/train/chevrolet_silverado_1500_regular_cab_2012/1592.jpg	A car is parked in a lot with other vehicles and trees in the background.
../dataset/datasets/car/10shot/train/chevrolet_silverado_1500_regular_cab_2012/1594.jpg	A car is parked in front of a showroom with other vehicles visible.
../dataset/datasets/car/10shot/train/chevrolet_silverado_1500_regular_cab_2012/1593.jpg	A car is parked in front of a dealership with various car brands displayed on the building.
../dataset/datasets/car/10shot/train/chevrolet_silverado_1500_regular_cab_2012/1598.jpg	A car is parked in a lot with other vehicles and flags visible.
../dataset/datasets/car/10shot/train/chevrolet_silverado_1500_regular_cab_2012/1591.jpg	Residential driveway with houses and trees.
../dataset/datasets/car/10shot/train/chevrolet_silverado_1500_regular_cab_2012/1590.jpg	A car is parked in front of a Chevrolet dealership with other vehicles and a clear sky in the background.
../dataset/datasets/car/10shot/train/chevrolet_silverado_1500_regular_cab_2012/1595.jpg	A car is displayed on a white tiled floor with a plain white wall behind it.
../dataset/datasets/car/10shot/train/chevrolet_silverado_1500_regular_cab_2012/1597.jpg	A car is parked on a sunny day with other vehicles and open sky in the background.
../dataset/datasets/car/10shot/train/chevrolet_silverado_1500_regular_cab_2012/1596.jpg	A car is parked in a lot with other vehicles and buildings in the background.
../dataset/datasets/car/10shot/train/chevrolet_silverado_1500_regular_cab_2012/1599.jpg	A car is parked on a concrete surface with grass and trees in the background.
../dataset/datasets/car/10shot/train/chrysler_aspen_suv_2009/993.jpg	The car is parked indoors, likely in a showroom or garage.
../dataset/datasets/car/10shot/train/chrysler_aspen_suv_2009/995.jpg	A car is parked in front of a garage with wooden siding and a white door.
../dataset/datasets/car/10shot/train/chrysler_aspen_suv_2009/994.jpg	A car is parked on a street with buildings and trees in the background.
../dataset/datasets/car/10shot/train/chrysler_aspen_suv_2009/999.jpg	A car is parked on a white floor with a logo and text in the background.
../dataset/datasets/car/10shot/train/chrysler_aspen_suv_2009/997.jpg	Urban street with blurred motion.
../dataset/datasets/car/10shot/train/chrysler_aspen_suv_2009/990.jpg	A car is parked in a lot with other vehicles and trees in the distance.
../dataset/datasets/car/10shot/train/chrysler_aspen_suv_2009/991.jpg	The car is parked in a lot with other vehicles and trees in the background.
../dataset/datasets/car/10shot/train/chrysler_aspen_suv_2009/992.jpg	A car parked near houses with bare trees and clear sky.
../dataset/datasets/car/10shot/train/chrysler_aspen_suv_2009/996.jpg	A car is parked near a marina with boats and trees in the background.
../dataset/datasets/car/10shot/train/chrysler_aspen_suv_2009/998.jpg	The car is parked in front of a dealership with a clear sky and some trees visible in the background.
../dataset/datasets/car/10shot/train/chrysler_sebring_convertible_2010/1220.jpg	The car is set against a plain white background.
../dataset/datasets/car/10shot/train/chrysler_sebring_convertible_2010/1224.jpg	A car is driving on a city street with tall buildings and a bridge in the background.
../dataset/datasets/car/10shot/train/chrysler_sebring_convertible_2010/1227.jpg	The car is on a road with a blurred background, suggesting motion and a scenic view.
../dataset/datasets/car/10shot/train/chrysler_sebring_convertible_2010/1223.jpg	A car is parked outside a dealership with other vehicles and trees visible in the background.
../dataset/datasets/car/10shot/train/chrysler_sebring_convertible_2010/1222.jpg	A car is parked in a lot with other vehicles and buildings in the background.
../dataset/datasets/car/10shot/train/chrysler_sebring_convertible_2010/1228.jpg	A car is parked in a lot with other vehicles and trees in the background.
../dataset/datasets/car/10shot/train/chrysler_sebring_convertible_2010/1221.jpg	A car is parked inside a garage with an Enterprise sign visible on the wall.
../dataset/datasets/car/10shot/train/chrysler_sebring_convertible_2010/1229.jpg	Palm trees, building, sunny day.
../dataset/datasets/car/10shot/train/chrysler_sebring_convertible_2010/1226.jpg	A car is parked inside a garage with another car and some shelves in the background.
../dataset/datasets/car/10shot/train/chrysler_sebring_convertible_2010/1225.jpg	The car is parked near a building with trees and a fence in the background.
../dataset/datasets/car/10shot/train/chrysler_town_and_country_minivan_2012/1952.jpg	A car is parked on a paved road with trees and grass in the background.
../dataset/datasets/car/10shot/train/chrysler_town_and_country_minivan_2012/1953.jpg	The car is parked on a paved surface with trees and grass in the background.
../dataset/datasets/car/10shot/train/chrysler_town_and_country_minivan_2012/1951.jpg	A silver minivan parked on asphalt near a white building.
../dataset/datasets/car/10shot/train/chrysler_town_and_country_minivan_2012/1954.jpg	A car is parked on a road surrounded by trees and greenery.
../dataset/datasets/car/10shot/train/chrysler_town_and_country_minivan_2012/1950.jpg	A car is parked in front of a dealership building with a clear sky and some trees visible in the background.
../dataset/datasets/car/10shot/train/chrysler_town_and_country_minivan_2012/1957.jpg	A car is parked indoors with a plain, light-colored wall and ceiling.
../dataset/datasets/car/10shot/train/chrysler_town_and_country_minivan_2012/1955.jpg	A car is parked on a bridge with trees and sky in the background.
../dataset/datasets/car/10shot/train/chrysler_town_and_country_minivan_2012/1958.jpg	The car is set against a dark, plain background.
../dataset/datasets/car/10shot/train/chrysler_town_and_country_minivan_2012/1956.jpg	A car is parked in a lot with other vehicles and dealership signage visible.
../dataset/datasets/car/10shot/train/chrysler_town_and_country_minivan_2012/1959.jpg	The car is parked on a dirt surface with trees and foliage in the background.
../dataset/datasets/car/10shot/train/chrysler_300_srt-8_2010/192.jpg	Residential neighborhood with fences and houses.
../dataset/datasets/car/10shot/train/chrysler_300_srt-8_2010/194.jpg	A car is parked in a lot with other cars and buildings in the background.
../dataset/datasets/car/10shot/train/chrysler_300_srt-8_2010/199.jpg	A car is parked on a paved surface with trees and a fence in the background.
../dataset/datasets/car/10shot/train/chrysler_300_srt-8_2010/191.jpg	A car on road with greenery and trees.
../dataset/datasets/car/10shot/train/chrysler_300_srt-8_2010/196.jpg	A car parked near a house with trees and a porch.
../dataset/datasets/car/10shot/train/chrysler_300_srt-8_2010/193.jpg	The car is parked in a lot with other vehicles and a tree line in the background.
../dataset/datasets/car/10shot/train/chrysler_300_srt-8_2010/190.jpg	A car is parked on a lot with other vehicles and a cloudy sky in the background.
../dataset/datasets/car/10shot/train/chrysler_300_srt-8_2010/197.jpg	A car is parked on a road with trees and greenery in the background.
../dataset/datasets/car/10shot/train/chrysler_300_srt-8_2010/198.jpg	Industrial building, garage door, brick wall.
../dataset/datasets/car/10shot/train/chrysler_300_srt-8_2010/195.jpg	A car is parked in an empty parking lot with a concrete building and overcast sky in the background.
../dataset/datasets/car/10shot/train/chrysler_crossfire_convertible_2008/1754.jpg	The car is parked on grass with trees and bushes in the background.
../dataset/datasets/car/10shot/train/chrysler_crossfire_convertible_2008/1753.jpg	A car parked near building with window and door.
../dataset/datasets/car/10shot/train/chrysler_crossfire_convertible_2008/1758.jpg	The car is set against a plain, dark background.
../dataset/datasets/car/10shot/train/chrysler_crossfire_convertible_2008/1759.jpg	The car is set against a dark, gradient background.
../dataset/datasets/car/10shot/train/chrysler_crossfire_convertible_2008/1750.jpg	A car is parked on a paved surface with a building and trees in the background.
../dataset/datasets/car/10shot/train/chrysler_crossfire_convertible_2008/1756.jpg	A car is parked near a brick building with snow on the ground.
../dataset/datasets/car/10shot/train/chrysler_crossfire_convertible_2008/1752.jpg	A car parked near rocks and water.
../dataset/datasets/car/10shot/train/chrysler_crossfire_convertible_2008/1757.jpg	The car is set against a backdrop of a mountainous landscape with a clear sky.
../dataset/datasets/car/10shot/train/chrysler_crossfire_convertible_2008/1751.jpg	A car is parked on a street with buildings and trees in the background.
../dataset/datasets/car/10shot/train/chrysler_crossfire_convertible_2008/1755.jpg	A car is parked in front of a building with a sign that says "Wingstop."
../dataset/datasets/car/10shot/train/chrysler_pt_cruiser_convertible_2008/1829.jpg	A car is displayed at an auto show with other vehicles and people in the background.
../dataset/datasets/car/10shot/train/chrysler_pt_cruiser_convertible_2008/1827.jpg	A car is parked on a gravel surface with trees in the background.
../dataset/datasets/car/10shot/train/chrysler_pt_cruiser_convertible_2008/1825.jpg	A car is parked under a building with a white truck visible in the background.
../dataset/datasets/car/10shot/train/chrysler_pt_cruiser_convertible_2008/1826.jpg	A car drives past modern buildings.
../dataset/datasets/car/10shot/train/chrysler_pt_cruiser_convertible_2008/1822.jpg	Desert landscape with hills and trees.
../dataset/datasets/car/10shot/train/chrysler_pt_cruiser_convertible_2008/1828.jpg	A car is parked on a road with trees and grass in the background.
../dataset/datasets/car/10shot/train/chrysler_pt_cruiser_convertible_2008/1824.jpg	A car is parked indoors with a plain white backdrop.
../dataset/datasets/car/10shot/train/chrysler_pt_cruiser_convertible_2008/1821.jpg	A car by a lake with mountains in the distance.
../dataset/datasets/car/10shot/train/chrysler_pt_cruiser_convertible_2008/1823.jpg	A car is parked in front of a dealership with "Moon Township Mazda" and "Suzuki" signs visible.
../dataset/datasets/car/10shot/train/chrysler_pt_cruiser_convertible_2008/1820.jpg	A car is displayed in a showroom with a sign reading "PRE-OWNED LUXURY CAR & TRUCK."
../dataset/datasets/car/10shot/train/daewoo_nubira_wagon_2002/1867.jpg	A car on a blurred, colorful road.
../dataset/datasets/car/10shot/train/daewoo_nubira_wagon_2002/1862.jpg	A car is parked on a street with buildings and other vehicles in the background.
../dataset/datasets/car/10shot/train/daewoo_nubira_wagon_2002/1866.jpg	The car is parked on a plain, light-colored surface with a clear sky above.
../dataset/datasets/car/10shot/train/daewoo_nubira_wagon_2002/1869.jpg	A car is parked in front of a building with a pink roof and white walls.
../dataset/datasets/car/10shot/train/daewoo_nubira_wagon_2002/1863.jpg	The car is parked on a paved area with other vehicles and buildings in the background.
../dataset/datasets/car/10shot/train/daewoo_nubira_wagon_2002/1861.jpg	A car parked near greenery and a building.
../dataset/datasets/car/10shot/train/daewoo_nubira_wagon_2002/1864.jpg	The car is parked in a lot with other vehicles and construction equipment.
../dataset/datasets/car/10shot/train/daewoo_nubira_wagon_2002/1865.jpg	A car is parked against a plain, light-colored wall.
../dataset/datasets/car/10shot/train/daewoo_nubira_wagon_2002/1868.jpg	The car is parked on a dirt surface with trees and a mound of dirt in the background.
../dataset/datasets/car/10shot/train/daewoo_nubira_wagon_2002/1860.jpg	A car parked on grass near trees and houses.
../dataset/datasets/car/10shot/train/dodge_caliber_wagon_2012/841.jpg	A car is parked on a driveway with a house and trees in the background.
../dataset/datasets/car/10shot/train/dodge_caliber_wagon_2012/847.jpg	A car on a desert road with mountains and shrubs.
../dataset/datasets/car/10shot/train/dodge_caliber_wagon_2012/844.jpg	The car is parked on grass with trees and a red truck in the background.
../dataset/datasets/car/10shot/train/dodge_caliber_wagon_2012/848.jpg	The car is parked in front of a dealership sign.
../dataset/datasets/car/10shot/train/dodge_caliber_wagon_2012/846.jpg	A car on plain background.
../dataset/datasets/car/10shot/train/dodge_caliber_wagon_2012/840.jpg	The car is set against a dark, gradient background.
../dataset/datasets/car/10shot/train/dodge_caliber_wagon_2012/843.jpg	The car is parked on gravel with buildings and trees in the background.
../dataset/datasets/car/10shot/train/dodge_caliber_wagon_2012/849.jpg	The car is parked in front of a building with a red and white facade, possibly a dealership or showroom.
../dataset/datasets/car/10shot/train/dodge_caliber_wagon_2012/845.jpg	A car is parked on a lot with other vehicles and trees in the background.
../dataset/datasets/car/10shot/train/dodge_caliber_wagon_2012/842.jpg	Rural, stone buildings, greenery.
../dataset/datasets/car/10shot/train/dodge_caliber_wagon_2007/1370.jpg	The car is parked indoors, likely in a showroom or garage, with a blue floor and white walls.
../dataset/datasets/car/10shot/train/dodge_caliber_wagon_2007/1377.jpg	A car on red gradient background.
../dataset/datasets/car/10shot/train/dodge_caliber_wagon_2007/1376.jpg	A car is parked in front of a service garage.
../dataset/datasets/car/10shot/train/dodge_caliber_wagon_2007/1372.jpg	The car is set against a plain white background.
../dataset/datasets/car/10shot/train/dodge_caliber_wagon_2007/1374.jpg	Dark, shadowy background.
../dataset/datasets/car/10shot/train/dodge_caliber_wagon_2007/1378.jpg	A car is parked inside a showroom with a red and white wall, displaying "SCHULER AUTO GROUP."
../dataset/datasets/car/10shot/train/dodge_caliber_wagon_2007/1371.jpg	The car is parked on a gravel surface with trees and sky in the background.
../dataset/datasets/car/10shot/train/dodge_caliber_wagon_2007/1379.jpg	The car is on a gravel road with trees and greenery in the background.
../dataset/datasets/car/10shot/train/dodge_caliber_wagon_2007/1375.jpg	A car is parked near a body of water with mountains in the background.
../dataset/datasets/car/10shot/train/dodge_caliber_wagon_2007/1373.jpg	A car is parked in front of Bob Bannerman dealership.
../dataset/datasets/car/10shot/train/dodge_caravan_minivan_1997/134.jpg	A car is parked in front of a red building with a sign for "eBZZMotors.com."
../dataset/datasets/car/10shot/train/dodge_caravan_minivan_1997/132.jpg	Grassy field, trees, water, dock.
../dataset/datasets/car/10shot/train/dodge_caravan_minivan_1997/130.jpg	A car is parked on a paved surface with mountains and hills in the background.
../dataset/datasets/car/10shot/train/dodge_caravan_minivan_1997/139.jpg	Residential area with houses and garage.
../dataset/datasets/car/10shot/train/dodge_caravan_minivan_1997/133.jpg	A car parked on street near buildings and trees.
../dataset/datasets/car/10shot/train/dodge_caravan_minivan_1997/135.jpg	A car is parked on a grassy area with a clear sky above.
../dataset/datasets/car/10shot/train/dodge_caravan_minivan_1997/136.jpg	A car is parked on grass with trees and sky in the background.
../dataset/datasets/car/10shot/train/dodge_caravan_minivan_1997/131.jpg	A car is parked near a rocky hillside with grass and flowers.
../dataset/datasets/car/10shot/train/dodge_caravan_minivan_1997/138.jpg	The car is parked in front of a building with a modern facade and trees in the background.
../dataset/datasets/car/10shot/train/dodge_caravan_minivan_1997/137.jpg	A car is parked on asphalt with another vehicle and trees in the background.
../dataset/datasets/car/10shot/train/dodge_ram_pickup_3500_crew_cab_2010/251.jpg	The car is parked on a lot with other vehicles and trees in the background.
../dataset/datasets/car/10shot/train/dodge_ram_pickup_3500_crew_cab_2010/253.jpg	A car is parked in front of a dealership with "Landmark" and "Chrysler Jeep" signage visible.
../dataset/datasets/car/10shot/train/dodge_ram_pickup_3500_crew_cab_2010/258.jpg	Grassy field, trees, clear sky.
../dataset/datasets/car/10shot/train/dodge_ram_pickup_3500_crew_cab_2010/250.jpg	A car is parked on a paved surface with other vehicles and streetlights visible in the background.
../dataset/datasets/car/10shot/train/dodge_ram_pickup_3500_crew_cab_2010/255.jpg	The car is parked on grass with trees and other vehicles in the background.
../dataset/datasets/car/10shot/train/dodge_ram_pickup_3500_crew_cab_2010/256.jpg	Desert landscape with clear sky.
../dataset/datasets/car/10shot/train/dodge_ram_pickup_3500_crew_cab_2010/257.jpg	The background features trees and dry grass.
../dataset/datasets/car/10shot/train/dodge_ram_pickup_3500_crew_cab_2010/259.jpg	A car is parked in front of a building with "VESTAL" sign.
../dataset/datasets/car/10shot/train/dodge_ram_pickup_3500_crew_cab_2010/254.jpg	A car is parked in front of a red barn with green roof.
../dataset/datasets/car/10shot/train/dodge_ram_pickup_3500_crew_cab_2010/252.jpg	Open field, cloudy sky.
../dataset/datasets/car/10shot/train/dodge_ram_pickup_3500_quad_cab_2009/1557.jpg	Desert landscape with mountains.
../dataset/datasets/car/10shot/train/dodge_ram_pickup_3500_quad_cab_2009/1551.jpg	A car is parked in front of Moncton Chrysler Dodge Jeep dealership.
../dataset/datasets/car/10shot/train/dodge_ram_pickup_3500_quad_cab_2009/1553.jpg	The background includes a clear sky, utility poles, and some buildings.
../dataset/datasets/car/10shot/train/dodge_ram_pickup_3500_quad_cab_2009/1552.jpg	The car is set against a plain white background.
../dataset/datasets/car/10shot/train/dodge_ram_pickup_3500_quad_cab_2009/1555.jpg	The background shows an overcast sky and some trees.
../dataset/datasets/car/10shot/train/dodge_ram_pickup_3500_quad_cab_2009/1559.jpg	Trees, parking lot, sky.
../dataset/datasets/car/10shot/train/dodge_ram_pickup_3500_quad_cab_2009/1558.jpg	A car is parked on asphalt with trees and sky in the background.
../dataset/datasets/car/10shot/train/dodge_ram_pickup_3500_quad_cab_2009/1556.jpg	A car is parked in front of a building with a clock and a dirt ground.
../dataset/datasets/car/10shot/train/dodge_ram_pickup_3500_quad_cab_2009/1554.jpg	The car is parked on a paved surface with a building and a blue sign in the background.
../dataset/datasets/car/10shot/train/dodge_ram_pickup_3500_quad_cab_2009/1550.jpg	Residential neighborhood with houses, trees, and clear sky.
../dataset/datasets/car/10shot/train/dodge_sprinter_cargo_van_2009/817.jpg	The car is parked on a street with buildings and trees in the background.
../dataset/datasets/car/10shot/train/dodge_sprinter_cargo_van_2009/815.jpg	The car is parked on a street with buildings and trees in the background.
../dataset/datasets/car/10shot/train/dodge_sprinter_cargo_van_2009/811.jpg	The background shows another vehicle and an overcast sky.
../dataset/datasets/car/10shot/train/dodge_sprinter_cargo_van_2009/810.jpg	A car is parked in front of a house with a palm tree and a driveway.
../dataset/datasets/car/10shot/train/dodge_sprinter_cargo_van_2009/818.jpg	The car is parked on a road with a clear sky and some trees in the distance.
../dataset/datasets/car/10shot/train/dodge_sprinter_cargo_van_2009/816.jpg	The background shows a clear blue sky and some greenery, indicating an outdoor setting.
../dataset/datasets/car/10shot/train/dodge_sprinter_cargo_van_2009/819.jpg	A car is parked in a lot with other vehicles and trees in the background.
../dataset/datasets/car/10shot/train/dodge_sprinter_cargo_van_2009/813.jpg	A car is parked near a building with a garage door and a window.
../dataset/datasets/car/10shot/train/dodge_sprinter_cargo_van_2009/814.jpg	The car is on a plain white background.
../dataset/datasets/car/10shot/train/dodge_sprinter_cargo_van_2009/812.jpg	The car is parked outdoors with trees and sky visible in the background.
../dataset/datasets/car/10shot/train/dodge_journey_suv_2012/61.jpg	A car is parked in front of a dealership sign.
../dataset/datasets/car/10shot/train/dodge_journey_suv_2012/66.jpg	A car is parked in a lot with other vehicles and trees in the background.
../dataset/datasets/car/10shot/train/dodge_journey_suv_2012/69.jpg	A car is parked in front of "City Motors Preowned" dealership with other vehicles and trees in the background.
../dataset/datasets/car/10shot/train/dodge_journey_suv_2012/68.jpg	Industrial setting with buildings and fencing.
../dataset/datasets/car/10shot/train/dodge_journey_suv_2012/60.jpg	A car parked in front of a "Peace River" dealership with "No Parking" signs.
../dataset/datasets/car/10shot/train/dodge_journey_suv_2012/67.jpg	A car is parked on gravel near a concrete wall and brick wall under an overcast sky.
../dataset/datasets/car/10shot/train/dodge_journey_suv_2012/62.jpg	A car is parked in a lot with other vehicles and grassy area in the background.
../dataset/datasets/car/10shot/train/dodge_journey_suv_2012/65.jpg	A car is parked indoors with a plain white wall and floor.
../dataset/datasets/car/10shot/train/dodge_journey_suv_2012/63.jpg	A car is parked in front of a dealership with "Dean Myers Motorsports" signage.
../dataset/datasets/car/10shot/train/dodge_journey_suv_2012/64.jpg	The car is parked on a concrete surface with a dealership sign and other vehicles visible in the background.
../dataset/datasets/car/10shot/train/dodge_dakota_crew_cab_2010/480.jpg	A car is parked in front of a building with a red door and a white wall.
../dataset/datasets/car/10shot/train/dodge_dakota_crew_cab_2010/486.jpg	A car is parked on a paved surface with trees and greenery in the background.
../dataset/datasets/car/10shot/train/dodge_dakota_crew_cab_2010/483.jpg	Open field, cloudy sky.
../dataset/datasets/car/10shot/train/dodge_dakota_crew_cab_2010/488.jpg	A red pickup truck is parked in front of a dealership with a banner advertising tires and lifetime guarantees.
../dataset/datasets/car/10shot/train/dodge_dakota_crew_cab_2010/481.jpg	A car is parked on a street with buildings and trees in the background.
../dataset/datasets/car/10shot/train/dodge_dakota_crew_cab_2010/489.jpg	Residential street with houses and trees.
../dataset/datasets/car/10shot/train/dodge_dakota_crew_cab_2010/487.jpg	A car is parked in front of a dealership with a sign that reads "WILSON".
../dataset/datasets/car/10shot/train/dodge_dakota_crew_cab_2010/482.jpg	The car is set against a backdrop of green grass and trees.
../dataset/datasets/car/10shot/train/dodge_dakota_crew_cab_2010/484.jpg	The car is set against a plain, dark gray background.
../dataset/datasets/car/10shot/train/dodge_dakota_crew_cab_2010/485.jpg	The car is red and parked on a concrete surface with other vehicles and a dealership sign in the background.
../dataset/datasets/car/10shot/train/dodge_dakota_club_cab_2007/26.jpg	A car is parked in a lot with other vehicles and trees in the background.
../dataset/datasets/car/10shot/train/dodge_dakota_club_cab_2007/22.jpg	A car is parked in front of a white building with a clear blue sky above.
../dataset/datasets/car/10shot/train/dodge_dakota_club_cab_2007/27.jpg	A car is parked outside a building with a door and windows visible.
../dataset/datasets/car/10shot/train/dodge_dakota_club_cab_2007/29.jpg	A car is parked in a lot with other vehicles and buildings in the background.
../dataset/datasets/car/10shot/train/dodge_dakota_club_cab_2007/28.jpg	The background shows a parking lot with other vehicles and buildings.
../dataset/datasets/car/10shot/train/dodge_dakota_club_cab_2007/25.jpg	Gravel, trees, overcast sky.
../dataset/datasets/car/10shot/train/dodge_dakota_club_cab_2007/24.jpg	The car is parked on a paved surface with trees and grass in the background.
../dataset/datasets/car/10shot/train/dodge_dakota_club_cab_2007/21.jpg	The car is parked in a lot with other vehicles and trees in the background.
../dataset/datasets/car/10shot/train/dodge_dakota_club_cab_2007/23.jpg	The car is parked on a paved surface with greenery and trees in the background.
../dataset/datasets/car/10shot/train/dodge_dakota_club_cab_2007/20.jpg	A car is parked in a wet parking lot with other vehicles and buildings in the background.
../dataset/datasets/car/10shot/train/dodge_magnum_wagon_2008/1802.jpg	A car is parked in a lot with other cars and buildings in the background.
../dataset/datasets/car/10shot/train/dodge_magnum_wagon_2008/1808.jpg	A car is parked in front of a building with "BUY SELL LEASE FINANCE" signage and a Husky gas station sign visible.
../dataset/datasets/car/10shot/train/dodge_magnum_wagon_2008/1800.jpg	A car is parked near a building with plants and a fence, with other cars visible in the distance.
../dataset/datasets/car/10shot/train/dodge_magnum_wagon_2008/1807.jpg	A car is parked on a driveway with a fence and trees in the background.
../dataset/datasets/car/10shot/train/dodge_magnum_wagon_2008/1801.jpg	The car is set against a plain, neutral background.
../dataset/datasets/car/10shot/train/dodge_magnum_wagon_2008/1803.jpg	The car is parked on a paved surface with a building and trees in the background.
../dataset/datasets/car/10shot/train/dodge_magnum_wagon_2008/1805.jpg	A car is displayed indoors with a "Reduced!" sign above it.
../dataset/datasets/car/10shot/train/dodge_magnum_wagon_2008/1804.jpg	The car is parked on a paved surface with trees and buildings in the background.
../dataset/datasets/car/10shot/train/dodge_magnum_wagon_2008/1809.jpg	A car is parked in front of a dealership with a clear sky and sunlight.
../dataset/datasets/car/10shot/train/dodge_magnum_wagon_2008/1806.jpg	A car is parked near water, with trees and sky in the background.
../dataset/datasets/car/10shot/train/dodge_challenger_srt8_2011/1173.jpg	A car is parked in front of a house with a garage.
../dataset/datasets/car/10shot/train/dodge_challenger_srt8_2011/1175.jpg	A car is displayed at an auto show with other vehicles and people in the background.
../dataset/datasets/car/10shot/train/dodge_challenger_srt8_2011/1179.jpg	A car is parked on rocky terrain with a mountainous backdrop.
../dataset/datasets/car/10shot/train/dodge_challenger_srt8_2011/1174.jpg	A car is parked on a paved area with greenery and flowers in the background.
../dataset/datasets/car/10shot/train/dodge_challenger_srt8_2011/1177.jpg	Dark, stormy sky.
../dataset/datasets/car/10shot/train/dodge_challenger_srt8_2011/1171.jpg	The car is on a paved surface with tire marks.
../dataset/datasets/car/10shot/train/dodge_challenger_srt8_2011/1178.jpg	A car is displayed against a backdrop featuring a police car and a person standing nearby.
../dataset/datasets/car/10shot/train/dodge_challenger_srt8_2011/1176.jpg	Indoor showroom with people and displays.
../dataset/datasets/car/10shot/train/dodge_challenger_srt8_2011/1170.jpg	A car is parked in an open lot with trucks and buildings in the background.
../dataset/datasets/car/10shot/train/dodge_challenger_srt8_2011/1172.jpg	A car is parked in front of a building with "Imports (USA) Ltd" signage.
../dataset/datasets/car/10shot/train/dodge_durango_suv_2012/610.jpg	The car is set against a plain white background.
../dataset/datasets/car/10shot/train/dodge_durango_suv_2012/613.jpg	A car is parked in front of a building with large windows and doors.
../dataset/datasets/car/10shot/train/dodge_durango_suv_2012/614.jpg	A car is parked in a lot with other vehicles and trees in the background.
../dataset/datasets/car/10shot/train/dodge_durango_suv_2012/616.jpg	A car is parked in a lot with other vehicles and trees in the background.
../dataset/datasets/car/10shot/train/dodge_durango_suv_2012/619.jpg	Car in showroom with red carpet and windows.
../dataset/datasets/car/10shot/train/dodge_durango_suv_2012/612.jpg	The car is parked on a paved surface with trees and other vehicles in the background.
../dataset/datasets/car/10shot/train/dodge_durango_suv_2012/611.jpg	A car parked near garage, with another car and house visible.
../dataset/datasets/car/10shot/train/dodge_durango_suv_2012/618.jpg	Parking lot, trees, blue building.
../dataset/datasets/car/10shot/train/dodge_durango_suv_2012/617.jpg	A car is parked inside a garage with a white wall and metal doors.
../dataset/datasets/car/10shot/train/dodge_durango_suv_2012/615.jpg	A car is parked against a backdrop of snow-capped mountains and evergreen trees under a partly cloudy sky.
../dataset/datasets/car/10shot/train/dodge_durango_suv_2007/1939.jpg	A car is parked against a stone wall.
../dataset/datasets/car/10shot/train/dodge_durango_suv_2007/1932.jpg	A car parked in front of a house with palm trees and a driveway.
../dataset/datasets/car/10shot/train/dodge_durango_suv_2007/1936.jpg	The car is parked on a paved surface with a sign that reads "AUTO-ZIMMERLI.CH" and a phone number below it.
../dataset/datasets/car/10shot/train/dodge_durango_suv_2007/1930.jpg	A car is parked in front of a dealership with a sign that says "Grand."
../dataset/datasets/car/10shot/train/dodge_durango_suv_2007/1933.jpg	A car parked near a garage door with a tree visible in the background.
../dataset/datasets/car/10shot/train/dodge_durango_suv_2007/1937.jpg	A car is parked in a lot with other vehicles and buildings visible.
../dataset/datasets/car/10shot/train/dodge_durango_suv_2007/1935.jpg	A car is parked near a white wall with a gray asphalt surface and some trees in the distance.
../dataset/datasets/car/10shot/train/dodge_durango_suv_2007/1931.jpg	The car is parked on grass with trees and a white chair in the background.
../dataset/datasets/car/10shot/train/dodge_durango_suv_2007/1938.jpg	The car is parked in front of a building with a sign that reads "MB Automotive."
../dataset/datasets/car/10shot/train/dodge_durango_suv_2007/1934.jpg	Clear blue sky, open space.
../dataset/datasets/car/10shot/train/dodge_charger_sedan_2012/70.jpg	A car is parked on a paved surface with bare trees and grass in the background.
../dataset/datasets/car/10shot/train/dodge_charger_sedan_2012/78.jpg	Car in showroom with other vehicles and signs.
../dataset/datasets/car/10shot/train/dodge_charger_sedan_2012/72.jpg	A car is parked in front of a dealership with a checkered floor and a building in the background.
../dataset/datasets/car/10shot/train/dodge_charger_sedan_2012/71.jpg	Desert landscape with mountains.
../dataset/datasets/car/10shot/train/dodge_charger_sedan_2012/77.jpg	A car on snowy road with trees and overcast sky.
../dataset/datasets/car/10shot/train/dodge_charger_sedan_2012/76.jpg	The car is set against a plain white background.
../dataset/datasets/car/10shot/train/dodge_charger_sedan_2012/75.jpg	A car is parked on cracked desert ground with mountains and clear sky in the background.
../dataset/datasets/car/10shot/train/dodge_charger_sedan_2012/73.jpg	A car on a road with blurred trees and fence.
../dataset/datasets/car/10shot/train/dodge_charger_sedan_2012/74.jpg	A car is parked against a backdrop of snow-capped mountains and a cloudy sky.
../dataset/datasets/car/10shot/train/dodge_charger_sedan_2012/79.jpg	A car is parked inside a showroom with a banner for Cherry Creek Dodge visible in the background.
../dataset/datasets/car/10shot/train/dodge_charger_srt-8_2009/331.jpg	A car parked on brick driveway near house with hedge and garage.
../dataset/datasets/car/10shot/train/dodge_charger_srt-8_2009/335.jpg	A car parked on paved surface near building and vegetation.
../dataset/datasets/car/10shot/train/dodge_charger_srt-8_2009/330.jpg	The car is orange with a black hood scoop and silver rims, parked against a white background.
../dataset/datasets/car/10shot/train/dodge_charger_srt-8_2009/336.jpg	A car on a plain gray background.
../dataset/datasets/car/10shot/train/dodge_charger_srt-8_2009/338.jpg	A car is displayed in a showroom with other vehicles and blue balloons.
../dataset/datasets/car/10shot/train/dodge_charger_srt-8_2009/339.jpg	A car is parked on a paved area with grass and trees in the background.
../dataset/datasets/car/10shot/train/dodge_charger_srt-8_2009/333.jpg	A car is parked in a lot with other vehicles and buildings in the background.
../dataset/datasets/car/10shot/train/dodge_charger_srt-8_2009/337.jpg	A silver car is parked in a parking lot with other cars and trees in the background.
../dataset/datasets/car/10shot/train/dodge_charger_srt-8_2009/332.jpg	A car is parked in a lot with trees and a clear sky in the background.
../dataset/datasets/car/10shot/train/dodge_charger_srt-8_2009/334.jpg	Residential area with houses and construction.
../dataset/datasets/car/10shot/train/eagle_talon_hatchback_1998/1850.jpg	Grass, sky, fence, trees.
../dataset/datasets/car/10shot/train/eagle_talon_hatchback_1998/1852.jpg	A car is parked in front of Sikorsky Aircraft Corporation.
../dataset/datasets/car/10shot/train/eagle_talon_hatchback_1998/1853.jpg	A car on snowy ground near containers and fence.
../dataset/datasets/car/10shot/train/eagle_talon_hatchback_1998/1858.jpg	A car is parked outdoors with another vehicle partially visible behind it.
../dataset/datasets/car/10shot/train/eagle_talon_hatchback_1998/1856.jpg	A car parked in a lot with construction equipment and trees in the background.
../dataset/datasets/car/10shot/train/eagle_talon_hatchback_1998/1857.jpg	A car is parked in a parking lot with trees and shrubs in the background.
../dataset/datasets/car/10shot/train/eagle_talon_hatchback_1998/1855.jpg	A car parked on street near greenery and flowers.
../dataset/datasets/car/10shot/train/eagle_talon_hatchback_1998/1859.jpg	A car parked on driveway near house.
../dataset/datasets/car/10shot/train/eagle_talon_hatchback_1998/1851.jpg	A car on a road with trees and a green box in the background.
../dataset/datasets/car/10shot/train/eagle_talon_hatchback_1998/1854.jpg	Grassy field, trees, sky.
../dataset/datasets/car/10shot/train/fiat_500_abarth_2012/1359.jpg	A car is parked in a lot with other cars and buildings in the background.
../dataset/datasets/car/10shot/train/fiat_500_abarth_2012/1352.jpg	A car is displayed at an auto show with a Fiat logo and other cars in the background.
../dataset/datasets/car/10shot/train/fiat_500_abarth_2012/1357.jpg	Concrete structure, mountainous backdrop.
../dataset/datasets/car/10shot/train/fiat_500_abarth_2012/1356.jpg	A car is displayed on a showroom floor with another car partially visible behind it.
../dataset/datasets/car/10shot/train/fiat_500_abarth_2012/1353.jpg	A car on a road with hills and vegetation.
../dataset/datasets/car/10shot/train/fiat_500_abarth_2012/1358.jpg	A car is displayed indoors with a clean, white wall and a yellow barrier in the background.
../dataset/datasets/car/10shot/train/fiat_500_abarth_2012/1351.jpg	The car is parked on a driveway with greenery and trees in the background.
../dataset/datasets/car/10shot/train/fiat_500_abarth_2012/1355.jpg	A car is displayed indoors, likely at an auto show.
../dataset/datasets/car/10shot/train/fiat_500_abarth_2012/1350.jpg	A car is displayed at an auto show with a Fiat logo and a person walking by.
../dataset/datasets/car/10shot/train/fiat_500_abarth_2012/1354.jpg	The car is on a blurred road with a cloudy sky.
../dataset/datasets/car/10shot/train/fiat_500_convertible_2012/1515.jpg	Brick driveway, garage door, greenery.
../dataset/datasets/car/10shot/train/fiat_500_convertible_2012/1518.jpg	The background is plain white.
../dataset/datasets/car/10shot/train/fiat_500_convertible_2012/1516.jpg	The car is on a road with blurred greenery and sky in the background.
../dataset/datasets/car/10shot/train/fiat_500_convertible_2012/1514.jpg	A car with a white body and red roof is shown against a plain gray background.
../dataset/datasets/car/10shot/train/fiat_500_convertible_2012/1513.jpg	The car is on a road with a clear sky and some greenery visible.
../dataset/datasets/car/10shot/train/fiat_500_convertible_2012/1510.jpg	A car drives on a bridge with water and trees in the background.
../dataset/datasets/car/10shot/train/fiat_500_convertible_2012/1517.jpg	The car is on a road with greenery and a wall in the background.
../dataset/datasets/car/10shot/train/fiat_500_convertible_2012/1511.jpg	The car is parked on grass with trees and a fence in the background.
../dataset/datasets/car/10shot/train/fiat_500_convertible_2012/1519.jpg	Car parked on grass near trees and parking lot.
../dataset/datasets/car/10shot/train/fiat_500_convertible_2012/1512.jpg	The car is parked on gravel with greenery in the background.
../dataset/datasets/car/10shot/train/ferrari_ff_coupe_2012/523.jpg	Snowy mountains.
../dataset/datasets/car/10shot/train/ferrari_ff_coupe_2012/521.jpg	The car is set against a plain, dark background.
../dataset/datasets/car/10shot/train/ferrari_ff_coupe_2012/526.jpg	A car on a winding road with greenery and hills in the background.
../dataset/datasets/car/10shot/train/ferrari_ff_coupe_2012/525.jpg	A car is parked in front of a building with balconies and trees.
../dataset/datasets/car/10shot/train/ferrari_ff_coupe_2012/528.jpg	A car is parked indoors with other vehicles visible.
../dataset/datasets/car/10shot/train/ferrari_ff_coupe_2012/524.jpg	Snowy mountains, helicopter.
../dataset/datasets/car/10shot/train/ferrari_ff_coupe_2012/522.jpg	A car on a snowy road with mountains in the background.
../dataset/datasets/car/10shot/train/ferrari_ff_coupe_2012/529.jpg	Snowy mountains.
../dataset/datasets/car/10shot/train/ferrari_ff_coupe_2012/520.jpg	A car on a road near stone wall and buildings.
../dataset/datasets/car/10shot/train/ferrari_ff_coupe_2012/527.jpg	The background shows a snowy landscape with a road and some structures.
../dataset/datasets/car/10shot/train/ferrari_california_convertible_2012/1413.jpg	A car is parked on a road with a scenic view of greenery and ocean in the background.
../dataset/datasets/car/10shot/train/ferrari_california_convertible_2012/1414.jpg	A car is displayed at a Ferrari showroom with a red and white backdrop, featuring the Ferrari logo and website address.
../dataset/datasets/car/10shot/train/ferrari_california_convertible_2012/1412.jpg	A car drives on a bridge with a city skyline in the background.
../dataset/datasets/car/10shot/train/ferrari_california_convertible_2012/1411.jpg	A car is parked indoors, with another car and a wall featuring historical photographs in the background.
../dataset/datasets/car/10shot/train/ferrari_california_convertible_2012/1417.jpg	A car is parked near a Ferrari dealership sign with palm trees and a clear sky in the background.
../dataset/datasets/car/10shot/train/ferrari_california_convertible_2012/1416.jpg	A car is parked in front of a brick building with arched windows and doors, surrounded by potted plants.
../dataset/datasets/car/10shot/train/ferrari_california_convertible_2012/1418.jpg	A car is driving on a road with a guardrail and greenery in the background.
../dataset/datasets/car/10shot/train/ferrari_california_convertible_2012/1415.jpg	A car is parked on a paved area with palm trees and buildings in the background.
../dataset/datasets/car/10shot/train/ferrari_california_convertible_2012/1410.jpg	A car is parked on a brick driveway with a building and other cars in the background.
../dataset/datasets/car/10shot/train/ferrari_california_convertible_2012/1419.jpg	A car is parked near a bridge over water with hills in the background.
../dataset/datasets/car/10shot/train/ferrari_458_italia_convertible_2012/1468.jpg	A car is driving on a road with blurred buildings and trees in the background.
../dataset/datasets/car/10shot/train/ferrari_458_italia_convertible_2012/1467.jpg	A car is displayed at an auto show with a crowd and other vehicles in the background.
../dataset/datasets/car/10shot/train/ferrari_458_italia_convertible_2012/1462.jpg	A car is displayed on a white platform with a checkered flag and people in the background.
../dataset/datasets/car/10shot/train/ferrari_458_italia_convertible_2012/1461.jpg	Stacked tires.
../dataset/datasets/car/10shot/train/ferrari_458_italia_convertible_2012/1466.jpg	A car on a winding coastal road with mountains and sea in the background.
../dataset/datasets/car/10shot/train/ferrari_458_italia_convertible_2012/1465.jpg	A car on a road with blurred greenery and railing.
../dataset/datasets/car/10shot/train/ferrari_458_italia_convertible_2012/1469.jpg	The car is on a road with blurred surroundings, suggesting motion.
../dataset/datasets/car/10shot/train/ferrari_458_italia_convertible_2012/1463.jpg	A car is displayed at an event with people and lights in the background.
../dataset/datasets/car/10shot/train/ferrari_458_italia_convertible_2012/1464.jpg	A car on a scenic road with mountains and greenery.
../dataset/datasets/car/10shot/train/ferrari_458_italia_convertible_2012/1460.jpg	A car is displayed at an auto show with people and another car in the background.
../dataset/datasets/car/10shot/train/ferrari_458_italia_coupe_2012/319.jpg	A car on a curvy road with greenery and hills in the background.
../dataset/datasets/car/10shot/train/ferrari_458_italia_coupe_2012/313.jpg	A car is parked near wooden pallets and a wall.
../dataset/datasets/car/10shot/train/ferrari_458_italia_coupe_2012/310.jpg	The car is parked on a paved road with greenery and trees in the background.
../dataset/datasets/car/10shot/train/ferrari_458_italia_coupe_2012/311.jpg	The car is parked in a warehouse with stacked pallets and a concrete floor.
../dataset/datasets/car/10shot/train/ferrari_458_italia_coupe_2012/315.jpg	A car on a racetrack.
../dataset/datasets/car/10shot/train/ferrari_458_italia_coupe_2012/314.jpg	A car on a curvy road with greenery and hills in the background.
../dataset/datasets/car/10shot/train/ferrari_458_italia_coupe_2012/318.jpg	A car is parked in a garage with other cars.
../dataset/datasets/car/10shot/train/ferrari_458_italia_coupe_2012/316.jpg	A car on a winding road with mountains and green hills in the background.
../dataset/datasets/car/10shot/train/ferrari_458_italia_coupe_2012/317.jpg	A car is parked near water with cliffs in the background.
../dataset/datasets/car/10shot/train/ferrari_458_italia_coupe_2012/312.jpg	A car is parked on gravel with trees and a house in the background.
../dataset/datasets/car/10shot/train/fisker_karma_sedan_2012/346.jpg	A car on a road with trees and grass in the background.
../dataset/datasets/car/10shot/train/fisker_karma_sedan_2012/349.jpg	Dark, cloudy sky, rocky terrain.
../dataset/datasets/car/10shot/train/fisker_karma_sedan_2012/347.jpg	A car parked in front of a Volvo dealership.
../dataset/datasets/car/10shot/train/fisker_karma_sedan_2012/345.jpg	Palm trees, storefronts, clear sky.
../dataset/datasets/car/10shot/train/fisker_karma_sedan_2012/343.jpg	A car is parked in front of a building with other cars visible behind it.
../dataset/datasets/car/10shot/train/fisker_karma_sedan_2012/348.jpg	The car is set against a clear sky and flat terrain.
../dataset/datasets/car/10shot/train/fisker_karma_sedan_2012/342.jpg	A car on desert road, cloudy sky.
../dataset/datasets/car/10shot/train/fisker_karma_sedan_2012/340.jpg	A car is parked on asphalt near a building with glass windows and doors.
../dataset/datasets/car/10shot/train/fisker_karma_sedan_2012/344.jpg	A car is parked on grass with trees and greenery in the background.
../dataset/datasets/car/10shot/train/fisker_karma_sedan_2012/341.jpg	The car is on a paved road with a blurred background suggesting motion.
../dataset/datasets/car/10shot/train/ford_f-450_super_duty_crew_cab_2012/40.jpg	The car is set against a blurred background, possibly a parking lot or industrial area.
../dataset/datasets/car/10shot/train/ford_f-450_super_duty_crew_cab_2012/41.jpg	The car is parked in a lot with trees and other vehicles visible in the background.
../dataset/datasets/car/10shot/train/ford_f-450_super_duty_crew_cab_2012/48.jpg	A car is parked in front of a building with a stone facade and a curved roof.
../dataset/datasets/car/10shot/train/ford_f-450_super_duty_crew_cab_2012/49.jpg	Palm trees, mountains, parking lot.
../dataset/datasets/car/10shot/train/ford_f-450_super_duty_crew_cab_2012/42.jpg	The background features trees and a clear sky.
../dataset/datasets/car/10shot/train/ford_f-450_super_duty_crew_cab_2012/47.jpg	The background shows a parking lot with other vehicles and trees.
../dataset/datasets/car/10shot/train/ford_f-450_super_duty_crew_cab_2012/46.jpg	The car is parked in a lot with other vehicles and buildings in the background.
../dataset/datasets/car/10shot/train/ford_f-450_super_duty_crew_cab_2012/45.jpg	A car is parked on a paved surface with a building and clear sky in the background.
../dataset/datasets/car/10shot/train/ford_f-450_super_duty_crew_cab_2012/43.jpg	The car is driving through shallow water with trees and vegetation in the background.
../dataset/datasets/car/10shot/train/ford_f-450_super_duty_crew_cab_2012/44.jpg	Open field, trees, blue sky.
../dataset/datasets/car/10shot/train/ford_mustang_convertible_2007/1323.jpg	A car is parked on grass with trees and sky in the background.
../dataset/datasets/car/10shot/train/ford_mustang_convertible_2007/1322.jpg	Trees, parking lot.
../dataset/datasets/car/10shot/train/ford_mustang_convertible_2007/1320.jpg	A car is displayed at an auto show with people around it.
../dataset/datasets/car/10shot/train/ford_mustang_convertible_2007/1324.jpg	A car is parked in front of a dealership with an awning and a phone number displayed.
../dataset/datasets/car/10shot/train/ford_mustang_convertible_2007/1327.jpg	The car is on a dirt surface with a fence and grass in the background.
../dataset/datasets/car/10shot/train/ford_mustang_convertible_2007/1329.jpg	A car is parked indoors with a yellow arrow on the floor.
../dataset/datasets/car/10shot/train/ford_mustang_convertible_2007/1325.jpg	A car is parked indoors, likely in a showroom or garage.
../dataset/datasets/car/10shot/train/ford_mustang_convertible_2007/1326.jpg	A car is parked in a lot with other cars and a building in the background.
../dataset/datasets/car/10shot/train/ford_mustang_convertible_2007/1328.jpg	Desert landscape with clear blue sky.
../dataset/datasets/car/10shot/train/ford_mustang_convertible_2007/1321.jpg	The car is set against a plain, light-colored background.
../dataset/datasets/car/10shot/train/ford_freestar_minivan_2007/1083.jpg	The car is parked against a blue sky and water backdrop.
../dataset/datasets/car/10shot/train/ford_freestar_minivan_2007/1084.jpg	A white van parked near a building with garage doors.
../dataset/datasets/car/10shot/train/ford_freestar_minivan_2007/1082.jpg	The car is set against a plain white background.
../dataset/datasets/car/10shot/train/ford_freestar_minivan_2007/1088.jpg	The car is parked on a gravel driveway with trees and a clear sky in the background.
../dataset/datasets/car/10shot/train/ford_freestar_minivan_2007/1080.jpg	A car is parked in a lot with trees and other vehicles visible.
../dataset/datasets/car/10shot/train/ford_freestar_minivan_2007/1085.jpg	The car is parked in an outdoor lot with trees and buildings visible in the background.
../dataset/datasets/car/10shot/train/ford_freestar_minivan_2007/1087.jpg	A car is parked on a paved surface with trees and greenery in the background.
../dataset/datasets/car/10shot/train/ford_freestar_minivan_2007/1086.jpg	A car is parked on a paved surface with grass and trees in the background.
../dataset/datasets/car/10shot/train/ford_freestar_minivan_2007/1081.jpg	A car is parked in front of a used car center sign with trees and other vehicles in the background.
../dataset/datasets/car/10shot/train/ford_freestar_minivan_2007/1089.jpg	A car is parked on a street with buildings and trees in the background.
../dataset/datasets/car/10shot/train/ford_expedition_el_suv_2009/870.jpg	A car is parked in front of a "Used Cars" sign at Bob Howard Buick GMC dealership.
../dataset/datasets/car/10shot/train/ford_expedition_el_suv_2009/871.jpg	The car is parked in a lot with other vehicles and buildings visible in the background.
../dataset/datasets/car/10shot/train/ford_expedition_el_suv_2009/878.jpg	The car is parked indoors, likely in a showroom or garage.
../dataset/datasets/car/10shot/train/ford_expedition_el_suv_2009/872.jpg	A car is parked against a clear sky backdrop.
../dataset/datasets/car/10shot/train/ford_expedition_el_suv_2009/879.jpg	The car is on a plain, dark surface with a white wall in the background.
../dataset/datasets/car/10shot/train/ford_expedition_el_suv_2009/876.jpg	The car is parked indoors, likely in a showroom or garage.
../dataset/datasets/car/10shot/train/ford_expedition_el_suv_2009/875.jpg	A car is parked on asphalt with trees and a building in the background.
../dataset/datasets/car/10shot/train/ford_expedition_el_suv_2009/873.jpg	The car is parked against a white wall with logos and text.
../dataset/datasets/car/10shot/train/ford_expedition_el_suv_2009/874.jpg	A car is parked in a lot with other vehicles and grassy area in the background.
../dataset/datasets/car/10shot/train/ford_expedition_el_suv_2009/877.jpg	The car is parked near a dock with boats visible in the background.
../dataset/datasets/car/10shot/train/ford_edge_suv_2012/645.jpg	A car is parked indoors, likely in a showroom or garage, with a checkered floor and a visible Mercedes-Benz logo on the wall.
../dataset/datasets/car/10shot/train/ford_edge_suv_2012/648.jpg	A car is parked on a flat surface with a blurred industrial backdrop.
../dataset/datasets/car/10shot/train/ford_edge_suv_2012/647.jpg	The car is parked on a rocky terrain with a hillside and vegetation in the background.
../dataset/datasets/car/10shot/train/ford_edge_suv_2012/649.jpg	A car is parked on a paved area with green grass and trees in the background.
../dataset/datasets/car/10shot/train/ford_edge_suv_2012/641.jpg	The car is on a road with a concrete wall and trees in the background.
../dataset/datasets/car/10shot/train/ford_edge_suv_2012/642.jpg	A car on a road with greenery and sky in the background.
../dataset/datasets/car/10shot/train/ford_edge_suv_2012/646.jpg	A car is parked inside a Ford dealership showroom with a white wall and a Ford logo visible in the background.
../dataset/datasets/car/10shot/train/ford_edge_suv_2012/644.jpg	A car on reflective surface, neutral background.
../dataset/datasets/car/10shot/train/ford_edge_suv_2012/643.jpg	The car is on a wet surface with a plain white background.
../dataset/datasets/car/10shot/train/ford_edge_suv_2012/640.jpg	A car is displayed indoors, likely in a showroom.
../dataset/datasets/car/10shot/train/ford_ranger_supercab_2011/563.jpg	The car is parked on a grassy area with buildings and trees in the background.
../dataset/datasets/car/10shot/train/ford_ranger_supercab_2011/567.jpg	The car is set against a plain white background.
../dataset/datasets/car/10shot/train/ford_ranger_supercab_2011/562.jpg	The background shows a parking lot with buildings and parked cars.
../dataset/datasets/car/10shot/train/ford_ranger_supercab_2011/569.jpg	A car is parked on asphalt with a beige wall behind it.
../dataset/datasets/car/10shot/train/ford_ranger_supercab_2011/564.jpg	The background is a parking lot with "RESERVED PARKING" signs.
../dataset/datasets/car/10shot/train/ford_ranger_supercab_2011/561.jpg	A car is parked in a lot with other vehicles and trees in the background.
../dataset/datasets/car/10shot/train/ford_ranger_supercab_2011/565.jpg	The car is parked in an outdoor lot with trees and other vehicles visible in the background.
../dataset/datasets/car/10shot/train/ford_ranger_supercab_2011/566.jpg	A car is parked on a concrete surface with a tiled wall and other vehicles in the background.
../dataset/datasets/car/10shot/train/ford_ranger_supercab_2011/568.jpg	A car is parked on a paved surface with trees and buildings in the background.
../dataset/datasets/car/10shot/train/ford_ranger_supercab_2011/560.jpg	The car is parked against a white wall with greenery visible on the left side.
../dataset/datasets/car/10shot/train/ford_gt_coupe_2006/731.jpg	A car is parked near water with cranes and shipping containers in the background.
../dataset/datasets/car/10shot/train/ford_gt_coupe_2006/732.jpg	A car is parked in front of a modern glass building with a sign indicating an entrance.
../dataset/datasets/car/10shot/train/ford_gt_coupe_2006/734.jpg	Lush greenery, palm trees, sunny day.
../dataset/datasets/car/10shot/train/ford_gt_coupe_2006/739.jpg	A car is parked in front of a building with garage doors.
../dataset/datasets/car/10shot/train/ford_gt_coupe_2006/736.jpg	Dark, reflective surface with smoke.
../dataset/datasets/car/10shot/train/ford_gt_coupe_2006/737.jpg	A car is parked in front of a brick building with industrial pipes and windows.
../dataset/datasets/car/10shot/train/ford_gt_coupe_2006/733.jpg	A car parked near a lake with trees and houses in the background.
../dataset/datasets/car/10shot/train/ford_gt_coupe_2006/735.jpg	A car on a road with trees and grass in the background.
../dataset/datasets/car/10shot/train/ford_gt_coupe_2006/730.jpg	Grassy field, road, city skyline.
../dataset/datasets/car/10shot/train/ford_gt_coupe_2006/738.jpg	A car against a dramatic sky with clouds.
../dataset/datasets/car/10shot/train/ford_f-150_regular_cab_2012/1677.jpg	The car is parked on a paved surface with a cloudy sky and some trees and buildings in the background.
../dataset/datasets/car/10shot/train/ford_f-150_regular_cab_2012/1673.jpg	The background is plain white.
../dataset/datasets/car/10shot/train/ford_f-150_regular_cab_2012/1676.jpg	A car is parked in front of a Ford dealership named Hanna.
../dataset/datasets/car/10shot/train/ford_f-150_regular_cab_2012/1671.jpg	A car is parked on dirt with trees and buildings in the background.
../dataset/datasets/car/10shot/train/ford_f-150_regular_cab_2012/1672.jpg	The background is plain white.
../dataset/datasets/car/10shot/train/ford_f-150_regular_cab_2012/1678.jpg	The car is parked in front of a building with a Ford logo and some greenery visible.
../dataset/datasets/car/10shot/train/ford_f-150_regular_cab_2012/1674.jpg	The car is set against a plain white background.
../dataset/datasets/car/10shot/train/ford_f-150_regular_cab_2012/1675.jpg	A car is parked on a blue surface with trees and a building in the background.
../dataset/datasets/car/10shot/train/ford_f-150_regular_cab_2012/1670.jpg	A car is parked on a street with trees and buildings in the background.
../dataset/datasets/car/10shot/train/ford_f-150_regular_cab_2012/1679.jpg	A car is parked against a blurred industrial backdrop.
../dataset/datasets/car/10shot/train/ford_f-150_regular_cab_2007/508.jpg	A car is parked in a lot with other vehicles and buildings in the background.
../dataset/datasets/car/10shot/train/ford_f-150_regular_cab_2007/500.jpg	Brick building, clear sky.
../dataset/datasets/car/10shot/train/ford_f-150_regular_cab_2007/506.jpg	A car is parked in a lot with trees and buildings in the background.
../dataset/datasets/car/10shot/train/ford_f-150_regular_cab_2007/502.jpg	A car is parked in a lot with balloons and buildings in the background.
../dataset/datasets/car/10shot/train/ford_f-150_regular_cab_2007/504.jpg	A car is parked on a paved surface with a building and trees in the background.
../dataset/datasets/car/10shot/train/ford_f-150_regular_cab_2007/505.jpg	A white pickup truck is parked in front of a building with a red roof and "PRO-AUTO" signage.
../dataset/datasets/car/10shot/train/ford_f-150_regular_cab_2007/501.jpg	The car is parked on a street with greenery and a house in the background.
../dataset/datasets/car/10shot/train/ford_f-150_regular_cab_2007/509.jpg	The car is parked on a paved surface with trees and grass in the background.
../dataset/datasets/car/10shot/train/ford_f-150_regular_cab_2007/507.jpg	A car is parked against a beige wall.
../dataset/datasets/car/10shot/train/ford_f-150_regular_cab_2007/503.jpg	A car is parked in front of a Ford dealership with a blue canopy and signage visible.
../dataset/datasets/car/10shot/train/ford_focus_sedan_2007/1698.jpg	A car is parked in front of "Super Dave's Auto Sales" dealership.
../dataset/datasets/car/10shot/train/ford_focus_sedan_2007/1697.jpg	A car is parked outside an auto sales shop with trees and a clear sky in the background.
../dataset/datasets/car/10shot/train/ford_focus_sedan_2007/1692.jpg	A car is parked in a lot with a building and trees in the background.
../dataset/datasets/car/10shot/train/ford_focus_sedan_2007/1694.jpg	A car is parked on a street with buildings, trees, and other vehicles in the background.
../dataset/datasets/car/10shot/train/ford_focus_sedan_2007/1696.jpg	The car is parked indoors with a "Drive with Pride" sign visible on the wall behind it.
../dataset/datasets/car/10shot/train/ford_focus_sedan_2007/1699.jpg	A car is parked in front of North Hills Auto dealership.
../dataset/datasets/car/10shot/train/ford_focus_sedan_2007/1691.jpg	A car is parked in front of a building labeled "CITTE CENTER INC." with an open sign visible through the window.
../dataset/datasets/car/10shot/train/ford_focus_sedan_2007/1693.jpg	A car is parked in front of a dealership with "Mike Haggerty Buick GMC" signage visible.
../dataset/datasets/car/10shot/train/ford_focus_sedan_2007/1690.jpg	The car is parked on a street with trees and grass in the background.
../dataset/datasets/car/10shot/train/ford_focus_sedan_2007/1695.jpg	A car parked in front of a building with large windows and other vehicles nearby.
../dataset/datasets/car/10shot/train/ford_e-series_wagon_van_2012/673.jpg	A car is parked in front of a house with trees and sky.
../dataset/datasets/car/10shot/train/ford_e-series_wagon_van_2012/677.jpg	A car is parked on grass with trees and sky visible in the background.
../dataset/datasets/car/10shot/train/ford_e-series_wagon_van_2012/674.jpg	A car is parked on a lift at night.
../dataset/datasets/car/10shot/train/ford_e-series_wagon_van_2012/671.jpg	A car is parked under a covered area with other vehicles and buildings visible in the background.
../dataset/datasets/car/10shot/train/ford_e-series_wagon_van_2012/679.jpg	The car is parked at an airport terminal with people and luggage visible.
../dataset/datasets/car/10shot/train/ford_e-series_wagon_van_2012/676.jpg	The car is parked on a paved surface with other vehicles and trees in the background.
../dataset/datasets/car/10shot/train/ford_e-series_wagon_van_2012/672.jpg	The car is on a plain white background.
../dataset/datasets/car/10shot/train/ford_e-series_wagon_van_2012/675.jpg	The car is on a plain white background.
../dataset/datasets/car/10shot/train/ford_e-series_wagon_van_2012/678.jpg	The car is parked in front of a building with a sign that says "FORD COMMERCIAL TRUCK" and "LEARN THE COMFORTS E-SERIES WAGON."
../dataset/datasets/car/10shot/train/ford_e-series_wagon_van_2012/670.jpg	The car is parked on a street with palm trees and buildings in the background.
../dataset/datasets/car/10shot/train/ford_fiesta_sedan_2012/1680.jpg	A car is parked in front of a building with a sign, surrounded by other vehicles and greenery.
../dataset/datasets/car/10shot/train/ford_fiesta_sedan_2012/1685.jpg	The car is set against a plain, dark background.
../dataset/datasets/car/10shot/train/ford_fiesta_sedan_2012/1689.jpg	A car is parked on a paved surface with a grassy field, trees, and a white fence in the background.
../dataset/datasets/car/10shot/train/ford_fiesta_sedan_2012/1684.jpg	A car is parked on a city street with buildings and another car visible in the background.
../dataset/datasets/car/10shot/train/ford_fiesta_sedan_2012/1687.jpg	A car is parked in front of a Ford dealership.
../dataset/datasets/car/10shot/train/ford_fiesta_sedan_2012/1682.jpg	A car is displayed at an auto show with a "CRIATIVIDADE" sign and various other vehicles and people in the background.
../dataset/datasets/car/10shot/train/ford_fiesta_sedan_2012/1688.jpg	A car is parked in front of a Ford dealership with a clear blue sky and power lines in the background.
../dataset/datasets/car/10shot/train/ford_fiesta_sedan_2012/1686.jpg	A car is parked in a lot with other cars and a building labeled "RICHMOND SQUARE 2" in the background.
../dataset/datasets/car/10shot/train/ford_fiesta_sedan_2012/1681.jpg	A car is parked near a building with a fence and some greenery.
../dataset/datasets/car/10shot/train/ford_fiesta_sedan_2012/1683.jpg	A car is parked on a concrete surface with a wooden fence and trees in the background.
../dataset/datasets/car/10shot/train/gmc_terrain_suv_2012/1798.jpg	A car is parked in front of a building with large windows.
../dataset/datasets/car/10shot/train/gmc_terrain_suv_2012/1797.jpg	A car is parked in front of Davis dealership.
../dataset/datasets/car/10shot/train/gmc_terrain_suv_2012/1793.jpg	The car is white and parked at Tustin Buick GMC dealership.
../dataset/datasets/car/10shot/train/gmc_terrain_suv_2012/1792.jpg	A car is parked under a canopy with other vehicles and a dealership sign visible in the background.
../dataset/datasets/car/10shot/train/gmc_terrain_suv_2012/1799.jpg	A car is parked in a lot with other cars and trees in the background.
../dataset/datasets/car/10shot/train/gmc_terrain_suv_2012/1794.jpg	A car is parked in front of a building with "ARBOGAST" signage.
../dataset/datasets/car/10shot/train/gmc_terrain_suv_2012/1795.jpg	A car drives on a curved road with trees and bushes in the background.
../dataset/datasets/car/10shot/train/gmc_terrain_suv_2012/1790.jpg	The car is parked on asphalt with trees and grass in the background.
../dataset/datasets/car/10shot/train/gmc_terrain_suv_2012/1791.jpg	A car is parked in front of a dealership with wet pavement and greenery.
../dataset/datasets/car/10shot/train/gmc_terrain_suv_2012/1796.jpg	Trees and road.
../dataset/datasets/car/10shot/train/gmc_savana_van_2012/389.jpg	The car is set against a plain white background.
../dataset/datasets/car/10shot/train/gmc_savana_van_2012/383.jpg	The background is plain white.
../dataset/datasets/car/10shot/train/gmc_savana_van_2012/385.jpg	The car is on a plain white background.
../dataset/datasets/car/10shot/train/gmc_savana_van_2012/380.jpg	The car is set against a plain white background.
../dataset/datasets/car/10shot/train/gmc_savana_van_2012/382.jpg	Open landscape, clear sky.
../dataset/datasets/car/10shot/train/gmc_savana_van_2012/388.jpg	A car is parked with snow-capped mountains in the background.
../dataset/datasets/car/10shot/train/gmc_savana_van_2012/386.jpg	The car is set against a plain white background.
../dataset/datasets/car/10shot/train/gmc_savana_van_2012/384.jpg	The car is parked on a paved surface with a clear sky and some buildings visible in the distance.
../dataset/datasets/car/10shot/train/gmc_savana_van_2012/381.jpg	A car is parked on a street with trees, buildings, and a crane in the background.
../dataset/datasets/car/10shot/train/gmc_savana_van_2012/387.jpg	A car is parked in a lot with other vehicles and buildings visible in the background.
../dataset/datasets/car/10shot/train/gmc_yukon_hybrid_suv_2012/214.jpg	A car is parked against a beige wall with shadows.
../dataset/datasets/car/10shot/train/gmc_yukon_hybrid_suv_2012/210.jpg	A car is parked in a lot with other vehicles and a building in the background.
../dataset/datasets/car/10shot/train/gmc_yukon_hybrid_suv_2012/213.jpg	A car is parked on asphalt with buildings and a fence in the background.
../dataset/datasets/car/10shot/train/gmc_yukon_hybrid_suv_2012/219.jpg	A car is displayed indoors, likely in a showroom.
../dataset/datasets/car/10shot/train/gmc_yukon_hybrid_suv_2012/212.jpg	A car is parked in a lot with hedges and buildings in the background.
../dataset/datasets/car/10shot/train/gmc_yukon_hybrid_suv_2012/215.jpg	A car is parked in a lot with other vehicles and trees in the background.
../dataset/datasets/car/10shot/train/gmc_yukon_hybrid_suv_2012/211.jpg	A car is parked in a lot with trees and buildings in the background.
../dataset/datasets/car/10shot/train/gmc_yukon_hybrid_suv_2012/217.jpg	A car is parked in a lot with trees and other vehicles in the background.
../dataset/datasets/car/10shot/train/gmc_yukon_hybrid_suv_2012/218.jpg	A car is parked in front of a building with glass windows.
../dataset/datasets/car/10shot/train/gmc_yukon_hybrid_suv_2012/216.jpg	A car is displayed on a polished wooden floor in a showroom with large windows and other vehicles visible in the background.
../dataset/datasets/car/10shot/train/gmc_acadia_suv_2012/827.jpg	The car is parked outdoors with trees and another vehicle visible in the background.
../dataset/datasets/car/10shot/train/gmc_acadia_suv_2012/828.jpg	A car is parked in front of a modern building with large windows and a gray facade.
../dataset/datasets/car/10shot/train/gmc_acadia_suv_2012/825.jpg	The car is set against a plain white background.
../dataset/datasets/car/10shot/train/gmc_acadia_suv_2012/822.jpg	The car is parked in a lot with other vehicles and a dealership sign visible in the background.
../dataset/datasets/car/10shot/train/gmc_acadia_suv_2012/820.jpg	A car is parked in front of a building with glass doors and windows.
../dataset/datasets/car/10shot/train/gmc_acadia_suv_2012/829.jpg	The car is parked in front of a museum.
../dataset/datasets/car/10shot/train/gmc_acadia_suv_2012/821.jpg	A car is parked in front of an antique shop with red awnings and a beige building.
../dataset/datasets/car/10shot/train/gmc_acadia_suv_2012/826.jpg	The background is plain white.
../dataset/datasets/car/10shot/train/gmc_acadia_suv_2012/824.jpg	A car is parked in front of a dealership banner.
../dataset/datasets/car/10shot/train/gmc_acadia_suv_2012/823.jpg	The car is parked in an outdoor lot with trees and other vehicles visible in the background.
../dataset/datasets/car/10shot/train/gmc_canyon_extended_cab_2012/570.jpg	The car is parked on a paved surface with trees and a fence in the background.
../dataset/datasets/car/10shot/train/gmc_canyon_extended_cab_2012/576.jpg	A car is parked in a lot with other vehicles and buildings visible in the background.
../dataset/datasets/car/10shot/train/gmc_canyon_extended_cab_2012/578.jpg	A car is parked in front of a dealership with a sign that reads "HOMETOWNSHIP."
../dataset/datasets/car/10shot/train/gmc_canyon_extended_cab_2012/571.jpg	Forest and hillside.
../dataset/datasets/car/10shot/train/gmc_canyon_extended_cab_2012/575.jpg	White wall, checkered floor.
../dataset/datasets/car/10shot/train/gmc_canyon_extended_cab_2012/574.jpg	The car is set against a backdrop of autumn foliage with trees displaying warm, fall colors.
../dataset/datasets/car/10shot/train/gmc_canyon_extended_cab_2012/572.jpg	The car is parked on asphalt with grass, trees, and buildings in the background.
../dataset/datasets/car/10shot/train/gmc_canyon_extended_cab_2012/573.jpg	A car is parked indoors with beige curtains and white floor.
../dataset/datasets/car/10shot/train/gmc_canyon_extended_cab_2012/577.jpg	The background shows an open sky and part of another vehicle.
../dataset/datasets/car/10shot/train/gmc_canyon_extended_cab_2012/579.jpg	White wall, checkered floor.
../dataset/datasets/car/10shot/train/geo_metro_convertible_1993/51.jpg	A car is parked on a paved surface with trees and greenery in the background.
../dataset/datasets/car/10shot/train/geo_metro_convertible_1993/55.jpg	A car is parked on a wooden deck with trees and sky in the background.
../dataset/datasets/car/10shot/train/geo_metro_convertible_1993/53.jpg	A car is parked on a driveway with houses and trees in the background.
../dataset/datasets/car/10shot/train/geo_metro_convertible_1993/54.jpg	A car is parked on a grassy area with trees and a clear sky in the background.
../dataset/datasets/car/10shot/train/geo_metro_convertible_1993/52.jpg	Residential neighborhood with houses and grass.
../dataset/datasets/car/10shot/train/geo_metro_convertible_1993/59.jpg	Car on display at indoor event with people around.
../dataset/datasets/car/10shot/train/geo_metro_convertible_1993/57.jpg	Gravel, grass, trees.
../dataset/datasets/car/10shot/train/geo_metro_convertible_1993/58.jpg	A car is parked near a wooden shed and trees.
../dataset/datasets/car/10shot/train/geo_metro_convertible_1993/50.jpg	A car parked on street near curb, with tree and grass visible in background.
../dataset/datasets/car/10shot/train/geo_metro_convertible_1993/56.jpg	A car is parked on a street with buildings and trees in the background.
../dataset/datasets/car/10shot/train/hummer_h3t_crew_cab_2010/493.jpg	A car is parked on an open, flat area with mountains and a clear sky in the background.
../dataset/datasets/car/10shot/train/hummer_h3t_crew_cab_2010/490.jpg	Desert sunset.
../dataset/datasets/car/10shot/train/hummer_h3t_crew_cab_2010/492.jpg	A car is parked on a dirt road with a tree and open field in the background.
../dataset/datasets/car/10shot/train/hummer_h3t_crew_cab_2010/494.jpg	Rustic landscape with water and trees.
../dataset/datasets/car/10shot/train/hummer_h3t_crew_cab_2010/499.jpg	Desert landscape with rock formations.
../dataset/datasets/car/10shot/train/hummer_h3t_crew_cab_2010/491.jpg	A car is displayed indoors, likely at an auto show.
../dataset/datasets/car/10shot/train/hummer_h3t_crew_cab_2010/498.jpg	The car is parked on a dirt road surrounded by trees and rocks.
../dataset/datasets/car/10shot/train/hummer_h3t_crew_cab_2010/497.jpg	The car is parked on sandy ground with trees and sky in the background.
../dataset/datasets/car/10shot/train/hummer_h3t_crew_cab_2010/495.jpg	A car is parked outside a Buick GMC dealership.
../dataset/datasets/car/10shot/train/hummer_h3t_crew_cab_2010/496.jpg	Gravel, trees, hills, sky.
../dataset/datasets/car/10shot/train/hummer_h2_sut_crew_cab_2009/1156.jpg	The car is parked on a paved area with buildings and trees in the background.
../dataset/datasets/car/10shot/train/hummer_h2_sut_crew_cab_2009/1154.jpg	The car is set against a plain, light-colored background.
../dataset/datasets/car/10shot/train/hummer_h2_sut_crew_cab_2009/1159.jpg	The car is parked indoors with a Texas flag visible on the wall behind it.
../dataset/datasets/car/10shot/train/hummer_h2_sut_crew_cab_2009/1151.jpg	The car is parked on a street with buildings and trees in the background.
../dataset/datasets/car/10shot/train/hummer_h2_sut_crew_cab_2009/1153.jpg	The car is set against a plain white background.
../dataset/datasets/car/10shot/train/hummer_h2_sut_crew_cab_2009/1150.jpg	A car is parked in front of a building with a sign that reads "Sterling McCall Lexus."
../dataset/datasets/car/10shot/train/hummer_h2_sut_crew_cab_2009/1158.jpg	The background shows a parking lot with other vehicles and trees.
../dataset/datasets/car/10shot/train/hummer_h2_sut_crew_cab_2009/1157.jpg	The background shows a building and trees.
../dataset/datasets/car/10shot/train/hummer_h2_sut_crew_cab_2009/1152.jpg	The car is set against a plain white background.
../dataset/datasets/car/10shot/train/hummer_h2_sut_crew_cab_2009/1155.jpg	A car is parked in an urban setting with tall buildings.
../dataset/datasets/car/10shot/train/honda_odyssey_minivan_2012/604.jpg	A car is parked in front of a white building with green bushes and a clear sky.
../dataset/datasets/car/10shot/train/honda_odyssey_minivan_2012/601.jpg	The car is set against a plain white background.
../dataset/datasets/car/10shot/train/honda_odyssey_minivan_2012/603.jpg	A car is parked on a road with trees and sky in the background.
../dataset/datasets/car/10shot/train/honda_odyssey_minivan_2012/602.jpg	A car is parked in front of a house with a red-tiled roof and cacti in the background.
../dataset/datasets/car/10shot/train/honda_odyssey_minivan_2012/607.jpg	A car is parked in front of a building with a sign that says "TH."
../dataset/datasets/car/10shot/train/honda_odyssey_minivan_2012/609.jpg	A car is parked near a modern building with large windows and wooden accents.
../dataset/datasets/car/10shot/train/honda_odyssey_minivan_2012/608.jpg	The car is set against a plain, light gray background.
../dataset/datasets/car/10shot/train/honda_odyssey_minivan_2012/600.jpg	The car is set against a plain white background.
../dataset/datasets/car/10shot/train/honda_odyssey_minivan_2012/606.jpg	A car is parked on grass with trees in the background.
../dataset/datasets/car/10shot/train/honda_odyssey_minivan_2012/605.jpg	The background shows a blurred urban setting with lights and trees.
../dataset/datasets/car/10shot/train/honda_odyssey_minivan_2007/1578.jpg	A car is parked against a white brick wall with a tree nearby.
../dataset/datasets/car/10shot/train/honda_odyssey_minivan_2007/1570.jpg	The car is parked on a cobblestone street with a sign in the background advertising car purchases.
../dataset/datasets/car/10shot/train/honda_odyssey_minivan_2007/1572.jpg	The car is set against a plain white background.
../dataset/datasets/car/10shot/train/honda_odyssey_minivan_2007/1579.jpg	The car is parked on a street with trees and bushes in the background.
../dataset/datasets/car/10shot/train/honda_odyssey_minivan_2007/1577.jpg	A car is parked in a lot with buildings and trees in the background.
../dataset/datasets/car/10shot/train/honda_odyssey_minivan_2007/1571.jpg	Car parked under covered structure, trees and buildings visible.
../dataset/datasets/car/10shot/train/honda_odyssey_minivan_2007/1573.jpg	A car is parked in front of a Subaru dealership with flags and trees visible.
../dataset/datasets/car/10shot/train/honda_odyssey_minivan_2007/1574.jpg	A car is parked on a street with trees and buildings in the background.
../dataset/datasets/car/10shot/train/honda_odyssey_minivan_2007/1575.jpg	A car is parked in front of "Minivan Source" dealership.
../dataset/datasets/car/10shot/train/honda_odyssey_minivan_2007/1576.jpg	A car is parked near a brick wall and sidewalk.
../dataset/datasets/car/10shot/train/honda_accord_coupe_2012/1263.jpg	The car is set against a dark, gradient background.
../dataset/datasets/car/10shot/train/honda_accord_coupe_2012/1260.jpg	A car on a road with grass and shrubs.
../dataset/datasets/car/10shot/train/honda_accord_coupe_2012/1266.jpg	The car is set against a plain, dark gray background.
../dataset/datasets/car/10shot/train/honda_accord_coupe_2012/1261.jpg	The car is set against a blurred, outdoor backdrop with a gradient sky.
../dataset/datasets/car/10shot/train/honda_accord_coupe_2012/1267.jpg	A car on road with blurred greenery.
../dataset/datasets/car/10shot/train/honda_accord_coupe_2012/1268.jpg	A car is parked on a dirt road with grass and shrubs in the background.
../dataset/datasets/car/10shot/train/honda_accord_coupe_2012/1265.jpg	The car is set against a plain, light gray background.
../dataset/datasets/car/10shot/train/honda_accord_coupe_2012/1264.jpg	A car is parked in a lot with other cars and trees in the background.
../dataset/datasets/car/10shot/train/honda_accord_coupe_2012/1269.jpg	A car on a road with blurred greenery.
../dataset/datasets/car/10shot/train/honda_accord_coupe_2012/1262.jpg	A car is parked in front of a dealership with blue accents and signage.
../dataset/datasets/car/10shot/train/honda_accord_sedan_2012/1813.jpg	A car is parked in a dealership lot with other cars and trees in the background.
../dataset/datasets/car/10shot/train/honda_accord_sedan_2012/1816.jpg	A car is parked on a lot with other vehicles and buildings in the background.
../dataset/datasets/car/10shot/train/honda_accord_sedan_2012/1812.jpg	The car is set against a plain white background.
../dataset/datasets/car/10shot/train/honda_accord_sedan_2012/1814.jpg	A white sedan parked in front of a Honda dealership.
../dataset/datasets/car/10shot/train/honda_accord_sedan_2012/1818.jpg	The car is on a plain white background.
../dataset/datasets/car/10shot/train/honda_accord_sedan_2012/1817.jpg	A car is parked on a street with brick buildings and windows in the background.
../dataset/datasets/car/10shot/train/honda_accord_sedan_2012/1810.jpg	The background shows parked cars, trees, and power lines.
../dataset/datasets/car/10shot/train/honda_accord_sedan_2012/1819.jpg	A car is parked in front of a Dean Honda dealership building with a blue and white facade.
../dataset/datasets/car/10shot/train/honda_accord_sedan_2012/1811.jpg	The background shows parked cars and trees.
../dataset/datasets/car/10shot/train/honda_accord_sedan_2012/1815.jpg	A car is parked in front of a Steve Padgett dealership.
../dataset/datasets/car/10shot/train/hyundai_veloster_hatchback_2012/1520.jpg	A car is driving through a tunnel with blurred walls and ceiling.
../dataset/datasets/car/10shot/train/hyundai_veloster_hatchback_2012/1523.jpg	A car is parked in front of a wall with multiple rows of tires.
../dataset/datasets/car/10shot/train/hyundai_veloster_hatchback_2012/1527.jpg	The car is set against a plain white background.
../dataset/datasets/car/10shot/train/hyundai_veloster_hatchback_2012/1526.jpg	Sunset, desert.
../dataset/datasets/car/10shot/train/hyundai_veloster_hatchback_2012/1525.jpg	A car is displayed against a red LED backdrop.
../dataset/datasets/car/10shot/train/hyundai_veloster_hatchback_2012/1522.jpg	A car is displayed at an auto show with people and other vehicles in the background.
../dataset/datasets/car/10shot/train/hyundai_veloster_hatchback_2012/1524.jpg	A car on desert road, cloudy sky.
../dataset/datasets/car/10shot/train/hyundai_veloster_hatchback_2012/1529.jpg	A car is parked in front of a Hyundai dealership on a rainy day.
../dataset/datasets/car/10shot/train/hyundai_veloster_hatchback_2012/1521.jpg	A car is parked against a blurred, colorful background.
../dataset/datasets/car/10shot/train/hyundai_veloster_hatchback_2012/1528.jpg	A car on a road with desert and mountains in the background.
../dataset/datasets/car/10shot/train/hyundai_santa_fe_suv_2012/805.jpg	A car is parked on a tiled surface with other vehicles and buildings in the background.
../dataset/datasets/car/10shot/train/hyundai_santa_fe_suv_2012/802.jpg	Urban setting with bridge and buildings.
../dataset/datasets/car/10shot/train/hyundai_santa_fe_suv_2012/806.jpg	A car is parked outside a dealership with a glass facade and a clear sky above.
../dataset/datasets/car/10shot/train/hyundai_santa_fe_suv_2012/800.jpg	The car is set against a plain white background.
../dataset/datasets/car/10shot/train/hyundai_santa_fe_suv_2012/804.jpg	The car is parked on a paved surface with buildings and greenery in the background.
../dataset/datasets/car/10shot/train/hyundai_santa_fe_suv_2012/803.jpg	A car is parked on grass with hills and greenery in the background.
../dataset/datasets/car/10shot/train/hyundai_santa_fe_suv_2012/807.jpg	The car is displayed on a showroom floor with a red banner above it.
../dataset/datasets/car/10shot/train/hyundai_santa_fe_suv_2012/801.jpg	A car is parked outside a building with glass windows and doors.
../dataset/datasets/car/10shot/train/hyundai_santa_fe_suv_2012/808.jpg	A car is parked on a gravel road with a scenic landscape featuring hills, greenery, and a cloudy sky in the background.
../dataset/datasets/car/10shot/train/hyundai_santa_fe_suv_2012/809.jpg	A car is displayed on a showroom floor with a blue and white backdrop.
../dataset/datasets/car/10shot/train/hyundai_tucson_suv_2012/1382.jpg	Rocky cliffs, beach.
../dataset/datasets/car/10shot/train/hyundai_tucson_suv_2012/1386.jpg	A car is displayed indoors, likely in a showroom.
../dataset/datasets/car/10shot/train/hyundai_tucson_suv_2012/1381.jpg	A car on rugged terrain with sparse vegetation and rocky hills.
../dataset/datasets/car/10shot/train/hyundai_tucson_suv_2012/1387.jpg	A car is parked in front of a Hyundai dealership with palm trees and a building visible.
../dataset/datasets/car/10shot/train/hyundai_tucson_suv_2012/1388.jpg	The car is set against a plain white background.
../dataset/datasets/car/10shot/train/hyundai_tucson_suv_2012/1380.jpg	A car is parked in a lot with other vehicles and trees in the background.
../dataset/datasets/car/10shot/train/hyundai_tucson_suv_2012/1383.jpg	A car is parked near a fence and a building with tires.
../dataset/datasets/car/10shot/train/hyundai_tucson_suv_2012/1389.jpg	A car is parked in a lot with trees and buildings in the background.
../dataset/datasets/car/10shot/train/hyundai_tucson_suv_2012/1384.jpg	A car is parked on a paved lot with trees and power lines in the background.
../dataset/datasets/car/10shot/train/hyundai_tucson_suv_2012/1385.jpg	Car on display at showroom.
../dataset/datasets/car/10shot/train/hyundai_veracruz_suv_2012/305.jpg	A car parked in front of a dealership building.
../dataset/datasets/car/10shot/train/hyundai_veracruz_suv_2012/308.jpg	The car is parked on a dirt path surrounded by greenery and bushes.
../dataset/datasets/car/10shot/train/hyundai_veracruz_suv_2012/306.jpg	A car is parked on asphalt with other vehicles and buildings in the background under a clear sky.
../dataset/datasets/car/10shot/train/hyundai_veracruz_suv_2012/302.jpg	A car is parked in a lot with other vehicles and buildings visible in the background.
../dataset/datasets/car/10shot/train/hyundai_veracruz_suv_2012/300.jpg	Green foliage.
../dataset/datasets/car/10shot/train/hyundai_veracruz_suv_2012/303.jpg	The car is parked on gravel near a river with rocky cliffs and greenery.
../dataset/datasets/car/10shot/train/hyundai_veracruz_suv_2012/304.jpg	The background shows a parking lot with trees and other vehicles.
../dataset/datasets/car/10shot/train/hyundai_veracruz_suv_2012/309.jpg	A car is parked in a lot with other vehicles and buildings in the background.
../dataset/datasets/car/10shot/train/hyundai_veracruz_suv_2012/307.jpg	Hyundai display with people and blue lighting.
../dataset/datasets/car/10shot/train/hyundai_veracruz_suv_2012/301.jpg	A car is parked on a wet surface with a building and blue roof in the background.
../dataset/datasets/car/10shot/train/hyundai_sonata_hybrid_sedan_2012/31.jpg	A car is parked on a gravel driveway with trees and grass in the background.
../dataset/datasets/car/10shot/train/hyundai_sonata_hybrid_sedan_2012/33.jpg	Car on paved surface near grass.
../dataset/datasets/car/10shot/train/hyundai_sonata_hybrid_sedan_2012/32.jpg	A car is parked in a lot with other vehicles and a building in the background.
../dataset/datasets/car/10shot/train/hyundai_sonata_hybrid_sedan_2012/35.jpg	The car is displayed on a blue speckled floor with a white curtain and a Gregory Auto Group banner in the background.
../dataset/datasets/car/10shot/train/hyundai_sonata_hybrid_sedan_2012/36.jpg	A car is parked on a concrete surface with greenery and a building in the background.
../dataset/datasets/car/10shot/train/hyundai_sonata_hybrid_sedan_2012/30.jpg	A car is parked on a street with trees and buildings in the background.
../dataset/datasets/car/10shot/train/hyundai_sonata_hybrid_sedan_2012/39.jpg	A car is parked in a lot with other vehicles and buildings visible in the background.
../dataset/datasets/car/10shot/train/hyundai_sonata_hybrid_sedan_2012/34.jpg	A car is parked in front of a modern building with columns and railings.
../dataset/datasets/car/10shot/train/hyundai_sonata_hybrid_sedan_2012/37.jpg	The car is on a plain white background.
../dataset/datasets/car/10shot/train/hyundai_sonata_hybrid_sedan_2012/38.jpg	A car on a road with a desert landscape and sky in the background.
../dataset/datasets/car/10shot/train/hyundai_elantra_sedan_2007/127.jpg	A car is parked in a lot with trees and mountains in the background.
../dataset/datasets/car/10shot/train/hyundai_elantra_sedan_2007/125.jpg	A car is parked in a lot with other vehicles and trees in the distance.
../dataset/datasets/car/10shot/train/hyundai_elantra_sedan_2007/121.jpg	A car is displayed on a blue platform with people and other cars in the background.
../dataset/datasets/car/10shot/train/hyundai_elantra_sedan_2007/122.jpg	A car is on a road under an overpass.
../dataset/datasets/car/10shot/train/hyundai_elantra_sedan_2007/124.jpg	A car is driving on a bridge with blurred scenery, suggesting motion.
../dataset/datasets/car/10shot/train/hyundai_elantra_sedan_2007/123.jpg	The car is set against a plain white background.
../dataset/datasets/car/10shot/train/hyundai_elantra_sedan_2007/120.jpg	A car is parked in a lot with trees and streetlights visible in the background.
../dataset/datasets/car/10shot/train/hyundai_elantra_sedan_2007/129.jpg	Car on white tiled floor, white curtain backdrop.
../dataset/datasets/car/10shot/train/hyundai_elantra_sedan_2007/128.jpg	Car in showroom with tiled floor, plants, and motorcycle in background.
../dataset/datasets/car/10shot/train/hyundai_elantra_sedan_2007/126.jpg	A car is parked in front of a Hyundai dealership.
../dataset/datasets/car/10shot/train/hyundai_accent_sedan_2012/900.jpg	The car is parked in a lot with other vehicles and trees in the background.
../dataset/datasets/car/10shot/train/hyundai_accent_sedan_2012/902.jpg	The car is parked on a paved surface with a blurred building and trees in the background.
../dataset/datasets/car/10shot/train/hyundai_accent_sedan_2012/905.jpg	The car is set against a plain, dark background.
../dataset/datasets/car/10shot/train/hyundai_accent_sedan_2012/908.jpg	A car is parked in a bright, spacious room with large windows and white walls.
../dataset/datasets/car/10shot/train/hyundai_accent_sedan_2012/904.jpg	A car is parked on a city street with blurred buildings and lights.
../dataset/datasets/car/10shot/train/hyundai_accent_sedan_2012/906.jpg	A car on a plain white background.
../dataset/datasets/car/10shot/train/hyundai_accent_sedan_2012/907.jpg	The car is set against a plain, light-colored background.
../dataset/datasets/car/10shot/train/hyundai_accent_sedan_2012/901.jpg	A car is parked in front of a building with a red and gray facade.
../dataset/datasets/car/10shot/train/hyundai_accent_sedan_2012/909.jpg	Industrial setting with metallic walls and ceiling.
../dataset/datasets/car/10shot/train/hyundai_accent_sedan_2012/903.jpg	A car on a road with blue and white striped background.
../dataset/datasets/car/10shot/train/hyundai_genesis_sedan_2012/838.jpg	A car is parked on a cobblestone street with a building and trees in the background.
../dataset/datasets/car/10shot/train/hyundai_genesis_sedan_2012/836.jpg	Grassy field, road, trees, building.
../dataset/datasets/car/10shot/train/hyundai_genesis_sedan_2012/832.jpg	A car is parked in front of a Hyundai dealership under a partly cloudy sky.
../dataset/datasets/car/10shot/train/hyundai_genesis_sedan_2012/835.jpg	A car drives past blurred trees and buildings.
../dataset/datasets/car/10shot/train/hyundai_genesis_sedan_2012/837.jpg	A car is parked against a cityscape backdrop with illuminated buildings.
../dataset/datasets/car/10shot/train/hyundai_genesis_sedan_2012/839.jpg	A car is parked in front of a metal fence with buildings behind it.
../dataset/datasets/car/10shot/train/hyundai_genesis_sedan_2012/833.jpg	A car on gravel with mountains and buildings in the distance.
../dataset/datasets/car/10shot/train/hyundai_genesis_sedan_2012/834.jpg	A car is parked on a rooftop with a cloudy sky and distant buildings in the background.
../dataset/datasets/car/10shot/train/hyundai_genesis_sedan_2012/830.jpg	Modern house, landscaped yard.
../dataset/datasets/car/10shot/train/hyundai_genesis_sedan_2012/831.jpg	Car in garage with white wall and blue stripe.
../dataset/datasets/car/10shot/train/hyundai_sonata_sedan_2012/713.jpg	A car is parked in front of a house with a stone facade and greenery.
../dataset/datasets/car/10shot/train/hyundai_sonata_sedan_2012/717.jpg	The background shows a blurred outdoor setting with trees and a road.
../dataset/datasets/car/10shot/train/hyundai_sonata_sedan_2012/714.jpg	A car on a winding road with green hills and trees in the background.
../dataset/datasets/car/10shot/train/hyundai_sonata_sedan_2012/712.jpg	A car on a road with blurred surroundings.
../dataset/datasets/car/10shot/train/hyundai_sonata_sedan_2012/719.jpg	A car is displayed in a modern, curved tunnel with a gradient from white to dark blue.
../dataset/datasets/car/10shot/train/hyundai_sonata_sedan_2012/710.jpg	The car is parked on a driveway with trees and a house in the background.
../dataset/datasets/car/10shot/train/hyundai_sonata_sedan_2012/715.jpg	The car is set against a dark, gradient background.
../dataset/datasets/car/10shot/train/hyundai_sonata_sedan_2012/711.jpg	A car is parked on snow-covered ground with trees and a building in the background.
../dataset/datasets/car/10shot/train/hyundai_sonata_sedan_2012/718.jpg	A car is parked in front of a building with large windows.
../dataset/datasets/car/10shot/train/hyundai_sonata_sedan_2012/716.jpg	The car is parked on a concrete surface with a fence and trees in the background.
../dataset/datasets/car/10shot/train/hyundai_elantra_touring_hatchback_2012/283.jpg	A car is parked inside a showroom with a "Economy Corner" sign and another vehicle visible in the background.
../dataset/datasets/car/10shot/train/hyundai_elantra_touring_hatchback_2012/282.jpg	A car on a road with hills and dry grass in the background.
../dataset/datasets/car/10shot/train/hyundai_elantra_touring_hatchback_2012/281.jpg	A car is parked in front of a dealership with other cars and a building visible.
../dataset/datasets/car/10shot/train/hyundai_elantra_touring_hatchback_2012/287.jpg	The car is set against a plain white background.
../dataset/datasets/car/10shot/train/hyundai_elantra_touring_hatchback_2012/286.jpg	The car is parked on sandy ground with palm trees and buildings in the background.
../dataset/datasets/car/10shot/train/hyundai_elantra_touring_hatchback_2012/289.jpg	A car on a road with hills and greenery in the background.
../dataset/datasets/car/10shot/train/hyundai_elantra_touring_hatchback_2012/284.jpg	A car is parked in a lot with other cars and trees in the background.
../dataset/datasets/car/10shot/train/hyundai_elantra_touring_hatchback_2012/285.jpg	A car is parked on a checkered floor against a white wall.
../dataset/datasets/car/10shot/train/hyundai_elantra_touring_hatchback_2012/280.jpg	The car is set against a plain white background.
../dataset/datasets/car/10shot/train/hyundai_elantra_touring_hatchback_2012/288.jpg	The car is set against a plain white background.
../dataset/datasets/car/10shot/train/hyundai_azera_sedan_2012/983.jpg	A car is displayed at an event with people around.
../dataset/datasets/car/10shot/train/hyundai_azera_sedan_2012/985.jpg	A car is parked against a backdrop of rugged mountains and clear blue sky.
../dataset/datasets/car/10shot/train/hyundai_azera_sedan_2012/982.jpg	Hyundai logo, blue lighting.
../dataset/datasets/car/10shot/train/hyundai_azera_sedan_2012/980.jpg	A car is parked against a backdrop of rugged mountains and cloudy sky.
../dataset/datasets/car/10shot/train/hyundai_azera_sedan_2012/981.jpg	A car on a road with blurred trees and hills.
../dataset/datasets/car/10shot/train/hyundai_azera_sedan_2012/986.jpg	The car is set against a dark, industrial backdrop with spotlights.
../dataset/datasets/car/10shot/train/hyundai_azera_sedan_2012/988.jpg	Car at auto show with people and displays.
../dataset/datasets/car/10shot/train/hyundai_azera_sedan_2012/984.jpg	A car is displayed on a rotating platform with blue lighting and people in the background.
../dataset/datasets/car/10shot/train/hyundai_azera_sedan_2012/987.jpg	A car is parked in front of a Hyundai dealership.
../dataset/datasets/car/10shot/train/hyundai_azera_sedan_2012/989.jpg	A car on a road with trees and grass.
../dataset/datasets/car/10shot/train/infiniti_g_coupe_ipl_2012/1362.jpg	The car is on a road with trees in the background.
../dataset/datasets/car/10shot/train/infiniti_g_coupe_ipl_2012/1361.jpg	A car under an overpass with sunlight streaming through.
../dataset/datasets/car/10shot/train/infiniti_g_coupe_ipl_2012/1369.jpg	A car is parked on dirt near water and hills.
../dataset/datasets/car/10shot/train/infiniti_g_coupe_ipl_2012/1368.jpg	A car is parked on a street with trees and a clear sky in the background.
../dataset/datasets/car/10shot/train/infiniti_g_coupe_ipl_2012/1363.jpg	A car on a gradient gray background.
../dataset/datasets/car/10shot/train/infiniti_g_coupe_ipl_2012/1364.jpg	A car is parked against a plain, light-colored wall.
../dataset/datasets/car/10shot/train/infiniti_g_coupe_ipl_2012/1366.jpg	The car is set against a plain, light-colored background.
../dataset/datasets/car/10shot/train/infiniti_g_coupe_ipl_2012/1365.jpg	A car on a blurred road with motion lines.
../dataset/datasets/car/10shot/train/infiniti_g_coupe_ipl_2012/1360.jpg	A car is parked in front of wooden crates.
../dataset/datasets/car/10shot/train/infiniti_g_coupe_ipl_2012/1367.jpg	The background consists of a brick wall and a metal fence.
../dataset/datasets/car/10shot/train/infiniti_qx56_suv_2011/359.jpg	The car is set against a plain, light-colored background.
../dataset/datasets/car/10shot/train/infiniti_qx56_suv_2011/356.jpg	A car is parked in front of a dealership with a clear sky and clouds above.
../dataset/datasets/car/10shot/train/infiniti_qx56_suv_2011/355.jpg	The car is parked on a street with buildings and trees in the background.
../dataset/datasets/car/10shot/train/infiniti_qx56_suv_2011/352.jpg	The car is parked on a street with a white picket fence, green grass, and trees in the background.
../dataset/datasets/car/10shot/train/infiniti_qx56_suv_2011/354.jpg	A car is displayed on a stage with "The all-new" text and Infiniti logo in the background.
../dataset/datasets/car/10shot/train/infiniti_qx56_suv_2011/353.jpg	Desert landscape with mountains.
../dataset/datasets/car/10shot/train/infiniti_qx56_suv_2011/357.jpg	A car on a forest road.
../dataset/datasets/car/10shot/train/infiniti_qx56_suv_2011/358.jpg	Car on barren landscape with mountains.
../dataset/datasets/car/10shot/train/infiniti_qx56_suv_2011/350.jpg	A car is parked on a barren, rocky landscape under a clear sky.
../dataset/datasets/car/10shot/train/infiniti_qx56_suv_2011/351.jpg	A car is parked against a backdrop of rugged mountains and barren landscape.
../dataset/datasets/car/10shot/train/isuzu_ascender_suv_2008/919.jpg	Urban, blurred buildings.
../dataset/datasets/car/10shot/train/isuzu_ascender_suv_2008/911.jpg	Car parked on driveway, grass and building behind.
../dataset/datasets/car/10shot/train/isuzu_ascender_suv_2008/916.jpg	The car is set against a plain white background.
../dataset/datasets/car/10shot/train/isuzu_ascender_suv_2008/918.jpg	A car is parked in a lot with trees and other vehicles in the background.
../dataset/datasets/car/10shot/train/isuzu_ascender_suv_2008/917.jpg	A car is parked on grass near a building with a blue roof and white walls, under a partly cloudy sky.
../dataset/datasets/car/10shot/train/isuzu_ascender_suv_2008/915.jpg	A car under red canopy, with other vehicles and structures visible.
../dataset/datasets/car/10shot/train/isuzu_ascender_suv_2008/912.jpg	A car is parked on a driveway with trees and grass in the background.
../dataset/datasets/car/10shot/train/isuzu_ascender_suv_2008/914.jpg	Car parked in front of building with checkered wall and cacti.
../dataset/datasets/car/10shot/train/isuzu_ascender_suv_2008/913.jpg	A car is on a bridge over water.
../dataset/datasets/car/10shot/train/isuzu_ascender_suv_2008/910.jpg	The background is plain and white.
../dataset/datasets/car/10shot/train/jaguar_xk_xkr_2012/898.jpg	A car on a racetrack with blurred surroundings.
../dataset/datasets/car/10shot/train/jaguar_xk_xkr_2012/894.jpg	The car is on a track with visible road markings and grass.
../dataset/datasets/car/10shot/train/jaguar_xk_xkr_2012/897.jpg	A car drives on a road with blurred greenery and sky.
../dataset/datasets/car/10shot/train/jaguar_xk_xkr_2012/891.jpg	A car on a winding road surrounded by greenery and hills.
../dataset/datasets/car/10shot/train/jaguar_xk_xkr_2012/896.jpg	A car drives on a curvy road with blurred trees and sky.
../dataset/datasets/car/10shot/train/jaguar_xk_xkr_2012/895.jpg	A car is displayed at an auto show with people around.
../dataset/datasets/car/10shot/train/jaguar_xk_xkr_2012/892.jpg	A car is parked on a gravel road with trees and a guardrail in the background.
../dataset/datasets/car/10shot/train/jaguar_xk_xkr_2012/890.jpg	A car is parked on an airfield with a military helicopter in the background.
../dataset/datasets/car/10shot/train/jaguar_xk_xkr_2012/893.jpg	The car is on a racetrack with blurred surroundings.
../dataset/datasets/car/10shot/train/jaguar_xk_xkr_2012/899.jpg	The car is parked against a gray wall.
../dataset/datasets/car/10shot/train/jeep_patriot_suv_2012/682.jpg	A car is parked in front of a dealership with colorful flags and a "Okanagan" sign.
../dataset/datasets/car/10shot/train/jeep_patriot_suv_2012/689.jpg	A car is parked in front of a Jeep dealership.
../dataset/datasets/car/10shot/train/jeep_patriot_suv_2012/684.jpg	A car is parked indoors with a white wall and "www.quirkcars.com" sign.
../dataset/datasets/car/10shot/train/jeep_patriot_suv_2012/687.jpg	A car parked near a building with a clear sky.
../dataset/datasets/car/10shot/train/jeep_patriot_suv_2012/681.jpg	A car is parked on a road with trees and a sunset sky in the background.
../dataset/datasets/car/10shot/train/jeep_patriot_suv_2012/685.jpg	A car parked near a gas station and a Dodge dealership sign.
../dataset/datasets/car/10shot/train/jeep_patriot_suv_2012/686.jpg	A car parked on a dirt path with lush green trees and hills in the background.
../dataset/datasets/car/10shot/train/jeep_patriot_suv_2012/688.jpg	Hilly, green, and natural.
../dataset/datasets/car/10shot/train/jeep_patriot_suv_2012/683.jpg	The car is surrounded by greenery and trees, suggesting an outdoor setting.
../dataset/datasets/car/10shot/train/jeep_patriot_suv_2012/680.jpg	A car is parked indoors with a white wall and exit sign visible.
../dataset/datasets/car/10shot/train/jeep_wrangler_suv_2012/1731.jpg	A car is parked on a mountainous landscape with rugged terrain and distant peaks.
../dataset/datasets/car/10shot/train/jeep_wrangler_suv_2012/1736.jpg	A car is parked on gravel with hills and cloudy sky in the background.
../dataset/datasets/car/10shot/train/jeep_wrangler_suv_2012/1737.jpg	A car on rocky beach near water and cliffs.
../dataset/datasets/car/10shot/train/jeep_wrangler_suv_2012/1739.jpg	A car is parked on a rocky path surrounded by tall pine trees under a clear blue sky.
../dataset/datasets/car/10shot/train/jeep_wrangler_suv_2012/1734.jpg	A car is parked on a street with trees and buildings in the background.
../dataset/datasets/car/10shot/train/jeep_wrangler_suv_2012/1732.jpg	The background shows other cars and trees.
../dataset/datasets/car/10shot/train/jeep_wrangler_suv_2012/1738.jpg	A car parked near trees and building.
../dataset/datasets/car/10shot/train/jeep_wrangler_suv_2012/1730.jpg	Rugged landscape, cloudy sky.
../dataset/datasets/car/10shot/train/jeep_wrangler_suv_2012/1735.jpg	A car is parked with other vehicles and a yellow balloon in the background.
../dataset/datasets/car/10shot/train/jeep_wrangler_suv_2012/1733.jpg	A car is parked in front of a dealership with other cars and buildings visible in the background.
../dataset/datasets/car/10shot/train/jeep_liberty_suv_2012/858.jpg	A car drives on a road with blurred trees and grass.
../dataset/datasets/car/10shot/train/jeep_liberty_suv_2012/859.jpg	A car is parked in front of a building with "Kernersville" visible on it.
../dataset/datasets/car/10shot/train/jeep_liberty_suv_2012/852.jpg	A car is driving on a road with a cityscape and water in the background.
../dataset/datasets/car/10shot/train/jeep_liberty_suv_2012/853.jpg	A car is parked on a dirt path surrounded by trees and fallen leaves.
../dataset/datasets/car/10shot/train/jeep_liberty_suv_2012/850.jpg	Rocky terrain.
../dataset/datasets/car/10shot/train/jeep_liberty_suv_2012/855.jpg	A car is parked near buildings, including one with "Pepperdine University" sign.
../dataset/datasets/car/10shot/train/jeep_liberty_suv_2012/856.jpg	A car parked in front of a house with illuminated windows.
../dataset/datasets/car/10shot/train/jeep_liberty_suv_2012/851.jpg	A car is parked indoors with a white wall and floor.
../dataset/datasets/car/10shot/train/jeep_liberty_suv_2012/854.jpg	A car is driving on sandy terrain with a cloudy sky in the background.
../dataset/datasets/car/10shot/train/jeep_liberty_suv_2012/857.jpg	A car is parked on snowy terrain with distant hills and trees.
../dataset/datasets/car/10shot/train/jeep_grand_cherokee_suv_2012/438.jpg	A car is parked in front of a building with a sign and another vehicle partially visible.
../dataset/datasets/car/10shot/train/jeep_grand_cherokee_suv_2012/435.jpg	A car is parked inside a showroom with a sign for "Roanoke Motor Co., Inc." and logos for Chrysler, Dodge, and Jeep.
../dataset/datasets/car/10shot/train/jeep_grand_cherokee_suv_2012/434.jpg	The car is parked on a paved lot with trees and a fence in the background.
../dataset/datasets/car/10shot/train/jeep_grand_cherokee_suv_2012/437.jpg	Parking lot, cloudy sky, buildings.
../dataset/datasets/car/10shot/train/jeep_grand_cherokee_suv_2012/439.jpg	The car is on a road with trees and hills in the background.
../dataset/datasets/car/10shot/train/jeep_grand_cherokee_suv_2012/431.jpg	A car parked near a Ram dealership.
../dataset/datasets/car/10shot/train/jeep_grand_cherokee_suv_2012/432.jpg	The car is parked on a concrete surface with a blurred background.
../dataset/datasets/car/10shot/train/jeep_grand_cherokee_suv_2012/433.jpg	A car is parked in front of a dealership with a sign for Chrysler, Dodge, and Jeep.
../dataset/datasets/car/10shot/train/jeep_grand_cherokee_suv_2012/430.jpg	Car parked near dealership sign.
../dataset/datasets/car/10shot/train/jeep_grand_cherokee_suv_2012/436.jpg	The car is on a plain white background.
../dataset/datasets/car/10shot/train/jeep_compass_suv_2012/1024.jpg	A car is parked in a lot with other vehicles and trees in the background.
../dataset/datasets/car/10shot/train/jeep_compass_suv_2012/1020.jpg	Snowy forest with birch trees.
../dataset/datasets/car/10shot/train/jeep_compass_suv_2012/1023.jpg	A car is parked on snow-covered ground with other cars and a building in the background.
../dataset/datasets/car/10shot/train/jeep_compass_suv_2012/1022.jpg	A car is parked in a lot with trees and buildings visible.
../dataset/datasets/car/10shot/train/jeep_compass_suv_2012/1026.jpg	A car is parked in front of a dealership with reflective windows displaying "Your Program Car Headquarters" and "Trucks, Vans & Sport Utilities."
../dataset/datasets/car/10shot/train/jeep_compass_suv_2012/1021.jpg	A car parked near building with trees and hedge.
../dataset/datasets/car/10shot/train/jeep_compass_suv_2012/1028.jpg	A car parked near a white building with a black SUV behind it.
../dataset/datasets/car/10shot/train/jeep_compass_suv_2012/1029.jpg	Snowy landscape with trees.
../dataset/datasets/car/10shot/train/jeep_compass_suv_2012/1027.jpg	A car is parked in a lot with other cars and a building in the background.
../dataset/datasets/car/10shot/train/jeep_compass_suv_2012/1025.jpg	A car is parked on a paved surface with trees and foliage in the background.
../dataset/datasets/car/10shot/train/lamborghini_reventon_coupe_2008/1883.jpg	A car is displayed on a showroom floor with people and steps visible in the background.
../dataset/datasets/car/10shot/train/lamborghini_reventon_coupe_2008/1887.jpg	The background features other luxury cars and people.
../dataset/datasets/car/10shot/train/lamborghini_reventon_coupe_2008/1889.jpg	Trees, brick wall, sunny day.
../dataset/datasets/car/10shot/train/lamborghini_reventon_coupe_2008/1886.jpg	The car is on a plain white background.
../dataset/datasets/car/10shot/train/lamborghini_reventon_coupe_2008/1880.jpg	The car is set against a plain white background.
../dataset/datasets/car/10shot/train/lamborghini_reventon_coupe_2008/1884.jpg	A car is parked outside a modern building with glass windows and doors.
../dataset/datasets/car/10shot/train/lamborghini_reventon_coupe_2008/1885.jpg	The car is set against a plain, light-colored background.
../dataset/datasets/car/10shot/train/lamborghini_reventon_coupe_2008/1881.jpg	Dark, shadowy background.
../dataset/datasets/car/10shot/train/lamborghini_reventon_coupe_2008/1882.jpg	A car on a runway with a jet in the background.
../dataset/datasets/car/10shot/train/lamborghini_reventon_coupe_2008/1888.jpg	Dark, minimalistic.
../dataset/datasets/car/10shot/train/lamborghini_aventador_coupe_2012/1546.jpg	A car on a track with blurred surroundings.
../dataset/datasets/car/10shot/train/lamborghini_aventador_coupe_2012/1549.jpg	The car is on a road with greenery and bushes in the background.
../dataset/datasets/car/10shot/train/lamborghini_aventador_coupe_2012/1543.jpg	The car is displayed on a showroom floor with other vehicles and people in the background.
../dataset/datasets/car/10shot/train/lamborghini_aventador_coupe_2012/1547.jpg	Audi display, people watching.
../dataset/datasets/car/10shot/train/lamborghini_aventador_coupe_2012/1540.jpg	A car is parked in a modern, dimly lit garage with concrete walls and ceiling lights.
../dataset/datasets/car/10shot/train/lamborghini_aventador_coupe_2012/1542.jpg	A car on a racetrack.
../dataset/datasets/car/10shot/train/lamborghini_aventador_coupe_2012/1544.jpg	The car is set against a plain, neutral background.
../dataset/datasets/car/10shot/train/lamborghini_aventador_coupe_2012/1545.jpg	The car is on a paved road with greenery and a fence in the background.
../dataset/datasets/car/10shot/train/lamborghini_aventador_coupe_2012/1541.jpg	The car is set against a blurred, scenic background.
../dataset/datasets/car/10shot/train/lamborghini_aventador_coupe_2012/1548.jpg	The car is set against a plain, neutral background.
../dataset/datasets/car/10shot/train/lamborghini_gallardo_lp_570-4_superleggera_2012/1764.jpg	A car is displayed at an auto show with a Bentley logo and a showroom setting.
../dataset/datasets/car/10shot/train/lamborghini_gallardo_lp_570-4_superleggera_2012/1768.jpg	The car is set against a dark, gradient background.
../dataset/datasets/car/10shot/train/lamborghini_gallardo_lp_570-4_superleggera_2012/1760.jpg	A car is parked near a gate with a cityscape and a church steeple in the distance.
../dataset/datasets/car/10shot/train/lamborghini_gallardo_lp_570-4_superleggera_2012/1765.jpg	A car is displayed at an auto show with various car brands on the wall behind it.
../dataset/datasets/car/10shot/train/lamborghini_gallardo_lp_570-4_superleggera_2012/1766.jpg	The background features a wet, open area with a banner displaying "THE PACEMAKER" and "LP 570-4 SUPERLEGGERA."
../dataset/datasets/car/10shot/train/lamborghini_gallardo_lp_570-4_superleggera_2012/1762.jpg	A car is displayed on a white platform with people and a Lamborghini logo in the background.
../dataset/datasets/car/10shot/train/lamborghini_gallardo_lp_570-4_superleggera_2012/1769.jpg	A car is displayed indoors, surrounded by other vehicles and a reception area.
../dataset/datasets/car/10shot/train/lamborghini_gallardo_lp_570-4_superleggera_2012/1767.jpg	The car is set against a plain, dark gray background.
../dataset/datasets/car/10shot/train/lamborghini_gallardo_lp_570-4_superleggera_2012/1763.jpg	Dark, reflective surface with tire marks.
../dataset/datasets/car/10shot/train/lamborghini_gallardo_lp_570-4_superleggera_2012/1761.jpg	Open field with trees and clear sky.
../dataset/datasets/car/10shot/train/lamborghini_diablo_coupe_2001/1430.jpg	A car is parked in front of a building with other cars visible.
../dataset/datasets/car/10shot/train/lamborghini_diablo_coupe_2001/1431.jpg	A car is parked in front of a building with a tiled roof and flags.
../dataset/datasets/car/10shot/train/lamborghini_diablo_coupe_2001/1439.jpg	A car on cobblestone road.
../dataset/datasets/car/10shot/train/lamborghini_diablo_coupe_2001/1438.jpg	A car is parked in a lot with other cars and trees in the background.
../dataset/datasets/car/10shot/train/lamborghini_diablo_coupe_2001/1437.jpg	A car is parked on a street with other vehicles and buildings in the background.
../dataset/datasets/car/10shot/train/lamborghini_diablo_coupe_2001/1432.jpg	Waterfront, palm trees, parked motorcycles.
../dataset/datasets/car/10shot/train/lamborghini_diablo_coupe_2001/1434.jpg	A car parked near building with decorative wall and flag.
../dataset/datasets/car/10shot/train/lamborghini_diablo_coupe_2001/1433.jpg	A car parked on brick driveway near building with plants.
../dataset/datasets/car/10shot/train/lamborghini_diablo_coupe_2001/1436.jpg	People, grass, event.
../dataset/datasets/car/10shot/train/lamborghini_diablo_coupe_2001/1435.jpg	A car on grassy field with plowed land and sky.
../dataset/datasets/car/10shot/train/land_rover_range_rover_suv_2012/272.jpg	The car is on a dirt road surrounded by trees and greenery.
../dataset/datasets/car/10shot/train/land_rover_range_rover_suv_2012/279.jpg	Rural road, tree-lined, open landscape.
../dataset/datasets/car/10shot/train/land_rover_range_rover_suv_2012/274.jpg	Palm trees, cars, brick pavement.
../dataset/datasets/car/10shot/train/land_rover_range_rover_suv_2012/278.jpg	Wooden structure, rocks, plants.
../dataset/datasets/car/10shot/train/land_rover_range_rover_suv_2012/271.jpg	The car is set against a plain white background.
../dataset/datasets/car/10shot/train/land_rover_range_rover_suv_2012/277.jpg	A car is parked on a paved area with trees and buildings in the background.
../dataset/datasets/car/10shot/train/land_rover_range_rover_suv_2012/273.jpg	A car is on a road with a blurred background.
../dataset/datasets/car/10shot/train/land_rover_range_rover_suv_2012/275.jpg	The car is on a road with a clear sky and distant structures.
../dataset/datasets/car/10shot/train/land_rover_range_rover_suv_2012/270.jpg	A car is parked in front of a building with a parking lot and trees in the background.
../dataset/datasets/car/10shot/train/land_rover_range_rover_suv_2012/276.jpg	A car is parked outside a Jaguar dealership.
../dataset/datasets/car/10shot/train/land_rover_lr2_suv_2012/975.jpg	A car is parked on a dirt road with a rocky, mountainous background.
../dataset/datasets/car/10shot/train/land_rover_lr2_suv_2012/978.jpg	A car is displayed in a showroom with a Land Rover advertisement and plants in the background.
../dataset/datasets/car/10shot/train/land_rover_lr2_suv_2012/972.jpg	A car on road, cloudy sky.
../dataset/datasets/car/10shot/train/land_rover_lr2_suv_2012/970.jpg	The car is parked on rocky terrain with sparse vegetation and a clear sky.
../dataset/datasets/car/10shot/train/land_rover_lr2_suv_2012/979.jpg	A car is parked in front of a Land Rover dealership.
../dataset/datasets/car/10shot/train/land_rover_lr2_suv_2012/971.jpg	A car is parked in front of a Land Rover dealership.
../dataset/datasets/car/10shot/train/land_rover_lr2_suv_2012/973.jpg	The car is parked on a gravel surface with a mountain and sky in the background.
../dataset/datasets/car/10shot/train/land_rover_lr2_suv_2012/974.jpg	The car is on a road with greenery and blue sky in the background.
../dataset/datasets/car/10shot/train/land_rover_lr2_suv_2012/976.jpg	A car is parked on snow with mountains and trees in the background.
../dataset/datasets/car/10shot/train/land_rover_lr2_suv_2012/977.jpg	A car on a road with greenery and trees in the background.
../dataset/datasets/car/10shot/train/lincoln_town_car_sedan_2011/1534.jpg	The car is displayed against a blue background with dealership branding.
../dataset/datasets/car/10shot/train/lincoln_town_car_sedan_2011/1531.jpg	Ford dealership, trees, cloudy sky.
../dataset/datasets/car/10shot/train/lincoln_town_car_sedan_2011/1533.jpg	A car is parked on a street with trees and houses in the background.
../dataset/datasets/car/10shot/train/lincoln_town_car_sedan_2011/1536.jpg	A car is parked near a Southwest sign, with trees and other vehicles visible in the background.
../dataset/datasets/car/10shot/train/lincoln_town_car_sedan_2011/1537.jpg	A car parked in front of a house with a garage and large windows.
../dataset/datasets/car/10shot/train/lincoln_town_car_sedan_2011/1539.jpg	A car is parked on grass with a brick wall behind it.
../dataset/datasets/car/10shot/train/lincoln_town_car_sedan_2011/1532.jpg	A car is parked on a sunny day with palm trees and buildings in the background.
../dataset/datasets/car/10shot/train/lincoln_town_car_sedan_2011/1530.jpg	A car is parked in a lot with other vehicles and buildings visible.
../dataset/datasets/car/10shot/train/lincoln_town_car_sedan_2011/1538.jpg	The car is parked in an industrial area with trucks and buildings visible.
../dataset/datasets/car/10shot/train/lincoln_town_car_sedan_2011/1535.jpg	The car is parked in a lot with trees and a cloudy sky in the background.
../dataset/datasets/car/10shot/train/mini_cooper_roadster_convertible_2012/1901.jpg	The car is parked against a gray, corrugated metal wall.
../dataset/datasets/car/10shot/train/mini_cooper_roadster_convertible_2012/1906.jpg	Ocean, cliffs, sunny.
../dataset/datasets/car/10shot/train/mini_cooper_roadster_convertible_2012/1907.jpg	The background is dark and indistinct, focusing attention on the car.
../dataset/datasets/car/10shot/train/mini_cooper_roadster_convertible_2012/1905.jpg	A car on a road with blurred landscape and sky.
../dataset/datasets/car/10shot/train/mini_cooper_roadster_convertible_2012/1908.jpg	A car is driving on a road with blurred trees and sunlight.
../dataset/datasets/car/10shot/train/mini_cooper_roadster_convertible_2012/1902.jpg	The car is on a road with a blurred background, suggesting motion.
../dataset/datasets/car/10shot/train/mini_cooper_roadster_convertible_2012/1904.jpg	The car is on a road near water with palm trees and buildings in the distance.
../dataset/datasets/car/10shot/train/mini_cooper_roadster_convertible_2012/1900.jpg	A car is parked on dirt with hills, buildings, and clear sky in the background.
../dataset/datasets/car/10shot/train/mini_cooper_roadster_convertible_2012/1903.jpg	A car is displayed at an auto show with people around it.
../dataset/datasets/car/10shot/train/mini_cooper_roadster_convertible_2012/1909.jpg	A car drives along a coastal road with waves and cliffs in the background.
../dataset/datasets/car/10shot/train/maybach_landaulet_convertible_2012/1588.jpg	A car is parked near a waterfront with illuminated buildings and a body of water at dusk.
../dataset/datasets/car/10shot/train/maybach_landaulet_convertible_2012/1583.jpg	The car is on a gray, textured surface.
../dataset/datasets/car/10shot/train/maybach_landaulet_convertible_2012/1582.jpg	The car is displayed indoors, likely in a showroom or exhibition space.
../dataset/datasets/car/10shot/train/maybach_landaulet_convertible_2012/1580.jpg	A car is displayed at an auto show with people and other vehicles in the background.
../dataset/datasets/car/10shot/train/maybach_landaulet_convertible_2012/1584.jpg	A car is displayed at an auto show with people and lights in the background.
../dataset/datasets/car/10shot/train/maybach_landaulet_convertible_2012/1589.jpg	A car is displayed indoors, likely at an auto show.
../dataset/datasets/car/10shot/train/maybach_landaulet_convertible_2012/1581.jpg	The car is set against a plain white background.
../dataset/datasets/car/10shot/train/maybach_landaulet_convertible_2012/1587.jpg	A car is parked on a paved area with grass and shadows visible.
../dataset/datasets/car/10shot/train/maybach_landaulet_convertible_2012/1586.jpg	A car is displayed at an auto show with people and a Mercedes-Benz sign in the background.
../dataset/datasets/car/10shot/train/maybach_landaulet_convertible_2012/1585.jpg	A car is parked in front of an elegant building with large windows and a wooden door.
../dataset/datasets/car/10shot/train/mazda_tribute_suv_2011/1831.jpg	A car is parked indoors with a plain white wall and floor.
../dataset/datasets/car/10shot/train/mazda_tribute_suv_2011/1834.jpg	A car is parked on a paved surface with trees and sunlight in the background.
../dataset/datasets/car/10shot/train/mazda_tribute_suv_2011/1837.jpg	A car is driving on a road with a blurred background, suggesting motion and movement.
../dataset/datasets/car/10shot/train/mazda_tribute_suv_2011/1830.jpg	A car is parked in front of a Mazda Brampton dealership with other cars visible in the background.
../dataset/datasets/car/10shot/train/mazda_tribute_suv_2011/1838.jpg	A car on sandy terrain with dry grass.
../dataset/datasets/car/10shot/train/mazda_tribute_suv_2011/1835.jpg	The car is parked in a lot with other vehicles and trees in the background.
../dataset/datasets/car/10shot/train/mazda_tribute_suv_2011/1833.jpg	A car is parked on gravel with other vehicles and trees in the background.
../dataset/datasets/car/10shot/train/mazda_tribute_suv_2011/1832.jpg	A car parked in front of a house with a stone driveway and landscaping.
../dataset/datasets/car/10shot/train/mazda_tribute_suv_2011/1839.jpg	A car parked in front of a house with a garage and stone wall.
../dataset/datasets/car/10shot/train/mazda_tribute_suv_2011/1836.jpg	A car parked in front of a house with a stone driveway and arched entryway.
../dataset/datasets/car/10shot/train/mclaren_mp4-12c_coupe_2012/1162.jpg	Luxury showroom with red furniture and other cars.
../dataset/datasets/car/10shot/train/mclaren_mp4-12c_coupe_2012/1169.jpg	The car is set against a plain white background.
../dataset/datasets/car/10shot/train/mclaren_mp4-12c_coupe_2012/1160.jpg	The car is set against a dark, solid background.
../dataset/datasets/car/10shot/train/mclaren_mp4-12c_coupe_2012/1168.jpg	A car is set against a gradient sky, transitioning from light to dark.
../dataset/datasets/car/10shot/train/mclaren_mp4-12c_coupe_2012/1164.jpg	The car is set against a plain, light-colored background.
../dataset/datasets/car/10shot/train/mclaren_mp4-12c_coupe_2012/1167.jpg	Modern building, glass facade, curved architecture.
../dataset/datasets/car/10shot/train/mclaren_mp4-12c_coupe_2012/1161.jpg	A car on a racetrack with barriers and grass.
../dataset/datasets/car/10shot/train/mclaren_mp4-12c_coupe_2012/1166.jpg	The car is set against a blurred urban backdrop with a blue sky and buildings.
../dataset/datasets/car/10shot/train/mclaren_mp4-12c_coupe_2012/1163.jpg	A car is displayed at an auto show with other luxury vehicles and a "Bugatti" sign visible.
../dataset/datasets/car/10shot/train/mclaren_mp4-12c_coupe_2012/1165.jpg	A car on a track with blurred hills and sky.
../dataset/datasets/car/10shot/train/mercedes-benz_300-class_convertible_1993/867.jpg	A car is parked on a paved surface with greenery and trees in the background.
../dataset/datasets/car/10shot/train/mercedes-benz_300-class_convertible_1993/865.jpg	A car is parked indoors with a white wall and a closed metal door in the background.
../dataset/datasets/car/10shot/train/mercedes-benz_300-class_convertible_1993/869.jpg	A car is parked in front of a dealership with trees and other cars visible.
../dataset/datasets/car/10shot/train/mercedes-benz_300-class_convertible_1993/860.jpg	A car is parked on grass with trees and hills in the background.
../dataset/datasets/car/10shot/train/mercedes-benz_300-class_convertible_1993/861.jpg	A car is parked on a street with a fence and buildings in the background.
../dataset/datasets/car/10shot/train/mercedes-benz_300-class_convertible_1993/866.jpg	A car is parked indoors with a dark, reflective floor and walls.
../dataset/datasets/car/10shot/train/mercedes-benz_300-class_convertible_1993/862.jpg	A car is parked on a driveway with a house and trees in the background.
../dataset/datasets/car/10shot/train/mercedes-benz_300-class_convertible_1993/868.jpg	A car is parked in a lot with other vehicles.
../dataset/datasets/car/10shot/train/mercedes-benz_300-class_convertible_1993/863.jpg	A car is parked on grass near trees and a road.
../dataset/datasets/car/10shot/train/mercedes-benz_300-class_convertible_1993/864.jpg	The car is parked on a paved surface with trees and greenery in the background.
../dataset/datasets/car/10shot/train/mercedes-benz_c-class_sedan_2012/794.jpg	A car is driving through a cityscape with blurred buildings and motion.
../dataset/datasets/car/10shot/train/mercedes-benz_c-class_sedan_2012/798.jpg	The car is parked on a grassy area with a rocky backdrop.
../dataset/datasets/car/10shot/train/mercedes-benz_c-class_sedan_2012/792.jpg	The car is on a road with trees and grass in the background.
../dataset/datasets/car/10shot/train/mercedes-benz_c-class_sedan_2012/797.jpg	A car is parked indoors, likely in a showroom or garage.
../dataset/datasets/car/10shot/train/mercedes-benz_c-class_sedan_2012/791.jpg	A car is parked in front of a white building with arched windows.
../dataset/datasets/car/10shot/train/mercedes-benz_c-class_sedan_2012/790.jpg	The car is parked on a street with trees and buildings in the background.
../dataset/datasets/car/10shot/train/mercedes-benz_c-class_sedan_2012/796.jpg	The car is on a road with a blurred background, suggesting motion.
../dataset/datasets/car/10shot/train/mercedes-benz_c-class_sedan_2012/795.jpg	A car is parked in a lot with other vehicles and buildings visible in the background.
../dataset/datasets/car/10shot/train/mercedes-benz_c-class_sedan_2012/793.jpg	A car is parked on a lot with other vehicles and a cloudy sky in the background.
../dataset/datasets/car/10shot/train/mercedes-benz_c-class_sedan_2012/799.jpg	The car is displayed on a showroom floor with a white background.
../dataset/datasets/car/10shot/train/mercedes-benz_sl-class_coupe_2009/1119.jpg	A car on a racetrack with grass and curbs.
../dataset/datasets/car/10shot/train/mercedes-benz_sl-class_coupe_2009/1114.jpg	Sandy dunes, cloudy sky, trees.
../dataset/datasets/car/10shot/train/mercedes-benz_sl-class_coupe_2009/1113.jpg	The car is on a road with green trees in the background.
../dataset/datasets/car/10shot/train/mercedes-benz_sl-class_coupe_2009/1112.jpg	The background features other luxury cars and a showroom setting.
../dataset/datasets/car/10shot/train/mercedes-benz_sl-class_coupe_2009/1118.jpg	The background is a clear sky with some clouds.
../dataset/datasets/car/10shot/train/mercedes-benz_sl-class_coupe_2009/1111.jpg	A car is parked in front of a building with "Driving Emotions" signage and palm trees.
../dataset/datasets/car/10shot/train/mercedes-benz_sl-class_coupe_2009/1116.jpg	Sandy dunes, trees, cloudy sky.
../dataset/datasets/car/10shot/train/mercedes-benz_sl-class_coupe_2009/1117.jpg	Golden Gate Bridge, foggy sky, hilly terrain.
../dataset/datasets/car/10shot/train/mercedes-benz_sl-class_coupe_2009/1115.jpg	Urban setting with blurred motion.
../dataset/datasets/car/10shot/train/mercedes-benz_sl-class_coupe_2009/1110.jpg	The background is blurred, suggesting motion and speed.
../dataset/datasets/car/10shot/train/mercedes-benz_e-class_sedan_2012/1775.jpg	Desert landscape with rocky hillside.
../dataset/datasets/car/10shot/train/mercedes-benz_e-class_sedan_2012/1776.jpg	Desert landscape with mountains and sunset.
../dataset/datasets/car/10shot/train/mercedes-benz_e-class_sedan_2012/1771.jpg	The background shows a blurred landscape with trees and water, suggesting motion.
../dataset/datasets/car/10shot/train/mercedes-benz_e-class_sedan_2012/1779.jpg	The car is set against a plain, light gray background.
../dataset/datasets/car/10shot/train/mercedes-benz_e-class_sedan_2012/1778.jpg	A car is displayed at an auto show with other vehicles and people in the background.
../dataset/datasets/car/10shot/train/mercedes-benz_e-class_sedan_2012/1774.jpg	A car is parked on a paved area with trees and buildings in the background.
../dataset/datasets/car/10shot/train/mercedes-benz_e-class_sedan_2012/1777.jpg	A car is parked on a dark, reflective surface with a plain gray background.
../dataset/datasets/car/10shot/train/mercedes-benz_e-class_sedan_2012/1770.jpg	A car is on a road with a tunnel wall and "AMG - VÄTH V63RS" text.
../dataset/datasets/car/10shot/train/mercedes-benz_e-class_sedan_2012/1772.jpg	Mercedes-Benz display with "The New E-Class" sign.
../dataset/datasets/car/10shot/train/mercedes-benz_e-class_sedan_2012/1773.jpg	A car is parked in front of a Mercedes-Benz dealership with a blue building and large windows.
../dataset/datasets/car/10shot/train/mercedes-benz_s-class_sedan_2012/705.jpg	The car is parked indoors, likely in a showroom or garage.
../dataset/datasets/car/10shot/train/mercedes-benz_s-class_sedan_2012/708.jpg	The car is parked on a paved surface with trees and buildings in the background.
../dataset/datasets/car/10shot/train/mercedes-benz_s-class_sedan_2012/703.jpg	A car is displayed in a showroom with other cars and people in the background.
../dataset/datasets/car/10shot/train/mercedes-benz_s-class_sedan_2012/704.jpg	The car is parked on a brick driveway with trees and greenery in the background.
../dataset/datasets/car/10shot/train/mercedes-benz_s-class_sedan_2012/700.jpg	A car is parked against a blue wall with a cloudy sky above.
../dataset/datasets/car/10shot/train/mercedes-benz_s-class_sedan_2012/706.jpg	The car is set against a dark, gradient background.
../dataset/datasets/car/10shot/train/mercedes-benz_s-class_sedan_2012/701.jpg	A car is parked on a road with grass and trees in the background, bathed in warm sunlight.
../dataset/datasets/car/10shot/train/mercedes-benz_s-class_sedan_2012/707.jpg	A car parked in front of a building with a number above it.
../dataset/datasets/car/10shot/train/mercedes-benz_s-class_sedan_2012/709.jpg	A car is driving on a snowy road with mountains in the background.
../dataset/datasets/car/10shot/train/mercedes-benz_s-class_sedan_2012/702.jpg	The car is set against a plain, neutral background.
../dataset/datasets/car/10shot/train/mercedes-benz_sprinter_van_2012/1628.jpg	The car is on a plain, light gray background.
../dataset/datasets/car/10shot/train/mercedes-benz_sprinter_van_2012/1622.jpg	A car is parked in a lot with other vehicles and trees in the background.
../dataset/datasets/car/10shot/train/mercedes-benz_sprinter_van_2012/1624.jpg	The car is set against a plain white background.
../dataset/datasets/car/10shot/train/mercedes-benz_sprinter_van_2012/1625.jpg	The car is set against a dark, textured background.
../dataset/datasets/car/10shot/train/mercedes-benz_sprinter_van_2012/1623.jpg	A car is parked on asphalt with trees and buildings in the background.
../dataset/datasets/car/10shot/train/mercedes-benz_sprinter_van_2012/1621.jpg	The car is parked in a lot with other vehicles and trees in the background.
../dataset/datasets/car/10shot/train/mercedes-benz_sprinter_van_2012/1626.jpg	A car parked on cobblestone street near brick wall and yellow building.
../dataset/datasets/car/10shot/train/mercedes-benz_sprinter_van_2012/1627.jpg	The background is plain and light-colored, possibly a studio setting.
../dataset/datasets/car/10shot/train/mercedes-benz_sprinter_van_2012/1620.jpg	A car is parked on a cobblestone street with brick buildings and trees in the background.
../dataset/datasets/car/10shot/train/mercedes-benz_sprinter_van_2012/1629.jpg	The car is parked on a gravel surface with buildings and trees in the background under a clear blue sky.
../dataset/datasets/car/10shot/train/mitsubishi_lancer_sedan_2012/84.jpg	A car is parked in a lot with palm trees and other vehicles visible.
../dataset/datasets/car/10shot/train/mitsubishi_lancer_sedan_2012/87.jpg	A car is parked in front of a Mitsubishi dealership with a "Platinum" sign and other vehicles visible.
../dataset/datasets/car/10shot/train/mitsubishi_lancer_sedan_2012/82.jpg	A car is parked in a lot with trees and other vehicles visible.
../dataset/datasets/car/10shot/train/mitsubishi_lancer_sedan_2012/83.jpg	A car is displayed on a red carpet with a blue backdrop.
../dataset/datasets/car/10shot/train/mitsubishi_lancer_sedan_2012/85.jpg	The car is set against a plain white background.
../dataset/datasets/car/10shot/train/mitsubishi_lancer_sedan_2012/88.jpg	A car is parked in a lot with other vehicles and trees in the background.
../dataset/datasets/car/10shot/train/mitsubishi_lancer_sedan_2012/81.jpg	A car parked near a fence with greenery behind it.
../dataset/datasets/car/10shot/train/mitsubishi_lancer_sedan_2012/80.jpg	A car is displayed in a showroom with other vehicles and promotional banners visible.
../dataset/datasets/car/10shot/train/mitsubishi_lancer_sedan_2012/86.jpg	A car drives on a road with mountains and trees in the background.
../dataset/datasets/car/10shot/train/mitsubishi_lancer_sedan_2012/89.jpg	A car on frozen lake, trees in background.
../dataset/datasets/car/10shot/train/nissan_leaf_hatchback_2012/1424.jpg	A car is parked on a lot with other vehicles and a building in the background.
../dataset/datasets/car/10shot/train/nissan_leaf_hatchback_2012/1427.jpg	A car on a rural road with clear blue sky and power lines.
../dataset/datasets/car/10shot/train/nissan_leaf_hatchback_2012/1423.jpg	A car parked in front of a modern house with palm trees and clear sky.
../dataset/datasets/car/10shot/train/nissan_leaf_hatchback_2012/1426.jpg	A car is parked against a dark, textured wall.
../dataset/datasets/car/10shot/train/nissan_leaf_hatchback_2012/1425.jpg	The car is parked near trees and a railing, with sunlight filtering through the leaves.
../dataset/datasets/car/10shot/train/nissan_leaf_hatchback_2012/1420.jpg	A car is parked in front of a Nissan dealership.
../dataset/datasets/car/10shot/train/nissan_leaf_hatchback_2012/1421.jpg	A car is parked on a street with brick sidewalks, trees, and buildings in the background.
../dataset/datasets/car/10shot/train/nissan_leaf_hatchback_2012/1422.jpg	A car is parked on a concrete surface with steps and a wall in the background.
../dataset/datasets/car/10shot/train/nissan_leaf_hatchback_2012/1429.jpg	A car is parked on a driveway with green grass, trees, and a building in the background.
../dataset/datasets/car/10shot/train/nissan_leaf_hatchback_2012/1428.jpg	A car is driving on a road with other vehicles and buildings in the background.
../dataset/datasets/car/10shot/train/nissan_nv_passenger_van_2012/1563.jpg	Grassy field, clear sky, trees, buildings.
../dataset/datasets/car/10shot/train/nissan_nv_passenger_van_2012/1569.jpg	Indoor showroom with other vehicles.
../dataset/datasets/car/10shot/train/nissan_nv_passenger_van_2012/1565.jpg	The car is set against a plain white wall and floor.
../dataset/datasets/car/10shot/train/nissan_nv_passenger_van_2012/1562.jpg	A white van is parked in a lot with other vehicles and a dealership sign visible.
../dataset/datasets/car/10shot/train/nissan_nv_passenger_van_2012/1567.jpg	Industrial setting with cranes and containers.
../dataset/datasets/car/10shot/train/nissan_nv_passenger_van_2012/1564.jpg	Industrial warehouse setting.
../dataset/datasets/car/10shot/train/nissan_nv_passenger_van_2012/1560.jpg	A car is parked with a city skyline and water in the background.
../dataset/datasets/car/10shot/train/nissan_nv_passenger_van_2012/1568.jpg	A car is parked on snow-covered ground near buildings and other vehicles.
../dataset/datasets/car/10shot/train/nissan_nv_passenger_van_2012/1566.jpg	Indoor showroom with other vehicles.
../dataset/datasets/car/10shot/train/nissan_nv_passenger_van_2012/1561.jpg	The background shows a parking lot with trees and a clear sky.
../dataset/datasets/car/10shot/train/nissan_juke_hatchback_2012/224.jpg	The car is set against a dark, gradient background.
../dataset/datasets/car/10shot/train/nissan_juke_hatchback_2012/227.jpg	A car is parked under an overpass with graffiti on the pillars.
../dataset/datasets/car/10shot/train/nissan_juke_hatchback_2012/221.jpg	A car is displayed on a red carpet with a dark backdrop and "JUKE" visible.
../dataset/datasets/car/10shot/train/nissan_juke_hatchback_2012/225.jpg	A car on a paved surface near water.
../dataset/datasets/car/10shot/train/nissan_juke_hatchback_2012/222.jpg	A car is on a road with palm trees and buildings in the background.
../dataset/datasets/car/10shot/train/nissan_juke_hatchback_2012/220.jpg	A car is parked on wet pavement near a modern building with a white facade and structural beams.
../dataset/datasets/car/10shot/train/nissan_juke_hatchback_2012/223.jpg	Indoor exhibition with red carpet.
../dataset/datasets/car/10shot/train/nissan_juke_hatchback_2012/229.jpg	A car parked outside a dealership with red and white walls, glass doors, and other cars visible.
../dataset/datasets/car/10shot/train/nissan_juke_hatchback_2012/226.jpg	The car is displayed in a modern, well-lit showroom with a clean, minimalist design.
../dataset/datasets/car/10shot/train/nissan_juke_hatchback_2012/228.jpg	A car is parked in a lot with other vehicles and houses in the background.
../dataset/datasets/car/10shot/train/nissan_240sx_coupe_1998/926.jpg	Red car on U-Haul trailer, brick building and snow.
../dataset/datasets/car/10shot/train/nissan_240sx_coupe_1998/922.jpg	A car is parked on a paved road with trees and a wooden fence in the background.
../dataset/datasets/car/10shot/train/nissan_240sx_coupe_1998/928.jpg	The car is parked on a gravel lot with other vehicles and trees in the distance.
../dataset/datasets/car/10shot/train/nissan_240sx_coupe_1998/923.jpg	A car on concrete with trees and sky in background.
../dataset/datasets/car/10shot/train/nissan_240sx_coupe_1998/920.jpg	The car is parked on a paved surface with trees and bushes in the background.
../dataset/datasets/car/10shot/train/nissan_240sx_coupe_1998/924.jpg	Residential street with houses and trees.
../dataset/datasets/car/10shot/train/nissan_240sx_coupe_1998/921.jpg	A car is parked on a street with houses and trees in the background.
../dataset/datasets/car/10shot/train/nissan_240sx_coupe_1998/927.jpg	A car parked in driveway, suburban houses visible.
../dataset/datasets/car/10shot/train/nissan_240sx_coupe_1998/925.jpg	Victorian houses, greenery, streetlamp.
../dataset/datasets/car/10shot/train/nissan_240sx_coupe_1998/929.jpg	A car is parked against a backdrop of red rock formations and dry grass.
../dataset/datasets/car/10shot/train/plymouth_neon_coupe_1999/154.jpg	A car with damaged hood and windshield, parked in lot.
../dataset/datasets/car/10shot/train/plymouth_neon_coupe_1999/152.jpg	A car parked on grass near house and trees.
../dataset/datasets/car/10shot/train/plymouth_neon_coupe_1999/151.jpg	A car is parked in a lot with other cars and trees in the background.
../dataset/datasets/car/10shot/train/plymouth_neon_coupe_1999/156.jpg	Car parked on snow, near building and bushes.
../dataset/datasets/car/10shot/train/plymouth_neon_coupe_1999/150.jpg	A car parked in a parking lot near a building with brick walls and a grassy area in the distance.
../dataset/datasets/car/10shot/train/plymouth_neon_coupe_1999/158.jpg	A car is parked on sandy ground with other vehicles and pink markings visible in the background.
../dataset/datasets/car/10shot/train/plymouth_neon_coupe_1999/159.jpg	The car is parked in an open lot with trees and poles in the background.
../dataset/datasets/car/10shot/train/plymouth_neon_coupe_1999/153.jpg	A car on a textured surface.
../dataset/datasets/car/10shot/train/plymouth_neon_coupe_1999/155.jpg	Residential neighborhood with houses and trees.
../dataset/datasets/car/10shot/train/plymouth_neon_coupe_1999/157.jpg	A car is parked in a lot with other cars and greenery in the background.
../dataset/datasets/car/10shot/train/porsche_panamera_sedan_2012/419.jpg	A car is parked on asphalt with trees and overcast sky in the background.
../dataset/datasets/car/10shot/train/porsche_panamera_sedan_2012/413.jpg	A car is parked on cobblestones with a building in the background.
../dataset/datasets/car/10shot/train/porsche_panamera_sedan_2012/416.jpg	A car on a curvy road with blurred surroundings.
../dataset/datasets/car/10shot/train/porsche_panamera_sedan_2012/410.jpg	A car is parked in front of a historic red brick building with a clock tower and a cobblestone street.
../dataset/datasets/car/10shot/train/porsche_panamera_sedan_2012/412.jpg	The car is set against a gradient gray background.
../dataset/datasets/car/10shot/train/porsche_panamera_sedan_2012/411.jpg	The car is set against a plain white background.
../dataset/datasets/car/10shot/train/porsche_panamera_sedan_2012/414.jpg	Rocks, trees, mountains.
../dataset/datasets/car/10shot/train/porsche_panamera_sedan_2012/417.jpg	A car is parked on a tiled surface with trees and modern architecture in the background.
../dataset/datasets/car/10shot/train/porsche_panamera_sedan_2012/415.jpg	A car is parked near a Nissan booth with flags and other vehicles in the background.
../dataset/datasets/car/10shot/train/porsche_panamera_sedan_2012/418.jpg	A car is parked near water.
../dataset/datasets/car/10shot/train/ram_c_v_cargo_van_minivan_2012/1036.jpg	The car is in a showroom with other vehicles and people observing.
../dataset/datasets/car/10shot/train/ram_c_v_cargo_van_minivan_2012/1032.jpg	A car is parked in front of a building with large windows and a brick facade.
../dataset/datasets/car/10shot/train/ram_c_v_cargo_van_minivan_2012/1031.jpg	The background is plain white.
../dataset/datasets/car/10shot/train/ram_c_v_cargo_van_minivan_2012/1034.jpg	A white van parked in front of a Spirit Dodge dealership with an American flag and a blue sky.
../dataset/datasets/car/10shot/train/ram_c_v_cargo_van_minivan_2012/1030.jpg	A car is parked in a dealership lot with other vehicles and flags visible in the background.
../dataset/datasets/car/10shot/train/ram_c_v_cargo_van_minivan_2012/1038.jpg	A car is parked in front of a yellow building with text on it.
../dataset/datasets/car/10shot/train/ram_c_v_cargo_van_minivan_2012/1033.jpg	Construction site with concrete blocks and vehicles.
../dataset/datasets/car/10shot/train/ram_c_v_cargo_van_minivan_2012/1037.jpg	A car is parked on dry grassy hillside.
../dataset/datasets/car/10shot/train/ram_c_v_cargo_van_minivan_2012/1035.jpg	The car is on a plain white background.
../dataset/datasets/car/10shot/train/ram_c_v_cargo_van_minivan_2012/1039.jpg	A white van with open side door, parked in front of a building with large windows and flowers nearby.
../dataset/datasets/car/10shot/train/rolls-royce_phantom_drophead_coupe_convertible_2012/720.jpg	Clear blue sky, flat surface.
../dataset/datasets/car/10shot/train/rolls-royce_phantom_drophead_coupe_convertible_2012/725.jpg	The car is parked on a concrete surface with other cars and greenery in the background.
../dataset/datasets/car/10shot/train/rolls-royce_phantom_drophead_coupe_convertible_2012/728.jpg	A car is parked outside a building with a wooden door and a lit sign.
../dataset/datasets/car/10shot/train/rolls-royce_phantom_drophead_coupe_convertible_2012/722.jpg	Clear blue sky.
../dataset/datasets/car/10shot/train/rolls-royce_phantom_drophead_coupe_convertible_2012/727.jpg	A car is parked on a grassy area with a blurred background of other cars and buildings.
../dataset/datasets/car/10shot/train/rolls-royce_phantom_drophead_coupe_convertible_2012/726.jpg	A car is parked in front of a Rolls-Royce Motor Cars dealership.
../dataset/datasets/car/10shot/train/rolls-royce_phantom_drophead_coupe_convertible_2012/724.jpg	A car is parked on a driveway with a marina and boats visible in the background.
../dataset/datasets/car/10shot/train/rolls-royce_phantom_drophead_coupe_convertible_2012/721.jpg	The car is parked indoors with a white ceiling and a logo for "PacificBMW.com" visible.
../dataset/datasets/car/10shot/train/rolls-royce_phantom_drophead_coupe_convertible_2012/723.jpg	A car is parked on a city street with buildings and a "Gold Coast" sign visible in the background.
../dataset/datasets/car/10shot/train/rolls-royce_phantom_drophead_coupe_convertible_2012/729.jpg	A car is parked near water with boats and trees in the background.
../dataset/datasets/car/10shot/train/rolls-royce_ghost_sedan_2012/1065.jpg	A car is displayed at an indoor event with people and another car visible in the background.
../dataset/datasets/car/10shot/train/rolls-royce_ghost_sedan_2012/1061.jpg	The car is on a road with a desert landscape and a guardrail in the background.
../dataset/datasets/car/10shot/train/rolls-royce_ghost_sedan_2012/1064.jpg	The car is on a road with a blurred background, suggesting motion.
../dataset/datasets/car/10shot/train/rolls-royce_ghost_sedan_2012/1066.jpg	A car is parked indoors, likely in a showroom or garage.
../dataset/datasets/car/10shot/train/rolls-royce_ghost_sedan_2012/1062.jpg	The car is parked indoors with a plain, light-colored wall and floor.
../dataset/datasets/car/10shot/train/rolls-royce_ghost_sedan_2012/1067.jpg	A car is displayed on a showroom floor with a white wall and a Rolls-Royce logo visible.
../dataset/datasets/car/10shot/train/rolls-royce_ghost_sedan_2012/1068.jpg	A car is displayed in a showroom with a large advertisement in the background.
../dataset/datasets/car/10shot/train/rolls-royce_ghost_sedan_2012/1063.jpg	A car is parked on a paved area with people and trees in the background.
../dataset/datasets/car/10shot/train/rolls-royce_ghost_sedan_2012/1060.jpg	The car is set against a plain, light gray background.
../dataset/datasets/car/10shot/train/rolls-royce_ghost_sedan_2012/1069.jpg	A car is parked on a flat, open area with mountains and sky in the background.
../dataset/datasets/car/10shot/train/rolls-royce_phantom_sedan_2012/405.jpg	A car is parked near palm trees and a clear sky.
../dataset/datasets/car/10shot/train/rolls-royce_phantom_sedan_2012/402.jpg	The car is set against a dark, gradient background.
../dataset/datasets/car/10shot/train/rolls-royce_phantom_sedan_2012/407.jpg	A car is parked near the Eiffel Tower with a cloudy sky and Parisian architecture in the background.
../dataset/datasets/car/10shot/train/rolls-royce_phantom_sedan_2012/401.jpg	A car is parked on a dark surface with a hedge and building in the background.
../dataset/datasets/car/10shot/train/rolls-royce_phantom_sedan_2012/400.jpg	The car is parked on a paved area with palm trees and a building in the background.
../dataset/datasets/car/10shot/train/rolls-royce_phantom_sedan_2012/403.jpg	A car is parked indoors, with a blurred outdoor scene visible through the windows.
../dataset/datasets/car/10shot/train/rolls-royce_phantom_sedan_2012/404.jpg	A car is parked on a street with a building featuring large windows and a stone facade in the background.
../dataset/datasets/car/10shot/train/rolls-royce_phantom_sedan_2012/406.jpg	A car on a clear, open surface with a blue sky.
../dataset/datasets/car/10shot/train/rolls-royce_phantom_sedan_2012/408.jpg	A car is parked against a backdrop of rugged, mountainous terrain under a partly cloudy sky.
../dataset/datasets/car/10shot/train/rolls-royce_phantom_sedan_2012/409.jpg	A car is parked on a sidewalk near a building with large windows and a decorative awning.
../dataset/datasets/car/10shot/train/scion_xd_hatchback_2012/933.jpg	A car is parked outside a house with a garage door open.
../dataset/datasets/car/10shot/train/scion_xd_hatchback_2012/936.jpg	A car is parked in front of a building with a clear sky and trees.
../dataset/datasets/car/10shot/train/scion_xd_hatchback_2012/931.jpg	The car is set against a plain black background.
../dataset/datasets/car/10shot/train/scion_xd_hatchback_2012/938.jpg	A car is parked in a lot with other vehicles and buildings in the background.
../dataset/datasets/car/10shot/train/scion_xd_hatchback_2012/935.jpg	Residential street with houses and parked cars.
../dataset/datasets/car/10shot/train/scion_xd_hatchback_2012/937.jpg	A car is parked in front of a building with trees and another vehicle visible.
../dataset/datasets/car/10shot/train/scion_xd_hatchback_2012/932.jpg	A car is parked in a driveway with trees and a fence in the background.
../dataset/datasets/car/10shot/train/scion_xd_hatchback_2012/939.jpg	The car is red with a black carbon fiber rear spoiler.
../dataset/datasets/car/10shot/train/scion_xd_hatchback_2012/934.jpg	A car is parked in front of a Toyota dealership with other cars visible in the background.
../dataset/datasets/car/10shot/train/scion_xd_hatchback_2012/930.jpg	A car is parked on a paved surface with a scenic mountain backdrop.
../dataset/datasets/car/10shot/train/spyker_c8_convertible_2009/1045.jpg	A car is parked near a railing with buildings and greenery in the background.
../dataset/datasets/car/10shot/train/spyker_c8_convertible_2009/1049.jpg	A car is displayed indoors with a reflective floor and blurred lights in the background.
../dataset/datasets/car/10shot/train/spyker_c8_convertible_2009/1040.jpg	A car is parked on a brick driveway with trees and houses in the background.
../dataset/datasets/car/10shot/train/spyker_c8_convertible_2009/1041.jpg	A car is displayed at an auto show with other vehicles and booths in the background.
../dataset/datasets/car/10shot/train/spyker_c8_convertible_2009/1048.jpg	Car is displayed under tent with palm trees and red furniture.
../dataset/datasets/car/10shot/train/spyker_c8_convertible_2009/1046.jpg	A car is displayed on a platform with people and glass walls in the background.
../dataset/datasets/car/10shot/train/spyker_c8_convertible_2009/1044.jpg	The car is set against a plain white background.
../dataset/datasets/car/10shot/train/spyker_c8_convertible_2009/1042.jpg	The car is displayed indoors with a dark, reflective floor and walls.
../dataset/datasets/car/10shot/train/spyker_c8_convertible_2009/1047.jpg	A car is displayed in a showroom with other cars and large windows.
../dataset/datasets/car/10shot/train/spyker_c8_convertible_2009/1043.jpg	A car is displayed in a showroom with large windows and parked cars outside.
../dataset/datasets/car/10shot/train/spyker_c8_coupe_2009/262.jpg	A car is parked against a backdrop of hills and a clear sky.
../dataset/datasets/car/10shot/train/spyker_c8_coupe_2009/269.jpg	A car is parked on a track with a foggy, overcast sky in the background.
../dataset/datasets/car/10shot/train/spyker_c8_coupe_2009/264.jpg	A car is displayed at an auto show with other vehicles and signage visible.
../dataset/datasets/car/10shot/train/spyker_c8_coupe_2009/266.jpg	Wet, reflective surface with trees and fence.
../dataset/datasets/car/10shot/train/spyker_c8_coupe_2009/260.jpg	The car is set against a plain, neutral background.
../dataset/datasets/car/10shot/train/spyker_c8_coupe_2009/263.jpg	A car is displayed at an auto show with people and other vehicles in the background.
../dataset/datasets/car/10shot/train/spyker_c8_coupe_2009/268.jpg	A car on a track with spectators and greenery.
../dataset/datasets/car/10shot/train/spyker_c8_coupe_2009/265.jpg	The background features other cars and a person walking.
../dataset/datasets/car/10shot/train/spyker_c8_coupe_2009/261.jpg	The car is on a road with a rocky, dry hillside in the background.
../dataset/datasets/car/10shot/train/spyker_c8_coupe_2009/267.jpg	A car is parked indoors, likely in a showroom or garage.
../dataset/datasets/car/10shot/train/suzuki_aerio_sedan_2007/1639.jpg	A car is parked in a lot with a building and mountains in the distance.
../dataset/datasets/car/10shot/train/suzuki_aerio_sedan_2007/1635.jpg	The car is parked on a street with other vehicles and buildings in the background.
../dataset/datasets/car/10shot/train/suzuki_aerio_sedan_2007/1630.jpg	A car is parked in front of a building with large windows and stone walls.
../dataset/datasets/car/10shot/train/suzuki_aerio_sedan_2007/1637.jpg	A car parked on sidewalk near street with buildings and trees.
../dataset/datasets/car/10shot/train/suzuki_aerio_sedan_2007/1634.jpg	A car parked outside a building with a white wall and orange door.
../dataset/datasets/car/10shot/train/suzuki_aerio_sedan_2007/1631.jpg	The car is parked on a cobblestone surface with trees and another vehicle visible in the background.
../dataset/datasets/car/10shot/train/suzuki_aerio_sedan_2007/1632.jpg	The background is plain white.
../dataset/datasets/car/10shot/train/suzuki_aerio_sedan_2007/1638.jpg	The car is on a plain white background.
../dataset/datasets/car/10shot/train/suzuki_aerio_sedan_2007/1636.jpg	A car is parked on a wet surface with snow and buildings in the background.
../dataset/datasets/car/10shot/train/suzuki_aerio_sedan_2007/1633.jpg	A car is parked near palm trees and a building.
../dataset/datasets/car/10shot/train/suzuki_kizashi_sedan_2012/1604.jpg	A car parked on a paved area with greenery and trees in the background.
../dataset/datasets/car/10shot/train/suzuki_kizashi_sedan_2012/1609.jpg	A car parked on grass near sidewalk, trees, and mountains.
../dataset/datasets/car/10shot/train/suzuki_kizashi_sedan_2012/1600.jpg	Snowy landscape, frozen lake, clear sky.
../dataset/datasets/car/10shot/train/suzuki_kizashi_sedan_2012/1608.jpg	The background features trees, a road, and a construction vehicle.
../dataset/datasets/car/10shot/train/suzuki_kizashi_sedan_2012/1601.jpg	A car is driving on a road with blurred buildings in the background.
../dataset/datasets/car/10shot/train/suzuki_kizashi_sedan_2012/1606.jpg	A car is parked near water with mountains in the background.
../dataset/datasets/car/10shot/train/suzuki_kizashi_sedan_2012/1602.jpg	The car is set against a plain, light gray background.
../dataset/datasets/car/10shot/train/suzuki_kizashi_sedan_2012/1605.jpg	A car is parked in a dealership lot with other vehicles and a Subaru sign visible.
../dataset/datasets/car/10shot/train/suzuki_kizashi_sedan_2012/1607.jpg	A car is parked on grass with a building and other vehicles visible in the background.
../dataset/datasets/car/10shot/train/suzuki_kizashi_sedan_2012/1603.jpg	The car is on a track with orange cones, surrounded by trees and a clear sky.
../dataset/datasets/car/10shot/train/suzuki_sx4_hatchback_2012/1189.jpg	The car is on a dirt road with a blue sky and rocky terrain in the background.
../dataset/datasets/car/10shot/train/suzuki_sx4_hatchback_2012/1187.jpg	A car is parked on a street with autumn foliage and a house in the background.
../dataset/datasets/car/10shot/train/suzuki_sx4_hatchback_2012/1186.jpg	A car on a road near water and hills.
../dataset/datasets/car/10shot/train/suzuki_sx4_hatchback_2012/1185.jpg	The background features a blurred natural setting with dry grass and rocks, suggesting a rural or desert environment.
../dataset/datasets/car/10shot/train/suzuki_sx4_hatchback_2012/1183.jpg	The background shows other cars and a building with signage.
../dataset/datasets/car/10shot/train/suzuki_sx4_hatchback_2012/1184.jpg	A car is parked outside a dealership with a sign for Dellenbach.com.
../dataset/datasets/car/10shot/train/suzuki_sx4_hatchback_2012/1188.jpg	A car is displayed with a bicycle mounted on its roof rack against a white wall with a red light and a silhouette of a cyclist.
../dataset/datasets/car/10shot/train/suzuki_sx4_hatchback_2012/1182.jpg	Suzuki dealership with "Suzuki Test Drive Centre" banner.
../dataset/datasets/car/10shot/train/suzuki_sx4_hatchback_2012/1181.jpg	A car is parked on a paved area with grassy hills and a partly cloudy sky in the background.
../dataset/datasets/car/10shot/train/suzuki_sx4_hatchback_2012/1180.jpg	The car is set against a plain white background.
../dataset/datasets/car/10shot/train/suzuki_sx4_sedan_2012/240.jpg	The car is parked on a paved surface with dry grass and a hazy sky in the background.
../dataset/datasets/car/10shot/train/suzuki_sx4_sedan_2012/248.jpg	A car is parked on a paved surface with a clear sky and ocean in the background.
../dataset/datasets/car/10shot/train/suzuki_sx4_sedan_2012/245.jpg	A car is parked on a street with trees and grass in the background.
../dataset/datasets/car/10shot/train/suzuki_sx4_sedan_2012/242.jpg	A car is parked on a street with a blurred background.
../dataset/datasets/car/10shot/train/suzuki_sx4_sedan_2012/241.jpg	A car is displayed on a white floor with people around it.
../dataset/datasets/car/10shot/train/suzuki_sx4_sedan_2012/244.jpg	A car is parked on a paved surface with a building and fence in the background.
../dataset/datasets/car/10shot/train/suzuki_sx4_sedan_2012/247.jpg	A car is parked on a paved area with greenery and palm trees in the background.
../dataset/datasets/car/10shot/train/suzuki_sx4_sedan_2012/243.jpg	The car is on a plain white background.
../dataset/datasets/car/10shot/train/suzuki_sx4_sedan_2012/246.jpg	A car is parked in front of a building with a white facade and a blue stripe on the ground.
../dataset/datasets/car/10shot/train/suzuki_sx4_sedan_2012/249.jpg	A car is parked on a wet road with a bridge and trees in the background.
../dataset/datasets/car/10shot/train/tesla_model_s_sedan_2012/1505.jpg	A car is displayed at an auto show with people and other vehicles in the background.
../dataset/datasets/car/10shot/train/tesla_model_s_sedan_2012/1500.jpg	A car is displayed indoors with people and lights around it.
../dataset/datasets/car/10shot/train/tesla_model_s_sedan_2012/1507.jpg	A car is parked in front of a crowd under a tent.
../dataset/datasets/car/10shot/train/tesla_model_s_sedan_2012/1509.jpg	Factory setting with workers and machinery.
../dataset/datasets/car/10shot/train/tesla_model_s_sedan_2012/1506.jpg	The car is on a road with trees and grass in the background.
../dataset/datasets/car/10shot/train/tesla_model_s_sedan_2012/1502.jpg	The background is white.
../dataset/datasets/car/10shot/train/tesla_model_s_sedan_2012/1508.jpg	A car is parked in front of a Tesla building.
../dataset/datasets/car/10shot/train/tesla_model_s_sedan_2012/1501.jpg	A car on a concrete surface.
../dataset/datasets/car/10shot/train/tesla_model_s_sedan_2012/1504.jpg	A car is displayed on a showroom floor with people and other cars in the background.
../dataset/datasets/car/10shot/train/tesla_model_s_sedan_2012/1503.jpg	A car is displayed on a platform with a crowd of people and photographers in the background.
../dataset/datasets/car/10shot/train/toyota_sequoia_suv_2012/110.jpg	A car is parked under a covered structure with other vehicles visible in the background.
../dataset/datasets/car/10shot/train/toyota_sequoia_suv_2012/116.jpg	A car parked near modern buildings with plants.
../dataset/datasets/car/10shot/train/toyota_sequoia_suv_2012/118.jpg	The background is plain white.
../dataset/datasets/car/10shot/train/toyota_sequoia_suv_2012/119.jpg	A car is parked in a lot with trees and buildings in the background.
../dataset/datasets/car/10shot/train/toyota_sequoia_suv_2012/114.jpg	Residential street with houses and trees.
../dataset/datasets/car/10shot/train/toyota_sequoia_suv_2012/112.jpg	A car on road with blurred trees and grass.
../dataset/datasets/car/10shot/train/toyota_sequoia_suv_2012/117.jpg	A car is parked near a building with a yellow wall and windows.
../dataset/datasets/car/10shot/train/toyota_sequoia_suv_2012/115.jpg	A car is parked on a dirt surface with a clear blue sky and distant mountains in the background.
../dataset/datasets/car/10shot/train/toyota_sequoia_suv_2012/111.jpg	The car is on a road with trees in the background.
../dataset/datasets/car/10shot/train/toyota_sequoia_suv_2012/113.jpg	The background shows a parking lot with other vehicles and buildings.
../dataset/datasets/car/10shot/train/toyota_camry_sedan_2012/531.jpg	A car is parked in an empty parking garage.
../dataset/datasets/car/10shot/train/toyota_camry_sedan_2012/537.jpg	A car is parked in front of a modern building with glass and metal facade, surrounded by greenery.
../dataset/datasets/car/10shot/train/toyota_camry_sedan_2012/534.jpg	A car on a road near houses and trees.
../dataset/datasets/car/10shot/train/toyota_camry_sedan_2012/538.jpg	A car is parked in a lot with other vehicles and trees in the background.
../dataset/datasets/car/10shot/train/toyota_camry_sedan_2012/535.jpg	Toyota dealership lot with cars and trees.
../dataset/datasets/car/10shot/train/toyota_camry_sedan_2012/532.jpg	A car is parked in a lot with other vehicles and a building in the background.
../dataset/datasets/car/10shot/train/toyota_camry_sedan_2012/530.jpg	A car is parked indoors with a white wall and red stripe in the background.
../dataset/datasets/car/10shot/train/toyota_camry_sedan_2012/536.jpg	A car is parked in a lot with other vehicles and a building in the background.
../dataset/datasets/car/10shot/train/toyota_camry_sedan_2012/539.jpg	A car is driving on a road with blurred trees and buildings in the background.
../dataset/datasets/car/10shot/train/toyota_camry_sedan_2012/533.jpg	A car is parked on a checkered floor against a white wall.
../dataset/datasets/car/10shot/train/toyota_corolla_sedan_2012/620.jpg	A car is parked in a lot with other cars and trees in the background.
../dataset/datasets/car/10shot/train/toyota_corolla_sedan_2012/626.jpg	A car is parked in front of a house with a tiled roof and arched windows.
../dataset/datasets/car/10shot/train/toyota_corolla_sedan_2012/622.jpg	Grassy hill, houses.
../dataset/datasets/car/10shot/train/toyota_corolla_sedan_2012/621.jpg	A car is parked on a street with trees and grass in the background.
../dataset/datasets/car/10shot/train/toyota_corolla_sedan_2012/628.jpg	A car is parked in front of a house with a garage and trees.
../dataset/datasets/car/10shot/train/toyota_corolla_sedan_2012/625.jpg	The car is set against a textured, grayish-white wall with a wooden floor beneath it.
../dataset/datasets/car/10shot/train/toyota_corolla_sedan_2012/627.jpg	A car is parked on gravel with another vehicle behind it.
../dataset/datasets/car/10shot/train/toyota_corolla_sedan_2012/629.jpg	The car is set against a plain, light gray background.
../dataset/datasets/car/10shot/train/toyota_corolla_sedan_2012/624.jpg	Residential street with trees and houses.
../dataset/datasets/car/10shot/train/toyota_corolla_sedan_2012/623.jpg	A car is parked in front of a dealership with a clear sky and other vehicles visible.
../dataset/datasets/car/10shot/train/toyota_4runner_suv_2012/1208.jpg	A car is parked on a paved road with mountains and clear sky in the background.
../dataset/datasets/car/10shot/train/toyota_4runner_suv_2012/1204.jpg	A car on a dirt road with blurred greenery.
../dataset/datasets/car/10shot/train/toyota_4runner_suv_2012/1203.jpg	The car is parked on asphalt with trees and grass in the background.
../dataset/datasets/car/10shot/train/toyota_4runner_suv_2012/1205.jpg	A car on a road with blurred background.
../dataset/datasets/car/10shot/train/toyota_4runner_suv_2012/1200.jpg	A car is parked in front of a glass building with reflections visible on the windows.
../dataset/datasets/car/10shot/train/toyota_4runner_suv_2012/1207.jpg	A car is parked against a backdrop of mountains and a sunset sky.
../dataset/datasets/car/10shot/train/toyota_4runner_suv_2012/1201.jpg	The car is set against a backdrop of a sunset or sunrise with a mountainous landscape and trees.
../dataset/datasets/car/10shot/train/toyota_4runner_suv_2012/1206.jpg	The car is on a dirt road with grass and trees in the background.
../dataset/datasets/car/10shot/train/toyota_4runner_suv_2012/1202.jpg	A car is parked indoors on a concrete floor.
../dataset/datasets/car/10shot/train/toyota_4runner_suv_2012/1209.jpg	The car is set against a plain white background.
../dataset/datasets/car/10shot/train/volkswagen_golf_hatchback_2012/516.jpg	A car is parked near a modern building with glass windows and a metal facade.
../dataset/datasets/car/10shot/train/volkswagen_golf_hatchback_2012/512.jpg	The car is on a plain white background.
../dataset/datasets/car/10shot/train/volkswagen_golf_hatchback_2012/519.jpg	The car is parked on a paved surface with a brick wall and a blue sky in the background.
../dataset/datasets/car/10shot/train/volkswagen_golf_hatchback_2012/511.jpg	The car is parked outdoors with trees and greenery in the background.
../dataset/datasets/car/10shot/train/volkswagen_golf_hatchback_2012/518.jpg	The car is set against a plain white and gray background.
../dataset/datasets/car/10shot/train/volkswagen_golf_hatchback_2012/514.jpg	A car is parked indoors on a wooden floor, with another vehicle and a wall visible in the background.
../dataset/datasets/car/10shot/train/volkswagen_golf_hatchback_2012/513.jpg	A car on road with clear sky.
../dataset/datasets/car/10shot/train/volkswagen_golf_hatchback_2012/517.jpg	A car is parked in front of a building with large windows and a sign that reads "795".
../dataset/datasets/car/10shot/train/volkswagen_golf_hatchback_2012/510.jpg	The car is on a plain white background.
../dataset/datasets/car/10shot/train/volkswagen_golf_hatchback_2012/515.jpg	The car is set against a blue gradient background.
../dataset/datasets/car/10shot/train/volkswagen_golf_hatchback_1991/373.jpg	A car parked near building with parking meter and pole.
../dataset/datasets/car/10shot/train/volkswagen_golf_hatchback_1991/371.jpg	A car parked on cobblestone street, buildings and other cars visible in background.
../dataset/datasets/car/10shot/train/volkswagen_golf_hatchback_1991/378.jpg	The car is parked on a road with trees and hills in the background.
../dataset/datasets/car/10shot/train/volkswagen_golf_hatchback_1991/377.jpg	A car parked on a road with grassy hills and trees in the background.
../dataset/datasets/car/10shot/train/volkswagen_golf_hatchback_1991/376.jpg	A car is parked on a cobblestone street with other cars and people in the background.
../dataset/datasets/car/10shot/train/volkswagen_golf_hatchback_1991/372.jpg	Gravel road, grass, trees, cat.
../dataset/datasets/car/10shot/train/volkswagen_golf_hatchback_1991/379.jpg	Residential street with houses, parked cars, and stop sign.
../dataset/datasets/car/10shot/train/volkswagen_golf_hatchback_1991/370.jpg	A car is parked on grass with trees in the background.
../dataset/datasets/car/10shot/train/volkswagen_golf_hatchback_1991/374.jpg	Garage with tools and equipment.
../dataset/datasets/car/10shot/train/volkswagen_golf_hatchback_1991/375.jpg	A car is parked on a paved surface with greenery and trees in the background.
../dataset/datasets/car/10shot/train/volkswagen_beetle_hatchback_2012/172.jpg	A car is parked on asphalt with trees and bushes in the background.
../dataset/datasets/car/10shot/train/volkswagen_beetle_hatchback_2012/170.jpg	A car is parked outside a dealership with other cars and a building visible.
../dataset/datasets/car/10shot/train/volkswagen_beetle_hatchback_2012/175.jpg	A car is parked in a lot with other cars and trees in the background.
../dataset/datasets/car/10shot/train/volkswagen_beetle_hatchback_2012/174.jpg	Urban, modern buildings, sunny day.
../dataset/datasets/car/10shot/train/volkswagen_beetle_hatchback_2012/171.jpg	Urban setting with modern buildings and greenery.
../dataset/datasets/car/10shot/train/volkswagen_beetle_hatchback_2012/176.jpg	A car is displayed on a reflective surface with a dark, neutral backdrop.
../dataset/datasets/car/10shot/train/volkswagen_beetle_hatchback_2012/179.jpg	A car is displayed at an auto show with other vehicles and branding visible in the background.
../dataset/datasets/car/10shot/train/volkswagen_beetle_hatchback_2012/173.jpg	A car is parked in front of a building with large windows.
../dataset/datasets/car/10shot/train/volkswagen_beetle_hatchback_2012/177.jpg	A car on a road with blurred hills and trees.
../dataset/datasets/car/10shot/train/volkswagen_beetle_hatchback_2012/178.jpg	A car is parked in a lot with other vehicles and buildings in the background.
../dataset/datasets/car/10shot/train/volvo_c30_hatchback_2012/147.jpg	A car on a coastal road with ocean and cliffs in the background.
../dataset/datasets/car/10shot/train/volvo_c30_hatchback_2012/148.jpg	A car is parked near a building with a glass door and other vehicles in the background.
../dataset/datasets/car/10shot/train/volvo_c30_hatchback_2012/145.jpg	Car on display, people around.
../dataset/datasets/car/10shot/train/volvo_c30_hatchback_2012/146.jpg	A car is set against a gradient background with light and shadow effects.
../dataset/datasets/car/10shot/train/volvo_c30_hatchback_2012/143.jpg	A car is shown against a plain, light gray background.
../dataset/datasets/car/10shot/train/volvo_c30_hatchback_2012/141.jpg	A car on a gradient gray background.
../dataset/datasets/car/10shot/train/volvo_c30_hatchback_2012/144.jpg	The car is on a snowy surface with blurred trees and sky in the background.
../dataset/datasets/car/10shot/train/volvo_c30_hatchback_2012/149.jpg	A car is parked on a red carpet in front of a white wall and garage door.
../dataset/datasets/car/10shot/train/volvo_c30_hatchback_2012/140.jpg	The car is parked on a concrete surface with a clear blue sky and a white wall in the background.
../dataset/datasets/car/10shot/train/volvo_c30_hatchback_2012/142.jpg	The car is set against a plain white background.
../dataset/datasets/car/10shot/train/volvo_240_sedan_1993/234.jpg	parked in lot, other cars visible.
../dataset/datasets/car/10shot/train/volvo_240_sedan_1993/235.jpg	A car parked near trees and buildings.
../dataset/datasets/car/10shot/train/volvo_240_sedan_1993/236.jpg	A car is parked in a parking lot with trees and a stop sign in the background.
../dataset/datasets/car/10shot/train/volvo_240_sedan_1993/238.jpg	Snow-covered landscape with trees.
../dataset/datasets/car/10shot/train/volvo_240_sedan_1993/233.jpg	The car is parked on a street with a curb and some greenery in the background.
../dataset/datasets/car/10shot/train/volvo_240_sedan_1993/230.jpg	A car parked near a building with a gate.
../dataset/datasets/car/10shot/train/volvo_240_sedan_1993/237.jpg	A car on a road with trees and sky.
../dataset/datasets/car/10shot/train/volvo_240_sedan_1993/231.jpg	A car parked on paved surface with greenery behind.
../dataset/datasets/car/10shot/train/volvo_240_sedan_1993/232.jpg	A car is parked near a "Do Not Enter" sign with trees and snow in the background.
../dataset/datasets/car/10shot/train/volvo_240_sedan_1993/239.jpg	A car is parked on gravel with other vehicles and trees in the background.
../dataset/datasets/car/10shot/train/volvo_xc90_suv_2007/1318.jpg	A car is parked on a brick driveway with a building and glass windows in the background.
../dataset/datasets/car/10shot/train/volvo_xc90_suv_2007/1310.jpg	Ocean, rocks, road.
../dataset/datasets/car/10shot/train/volvo_xc90_suv_2007/1311.jpg	The car is parked in front of a building with large windows and trees in the background.
../dataset/datasets/car/10shot/train/volvo_xc90_suv_2007/1314.jpg	The car is set against a plain white background.
../dataset/datasets/car/10shot/train/volvo_xc90_suv_2007/1316.jpg	A car is parked on a grassy field under a cloudy sky.
../dataset/datasets/car/10shot/train/volvo_xc90_suv_2007/1315.jpg	A car is parked on gravel with another damaged vehicle behind it.
../dataset/datasets/car/10shot/train/volvo_xc90_suv_2007/1312.jpg	Industrial setting with metal structures.
../dataset/datasets/car/10shot/train/volvo_xc90_suv_2007/1317.jpg	A silver SUV parked in front of a dealership with red and white signage.
../dataset/datasets/car/10shot/train/volvo_xc90_suv_2007/1313.jpg	A white SUV parked in front of a building with "PARETTI" sign.
../dataset/datasets/car/10shot/train/volvo_xc90_suv_2007/1319.jpg	A car is parked in front of a blue and white building.
../dataset/datasets/car/10shot/train/smart_fortwo_convertible_2012/1341.jpg	The car is on a paved surface.
../dataset/datasets/car/10shot/train/smart_fortwo_convertible_2012/1345.jpg	The car is parked on a paved surface with greenery and a fence in the background.
../dataset/datasets/car/10shot/train/smart_fortwo_convertible_2012/1344.jpg	The car is set against a plain white background.
../dataset/datasets/car/10shot/train/smart_fortwo_convertible_2012/1342.jpg	A car is parked near a marina with boats and a person walking by.
../dataset/datasets/car/10shot/train/smart_fortwo_convertible_2012/1348.jpg	The car is parked on a road with a blurred background, suggesting motion or depth.
../dataset/datasets/car/10shot/train/smart_fortwo_convertible_2012/1347.jpg	A car is parked near a modern building with a waterfront view.
../dataset/datasets/car/10shot/train/smart_fortwo_convertible_2012/1340.jpg	Green foliage.
../dataset/datasets/car/10shot/train/smart_fortwo_convertible_2012/1343.jpg	The background is plain and light-colored.
../dataset/datasets/car/10shot/train/smart_fortwo_convertible_2012/1349.jpg	A car is parked near stone steps and a building.
../dataset/datasets/car/10shot/train/smart_fortwo_convertible_2012/1346.jpg	The car is on a gray surface with a blurred background.