image	response
../dataset/datasets/car/10shot/train/am_general_hummer_suv_2000/1077.jpg	A car is parked.
../dataset/datasets/car/10shot/train/am_general_hummer_suv_2000/1078.jpg	The car is parked.
../dataset/datasets/car/10shot/train/am_general_hummer_suv_2000/1070.jpg	A car is parked upright on a flat surface.
../dataset/datasets/car/10shot/train/am_general_hummer_suv_2000/1079.jpg	The car is parked.
../dataset/datasets/car/10shot/train/am_general_hummer_suv_2000/1076.jpg	A car is stuck in mud.
../dataset/datasets/car/10shot/train/am_general_hummer_suv_2000/1072.jpg	A car is parked on grass.
../dataset/datasets/car/10shot/train/am_general_hummer_suv_2000/1073.jpg	A car is parked on snow.
../dataset/datasets/car/10shot/train/am_general_hummer_suv_2000/1071.jpg	A car is parked on grass with a person standing on its hood.
../dataset/datasets/car/10shot/train/am_general_hummer_suv_2000/1075.jpg	A car is parked on a paved surface.
../dataset/datasets/car/10shot/train/am_general_hummer_suv_2000/1074.jpg	The car is parked.
../dataset/datasets/car/10shot/train/acura_rl_sedan_2012/1911.jpg	A car is parked.
../dataset/datasets/car/10shot/train/acura_rl_sedan_2012/1915.jpg	A car is parked on a street.
../dataset/datasets/car/10shot/train/acura_rl_sedan_2012/1914.jpg	A car is parked, angled slightly to the right.
../dataset/datasets/car/10shot/train/acura_rl_sedan_2012/1913.jpg	A car is parked on a concrete surface.
../dataset/datasets/car/10shot/train/acura_rl_sedan_2012/1912.jpg	A car is driving on a road with a cityscape in the background.
../dataset/datasets/car/10shot/train/acura_rl_sedan_2012/1919.jpg	A car is driving on a winding road near water.
../dataset/datasets/car/10shot/train/acura_rl_sedan_2012/1910.jpg	A car is driving on a road.
../dataset/datasets/car/10shot/train/acura_rl_sedan_2012/1917.jpg	A car is parked.
../dataset/datasets/car/10shot/train/acura_rl_sedan_2012/1916.jpg	A car is parked.
../dataset/datasets/car/10shot/train/acura_rl_sedan_2012/1918.jpg	A car is displayed on a platform, angled slightly to showcase its front and side profile.
../dataset/datasets/car/10shot/train/acura_tl_sedan_2012/17.jpg	A car is parked.
../dataset/datasets/car/10shot/train/acura_tl_sedan_2012/10.jpg	A car is parked on a brick pad.
../dataset/datasets/car/10shot/train/acura_tl_sedan_2012/18.jpg	A car is parked.
../dataset/datasets/car/10shot/train/acura_tl_sedan_2012/15.jpg	A car is parked diagonally on a parking space.
../dataset/datasets/car/10shot/train/acura_tl_sedan_2012/12.jpg	A car is parked.
../dataset/datasets/car/10shot/train/acura_tl_sedan_2012/13.jpg	A car is driving on a road.
../dataset/datasets/car/10shot/train/acura_tl_sedan_2012/16.jpg	A car is driving on a road.
../dataset/datasets/car/10shot/train/acura_tl_sedan_2012/14.jpg	A car is parked in a lot.
../dataset/datasets/car/10shot/train/acura_tl_sedan_2012/11.jpg	A car is driving on a road.
../dataset/datasets/car/10shot/train/acura_tl_sedan_2012/19.jpg	A car is parked straight on.
../dataset/datasets/car/10shot/train/acura_tl_type-s_2008/1744.jpg	A car is parked.
../dataset/datasets/car/10shot/train/acura_tl_type-s_2008/1743.jpg	A car is parked on a road with a blurred background.
../dataset/datasets/car/10shot/train/acura_tl_type-s_2008/1740.jpg	A car is parked with its rear facing the camera, showcasing the taillights and license plate.
../dataset/datasets/car/10shot/train/acura_tl_type-s_2008/1745.jpg	A car is parked on a wet surface.
../dataset/datasets/car/10shot/train/acura_tl_type-s_2008/1742.jpg	A car is parked.
../dataset/datasets/car/10shot/train/acura_tl_type-s_2008/1747.jpg	A car is parked on a road.
../dataset/datasets/car/10shot/train/acura_tl_type-s_2008/1741.jpg	A car is driving on a road.
../dataset/datasets/car/10shot/train/acura_tl_type-s_2008/1748.jpg	A car is parked.
../dataset/datasets/car/10shot/train/acura_tl_type-s_2008/1746.jpg	A car is parked on a paved surface with trees in the background.
../dataset/datasets/car/10shot/train/acura_tl_type-s_2008/1749.jpg	A car is parked on a paved surface with trees and grass in the background.
../dataset/datasets/car/10shot/train/acura_tsx_sedan_2012/587.jpg	A car is parked on grass.
../dataset/datasets/car/10shot/train/acura_tsx_sedan_2012/588.jpg	A car is parked on a road with a cityscape and bridge in the background.
../dataset/datasets/car/10shot/train/acura_tsx_sedan_2012/584.jpg	A car is parked on a paved road with grass and trees in the background.
../dataset/datasets/car/10shot/train/acura_tsx_sedan_2012/581.jpg	A car is parked indoors, facing slightly to the right.
../dataset/datasets/car/10shot/train/acura_tsx_sedan_2012/585.jpg	A car is parked on a concrete surface with a blurred urban background.
../dataset/datasets/car/10shot/train/acura_tsx_sedan_2012/582.jpg	A car is parked.
../dataset/datasets/car/10shot/train/acura_tsx_sedan_2012/583.jpg	A car is in motion, blurred background.
../dataset/datasets/car/10shot/train/acura_tsx_sedan_2012/580.jpg	A car is parked on display.
../dataset/datasets/car/10shot/train/acura_tsx_sedan_2012/589.jpg	A car is parked at an angle.
../dataset/datasets/car/10shot/train/acura_tsx_sedan_2012/586.jpg	A car is parked on a rooftop with a cityscape in the background.
../dataset/datasets/car/10shot/train/acura_integra_type_r_2001/1239.jpg	A car is parked on the street.
../dataset/datasets/car/10shot/train/acura_integra_type_r_2001/1230.jpg	A car is parked on the street.
../dataset/datasets/car/10shot/train/acura_integra_type_r_2001/1238.jpg	A car is parked.
../dataset/datasets/car/10shot/train/acura_integra_type_r_2001/1231.jpg	A car is parked on a paved surface with sunlight reflecting off its body.
../dataset/datasets/car/10shot/train/acura_integra_type_r_2001/1237.jpg	A car is parked with its door open.
../dataset/datasets/car/10shot/train/acura_integra_type_r_2001/1232.jpg	A car is parked on an asphalt surface, angled slightly towards the right with its front end facing forward.
../dataset/datasets/car/10shot/train/acura_integra_type_r_2001/1233.jpg	A car is parked on asphalt, angled slightly towards the left.
../dataset/datasets/car/10shot/train/acura_integra_type_r_2001/1234.jpg	A car is parked.
../dataset/datasets/car/10shot/train/acura_integra_type_r_2001/1235.jpg	A car is parked diagonally on asphalt.
../dataset/datasets/car/10shot/train/acura_integra_type_r_2001/1236.jpg	A car is parked on dirt ground.
../dataset/datasets/car/10shot/train/acura_zdx_hatchback_2012/1394.jpg	A car is parked on a winding road.
../dataset/datasets/car/10shot/train/acura_zdx_hatchback_2012/1396.jpg	A car is parked on the road.
../dataset/datasets/car/10shot/train/acura_zdx_hatchback_2012/1397.jpg	A car parked on gravel, facing forward.
../dataset/datasets/car/10shot/train/acura_zdx_hatchback_2012/1398.jpg	A car is parked facing forward with its headlights illuminated.
../dataset/datasets/car/10shot/train/acura_zdx_hatchback_2012/1391.jpg	A car is driving on a road with trees in the background.
../dataset/datasets/car/10shot/train/acura_zdx_hatchback_2012/1393.jpg	A car is parked on a rocky beach.
../dataset/datasets/car/10shot/train/acura_zdx_hatchback_2012/1395.jpg	A car is parked on a sloped road with a cityscape in the background.
../dataset/datasets/car/10shot/train/acura_zdx_hatchback_2012/1392.jpg	A car is parked on a street.
../dataset/datasets/car/10shot/train/acura_zdx_hatchback_2012/1399.jpg	A car is parked on the street.
../dataset/datasets/car/10shot/train/acura_zdx_hatchback_2012/1390.jpg	A car is parked straight, facing right.
../dataset/datasets/car/10shot/train/aston_martin_v8_vantage_convertible_2012/540.jpg	A car parked on a brick sidewalk.
../dataset/datasets/car/10shot/train/aston_martin_v8_vantage_convertible_2012/542.jpg	A car is driving on a road.
../dataset/datasets/car/10shot/train/aston_martin_v8_vantage_convertible_2012/549.jpg	A car parked on a brick street.
../dataset/datasets/car/10shot/train/aston_martin_v8_vantage_convertible_2012/543.jpg	A car is parked on a gravel surface, facing forward with its headlights illuminated.
../dataset/datasets/car/10shot/train/aston_martin_v8_vantage_convertible_2012/548.jpg	A car is parked on a paved area near rocks and the ocean.
../dataset/datasets/car/10shot/train/aston_martin_v8_vantage_convertible_2012/546.jpg	A car is parked.
../dataset/datasets/car/10shot/train/aston_martin_v8_vantage_convertible_2012/541.jpg	A car is driving on a road.
../dataset/datasets/car/10shot/train/aston_martin_v8_vantage_convertible_2012/547.jpg	A car is driving on a track.
../dataset/datasets/car/10shot/train/aston_martin_v8_vantage_convertible_2012/545.jpg	A car is parked, facing right.
../dataset/datasets/car/10shot/train/aston_martin_v8_vantage_convertible_2012/544.jpg	A car is parked at an angle, showcasing its side profile.
../dataset/datasets/car/10shot/train/aston_martin_v8_vantage_coupe_2012/1651.jpg	A car is parked.
../dataset/datasets/car/10shot/train/aston_martin_v8_vantage_coupe_2012/1655.jpg	A car is driving on a curved road.
../dataset/datasets/car/10shot/train/aston_martin_v8_vantage_coupe_2012/1657.jpg	A car is parked on a hillside, facing right.
../dataset/datasets/car/10shot/train/aston_martin_v8_vantage_coupe_2012/1658.jpg	A car is driving on a road.
../dataset/datasets/car/10shot/train/aston_martin_v8_vantage_coupe_2012/1652.jpg	A car is parked.
../dataset/datasets/car/10shot/train/aston_martin_v8_vantage_coupe_2012/1650.jpg	A car is parked.
../dataset/datasets/car/10shot/train/aston_martin_v8_vantage_coupe_2012/1659.jpg	A car is parked on a road.
../dataset/datasets/car/10shot/train/aston_martin_v8_vantage_coupe_2012/1656.jpg	A car is parked at an angle, showcasing its rear and side profile.
../dataset/datasets/car/10shot/train/aston_martin_v8_vantage_coupe_2012/1654.jpg	A car is parked.
../dataset/datasets/car/10shot/train/aston_martin_v8_vantage_coupe_2012/1653.jpg	A car is leaning into a turn on a racetrack.
../dataset/datasets/car/10shot/train/aston_martin_virage_convertible_2012/1332.jpg	A car is parked with its top down, showcasing its sleek design and convertible feature.
../dataset/datasets/car/10shot/train/aston_martin_virage_convertible_2012/1339.jpg	A car is driving on a road.
../dataset/datasets/car/10shot/train/aston_martin_virage_convertible_2012/1333.jpg	A car is driving on a winding road.
../dataset/datasets/car/10shot/train/aston_martin_virage_convertible_2012/1330.jpg	A car is driving on a road with blurred background.
../dataset/datasets/car/10shot/train/aston_martin_virage_convertible_2012/1338.jpg	A car speeding forward.
../dataset/datasets/car/10shot/train/aston_martin_virage_convertible_2012/1336.jpg	A car is parked, facing right.
../dataset/datasets/car/10shot/train/aston_martin_virage_convertible_2012/1337.jpg	A car is displayed on a showroom floor, angled slightly towards the left.
../dataset/datasets/car/10shot/train/aston_martin_virage_convertible_2012/1334.jpg	A car parked in front of a building.
../dataset/datasets/car/10shot/train/aston_martin_virage_convertible_2012/1331.jpg	A car is parked on gravel, facing right.
../dataset/datasets/car/10shot/train/aston_martin_virage_convertible_2012/1335.jpg	A car parked.
../dataset/datasets/car/10shot/train/aston_martin_virage_coupe_2012/1285.jpg	A car is parked in front of a brick building.
../dataset/datasets/car/10shot/train/aston_martin_virage_coupe_2012/1283.jpg	A car is parked, facing right.
../dataset/datasets/car/10shot/train/aston_martin_virage_coupe_2012/1281.jpg	A car is parked.
../dataset/datasets/car/10shot/train/aston_martin_virage_coupe_2012/1288.jpg	A car is speeding along a road.
../dataset/datasets/car/10shot/train/aston_martin_virage_coupe_2012/1289.jpg	A car is driving on a road.
../dataset/datasets/car/10shot/train/aston_martin_virage_coupe_2012/1280.jpg	A car is parked.
../dataset/datasets/car/10shot/train/aston_martin_virage_coupe_2012/1282.jpg	A car is displayed on a showroom floor, facing forward with its hood and grille prominently visible.
../dataset/datasets/car/10shot/train/aston_martin_virage_coupe_2012/1287.jpg	A car is driving on a road.
../dataset/datasets/car/10shot/train/aston_martin_virage_coupe_2012/1284.jpg	A car is driving on a racetrack.
../dataset/datasets/car/10shot/train/aston_martin_virage_coupe_2012/1286.jpg	A car is parked overhead view.
../dataset/datasets/car/10shot/train/audi_rs_4_convertible_2008/1255.jpg	A car is parked with its rear facing the camera.
../dataset/datasets/car/10shot/train/audi_rs_4_convertible_2008/1257.jpg	A car is driving on a coastal road.
../dataset/datasets/car/10shot/train/audi_rs_4_convertible_2008/1258.jpg	A car is parked.
../dataset/datasets/car/10shot/train/audi_rs_4_convertible_2008/1259.jpg	A car is parked, facing right.
../dataset/datasets/car/10shot/train/audi_rs_4_convertible_2008/1253.jpg	A car is parked with its convertible top down.
../dataset/datasets/car/10shot/train/audi_rs_4_convertible_2008/1254.jpg	A car is parked on a dock.
../dataset/datasets/car/10shot/train/audi_rs_4_convertible_2008/1256.jpg	A car is parked on display.
../dataset/datasets/car/10shot/train/audi_rs_4_convertible_2008/1250.jpg	A car is parked.
../dataset/datasets/car/10shot/train/audi_rs_4_convertible_2008/1251.jpg	A car is driving on a curve.
../dataset/datasets/car/10shot/train/audi_rs_4_convertible_2008/1252.jpg	A car is parked, facing slightly left.
../dataset/datasets/car/10shot/train/audi_a5_coupe_2012/368.jpg	A car is parked.
../dataset/datasets/car/10shot/train/audi_a5_coupe_2012/360.jpg	A car is parked.
../dataset/datasets/car/10shot/train/audi_a5_coupe_2012/366.jpg	A car is parked on a street with a cityscape in the background.
../dataset/datasets/car/10shot/train/audi_a5_coupe_2012/364.jpg	A car is parked.
../dataset/datasets/car/10shot/train/audi_a5_coupe_2012/362.jpg	A car is parked.
../dataset/datasets/car/10shot/train/audi_a5_coupe_2012/363.jpg	A car is parked.
../dataset/datasets/car/10shot/train/audi_a5_coupe_2012/369.jpg	A car is driving on a road.
../dataset/datasets/car/10shot/train/audi_a5_coupe_2012/367.jpg	A car is parked straight-on.
../dataset/datasets/car/10shot/train/audi_a5_coupe_2012/365.jpg	The car is parked on a road with trees in the background.
../dataset/datasets/car/10shot/train/audi_a5_coupe_2012/361.jpg	A car is in motion, leaning slightly forward.
../dataset/datasets/car/10shot/train/audi_tts_coupe_2012/5.jpg	A car is parked on a street.
../dataset/datasets/car/10shot/train/audi_tts_coupe_2012/7.jpg	A car is parked on a flat surface with a scenic background.
../dataset/datasets/car/10shot/train/audi_tts_coupe_2012/2.jpg	A car is on display, facing forward.
../dataset/datasets/car/10shot/train/audi_tts_coupe_2012/8.jpg	A car is parked on the street.
../dataset/datasets/car/10shot/train/audi_tts_coupe_2012/0.jpg	A car is parked.
../dataset/datasets/car/10shot/train/audi_tts_coupe_2012/4.jpg	A car is parked.
../dataset/datasets/car/10shot/train/audi_tts_coupe_2012/3.jpg	A car is parked on a concrete surface under a blue sky with scattered clouds.
../dataset/datasets/car/10shot/train/audi_tts_coupe_2012/9.jpg	A car is in motion, leaning slightly forward.
../dataset/datasets/car/10shot/train/audi_tts_coupe_2012/6.jpg	A car is parked.
../dataset/datasets/car/10shot/train/audi_tts_coupe_2012/1.jpg	A car is driving on a road.
../dataset/datasets/car/10shot/train/audi_r8_coupe_2012/445.jpg	A car is driving on a road.
../dataset/datasets/car/10shot/train/audi_r8_coupe_2012/444.jpg	A car is driving on a road.
../dataset/datasets/car/10shot/train/audi_r8_coupe_2012/440.jpg	a car parked.
../dataset/datasets/car/10shot/train/audi_r8_coupe_2012/441.jpg	A car is displayed in a showroom, angled slightly towards the viewer.
../dataset/datasets/car/10shot/train/audi_r8_coupe_2012/443.jpg	A car is parked on a driveway.
../dataset/datasets/car/10shot/train/audi_r8_coupe_2012/446.jpg	A car is parked.
../dataset/datasets/car/10shot/train/audi_r8_coupe_2012/448.jpg	A car parked on street.
../dataset/datasets/car/10shot/train/audi_r8_coupe_2012/447.jpg	A car is parked.
../dataset/datasets/car/10shot/train/audi_r8_coupe_2012/449.jpg	A car is parked.
../dataset/datasets/car/10shot/train/audi_r8_coupe_2012/442.jpg	A car is parked on the street.
../dataset/datasets/car/10shot/train/audi_v8_sedan_1994/1247.jpg	A car is parked on a dirt surface.
../dataset/datasets/car/10shot/train/audi_v8_sedan_1994/1242.jpg	A car is parked with its driver's side door open.
../dataset/datasets/car/10shot/train/audi_v8_sedan_1994/1246.jpg	A car is parked on a driveway.
../dataset/datasets/car/10shot/train/audi_v8_sedan_1994/1248.jpg	A car is parked on a road with trees and snow in the background.
../dataset/datasets/car/10shot/train/audi_v8_sedan_1994/1245.jpg	A car parked on street.
../dataset/datasets/car/10shot/train/audi_v8_sedan_1994/1240.jpg	A car parked.
../dataset/datasets/car/10shot/train/audi_v8_sedan_1994/1244.jpg	A car is parked on a driveway.
../dataset/datasets/car/10shot/train/audi_v8_sedan_1994/1249.jpg	A car parked on gravel driveway.
../dataset/datasets/car/10shot/train/audi_v8_sedan_1994/1243.jpg	A car is parked on a paved surface with a clear sky background.
../dataset/datasets/car/10shot/train/audi_v8_sedan_1994/1241.jpg	A car is parked on a flat surface.
../dataset/datasets/car/10shot/train/audi_100_sedan_1994/557.jpg	A car is parked.
../dataset/datasets/car/10shot/train/audi_100_sedan_1994/559.jpg	a car parked.
../dataset/datasets/car/10shot/train/audi_100_sedan_1994/556.jpg	A car is parked on gravel, facing right.
../dataset/datasets/car/10shot/train/audi_100_sedan_1994/554.jpg	A car is parked in a lot.
../dataset/datasets/car/10shot/train/audi_100_sedan_1994/550.jpg	A car parked on street.
../dataset/datasets/car/10shot/train/audi_100_sedan_1994/552.jpg	A car parked on snow.
../dataset/datasets/car/10shot/train/audi_100_sedan_1994/558.jpg	A car parked on snow.
../dataset/datasets/car/10shot/train/audi_100_sedan_1994/553.jpg	A car is parked on a flat surface with its rear facing the viewer.
../dataset/datasets/car/10shot/train/audi_100_sedan_1994/551.jpg	A car is parked on the street.
../dataset/datasets/car/10shot/train/audi_100_sedan_1994/555.jpg	A car is parked.
../dataset/datasets/car/10shot/train/audi_100_wagon_1994/668.jpg	A car is parked on a street.
../dataset/datasets/car/10shot/train/audi_100_wagon_1994/661.jpg	A car is parked on a lot.
../dataset/datasets/car/10shot/train/audi_100_wagon_1994/667.jpg	A car is parked on a tiled surface.
../dataset/datasets/car/10shot/train/audi_100_wagon_1994/666.jpg	A car is parked.
../dataset/datasets/car/10shot/train/audi_100_wagon_1994/662.jpg	A car parked on grass.
../dataset/datasets/car/10shot/train/audi_100_wagon_1994/665.jpg	A car is parked.
../dataset/datasets/car/10shot/train/audi_100_wagon_1994/664.jpg	A car is parked.
../dataset/datasets/car/10shot/train/audi_100_wagon_1994/669.jpg	a car parked on street
../dataset/datasets/car/10shot/train/audi_100_wagon_1994/660.jpg	A car is parked.
../dataset/datasets/car/10shot/train/audi_100_wagon_1994/663.jpg	Station wagon parked.
../dataset/datasets/car/10shot/train/audi_tt_hatchback_2011/1108.jpg	A car is parked.
../dataset/datasets/car/10shot/train/audi_tt_hatchback_2011/1101.jpg	A car is parked.
../dataset/datasets/car/10shot/train/audi_tt_hatchback_2011/1109.jpg	A car is parked diagonally.
../dataset/datasets/car/10shot/train/audi_tt_hatchback_2011/1105.jpg	A car is parked.
../dataset/datasets/car/10shot/train/audi_tt_hatchback_2011/1103.jpg	A car is parked on a flat surface with a cityscape in the background.
../dataset/datasets/car/10shot/train/audi_tt_hatchback_2011/1100.jpg	A car is parked.
../dataset/datasets/car/10shot/train/audi_tt_hatchback_2011/1107.jpg	A car is parked on a road with a scenic background.
../dataset/datasets/car/10shot/train/audi_tt_hatchback_2011/1102.jpg	A car is parked.
../dataset/datasets/car/10shot/train/audi_tt_hatchback_2011/1106.jpg	A car is parked.
../dataset/datasets/car/10shot/train/audi_tt_hatchback_2011/1104.jpg	A car is driving on a road.
../dataset/datasets/car/10shot/train/audi_s6_sedan_2011/699.jpg	A car is parked at an angle, showcasing its front and side profile.
../dataset/datasets/car/10shot/train/audi_s6_sedan_2011/695.jpg	A car is parked on the side of the road.
../dataset/datasets/car/10shot/train/audi_s6_sedan_2011/690.jpg	A car is driving on a road with blurred background.
../dataset/datasets/car/10shot/train/audi_s6_sedan_2011/697.jpg	A car is parked on a paved surface with trees and grass in the background.
../dataset/datasets/car/10shot/train/audi_s6_sedan_2011/691.jpg	A car is parked at an angle.
../dataset/datasets/car/10shot/train/audi_s6_sedan_2011/696.jpg	A car is stationary, viewed from the rear.
../dataset/datasets/car/10shot/train/audi_s6_sedan_2011/694.jpg	A car is parked straight-on.
../dataset/datasets/car/10shot/train/audi_s6_sedan_2011/698.jpg	A car is speeding on a track.
../dataset/datasets/car/10shot/train/audi_s6_sedan_2011/692.jpg	A car is parked.
../dataset/datasets/car/10shot/train/audi_s6_sedan_2011/693.jpg	A car is parked on a driveway.
../dataset/datasets/car/10shot/train/audi_s5_convertible_2012/1445.jpg	A car is parked on a paved path with trees in autumn foliage in the background.
../dataset/datasets/car/10shot/train/audi_s5_convertible_2012/1442.jpg	A car is driving on a street.
../dataset/datasets/car/10shot/train/audi_s5_convertible_2012/1448.jpg	A car is parked with its front slightly angled towards the viewer.
../dataset/datasets/car/10shot/train/audi_s5_convertible_2012/1443.jpg	A car is driving on a winding road.
../dataset/datasets/car/10shot/train/audi_s5_convertible_2012/1447.jpg	A car parked on gravel, angled slightly towards the right.
../dataset/datasets/car/10shot/train/audi_s5_convertible_2012/1449.jpg	A car is parked.
../dataset/datasets/car/10shot/train/audi_s5_convertible_2012/1444.jpg	A car parked, roof down.
../dataset/datasets/car/10shot/train/audi_s5_convertible_2012/1440.jpg	A car is parked with its convertible top down.
../dataset/datasets/car/10shot/train/audi_s5_convertible_2012/1446.jpg	A car is parked at an angle, showcasing its front and side profile.
../dataset/datasets/car/10shot/train/audi_s5_convertible_2012/1441.jpg	A car is driving on a winding road.
../dataset/datasets/car/10shot/train/audi_s5_coupe_2012/1649.jpg	A car parked.
../dataset/datasets/car/10shot/train/audi_s5_coupe_2012/1642.jpg	A car is parked horizontally.
../dataset/datasets/car/10shot/train/audi_s5_coupe_2012/1641.jpg	A car is driving on a road.
../dataset/datasets/car/10shot/train/audi_s5_coupe_2012/1648.jpg	A car is parked.
../dataset/datasets/car/10shot/train/audi_s5_coupe_2012/1644.jpg	A car is parked on the street.
../dataset/datasets/car/10shot/train/audi_s5_coupe_2012/1643.jpg	A car parked in front of an Audi dealership.
../dataset/datasets/car/10shot/train/audi_s5_coupe_2012/1640.jpg	A car is parked straight on.
../dataset/datasets/car/10shot/train/audi_s5_coupe_2012/1645.jpg	A car is parked.
../dataset/datasets/car/10shot/train/audi_s5_coupe_2012/1646.jpg	A car is parked.
../dataset/datasets/car/10shot/train/audi_s5_coupe_2012/1647.jpg	A car is parked in front of an Audi dealership.
../dataset/datasets/car/10shot/train/audi_s4_sedan_2012/1272.jpg	A car is driving on a winding road.
../dataset/datasets/car/10shot/train/audi_s4_sedan_2012/1275.jpg	The car is parked.
../dataset/datasets/car/10shot/train/audi_s4_sedan_2012/1270.jpg	A car is in motion, angled slightly to the right.
../dataset/datasets/car/10shot/train/audi_s4_sedan_2012/1271.jpg	A car is parked on a concrete surface.
../dataset/datasets/car/10shot/train/audi_s4_sedan_2012/1273.jpg	A car is parked on a driveway.
../dataset/datasets/car/10shot/train/audi_s4_sedan_2012/1276.jpg	A car is parked.
../dataset/datasets/car/10shot/train/audi_s4_sedan_2012/1279.jpg	A car is parked.
../dataset/datasets/car/10shot/train/audi_s4_sedan_2012/1277.jpg	The car is parked.
../dataset/datasets/car/10shot/train/audi_s4_sedan_2012/1278.jpg	A car is parked on asphalt, facing forward with its headlights illuminated.
../dataset/datasets/car/10shot/train/audi_s4_sedan_2012/1274.jpg	A car parked on street.
../dataset/datasets/car/10shot/train/audi_s4_sedan_2007/1053.jpg	The car is in motion, angled slightly to the left.
../dataset/datasets/car/10shot/train/audi_s4_sedan_2007/1054.jpg	A car is parked on a paved surface near grass and water.
../dataset/datasets/car/10shot/train/audi_s4_sedan_2007/1059.jpg	A car is parked.
../dataset/datasets/car/10shot/train/audi_s4_sedan_2007/1056.jpg	A car is parked.
../dataset/datasets/car/10shot/train/audi_s4_sedan_2007/1055.jpg	A car is parked on the side of the road.
../dataset/datasets/car/10shot/train/audi_s4_sedan_2007/1057.jpg	A car is parked on a road with a vineyard and forested hills in the background.
../dataset/datasets/car/10shot/train/audi_s4_sedan_2007/1058.jpg	A car is parked with its front facing forward, showcasing its design and features.
../dataset/datasets/car/10shot/train/audi_s4_sedan_2007/1051.jpg	A car is parked on snow.
../dataset/datasets/car/10shot/train/audi_s4_sedan_2007/1052.jpg	The car is parked.
../dataset/datasets/car/10shot/train/audi_s4_sedan_2007/1050.jpg	The car is parked.
../dataset/datasets/car/10shot/train/audi_tt_rs_coupe_2012/394.jpg	A car is parked at an angle, showcasing its side profile.
../dataset/datasets/car/10shot/train/audi_tt_rs_coupe_2012/390.jpg	A car is speeding on a road.
../dataset/datasets/car/10shot/train/audi_tt_rs_coupe_2012/396.jpg	A car is parked at an angle, showcasing its rear and side profile.
../dataset/datasets/car/10shot/train/audi_tt_rs_coupe_2012/399.jpg	A car is parked.
../dataset/datasets/car/10shot/train/audi_tt_rs_coupe_2012/392.jpg	A car is driving on a road.
../dataset/datasets/car/10shot/train/audi_tt_rs_coupe_2012/397.jpg	a car is positioned on a track, angled slightly towards the viewer.
../dataset/datasets/car/10shot/train/audi_tt_rs_coupe_2012/391.jpg	A car is displayed head-on at an auto show.
../dataset/datasets/car/10shot/train/audi_tt_rs_coupe_2012/395.jpg	A car is parked on a city street.
../dataset/datasets/car/10shot/train/audi_tt_rs_coupe_2012/393.jpg	A car is parked front-facing.
../dataset/datasets/car/10shot/train/audi_tt_rs_coupe_2012/398.jpg	a car is parked on a gravel surface with a mountainous backdrop.
../dataset/datasets/car/10shot/train/bmw_activehybrid_5_sedan_2012/1409.jpg	A car is parked on a gravel surface near the sea.
../dataset/datasets/car/10shot/train/bmw_activehybrid_5_sedan_2012/1401.jpg	A car is driving on a road with a bridge and water in the background.
../dataset/datasets/car/10shot/train/bmw_activehybrid_5_sedan_2012/1402.jpg	A car is driving on a road.
../dataset/datasets/car/10shot/train/bmw_activehybrid_5_sedan_2012/1408.jpg	A car is driving on a coastal road.
../dataset/datasets/car/10shot/train/bmw_activehybrid_5_sedan_2012/1403.jpg	A car is parked diagonally on cobblestones.
../dataset/datasets/car/10shot/train/bmw_activehybrid_5_sedan_2012/1406.jpg	A car is driving on a road.
../dataset/datasets/car/10shot/train/bmw_activehybrid_5_sedan_2012/1405.jpg	A car is parked on a beach, facing slightly towards the right.
../dataset/datasets/car/10shot/train/bmw_activehybrid_5_sedan_2012/1400.jpg	A car is driving on a road.
../dataset/datasets/car/10shot/train/bmw_activehybrid_5_sedan_2012/1407.jpg	A car is parked on a cobblestone surface near water, with a bridge and hills in the background.
../dataset/datasets/car/10shot/train/bmw_activehybrid_5_sedan_2012/1404.jpg	A car is driving on a road.
../dataset/datasets/car/10shot/train/bmw_1_series_convertible_2012/1926.jpg	A car is parked.
../dataset/datasets/car/10shot/train/bmw_1_series_convertible_2012/1929.jpg	A car is parked.
../dataset/datasets/car/10shot/train/bmw_1_series_convertible_2012/1928.jpg	A car is parked, facing slightly right.
../dataset/datasets/car/10shot/train/bmw_1_series_convertible_2012/1924.jpg	A car is parked.
../dataset/datasets/car/10shot/train/bmw_1_series_convertible_2012/1920.jpg	A car is parked in front of a dealership.
../dataset/datasets/car/10shot/train/bmw_1_series_convertible_2012/1922.jpg	A car parked, hood facing left.
../dataset/datasets/car/10shot/train/bmw_1_series_convertible_2012/1921.jpg	A car is parked at an angle, showcasing its front and side profile.
../dataset/datasets/car/10shot/train/bmw_1_series_convertible_2012/1927.jpg	A car is parked, rear view visible.
../dataset/datasets/car/10shot/train/bmw_1_series_convertible_2012/1923.jpg	A car is parked.
../dataset/datasets/car/10shot/train/bmw_1_series_convertible_2012/1925.jpg	A car parked indoors, facing forward.
../dataset/datasets/car/10shot/train/bmw_1_series_coupe_2012/884.jpg	A car is parked on a barren landscape, facing left.
../dataset/datasets/car/10shot/train/bmw_1_series_coupe_2012/886.jpg	A car is parked on the side of the road.
../dataset/datasets/car/10shot/train/bmw_1_series_coupe_2012/881.jpg	A car is parked.
../dataset/datasets/car/10shot/train/bmw_1_series_coupe_2012/882.jpg	A car is driving on a road.
../dataset/datasets/car/10shot/train/bmw_1_series_coupe_2012/889.jpg	A car is driving on a road with mountains in the background.
../dataset/datasets/car/10shot/train/bmw_1_series_coupe_2012/888.jpg	A car is driving on a road.
../dataset/datasets/car/10shot/train/bmw_1_series_coupe_2012/883.jpg	A car is parked straight-on view.
../dataset/datasets/car/10shot/train/bmw_1_series_coupe_2012/887.jpg	A car is parked.
../dataset/datasets/car/10shot/train/bmw_1_series_coupe_2012/880.jpg	A car is parked on a rocky terrain with mountains in the background.
../dataset/datasets/car/10shot/train/bmw_1_series_coupe_2012/885.jpg	A car is parked.
../dataset/datasets/car/10shot/train/bmw_3_series_sedan_2012/596.jpg	A car is parked.
../dataset/datasets/car/10shot/train/bmw_3_series_sedan_2012/592.jpg	A car is parked in front of a modern building.
../dataset/datasets/car/10shot/train/bmw_3_series_sedan_2012/597.jpg	A car parked, angled slightly towards viewer.
../dataset/datasets/car/10shot/train/bmw_3_series_sedan_2012/593.jpg	A car is parked at an angle.
../dataset/datasets/car/10shot/train/bmw_3_series_sedan_2012/594.jpg	a car is parked on a track, angled slightly.
../dataset/datasets/car/10shot/train/bmw_3_series_sedan_2012/595.jpg	A car parked.
../dataset/datasets/car/10shot/train/bmw_3_series_sedan_2012/591.jpg	A car is parked sideways.
../dataset/datasets/car/10shot/train/bmw_3_series_sedan_2012/599.jpg	A car is parked on a street.
../dataset/datasets/car/10shot/train/bmw_3_series_sedan_2012/590.jpg	A car is parked on display.
../dataset/datasets/car/10shot/train/bmw_3_series_sedan_2012/598.jpg	A car is in motion, blurred background.
../dataset/datasets/car/10shot/train/bmw_3_series_wagon_2012/1019.jpg	A car is parked.
../dataset/datasets/car/10shot/train/bmw_3_series_wagon_2012/1011.jpg	A car is parked on the side of the road.
../dataset/datasets/car/10shot/train/bmw_3_series_wagon_2012/1015.jpg	A car is parked diagonally in a parking space.
../dataset/datasets/car/10shot/train/bmw_3_series_wagon_2012/1018.jpg	A car is in motion, blurred background.
../dataset/datasets/car/10shot/train/bmw_3_series_wagon_2012/1016.jpg	A car is driving on a coastal road.
../dataset/datasets/car/10shot/train/bmw_3_series_wagon_2012/1012.jpg	A car is parked on cobblestones, facing right.
../dataset/datasets/car/10shot/train/bmw_3_series_wagon_2012/1014.jpg	A car is driving on a road with a curve, leaning slightly towards the right.
../dataset/datasets/car/10shot/train/bmw_3_series_wagon_2012/1013.jpg	A car is parked on cobblestones, facing away from the camera.
../dataset/datasets/car/10shot/train/bmw_3_series_wagon_2012/1010.jpg	A car is driving on a road with blurred background.
../dataset/datasets/car/10shot/train/bmw_3_series_wagon_2012/1017.jpg	A car is parked.
../dataset/datasets/car/10shot/train/bmw_6_series_convertible_2007/1450.jpg	A car is parked.
../dataset/datasets/car/10shot/train/bmw_6_series_convertible_2007/1458.jpg	A car is parked on a road with a scenic background.
../dataset/datasets/car/10shot/train/bmw_6_series_convertible_2007/1453.jpg	A car is parked with its top down, facing left.
../dataset/datasets/car/10shot/train/bmw_6_series_convertible_2007/1457.jpg	A car is parked on a driveway with its convertible top down.
../dataset/datasets/car/10shot/train/bmw_6_series_convertible_2007/1456.jpg	A car parked.
../dataset/datasets/car/10shot/train/bmw_6_series_convertible_2007/1452.jpg	A car is parked.
../dataset/datasets/car/10shot/train/bmw_6_series_convertible_2007/1459.jpg	A car is parked on a paved area near a staircase and palm trees.
../dataset/datasets/car/10shot/train/bmw_6_series_convertible_2007/1455.jpg	A car parked on grass, doors open.
../dataset/datasets/car/10shot/train/bmw_6_series_convertible_2007/1451.jpg	A car is parked indoors, facing right.
../dataset/datasets/car/10shot/train/bmw_6_series_convertible_2007/1454.jpg	A car is parked with its convertible top down.
../dataset/datasets/car/10shot/train/bmw_x5_suv_2007/1729.jpg	A car is parked on grass.
../dataset/datasets/car/10shot/train/bmw_x5_suv_2007/1724.jpg	A car is parked on the road.
../dataset/datasets/car/10shot/train/bmw_x5_suv_2007/1727.jpg	A car is driving on a road.
../dataset/datasets/car/10shot/train/bmw_x5_suv_2007/1722.jpg	A car is parked on a concrete surface near the ocean.
../dataset/datasets/car/10shot/train/bmw_x5_suv_2007/1728.jpg	A car is parked on a wet surface.
../dataset/datasets/car/10shot/train/bmw_x5_suv_2007/1723.jpg	A car is parked.
../dataset/datasets/car/10shot/train/bmw_x5_suv_2007/1725.jpg	A car is parked.
../dataset/datasets/car/10shot/train/bmw_x5_suv_2007/1721.jpg	A car is driving on a road with autumn foliage in the background.
../dataset/datasets/car/10shot/train/bmw_x5_suv_2007/1726.jpg	A car is parked.
../dataset/datasets/car/10shot/train/bmw_x5_suv_2007/1720.jpg	A car is parked on a rocky shore, facing left.
../dataset/datasets/car/10shot/train/bmw_x6_suv_2012/1870.jpg	A car is driving on a road.
../dataset/datasets/car/10shot/train/bmw_x6_suv_2012/1871.jpg	A car is driving on a road.
../dataset/datasets/car/10shot/train/bmw_x6_suv_2012/1877.jpg	A car is parked on the street.
../dataset/datasets/car/10shot/train/bmw_x6_suv_2012/1879.jpg	A car is parked.
../dataset/datasets/car/10shot/train/bmw_x6_suv_2012/1876.jpg	A car is parked.
../dataset/datasets/car/10shot/train/bmw_x6_suv_2012/1874.jpg	A car is driving on a snowy road.
../dataset/datasets/car/10shot/train/bmw_x6_suv_2012/1873.jpg	A car is parked.
../dataset/datasets/car/10shot/train/bmw_x6_suv_2012/1872.jpg	A car is parked on a flat surface, facing forward.
../dataset/datasets/car/10shot/train/bmw_x6_suv_2012/1878.jpg	A car is parked.
../dataset/datasets/car/10shot/train/bmw_x6_suv_2012/1875.jpg	A car is driving on a road.
../dataset/datasets/car/10shot/train/bmw_m3_coupe_2012/1847.jpg	A car is parked.
../dataset/datasets/car/10shot/train/bmw_m3_coupe_2012/1848.jpg	A car is parked.
../dataset/datasets/car/10shot/train/bmw_m3_coupe_2012/1849.jpg	A car is parked on a street.
../dataset/datasets/car/10shot/train/bmw_m3_coupe_2012/1840.jpg	A car is parked on gravel, facing forward.
../dataset/datasets/car/10shot/train/bmw_m3_coupe_2012/1843.jpg	a car is parked.
../dataset/datasets/car/10shot/train/bmw_m3_coupe_2012/1842.jpg	A car parked on driveway.
../dataset/datasets/car/10shot/train/bmw_m3_coupe_2012/1841.jpg	A car is parked on a street.
../dataset/datasets/car/10shot/train/bmw_m3_coupe_2012/1846.jpg	A car is driving on a road, leaning slightly forward.
../dataset/datasets/car/10shot/train/bmw_m3_coupe_2012/1845.jpg	a car is parked.
../dataset/datasets/car/10shot/train/bmw_m3_coupe_2012/1844.jpg	A car is parked.
../dataset/datasets/car/10shot/train/bmw_m5_sedan_2010/1946.jpg	A car is driving on a winding road.
../dataset/datasets/car/10shot/train/bmw_m5_sedan_2010/1941.jpg	A car is parked on a concrete surface near the sea.
../dataset/datasets/car/10shot/train/bmw_m5_sedan_2010/1943.jpg	A car is parked.
../dataset/datasets/car/10shot/train/bmw_m5_sedan_2010/1942.jpg	A car is parked on gravel, angled slightly towards the viewer.
../dataset/datasets/car/10shot/train/bmw_m5_sedan_2010/1947.jpg	A car is parked on a road with its rear facing the camera.
../dataset/datasets/car/10shot/train/bmw_m5_sedan_2010/1945.jpg	A car parked on grass.
../dataset/datasets/car/10shot/train/bmw_m5_sedan_2010/1949.jpg	A car is driving on a road.
../dataset/datasets/car/10shot/train/bmw_m5_sedan_2010/1944.jpg	A car is parked.
../dataset/datasets/car/10shot/train/bmw_m5_sedan_2010/1940.jpg	A car is parked indoors, angled slightly towards the left.
../dataset/datasets/car/10shot/train/bmw_m5_sedan_2010/1948.jpg	A car is speeding on a road.
../dataset/datasets/car/10shot/train/bmw_m6_convertible_2010/205.jpg	A car parked on a waterfront.
../dataset/datasets/car/10shot/train/bmw_m6_convertible_2010/209.jpg	A car is parked.
../dataset/datasets/car/10shot/train/bmw_m6_convertible_2010/200.jpg	A car is parked on an airport tarmac with a small airplane balanced on its roof.
../dataset/datasets/car/10shot/train/bmw_m6_convertible_2010/206.jpg	A car is parked.
../dataset/datasets/car/10shot/train/bmw_m6_convertible_2010/202.jpg	A car is driving on a road with mountains in the background.
../dataset/datasets/car/10shot/train/bmw_m6_convertible_2010/208.jpg	A car is parked, facing left.
../dataset/datasets/car/10shot/train/bmw_m6_convertible_2010/201.jpg	A car is parked on a road with a scenic background.
../dataset/datasets/car/10shot/train/bmw_m6_convertible_2010/204.jpg	A car is driving on a winding road.
../dataset/datasets/car/10shot/train/bmw_m6_convertible_2010/207.jpg	A car is parked on sand near the ocean.
../dataset/datasets/car/10shot/train/bmw_m6_convertible_2010/203.jpg	A car is parked on a paved surface with trees in the background.
../dataset/datasets/car/10shot/train/bmw_x3_suv_2012/752.jpg	A car is driving on a road with a scenic background.
../dataset/datasets/car/10shot/train/bmw_x3_suv_2012/750.jpg	A car is parked on a lot.
../dataset/datasets/car/10shot/train/bmw_x3_suv_2012/758.jpg	A car is driving on a road.
../dataset/datasets/car/10shot/train/bmw_x3_suv_2012/759.jpg	A car is parked on a dirt road.
../dataset/datasets/car/10shot/train/bmw_x3_suv_2012/756.jpg	A car is parked.
../dataset/datasets/car/10shot/train/bmw_x3_suv_2012/757.jpg	A car is parked, facing right.
../dataset/datasets/car/10shot/train/bmw_x3_suv_2012/755.jpg	A car is parked on a concrete surface with a concrete wall and cloudy sky in the background.
../dataset/datasets/car/10shot/train/bmw_x3_suv_2012/754.jpg	A car driving on a road.
../dataset/datasets/car/10shot/train/bmw_x3_suv_2012/751.jpg	A car is parked.
../dataset/datasets/car/10shot/train/bmw_x3_suv_2012/753.jpg	A car is parked.
../dataset/datasets/car/10shot/train/bmw_z4_convertible_2012/325.jpg	A car is parked.
../dataset/datasets/car/10shot/train/bmw_z4_convertible_2012/324.jpg	A car is driving on a road.
../dataset/datasets/car/10shot/train/bmw_z4_convertible_2012/320.jpg	A car is parked with its front slightly angled towards the viewer.
../dataset/datasets/car/10shot/train/bmw_z4_convertible_2012/329.jpg	A car is parked on the street.
../dataset/datasets/car/10shot/train/bmw_z4_convertible_2012/323.jpg	A car is parked on a concrete surface with its hood facing left and doors closed.
../dataset/datasets/car/10shot/train/bmw_z4_convertible_2012/322.jpg	A car is displayed head-on, stationary.
../dataset/datasets/car/10shot/train/bmw_z4_convertible_2012/327.jpg	A car is parked on display.
../dataset/datasets/car/10shot/train/bmw_z4_convertible_2012/326.jpg	A car is driving on a sandy road.
../dataset/datasets/car/10shot/train/bmw_z4_convertible_2012/321.jpg	A car is displayed with its rear facing the camera, showcasing the taillights and license plate.
../dataset/datasets/car/10shot/train/bmw_z4_convertible_2012/328.jpg	A car is parked upright.
../dataset/datasets/car/10shot/train/bentley_continental_supersports_conv._convertible_2012/1703.jpg	A car is parked, rear view visible.
../dataset/datasets/car/10shot/train/bentley_continental_supersports_conv._convertible_2012/1701.jpg	A car is driving on a track.
../dataset/datasets/car/10shot/train/bentley_continental_supersports_conv._convertible_2012/1707.jpg	A car is parked on grass near a road.
../dataset/datasets/car/10shot/train/bentley_continental_supersports_conv._convertible_2012/1709.jpg	A car is driving on a road.
../dataset/datasets/car/10shot/train/bentley_continental_supersports_conv._convertible_2012/1708.jpg	A car is driving on a winding road.
../dataset/datasets/car/10shot/train/bentley_continental_supersports_conv._convertible_2012/1702.jpg	A car is parked on a road with a scenic background.
../dataset/datasets/car/10shot/train/bentley_continental_supersports_conv._convertible_2012/1704.jpg	A car is parked with its front facing left, showcasing its sleek design against a mountainous backdrop.
../dataset/datasets/car/10shot/train/bentley_continental_supersports_conv._convertible_2012/1706.jpg	A car is driving on a road with mountains in the background.
../dataset/datasets/car/10shot/train/bentley_continental_supersports_conv._convertible_2012/1705.jpg	A car is parked on display, facing right.
../dataset/datasets/car/10shot/train/bentley_continental_supersports_conv._convertible_2012/1700.jpg	A car is driving on a winding road through a mountainous landscape.
../dataset/datasets/car/10shot/train/bentley_arnage_sedan_2009/959.jpg	A car is parked on a road with its front facing forward.
../dataset/datasets/car/10shot/train/bentley_arnage_sedan_2009/952.jpg	A car is parked.
../dataset/datasets/car/10shot/train/bentley_arnage_sedan_2009/950.jpg	A car is parked on the side of the road.
../dataset/datasets/car/10shot/train/bentley_arnage_sedan_2009/953.jpg	A car is parked indoors, rear view visible.
../dataset/datasets/car/10shot/train/bentley_arnage_sedan_2009/957.jpg	A car is parked.
../dataset/datasets/car/10shot/train/bentley_arnage_sedan_2009/951.jpg	A car is driving on a road.
../dataset/datasets/car/10shot/train/bentley_arnage_sedan_2009/954.jpg	A car is parked on the street.
../dataset/datasets/car/10shot/train/bentley_arnage_sedan_2009/956.jpg	A car is parked on a trailer.
../dataset/datasets/car/10shot/train/bentley_arnage_sedan_2009/955.jpg	A car is parked on the street.
../dataset/datasets/car/10shot/train/bentley_arnage_sedan_2009/958.jpg	A car is parked on display.
../dataset/datasets/car/10shot/train/bentley_mulsanne_sedan_2011/1099.jpg	A car is parked indoors, facing forward.
../dataset/datasets/car/10shot/train/bentley_mulsanne_sedan_2011/1095.jpg	A car is driving on a road.
../dataset/datasets/car/10shot/train/bentley_mulsanne_sedan_2011/1097.jpg	A car is driving on a road.
../dataset/datasets/car/10shot/train/bentley_mulsanne_sedan_2011/1094.jpg	A car is driving on a road.
../dataset/datasets/car/10shot/train/bentley_mulsanne_sedan_2011/1092.jpg	A car is parked.
../dataset/datasets/car/10shot/train/bentley_mulsanne_sedan_2011/1091.jpg	A car is parked.
../dataset/datasets/car/10shot/train/bentley_mulsanne_sedan_2011/1096.jpg	A car is driving on a road.
../dataset/datasets/car/10shot/train/bentley_mulsanne_sedan_2011/1098.jpg	A car is driving on a road.
../dataset/datasets/car/10shot/train/bentley_mulsanne_sedan_2011/1090.jpg	A car is parked on a gravel road, facing slightly left with mountains and cloudy sky in the background.
../dataset/datasets/car/10shot/train/bentley_mulsanne_sedan_2011/1093.jpg	A car parked on the side of the road.
../dataset/datasets/car/10shot/train/bentley_continental_gt_coupe_2012/420.jpg	A car is parked.
../dataset/datasets/car/10shot/train/bentley_continental_gt_coupe_2012/426.jpg	A car is parked on a dirt road.
../dataset/datasets/car/10shot/train/bentley_continental_gt_coupe_2012/421.jpg	A car is parked on a street.
../dataset/datasets/car/10shot/train/bentley_continental_gt_coupe_2012/425.jpg	A car is driving on a road with a desert landscape in the background.
../dataset/datasets/car/10shot/train/bentley_continental_gt_coupe_2012/422.jpg	A car is speeding on a road.
../dataset/datasets/car/10shot/train/bentley_continental_gt_coupe_2012/427.jpg	A car is driving on a road.
../dataset/datasets/car/10shot/train/bentley_continental_gt_coupe_2012/428.jpg	A car is parked.
../dataset/datasets/car/10shot/train/bentley_continental_gt_coupe_2012/424.jpg	A car is parked on a desert road.
../dataset/datasets/car/10shot/train/bentley_continental_gt_coupe_2012/423.jpg	A car is driving on a road.
../dataset/datasets/car/10shot/train/bentley_continental_gt_coupe_2012/429.jpg	A car is parked.
../dataset/datasets/car/10shot/train/bentley_continental_gt_coupe_2007/659.jpg	A car is parked at an angle, showcasing its front and side profile.
../dataset/datasets/car/10shot/train/bentley_continental_gt_coupe_2007/654.jpg	A car is parked on a road with a scenic background.
../dataset/datasets/car/10shot/train/bentley_continental_gt_coupe_2007/651.jpg	A car is parked on a track, angled slightly towards the viewer.
../dataset/datasets/car/10shot/train/bentley_continental_gt_coupe_2007/655.jpg	A car is parked on a road with trees and grass in the background.
../dataset/datasets/car/10shot/train/bentley_continental_gt_coupe_2007/657.jpg	A car is parked at an angle.
../dataset/datasets/car/10shot/train/bentley_continental_gt_coupe_2007/652.jpg	A car is leaning slightly, suggesting it's in motion or has just taken a turn.
../dataset/datasets/car/10shot/train/bentley_continental_gt_coupe_2007/650.jpg	A car is parked on the street.
../dataset/datasets/car/10shot/train/bentley_continental_gt_coupe_2007/658.jpg	A car is in motion, leaning slightly forward.
../dataset/datasets/car/10shot/train/bentley_continental_gt_coupe_2007/653.jpg	A car is parked.
../dataset/datasets/car/10shot/train/bentley_continental_gt_coupe_2007/656.jpg	A car is parked on a paved surface with grass and trees in the background.
../dataset/datasets/car/10shot/train/bentley_continental_flying_spur_sedan_2007/461.jpg	A car is parked.
../dataset/datasets/car/10shot/train/bentley_continental_flying_spur_sedan_2007/468.jpg	A car is parked on a paved surface.
../dataset/datasets/car/10shot/train/bentley_continental_flying_spur_sedan_2007/463.jpg	A car is parked.
../dataset/datasets/car/10shot/train/bentley_continental_flying_spur_sedan_2007/465.jpg	A car is parked.
../dataset/datasets/car/10shot/train/bentley_continental_flying_spur_sedan_2007/466.jpg	A car is parked indoors, angled slightly towards the right.
../dataset/datasets/car/10shot/train/bentley_continental_flying_spur_sedan_2007/469.jpg	A car is parked.
../dataset/datasets/car/10shot/train/bentley_continental_flying_spur_sedan_2007/460.jpg	A car is parked.
../dataset/datasets/car/10shot/train/bentley_continental_flying_spur_sedan_2007/462.jpg	A car is parked on a reflective surface with mountains in the background.
../dataset/datasets/car/10shot/train/bentley_continental_flying_spur_sedan_2007/467.jpg	A car is parked.
../dataset/datasets/car/10shot/train/bentley_continental_flying_spur_sedan_2007/464.jpg	A car is parked.
../dataset/datasets/car/10shot/train/bugatti_veyron_16.4_convertible_2009/1193.jpg	A car is parked on a winding coastal road.
../dataset/datasets/car/10shot/train/bugatti_veyron_16.4_convertible_2009/1198.jpg	A car parked by a lake.
../dataset/datasets/car/10shot/train/bugatti_veyron_16.4_convertible_2009/1190.jpg	A car is parked on grass, facing slightly to the right.
../dataset/datasets/car/10shot/train/bugatti_veyron_16.4_convertible_2009/1195.jpg	A car is parked on a hillside, facing forward.
../dataset/datasets/car/10shot/train/bugatti_veyron_16.4_convertible_2009/1196.jpg	A car parked amidst vineyards.
../dataset/datasets/car/10shot/train/bugatti_veyron_16.4_convertible_2009/1197.jpg	A car is parked on display with its door open.
../dataset/datasets/car/10shot/train/bugatti_veyron_16.4_convertible_2009/1192.jpg	A car is displayed on a showroom floor, angled slightly to showcase its front and side profile.
../dataset/datasets/car/10shot/train/bugatti_veyron_16.4_convertible_2009/1199.jpg	A car is parked.
../dataset/datasets/car/10shot/train/bugatti_veyron_16.4_convertible_2009/1194.jpg	A car parked on dirt, surrounded by trees.
../dataset/datasets/car/10shot/train/bugatti_veyron_16.4_convertible_2009/1191.jpg	A car is parked on grass near water.
../dataset/datasets/car/10shot/train/bugatti_veyron_16.4_coupe_2009/1491.jpg	A car is parked.
../dataset/datasets/car/10shot/train/bugatti_veyron_16.4_coupe_2009/1498.jpg	A car speeding on a track.
../dataset/datasets/car/10shot/train/bugatti_veyron_16.4_coupe_2009/1495.jpg	A car is displayed on a platform with two men standing beside it.
../dataset/datasets/car/10shot/train/bugatti_veyron_16.4_coupe_2009/1493.jpg	A car is in motion, angled slightly to the left.
../dataset/datasets/car/10shot/train/bugatti_veyron_16.4_coupe_2009/1496.jpg	A car is positioned at an angle, showcasing its side profile.
../dataset/datasets/car/10shot/train/bugatti_veyron_16.4_coupe_2009/1499.jpg	A car is driving on a track, emitting smoke from its tires.
../dataset/datasets/car/10shot/train/bugatti_veyron_16.4_coupe_2009/1490.jpg	A car is parked facing forward, showcasing its front design.
../dataset/datasets/car/10shot/train/bugatti_veyron_16.4_coupe_2009/1494.jpg	A car is speeding along a road.
../dataset/datasets/car/10shot/train/bugatti_veyron_16.4_coupe_2009/1492.jpg	A car is parked.
../dataset/datasets/car/10shot/train/bugatti_veyron_16.4_coupe_2009/1497.jpg	A car is parked.
../dataset/datasets/car/10shot/train/buick_regal_gs_2012/1005.jpg	A car is parked at an angle, showcasing its side profile.
../dataset/datasets/car/10shot/train/buick_regal_gs_2012/1000.jpg	A car is parked on a paved area with a vineyard and trees in the background.
../dataset/datasets/car/10shot/train/buick_regal_gs_2012/1007.jpg	A car is angled slightly to the right, showcasing its rear and side profile.
../dataset/datasets/car/10shot/train/buick_regal_gs_2012/1002.jpg	A car is parked at an angle, showcasing its front and side profile.
../dataset/datasets/car/10shot/train/buick_regal_gs_2012/1008.jpg	A car is parked on a beach, facing away from the camera.
../dataset/datasets/car/10shot/train/buick_regal_gs_2012/1009.jpg	A car is parked.
../dataset/datasets/car/10shot/train/buick_regal_gs_2012/1006.jpg	A car is parked on display.
../dataset/datasets/car/10shot/train/buick_regal_gs_2012/1003.jpg	A car is driving on a road with motion blur.
../dataset/datasets/car/10shot/train/buick_regal_gs_2012/1004.jpg	A car is driving on a curvy road.
../dataset/datasets/car/10shot/train/buick_regal_gs_2012/1001.jpg	A car is parked on a paved surface with trees in the background.
../dataset/datasets/car/10shot/train/buick_rainier_suv_2007/1218.jpg	A car is parked.
../dataset/datasets/car/10shot/train/buick_rainier_suv_2007/1213.jpg	A car is parked in front of a building.
../dataset/datasets/car/10shot/train/buick_rainier_suv_2007/1219.jpg	A car is parked.
../dataset/datasets/car/10shot/train/buick_rainier_suv_2007/1217.jpg	A car is driving on a road.
../dataset/datasets/car/10shot/train/buick_rainier_suv_2007/1214.jpg	A car is parked.
../dataset/datasets/car/10shot/train/buick_rainier_suv_2007/1215.jpg	A car is parked on a paved surface.
../dataset/datasets/car/10shot/train/buick_rainier_suv_2007/1210.jpg	A car is parked indoors, facing right.
../dataset/datasets/car/10shot/train/buick_rainier_suv_2007/1212.jpg	A car is parked.
../dataset/datasets/car/10shot/train/buick_rainier_suv_2007/1211.jpg	A car is parked on the street.
../dataset/datasets/car/10shot/train/buick_rainier_suv_2007/1216.jpg	A car is parked.
../dataset/datasets/car/10shot/train/buick_verano_sedan_2012/102.jpg	A car is parked.
../dataset/datasets/car/10shot/train/buick_verano_sedan_2012/108.jpg	A car is driving on a curved road.
../dataset/datasets/car/10shot/train/buick_verano_sedan_2012/103.jpg	A car is parked on a road with a vineyard backdrop.
../dataset/datasets/car/10shot/train/buick_verano_sedan_2012/106.jpg	A car is parked on display indoors.
../dataset/datasets/car/10shot/train/buick_verano_sedan_2012/101.jpg	A car is parked straight on a white background.
../dataset/datasets/car/10shot/train/buick_verano_sedan_2012/107.jpg	A car is parked at an angle.
../dataset/datasets/car/10shot/train/buick_verano_sedan_2012/105.jpg	A car is parked indoors, facing away from the camera.
../dataset/datasets/car/10shot/train/buick_verano_sedan_2012/104.jpg	A car is parked.
../dataset/datasets/car/10shot/train/buick_verano_sedan_2012/109.jpg	A car is parked.
../dataset/datasets/car/10shot/train/buick_verano_sedan_2012/100.jpg	A car is parked horizontally.
../dataset/datasets/car/10shot/train/buick_enclave_suv_2012/1132.jpg	A car is parked.
../dataset/datasets/car/10shot/train/buick_enclave_suv_2012/1139.jpg	A car is parked.
../dataset/datasets/car/10shot/train/buick_enclave_suv_2012/1133.jpg	A car is parked.
../dataset/datasets/car/10shot/train/buick_enclave_suv_2012/1137.jpg	A car is parked, facing right.
../dataset/datasets/car/10shot/train/buick_enclave_suv_2012/1134.jpg	A car is parked in a lot.
../dataset/datasets/car/10shot/train/buick_enclave_suv_2012/1130.jpg	A car is parked indoors, facing slightly to the right.
../dataset/datasets/car/10shot/train/buick_enclave_suv_2012/1135.jpg	A car is parked.
../dataset/datasets/car/10shot/train/buick_enclave_suv_2012/1136.jpg	A car is parked on a dock.
../dataset/datasets/car/10shot/train/buick_enclave_suv_2012/1131.jpg	A car is parked.
../dataset/datasets/car/10shot/train/buick_enclave_suv_2012/1138.jpg	A car is parked on a paved surface.
../dataset/datasets/car/10shot/train/cadillac_cts-v_sedan_2012/747.jpg	A car is parked on a road.
../dataset/datasets/car/10shot/train/cadillac_cts-v_sedan_2012/746.jpg	A car is parked.
../dataset/datasets/car/10shot/train/cadillac_cts-v_sedan_2012/743.jpg	A car is parked indoors, angled slightly to the left.
../dataset/datasets/car/10shot/train/cadillac_cts-v_sedan_2012/740.jpg	A car is parked.
../dataset/datasets/car/10shot/train/cadillac_cts-v_sedan_2012/744.jpg	A car is speeding on a road.
../dataset/datasets/car/10shot/train/cadillac_cts-v_sedan_2012/741.jpg	A car is parked.
../dataset/datasets/car/10shot/train/cadillac_cts-v_sedan_2012/748.jpg	A car is parked on a brick driveway.
../dataset/datasets/car/10shot/train/cadillac_cts-v_sedan_2012/749.jpg	A car is driving on a road.
../dataset/datasets/car/10shot/train/cadillac_cts-v_sedan_2012/745.jpg	A car is driving on a road near the ocean.
../dataset/datasets/car/10shot/train/cadillac_cts-v_sedan_2012/742.jpg	A car is parked.
../dataset/datasets/car/10shot/train/cadillac_srx_suv_2012/1893.jpg	A car is parked in front of a store.
../dataset/datasets/car/10shot/train/cadillac_srx_suv_2012/1897.jpg	A car is parked on a flat surface with a clear sky background.
../dataset/datasets/car/10shot/train/cadillac_srx_suv_2012/1895.jpg	A car is parked on a paved surface with a grassy field and trees in the background.
../dataset/datasets/car/10shot/train/cadillac_srx_suv_2012/1891.jpg	A car is parked at an angle, showcasing its front and side profile.
../dataset/datasets/car/10shot/train/cadillac_srx_suv_2012/1890.jpg	A car is parked.
../dataset/datasets/car/10shot/train/cadillac_srx_suv_2012/1892.jpg	a car parked.
../dataset/datasets/car/10shot/train/cadillac_srx_suv_2012/1898.jpg	A car is parked on a paved surface with trees in the background.
../dataset/datasets/car/10shot/train/cadillac_srx_suv_2012/1899.jpg	A car is driving on a road.
../dataset/datasets/car/10shot/train/cadillac_srx_suv_2012/1896.jpg	A car is parked indoors, facing left.
../dataset/datasets/car/10shot/train/cadillac_srx_suv_2012/1894.jpg	A car is parked.
../dataset/datasets/car/10shot/train/cadillac_escalade_ext_crew_cab_2007/458.jpg	A car is parked at an angle.
../dataset/datasets/car/10shot/train/cadillac_escalade_ext_crew_cab_2007/459.jpg	A car is parked indoors, facing slightly left.
../dataset/datasets/car/10shot/train/cadillac_escalade_ext_crew_cab_2007/456.jpg	A car is parked.
../dataset/datasets/car/10shot/train/cadillac_escalade_ext_crew_cab_2007/451.jpg	A car is parked on grass.
../dataset/datasets/car/10shot/train/cadillac_escalade_ext_crew_cab_2007/453.jpg	A car is parked.
../dataset/datasets/car/10shot/train/cadillac_escalade_ext_crew_cab_2007/450.jpg	A car is parked on a driveway.
../dataset/datasets/car/10shot/train/cadillac_escalade_ext_crew_cab_2007/455.jpg	A car is parked.
../dataset/datasets/car/10shot/train/cadillac_escalade_ext_crew_cab_2007/452.jpg	A car is parked in front of a dealership.
../dataset/datasets/car/10shot/train/cadillac_escalade_ext_crew_cab_2007/454.jpg	A car is parked.
../dataset/datasets/car/10shot/train/cadillac_escalade_ext_crew_cab_2007/457.jpg	A car is parked on the side of the road.
../dataset/datasets/car/10shot/train/chevrolet_silverado_1500_hybrid_crew_cab_2012/1124.jpg	A car is parked in a lot.
../dataset/datasets/car/10shot/train/chevrolet_silverado_1500_hybrid_crew_cab_2012/1125.jpg	Stationary, parked.
../dataset/datasets/car/10shot/train/chevrolet_silverado_1500_hybrid_crew_cab_2012/1129.jpg	A car is parked.
../dataset/datasets/car/10shot/train/chevrolet_silverado_1500_hybrid_crew_cab_2012/1122.jpg	A car is parked.
../dataset/datasets/car/10shot/train/chevrolet_silverado_1500_hybrid_crew_cab_2012/1128.jpg	A car is parked indoors, facing left.
../dataset/datasets/car/10shot/train/chevrolet_silverado_1500_hybrid_crew_cab_2012/1120.jpg	A car is parked.
../dataset/datasets/car/10shot/train/chevrolet_silverado_1500_hybrid_crew_cab_2012/1121.jpg	A car is parked.
../dataset/datasets/car/10shot/train/chevrolet_silverado_1500_hybrid_crew_cab_2012/1126.jpg	a car parked.
../dataset/datasets/car/10shot/train/chevrolet_silverado_1500_hybrid_crew_cab_2012/1123.jpg	A car is parked.
../dataset/datasets/car/10shot/train/chevrolet_silverado_1500_hybrid_crew_cab_2012/1127.jpg	A car is parked straight, facing right.
../dataset/datasets/car/10shot/train/chevrolet_corvette_convertible_2012/1485.jpg	A car is driving on a road.
../dataset/datasets/car/10shot/train/chevrolet_corvette_convertible_2012/1487.jpg	A car is parked on the street.
../dataset/datasets/car/10shot/train/chevrolet_corvette_convertible_2012/1481.jpg	A car is parked on a road with its top down, facing right.
../dataset/datasets/car/10shot/train/chevrolet_corvette_convertible_2012/1482.jpg	A car is parked on the side of the road.
../dataset/datasets/car/10shot/train/chevrolet_corvette_convertible_2012/1486.jpg	A car is parked on the side of a road, facing left.
../dataset/datasets/car/10shot/train/chevrolet_corvette_convertible_2012/1483.jpg	A car is parked diagonally, showcasing its front and side profile.
../dataset/datasets/car/10shot/train/chevrolet_corvette_convertible_2012/1488.jpg	A car is parked.
../dataset/datasets/car/10shot/train/chevrolet_corvette_convertible_2012/1480.jpg	A car is shown in a static pose, facing forward with its doors closed and wheels aligned.
../dataset/datasets/car/10shot/train/chevrolet_corvette_convertible_2012/1484.jpg	A car is parked with its hood facing forward.
../dataset/datasets/car/10shot/train/chevrolet_corvette_convertible_2012/1489.jpg	A car is parked.
../dataset/datasets/car/10shot/train/chevrolet_corvette_zr1_2012/945.jpg	A car is parked straight, facing left.
../dataset/datasets/car/10shot/train/chevrolet_corvette_zr1_2012/946.jpg	A car is drifting, tires smoking.
../dataset/datasets/car/10shot/train/chevrolet_corvette_zr1_2012/947.jpg	A car is parked.
../dataset/datasets/car/10shot/train/chevrolet_corvette_zr1_2012/941.jpg	A car is parked on grass.
../dataset/datasets/car/10shot/train/chevrolet_corvette_zr1_2012/942.jpg	A car is parked straight, facing forward.
../dataset/datasets/car/10shot/train/chevrolet_corvette_zr1_2012/948.jpg	a car is parked diagonally.
../dataset/datasets/car/10shot/train/chevrolet_corvette_zr1_2012/949.jpg	A car is parked on display.
../dataset/datasets/car/10shot/train/chevrolet_corvette_zr1_2012/944.jpg	A car is parked with its driver's door open.
../dataset/datasets/car/10shot/train/chevrolet_corvette_zr1_2012/943.jpg	A car with open trunk.
../dataset/datasets/car/10shot/train/chevrolet_corvette_zr1_2012/940.jpg	A car is parked.
../dataset/datasets/car/10shot/train/chevrolet_corvette_ron_fellows_edition_z06_2007/185.jpg	A car is parked on a concrete surface near water, with a bridge in the background.
../dataset/datasets/car/10shot/train/chevrolet_corvette_ron_fellows_edition_z06_2007/181.jpg	A car is parked at an angle, showcasing its sleek design.
../dataset/datasets/car/10shot/train/chevrolet_corvette_ron_fellows_edition_z06_2007/188.jpg	car hood open, engine exposed.
../dataset/datasets/car/10shot/train/chevrolet_corvette_ron_fellows_edition_z06_2007/187.jpg	A car is parked.
../dataset/datasets/car/10shot/train/chevrolet_corvette_ron_fellows_edition_z06_2007/184.jpg	A car is parked on a brick surface, angled slightly towards the viewer.
../dataset/datasets/car/10shot/train/chevrolet_corvette_ron_fellows_edition_z06_2007/182.jpg	A car is parked upright on a flatbed.
../dataset/datasets/car/10shot/train/chevrolet_corvette_ron_fellows_edition_z06_2007/189.jpg	A car is parked.
../dataset/datasets/car/10shot/train/chevrolet_corvette_ron_fellows_edition_z06_2007/186.jpg	A car is parked.
../dataset/datasets/car/10shot/train/chevrolet_corvette_ron_fellows_edition_z06_2007/180.jpg	A car is parked on a brick surface.
../dataset/datasets/car/10shot/train/chevrolet_corvette_ron_fellows_edition_z06_2007/183.jpg	A car is parked.
../dataset/datasets/car/10shot/train/chevrolet_traverse_suv_2012/97.jpg	A car is parked on display at an event.
../dataset/datasets/car/10shot/train/chevrolet_traverse_suv_2012/99.jpg	A car is parked.
../dataset/datasets/car/10shot/train/chevrolet_traverse_suv_2012/96.jpg	A car is parked on a driveway.
../dataset/datasets/car/10shot/train/chevrolet_traverse_suv_2012/98.jpg	A car is parked.
../dataset/datasets/car/10shot/train/chevrolet_traverse_suv_2012/95.jpg	A car is parked in front of a house.
../dataset/datasets/car/10shot/train/chevrolet_traverse_suv_2012/90.jpg	A car is parked at an angle, showcasing its front and side profile.
../dataset/datasets/car/10shot/train/chevrolet_traverse_suv_2012/91.jpg	A car is parked on gravel.
../dataset/datasets/car/10shot/train/chevrolet_traverse_suv_2012/93.jpg	A car is parked.
../dataset/datasets/car/10shot/train/chevrolet_traverse_suv_2012/92.jpg	A car is parked on a paved driveway with lush greenery in the background.
../dataset/datasets/car/10shot/train/chevrolet_traverse_suv_2012/94.jpg	A car is parked.
../dataset/datasets/car/10shot/train/chevrolet_camaro_convertible_2012/634.jpg	A car is parked.
../dataset/datasets/car/10shot/train/chevrolet_camaro_convertible_2012/630.jpg	A car is parked.
../dataset/datasets/car/10shot/train/chevrolet_camaro_convertible_2012/637.jpg	A car is parked on grass.
../dataset/datasets/car/10shot/train/chevrolet_camaro_convertible_2012/633.jpg	A car is driving on a road.
../dataset/datasets/car/10shot/train/chevrolet_camaro_convertible_2012/639.jpg	A car is parked on wet pavement near the beach.
../dataset/datasets/car/10shot/train/chevrolet_camaro_convertible_2012/632.jpg	A car is parked on a beach, facing right.
../dataset/datasets/car/10shot/train/chevrolet_camaro_convertible_2012/635.jpg	A car parked on gravel, facing right.
../dataset/datasets/car/10shot/train/chevrolet_camaro_convertible_2012/631.jpg	A car is parked at an angle, showcasing its front and side profile.
../dataset/datasets/car/10shot/train/chevrolet_camaro_convertible_2012/638.jpg	A car is parked on a road with trees in the background.
../dataset/datasets/car/10shot/train/chevrolet_camaro_convertible_2012/636.jpg	A car is parked.
../dataset/datasets/car/10shot/train/chevrolet_hhr_ss_2010/962.jpg	A car is parked against a rocky backdrop.
../dataset/datasets/car/10shot/train/chevrolet_hhr_ss_2010/968.jpg	A car with open driver's door.
../dataset/datasets/car/10shot/train/chevrolet_hhr_ss_2010/961.jpg	A car is parked.
../dataset/datasets/car/10shot/train/chevrolet_hhr_ss_2010/969.jpg	A car is parked.
../dataset/datasets/car/10shot/train/chevrolet_hhr_ss_2010/965.jpg	A car is parked.
../dataset/datasets/car/10shot/train/chevrolet_hhr_ss_2010/963.jpg	A car is parked.
../dataset/datasets/car/10shot/train/chevrolet_hhr_ss_2010/966.jpg	A car is parked at an angle, showcasing its front and side profile.
../dataset/datasets/car/10shot/train/chevrolet_hhr_ss_2010/960.jpg	A car is parked.
../dataset/datasets/car/10shot/train/chevrolet_hhr_ss_2010/967.jpg	A car is parked on a wet surface with grass and trees in the background.
../dataset/datasets/car/10shot/train/chevrolet_hhr_ss_2010/964.jpg	A car is parked.
../dataset/datasets/car/10shot/train/chevrolet_impala_sedan_2007/771.jpg	A car is parked on a lot.
../dataset/datasets/car/10shot/train/chevrolet_impala_sedan_2007/770.jpg	A car is parked on the street.
../dataset/datasets/car/10shot/train/chevrolet_impala_sedan_2007/776.jpg	A car is parked in front of a dealership.
../dataset/datasets/car/10shot/train/chevrolet_impala_sedan_2007/773.jpg	A car is parked.
../dataset/datasets/car/10shot/train/chevrolet_impala_sedan_2007/777.jpg	A car is parked on wet pavement.
../dataset/datasets/car/10shot/train/chevrolet_impala_sedan_2007/778.jpg	A car is parked in a lot with mountains in the background.
../dataset/datasets/car/10shot/train/chevrolet_impala_sedan_2007/774.jpg	a car parked.
../dataset/datasets/car/10shot/train/chevrolet_impala_sedan_2007/772.jpg	a car parked on grass.
../dataset/datasets/car/10shot/train/chevrolet_impala_sedan_2007/779.jpg	a car parked.
../dataset/datasets/car/10shot/train/chevrolet_impala_sedan_2007/775.jpg	A car is parked on a flat surface with a scenic background.
../dataset/datasets/car/10shot/train/chevrolet_tahoe_hybrid_suv_2012/1617.jpg	A car is parked on a driveway.
../dataset/datasets/car/10shot/train/chevrolet_tahoe_hybrid_suv_2012/1619.jpg	A car is parked.
../dataset/datasets/car/10shot/train/chevrolet_tahoe_hybrid_suv_2012/1613.jpg	A car is parked on grass.
../dataset/datasets/car/10shot/train/chevrolet_tahoe_hybrid_suv_2012/1610.jpg	A car is parked.
../dataset/datasets/car/10shot/train/chevrolet_tahoe_hybrid_suv_2012/1614.jpg	A car is parked.
../dataset/datasets/car/10shot/train/chevrolet_tahoe_hybrid_suv_2012/1615.jpg	A car parked on sand, facing right.
../dataset/datasets/car/10shot/train/chevrolet_tahoe_hybrid_suv_2012/1612.jpg	A car is parked on a dirt surface.
../dataset/datasets/car/10shot/train/chevrolet_tahoe_hybrid_suv_2012/1616.jpg	A car is parked on the street.
../dataset/datasets/car/10shot/train/chevrolet_tahoe_hybrid_suv_2012/1611.jpg	A car is driving on the road.
../dataset/datasets/car/10shot/train/chevrolet_tahoe_hybrid_suv_2012/1618.jpg	A car is parked.
../dataset/datasets/car/10shot/train/chevrolet_sonic_sedan_2012/1292.jpg	A car is parked.
../dataset/datasets/car/10shot/train/chevrolet_sonic_sedan_2012/1299.jpg	A car is parked in front of a dealership.
../dataset/datasets/car/10shot/train/chevrolet_sonic_sedan_2012/1295.jpg	A car is displayed on a platform, facing right.
../dataset/datasets/car/10shot/train/chevrolet_sonic_sedan_2012/1290.jpg	A car is parked straight, facing left.
../dataset/datasets/car/10shot/train/chevrolet_sonic_sedan_2012/1293.jpg	A car is displayed on a showroom floor, angled slightly to show its side profile.
../dataset/datasets/car/10shot/train/chevrolet_sonic_sedan_2012/1291.jpg	A car is displayed on a showroom floor, facing right.
../dataset/datasets/car/10shot/train/chevrolet_sonic_sedan_2012/1296.jpg	A car is parked.
../dataset/datasets/car/10shot/train/chevrolet_sonic_sedan_2012/1294.jpg	A car is parked.
../dataset/datasets/car/10shot/train/chevrolet_sonic_sedan_2012/1297.jpg	A car is displayed on a platform, angled slightly forward.
../dataset/datasets/car/10shot/train/chevrolet_sonic_sedan_2012/1298.jpg	A car is parked on asphalt.
../dataset/datasets/car/10shot/train/chevrolet_express_cargo_van_2007/1789.jpg	The car is parked.
../dataset/datasets/car/10shot/train/chevrolet_express_cargo_van_2007/1788.jpg	A car with its rear doors open, revealing an empty cargo area.
../dataset/datasets/car/10shot/train/chevrolet_express_cargo_van_2007/1783.jpg	The car is parked.
../dataset/datasets/car/10shot/train/chevrolet_express_cargo_van_2007/1780.jpg	A car is parked on a wet surface.
../dataset/datasets/car/10shot/train/chevrolet_express_cargo_van_2007/1782.jpg	A car is parked.
../dataset/datasets/car/10shot/train/chevrolet_express_cargo_van_2007/1781.jpg	The car is parked.
../dataset/datasets/car/10shot/train/chevrolet_express_cargo_van_2007/1786.jpg	The car is parked upright on the ground.
../dataset/datasets/car/10shot/train/chevrolet_express_cargo_van_2007/1784.jpg	A car is parked on a paved surface.
../dataset/datasets/car/10shot/train/chevrolet_express_cargo_van_2007/1785.jpg	The car is parked.
../dataset/datasets/car/10shot/train/chevrolet_express_cargo_van_2007/1787.jpg	The car is parked.
../dataset/datasets/car/10shot/train/chevrolet_avalanche_crew_cab_2012/479.jpg	A car is parked on a driveway.
../dataset/datasets/car/10shot/train/chevrolet_avalanche_crew_cab_2012/474.jpg	A car is parked on a paved surface.
../dataset/datasets/car/10shot/train/chevrolet_avalanche_crew_cab_2012/477.jpg	A car is parked on a concrete surface.
../dataset/datasets/car/10shot/train/chevrolet_avalanche_crew_cab_2012/471.jpg	Stationary, parked.
../dataset/datasets/car/10shot/train/chevrolet_avalanche_crew_cab_2012/476.jpg	Stationary, rear view.
../dataset/datasets/car/10shot/train/chevrolet_avalanche_crew_cab_2012/475.jpg	A car is parked on a driveway.
../dataset/datasets/car/10shot/train/chevrolet_avalanche_crew_cab_2012/478.jpg	A car is driving on a sandy beach.
../dataset/datasets/car/10shot/train/chevrolet_avalanche_crew_cab_2012/473.jpg	A car is parked with its front facing slightly to the left.
../dataset/datasets/car/10shot/train/chevrolet_avalanche_crew_cab_2012/470.jpg	The car is stationary, viewed from the rear.
../dataset/datasets/car/10shot/train/chevrolet_avalanche_crew_cab_2012/472.jpg	A car is parked on a sunny day.
../dataset/datasets/car/10shot/train/chevrolet_cobalt_ss_2010/294.jpg	A car is in motion, leaning slightly to the side.
../dataset/datasets/car/10shot/train/chevrolet_cobalt_ss_2010/290.jpg	A car is parked.
../dataset/datasets/car/10shot/train/chevrolet_cobalt_ss_2010/293.jpg	A car is parked at an angle.
../dataset/datasets/car/10shot/train/chevrolet_cobalt_ss_2010/295.jpg	A car is parked.
../dataset/datasets/car/10shot/train/chevrolet_cobalt_ss_2010/291.jpg	A car is parked.
../dataset/datasets/car/10shot/train/chevrolet_cobalt_ss_2010/296.jpg	A car is parked in a parking space.
../dataset/datasets/car/10shot/train/chevrolet_cobalt_ss_2010/299.jpg	A car is parked on a driveway.
../dataset/datasets/car/10shot/train/chevrolet_cobalt_ss_2010/298.jpg	A car is leaning into a turn on a track.
../dataset/datasets/car/10shot/train/chevrolet_cobalt_ss_2010/297.jpg	A car is parked on gravel, angled slightly towards the left.
../dataset/datasets/car/10shot/train/chevrolet_cobalt_ss_2010/292.jpg	A car is parked on a gravel beach, facing away from the camera.
../dataset/datasets/car/10shot/train/chevrolet_malibu_hybrid_sedan_2010/1664.jpg	A car is parked.
../dataset/datasets/car/10shot/train/chevrolet_malibu_hybrid_sedan_2010/1661.jpg	a car parked on asphalt.
../dataset/datasets/car/10shot/train/chevrolet_malibu_hybrid_sedan_2010/1666.jpg	A car is parked on a road with grass and trees in the background.
../dataset/datasets/car/10shot/train/chevrolet_malibu_hybrid_sedan_2010/1667.jpg	A car is parked.
../dataset/datasets/car/10shot/train/chevrolet_malibu_hybrid_sedan_2010/1669.jpg	A car is parked on the street.
../dataset/datasets/car/10shot/train/chevrolet_malibu_hybrid_sedan_2010/1665.jpg	a car parked on grass near road.
../dataset/datasets/car/10shot/train/chevrolet_malibu_hybrid_sedan_2010/1668.jpg	A car is driving on a road.
../dataset/datasets/car/10shot/train/chevrolet_malibu_hybrid_sedan_2010/1660.jpg	A car is parked.
../dataset/datasets/car/10shot/train/chevrolet_malibu_hybrid_sedan_2010/1662.jpg	A car is parked.
../dataset/datasets/car/10shot/train/chevrolet_malibu_hybrid_sedan_2010/1663.jpg	A car is parked on the street.
../dataset/datasets/car/10shot/train/chevrolet_trailblazer_ss_2009/1141.jpg	A car is parked.
../dataset/datasets/car/10shot/train/chevrolet_trailblazer_ss_2009/1140.jpg	A car is driving on a road.
../dataset/datasets/car/10shot/train/chevrolet_trailblazer_ss_2009/1142.jpg	A car is parked.
../dataset/datasets/car/10shot/train/chevrolet_trailblazer_ss_2009/1145.jpg	A car is parked.
../dataset/datasets/car/10shot/train/chevrolet_trailblazer_ss_2009/1143.jpg	A car is parked.
../dataset/datasets/car/10shot/train/chevrolet_trailblazer_ss_2009/1147.jpg	A car is parked on a wet surface, facing forward.
../dataset/datasets/car/10shot/train/chevrolet_trailblazer_ss_2009/1149.jpg	A car is parked on a paved surface with grass and trees in the background.
../dataset/datasets/car/10shot/train/chevrolet_trailblazer_ss_2009/1146.jpg	A car is parked.
../dataset/datasets/car/10shot/train/chevrolet_trailblazer_ss_2009/1148.jpg	A car is parked.
../dataset/datasets/car/10shot/train/chevrolet_trailblazer_ss_2009/1144.jpg	A car is parked on grass.
../dataset/datasets/car/10shot/train/chevrolet_silverado_2500hd_regular_cab_2012/1473.jpg	A car is parked.
../dataset/datasets/car/10shot/train/chevrolet_silverado_2500hd_regular_cab_2012/1472.jpg	A car is parked.
../dataset/datasets/car/10shot/train/chevrolet_silverado_2500hd_regular_cab_2012/1476.jpg	A car is parked straight-on view.
../dataset/datasets/car/10shot/train/chevrolet_silverado_2500hd_regular_cab_2012/1478.jpg	A car is parked with its rear facing the viewer.
../dataset/datasets/car/10shot/train/chevrolet_silverado_2500hd_regular_cab_2012/1479.jpg	The car is parked.
../dataset/datasets/car/10shot/train/chevrolet_silverado_2500hd_regular_cab_2012/1477.jpg	A car is parked in front of a dealership.
../dataset/datasets/car/10shot/train/chevrolet_silverado_2500hd_regular_cab_2012/1474.jpg	The car is parked.
../dataset/datasets/car/10shot/train/chevrolet_silverado_2500hd_regular_cab_2012/1470.jpg	The car is stationary on a platform.
../dataset/datasets/car/10shot/train/chevrolet_silverado_2500hd_regular_cab_2012/1471.jpg	A car is parked on a road.
../dataset/datasets/car/10shot/train/chevrolet_silverado_2500hd_regular_cab_2012/1475.jpg	The car is parked.
../dataset/datasets/car/10shot/train/chevrolet_silverado_1500_classic_extended_cab_2007/1711.jpg	A car is parked on a concrete surface.
../dataset/datasets/car/10shot/train/chevrolet_silverado_1500_classic_extended_cab_2007/1717.jpg	A car is parked indoors, facing slightly left.
../dataset/datasets/car/10shot/train/chevrolet_silverado_1500_classic_extended_cab_2007/1712.jpg	The car is parked.
../dataset/datasets/car/10shot/train/chevrolet_silverado_1500_classic_extended_cab_2007/1719.jpg	A car is parked.
../dataset/datasets/car/10shot/train/chevrolet_silverado_1500_classic_extended_cab_2007/1715.jpg	A car is parked on a paved surface.
../dataset/datasets/car/10shot/train/chevrolet_silverado_1500_classic_extended_cab_2007/1710.jpg	A car is parked.
../dataset/datasets/car/10shot/train/chevrolet_silverado_1500_classic_extended_cab_2007/1714.jpg	A car parked.
../dataset/datasets/car/10shot/train/chevrolet_silverado_1500_classic_extended_cab_2007/1718.jpg	A car is parked.
../dataset/datasets/car/10shot/train/chevrolet_silverado_1500_classic_extended_cab_2007/1716.jpg	A car is parked.
../dataset/datasets/car/10shot/train/chevrolet_silverado_1500_classic_extended_cab_2007/1713.jpg	A car is parked.
../dataset/datasets/car/10shot/train/chevrolet_express_van_2007/765.jpg	The car is parked.
../dataset/datasets/car/10shot/train/chevrolet_express_van_2007/762.jpg	A car is parked.
../dataset/datasets/car/10shot/train/chevrolet_express_van_2007/768.jpg	The car is parked.
../dataset/datasets/car/10shot/train/chevrolet_express_van_2007/763.jpg	A car is parked on grass.
../dataset/datasets/car/10shot/train/chevrolet_express_van_2007/767.jpg	The car is parked.
../dataset/datasets/car/10shot/train/chevrolet_express_van_2007/761.jpg	The car is parked.
../dataset/datasets/car/10shot/train/chevrolet_express_van_2007/760.jpg	A car is parked on the street.
../dataset/datasets/car/10shot/train/chevrolet_express_van_2007/766.jpg	The car is parked.
../dataset/datasets/car/10shot/train/chevrolet_express_van_2007/764.jpg	A car is parked on grass with a yellow stand attached to its rear.
../dataset/datasets/car/10shot/train/chevrolet_express_van_2007/769.jpg	Stationary.
../dataset/datasets/car/10shot/train/chevrolet_monte_carlo_coupe_2007/1306.jpg	A car is parked indoors, facing right.
../dataset/datasets/car/10shot/train/chevrolet_monte_carlo_coupe_2007/1300.jpg	A car is parked.
../dataset/datasets/car/10shot/train/chevrolet_monte_carlo_coupe_2007/1307.jpg	A car is parked on a paved surface with trees in the background.
../dataset/datasets/car/10shot/train/chevrolet_monte_carlo_coupe_2007/1304.jpg	A car is parked on grass near a road.
../dataset/datasets/car/10shot/train/chevrolet_monte_carlo_coupe_2007/1302.jpg	A car parked on gravel.
../dataset/datasets/car/10shot/train/chevrolet_monte_carlo_coupe_2007/1309.jpg	A car parked.
../dataset/datasets/car/10shot/train/chevrolet_monte_carlo_coupe_2007/1305.jpg	A car is parked on a driveway.
../dataset/datasets/car/10shot/train/chevrolet_monte_carlo_coupe_2007/1308.jpg	A car is parked with its rear facing the viewer, showcasing the taillights and license plate.
../dataset/datasets/car/10shot/train/chevrolet_monte_carlo_coupe_2007/1303.jpg	A car is parked.
../dataset/datasets/car/10shot/train/chevrolet_monte_carlo_coupe_2007/1301.jpg	A car is parked on a road with its rear facing the camera.
../dataset/datasets/car/10shot/train/chevrolet_malibu_sedan_2007/168.jpg	a car parked.
../dataset/datasets/car/10shot/train/chevrolet_malibu_sedan_2007/166.jpg	a car parked.
../dataset/datasets/car/10shot/train/chevrolet_malibu_sedan_2007/163.jpg	A car is parked on a showroom floor.
../dataset/datasets/car/10shot/train/chevrolet_malibu_sedan_2007/161.jpg	A car is parked in front of a building.
../dataset/datasets/car/10shot/train/chevrolet_malibu_sedan_2007/167.jpg	A car is parked straight-on view.
../dataset/datasets/car/10shot/train/chevrolet_malibu_sedan_2007/160.jpg	A car is parked.
../dataset/datasets/car/10shot/train/chevrolet_malibu_sedan_2007/169.jpg	A car is parked.
../dataset/datasets/car/10shot/train/chevrolet_malibu_sedan_2007/162.jpg	A car is parked.
../dataset/datasets/car/10shot/train/chevrolet_malibu_sedan_2007/165.jpg	A car is parked.
../dataset/datasets/car/10shot/train/chevrolet_malibu_sedan_2007/164.jpg	a car parked.
../dataset/datasets/car/10shot/train/chevrolet_silverado_1500_extended_cab_2012/782.jpg	A car is parked on a dirt surface.
../dataset/datasets/car/10shot/train/chevrolet_silverado_1500_extended_cab_2012/781.jpg	A car is parked on a paved surface.
../dataset/datasets/car/10shot/train/chevrolet_silverado_1500_extended_cab_2012/786.jpg	A car is parked on a gravel surface with trees in the background.
../dataset/datasets/car/10shot/train/chevrolet_silverado_1500_extended_cab_2012/787.jpg	A car is parked with its side facing the viewer, showcasing its profile against a mountainous backdrop.
../dataset/datasets/car/10shot/train/chevrolet_silverado_1500_extended_cab_2012/785.jpg	A car is parked on a road with trees in the background.
../dataset/datasets/car/10shot/train/chevrolet_silverado_1500_extended_cab_2012/780.jpg	A car is parked.
../dataset/datasets/car/10shot/train/chevrolet_silverado_1500_extended_cab_2012/789.jpg	A car is parked.
../dataset/datasets/car/10shot/train/chevrolet_silverado_1500_extended_cab_2012/788.jpg	A car is parked.
../dataset/datasets/car/10shot/train/chevrolet_silverado_1500_extended_cab_2012/783.jpg	A car is parked.
../dataset/datasets/car/10shot/train/chevrolet_silverado_1500_extended_cab_2012/784.jpg	The car is parked.
../dataset/datasets/car/10shot/train/chevrolet_silverado_1500_regular_cab_2012/1592.jpg	Stationary, parked.
../dataset/datasets/car/10shot/train/chevrolet_silverado_1500_regular_cab_2012/1594.jpg	A car is parked.
../dataset/datasets/car/10shot/train/chevrolet_silverado_1500_regular_cab_2012/1593.jpg	A car is parked in front of a dealership.
../dataset/datasets/car/10shot/train/chevrolet_silverado_1500_regular_cab_2012/1598.jpg	The car is parked.
../dataset/datasets/car/10shot/train/chevrolet_silverado_1500_regular_cab_2012/1591.jpg	The car is parked.
../dataset/datasets/car/10shot/train/chevrolet_silverado_1500_regular_cab_2012/1590.jpg	A car is parked upright on the lot.
../dataset/datasets/car/10shot/train/chevrolet_silverado_1500_regular_cab_2012/1595.jpg	A car is parked on a tiled floor.
../dataset/datasets/car/10shot/train/chevrolet_silverado_1500_regular_cab_2012/1597.jpg	The car is parked.
../dataset/datasets/car/10shot/train/chevrolet_silverado_1500_regular_cab_2012/1596.jpg	A car is parked.
../dataset/datasets/car/10shot/train/chevrolet_silverado_1500_regular_cab_2012/1599.jpg	A car is parked on a concrete surface.
../dataset/datasets/car/10shot/train/chrysler_aspen_suv_2009/993.jpg	A car is parked.
../dataset/datasets/car/10shot/train/chrysler_aspen_suv_2009/995.jpg	A car is parked in front of a garage door.
../dataset/datasets/car/10shot/train/chrysler_aspen_suv_2009/994.jpg	A car is parked.
../dataset/datasets/car/10shot/train/chrysler_aspen_suv_2009/999.jpg	A car is parked.
../dataset/datasets/car/10shot/train/chrysler_aspen_suv_2009/997.jpg	A car is driving on a road.
../dataset/datasets/car/10shot/train/chrysler_aspen_suv_2009/990.jpg	A car is parked.
../dataset/datasets/car/10shot/train/chrysler_aspen_suv_2009/991.jpg	A car is parked.
../dataset/datasets/car/10shot/train/chrysler_aspen_suv_2009/992.jpg	A car is parked on a driveway.
../dataset/datasets/car/10shot/train/chrysler_aspen_suv_2009/996.jpg	A car is parked.
../dataset/datasets/car/10shot/train/chrysler_aspen_suv_2009/998.jpg	A car is parked.
../dataset/datasets/car/10shot/train/chrysler_sebring_convertible_2010/1220.jpg	A car is parked.
../dataset/datasets/car/10shot/train/chrysler_sebring_convertible_2010/1224.jpg	A car is driving on a city street.
../dataset/datasets/car/10shot/train/chrysler_sebring_convertible_2010/1227.jpg	A car is parked on a road with its top down.
../dataset/datasets/car/10shot/train/chrysler_sebring_convertible_2010/1223.jpg	A car is parked.
../dataset/datasets/car/10shot/train/chrysler_sebring_convertible_2010/1222.jpg	A car is parked.
../dataset/datasets/car/10shot/train/chrysler_sebring_convertible_2010/1228.jpg	A car is parked in a lot with a price tag displayed on its windshield.
../dataset/datasets/car/10shot/train/chrysler_sebring_convertible_2010/1221.jpg	A car is parked.
../dataset/datasets/car/10shot/train/chrysler_sebring_convertible_2010/1229.jpg	A car parked, sun shining on hood.
../dataset/datasets/car/10shot/train/chrysler_sebring_convertible_2010/1226.jpg	A car is parked indoors, facing slightly left.
../dataset/datasets/car/10shot/train/chrysler_sebring_convertible_2010/1225.jpg	A car is parked.
../dataset/datasets/car/10shot/train/chrysler_town_and_country_minivan_2012/1952.jpg	A car is parked on a road with trees in the background.
../dataset/datasets/car/10shot/train/chrysler_town_and_country_minivan_2012/1953.jpg	A car is parked on the street.
../dataset/datasets/car/10shot/train/chrysler_town_and_country_minivan_2012/1951.jpg	A car is parked on a driveway.
../dataset/datasets/car/10shot/train/chrysler_town_and_country_minivan_2012/1954.jpg	A car is parked on a road near a forested area.
../dataset/datasets/car/10shot/train/chrysler_town_and_country_minivan_2012/1950.jpg	A car is parked on a street.
../dataset/datasets/car/10shot/train/chrysler_town_and_country_minivan_2012/1957.jpg	A car is parked.
../dataset/datasets/car/10shot/train/chrysler_town_and_country_minivan_2012/1955.jpg	A car is parked.
../dataset/datasets/car/10shot/train/chrysler_town_and_country_minivan_2012/1958.jpg	A car is parked.
../dataset/datasets/car/10shot/train/chrysler_town_and_country_minivan_2012/1956.jpg	A car is parked on the street.
../dataset/datasets/car/10shot/train/chrysler_town_and_country_minivan_2012/1959.jpg	a car parked.
../dataset/datasets/car/10shot/train/chrysler_300_srt-8_2010/192.jpg	A car is parked on a driveway.
../dataset/datasets/car/10shot/train/chrysler_300_srt-8_2010/194.jpg	A car is parked.
../dataset/datasets/car/10shot/train/chrysler_300_srt-8_2010/199.jpg	A car is parked.
../dataset/datasets/car/10shot/train/chrysler_300_srt-8_2010/191.jpg	A car is driving on a road.
../dataset/datasets/car/10shot/train/chrysler_300_srt-8_2010/196.jpg	A car parked on driveway.
../dataset/datasets/car/10shot/train/chrysler_300_srt-8_2010/193.jpg	a car parked.
../dataset/datasets/car/10shot/train/chrysler_300_srt-8_2010/190.jpg	A car is parked on a lot.
../dataset/datasets/car/10shot/train/chrysler_300_srt-8_2010/197.jpg	A car is parked on a road with trees in the background.
../dataset/datasets/car/10shot/train/chrysler_300_srt-8_2010/198.jpg	A car is parked.
../dataset/datasets/car/10shot/train/chrysler_300_srt-8_2010/195.jpg	A car is parked diagonally in an empty parking lot.
../dataset/datasets/car/10shot/train/chrysler_crossfire_convertible_2008/1754.jpg	A car is parked on grass, angled slightly towards the right.
../dataset/datasets/car/10shot/train/chrysler_crossfire_convertible_2008/1753.jpg	A car is parked.
../dataset/datasets/car/10shot/train/chrysler_crossfire_convertible_2008/1758.jpg	A car is parked.
../dataset/datasets/car/10shot/train/chrysler_crossfire_convertible_2008/1759.jpg	A car is parked.
../dataset/datasets/car/10shot/train/chrysler_crossfire_convertible_2008/1750.jpg	A car parked.
../dataset/datasets/car/10shot/train/chrysler_crossfire_convertible_2008/1756.jpg	A car parked on a driveway.
../dataset/datasets/car/10shot/train/chrysler_crossfire_convertible_2008/1752.jpg	A car parked on rocks near water.
../dataset/datasets/car/10shot/train/chrysler_crossfire_convertible_2008/1757.jpg	A car is parked.
../dataset/datasets/car/10shot/train/chrysler_crossfire_convertible_2008/1751.jpg	A car parked.
../dataset/datasets/car/10shot/train/chrysler_crossfire_convertible_2008/1755.jpg	A car is parked at an angle.
../dataset/datasets/car/10shot/train/chrysler_pt_cruiser_convertible_2008/1829.jpg	A car is displayed at an angle, showcasing its front and side profile.
../dataset/datasets/car/10shot/train/chrysler_pt_cruiser_convertible_2008/1827.jpg	A car is parked with its convertible top down.
../dataset/datasets/car/10shot/train/chrysler_pt_cruiser_convertible_2008/1825.jpg	A car parked.
../dataset/datasets/car/10shot/train/chrysler_pt_cruiser_convertible_2008/1826.jpg	A car is driving on a road with a blurred background.
../dataset/datasets/car/10shot/train/chrysler_pt_cruiser_convertible_2008/1822.jpg	A car is driving on a road.
../dataset/datasets/car/10shot/train/chrysler_pt_cruiser_convertible_2008/1828.jpg	A car parked on road, trees in background.
../dataset/datasets/car/10shot/train/chrysler_pt_cruiser_convertible_2008/1824.jpg	A car is parked.
../dataset/datasets/car/10shot/train/chrysler_pt_cruiser_convertible_2008/1821.jpg	A car parked by water, convertible top down.
../dataset/datasets/car/10shot/train/chrysler_pt_cruiser_convertible_2008/1823.jpg	A car is parked in front of a dealership.
../dataset/datasets/car/10shot/train/chrysler_pt_cruiser_convertible_2008/1820.jpg	A car is parked indoors, facing right.
../dataset/datasets/car/10shot/train/daewoo_nubira_wagon_2002/1867.jpg	A car is in motion, blurred background suggests speed.
../dataset/datasets/car/10shot/train/daewoo_nubira_wagon_2002/1862.jpg	a car parked on street.
../dataset/datasets/car/10shot/train/daewoo_nubira_wagon_2002/1866.jpg	A car is parked on a flat surface.
../dataset/datasets/car/10shot/train/daewoo_nubira_wagon_2002/1869.jpg	A car is parked.
../dataset/datasets/car/10shot/train/daewoo_nubira_wagon_2002/1863.jpg	A car is parked on a street.
../dataset/datasets/car/10shot/train/daewoo_nubira_wagon_2002/1861.jpg	A car is parked on a gravel surface.
../dataset/datasets/car/10shot/train/daewoo_nubira_wagon_2002/1864.jpg	A car is parked on a lot.
../dataset/datasets/car/10shot/train/daewoo_nubira_wagon_2002/1865.jpg	A car is parked.
../dataset/datasets/car/10shot/train/daewoo_nubira_wagon_2002/1868.jpg	A car is parked on a dirt surface.
../dataset/datasets/car/10shot/train/daewoo_nubira_wagon_2002/1860.jpg	A car is parked on grass.
../dataset/datasets/car/10shot/train/dodge_caliber_wagon_2012/841.jpg	A car is parked on a driveway.
../dataset/datasets/car/10shot/train/dodge_caliber_wagon_2012/847.jpg	A car is driving on a winding road.
../dataset/datasets/car/10shot/train/dodge_caliber_wagon_2012/844.jpg	A car is parked on grass.
../dataset/datasets/car/10shot/train/dodge_caliber_wagon_2012/848.jpg	A car is parked.
../dataset/datasets/car/10shot/train/dodge_caliber_wagon_2012/846.jpg	A car is parked.
../dataset/datasets/car/10shot/train/dodge_caliber_wagon_2012/840.jpg	A car is parked.
../dataset/datasets/car/10shot/train/dodge_caliber_wagon_2012/843.jpg	A car is parked on gravel, facing away from the camera.
../dataset/datasets/car/10shot/train/dodge_caliber_wagon_2012/849.jpg	A car is parked.
../dataset/datasets/car/10shot/train/dodge_caliber_wagon_2012/845.jpg	A car is parked.
../dataset/datasets/car/10shot/train/dodge_caliber_wagon_2012/842.jpg	A car is driving on a road.
../dataset/datasets/car/10shot/train/dodge_caliber_wagon_2007/1370.jpg	A car is parked indoors, facing forward.
../dataset/datasets/car/10shot/train/dodge_caliber_wagon_2007/1377.jpg	A car is parked.
../dataset/datasets/car/10shot/train/dodge_caliber_wagon_2007/1376.jpg	A car is parked.
../dataset/datasets/car/10shot/train/dodge_caliber_wagon_2007/1372.jpg	A car is parked.
../dataset/datasets/car/10shot/train/dodge_caliber_wagon_2007/1374.jpg	A car is parked.
../dataset/datasets/car/10shot/train/dodge_caliber_wagon_2007/1378.jpg	A car is parked indoors, facing slightly left.
../dataset/datasets/car/10shot/train/dodge_caliber_wagon_2007/1371.jpg	A car is parked on a gravel surface with trees and sky in the background.
../dataset/datasets/car/10shot/train/dodge_caliber_wagon_2007/1379.jpg	A car is driving on a gravel road.
../dataset/datasets/car/10shot/train/dodge_caliber_wagon_2007/1375.jpg	A car is parked on a road with mountains and water in the background.
../dataset/datasets/car/10shot/train/dodge_caliber_wagon_2007/1373.jpg	A car is parked in front of a dealership.
../dataset/datasets/car/10shot/train/dodge_caravan_minivan_1997/134.jpg	A car is parked.
../dataset/datasets/car/10shot/train/dodge_caravan_minivan_1997/132.jpg	A car is parked on grass.
../dataset/datasets/car/10shot/train/dodge_caravan_minivan_1997/130.jpg	A car is parked on a paved surface with mountains in the background.
../dataset/datasets/car/10shot/train/dodge_caravan_minivan_1997/139.jpg	a car parked on street
../dataset/datasets/car/10shot/train/dodge_caravan_minivan_1997/133.jpg	a car parked on street.
../dataset/datasets/car/10shot/train/dodge_caravan_minivan_1997/135.jpg	A car is parked on grass, angled slightly to the right.
../dataset/datasets/car/10shot/train/dodge_caravan_minivan_1997/136.jpg	A car is parked on grass.
../dataset/datasets/car/10shot/train/dodge_caravan_minivan_1997/131.jpg	A car is parked on a road with a mountainous backdrop.
../dataset/datasets/car/10shot/train/dodge_caravan_minivan_1997/138.jpg	A car is parked.
../dataset/datasets/car/10shot/train/dodge_caravan_minivan_1997/137.jpg	A car is parked on the street.
../dataset/datasets/car/10shot/train/dodge_ram_pickup_3500_crew_cab_2010/251.jpg	A car is parked on a lot.
../dataset/datasets/car/10shot/train/dodge_ram_pickup_3500_crew_cab_2010/253.jpg	The car is parked.
../dataset/datasets/car/10shot/train/dodge_ram_pickup_3500_crew_cab_2010/258.jpg	A car is parked on a gravel surface with grass and trees in the background.
../dataset/datasets/car/10shot/train/dodge_ram_pickup_3500_crew_cab_2010/250.jpg	A car is parked.
../dataset/datasets/car/10shot/train/dodge_ram_pickup_3500_crew_cab_2010/255.jpg	A car is parked on grass near a parking lot.
../dataset/datasets/car/10shot/train/dodge_ram_pickup_3500_crew_cab_2010/256.jpg	A car is parked on a dirt road with mountains in the background.
../dataset/datasets/car/10shot/train/dodge_ram_pickup_3500_crew_cab_2010/257.jpg	A car is driving on a dirt path.
../dataset/datasets/car/10shot/train/dodge_ram_pickup_3500_crew_cab_2010/259.jpg	The car is parked.
../dataset/datasets/car/10shot/train/dodge_ram_pickup_3500_crew_cab_2010/254.jpg	A car is parked.
../dataset/datasets/car/10shot/train/dodge_ram_pickup_3500_crew_cab_2010/252.jpg	A car is parked on a paved surface.
../dataset/datasets/car/10shot/train/dodge_ram_pickup_3500_quad_cab_2009/1557.jpg	A car is parked on a desert landscape with mountains in the background.
../dataset/datasets/car/10shot/train/dodge_ram_pickup_3500_quad_cab_2009/1551.jpg	a car parked
../dataset/datasets/car/10shot/train/dodge_ram_pickup_3500_quad_cab_2009/1553.jpg	The car is parked.
../dataset/datasets/car/10shot/train/dodge_ram_pickup_3500_quad_cab_2009/1552.jpg	A car is parked horizontally.
../dataset/datasets/car/10shot/train/dodge_ram_pickup_3500_quad_cab_2009/1555.jpg	The car is parked.
../dataset/datasets/car/10shot/train/dodge_ram_pickup_3500_quad_cab_2009/1559.jpg	The car is parked.
../dataset/datasets/car/10shot/train/dodge_ram_pickup_3500_quad_cab_2009/1558.jpg	A car is parked.
../dataset/datasets/car/10shot/train/dodge_ram_pickup_3500_quad_cab_2009/1556.jpg	A car is parked on dirt ground.
../dataset/datasets/car/10shot/train/dodge_ram_pickup_3500_quad_cab_2009/1554.jpg	A car is parked.
../dataset/datasets/car/10shot/train/dodge_ram_pickup_3500_quad_cab_2009/1550.jpg	The car is parked.
../dataset/datasets/car/10shot/train/dodge_sprinter_cargo_van_2009/817.jpg	The car is parked.
../dataset/datasets/car/10shot/train/dodge_sprinter_cargo_van_2009/815.jpg	A car is parked.
../dataset/datasets/car/10shot/train/dodge_sprinter_cargo_van_2009/811.jpg	A car is parked.
../dataset/datasets/car/10shot/train/dodge_sprinter_cargo_van_2009/810.jpg	A car is parked.
../dataset/datasets/car/10shot/train/dodge_sprinter_cargo_van_2009/818.jpg	A car is parked.
../dataset/datasets/car/10shot/train/dodge_sprinter_cargo_van_2009/816.jpg	The car is parked.
../dataset/datasets/car/10shot/train/dodge_sprinter_cargo_van_2009/819.jpg	The car is parked.
../dataset/datasets/car/10shot/train/dodge_sprinter_cargo_van_2009/813.jpg	A car is parked.
../dataset/datasets/car/10shot/train/dodge_sprinter_cargo_van_2009/814.jpg	A car is parked.
../dataset/datasets/car/10shot/train/dodge_sprinter_cargo_van_2009/812.jpg	A car is parked.
../dataset/datasets/car/10shot/train/dodge_journey_suv_2012/61.jpg	A car is parked.
../dataset/datasets/car/10shot/train/dodge_journey_suv_2012/66.jpg	A car is parked in a lot.
../dataset/datasets/car/10shot/train/dodge_journey_suv_2012/69.jpg	A car is parked at an angle.
../dataset/datasets/car/10shot/train/dodge_journey_suv_2012/68.jpg	A car is parked.
../dataset/datasets/car/10shot/train/dodge_journey_suv_2012/60.jpg	A car is parked sideways.
../dataset/datasets/car/10shot/train/dodge_journey_suv_2012/67.jpg	A car is parked on gravel, angled slightly towards the left.
../dataset/datasets/car/10shot/train/dodge_journey_suv_2012/62.jpg	A car is parked.
../dataset/datasets/car/10shot/train/dodge_journey_suv_2012/65.jpg	A car is parked.
../dataset/datasets/car/10shot/train/dodge_journey_suv_2012/63.jpg	A car is parked in front of a dealership.
../dataset/datasets/car/10shot/train/dodge_journey_suv_2012/64.jpg	A car is parked on a concrete surface.
../dataset/datasets/car/10shot/train/dodge_dakota_crew_cab_2010/480.jpg	A car is parked.
../dataset/datasets/car/10shot/train/dodge_dakota_crew_cab_2010/486.jpg	A car is parked on a paved surface with an American flag attached to its antenna.
../dataset/datasets/car/10shot/train/dodge_dakota_crew_cab_2010/483.jpg	A car is parked on a concrete surface with grass and trees in the background.
../dataset/datasets/car/10shot/train/dodge_dakota_crew_cab_2010/488.jpg	A car is parked upright on the street.
../dataset/datasets/car/10shot/train/dodge_dakota_crew_cab_2010/481.jpg	A car is parked.
../dataset/datasets/car/10shot/train/dodge_dakota_crew_cab_2010/489.jpg	a car parked on street.
../dataset/datasets/car/10shot/train/dodge_dakota_crew_cab_2010/487.jpg	A car is parked.
../dataset/datasets/car/10shot/train/dodge_dakota_crew_cab_2010/482.jpg	A car is parked on grass.
../dataset/datasets/car/10shot/train/dodge_dakota_crew_cab_2010/484.jpg	A car is parked at an angle, showcasing its side profile.
../dataset/datasets/car/10shot/train/dodge_dakota_crew_cab_2010/485.jpg	A car is parked on a lot.
../dataset/datasets/car/10shot/train/dodge_dakota_club_cab_2007/26.jpg	Stationary.
../dataset/datasets/car/10shot/train/dodge_dakota_club_cab_2007/22.jpg	A car is parked on a concrete surface.
../dataset/datasets/car/10shot/train/dodge_dakota_club_cab_2007/27.jpg	A car is parked.
../dataset/datasets/car/10shot/train/dodge_dakota_club_cab_2007/29.jpg	The car is parked.
../dataset/datasets/car/10shot/train/dodge_dakota_club_cab_2007/28.jpg	The car is parked.
../dataset/datasets/car/10shot/train/dodge_dakota_club_cab_2007/25.jpg	A car is parked on gravel.
../dataset/datasets/car/10shot/train/dodge_dakota_club_cab_2007/24.jpg	A car is parked on a paved surface with trees in the background.
../dataset/datasets/car/10shot/train/dodge_dakota_club_cab_2007/21.jpg	A car is parked.
../dataset/datasets/car/10shot/train/dodge_dakota_club_cab_2007/23.jpg	A car is parked.
../dataset/datasets/car/10shot/train/dodge_dakota_club_cab_2007/20.jpg	A car is parked.
../dataset/datasets/car/10shot/train/dodge_magnum_wagon_2008/1802.jpg	A car is parked.
../dataset/datasets/car/10shot/train/dodge_magnum_wagon_2008/1808.jpg	A car is parked on the street.
../dataset/datasets/car/10shot/train/dodge_magnum_wagon_2008/1800.jpg	A car is parked on a concrete surface near a building and some greenery.
../dataset/datasets/car/10shot/train/dodge_magnum_wagon_2008/1807.jpg	A car is parked on a driveway.
../dataset/datasets/car/10shot/train/dodge_magnum_wagon_2008/1801.jpg	A car is parked straight-on.
../dataset/datasets/car/10shot/train/dodge_magnum_wagon_2008/1803.jpg	A car is parked on a brick driveway.
../dataset/datasets/car/10shot/train/dodge_magnum_wagon_2008/1805.jpg	A car is parked indoors, facing forward.
../dataset/datasets/car/10shot/train/dodge_magnum_wagon_2008/1804.jpg	A car is parked on a paved surface.
../dataset/datasets/car/10shot/train/dodge_magnum_wagon_2008/1809.jpg	A car is parked in front of a dealership.
../dataset/datasets/car/10shot/train/dodge_magnum_wagon_2008/1806.jpg	A car is parked.
../dataset/datasets/car/10shot/train/dodge_challenger_srt8_2011/1173.jpg	A car is parked in front of a garage.
../dataset/datasets/car/10shot/train/dodge_challenger_srt8_2011/1175.jpg	A car is parked, angled slightly towards the viewer.
../dataset/datasets/car/10shot/train/dodge_challenger_srt8_2011/1179.jpg	A car is parked on rocky terrain.
../dataset/datasets/car/10shot/train/dodge_challenger_srt8_2011/1174.jpg	A car is parked on the street.
../dataset/datasets/car/10shot/train/dodge_challenger_srt8_2011/1177.jpg	A car is positioned diagonally, showcasing its front and side profile.
../dataset/datasets/car/10shot/train/dodge_challenger_srt8_2011/1171.jpg	A car is parked on a track, angled slightly to the left.
../dataset/datasets/car/10shot/train/dodge_challenger_srt8_2011/1178.jpg	A car is parked.
../dataset/datasets/car/10shot/train/dodge_challenger_srt8_2011/1176.jpg	A car is displayed at an angle, showcasing its front and side profile.
../dataset/datasets/car/10shot/train/dodge_challenger_srt8_2011/1170.jpg	a car is parked.
../dataset/datasets/car/10shot/train/dodge_challenger_srt8_2011/1172.jpg	A car is parked diagonally.
../dataset/datasets/car/10shot/train/dodge_durango_suv_2012/610.jpg	A car is parked at an angle.
../dataset/datasets/car/10shot/train/dodge_durango_suv_2012/613.jpg	A car is parked diagonally in a parking space.
../dataset/datasets/car/10shot/train/dodge_durango_suv_2012/614.jpg	A car is parked.
../dataset/datasets/car/10shot/train/dodge_durango_suv_2012/616.jpg	A car is parked.
../dataset/datasets/car/10shot/train/dodge_durango_suv_2012/619.jpg	A car is parked indoors, facing slightly right.
../dataset/datasets/car/10shot/train/dodge_durango_suv_2012/612.jpg	A car is parked.
../dataset/datasets/car/10shot/train/dodge_durango_suv_2012/611.jpg	A car is parked on a driveway.
../dataset/datasets/car/10shot/train/dodge_durango_suv_2012/618.jpg	A car is parked.
../dataset/datasets/car/10shot/train/dodge_durango_suv_2012/617.jpg	A car is parked indoors, facing slightly left.
../dataset/datasets/car/10shot/train/dodge_durango_suv_2012/615.jpg	A car is parked on rocky terrain with mountains in the background.
../dataset/datasets/car/10shot/train/dodge_durango_suv_2007/1939.jpg	A car is parked against a stone wall.
../dataset/datasets/car/10shot/train/dodge_durango_suv_2007/1932.jpg	A car is parked on a brick driveway.
../dataset/datasets/car/10shot/train/dodge_durango_suv_2007/1936.jpg	A car is parked on a driveway.
../dataset/datasets/car/10shot/train/dodge_durango_suv_2007/1930.jpg	A car is parked.
../dataset/datasets/car/10shot/train/dodge_durango_suv_2007/1933.jpg	A car parked.
../dataset/datasets/car/10shot/train/dodge_durango_suv_2007/1937.jpg	A car is parked.
../dataset/datasets/car/10shot/train/dodge_durango_suv_2007/1935.jpg	A car is parked on a paved surface.
../dataset/datasets/car/10shot/train/dodge_durango_suv_2007/1931.jpg	A car parked on grass.
../dataset/datasets/car/10shot/train/dodge_durango_suv_2007/1938.jpg	A car is parked on a green surface, angled slightly towards the right.
../dataset/datasets/car/10shot/train/dodge_durango_suv_2007/1934.jpg	A car is parked with its rear facing the camera.
../dataset/datasets/car/10shot/train/dodge_charger_sedan_2012/70.jpg	A car is parked on a paved surface with trees and grass in the background.
../dataset/datasets/car/10shot/train/dodge_charger_sedan_2012/78.jpg	A car is parked.
../dataset/datasets/car/10shot/train/dodge_charger_sedan_2012/72.jpg	A car is parked on a checkered surface.
../dataset/datasets/car/10shot/train/dodge_charger_sedan_2012/71.jpg	A car is parked on a dirt road with a mountainous background.
../dataset/datasets/car/10shot/train/dodge_charger_sedan_2012/77.jpg	A car is parked on snow.
../dataset/datasets/car/10shot/train/dodge_charger_sedan_2012/76.jpg	A car is parked.
../dataset/datasets/car/10shot/train/dodge_charger_sedan_2012/75.jpg	A car is parked on cracked desert ground, facing right.
../dataset/datasets/car/10shot/train/dodge_charger_sedan_2012/73.jpg	A car is speeding along a road.
../dataset/datasets/car/10shot/train/dodge_charger_sedan_2012/74.jpg	A car is parked.
../dataset/datasets/car/10shot/train/dodge_charger_sedan_2012/79.jpg	A car is parked indoors, facing slightly to the right.
../dataset/datasets/car/10shot/train/dodge_charger_srt-8_2009/331.jpg	A car is parked on a driveway.
../dataset/datasets/car/10shot/train/dodge_charger_srt-8_2009/335.jpg	A car is parked on a paved surface.
../dataset/datasets/car/10shot/train/dodge_charger_srt-8_2009/330.jpg	A car is parked.
../dataset/datasets/car/10shot/train/dodge_charger_srt-8_2009/336.jpg	A car is parked straight, facing forward.
../dataset/datasets/car/10shot/train/dodge_charger_srt-8_2009/338.jpg	A car is parked indoors, facing slightly to the right.
../dataset/datasets/car/10shot/train/dodge_charger_srt-8_2009/339.jpg	A car is parked on a paved area with grass and trees in the background.
../dataset/datasets/car/10shot/train/dodge_charger_srt-8_2009/333.jpg	A car is parked.
../dataset/datasets/car/10shot/train/dodge_charger_srt-8_2009/337.jpg	A car is parked in a lot.
../dataset/datasets/car/10shot/train/dodge_charger_srt-8_2009/332.jpg	A car is parked diagonally in a parking lot.
../dataset/datasets/car/10shot/train/dodge_charger_srt-8_2009/334.jpg	A car is parked on a driveway.
../dataset/datasets/car/10shot/train/eagle_talon_hatchback_1998/1850.jpg	A car is parked on grass.
../dataset/datasets/car/10shot/train/eagle_talon_hatchback_1998/1852.jpg	A car is parked.
../dataset/datasets/car/10shot/train/eagle_talon_hatchback_1998/1853.jpg	A car parked on snow.
../dataset/datasets/car/10shot/train/eagle_talon_hatchback_1998/1858.jpg	A car is parked.
../dataset/datasets/car/10shot/train/eagle_talon_hatchback_1998/1856.jpg	A car parked in a lot.
../dataset/datasets/car/10shot/train/eagle_talon_hatchback_1998/1857.jpg	A car is parked in a parking lot.
../dataset/datasets/car/10shot/train/eagle_talon_hatchback_1998/1855.jpg	A car is parked on the street.
../dataset/datasets/car/10shot/train/eagle_talon_hatchback_1998/1859.jpg	A car is parked on a driveway.
../dataset/datasets/car/10shot/train/eagle_talon_hatchback_1998/1851.jpg	A car is parked on the side of a road.
../dataset/datasets/car/10shot/train/eagle_talon_hatchback_1998/1854.jpg	A car is parked on grass.
../dataset/datasets/car/10shot/train/fiat_500_abarth_2012/1359.jpg	a car parked.
../dataset/datasets/car/10shot/train/fiat_500_abarth_2012/1352.jpg	A car is on display, angled slightly towards the viewer.
../dataset/datasets/car/10shot/train/fiat_500_abarth_2012/1357.jpg	A car is parked diagonally, showcasing its rear and side profile.
../dataset/datasets/car/10shot/train/fiat_500_abarth_2012/1356.jpg	A car is parked, angled slightly towards the viewer.
../dataset/datasets/car/10shot/train/fiat_500_abarth_2012/1353.jpg	A car is driving on a road.
../dataset/datasets/car/10shot/train/fiat_500_abarth_2012/1358.jpg	A car is parked indoors, angled slightly to show rear and side.
../dataset/datasets/car/10shot/train/fiat_500_abarth_2012/1351.jpg	A car parked on a driveway.
../dataset/datasets/car/10shot/train/fiat_500_abarth_2012/1355.jpg	A car is parked, angled slightly towards the right.
../dataset/datasets/car/10shot/train/fiat_500_abarth_2012/1350.jpg	A car is displayed on a showroom floor, angled slightly to show rear and side profiles.
../dataset/datasets/car/10shot/train/fiat_500_abarth_2012/1354.jpg	A car is driving on a road.
../dataset/datasets/car/10shot/train/fiat_500_convertible_2012/1515.jpg	A car is parked with its roof down on a brick driveway.
../dataset/datasets/car/10shot/train/fiat_500_convertible_2012/1518.jpg	A car with open doors and trunk.
../dataset/datasets/car/10shot/train/fiat_500_convertible_2012/1516.jpg	A car is driving on a road with a red convertible top.
../dataset/datasets/car/10shot/train/fiat_500_convertible_2012/1514.jpg	A car is parked with its roof down, showcasing the interior and rear design.
../dataset/datasets/car/10shot/train/fiat_500_convertible_2012/1513.jpg	A car is parked on a road.
../dataset/datasets/car/10shot/train/fiat_500_convertible_2012/1510.jpg	A car is driving on a bridge.
../dataset/datasets/car/10shot/train/fiat_500_convertible_2012/1517.jpg	A car is driving on a road with its convertible top down.
../dataset/datasets/car/10shot/train/fiat_500_convertible_2012/1511.jpg	A car is parked on grass.
../dataset/datasets/car/10shot/train/fiat_500_convertible_2012/1519.jpg	A car is parked on grass.
../dataset/datasets/car/10shot/train/fiat_500_convertible_2012/1512.jpg	A car is parked on gravel.
../dataset/datasets/car/10shot/train/ferrari_ff_coupe_2012/523.jpg	A car is parked on a road with mountains in the background.
../dataset/datasets/car/10shot/train/ferrari_ff_coupe_2012/521.jpg	A car is parked at an angle, showcasing its sleek design.
../dataset/datasets/car/10shot/train/ferrari_ff_coupe_2012/526.jpg	A car is driving on a winding road.
../dataset/datasets/car/10shot/train/ferrari_ff_coupe_2012/525.jpg	A car is parked on a dirt surface.
../dataset/datasets/car/10shot/train/ferrari_ff_coupe_2012/528.jpg	A car is parked indoors, facing forward.
../dataset/datasets/car/10shot/train/ferrari_ff_coupe_2012/524.jpg	A car is parked on snow, facing slightly left.
../dataset/datasets/car/10shot/train/ferrari_ff_coupe_2012/522.jpg	A car is driving on a snowy road, leaning into a curve.
../dataset/datasets/car/10shot/train/ferrari_ff_coupe_2012/529.jpg	A car is parked on snow, rear view.
../dataset/datasets/car/10shot/train/ferrari_ff_coupe_2012/520.jpg	A car is parked on a road, angled slightly towards the viewer.
../dataset/datasets/car/10shot/train/ferrari_ff_coupe_2012/527.jpg	A car is parked on a road.
../dataset/datasets/car/10shot/train/ferrari_california_convertible_2012/1413.jpg	A car is parked with its rear facing the viewer, showcasing the taillights and license plate.
../dataset/datasets/car/10shot/train/ferrari_california_convertible_2012/1414.jpg	A car is on display, stationary and centered.
../dataset/datasets/car/10shot/train/ferrari_california_convertible_2012/1412.jpg	A car is driving on a bridge with a cityscape in the background.
../dataset/datasets/car/10shot/train/ferrari_california_convertible_2012/1411.jpg	a car is parked.
../dataset/datasets/car/10shot/train/ferrari_california_convertible_2012/1417.jpg	A car is parked.
../dataset/datasets/car/10shot/train/ferrari_california_convertible_2012/1416.jpg	A car is parked.
../dataset/datasets/car/10shot/train/ferrari_california_convertible_2012/1418.jpg	A car is driving on a road.
../dataset/datasets/car/10shot/train/ferrari_california_convertible_2012/1415.jpg	A car is parked on a paved area with palm trees and buildings in the background.
../dataset/datasets/car/10shot/train/ferrari_california_convertible_2012/1410.jpg	A car is parked on a circular brick driveway.
../dataset/datasets/car/10shot/train/ferrari_california_convertible_2012/1419.jpg	A car is parked with its hood facing right, near water and a bridge.
../dataset/datasets/car/10shot/train/ferrari_458_italia_convertible_2012/1468.jpg	A car is speeding along a curving road.
../dataset/datasets/car/10shot/train/ferrari_458_italia_convertible_2012/1467.jpg	A car is displayed with its hood open.
../dataset/datasets/car/10shot/train/ferrari_458_italia_convertible_2012/1462.jpg	A car is displayed on a showroom floor, angled slightly to showcase its front and side profile.
../dataset/datasets/car/10shot/train/ferrari_458_italia_convertible_2012/1461.jpg	A car is parked.
../dataset/datasets/car/10shot/train/ferrari_458_italia_convertible_2012/1466.jpg	A car is driving on a winding road.
../dataset/datasets/car/10shot/train/ferrari_458_italia_convertible_2012/1465.jpg	A car is speeding along a road.
../dataset/datasets/car/10shot/train/ferrari_458_italia_convertible_2012/1469.jpg	A car is speeding along a road.
../dataset/datasets/car/10shot/train/ferrari_458_italia_convertible_2012/1463.jpg	A car is displayed at an angle, showcasing its side profile.
../dataset/datasets/car/10shot/train/ferrari_458_italia_convertible_2012/1464.jpg	A car is driving on a winding road with mountains in the background.
../dataset/datasets/car/10shot/train/ferrari_458_italia_convertible_2012/1460.jpg	A car is displayed with its front facing forward, showcasing its sleek design and vibrant red color.
../dataset/datasets/car/10shot/train/ferrari_458_italia_coupe_2012/319.jpg	A car is leaning into a curve on a road.
../dataset/datasets/car/10shot/train/ferrari_458_italia_coupe_2012/313.jpg	A car is parked.
../dataset/datasets/car/10shot/train/ferrari_458_italia_coupe_2012/310.jpg	A car is parked on a road, facing slightly to the left.
../dataset/datasets/car/10shot/train/ferrari_458_italia_coupe_2012/311.jpg	A car is parked.
../dataset/datasets/car/10shot/train/ferrari_458_italia_coupe_2012/315.jpg	A car is driving on a racetrack, leaning into a turn.
../dataset/datasets/car/10shot/train/ferrari_458_italia_coupe_2012/314.jpg	A car is leaning into a curve.
../dataset/datasets/car/10shot/train/ferrari_458_italia_coupe_2012/318.jpg	A car is parked.
../dataset/datasets/car/10shot/train/ferrari_458_italia_coupe_2012/316.jpg	A car is driving on a winding road.
../dataset/datasets/car/10shot/train/ferrari_458_italia_coupe_2012/317.jpg	A car is parked on a road near the sea.
../dataset/datasets/car/10shot/train/ferrari_458_italia_coupe_2012/312.jpg	A car is parked on gravel, facing slightly left.
../dataset/datasets/car/10shot/train/fisker_karma_sedan_2012/346.jpg	A car is parked on a road with trees and grass in the background.
../dataset/datasets/car/10shot/train/fisker_karma_sedan_2012/349.jpg	A car is parked on a road with a dramatic sky backdrop.
../dataset/datasets/car/10shot/train/fisker_karma_sedan_2012/347.jpg	A car is parked in front of a Volvo dealership.
../dataset/datasets/car/10shot/train/fisker_karma_sedan_2012/345.jpg	A car is parked.
../dataset/datasets/car/10shot/train/fisker_karma_sedan_2012/343.jpg	A car is parked.
../dataset/datasets/car/10shot/train/fisker_karma_sedan_2012/348.jpg	A car is parked on a road, facing forward.
../dataset/datasets/car/10shot/train/fisker_karma_sedan_2012/342.jpg	A car is parked on a flat, open surface.
../dataset/datasets/car/10shot/train/fisker_karma_sedan_2012/340.jpg	A car parked on street.
../dataset/datasets/car/10shot/train/fisker_karma_sedan_2012/344.jpg	A car is parked on grass, angled slightly to the right.
../dataset/datasets/car/10shot/train/fisker_karma_sedan_2012/341.jpg	A car is positioned on a road, angled slightly towards the viewer.
../dataset/datasets/car/10shot/train/ford_f-450_super_duty_crew_cab_2012/40.jpg	A car is parked.
../dataset/datasets/car/10shot/train/ford_f-450_super_duty_crew_cab_2012/41.jpg	A car is parked.
../dataset/datasets/car/10shot/train/ford_f-450_super_duty_crew_cab_2012/48.jpg	The car is parked.
../dataset/datasets/car/10shot/train/ford_f-450_super_duty_crew_cab_2012/49.jpg	The car is parked.
../dataset/datasets/car/10shot/train/ford_f-450_super_duty_crew_cab_2012/42.jpg	The car is parked.
../dataset/datasets/car/10shot/train/ford_f-450_super_duty_crew_cab_2012/47.jpg	Stationary, parked.
../dataset/datasets/car/10shot/train/ford_f-450_super_duty_crew_cab_2012/46.jpg	The car is parked.
../dataset/datasets/car/10shot/train/ford_f-450_super_duty_crew_cab_2012/45.jpg	A car is parked.
../dataset/datasets/car/10shot/train/ford_f-450_super_duty_crew_cab_2012/43.jpg	A car is driving through water.
../dataset/datasets/car/10shot/train/ford_f-450_super_duty_crew_cab_2012/44.jpg	A car is parked on a gravel surface under a partly cloudy sky.
../dataset/datasets/car/10shot/train/ford_mustang_convertible_2007/1323.jpg	A car parked, angled slightly upward.
../dataset/datasets/car/10shot/train/ford_mustang_convertible_2007/1322.jpg	A car parked, roof down.
../dataset/datasets/car/10shot/train/ford_mustang_convertible_2007/1320.jpg	A car is parked on display at an auto show.
../dataset/datasets/car/10shot/train/ford_mustang_convertible_2007/1324.jpg	A car is parked.
../dataset/datasets/car/10shot/train/ford_mustang_convertible_2007/1327.jpg	A car is parked on a dirt surface.
../dataset/datasets/car/10shot/train/ford_mustang_convertible_2007/1329.jpg	A car is parked.
../dataset/datasets/car/10shot/train/ford_mustang_convertible_2007/1325.jpg	A car is parked indoors, facing slightly to the right.
../dataset/datasets/car/10shot/train/ford_mustang_convertible_2007/1326.jpg	A car is parked.
../dataset/datasets/car/10shot/train/ford_mustang_convertible_2007/1328.jpg	A car is parked on a gravel surface with a desert backdrop.
../dataset/datasets/car/10shot/train/ford_mustang_convertible_2007/1321.jpg	A car is parked with its convertible top down, facing right.
../dataset/datasets/car/10shot/train/ford_freestar_minivan_2007/1083.jpg	A car is parked.
../dataset/datasets/car/10shot/train/ford_freestar_minivan_2007/1084.jpg	A car is parked on a paved surface with its front facing left.
../dataset/datasets/car/10shot/train/ford_freestar_minivan_2007/1082.jpg	A car is parked.
../dataset/datasets/car/10shot/train/ford_freestar_minivan_2007/1088.jpg	A car is parked on a driveway.
../dataset/datasets/car/10shot/train/ford_freestar_minivan_2007/1080.jpg	A car is parked.
../dataset/datasets/car/10shot/train/ford_freestar_minivan_2007/1085.jpg	A car is parked.
../dataset/datasets/car/10shot/train/ford_freestar_minivan_2007/1087.jpg	A car parked.
../dataset/datasets/car/10shot/train/ford_freestar_minivan_2007/1086.jpg	A car is parked on the side of the road.
../dataset/datasets/car/10shot/train/ford_freestar_minivan_2007/1081.jpg	a car parked.
../dataset/datasets/car/10shot/train/ford_freestar_minivan_2007/1089.jpg	A car is parked.
../dataset/datasets/car/10shot/train/ford_expedition_el_suv_2009/870.jpg	A car is parked.
../dataset/datasets/car/10shot/train/ford_expedition_el_suv_2009/871.jpg	A car is parked.
../dataset/datasets/car/10shot/train/ford_expedition_el_suv_2009/878.jpg	A car is parked.
../dataset/datasets/car/10shot/train/ford_expedition_el_suv_2009/872.jpg	A car is parked on a flat surface, facing slightly to the right.
../dataset/datasets/car/10shot/train/ford_expedition_el_suv_2009/879.jpg	A car is parked.
../dataset/datasets/car/10shot/train/ford_expedition_el_suv_2009/876.jpg	A car is parked indoors.
../dataset/datasets/car/10shot/train/ford_expedition_el_suv_2009/875.jpg	A car is parked on a paved surface with its front facing left.
../dataset/datasets/car/10shot/train/ford_expedition_el_suv_2009/873.jpg	A car is parked.
../dataset/datasets/car/10shot/train/ford_expedition_el_suv_2009/874.jpg	a car parked.
../dataset/datasets/car/10shot/train/ford_expedition_el_suv_2009/877.jpg	A car is parked.
../dataset/datasets/car/10shot/train/ford_edge_suv_2012/645.jpg	A car is parked.
../dataset/datasets/car/10shot/train/ford_edge_suv_2012/648.jpg	A car is parked.
../dataset/datasets/car/10shot/train/ford_edge_suv_2012/647.jpg	A car is parked on gravel, angled slightly to the right.
../dataset/datasets/car/10shot/train/ford_edge_suv_2012/649.jpg	A car is parked on a paved surface with trees and grass in the background.
../dataset/datasets/car/10shot/train/ford_edge_suv_2012/641.jpg	A car is parked on the side of the road.
../dataset/datasets/car/10shot/train/ford_edge_suv_2012/642.jpg	A car is driving on a road.
../dataset/datasets/car/10shot/train/ford_edge_suv_2012/646.jpg	A car is parked.
../dataset/datasets/car/10shot/train/ford_edge_suv_2012/644.jpg	A car is parked on wet surface, reflecting its image.
../dataset/datasets/car/10shot/train/ford_edge_suv_2012/643.jpg	A car is parked.
../dataset/datasets/car/10shot/train/ford_edge_suv_2012/640.jpg	A car is parked indoors, angled slightly towards the left.
../dataset/datasets/car/10shot/train/ford_ranger_supercab_2011/563.jpg	A car is parked.
../dataset/datasets/car/10shot/train/ford_ranger_supercab_2011/567.jpg	A car is parked, facing away.
../dataset/datasets/car/10shot/train/ford_ranger_supercab_2011/562.jpg	The car is parked.
../dataset/datasets/car/10shot/train/ford_ranger_supercab_2011/569.jpg	A car is parked.
../dataset/datasets/car/10shot/train/ford_ranger_supercab_2011/564.jpg	The car is parked.
../dataset/datasets/car/10shot/train/ford_ranger_supercab_2011/561.jpg	Stationary, parked.
../dataset/datasets/car/10shot/train/ford_ranger_supercab_2011/565.jpg	A car is parked.
../dataset/datasets/car/10shot/train/ford_ranger_supercab_2011/566.jpg	A car is parked on a concrete surface.
../dataset/datasets/car/10shot/train/ford_ranger_supercab_2011/568.jpg	A car is parked on the street.
../dataset/datasets/car/10shot/train/ford_ranger_supercab_2011/560.jpg	A car is parked.
../dataset/datasets/car/10shot/train/ford_gt_coupe_2006/731.jpg	A car is parked, facing left.
../dataset/datasets/car/10shot/train/ford_gt_coupe_2006/732.jpg	A car is parked with its rear facing the camera.
../dataset/datasets/car/10shot/train/ford_gt_coupe_2006/734.jpg	A car with doors open upwards.
../dataset/datasets/car/10shot/train/ford_gt_coupe_2006/739.jpg	A car is parked.
../dataset/datasets/car/10shot/train/ford_gt_coupe_2006/736.jpg	A car is positioned diagonally, emphasizing speed and agility.
../dataset/datasets/car/10shot/train/ford_gt_coupe_2006/737.jpg	A car is parked.
../dataset/datasets/car/10shot/train/ford_gt_coupe_2006/733.jpg	A car is parked on a paved surface near a lake.
../dataset/datasets/car/10shot/train/ford_gt_coupe_2006/735.jpg	A car is driving on a road.
../dataset/datasets/car/10shot/train/ford_gt_coupe_2006/730.jpg	A car is parked.
../dataset/datasets/car/10shot/train/ford_gt_coupe_2006/738.jpg	A car is parked, angled slightly towards the viewer.
../dataset/datasets/car/10shot/train/ford_f-150_regular_cab_2012/1677.jpg	A car is parked.
../dataset/datasets/car/10shot/train/ford_f-150_regular_cab_2012/1673.jpg	A car is parked.
../dataset/datasets/car/10shot/train/ford_f-150_regular_cab_2012/1676.jpg	A car is parked in front of a dealership.
../dataset/datasets/car/10shot/train/ford_f-150_regular_cab_2012/1671.jpg	A car is parked on a dirt surface.
../dataset/datasets/car/10shot/train/ford_f-150_regular_cab_2012/1672.jpg	A car is parked.
../dataset/datasets/car/10shot/train/ford_f-150_regular_cab_2012/1678.jpg	A car is parked.
../dataset/datasets/car/10shot/train/ford_f-150_regular_cab_2012/1674.jpg	A car is parked at an angle.
../dataset/datasets/car/10shot/train/ford_f-150_regular_cab_2012/1675.jpg	A car is parked.
../dataset/datasets/car/10shot/train/ford_f-150_regular_cab_2012/1670.jpg	A car is parked.
../dataset/datasets/car/10shot/train/ford_f-150_regular_cab_2012/1679.jpg	A car is parked.
../dataset/datasets/car/10shot/train/ford_f-150_regular_cab_2007/508.jpg	Stationary, parked.
../dataset/datasets/car/10shot/train/ford_f-150_regular_cab_2007/500.jpg	The car is parked.
../dataset/datasets/car/10shot/train/ford_f-150_regular_cab_2007/506.jpg	a car parked.
../dataset/datasets/car/10shot/train/ford_f-150_regular_cab_2007/502.jpg	The car is parked.
../dataset/datasets/car/10shot/train/ford_f-150_regular_cab_2007/504.jpg	A car is parked.
../dataset/datasets/car/10shot/train/ford_f-150_regular_cab_2007/505.jpg	A car is parked.
../dataset/datasets/car/10shot/train/ford_f-150_regular_cab_2007/501.jpg	A car is parked on a driveway.
../dataset/datasets/car/10shot/train/ford_f-150_regular_cab_2007/509.jpg	The car is parked.
../dataset/datasets/car/10shot/train/ford_f-150_regular_cab_2007/507.jpg	A car is parked.
../dataset/datasets/car/10shot/train/ford_f-150_regular_cab_2007/503.jpg	A car is parked in a lot.
../dataset/datasets/car/10shot/train/ford_focus_sedan_2007/1698.jpg	a car parked.
../dataset/datasets/car/10shot/train/ford_focus_sedan_2007/1697.jpg	a car parked.
../dataset/datasets/car/10shot/train/ford_focus_sedan_2007/1692.jpg	A car is parked.
../dataset/datasets/car/10shot/train/ford_focus_sedan_2007/1694.jpg	A car is parked on the side of the road.
../dataset/datasets/car/10shot/train/ford_focus_sedan_2007/1696.jpg	A car is parked.
../dataset/datasets/car/10shot/train/ford_focus_sedan_2007/1699.jpg	A car is parked in front of North Hills Auto.
../dataset/datasets/car/10shot/train/ford_focus_sedan_2007/1691.jpg	A car is parked in front of a building.
../dataset/datasets/car/10shot/train/ford_focus_sedan_2007/1693.jpg	a car parked
../dataset/datasets/car/10shot/train/ford_focus_sedan_2007/1690.jpg	A car is parked on the side of the road.
../dataset/datasets/car/10shot/train/ford_focus_sedan_2007/1695.jpg	A car is parked.
../dataset/datasets/car/10shot/train/ford_e-series_wagon_van_2012/673.jpg	A car is parked.
../dataset/datasets/car/10shot/train/ford_e-series_wagon_van_2012/677.jpg	A car is parked on grass.
../dataset/datasets/car/10shot/train/ford_e-series_wagon_van_2012/674.jpg	A car is parked on a lift.
../dataset/datasets/car/10shot/train/ford_e-series_wagon_van_2012/671.jpg	The car is parked.
../dataset/datasets/car/10shot/train/ford_e-series_wagon_van_2012/679.jpg	A car is parked with its door open, facing forward.
../dataset/datasets/car/10shot/train/ford_e-series_wagon_van_2012/676.jpg	A car is parked on the side of the road.
../dataset/datasets/car/10shot/train/ford_e-series_wagon_van_2012/672.jpg	A car is parked.
../dataset/datasets/car/10shot/train/ford_e-series_wagon_van_2012/675.jpg	A car with open doors and extended ramp.
../dataset/datasets/car/10shot/train/ford_e-series_wagon_van_2012/678.jpg	A car is parked on a street with a building and a sign in the background.
../dataset/datasets/car/10shot/train/ford_e-series_wagon_van_2012/670.jpg	A car is parked on a lot.
../dataset/datasets/car/10shot/train/ford_fiesta_sedan_2012/1680.jpg	A car is parked.
../dataset/datasets/car/10shot/train/ford_fiesta_sedan_2012/1685.jpg	A car is parked.
../dataset/datasets/car/10shot/train/ford_fiesta_sedan_2012/1689.jpg	A car is parked on a paved surface with a grassy field and trees in the background.
../dataset/datasets/car/10shot/train/ford_fiesta_sedan_2012/1684.jpg	A car is parked on the street.
../dataset/datasets/car/10shot/train/ford_fiesta_sedan_2012/1687.jpg	A car is parked in front of a dealership.
../dataset/datasets/car/10shot/train/ford_fiesta_sedan_2012/1682.jpg	A car is displayed head-on at an auto show.
../dataset/datasets/car/10shot/train/ford_fiesta_sedan_2012/1688.jpg	A car is parked on a lot.
../dataset/datasets/car/10shot/train/ford_fiesta_sedan_2012/1686.jpg	A car is parked in a lot.
../dataset/datasets/car/10shot/train/ford_fiesta_sedan_2012/1681.jpg	A car is parked on a concrete surface near a fence and buildings.
../dataset/datasets/car/10shot/train/ford_fiesta_sedan_2012/1683.jpg	A car is parked on a driveway.
../dataset/datasets/car/10shot/train/gmc_terrain_suv_2012/1798.jpg	A car is parked on a showroom floor.
../dataset/datasets/car/10shot/train/gmc_terrain_suv_2012/1797.jpg	A car is parked in front of a dealership.
../dataset/datasets/car/10shot/train/gmc_terrain_suv_2012/1793.jpg	A car is parked.
../dataset/datasets/car/10shot/train/gmc_terrain_suv_2012/1792.jpg	A car is parked on a lot.
../dataset/datasets/car/10shot/train/gmc_terrain_suv_2012/1799.jpg	A car is parked in a lot.
../dataset/datasets/car/10shot/train/gmc_terrain_suv_2012/1794.jpg	A car is parked at an angle.
../dataset/datasets/car/10shot/train/gmc_terrain_suv_2012/1795.jpg	A car is driving on a curved road.
../dataset/datasets/car/10shot/train/gmc_terrain_suv_2012/1790.jpg	A car is parked.
../dataset/datasets/car/10shot/train/gmc_terrain_suv_2012/1791.jpg	A car is parked on wet pavement.
../dataset/datasets/car/10shot/train/gmc_terrain_suv_2012/1796.jpg	A car is parked.
../dataset/datasets/car/10shot/train/gmc_savana_van_2012/389.jpg	The car is parked.
../dataset/datasets/car/10shot/train/gmc_savana_van_2012/383.jpg	A car is parked.
../dataset/datasets/car/10shot/train/gmc_savana_van_2012/385.jpg	A car is parked.
../dataset/datasets/car/10shot/train/gmc_savana_van_2012/380.jpg	A car is parked.
../dataset/datasets/car/10shot/train/gmc_savana_van_2012/382.jpg	A car is parked on a road, facing left.
../dataset/datasets/car/10shot/train/gmc_savana_van_2012/388.jpg	A car is parked on a flat surface with mountains in the background.
../dataset/datasets/car/10shot/train/gmc_savana_van_2012/386.jpg	The car is parked.
../dataset/datasets/car/10shot/train/gmc_savana_van_2012/384.jpg	A car is parked on a lot.
../dataset/datasets/car/10shot/train/gmc_savana_van_2012/381.jpg	A car is parked on the side of the road.
../dataset/datasets/car/10shot/train/gmc_savana_van_2012/387.jpg	A car is parked.
../dataset/datasets/car/10shot/train/gmc_yukon_hybrid_suv_2012/214.jpg	A car is parked.
../dataset/datasets/car/10shot/train/gmc_yukon_hybrid_suv_2012/210.jpg	a car parked.
../dataset/datasets/car/10shot/train/gmc_yukon_hybrid_suv_2012/213.jpg	A car is parked on a street.
../dataset/datasets/car/10shot/train/gmc_yukon_hybrid_suv_2012/219.jpg	A car is parked indoors, facing slightly to the right.
../dataset/datasets/car/10shot/train/gmc_yukon_hybrid_suv_2012/212.jpg	A car is parked.
../dataset/datasets/car/10shot/train/gmc_yukon_hybrid_suv_2012/215.jpg	A car is parked in a parking lot.
../dataset/datasets/car/10shot/train/gmc_yukon_hybrid_suv_2012/211.jpg	A car is parked.
../dataset/datasets/car/10shot/train/gmc_yukon_hybrid_suv_2012/217.jpg	A car is parked.
../dataset/datasets/car/10shot/train/gmc_yukon_hybrid_suv_2012/218.jpg	A car is parked.
../dataset/datasets/car/10shot/train/gmc_yukon_hybrid_suv_2012/216.jpg	A car is displayed on a showroom floor.
../dataset/datasets/car/10shot/train/gmc_acadia_suv_2012/827.jpg	A car is parked.
../dataset/datasets/car/10shot/train/gmc_acadia_suv_2012/828.jpg	A car is parked in front of a building.
../dataset/datasets/car/10shot/train/gmc_acadia_suv_2012/825.jpg	A car is parked.
../dataset/datasets/car/10shot/train/gmc_acadia_suv_2012/822.jpg	A car is parked in a lot.
../dataset/datasets/car/10shot/train/gmc_acadia_suv_2012/820.jpg	A car is parked diagonally on a street.
../dataset/datasets/car/10shot/train/gmc_acadia_suv_2012/829.jpg	A car is parked.
../dataset/datasets/car/10shot/train/gmc_acadia_suv_2012/821.jpg	A car is parked on a street.
../dataset/datasets/car/10shot/train/gmc_acadia_suv_2012/826.jpg	A car is parked.
../dataset/datasets/car/10shot/train/gmc_acadia_suv_2012/824.jpg	A car is parked.
../dataset/datasets/car/10shot/train/gmc_acadia_suv_2012/823.jpg	A car is parked.
../dataset/datasets/car/10shot/train/gmc_canyon_extended_cab_2012/570.jpg	The car is parked.
../dataset/datasets/car/10shot/train/gmc_canyon_extended_cab_2012/576.jpg	A car is parked.
../dataset/datasets/car/10shot/train/gmc_canyon_extended_cab_2012/578.jpg	A car is parked.
../dataset/datasets/car/10shot/train/gmc_canyon_extended_cab_2012/571.jpg	A car is parked on a dirt surface with a forested hill in the background.
../dataset/datasets/car/10shot/train/gmc_canyon_extended_cab_2012/575.jpg	A car is parked.
../dataset/datasets/car/10shot/train/gmc_canyon_extended_cab_2012/574.jpg	A car is parked on a road with trees in the background.
../dataset/datasets/car/10shot/train/gmc_canyon_extended_cab_2012/572.jpg	A car is parked on the street.
../dataset/datasets/car/10shot/train/gmc_canyon_extended_cab_2012/573.jpg	A car is parked indoors, facing slightly left.
../dataset/datasets/car/10shot/train/gmc_canyon_extended_cab_2012/577.jpg	A car is parked.
../dataset/datasets/car/10shot/train/gmc_canyon_extended_cab_2012/579.jpg	A car is parked.
../dataset/datasets/car/10shot/train/geo_metro_convertible_1993/51.jpg	A car is parked with its convertible top down.
../dataset/datasets/car/10shot/train/geo_metro_convertible_1993/55.jpg	A car is parked on a wooden surface with its hood open.
../dataset/datasets/car/10shot/train/geo_metro_convertible_1993/53.jpg	A car parked on a driveway.
../dataset/datasets/car/10shot/train/geo_metro_convertible_1993/54.jpg	A car is parked.
../dataset/datasets/car/10shot/train/geo_metro_convertible_1993/52.jpg	A car parked on a driveway.
../dataset/datasets/car/10shot/train/geo_metro_convertible_1993/59.jpg	A car with its hood open.
../dataset/datasets/car/10shot/train/geo_metro_convertible_1993/57.jpg	A car is parked on gravel, facing left.
../dataset/datasets/car/10shot/train/geo_metro_convertible_1993/58.jpg	A car is parked with its top down.
../dataset/datasets/car/10shot/train/geo_metro_convertible_1993/50.jpg	A car parked on street.
../dataset/datasets/car/10shot/train/geo_metro_convertible_1993/56.jpg	A car is parked.
../dataset/datasets/car/10shot/train/hummer_h3t_crew_cab_2010/493.jpg	A car is parked on an open road, facing forward.
../dataset/datasets/car/10shot/train/hummer_h3t_crew_cab_2010/490.jpg	A car is parked on a sand dune at sunset.
../dataset/datasets/car/10shot/train/hummer_h3t_crew_cab_2010/492.jpg	A car is parked on a dirt road with a tree and hills in the background.
../dataset/datasets/car/10shot/train/hummer_h3t_crew_cab_2010/494.jpg	The car is parked.
../dataset/datasets/car/10shot/train/hummer_h3t_crew_cab_2010/499.jpg	A car is parked on a dirt road with a rugged terrain and rock formations in the background.
../dataset/datasets/car/10shot/train/hummer_h3t_crew_cab_2010/491.jpg	A car is parked indoors, facing forward.
../dataset/datasets/car/10shot/train/hummer_h3t_crew_cab_2010/498.jpg	A car is parked on rugged terrain.
../dataset/datasets/car/10shot/train/hummer_h3t_crew_cab_2010/497.jpg	The car is parked.
../dataset/datasets/car/10shot/train/hummer_h3t_crew_cab_2010/495.jpg	A car is parked on a paved area in front of a dealership.
../dataset/datasets/car/10shot/train/hummer_h3t_crew_cab_2010/496.jpg	The car is parked on gravel.
../dataset/datasets/car/10shot/train/hummer_h2_sut_crew_cab_2009/1156.jpg	A car is parked on a paved surface.
../dataset/datasets/car/10shot/train/hummer_h2_sut_crew_cab_2009/1154.jpg	A car is parked straight on.
../dataset/datasets/car/10shot/train/hummer_h2_sut_crew_cab_2009/1159.jpg	A car is parked.
../dataset/datasets/car/10shot/train/hummer_h2_sut_crew_cab_2009/1151.jpg	A car is parked on the street.
../dataset/datasets/car/10shot/train/hummer_h2_sut_crew_cab_2009/1153.jpg	A car is parked.
../dataset/datasets/car/10shot/train/hummer_h2_sut_crew_cab_2009/1150.jpg	A car is parked.
../dataset/datasets/car/10shot/train/hummer_h2_sut_crew_cab_2009/1158.jpg	A car is parked on the street.
../dataset/datasets/car/10shot/train/hummer_h2_sut_crew_cab_2009/1157.jpg	The car is parked.
../dataset/datasets/car/10shot/train/hummer_h2_sut_crew_cab_2009/1152.jpg	A car is parked.
../dataset/datasets/car/10shot/train/hummer_h2_sut_crew_cab_2009/1155.jpg	A car is parked on a rooftop with buildings in the background.
../dataset/datasets/car/10shot/train/honda_odyssey_minivan_2012/604.jpg	A car parked.
../dataset/datasets/car/10shot/train/honda_odyssey_minivan_2012/601.jpg	A car is parked.
../dataset/datasets/car/10shot/train/honda_odyssey_minivan_2012/603.jpg	A car is parked on a road with trees in the background.
../dataset/datasets/car/10shot/train/honda_odyssey_minivan_2012/602.jpg	A car is parked.
../dataset/datasets/car/10shot/train/honda_odyssey_minivan_2012/607.jpg	a car parked.
../dataset/datasets/car/10shot/train/honda_odyssey_minivan_2012/609.jpg	A car is parked.
../dataset/datasets/car/10shot/train/honda_odyssey_minivan_2012/608.jpg	A car is parked.
../dataset/datasets/car/10shot/train/honda_odyssey_minivan_2012/600.jpg	A car is parked.
../dataset/datasets/car/10shot/train/honda_odyssey_minivan_2012/606.jpg	A car is parked on grass with trees in the background.
../dataset/datasets/car/10shot/train/honda_odyssey_minivan_2012/605.jpg	A car is driving on a road at night.
../dataset/datasets/car/10shot/train/honda_odyssey_minivan_2007/1578.jpg	A car is parked.
../dataset/datasets/car/10shot/train/honda_odyssey_minivan_2007/1570.jpg	A car is parked on a cobblestone surface.
../dataset/datasets/car/10shot/train/honda_odyssey_minivan_2007/1572.jpg	A car is parked.
../dataset/datasets/car/10shot/train/honda_odyssey_minivan_2007/1579.jpg	A car is parked on the side of the road.
../dataset/datasets/car/10shot/train/honda_odyssey_minivan_2007/1577.jpg	A car is parked in a lot.
../dataset/datasets/car/10shot/train/honda_odyssey_minivan_2007/1571.jpg	A car is parked.
../dataset/datasets/car/10shot/train/honda_odyssey_minivan_2007/1573.jpg	a car parked
../dataset/datasets/car/10shot/train/honda_odyssey_minivan_2007/1574.jpg	A car is parked on the street.
../dataset/datasets/car/10shot/train/honda_odyssey_minivan_2007/1575.jpg	A car is parked.
../dataset/datasets/car/10shot/train/honda_odyssey_minivan_2007/1576.jpg	A car is parked on the street.
../dataset/datasets/car/10shot/train/honda_accord_coupe_2012/1263.jpg	A car is parked.
../dataset/datasets/car/10shot/train/honda_accord_coupe_2012/1260.jpg	A car is driving on a road.
../dataset/datasets/car/10shot/train/honda_accord_coupe_2012/1266.jpg	A car is parked.
../dataset/datasets/car/10shot/train/honda_accord_coupe_2012/1261.jpg	A car is parked on a road.
../dataset/datasets/car/10shot/train/honda_accord_coupe_2012/1267.jpg	A car is driving on a road.
../dataset/datasets/car/10shot/train/honda_accord_coupe_2012/1268.jpg	A car is parked on a hillside.
../dataset/datasets/car/10shot/train/honda_accord_coupe_2012/1265.jpg	A car is parked straight on a neutral background.
../dataset/datasets/car/10shot/train/honda_accord_coupe_2012/1264.jpg	A car is parked on the street.
../dataset/datasets/car/10shot/train/honda_accord_coupe_2012/1269.jpg	A car is driving on a road.
../dataset/datasets/car/10shot/train/honda_accord_coupe_2012/1262.jpg	A car is parked at an angle, showcasing its front and side profile.
../dataset/datasets/car/10shot/train/honda_accord_sedan_2012/1813.jpg	A car is parked.
../dataset/datasets/car/10shot/train/honda_accord_sedan_2012/1816.jpg	A car is parked.
../dataset/datasets/car/10shot/train/honda_accord_sedan_2012/1812.jpg	A car is parked at an angle.
../dataset/datasets/car/10shot/train/honda_accord_sedan_2012/1814.jpg	A car is parked in front of a dealership.
../dataset/datasets/car/10shot/train/honda_accord_sedan_2012/1818.jpg	A car is parked.
../dataset/datasets/car/10shot/train/honda_accord_sedan_2012/1817.jpg	A car is parked on the street.
../dataset/datasets/car/10shot/train/honda_accord_sedan_2012/1810.jpg	A car is parked.
../dataset/datasets/car/10shot/train/honda_accord_sedan_2012/1819.jpg	A car parked in front of a dealership.
../dataset/datasets/car/10shot/train/honda_accord_sedan_2012/1811.jpg	A car is parked on a lot.
../dataset/datasets/car/10shot/train/honda_accord_sedan_2012/1815.jpg	A car is parked in front of a dealership.
../dataset/datasets/car/10shot/train/hyundai_veloster_hatchback_2012/1520.jpg	A car is driving through a tunnel.
../dataset/datasets/car/10shot/train/hyundai_veloster_hatchback_2012/1523.jpg	A car is parked sideways.
../dataset/datasets/car/10shot/train/hyundai_veloster_hatchback_2012/1527.jpg	A car is parked at an angle.
../dataset/datasets/car/10shot/train/hyundai_veloster_hatchback_2012/1526.jpg	A car is parked, facing forward.
../dataset/datasets/car/10shot/train/hyundai_veloster_hatchback_2012/1525.jpg	A car is displayed head-on with a vibrant green color and sleek design.
../dataset/datasets/car/10shot/train/hyundai_veloster_hatchback_2012/1522.jpg	A car with open doors and rear lights visible.
../dataset/datasets/car/10shot/train/hyundai_veloster_hatchback_2012/1524.jpg	A car is parked on a road with a desert landscape in the background.
../dataset/datasets/car/10shot/train/hyundai_veloster_hatchback_2012/1529.jpg	A car is parked.
../dataset/datasets/car/10shot/train/hyundai_veloster_hatchback_2012/1521.jpg	A car is parked.
../dataset/datasets/car/10shot/train/hyundai_veloster_hatchback_2012/1528.jpg	A car is driving on a road with a desert landscape in the background.
../dataset/datasets/car/10shot/train/hyundai_santa_fe_suv_2012/805.jpg	A car is parked on a tiled surface.
../dataset/datasets/car/10shot/train/hyundai_santa_fe_suv_2012/802.jpg	A car is driving on a road.
../dataset/datasets/car/10shot/train/hyundai_santa_fe_suv_2012/806.jpg	A car is parked on a showroom floor.
../dataset/datasets/car/10shot/train/hyundai_santa_fe_suv_2012/800.jpg	A car is parked.
../dataset/datasets/car/10shot/train/hyundai_santa_fe_suv_2012/804.jpg	A car is parked.
../dataset/datasets/car/10shot/train/hyundai_santa_fe_suv_2012/803.jpg	A car is parked on grass, facing slightly right.
../dataset/datasets/car/10shot/train/hyundai_santa_fe_suv_2012/807.jpg	A car is parked indoors, facing forward.
../dataset/datasets/car/10shot/train/hyundai_santa_fe_suv_2012/801.jpg	A car is parked outside a building.
../dataset/datasets/car/10shot/train/hyundai_santa_fe_suv_2012/808.jpg	A car parked on gravel, facing right.
../dataset/datasets/car/10shot/train/hyundai_santa_fe_suv_2012/809.jpg	A car is displayed at an angle, showcasing its front and side profile.
../dataset/datasets/car/10shot/train/hyundai_tucson_suv_2012/1382.jpg	A car is parked on a beach, facing right.
../dataset/datasets/car/10shot/train/hyundai_tucson_suv_2012/1386.jpg	A car is parked indoors, facing slightly left.
../dataset/datasets/car/10shot/train/hyundai_tucson_suv_2012/1381.jpg	A car is navigating a steep, rocky incline.
../dataset/datasets/car/10shot/train/hyundai_tucson_suv_2012/1387.jpg	A car is parked.
../dataset/datasets/car/10shot/train/hyundai_tucson_suv_2012/1388.jpg	A car is parked head-on.
../dataset/datasets/car/10shot/train/hyundai_tucson_suv_2012/1380.jpg	A car is parked on a lot.
../dataset/datasets/car/10shot/train/hyundai_tucson_suv_2012/1383.jpg	A car is parked.
../dataset/datasets/car/10shot/train/hyundai_tucson_suv_2012/1389.jpg	A car is parked.
../dataset/datasets/car/10shot/train/hyundai_tucson_suv_2012/1384.jpg	A car is parked.
../dataset/datasets/car/10shot/train/hyundai_tucson_suv_2012/1385.jpg	A car is displayed on a rotating platform.
../dataset/datasets/car/10shot/train/hyundai_veracruz_suv_2012/305.jpg	A car is parked diagonally in a parking space.
../dataset/datasets/car/10shot/train/hyundai_veracruz_suv_2012/308.jpg	a car parked on dirt road.
../dataset/datasets/car/10shot/train/hyundai_veracruz_suv_2012/306.jpg	A car is parked.
../dataset/datasets/car/10shot/train/hyundai_veracruz_suv_2012/302.jpg	A car is parked.
../dataset/datasets/car/10shot/train/hyundai_veracruz_suv_2012/300.jpg	A car is driving on a road with a blurred background.
../dataset/datasets/car/10shot/train/hyundai_veracruz_suv_2012/303.jpg	A car is parked on gravel, facing right.
../dataset/datasets/car/10shot/train/hyundai_veracruz_suv_2012/304.jpg	A car is parked.
../dataset/datasets/car/10shot/train/hyundai_veracruz_suv_2012/309.jpg	A car is parked.
../dataset/datasets/car/10shot/train/hyundai_veracruz_suv_2012/307.jpg	A car is displayed on a rotating platform.
../dataset/datasets/car/10shot/train/hyundai_veracruz_suv_2012/301.jpg	A car is parked on a wet surface.
../dataset/datasets/car/10shot/train/hyundai_sonata_hybrid_sedan_2012/31.jpg	A car is parked.
../dataset/datasets/car/10shot/train/hyundai_sonata_hybrid_sedan_2012/33.jpg	A car is parked on a paved surface with grass in the background.
../dataset/datasets/car/10shot/train/hyundai_sonata_hybrid_sedan_2012/32.jpg	A car is parked.
../dataset/datasets/car/10shot/train/hyundai_sonata_hybrid_sedan_2012/35.jpg	A car is parked on a showroom floor.
../dataset/datasets/car/10shot/train/hyundai_sonata_hybrid_sedan_2012/36.jpg	A car is parked on a driveway.
../dataset/datasets/car/10shot/train/hyundai_sonata_hybrid_sedan_2012/30.jpg	A car is parked on a street.
../dataset/datasets/car/10shot/train/hyundai_sonata_hybrid_sedan_2012/39.jpg	A car is parked.
../dataset/datasets/car/10shot/train/hyundai_sonata_hybrid_sedan_2012/34.jpg	A car is parked.
../dataset/datasets/car/10shot/train/hyundai_sonata_hybrid_sedan_2012/37.jpg	A car is parked.
../dataset/datasets/car/10shot/train/hyundai_sonata_hybrid_sedan_2012/38.jpg	A car is driving on a road.
../dataset/datasets/car/10shot/train/hyundai_elantra_sedan_2007/127.jpg	A car is parked diagonally in a parking space.
../dataset/datasets/car/10shot/train/hyundai_elantra_sedan_2007/125.jpg	A car is parked.
../dataset/datasets/car/10shot/train/hyundai_elantra_sedan_2007/121.jpg	A car is displayed on a showroom floor, angled slightly to showcase its front and side.
../dataset/datasets/car/10shot/train/hyundai_elantra_sedan_2007/122.jpg	A car is driving forward.
../dataset/datasets/car/10shot/train/hyundai_elantra_sedan_2007/124.jpg	A car is driving on a road, leaning slightly into a curve.
../dataset/datasets/car/10shot/train/hyundai_elantra_sedan_2007/123.jpg	A car is parked.
../dataset/datasets/car/10shot/train/hyundai_elantra_sedan_2007/120.jpg	A car is parked.
../dataset/datasets/car/10shot/train/hyundai_elantra_sedan_2007/129.jpg	A car is parked sideways.
../dataset/datasets/car/10shot/train/hyundai_elantra_sedan_2007/128.jpg	A car is parked indoors, facing slightly to the right.
../dataset/datasets/car/10shot/train/hyundai_elantra_sedan_2007/126.jpg	A car is parked in front of a Hyundai dealership.
../dataset/datasets/car/10shot/train/hyundai_accent_sedan_2012/900.jpg	A car is parked.
../dataset/datasets/car/10shot/train/hyundai_accent_sedan_2012/902.jpg	A car is parked at an angle, showcasing its front and side profile.
../dataset/datasets/car/10shot/train/hyundai_accent_sedan_2012/905.jpg	A car is parked.
../dataset/datasets/car/10shot/train/hyundai_accent_sedan_2012/908.jpg	A car is parked centrally, facing forward.
../dataset/datasets/car/10shot/train/hyundai_accent_sedan_2012/904.jpg	A car is parked.
../dataset/datasets/car/10shot/train/hyundai_accent_sedan_2012/906.jpg	A car is positioned at a slight angle, showcasing its front and side profile.
../dataset/datasets/car/10shot/train/hyundai_accent_sedan_2012/907.jpg	A car is parked.
../dataset/datasets/car/10shot/train/hyundai_accent_sedan_2012/901.jpg	A car is parked.
../dataset/datasets/car/10shot/train/hyundai_accent_sedan_2012/909.jpg	A car is parked indoors, angled slightly to show rear and side views.
../dataset/datasets/car/10shot/train/hyundai_accent_sedan_2012/903.jpg	A car is parked on a road with a blue and white striped background.
../dataset/datasets/car/10shot/train/hyundai_genesis_sedan_2012/838.jpg	A car is parked on a cobblestone street.
../dataset/datasets/car/10shot/train/hyundai_genesis_sedan_2012/836.jpg	A car is parked on grass.
../dataset/datasets/car/10shot/train/hyundai_genesis_sedan_2012/832.jpg	A car is parked in front of a Hyundai dealership.
../dataset/datasets/car/10shot/train/hyundai_genesis_sedan_2012/835.jpg	A car is speeding along the road.
../dataset/datasets/car/10shot/train/hyundai_genesis_sedan_2012/837.jpg	A car is parked, angled slightly towards the viewer.
../dataset/datasets/car/10shot/train/hyundai_genesis_sedan_2012/839.jpg	A car is parked in front of a fence.
../dataset/datasets/car/10shot/train/hyundai_genesis_sedan_2012/833.jpg	A car is parked on gravel, facing right.
../dataset/datasets/car/10shot/train/hyundai_genesis_sedan_2012/834.jpg	A car is parked.
../dataset/datasets/car/10shot/train/hyundai_genesis_sedan_2012/830.jpg	A car is parked on the street.
../dataset/datasets/car/10shot/train/hyundai_genesis_sedan_2012/831.jpg	A car is parked indoors, facing left.
../dataset/datasets/car/10shot/train/hyundai_sonata_sedan_2012/713.jpg	A car is parked on the street.
../dataset/datasets/car/10shot/train/hyundai_sonata_sedan_2012/717.jpg	A car is in motion, angled slightly to the right.
../dataset/datasets/car/10shot/train/hyundai_sonata_sedan_2012/714.jpg	A car is driving on a winding road.
../dataset/datasets/car/10shot/train/hyundai_sonata_sedan_2012/712.jpg	A car is driving on a road.
../dataset/datasets/car/10shot/train/hyundai_sonata_sedan_2012/719.jpg	A car is parked in a tunnel-like setting, angled slightly towards the viewer.
../dataset/datasets/car/10shot/train/hyundai_sonata_sedan_2012/710.jpg	A car is parked on a driveway.
../dataset/datasets/car/10shot/train/hyundai_sonata_sedan_2012/715.jpg	A car is parked at an angle, showcasing its front and side profile.
../dataset/datasets/car/10shot/train/hyundai_sonata_sedan_2012/711.jpg	A car is parked.
../dataset/datasets/car/10shot/train/hyundai_sonata_sedan_2012/718.jpg	A car is parked.
../dataset/datasets/car/10shot/train/hyundai_sonata_sedan_2012/716.jpg	A car is parked on a concrete surface.
../dataset/datasets/car/10shot/train/hyundai_elantra_touring_hatchback_2012/283.jpg	A car is parked indoors, facing slightly left.
../dataset/datasets/car/10shot/train/hyundai_elantra_touring_hatchback_2012/282.jpg	A car is driving on a road.
../dataset/datasets/car/10shot/train/hyundai_elantra_touring_hatchback_2012/281.jpg	A car is parked.
../dataset/datasets/car/10shot/train/hyundai_elantra_touring_hatchback_2012/287.jpg	A car is parked straight-on view.
../dataset/datasets/car/10shot/train/hyundai_elantra_touring_hatchback_2012/286.jpg	A car is parked on sandy ground with trees and buildings in the background.
../dataset/datasets/car/10shot/train/hyundai_elantra_touring_hatchback_2012/289.jpg	A car is parked on a road with a scenic background.
../dataset/datasets/car/10shot/train/hyundai_elantra_touring_hatchback_2012/284.jpg	A car is parked.
../dataset/datasets/car/10shot/train/hyundai_elantra_touring_hatchback_2012/285.jpg	A car is parked.
../dataset/datasets/car/10shot/train/hyundai_elantra_touring_hatchback_2012/280.jpg	A car is parked.
../dataset/datasets/car/10shot/train/hyundai_elantra_touring_hatchback_2012/288.jpg	A car is parked.
../dataset/datasets/car/10shot/train/hyundai_azera_sedan_2012/983.jpg	A car is displayed with its front facing forward, door open.
../dataset/datasets/car/10shot/train/hyundai_azera_sedan_2012/985.jpg	A car is parked with its front facing slightly to the right, showcasing its profile against a mountainous backdrop.
../dataset/datasets/car/10shot/train/hyundai_azera_sedan_2012/982.jpg	A car is displayed on a rotating platform.
../dataset/datasets/car/10shot/train/hyundai_azera_sedan_2012/980.jpg	A car is parked on a dirt road with mountains in the background.
../dataset/datasets/car/10shot/train/hyundai_azera_sedan_2012/981.jpg	A car is driving on a road.
../dataset/datasets/car/10shot/train/hyundai_azera_sedan_2012/986.jpg	A car is shown from a rear three-quarter view, highlighting its design and features.
../dataset/datasets/car/10shot/train/hyundai_azera_sedan_2012/988.jpg	A car is displayed at an angle, showcasing its rear and side profile.
../dataset/datasets/car/10shot/train/hyundai_azera_sedan_2012/984.jpg	A car is displayed on a rotating platform with its front facing forward.
../dataset/datasets/car/10shot/train/hyundai_azera_sedan_2012/987.jpg	A car is parked in front of a Hyundai dealership.
../dataset/datasets/car/10shot/train/hyundai_azera_sedan_2012/989.jpg	A car is parked on a road with trees and grass in the background.
../dataset/datasets/car/10shot/train/infiniti_g_coupe_ipl_2012/1362.jpg	A car is driving on a track.
../dataset/datasets/car/10shot/train/infiniti_g_coupe_ipl_2012/1361.jpg	A car is parked under an overpass, angled slightly towards the viewer.
../dataset/datasets/car/10shot/train/infiniti_g_coupe_ipl_2012/1369.jpg	A car parked on dirt near water.
../dataset/datasets/car/10shot/train/infiniti_g_coupe_ipl_2012/1368.jpg	A car parked on street.
../dataset/datasets/car/10shot/train/infiniti_g_coupe_ipl_2012/1363.jpg	A car is parked.
../dataset/datasets/car/10shot/train/infiniti_g_coupe_ipl_2012/1364.jpg	A car is parked.
../dataset/datasets/car/10shot/train/infiniti_g_coupe_ipl_2012/1366.jpg	A car is parked head-on, facing forward.
../dataset/datasets/car/10shot/train/infiniti_g_coupe_ipl_2012/1365.jpg	A car is in motion, angled slightly to the right.
../dataset/datasets/car/10shot/train/infiniti_g_coupe_ipl_2012/1360.jpg	A car is parked.
../dataset/datasets/car/10shot/train/infiniti_g_coupe_ipl_2012/1367.jpg	A car is parked.
../dataset/datasets/car/10shot/train/infiniti_qx56_suv_2011/359.jpg	A car is parked.
../dataset/datasets/car/10shot/train/infiniti_qx56_suv_2011/356.jpg	A car is parked.
../dataset/datasets/car/10shot/train/infiniti_qx56_suv_2011/355.jpg	A car is parked.
../dataset/datasets/car/10shot/train/infiniti_qx56_suv_2011/352.jpg	A car is parked on the side of the road.
../dataset/datasets/car/10shot/train/infiniti_qx56_suv_2011/354.jpg	A car is displayed on a showroom floor, angled slightly to show its side profile.
../dataset/datasets/car/10shot/train/infiniti_qx56_suv_2011/353.jpg	A car is parked on dry, cracked earth with mountains in the background.
../dataset/datasets/car/10shot/train/infiniti_qx56_suv_2011/357.jpg	A car is driving on a gravel road through a forest.
../dataset/datasets/car/10shot/train/infiniti_qx56_suv_2011/358.jpg	A car is parked on a barren landscape with mountains in the background.
../dataset/datasets/car/10shot/train/infiniti_qx56_suv_2011/350.jpg	A car is parked on a flat, barren landscape.
../dataset/datasets/car/10shot/train/infiniti_qx56_suv_2011/351.jpg	A car is parked with its rear facing the viewer, showcasing the taillights and license plate.
../dataset/datasets/car/10shot/train/isuzu_ascender_suv_2008/919.jpg	A car is driving on a wet road.
../dataset/datasets/car/10shot/train/isuzu_ascender_suv_2008/911.jpg	A car is parked on a driveway.
../dataset/datasets/car/10shot/train/isuzu_ascender_suv_2008/916.jpg	A car is parked diagonally.
../dataset/datasets/car/10shot/train/isuzu_ascender_suv_2008/918.jpg	A car is parked.
../dataset/datasets/car/10shot/train/isuzu_ascender_suv_2008/917.jpg	A car is parked on grass near pavement.
../dataset/datasets/car/10shot/train/isuzu_ascender_suv_2008/915.jpg	The car is parked.
../dataset/datasets/car/10shot/train/isuzu_ascender_suv_2008/912.jpg	A car is parked on a driveway.
../dataset/datasets/car/10shot/train/isuzu_ascender_suv_2008/914.jpg	a car parked.
../dataset/datasets/car/10shot/train/isuzu_ascender_suv_2008/913.jpg	A car is driving on a bridge.
../dataset/datasets/car/10shot/train/isuzu_ascender_suv_2008/910.jpg	A car with open doors.
../dataset/datasets/car/10shot/train/jaguar_xk_xkr_2012/898.jpg	A car is speeding on a track.
../dataset/datasets/car/10shot/train/jaguar_xk_xkr_2012/894.jpg	A car is driving on a track.
../dataset/datasets/car/10shot/train/jaguar_xk_xkr_2012/897.jpg	A car is driving on a road with blurred background.
../dataset/datasets/car/10shot/train/jaguar_xk_xkr_2012/891.jpg	A car is driving on a winding road.
../dataset/datasets/car/10shot/train/jaguar_xk_xkr_2012/896.jpg	A car is driving on a curvy road.
../dataset/datasets/car/10shot/train/jaguar_xk_xkr_2012/895.jpg	A car is displayed at an angle, showcasing its rear and side profile.
../dataset/datasets/car/10shot/train/jaguar_xk_xkr_2012/892.jpg	A car is parked on a gravel surface with its rear facing the camera.
../dataset/datasets/car/10shot/train/jaguar_xk_xkr_2012/890.jpg	A car is parked on an airfield, facing left.
../dataset/datasets/car/10shot/train/jaguar_xk_xkr_2012/893.jpg	A car is leaning into a turn on a racetrack.
../dataset/datasets/car/10shot/train/jaguar_xk_xkr_2012/899.jpg	A car is parked.
../dataset/datasets/car/10shot/train/jeep_patriot_suv_2012/682.jpg	A car is parked.
../dataset/datasets/car/10shot/train/jeep_patriot_suv_2012/689.jpg	A car is parked.
../dataset/datasets/car/10shot/train/jeep_patriot_suv_2012/684.jpg	A car is parked straight, facing forward.
../dataset/datasets/car/10shot/train/jeep_patriot_suv_2012/687.jpg	A car is parked.
../dataset/datasets/car/10shot/train/jeep_patriot_suv_2012/681.jpg	A car is parked on a road, facing away from the camera.
../dataset/datasets/car/10shot/train/jeep_patriot_suv_2012/685.jpg	A car is parked sideways.
../dataset/datasets/car/10shot/train/jeep_patriot_suv_2012/686.jpg	A car parked on grassy hillside.
../dataset/datasets/car/10shot/train/jeep_patriot_suv_2012/688.jpg	A car is parked.
../dataset/datasets/car/10shot/train/jeep_patriot_suv_2012/683.jpg	A car is parked on grass, headlights on.
../dataset/datasets/car/10shot/train/jeep_patriot_suv_2012/680.jpg	A car is parked straight, facing forward.
../dataset/datasets/car/10shot/train/jeep_wrangler_suv_2012/1731.jpg	A car is parked on a mountain trail.
../dataset/datasets/car/10shot/train/jeep_wrangler_suv_2012/1736.jpg	A car is parked on gravel, facing forward.
../dataset/datasets/car/10shot/train/jeep_wrangler_suv_2012/1737.jpg	A car is parked on rocks near water.
../dataset/datasets/car/10shot/train/jeep_wrangler_suv_2012/1739.jpg	A car is parked on a rocky path surrounded by trees.
../dataset/datasets/car/10shot/train/jeep_wrangler_suv_2012/1734.jpg	A car is parked on the street.
../dataset/datasets/car/10shot/train/jeep_wrangler_suv_2012/1732.jpg	A car is parked.
../dataset/datasets/car/10shot/train/jeep_wrangler_suv_2012/1738.jpg	A car is parked.
../dataset/datasets/car/10shot/train/jeep_wrangler_suv_2012/1730.jpg	A car is parked on rocky terrain, facing left.
../dataset/datasets/car/10shot/train/jeep_wrangler_suv_2012/1735.jpg	A car is parked.
../dataset/datasets/car/10shot/train/jeep_wrangler_suv_2012/1733.jpg	A car is parked.
../dataset/datasets/car/10shot/train/jeep_liberty_suv_2012/858.jpg	A car is driving on a road.
../dataset/datasets/car/10shot/train/jeep_liberty_suv_2012/859.jpg	A car is parked.
../dataset/datasets/car/10shot/train/jeep_liberty_suv_2012/852.jpg	A car is driving on a road.
../dataset/datasets/car/10shot/train/jeep_liberty_suv_2012/853.jpg	A car is parked on a dirt road surrounded by trees.
../dataset/datasets/car/10shot/train/jeep_liberty_suv_2012/850.jpg	A car is parked on rocky terrain.
../dataset/datasets/car/10shot/train/jeep_liberty_suv_2012/855.jpg	A car is parked.
../dataset/datasets/car/10shot/train/jeep_liberty_suv_2012/856.jpg	A car is parked on a driveway.
../dataset/datasets/car/10shot/train/jeep_liberty_suv_2012/851.jpg	A car is parked indoors, facing slightly to the right.
../dataset/datasets/car/10shot/train/jeep_liberty_suv_2012/854.jpg	A car is driving through sand, kicking up dust.
../dataset/datasets/car/10shot/train/jeep_liberty_suv_2012/857.jpg	A car is parked on snowy terrain.
../dataset/datasets/car/10shot/train/jeep_grand_cherokee_suv_2012/438.jpg	A car is parked.
../dataset/datasets/car/10shot/train/jeep_grand_cherokee_suv_2012/435.jpg	A car is parked indoors, facing right.
../dataset/datasets/car/10shot/train/jeep_grand_cherokee_suv_2012/434.jpg	A car is parked on a lot.
../dataset/datasets/car/10shot/train/jeep_grand_cherokee_suv_2012/437.jpg	A car is parked.
../dataset/datasets/car/10shot/train/jeep_grand_cherokee_suv_2012/439.jpg	A car is driving on a road.
../dataset/datasets/car/10shot/train/jeep_grand_cherokee_suv_2012/431.jpg	A car is parked diagonally with front facing left.
../dataset/datasets/car/10shot/train/jeep_grand_cherokee_suv_2012/432.jpg	A car is parked on a concrete surface.
../dataset/datasets/car/10shot/train/jeep_grand_cherokee_suv_2012/433.jpg	A car is parked in front of a dealership.
../dataset/datasets/car/10shot/train/jeep_grand_cherokee_suv_2012/430.jpg	A car is parked.
../dataset/datasets/car/10shot/train/jeep_grand_cherokee_suv_2012/436.jpg	A car is parked.
../dataset/datasets/car/10shot/train/jeep_compass_suv_2012/1024.jpg	a car parked.
../dataset/datasets/car/10shot/train/jeep_compass_suv_2012/1020.jpg	A car is driving through snow.
../dataset/datasets/car/10shot/train/jeep_compass_suv_2012/1023.jpg	A car is parked on snow.
../dataset/datasets/car/10shot/train/jeep_compass_suv_2012/1022.jpg	A car is parked.
../dataset/datasets/car/10shot/train/jeep_compass_suv_2012/1026.jpg	A car is parked in front of a dealership.
../dataset/datasets/car/10shot/train/jeep_compass_suv_2012/1021.jpg	A car is parked on the street.
../dataset/datasets/car/10shot/train/jeep_compass_suv_2012/1028.jpg	A car is parked.
../dataset/datasets/car/10shot/train/jeep_compass_suv_2012/1029.jpg	A car is driving through snow.
../dataset/datasets/car/10shot/train/jeep_compass_suv_2012/1027.jpg	A car is parked.
../dataset/datasets/car/10shot/train/jeep_compass_suv_2012/1025.jpg	A car is parked on asphalt with trees in the background.
../dataset/datasets/car/10shot/train/lamborghini_reventon_coupe_2008/1883.jpg	A car is displayed, front-facing with a sleek, angular design.
../dataset/datasets/car/10shot/train/lamborghini_reventon_coupe_2008/1887.jpg	A car is parked on grass, angled slightly towards the viewer.
../dataset/datasets/car/10shot/train/lamborghini_reventon_coupe_2008/1889.jpg	A car with doors open.
../dataset/datasets/car/10shot/train/lamborghini_reventon_coupe_2008/1886.jpg	A car is positioned at a slight angle, showcasing its side profile.
../dataset/datasets/car/10shot/train/lamborghini_reventon_coupe_2008/1880.jpg	A car is positioned at a three-quarter front angle, showcasing its sleek design and aerodynamic features.
../dataset/datasets/car/10shot/train/lamborghini_reventon_coupe_2008/1884.jpg	A car is parked.
../dataset/datasets/car/10shot/train/lamborghini_reventon_coupe_2008/1885.jpg	A car is positioned diagonally, showcasing its sleek design and aerodynamic features.
../dataset/datasets/car/10shot/train/lamborghini_reventon_coupe_2008/1881.jpg	A car is parked, headlights on, facing forward.
../dataset/datasets/car/10shot/train/lamborghini_reventon_coupe_2008/1882.jpg	A car speeding on a runway.
../dataset/datasets/car/10shot/train/lamborghini_reventon_coupe_2008/1888.jpg	A car is positioned at a three-quarter angle, showcasing its front and side profile.
../dataset/datasets/car/10shot/train/lamborghini_aventador_coupe_2012/1546.jpg	A car is speeding on a track.
../dataset/datasets/car/10shot/train/lamborghini_aventador_coupe_2012/1549.jpg	A car is speeding on a road.
../dataset/datasets/car/10shot/train/lamborghini_aventador_coupe_2012/1543.jpg	A car is on display, stationary.
../dataset/datasets/car/10shot/train/lamborghini_aventador_coupe_2012/1547.jpg	A car is displayed at an angle, showcasing its sleek design.
../dataset/datasets/car/10shot/train/lamborghini_aventador_coupe_2012/1540.jpg	A car is parked diagonally, showcasing its sleek design.
../dataset/datasets/car/10shot/train/lamborghini_aventador_coupe_2012/1542.jpg	A car speeding on a track.
../dataset/datasets/car/10shot/train/lamborghini_aventador_coupe_2012/1544.jpg	A car is positioned at a three-quarter rear angle.
../dataset/datasets/car/10shot/train/lamborghini_aventador_coupe_2012/1545.jpg	A car is parked on a road.
../dataset/datasets/car/10shot/train/lamborghini_aventador_coupe_2012/1541.jpg	A car is parked, angled slightly to the left.
../dataset/datasets/car/10shot/train/lamborghini_aventador_coupe_2012/1548.jpg	A car is parked.
../dataset/datasets/car/10shot/train/lamborghini_gallardo_lp_570-4_superleggera_2012/1764.jpg	A car is parked with its front facing left, angled slightly towards the viewer.
../dataset/datasets/car/10shot/train/lamborghini_gallardo_lp_570-4_superleggera_2012/1768.jpg	A car is positioned diagonally, showcasing its sleek design and aerodynamic features.
../dataset/datasets/car/10shot/train/lamborghini_gallardo_lp_570-4_superleggera_2012/1760.jpg	A car is parked.
../dataset/datasets/car/10shot/train/lamborghini_gallardo_lp_570-4_superleggera_2012/1765.jpg	A car is displayed on a showroom floor, angled slightly to show rear and side profile.
../dataset/datasets/car/10shot/train/lamborghini_gallardo_lp_570-4_superleggera_2012/1766.jpg	A car is parked diagonally on a wet tarmac, facing left.
../dataset/datasets/car/10shot/train/lamborghini_gallardo_lp_570-4_superleggera_2012/1762.jpg	A car is displayed on a showroom floor, facing forward with its front slightly angled towards the viewer.
../dataset/datasets/car/10shot/train/lamborghini_gallardo_lp_570-4_superleggera_2012/1769.jpg	A car is parked indoors, angled slightly towards the right.
../dataset/datasets/car/10shot/train/lamborghini_gallardo_lp_570-4_superleggera_2012/1767.jpg	A car is parked in a studio setting, showcasing its sleek profile.
../dataset/datasets/car/10shot/train/lamborghini_gallardo_lp_570-4_superleggera_2012/1763.jpg	A car is parked, angled slightly towards the viewer.
../dataset/datasets/car/10shot/train/lamborghini_gallardo_lp_570-4_superleggera_2012/1761.jpg	A car is parked on an open road with its front facing forward.
../dataset/datasets/car/10shot/train/lamborghini_diablo_coupe_2001/1430.jpg	A car is parked.
../dataset/datasets/car/10shot/train/lamborghini_diablo_coupe_2001/1431.jpg	A car is parked.
../dataset/datasets/car/10shot/train/lamborghini_diablo_coupe_2001/1439.jpg	A car is parked on cobblestones, facing forward.
../dataset/datasets/car/10shot/train/lamborghini_diablo_coupe_2001/1438.jpg	A car is parked.
../dataset/datasets/car/10shot/train/lamborghini_diablo_coupe_2001/1437.jpg	A car is parked.
../dataset/datasets/car/10shot/train/lamborghini_diablo_coupe_2001/1432.jpg	A car with doors open upwards.
../dataset/datasets/car/10shot/train/lamborghini_diablo_coupe_2001/1434.jpg	a car parked.
../dataset/datasets/car/10shot/train/lamborghini_diablo_coupe_2001/1433.jpg	A car parked on a brick driveway.
../dataset/datasets/car/10shot/train/lamborghini_diablo_coupe_2001/1436.jpg	A car is parked on grass.
../dataset/datasets/car/10shot/train/lamborghini_diablo_coupe_2001/1435.jpg	A car is driving on a grassy hillside.
../dataset/datasets/car/10shot/train/land_rover_range_rover_suv_2012/272.jpg	A car is driving on a dirt road.
../dataset/datasets/car/10shot/train/land_rover_range_rover_suv_2012/279.jpg	A car is driving on a road.
../dataset/datasets/car/10shot/train/land_rover_range_rover_suv_2012/274.jpg	a car parked on brick pavement.
../dataset/datasets/car/10shot/train/land_rover_range_rover_suv_2012/278.jpg	A car is parked.
../dataset/datasets/car/10shot/train/land_rover_range_rover_suv_2012/271.jpg	A car is parked at an angle.
../dataset/datasets/car/10shot/train/land_rover_range_rover_suv_2012/277.jpg	A car is parked on the street.
../dataset/datasets/car/10shot/train/land_rover_range_rover_suv_2012/273.jpg	A car is driving on a road.
../dataset/datasets/car/10shot/train/land_rover_range_rover_suv_2012/275.jpg	A car is driving on a road.
../dataset/datasets/car/10shot/train/land_rover_range_rover_suv_2012/270.jpg	A car is parked.
../dataset/datasets/car/10shot/train/land_rover_range_rover_suv_2012/276.jpg	A car is parked.
../dataset/datasets/car/10shot/train/land_rover_lr2_suv_2012/975.jpg	A car is parked on a dirt road near a rocky hillside.
../dataset/datasets/car/10shot/train/land_rover_lr2_suv_2012/978.jpg	A car is parked indoors, angled slightly towards the viewer.
../dataset/datasets/car/10shot/train/land_rover_lr2_suv_2012/972.jpg	A car is parked on an incline.
../dataset/datasets/car/10shot/train/land_rover_lr2_suv_2012/970.jpg	A car is parked on rocky terrain.
../dataset/datasets/car/10shot/train/land_rover_lr2_suv_2012/979.jpg	A car is parked in front of a dealership.
../dataset/datasets/car/10shot/train/land_rover_lr2_suv_2012/971.jpg	a car parked.
../dataset/datasets/car/10shot/train/land_rover_lr2_suv_2012/973.jpg	A car is parked on a gravel surface with a mountainous background.
../dataset/datasets/car/10shot/train/land_rover_lr2_suv_2012/974.jpg	A car is driving on a road.
../dataset/datasets/car/10shot/train/land_rover_lr2_suv_2012/976.jpg	A car is parked on snow, facing left.
../dataset/datasets/car/10shot/train/land_rover_lr2_suv_2012/977.jpg	A car is driving on a road.
../dataset/datasets/car/10shot/train/lincoln_town_car_sedan_2011/1534.jpg	A car is parked.
../dataset/datasets/car/10shot/train/lincoln_town_car_sedan_2011/1531.jpg	A car is parked on a blue surface with trees and a Ford dealership in the background.
../dataset/datasets/car/10shot/train/lincoln_town_car_sedan_2011/1533.jpg	A car is parked on the street.
../dataset/datasets/car/10shot/train/lincoln_town_car_sedan_2011/1536.jpg	A car is parked.
../dataset/datasets/car/10shot/train/lincoln_town_car_sedan_2011/1537.jpg	A car is parked on the street.
../dataset/datasets/car/10shot/train/lincoln_town_car_sedan_2011/1539.jpg	A car is parked.
../dataset/datasets/car/10shot/train/lincoln_town_car_sedan_2011/1532.jpg	A car is parked.
../dataset/datasets/car/10shot/train/lincoln_town_car_sedan_2011/1530.jpg	A car parked.
../dataset/datasets/car/10shot/train/lincoln_town_car_sedan_2011/1538.jpg	The car is parked.
../dataset/datasets/car/10shot/train/lincoln_town_car_sedan_2011/1535.jpg	a car parked.
../dataset/datasets/car/10shot/train/mini_cooper_roadster_convertible_2012/1901.jpg	A car is parked with its roof down.
../dataset/datasets/car/10shot/train/mini_cooper_roadster_convertible_2012/1906.jpg	A car is parked on a dirt path near the ocean, facing forward with its hood and front grille prominently displayed.
../dataset/datasets/car/10shot/train/mini_cooper_roadster_convertible_2012/1907.jpg	A car is parked.
../dataset/datasets/car/10shot/train/mini_cooper_roadster_convertible_2012/1905.jpg	A car is driving on a road.
../dataset/datasets/car/10shot/train/mini_cooper_roadster_convertible_2012/1908.jpg	A car is driving on a road.
../dataset/datasets/car/10shot/train/mini_cooper_roadster_convertible_2012/1902.jpg	A car is driving on a road.
../dataset/datasets/car/10shot/train/mini_cooper_roadster_convertible_2012/1904.jpg	A car is driving on a road near water.
../dataset/datasets/car/10shot/train/mini_cooper_roadster_convertible_2012/1900.jpg	A car is parked with its convertible top down.
../dataset/datasets/car/10shot/train/mini_cooper_roadster_convertible_2012/1903.jpg	A car is displayed with its front facing forward, showcasing the grille and headlights.
../dataset/datasets/car/10shot/train/mini_cooper_roadster_convertible_2012/1909.jpg	A car is driving on a coastal road.
../dataset/datasets/car/10shot/train/maybach_landaulet_convertible_2012/1588.jpg	A car parked on a street at dusk.
../dataset/datasets/car/10shot/train/maybach_landaulet_convertible_2012/1583.jpg	A car is parked.
../dataset/datasets/car/10shot/train/maybach_landaulet_convertible_2012/1582.jpg	A car is parked with its rear facing the viewer, showcasing the trunk and license plate.
../dataset/datasets/car/10shot/train/maybach_landaulet_convertible_2012/1580.jpg	A car with open doors.
../dataset/datasets/car/10shot/train/maybach_landaulet_convertible_2012/1584.jpg	A car is suspended mid-air.
../dataset/datasets/car/10shot/train/maybach_landaulet_convertible_2012/1589.jpg	A car is parked indoors, facing right.
../dataset/datasets/car/10shot/train/maybach_landaulet_convertible_2012/1581.jpg	A car is parked.
../dataset/datasets/car/10shot/train/maybach_landaulet_convertible_2012/1587.jpg	A car is parked on a paved area with its roof partially open.
../dataset/datasets/car/10shot/train/maybach_landaulet_convertible_2012/1586.jpg	A car with doors open.
../dataset/datasets/car/10shot/train/maybach_landaulet_convertible_2012/1585.jpg	a car parked.
../dataset/datasets/car/10shot/train/mazda_tribute_suv_2011/1831.jpg	A car is parked.
../dataset/datasets/car/10shot/train/mazda_tribute_suv_2011/1834.jpg	A car is parked on a paved surface with trees and sunlight in the background.
../dataset/datasets/car/10shot/train/mazda_tribute_suv_2011/1837.jpg	A car is driving on a road.
../dataset/datasets/car/10shot/train/mazda_tribute_suv_2011/1830.jpg	A car is parked in front of a Mazda dealership.
../dataset/datasets/car/10shot/train/mazda_tribute_suv_2011/1838.jpg	A car is driving on a dirt road.
../dataset/datasets/car/10shot/train/mazda_tribute_suv_2011/1835.jpg	A car is parked in a lot.
../dataset/datasets/car/10shot/train/mazda_tribute_suv_2011/1833.jpg	A car is parked on gravel, facing slightly to the right.
../dataset/datasets/car/10shot/train/mazda_tribute_suv_2011/1832.jpg	A car is parked in front of a house.
../dataset/datasets/car/10shot/train/mazda_tribute_suv_2011/1839.jpg	A car is parked on a driveway.
../dataset/datasets/car/10shot/train/mazda_tribute_suv_2011/1836.jpg	A car is parked on a driveway.
../dataset/datasets/car/10shot/train/mclaren_mp4-12c_coupe_2012/1162.jpg	A car with doors open upwards.
../dataset/datasets/car/10shot/train/mclaren_mp4-12c_coupe_2012/1169.jpg	A car is parked.
../dataset/datasets/car/10shot/train/mclaren_mp4-12c_coupe_2012/1160.jpg	A car with doors open.
../dataset/datasets/car/10shot/train/mclaren_mp4-12c_coupe_2012/1168.jpg	A car is parked, facing left.
../dataset/datasets/car/10shot/train/mclaren_mp4-12c_coupe_2012/1164.jpg	A car is parked.
../dataset/datasets/car/10shot/train/mclaren_mp4-12c_coupe_2012/1167.jpg	A car is parked on a circular platform.
../dataset/datasets/car/10shot/train/mclaren_mp4-12c_coupe_2012/1161.jpg	A car is leaning into a turn on a track.
../dataset/datasets/car/10shot/train/mclaren_mp4-12c_coupe_2012/1166.jpg	A car is parked.
../dataset/datasets/car/10shot/train/mclaren_mp4-12c_coupe_2012/1163.jpg	A car with doors open.
../dataset/datasets/car/10shot/train/mclaren_mp4-12c_coupe_2012/1165.jpg	A car is driving on a track.
../dataset/datasets/car/10shot/train/mercedes-benz_300-class_convertible_1993/867.jpg	A car is parked with its rear facing the viewer, showcasing the convertible top and taillights.
../dataset/datasets/car/10shot/train/mercedes-benz_300-class_convertible_1993/865.jpg	A car is parked.
../dataset/datasets/car/10shot/train/mercedes-benz_300-class_convertible_1993/869.jpg	A car parked.
../dataset/datasets/car/10shot/train/mercedes-benz_300-class_convertible_1993/860.jpg	A car is parked.
../dataset/datasets/car/10shot/train/mercedes-benz_300-class_convertible_1993/861.jpg	A car is parked on a street.
../dataset/datasets/car/10shot/train/mercedes-benz_300-class_convertible_1993/866.jpg	A car parked indoors.
../dataset/datasets/car/10shot/train/mercedes-benz_300-class_convertible_1993/862.jpg	A car is parked on a driveway.
../dataset/datasets/car/10shot/train/mercedes-benz_300-class_convertible_1993/868.jpg	a car parked.
../dataset/datasets/car/10shot/train/mercedes-benz_300-class_convertible_1993/863.jpg	A car is parked on grass.
../dataset/datasets/car/10shot/train/mercedes-benz_300-class_convertible_1993/864.jpg	A car is parked.
../dataset/datasets/car/10shot/train/mercedes-benz_c-class_sedan_2012/794.jpg	A car is driving on a city street.
../dataset/datasets/car/10shot/train/mercedes-benz_c-class_sedan_2012/798.jpg	A car is parked on grass near a rock wall.
../dataset/datasets/car/10shot/train/mercedes-benz_c-class_sedan_2012/792.jpg	A car is driving on a road.
../dataset/datasets/car/10shot/train/mercedes-benz_c-class_sedan_2012/797.jpg	A car is parked.
../dataset/datasets/car/10shot/train/mercedes-benz_c-class_sedan_2012/791.jpg	A car is parked.
../dataset/datasets/car/10shot/train/mercedes-benz_c-class_sedan_2012/790.jpg	A car is parked on a street.
../dataset/datasets/car/10shot/train/mercedes-benz_c-class_sedan_2012/796.jpg	A car is driving on a road.
../dataset/datasets/car/10shot/train/mercedes-benz_c-class_sedan_2012/795.jpg	A car parked.
../dataset/datasets/car/10shot/train/mercedes-benz_c-class_sedan_2012/793.jpg	A car is parked on a lot.
../dataset/datasets/car/10shot/train/mercedes-benz_c-class_sedan_2012/799.jpg	A car is parked.
../dataset/datasets/car/10shot/train/mercedes-benz_sl-class_coupe_2009/1119.jpg	a car is leaning into a turn on a racetrack.
../dataset/datasets/car/10shot/train/mercedes-benz_sl-class_coupe_2009/1114.jpg	A car is parked on a road near sand dunes.
../dataset/datasets/car/10shot/train/mercedes-benz_sl-class_coupe_2009/1113.jpg	A car is driving on a road.
../dataset/datasets/car/10shot/train/mercedes-benz_sl-class_coupe_2009/1112.jpg	A car is parked indoors, facing forward.
../dataset/datasets/car/10shot/train/mercedes-benz_sl-class_coupe_2009/1118.jpg	A car is parked on a road, angled slightly to the left.
../dataset/datasets/car/10shot/train/mercedes-benz_sl-class_coupe_2009/1111.jpg	A car is parked.
../dataset/datasets/car/10shot/train/mercedes-benz_sl-class_coupe_2009/1116.jpg	A car is parked on a road with a scenic background.
../dataset/datasets/car/10shot/train/mercedes-benz_sl-class_coupe_2009/1117.jpg	A car parked, facing right.
../dataset/datasets/car/10shot/train/mercedes-benz_sl-class_coupe_2009/1115.jpg	A car is in motion, angled slightly to the right.
../dataset/datasets/car/10shot/train/mercedes-benz_sl-class_coupe_2009/1110.jpg	A car is speeding on a track.
../dataset/datasets/car/10shot/train/mercedes-benz_e-class_sedan_2012/1775.jpg	A car is parked on a road with a mountainous background.
../dataset/datasets/car/10shot/train/mercedes-benz_e-class_sedan_2012/1776.jpg	A car is driving on a road with a scenic background.
../dataset/datasets/car/10shot/train/mercedes-benz_e-class_sedan_2012/1771.jpg	A car is driving on a road.
../dataset/datasets/car/10shot/train/mercedes-benz_e-class_sedan_2012/1779.jpg	A car is parked with its rear facing the camera.
../dataset/datasets/car/10shot/train/mercedes-benz_e-class_sedan_2012/1778.jpg	A car is displayed at an angle, showcasing its rear and side profile.
../dataset/datasets/car/10shot/train/mercedes-benz_e-class_sedan_2012/1774.jpg	A car is parked.
../dataset/datasets/car/10shot/train/mercedes-benz_e-class_sedan_2012/1777.jpg	A car is parked at an angle, showcasing its front and side profile.
../dataset/datasets/car/10shot/train/mercedes-benz_e-class_sedan_2012/1770.jpg	A car is driving on a road.
../dataset/datasets/car/10shot/train/mercedes-benz_e-class_sedan_2012/1772.jpg	A car is displayed on a rotating platform.
../dataset/datasets/car/10shot/train/mercedes-benz_e-class_sedan_2012/1773.jpg	A car is parked in front of a Mercedes-Benz dealership.
../dataset/datasets/car/10shot/train/mercedes-benz_s-class_sedan_2012/705.jpg	A car is parked.
../dataset/datasets/car/10shot/train/mercedes-benz_s-class_sedan_2012/708.jpg	A car is parked on a lot.
../dataset/datasets/car/10shot/train/mercedes-benz_s-class_sedan_2012/703.jpg	A car is displayed with its door open, showcasing its interior.
../dataset/datasets/car/10shot/train/mercedes-benz_s-class_sedan_2012/704.jpg	A car is parked on a brick driveway.
../dataset/datasets/car/10shot/train/mercedes-benz_s-class_sedan_2012/700.jpg	A car is parked.
../dataset/datasets/car/10shot/train/mercedes-benz_s-class_sedan_2012/706.jpg	A car is parked straight, facing forward.
../dataset/datasets/car/10shot/train/mercedes-benz_s-class_sedan_2012/701.jpg	A car is parked on a road, facing right.
../dataset/datasets/car/10shot/train/mercedes-benz_s-class_sedan_2012/707.jpg	A car is parked.
../dataset/datasets/car/10shot/train/mercedes-benz_s-class_sedan_2012/709.jpg	A car is driving on a snowy road.
../dataset/datasets/car/10shot/train/mercedes-benz_s-class_sedan_2012/702.jpg	A car is parked straight-on.
../dataset/datasets/car/10shot/train/mercedes-benz_sprinter_van_2012/1628.jpg	The car is parked.
../dataset/datasets/car/10shot/train/mercedes-benz_sprinter_van_2012/1622.jpg	The car is parked.
../dataset/datasets/car/10shot/train/mercedes-benz_sprinter_van_2012/1624.jpg	A car is parked.
../dataset/datasets/car/10shot/train/mercedes-benz_sprinter_van_2012/1625.jpg	The car is parked.
../dataset/datasets/car/10shot/train/mercedes-benz_sprinter_van_2012/1623.jpg	A car is parked on a paved surface.
../dataset/datasets/car/10shot/train/mercedes-benz_sprinter_van_2012/1621.jpg	The car is parked.
../dataset/datasets/car/10shot/train/mercedes-benz_sprinter_van_2012/1626.jpg	A car is parked on cobblestones.
../dataset/datasets/car/10shot/train/mercedes-benz_sprinter_van_2012/1627.jpg	The car is parked.
../dataset/datasets/car/10shot/train/mercedes-benz_sprinter_van_2012/1620.jpg	A car is parked on a cobblestone street.
../dataset/datasets/car/10shot/train/mercedes-benz_sprinter_van_2012/1629.jpg	The car is parked.
../dataset/datasets/car/10shot/train/mitsubishi_lancer_sedan_2012/84.jpg	A car is parked.
../dataset/datasets/car/10shot/train/mitsubishi_lancer_sedan_2012/87.jpg	A car is parked in front of a dealership.
../dataset/datasets/car/10shot/train/mitsubishi_lancer_sedan_2012/82.jpg	A car is parked.
../dataset/datasets/car/10shot/train/mitsubishi_lancer_sedan_2012/83.jpg	A car is parked on display.
../dataset/datasets/car/10shot/train/mitsubishi_lancer_sedan_2012/85.jpg	A car is parked straight, facing forward.
../dataset/datasets/car/10shot/train/mitsubishi_lancer_sedan_2012/88.jpg	A car is parked in a lot.
../dataset/datasets/car/10shot/train/mitsubishi_lancer_sedan_2012/81.jpg	A car is parked on the side of the road.
../dataset/datasets/car/10shot/train/mitsubishi_lancer_sedan_2012/80.jpg	A car is parked indoors, facing forward.
../dataset/datasets/car/10shot/train/mitsubishi_lancer_sedan_2012/86.jpg	A car is speeding on a mountain road.
../dataset/datasets/car/10shot/train/mitsubishi_lancer_sedan_2012/89.jpg	A car is parked on a cracked concrete surface near a frozen body of water.
../dataset/datasets/car/10shot/train/nissan_leaf_hatchback_2012/1424.jpg	A car is parked.
../dataset/datasets/car/10shot/train/nissan_leaf_hatchback_2012/1427.jpg	A car is parked on a road.
../dataset/datasets/car/10shot/train/nissan_leaf_hatchback_2012/1423.jpg	A car is parked on a driveway.
../dataset/datasets/car/10shot/train/nissan_leaf_hatchback_2012/1426.jpg	A car is parked on the side of the road.
../dataset/datasets/car/10shot/train/nissan_leaf_hatchback_2012/1425.jpg	A car is parked on the side of the road.
../dataset/datasets/car/10shot/train/nissan_leaf_hatchback_2012/1420.jpg	A car is parked in front of a dealership.
../dataset/datasets/car/10shot/train/nissan_leaf_hatchback_2012/1421.jpg	A car is parked on the street.
../dataset/datasets/car/10shot/train/nissan_leaf_hatchback_2012/1422.jpg	A car is parked on a paved surface near steps.
../dataset/datasets/car/10shot/train/nissan_leaf_hatchback_2012/1429.jpg	a car parked on a driveway.
../dataset/datasets/car/10shot/train/nissan_leaf_hatchback_2012/1428.jpg	A car is driving forward.
../dataset/datasets/car/10shot/train/nissan_nv_passenger_van_2012/1563.jpg	A car is parked on grass.
../dataset/datasets/car/10shot/train/nissan_nv_passenger_van_2012/1569.jpg	A car is parked.
../dataset/datasets/car/10shot/train/nissan_nv_passenger_van_2012/1565.jpg	A car is parked.
../dataset/datasets/car/10shot/train/nissan_nv_passenger_van_2012/1562.jpg	The car is parked.
../dataset/datasets/car/10shot/train/nissan_nv_passenger_van_2012/1567.jpg	A car is parked.
../dataset/datasets/car/10shot/train/nissan_nv_passenger_van_2012/1564.jpg	The car is parked upright and stationary.
../dataset/datasets/car/10shot/train/nissan_nv_passenger_van_2012/1560.jpg	A car is parked.
../dataset/datasets/car/10shot/train/nissan_nv_passenger_van_2012/1568.jpg	A car is parked on snow-covered ground.
../dataset/datasets/car/10shot/train/nissan_nv_passenger_van_2012/1566.jpg	The car is parked.
../dataset/datasets/car/10shot/train/nissan_nv_passenger_van_2012/1561.jpg	A car is parked.
../dataset/datasets/car/10shot/train/nissan_juke_hatchback_2012/224.jpg	A car is parked at an angle, showcasing its front and side profile.
../dataset/datasets/car/10shot/train/nissan_juke_hatchback_2012/227.jpg	A car is parked under an overpass.
../dataset/datasets/car/10shot/train/nissan_juke_hatchback_2012/221.jpg	A car is displayed on a red platform, angled slightly towards the viewer.
../dataset/datasets/car/10shot/train/nissan_juke_hatchback_2012/225.jpg	A car is parked on a paved surface near water, angled slightly towards the viewer.
../dataset/datasets/car/10shot/train/nissan_juke_hatchback_2012/222.jpg	A car is driving on a road with a cityscape and palm trees in the background.
../dataset/datasets/car/10shot/train/nissan_juke_hatchback_2012/220.jpg	A car is parked on wet pavement, angled slightly towards the viewer.
../dataset/datasets/car/10shot/train/nissan_juke_hatchback_2012/223.jpg	A car is displayed on a red platform, angled slightly towards the front left.
../dataset/datasets/car/10shot/train/nissan_juke_hatchback_2012/229.jpg	A car is parked in front of a dealership.
../dataset/datasets/car/10shot/train/nissan_juke_hatchback_2012/226.jpg	A car is parked indoors, angled slightly towards the viewer.
../dataset/datasets/car/10shot/train/nissan_juke_hatchback_2012/228.jpg	A car is parked.
../dataset/datasets/car/10shot/train/nissan_240sx_coupe_1998/926.jpg	A car is being transported on a U-Haul trailer.
../dataset/datasets/car/10shot/train/nissan_240sx_coupe_1998/922.jpg	A car is parked on the road.
../dataset/datasets/car/10shot/train/nissan_240sx_coupe_1998/928.jpg	A car is parked on a lot.
../dataset/datasets/car/10shot/train/nissan_240sx_coupe_1998/923.jpg	A car is parked on a concrete surface.
../dataset/datasets/car/10shot/train/nissan_240sx_coupe_1998/920.jpg	A car is parked.
../dataset/datasets/car/10shot/train/nissan_240sx_coupe_1998/924.jpg	A car is parked on a driveway.
../dataset/datasets/car/10shot/train/nissan_240sx_coupe_1998/921.jpg	A car is parked on the street.
../dataset/datasets/car/10shot/train/nissan_240sx_coupe_1998/927.jpg	A car is parked on a driveway.
../dataset/datasets/car/10shot/train/nissan_240sx_coupe_1998/925.jpg	A car is parked on the street.
../dataset/datasets/car/10shot/train/nissan_240sx_coupe_1998/929.jpg	A car is parked on a road with a desert backdrop.
../dataset/datasets/car/10shot/train/plymouth_neon_coupe_1999/154.jpg	A car is parked with visible damage to its front end, including a broken windshield and dented hood.
../dataset/datasets/car/10shot/train/plymouth_neon_coupe_1999/152.jpg	A car parked on grass near a dirt path.
../dataset/datasets/car/10shot/train/plymouth_neon_coupe_1999/151.jpg	A car is parked in a lot.
../dataset/datasets/car/10shot/train/plymouth_neon_coupe_1999/156.jpg	A car is parked on snow.
../dataset/datasets/car/10shot/train/plymouth_neon_coupe_1999/150.jpg	a car parked in a parking space.
../dataset/datasets/car/10shot/train/plymouth_neon_coupe_1999/158.jpg	A car is parked on sandy ground.
../dataset/datasets/car/10shot/train/plymouth_neon_coupe_1999/159.jpg	A car is parked.
../dataset/datasets/car/10shot/train/plymouth_neon_coupe_1999/153.jpg	A car is parked diagonally.
../dataset/datasets/car/10shot/train/plymouth_neon_coupe_1999/155.jpg	A car parked on a driveway.
../dataset/datasets/car/10shot/train/plymouth_neon_coupe_1999/157.jpg	Stationary, parked.
../dataset/datasets/car/10shot/train/porsche_panamera_sedan_2012/419.jpg	A car is parked.
../dataset/datasets/car/10shot/train/porsche_panamera_sedan_2012/413.jpg	A car is parked on cobblestones.
../dataset/datasets/car/10shot/train/porsche_panamera_sedan_2012/416.jpg	A car is driving on a curve.
../dataset/datasets/car/10shot/train/porsche_panamera_sedan_2012/410.jpg	A car is parked on cobblestones, facing right.
../dataset/datasets/car/10shot/train/porsche_panamera_sedan_2012/412.jpg	A car is parked, facing forward.
../dataset/datasets/car/10shot/train/porsche_panamera_sedan_2012/411.jpg	A car is parked.
../dataset/datasets/car/10shot/train/porsche_panamera_sedan_2012/414.jpg	A car is parked on a dirt road with mountains and rocks in the background.
../dataset/datasets/car/10shot/train/porsche_panamera_sedan_2012/417.jpg	A car is parked on a tiled surface.
../dataset/datasets/car/10shot/train/porsche_panamera_sedan_2012/415.jpg	A car is parked.
../dataset/datasets/car/10shot/train/porsche_panamera_sedan_2012/418.jpg	A car is parked on a road near water.
../dataset/datasets/car/10shot/train/ram_c_v_cargo_van_minivan_2012/1036.jpg	A car is parked with its door open, facing slightly to the right.
../dataset/datasets/car/10shot/train/ram_c_v_cargo_van_minivan_2012/1032.jpg	A car with open doors and trunk.
../dataset/datasets/car/10shot/train/ram_c_v_cargo_van_minivan_2012/1031.jpg	A car is parked.
../dataset/datasets/car/10shot/train/ram_c_v_cargo_van_minivan_2012/1034.jpg	A car is parked in front of a dealership.
../dataset/datasets/car/10shot/train/ram_c_v_cargo_van_minivan_2012/1030.jpg	A car is parked.
../dataset/datasets/car/10shot/train/ram_c_v_cargo_van_minivan_2012/1038.jpg	A car is parked.
../dataset/datasets/car/10shot/train/ram_c_v_cargo_van_minivan_2012/1033.jpg	A car is parked with its doors open.
../dataset/datasets/car/10shot/train/ram_c_v_cargo_van_minivan_2012/1037.jpg	A car is parked on dry grass.
../dataset/datasets/car/10shot/train/ram_c_v_cargo_van_minivan_2012/1035.jpg	A car is parked.
../dataset/datasets/car/10shot/train/ram_c_v_cargo_van_minivan_2012/1039.jpg	A car is parked with its rear door open.
../dataset/datasets/car/10shot/train/rolls-royce_phantom_drophead_coupe_convertible_2012/720.jpg	A car is parked on a flat surface with its roof down, facing right.
../dataset/datasets/car/10shot/train/rolls-royce_phantom_drophead_coupe_convertible_2012/725.jpg	A car is parked on a driveway.
../dataset/datasets/car/10shot/train/rolls-royce_phantom_drophead_coupe_convertible_2012/728.jpg	A car is parked outside a building.
../dataset/datasets/car/10shot/train/rolls-royce_phantom_drophead_coupe_convertible_2012/722.jpg	A car is parked.
../dataset/datasets/car/10shot/train/rolls-royce_phantom_drophead_coupe_convertible_2012/727.jpg	A car is parked on display.
../dataset/datasets/car/10shot/train/rolls-royce_phantom_drophead_coupe_convertible_2012/726.jpg	A car is parked in front of a Rolls-Royce Motor Cars building.
../dataset/datasets/car/10shot/train/rolls-royce_phantom_drophead_coupe_convertible_2012/724.jpg	A car is parked on a driveway.
../dataset/datasets/car/10shot/train/rolls-royce_phantom_drophead_coupe_convertible_2012/721.jpg	A car is parked.
../dataset/datasets/car/10shot/train/rolls-royce_phantom_drophead_coupe_convertible_2012/723.jpg	A car is parked on the street.
../dataset/datasets/car/10shot/train/rolls-royce_phantom_drophead_coupe_convertible_2012/729.jpg	A car is parked on a paved area near water, with masts of sailboats visible in the background.
../dataset/datasets/car/10shot/train/rolls-royce_ghost_sedan_2012/1065.jpg	A car is parked with its rear facing the viewer.
../dataset/datasets/car/10shot/train/rolls-royce_ghost_sedan_2012/1061.jpg	A car is driving on a road.
../dataset/datasets/car/10shot/train/rolls-royce_ghost_sedan_2012/1064.jpg	A car is driving on a road.
../dataset/datasets/car/10shot/train/rolls-royce_ghost_sedan_2012/1066.jpg	A car is parked.
../dataset/datasets/car/10shot/train/rolls-royce_ghost_sedan_2012/1062.jpg	A car is parked indoors, facing slightly left.
../dataset/datasets/car/10shot/train/rolls-royce_ghost_sedan_2012/1067.jpg	A car is parked on display.
../dataset/datasets/car/10shot/train/rolls-royce_ghost_sedan_2012/1068.jpg	A car is parked with its door open.
../dataset/datasets/car/10shot/train/rolls-royce_ghost_sedan_2012/1063.jpg	A car is parked on a road, facing forward.
../dataset/datasets/car/10shot/train/rolls-royce_ghost_sedan_2012/1060.jpg	A car is parked straight-on, facing forward.
../dataset/datasets/car/10shot/train/rolls-royce_ghost_sedan_2012/1069.jpg	A car is parked facing forward with mountains in the background.
../dataset/datasets/car/10shot/train/rolls-royce_phantom_sedan_2012/405.jpg	A car is driving on a road with palm trees and a clear sky in the background.
../dataset/datasets/car/10shot/train/rolls-royce_phantom_sedan_2012/402.jpg	A car is parked with its front facing forward, connected to a charging cable.
../dataset/datasets/car/10shot/train/rolls-royce_phantom_sedan_2012/407.jpg	A car is parked in front of the Eiffel Tower.
../dataset/datasets/car/10shot/train/rolls-royce_phantom_sedan_2012/401.jpg	A car is parked.
../dataset/datasets/car/10shot/train/rolls-royce_phantom_sedan_2012/400.jpg	A car is parked.
../dataset/datasets/car/10shot/train/rolls-royce_phantom_sedan_2012/403.jpg	A car is parked indoors, facing left.
../dataset/datasets/car/10shot/train/rolls-royce_phantom_sedan_2012/404.jpg	a car parked on street
../dataset/datasets/car/10shot/train/rolls-royce_phantom_sedan_2012/406.jpg	A car is parked.
../dataset/datasets/car/10shot/train/rolls-royce_phantom_sedan_2012/408.jpg	A car is parked on flat terrain with mountains in the background.
../dataset/datasets/car/10shot/train/rolls-royce_phantom_sedan_2012/409.jpg	A car parked on sidewalk.
../dataset/datasets/car/10shot/train/scion_xd_hatchback_2012/933.jpg	A car is parked outside a garage.
../dataset/datasets/car/10shot/train/scion_xd_hatchback_2012/936.jpg	A car is parked at an angle, facing slightly left.
../dataset/datasets/car/10shot/train/scion_xd_hatchback_2012/931.jpg	A car is positioned at a slight angle, showcasing its front and side profile.
../dataset/datasets/car/10shot/train/scion_xd_hatchback_2012/938.jpg	A car is parked.
../dataset/datasets/car/10shot/train/scion_xd_hatchback_2012/935.jpg	A car parked on street.
../dataset/datasets/car/10shot/train/scion_xd_hatchback_2012/937.jpg	a car parked.
../dataset/datasets/car/10shot/train/scion_xd_hatchback_2012/932.jpg	A car is parked.
../dataset/datasets/car/10shot/train/scion_xd_hatchback_2012/939.jpg	A car is parked.
../dataset/datasets/car/10shot/train/scion_xd_hatchback_2012/934.jpg	A car is parked.
../dataset/datasets/car/10shot/train/scion_xd_hatchback_2012/930.jpg	A car is parked on a paved surface with a scenic backdrop.
../dataset/datasets/car/10shot/train/spyker_c8_convertible_2009/1045.jpg	A car is parked.
../dataset/datasets/car/10shot/train/spyker_c8_convertible_2009/1049.jpg	A car with gull-wing doors open.
../dataset/datasets/car/10shot/train/spyker_c8_convertible_2009/1040.jpg	A car is parked on a paved area with trees and houses in the background.
../dataset/datasets/car/10shot/train/spyker_c8_convertible_2009/1041.jpg	A car with doors open.
../dataset/datasets/car/10shot/train/spyker_c8_convertible_2009/1048.jpg	A car is parked indoors, facing left.
../dataset/datasets/car/10shot/train/spyker_c8_convertible_2009/1046.jpg	A car with doors open upwards.
../dataset/datasets/car/10shot/train/spyker_c8_convertible_2009/1044.jpg	A car is parked.
../dataset/datasets/car/10shot/train/spyker_c8_convertible_2009/1042.jpg	A car is parked.
../dataset/datasets/car/10shot/train/spyker_c8_convertible_2009/1047.jpg	A car is parked indoors, facing left.
../dataset/datasets/car/10shot/train/spyker_c8_convertible_2009/1043.jpg	A car with gull-wing doors open.
../dataset/datasets/car/10shot/train/spyker_c8_coupe_2009/262.jpg	A car is parked on a road with mountains in the background.
../dataset/datasets/car/10shot/train/spyker_c8_coupe_2009/269.jpg	A car with doors open.
../dataset/datasets/car/10shot/train/spyker_c8_coupe_2009/264.jpg	A car is displayed with its doors open, showcasing its interior.
../dataset/datasets/car/10shot/train/spyker_c8_coupe_2009/266.jpg	A car is parked on wet pavement, angled slightly towards the camera.
../dataset/datasets/car/10shot/train/spyker_c8_coupe_2009/260.jpg	A car with gull-wing doors open.
../dataset/datasets/car/10shot/train/spyker_c8_coupe_2009/263.jpg	A car with open doors.
../dataset/datasets/car/10shot/train/spyker_c8_coupe_2009/268.jpg	A car is speeding on a track.
../dataset/datasets/car/10shot/train/spyker_c8_coupe_2009/265.jpg	A car is parked.
../dataset/datasets/car/10shot/train/spyker_c8_coupe_2009/261.jpg	A car is driving on a road.
../dataset/datasets/car/10shot/train/spyker_c8_coupe_2009/267.jpg	A car is parked indoors, facing away from the camera.
../dataset/datasets/car/10shot/train/suzuki_aerio_sedan_2007/1639.jpg	A car is parked in a lot.
../dataset/datasets/car/10shot/train/suzuki_aerio_sedan_2007/1635.jpg	The car is parked.
../dataset/datasets/car/10shot/train/suzuki_aerio_sedan_2007/1630.jpg	A car is parked.
../dataset/datasets/car/10shot/train/suzuki_aerio_sedan_2007/1637.jpg	A car is parked on the side of the road.
../dataset/datasets/car/10shot/train/suzuki_aerio_sedan_2007/1634.jpg	A car is parked.
../dataset/datasets/car/10shot/train/suzuki_aerio_sedan_2007/1631.jpg	The car is parked.
../dataset/datasets/car/10shot/train/suzuki_aerio_sedan_2007/1632.jpg	A car is parked straight on.
../dataset/datasets/car/10shot/train/suzuki_aerio_sedan_2007/1638.jpg	A car is parked.
../dataset/datasets/car/10shot/train/suzuki_aerio_sedan_2007/1636.jpg	A car is parked on a wet surface with snow in the background.
../dataset/datasets/car/10shot/train/suzuki_aerio_sedan_2007/1633.jpg	A car is parked on the street.
../dataset/datasets/car/10shot/train/suzuki_kizashi_sedan_2012/1604.jpg	A car is parked on a paved area with trees and greenery in the background.
../dataset/datasets/car/10shot/train/suzuki_kizashi_sedan_2012/1609.jpg	A car is parked on grass near a sidewalk.
../dataset/datasets/car/10shot/train/suzuki_kizashi_sedan_2012/1600.jpg	A car parked on snowy roadside.
../dataset/datasets/car/10shot/train/suzuki_kizashi_sedan_2012/1608.jpg	A car is parked on a paved area near grass.
../dataset/datasets/car/10shot/train/suzuki_kizashi_sedan_2012/1601.jpg	A car is driving on a road.
../dataset/datasets/car/10shot/train/suzuki_kizashi_sedan_2012/1606.jpg	A car is parked on a road with a scenic background.
../dataset/datasets/car/10shot/train/suzuki_kizashi_sedan_2012/1602.jpg	A car is parked at an angle, showcasing its side profile.
../dataset/datasets/car/10shot/train/suzuki_kizashi_sedan_2012/1605.jpg	A car is parked.
../dataset/datasets/car/10shot/train/suzuki_kizashi_sedan_2012/1607.jpg	A car is parked on grass, facing forward.
../dataset/datasets/car/10shot/train/suzuki_kizashi_sedan_2012/1603.jpg	A car is navigating through cones on a track.
../dataset/datasets/car/10shot/train/suzuki_sx4_hatchback_2012/1189.jpg	A car is driving on a dirt road.
../dataset/datasets/car/10shot/train/suzuki_sx4_hatchback_2012/1187.jpg	A car is parked on the street.
../dataset/datasets/car/10shot/train/suzuki_sx4_hatchback_2012/1186.jpg	A car is driving on a road near water, with motion blur indicating speed.
../dataset/datasets/car/10shot/train/suzuki_sx4_hatchback_2012/1185.jpg	A car is driving on a road.
../dataset/datasets/car/10shot/train/suzuki_sx4_hatchback_2012/1183.jpg	A car is parked.
../dataset/datasets/car/10shot/train/suzuki_sx4_hatchback_2012/1184.jpg	A car is parked.
../dataset/datasets/car/10shot/train/suzuki_sx4_hatchback_2012/1188.jpg	A car is displayed with a bicycle mounted on its roof rack.
../dataset/datasets/car/10shot/train/suzuki_sx4_hatchback_2012/1182.jpg	a car parked.
../dataset/datasets/car/10shot/train/suzuki_sx4_hatchback_2012/1181.jpg	A car is parked on a paved surface with a grassy hill and sky in the background.
../dataset/datasets/car/10shot/train/suzuki_sx4_hatchback_2012/1180.jpg	A car is parked.
../dataset/datasets/car/10shot/train/suzuki_sx4_sedan_2012/240.jpg	A car is parked on a road.
../dataset/datasets/car/10shot/train/suzuki_sx4_sedan_2012/248.jpg	A car is parked on a paved surface with a clear sky and beach in the background.
../dataset/datasets/car/10shot/train/suzuki_sx4_sedan_2012/245.jpg	A car is parked on the side of the road.
../dataset/datasets/car/10shot/train/suzuki_sx4_sedan_2012/242.jpg	A car is parked.
../dataset/datasets/car/10shot/train/suzuki_sx4_sedan_2012/241.jpg	A car is displayed on a showroom floor with people around it.
../dataset/datasets/car/10shot/train/suzuki_sx4_sedan_2012/244.jpg	A car is parked on the street.
../dataset/datasets/car/10shot/train/suzuki_sx4_sedan_2012/247.jpg	A car is parked on a driveway.
../dataset/datasets/car/10shot/train/suzuki_sx4_sedan_2012/243.jpg	A car is shown from a front three-quarter angle, highlighting its grille and headlights.
../dataset/datasets/car/10shot/train/suzuki_sx4_sedan_2012/246.jpg	A car is parked at an angle.
../dataset/datasets/car/10shot/train/suzuki_sx4_sedan_2012/249.jpg	A car is parked on a wet road, facing forward.
../dataset/datasets/car/10shot/train/tesla_model_s_sedan_2012/1505.jpg	A car is parked on display at an auto show.
../dataset/datasets/car/10shot/train/tesla_model_s_sedan_2012/1500.jpg	A car is on display, angled slightly towards the left.
../dataset/datasets/car/10shot/train/tesla_model_s_sedan_2012/1507.jpg	A car is parked, facing forward.
../dataset/datasets/car/10shot/train/tesla_model_s_sedan_2012/1509.jpg	A car is parked on a factory floor.
../dataset/datasets/car/10shot/train/tesla_model_s_sedan_2012/1506.jpg	A car is driving on a road.
../dataset/datasets/car/10shot/train/tesla_model_s_sedan_2012/1502.jpg	A car is shown in a side profile with dimensions labeled.
../dataset/datasets/car/10shot/train/tesla_model_s_sedan_2012/1508.jpg	A car is parked in front of a Tesla building.
../dataset/datasets/car/10shot/train/tesla_model_s_sedan_2012/1501.jpg	A car is parked on a concrete surface.
../dataset/datasets/car/10shot/train/tesla_model_s_sedan_2012/1504.jpg	A car is parked on display.
../dataset/datasets/car/10shot/train/tesla_model_s_sedan_2012/1503.jpg	A car is displayed on a platform with a black cloth underneath, surrounded by people.
../dataset/datasets/car/10shot/train/toyota_sequoia_suv_2012/110.jpg	A car is parked.
../dataset/datasets/car/10shot/train/toyota_sequoia_suv_2012/116.jpg	A car parked on street.
../dataset/datasets/car/10shot/train/toyota_sequoia_suv_2012/118.jpg	A car is parked.
../dataset/datasets/car/10shot/train/toyota_sequoia_suv_2012/119.jpg	A car is parked.
../dataset/datasets/car/10shot/train/toyota_sequoia_suv_2012/114.jpg	A car is parked on a driveway.
../dataset/datasets/car/10shot/train/toyota_sequoia_suv_2012/112.jpg	A car is driving on a road.
../dataset/datasets/car/10shot/train/toyota_sequoia_suv_2012/117.jpg	A car is parked.
../dataset/datasets/car/10shot/train/toyota_sequoia_suv_2012/115.jpg	A car is parked.
../dataset/datasets/car/10shot/train/toyota_sequoia_suv_2012/111.jpg	A car is parked on a road with trees in the background.
../dataset/datasets/car/10shot/train/toyota_sequoia_suv_2012/113.jpg	A car is parked.
../dataset/datasets/car/10shot/train/toyota_camry_sedan_2012/531.jpg	A car is parked in an empty parking garage.
../dataset/datasets/car/10shot/train/toyota_camry_sedan_2012/537.jpg	A car is parked on a street.
../dataset/datasets/car/10shot/train/toyota_camry_sedan_2012/534.jpg	A car is driving on a road.
../dataset/datasets/car/10shot/train/toyota_camry_sedan_2012/538.jpg	A car is parked.
../dataset/datasets/car/10shot/train/toyota_camry_sedan_2012/535.jpg	A car is parked in a dealership lot.
../dataset/datasets/car/10shot/train/toyota_camry_sedan_2012/532.jpg	A car is parked.
../dataset/datasets/car/10shot/train/toyota_camry_sedan_2012/530.jpg	A car is parked.
../dataset/datasets/car/10shot/train/toyota_camry_sedan_2012/536.jpg	A car is parked in a lot.
../dataset/datasets/car/10shot/train/toyota_camry_sedan_2012/539.jpg	A car is driving on a road.
../dataset/datasets/car/10shot/train/toyota_camry_sedan_2012/533.jpg	A car is parked indoors, facing forward.
../dataset/datasets/car/10shot/train/toyota_corolla_sedan_2012/620.jpg	A car is parked.
../dataset/datasets/car/10shot/train/toyota_corolla_sedan_2012/626.jpg	A car is parked on a driveway, facing slightly to the right.
../dataset/datasets/car/10shot/train/toyota_corolla_sedan_2012/622.jpg	A car is parked on a grassy slope.
../dataset/datasets/car/10shot/train/toyota_corolla_sedan_2012/621.jpg	A car is parked on the street.
../dataset/datasets/car/10shot/train/toyota_corolla_sedan_2012/628.jpg	A car is parked on a driveway.
../dataset/datasets/car/10shot/train/toyota_corolla_sedan_2012/625.jpg	A car is parked with its rear facing the viewer.
../dataset/datasets/car/10shot/train/toyota_corolla_sedan_2012/627.jpg	A car is parked on gravel.
../dataset/datasets/car/10shot/train/toyota_corolla_sedan_2012/629.jpg	A car is parked at an angle, showcasing its rear and side profile.
../dataset/datasets/car/10shot/train/toyota_corolla_sedan_2012/624.jpg	a car parked.
../dataset/datasets/car/10shot/train/toyota_corolla_sedan_2012/623.jpg	A car is parked.
../dataset/datasets/car/10shot/train/toyota_4runner_suv_2012/1208.jpg	A car is parked on a paved surface with mountains in the background.
../dataset/datasets/car/10shot/train/toyota_4runner_suv_2012/1204.jpg	A car is driving on a road.
../dataset/datasets/car/10shot/train/toyota_4runner_suv_2012/1203.jpg	A car is parked.
../dataset/datasets/car/10shot/train/toyota_4runner_suv_2012/1205.jpg	A car is driving on a road.
../dataset/datasets/car/10shot/train/toyota_4runner_suv_2012/1200.jpg	A car is parked.
../dataset/datasets/car/10shot/train/toyota_4runner_suv_2012/1207.jpg	A car is parked on a mountain road, facing right.
../dataset/datasets/car/10shot/train/toyota_4runner_suv_2012/1201.jpg	A car is parked on a dirt road.
../dataset/datasets/car/10shot/train/toyota_4runner_suv_2012/1206.jpg	A car is driving on a dirt road, kicking up dust.
../dataset/datasets/car/10shot/train/toyota_4runner_suv_2012/1202.jpg	A car is parked indoors, facing forward with headlights on.
../dataset/datasets/car/10shot/train/toyota_4runner_suv_2012/1209.jpg	A car is parked.
../dataset/datasets/car/10shot/train/volkswagen_golf_hatchback_2012/516.jpg	A car is parked at an angle, facing slightly left.
../dataset/datasets/car/10shot/train/volkswagen_golf_hatchback_2012/512.jpg	A car is parked.
../dataset/datasets/car/10shot/train/volkswagen_golf_hatchback_2012/519.jpg	A car is parked.
../dataset/datasets/car/10shot/train/volkswagen_golf_hatchback_2012/511.jpg	A car is parked.
../dataset/datasets/car/10shot/train/volkswagen_golf_hatchback_2012/518.jpg	A car is parked straight-on.
../dataset/datasets/car/10shot/train/volkswagen_golf_hatchback_2012/514.jpg	A car is parked indoors, facing slightly left.
../dataset/datasets/car/10shot/train/volkswagen_golf_hatchback_2012/513.jpg	A car is driving on a road.
../dataset/datasets/car/10shot/train/volkswagen_golf_hatchback_2012/517.jpg	A car is parked on the street.
../dataset/datasets/car/10shot/train/volkswagen_golf_hatchback_2012/510.jpg	A car is parked.
../dataset/datasets/car/10shot/train/volkswagen_golf_hatchback_2012/515.jpg	A car is parked.
../dataset/datasets/car/10shot/train/volkswagen_golf_hatchback_1991/373.jpg	a car parked on street
../dataset/datasets/car/10shot/train/volkswagen_golf_hatchback_1991/371.jpg	A car is parked on a cobblestone street.
../dataset/datasets/car/10shot/train/volkswagen_golf_hatchback_1991/378.jpg	A car is parked on the side of a road.
../dataset/datasets/car/10shot/train/volkswagen_golf_hatchback_1991/377.jpg	A car is parked on a road with a scenic background.
../dataset/datasets/car/10shot/train/volkswagen_golf_hatchback_1991/376.jpg	A car is parked on a cobblestone street.
../dataset/datasets/car/10shot/train/volkswagen_golf_hatchback_1991/372.jpg	A car parked on gravel, facing forward.
../dataset/datasets/car/10shot/train/volkswagen_golf_hatchback_1991/379.jpg	A car parked on driveway.
../dataset/datasets/car/10shot/train/volkswagen_golf_hatchback_1991/370.jpg	A car parked on grass.
../dataset/datasets/car/10shot/train/volkswagen_golf_hatchback_1991/374.jpg	A car with its hood open, parked indoors.
../dataset/datasets/car/10shot/train/volkswagen_golf_hatchback_1991/375.jpg	A car is parked.
../dataset/datasets/car/10shot/train/volkswagen_beetle_hatchback_2012/172.jpg	A car is parked.
../dataset/datasets/car/10shot/train/volkswagen_beetle_hatchback_2012/170.jpg	A car is parked.
../dataset/datasets/car/10shot/train/volkswagen_beetle_hatchback_2012/175.jpg	A car is parked.
../dataset/datasets/car/10shot/train/volkswagen_beetle_hatchback_2012/174.jpg	A car is driving on a city street.
../dataset/datasets/car/10shot/train/volkswagen_beetle_hatchback_2012/171.jpg	A car is driving on a road.
../dataset/datasets/car/10shot/train/volkswagen_beetle_hatchback_2012/176.jpg	A car is parked on display, facing slightly to the left.
../dataset/datasets/car/10shot/train/volkswagen_beetle_hatchback_2012/179.jpg	A car is displayed at an angle, showcasing its front and side profile.
../dataset/datasets/car/10shot/train/volkswagen_beetle_hatchback_2012/173.jpg	A car is parked.
../dataset/datasets/car/10shot/train/volkswagen_beetle_hatchback_2012/177.jpg	A car is driving on a road.
../dataset/datasets/car/10shot/train/volkswagen_beetle_hatchback_2012/178.jpg	A car is parked.
../dataset/datasets/car/10shot/train/volvo_c30_hatchback_2012/147.jpg	A car is driving on a winding coastal road.
../dataset/datasets/car/10shot/train/volvo_c30_hatchback_2012/148.jpg	A car is parked.
../dataset/datasets/car/10shot/train/volvo_c30_hatchback_2012/145.jpg	A car is on display, angled slightly towards the front left.
../dataset/datasets/car/10shot/train/volvo_c30_hatchback_2012/146.jpg	A car is parked.
../dataset/datasets/car/10shot/train/volvo_c30_hatchback_2012/143.jpg	A car with open doors.
../dataset/datasets/car/10shot/train/volvo_c30_hatchback_2012/141.jpg	A car is parked, facing slightly to the left.
../dataset/datasets/car/10shot/train/volvo_c30_hatchback_2012/144.jpg	A car is driving on snow.
../dataset/datasets/car/10shot/train/volvo_c30_hatchback_2012/149.jpg	A car is parked on a red carpet.
../dataset/datasets/car/10shot/train/volvo_c30_hatchback_2012/140.jpg	A car is parked.
../dataset/datasets/car/10shot/train/volvo_c30_hatchback_2012/142.jpg	A car is parked.
../dataset/datasets/car/10shot/train/volvo_240_sedan_1993/234.jpg	Stationary parked.
../dataset/datasets/car/10shot/train/volvo_240_sedan_1993/235.jpg	A car is parked on the side of the road.
../dataset/datasets/car/10shot/train/volvo_240_sedan_1993/236.jpg	A car is parked diagonally in a parking space.
../dataset/datasets/car/10shot/train/volvo_240_sedan_1993/238.jpg	A car is parked on snow-covered ground.
../dataset/datasets/car/10shot/train/volvo_240_sedan_1993/233.jpg	A car is parked on the street.
../dataset/datasets/car/10shot/train/volvo_240_sedan_1993/230.jpg	A car is parked on the street.
../dataset/datasets/car/10shot/train/volvo_240_sedan_1993/237.jpg	A car is driving on a road.
../dataset/datasets/car/10shot/train/volvo_240_sedan_1993/231.jpg	A car parked on a paved surface.
../dataset/datasets/car/10shot/train/volvo_240_sedan_1993/232.jpg	A car is parked on the side of the road.
../dataset/datasets/car/10shot/train/volvo_240_sedan_1993/239.jpg	A car is parked on gravel.
../dataset/datasets/car/10shot/train/volvo_xc90_suv_2007/1318.jpg	A car is parked.
../dataset/datasets/car/10shot/train/volvo_xc90_suv_2007/1310.jpg	A car is driving on a coastal road.
../dataset/datasets/car/10shot/train/volvo_xc90_suv_2007/1311.jpg	A car is parked.
../dataset/datasets/car/10shot/train/volvo_xc90_suv_2007/1314.jpg	A car is parked.
../dataset/datasets/car/10shot/train/volvo_xc90_suv_2007/1316.jpg	A car is parked on grass.
../dataset/datasets/car/10shot/train/volvo_xc90_suv_2007/1315.jpg	A car is parked on gravel, angled slightly towards the right.
../dataset/datasets/car/10shot/train/volvo_xc90_suv_2007/1312.jpg	A car is parked.
../dataset/datasets/car/10shot/train/volvo_xc90_suv_2007/1317.jpg	A car is parked in front of a dealership.
../dataset/datasets/car/10shot/train/volvo_xc90_suv_2007/1313.jpg	A car is parked.
../dataset/datasets/car/10shot/train/volvo_xc90_suv_2007/1319.jpg	A car is parked.
../dataset/datasets/car/10shot/train/smart_fortwo_convertible_2012/1341.jpg	A car is parked with its convertible top down.
../dataset/datasets/car/10shot/train/smart_fortwo_convertible_2012/1345.jpg	A car is parked on a paved surface with its front facing left.
../dataset/datasets/car/10shot/train/smart_fortwo_convertible_2012/1344.jpg	A car is parked.
../dataset/datasets/car/10shot/train/smart_fortwo_convertible_2012/1342.jpg	A car is parked on a paved area near a marina.
../dataset/datasets/car/10shot/train/smart_fortwo_convertible_2012/1348.jpg	A car is parked.
../dataset/datasets/car/10shot/train/smart_fortwo_convertible_2012/1347.jpg	A car is parked.
../dataset/datasets/car/10shot/train/smart_fortwo_convertible_2012/1340.jpg	A car is driving on a road with motion blur.
../dataset/datasets/car/10shot/train/smart_fortwo_convertible_2012/1343.jpg	A car is parked with its doors open.
../dataset/datasets/car/10shot/train/smart_fortwo_convertible_2012/1349.jpg	A car is parked with its convertible top raised.
../dataset/datasets/car/10shot/train/smart_fortwo_convertible_2012/1346.jpg	A car is driving on a road.