image	response
../dataset/datasets/imb_flower_0.05/train/pink_primrose/1217.jpg	Green foliage.
../dataset/datasets/imb_flower_0.05/train/pink_primrose/1216.jpg	Green foliage, blurred background.
../dataset/datasets/imb_flower_0.05/train/hard-leaved_pocket_orchid/1083.jpg	Green plants, blurred background.
../dataset/datasets/imb_flower_0.05/train/hard-leaved_pocket_orchid/1078.jpg	The background is blurred green foliage.
../dataset/datasets/imb_flower_0.05/train/hard-leaved_pocket_orchid/1084.jpg	The background is black.
../dataset/datasets/imb_flower_0.05/train/hard-leaved_pocket_orchid/1082.jpg	The background is dark and blurred.
../dataset/datasets/imb_flower_0.05/train/hard-leaved_pocket_orchid/1080.jpg	The background is black.
../dataset/datasets/imb_flower_0.05/train/hard-leaved_pocket_orchid/1079.jpg	The background is plain white.
../dataset/datasets/imb_flower_0.05/train/hard-leaved_pocket_orchid/1081.jpg	The background is black.
../dataset/datasets/imb_flower_0.05/train/canterbury_bells/1218.jpg	A flower with purple bell-shaped blooms, green stems, and blurred foliage in the background.
../dataset/datasets/imb_flower_0.05/train/canterbury_bells/1219.jpg	A flower with blurred trees and greenery.
../dataset/datasets/imb_flower_0.05/train/sweet_pea/1124.jpg	The background is blurred green foliage.
../dataset/datasets/imb_flower_0.05/train/sweet_pea/1125.jpg	Green foliage.
../dataset/datasets/imb_flower_0.05/train/sweet_pea/1122.jpg	The background is a soft, light sky.
../dataset/datasets/imb_flower_0.05/train/sweet_pea/1126.jpg	Green leaves surround a flower.
../dataset/datasets/imb_flower_0.05/train/sweet_pea/1123.jpg	The background is plain and neutral.
../dataset/datasets/imb_flower_0.05/train/english_marigold/1045.jpg	The background is green and blurred with other flowers.
../dataset/datasets/imb_flower_0.05/train/english_marigold/1041.jpg	The background is blurred with greenery and soil.
../dataset/datasets/imb_flower_0.05/train/english_marigold/1048.jpg	Green grass and blurred yellow flowers.
../dataset/datasets/imb_flower_0.05/train/english_marigold/1046.jpg	Green leaves, blurred background.
../dataset/datasets/imb_flower_0.05/train/english_marigold/1044.jpg	Dark green, blurred.
../dataset/datasets/imb_flower_0.05/train/english_marigold/1042.jpg	Green leaves.
../dataset/datasets/imb_flower_0.05/train/english_marigold/1047.jpg	Dark green foliage.
../dataset/datasets/imb_flower_0.05/train/english_marigold/1043.jpg	Green leaves, blurred.
../dataset/datasets/imb_flower_0.05/train/tiger_lily/1203.jpg	A flower with orange petals and black spots, surrounded by green leaves, set against a dark wooden fence and white wall.
../dataset/datasets/imb_flower_0.05/train/tiger_lily/1201.jpg	Green foliage, blurred background.
../dataset/datasets/imb_flower_0.05/train/tiger_lily/1202.jpg	Green grass.
../dataset/datasets/imb_flower_0.05/train/moon_orchid/1220.jpg	The background is dark.
../dataset/datasets/imb_flower_0.05/train/moon_orchid/1221.jpg	Dark, blurred background.
../dataset/datasets/imb_flower_0.05/train/bird_of_paradise/827.jpg	Green leaves.
../dataset/datasets/imb_flower_0.05/train/bird_of_paradise/817.jpg	Blurred green foliage.
../dataset/datasets/imb_flower_0.05/train/bird_of_paradise/828.jpg	Green grass and yellow flowers.
../dataset/datasets/imb_flower_0.05/train/bird_of_paradise/825.jpg	Green leaves, blurred background.
../dataset/datasets/imb_flower_0.05/train/bird_of_paradise/822.jpg	The background is lush with green foliage and trees.
../dataset/datasets/imb_flower_0.05/train/bird_of_paradise/820.jpg	The background includes green foliage and a building with a red roof.
../dataset/datasets/imb_flower_0.05/train/bird_of_paradise/818.jpg	The background is dark.
../dataset/datasets/imb_flower_0.05/train/bird_of_paradise/819.jpg	Blurred green and brown.
../dataset/datasets/imb_flower_0.05/train/bird_of_paradise/829.jpg	Green leaves and stems.
../dataset/datasets/imb_flower_0.05/train/bird_of_paradise/821.jpg	Green, blurred grass.
../dataset/datasets/imb_flower_0.05/train/bird_of_paradise/826.jpg	Green foliage, blurred.
../dataset/datasets/imb_flower_0.05/train/bird_of_paradise/830.jpg	The background is blurred green foliage.
../dataset/datasets/imb_flower_0.05/train/bird_of_paradise/824.jpg	Green leaves and blurred background.
../dataset/datasets/imb_flower_0.05/train/bird_of_paradise/823.jpg	Green leaves, brick building.
../dataset/datasets/imb_flower_0.05/train/bird_of_paradise/831.jpg	The background is black.
../dataset/datasets/imb_flower_0.05/train/monkshood/1193.jpg	The background is green and blurred.
../dataset/datasets/imb_flower_0.05/train/monkshood/1192.jpg	Green, blurred leaves.
../dataset/datasets/imb_flower_0.05/train/monkshood/1194.jpg	The background is green foliage.
../dataset/datasets/imb_flower_0.05/train/globe_thistle/1204.jpg	Blurred green foliage.
../dataset/datasets/imb_flower_0.05/train/globe_thistle/1205.jpg	Green, blurred background.
../dataset/datasets/imb_flower_0.05/train/globe_thistle/1206.jpg	Blurred, out-of-focus green and brown.
../dataset/datasets/imb_flower_0.05/train/snapdragon/771.jpg	Green foliage.
../dataset/datasets/imb_flower_0.05/train/snapdragon/770.jpg	The background is soft and blurred, with muted colors.
../dataset/datasets/imb_flower_0.05/train/snapdragon/782.jpg	The background is green foliage.
../dataset/datasets/imb_flower_0.05/train/snapdragon/776.jpg	Green grass and trees.
../dataset/datasets/imb_flower_0.05/train/snapdragon/781.jpg	The background is blurred, with hints of green and brown.
../dataset/datasets/imb_flower_0.05/train/snapdragon/773.jpg	The background is green foliage and soil.
../dataset/datasets/imb_flower_0.05/train/snapdragon/777.jpg	The background is green foliage.
../dataset/datasets/imb_flower_0.05/train/snapdragon/785.jpg	The background is blurred green foliage.
../dataset/datasets/imb_flower_0.05/train/snapdragon/778.jpg	Green foliage, blurred background.
../dataset/datasets/imb_flower_0.05/train/snapdragon/780.jpg	Green foliage.
../dataset/datasets/imb_flower_0.05/train/snapdragon/783.jpg	The background is dark.
../dataset/datasets/imb_flower_0.05/train/snapdragon/774.jpg	Green leaves and blurred background.
../dataset/datasets/imb_flower_0.05/train/snapdragon/772.jpg	The background is green foliage.
../dataset/datasets/imb_flower_0.05/train/snapdragon/779.jpg	Dark green foliage.
../dataset/datasets/imb_flower_0.05/train/snapdragon/784.jpg	Dark green, blurred.
../dataset/datasets/imb_flower_0.05/train/snapdragon/775.jpg	The background is blurred with earthy tones.
../dataset/datasets/imb_flower_0.05/train/colt's_foot/794.jpg	The background is dry, brown grass.
../dataset/datasets/imb_flower_0.05/train/colt's_foot/800.jpg	The background is blurred greenery.
../dataset/datasets/imb_flower_0.05/train/colt's_foot/798.jpg	Blurred green.
../dataset/datasets/imb_flower_0.05/train/colt's_foot/786.jpg	Brown leaves.
../dataset/datasets/imb_flower_0.05/train/colt's_foot/787.jpg	Blurred, natural setting.
../dataset/datasets/imb_flower_0.05/train/colt's_foot/789.jpg	The background is blurred with green and brown tones.
../dataset/datasets/imb_flower_0.05/train/colt's_foot/801.jpg	Blurred green and brown.
../dataset/datasets/imb_flower_0.05/train/colt's_foot/792.jpg	The background is blurred with earthy tones.
../dataset/datasets/imb_flower_0.05/train/colt's_foot/788.jpg	The background is blurred, with muted earth tones and hints of green.
../dataset/datasets/imb_flower_0.05/train/colt's_foot/797.jpg	The background is dry grass and soil.
../dataset/datasets/imb_flower_0.05/train/colt's_foot/791.jpg	The background is blurred, with hints of green and brown.
../dataset/datasets/imb_flower_0.05/train/colt's_foot/790.jpg	The background is blurred with earthy tones and dried leaves.
../dataset/datasets/imb_flower_0.05/train/colt's_foot/796.jpg	The background is blurred, with muted browns and grays.
../dataset/datasets/imb_flower_0.05/train/colt's_foot/795.jpg	The background is rocky and earthy.
../dataset/datasets/imb_flower_0.05/train/colt's_foot/793.jpg	The background is blurred, dark, and out of focus.
../dataset/datasets/imb_flower_0.05/train/colt's_foot/799.jpg	Brown leaves and twigs.
../dataset/datasets/imb_flower_0.05/train/king_protea/1171.jpg	The background is a clear blue sky.
../dataset/datasets/imb_flower_0.05/train/king_protea/1169.jpg	Dark and blurred.
../dataset/datasets/imb_flower_0.05/train/king_protea/1168.jpg	A flower is set against a backdrop of rolling hills and greenery.
../dataset/datasets/imb_flower_0.05/train/king_protea/1170.jpg	The background is green and blurred.
../dataset/datasets/imb_flower_0.05/train/spear_thistle/1173.jpg	The background is dark.
../dataset/datasets/imb_flower_0.05/train/spear_thistle/1175.jpg	Blurred, earthy tones.
../dataset/datasets/imb_flower_0.05/train/spear_thistle/1174.jpg	Green foliage.
../dataset/datasets/imb_flower_0.05/train/spear_thistle/1172.jpg	The background is black.
../dataset/datasets/imb_flower_0.05/train/yellow_iris/1179.jpg	Green leaves and dark background.
../dataset/datasets/imb_flower_0.05/train/yellow_iris/1177.jpg	Green leaves and blurred background.
../dataset/datasets/imb_flower_0.05/train/yellow_iris/1178.jpg	Green grass.
../dataset/datasets/imb_flower_0.05/train/yellow_iris/1176.jpg	Green foliage.
../dataset/datasets/imb_flower_0.05/train/globe-flower/1223.jpg	The background is blurred green.
../dataset/datasets/imb_flower_0.05/train/globe-flower/1222.jpg	The background is blurred green foliage.
../dataset/datasets/imb_flower_0.05/train/purple_coneflower/841.jpg	A flower against a blue sky with white clouds.
../dataset/datasets/imb_flower_0.05/train/purple_coneflower/838.jpg	Green, blurred foliage.
../dataset/datasets/imb_flower_0.05/train/purple_coneflower/836.jpg	Green leaves and sunlight.
../dataset/datasets/imb_flower_0.05/train/purple_coneflower/832.jpg	The background is green and blurred.
../dataset/datasets/imb_flower_0.05/train/purple_coneflower/844.jpg	Blurred greenery and yellow flowers.
../dataset/datasets/imb_flower_0.05/train/purple_coneflower/835.jpg	Green grass and blurred foliage.
../dataset/datasets/imb_flower_0.05/train/purple_coneflower/837.jpg	The background consists of green foliage and soil.
../dataset/datasets/imb_flower_0.05/train/purple_coneflower/840.jpg	The background is blurred with greenery and a pole.
../dataset/datasets/imb_flower_0.05/train/purple_coneflower/843.jpg	Blurred green.
../dataset/datasets/imb_flower_0.05/train/purple_coneflower/839.jpg	Blurred greenery and sunlight.
../dataset/datasets/imb_flower_0.05/train/purple_coneflower/833.jpg	Green leaves, brown soil.
../dataset/datasets/imb_flower_0.05/train/purple_coneflower/834.jpg	Green leaves, blurred background.
../dataset/datasets/imb_flower_0.05/train/purple_coneflower/845.jpg	Wooden fence.
../dataset/datasets/imb_flower_0.05/train/purple_coneflower/842.jpg	The background is blurred with green and pink hues.
../dataset/datasets/imb_flower_0.05/train/peruvian_lily/884.jpg	Green, blurred, natural.
../dataset/datasets/imb_flower_0.05/train/peruvian_lily/878.jpg	Green foliage.
../dataset/datasets/imb_flower_0.05/train/peruvian_lily/881.jpg	Green foliage.
../dataset/datasets/imb_flower_0.05/train/peruvian_lily/882.jpg	A flower against a brick wall.
../dataset/datasets/imb_flower_0.05/train/peruvian_lily/879.jpg	The background is dark and blurred.
../dataset/datasets/imb_flower_0.05/train/peruvian_lily/876.jpg	The background is blurred green and blue.
../dataset/datasets/imb_flower_0.05/train/peruvian_lily/875.jpg	Green leaves and blurred background.
../dataset/datasets/imb_flower_0.05/train/peruvian_lily/873.jpg	Green leaves and blurred background.
../dataset/datasets/imb_flower_0.05/train/peruvian_lily/883.jpg	Green foliage.
../dataset/datasets/imb_flower_0.05/train/peruvian_lily/874.jpg	Green foliage.
../dataset/datasets/imb_flower_0.05/train/peruvian_lily/880.jpg	Dark and blurred.
../dataset/datasets/imb_flower_0.05/train/peruvian_lily/885.jpg	The background is blurred, with soft pink hues.
../dataset/datasets/imb_flower_0.05/train/peruvian_lily/877.jpg	The background is blurred, with soft pink and green hues.
../dataset/datasets/imb_flower_0.05/train/balloon_flower/1182.jpg	Green leaves and soil.
../dataset/datasets/imb_flower_0.05/train/balloon_flower/1181.jpg	Green leaves and blurred background.
../dataset/datasets/imb_flower_0.05/train/balloon_flower/1180.jpg	Green leaves, blurred background.
../dataset/datasets/imb_flower_0.05/train/giant_white_arum_lily/1129.jpg	The background features green foliage and small purple flowers.
../dataset/datasets/imb_flower_0.05/train/giant_white_arum_lily/1130.jpg	Dark green leaves.
../dataset/datasets/imb_flower_0.05/train/giant_white_arum_lily/1128.jpg	Dark soil and green leaves.
../dataset/datasets/imb_flower_0.05/train/giant_white_arum_lily/1131.jpg	Blurred greenery and bokeh light.
../dataset/datasets/imb_flower_0.05/train/giant_white_arum_lily/1127.jpg	Green leaves.
../dataset/datasets/imb_flower_0.05/train/fire_lily/1224.jpg	Blurred green leaves.
../dataset/datasets/imb_flower_0.05/train/fire_lily/1225.jpg	The background is blurred with greenery and soil.
../dataset/datasets/imb_flower_0.05/train/pincushion_flower/1099.jpg	Green and blurred.
../dataset/datasets/imb_flower_0.05/train/pincushion_flower/1101.jpg	Green leaves and blurred background.
../dataset/datasets/imb_flower_0.05/train/pincushion_flower/1103.jpg	A flower against a teal background.
../dataset/datasets/imb_flower_0.05/train/pincushion_flower/1100.jpg	Green leaves and blurred background.
../dataset/datasets/imb_flower_0.05/train/pincushion_flower/1098.jpg	The background is dark.
../dataset/datasets/imb_flower_0.05/train/pincushion_flower/1102.jpg	A flower against a blue sky with white clouds and green grass.
../dataset/datasets/imb_flower_0.05/train/fritillary/747.jpg	A flower with blurred greenery and purple flowers in the background.
../dataset/datasets/imb_flower_0.05/train/fritillary/752.jpg	Green foliage, blurred background.
../dataset/datasets/imb_flower_0.05/train/fritillary/746.jpg	Green grass.
../dataset/datasets/imb_flower_0.05/train/fritillary/743.jpg	The background is blurred greenery and rocks.
../dataset/datasets/imb_flower_0.05/train/fritillary/740.jpg	The background is blurred greenery and rocks.
../dataset/datasets/imb_flower_0.05/train/fritillary/744.jpg	Green, blurred background.
../dataset/datasets/imb_flower_0.05/train/fritillary/741.jpg	Blurred, earthy tones.
../dataset/datasets/imb_flower_0.05/train/fritillary/748.jpg	Blurred green foliage.
../dataset/datasets/imb_flower_0.05/train/fritillary/750.jpg	The background is dark and blurred, possibly a fence or wall.
../dataset/datasets/imb_flower_0.05/train/fritillary/749.jpg	Blurred green field.
../dataset/datasets/imb_flower_0.05/train/fritillary/739.jpg	The background is blurred green.
../dataset/datasets/imb_flower_0.05/train/fritillary/736.jpg	Green, blurred, natural.
../dataset/datasets/imb_flower_0.05/train/fritillary/737.jpg	Green, blurred, natural.
../dataset/datasets/imb_flower_0.05/train/fritillary/745.jpg	The background is blurred, with green stems and brown soil.
../dataset/datasets/imb_flower_0.05/train/fritillary/751.jpg	Blurred green and brown.
../dataset/datasets/imb_flower_0.05/train/fritillary/742.jpg	A flower with a blurred, light background.
../dataset/datasets/imb_flower_0.05/train/fritillary/738.jpg	Blurred green and purple.
../dataset/datasets/imb_flower_0.05/train/red_ginger/1210.jpg	Green leaves.
../dataset/datasets/imb_flower_0.05/train/red_ginger/1211.jpg	The background is grassy and blurred.
../dataset/datasets/imb_flower_0.05/train/grape_hyacinth/1227.jpg	Blurred green and brown.
../dataset/datasets/imb_flower_0.05/train/grape_hyacinth/1226.jpg	Green leaves and blurred background.
../dataset/datasets/imb_flower_0.05/train/corn_poppy/1228.jpg	A flower is surrounded by green foliage and blurred yellow flowers.
../dataset/datasets/imb_flower_0.05/train/corn_poppy/1229.jpg	The background is blurred, with earthy tones and greenery.
../dataset/datasets/imb_flower_0.05/train/prince_of_wales_feathers/1230.jpg	The background is blurred with green foliage and other flowers.
../dataset/datasets/imb_flower_0.05/train/prince_of_wales_feathers/1231.jpg	The background is green foliage.
../dataset/datasets/imb_flower_0.05/train/stemless_gentian/983.jpg	Green foliage, rocky ground.
../dataset/datasets/imb_flower_0.05/train/stemless_gentian/985.jpg	Green grass and soil.
../dataset/datasets/imb_flower_0.05/train/stemless_gentian/978.jpg	The background consists of rocks and soil.
../dataset/datasets/imb_flower_0.05/train/stemless_gentian/979.jpg	The background is green and blurred.
../dataset/datasets/imb_flower_0.05/train/stemless_gentian/982.jpg	The background is green and blurred, with white flowers.
../dataset/datasets/imb_flower_0.05/train/stemless_gentian/980.jpg	The background is rocky and green.
../dataset/datasets/imb_flower_0.05/train/stemless_gentian/981.jpg	A flower is surrounded by rocks and soil.
../dataset/datasets/imb_flower_0.05/train/stemless_gentian/986.jpg	The background consists of grass and small plants.
../dataset/datasets/imb_flower_0.05/train/stemless_gentian/984.jpg	Green foliage and blurred background.
../dataset/datasets/imb_flower_0.05/train/stemless_gentian/987.jpg	The background is grassy and earthy.
../dataset/datasets/imb_flower_0.05/train/artichoke/919.jpg	A flower with green foliage and red flowers behind it.
../dataset/datasets/imb_flower_0.05/train/artichoke/911.jpg	Green leaves and soil.
../dataset/datasets/imb_flower_0.05/train/artichoke/922.jpg	Green foliage, blurred grass.
../dataset/datasets/imb_flower_0.05/train/artichoke/916.jpg	Dry, brown grass.
../dataset/datasets/imb_flower_0.05/train/artichoke/918.jpg	The background is green foliage.
../dataset/datasets/imb_flower_0.05/train/artichoke/917.jpg	The background is blurred green.
../dataset/datasets/imb_flower_0.05/train/artichoke/915.jpg	Green grass.
../dataset/datasets/imb_flower_0.05/train/artichoke/920.jpg	A flower against a wooden backdrop.
../dataset/datasets/imb_flower_0.05/train/artichoke/912.jpg	Green grass and foliage.
../dataset/datasets/imb_flower_0.05/train/artichoke/914.jpg	Green leaves and stems.
../dataset/datasets/imb_flower_0.05/train/artichoke/921.jpg	Green leaves and sunlight.
../dataset/datasets/imb_flower_0.05/train/artichoke/913.jpg	Green leaves and stems.
../dataset/datasets/imb_flower_0.05/train/sweet_william/847.jpg	Green leaves and stems.
../dataset/datasets/imb_flower_0.05/train/sweet_william/858.jpg	The background is green foliage.
../dataset/datasets/imb_flower_0.05/train/sweet_william/859.jpg	The background is blurred green foliage.
../dataset/datasets/imb_flower_0.05/train/sweet_william/852.jpg	The background is dark.
../dataset/datasets/imb_flower_0.05/train/sweet_william/848.jpg	Green foliage.
../dataset/datasets/imb_flower_0.05/train/sweet_william/853.jpg	The background is blurred green foliage.
../dataset/datasets/imb_flower_0.05/train/sweet_william/850.jpg	The background is blurred green foliage.
../dataset/datasets/imb_flower_0.05/train/sweet_william/846.jpg	The background is blurred with more flowers.
../dataset/datasets/imb_flower_0.05/train/sweet_william/855.jpg	Green leaves and buds.
../dataset/datasets/imb_flower_0.05/train/sweet_william/856.jpg	Green foliage.
../dataset/datasets/imb_flower_0.05/train/sweet_william/849.jpg	Green foliage.
../dataset/datasets/imb_flower_0.05/train/sweet_william/851.jpg	The background is green foliage.
../dataset/datasets/imb_flower_0.05/train/sweet_william/854.jpg	The background is blurred greenery.
../dataset/datasets/imb_flower_0.05/train/sweet_william/857.jpg	Green foliage.
../dataset/datasets/imb_flower_0.05/train/carnation/1156.jpg	The background is blurred with green and white tones.
../dataset/datasets/imb_flower_0.05/train/carnation/1159.jpg	The background is black.
../dataset/datasets/imb_flower_0.05/train/carnation/1158.jpg	Green leaves, blurred background.
../dataset/datasets/imb_flower_0.05/train/carnation/1157.jpg	The background is blurred with red and green hues.
../dataset/datasets/imb_flower_0.05/train/garden_phlox/1208.jpg	The background is blurred green.
../dataset/datasets/imb_flower_0.05/train/garden_phlox/1207.jpg	Green leaves.
../dataset/datasets/imb_flower_0.05/train/garden_phlox/1209.jpg	The background is green foliage.
../dataset/datasets/imb_flower_0.05/train/love_in_the_mist/1195.jpg	A flower with a yellow background.
../dataset/datasets/imb_flower_0.05/train/love_in_the_mist/1196.jpg	Green foliage and soil.
../dataset/datasets/imb_flower_0.05/train/love_in_the_mist/1197.jpg	Blurred green foliage.
../dataset/datasets/imb_flower_0.05/train/mexican_aster/1232.jpg	The background is blurred with purple flowers and green foliage.
../dataset/datasets/imb_flower_0.05/train/mexican_aster/1233.jpg	The background is blurred with hints of green and white.
../dataset/datasets/imb_flower_0.05/train/alpine_sea_holly/1213.jpg	Blurred green background.
../dataset/datasets/imb_flower_0.05/train/alpine_sea_holly/1212.jpg	Green and blurred.
../dataset/datasets/imb_flower_0.05/train/ruby-lipped_cattleya/946.jpg	The background is blurred, with hints of brick and concrete.
../dataset/datasets/imb_flower_0.05/train/ruby-lipped_cattleya/947.jpg	Dark, blurred.
../dataset/datasets/imb_flower_0.05/train/ruby-lipped_cattleya/952.jpg	The background is black.
../dataset/datasets/imb_flower_0.05/train/ruby-lipped_cattleya/948.jpg	The background is dark.
../dataset/datasets/imb_flower_0.05/train/ruby-lipped_cattleya/950.jpg	The background is dark.
../dataset/datasets/imb_flower_0.05/train/ruby-lipped_cattleya/949.jpg	The background is blurred green.
../dataset/datasets/imb_flower_0.05/train/ruby-lipped_cattleya/953.jpg	The background is dark with green foliage.
../dataset/datasets/imb_flower_0.05/train/ruby-lipped_cattleya/951.jpg	The background is dark.
../dataset/datasets/imb_flower_0.05/train/ruby-lipped_cattleya/954.jpg	The background is black.
../dataset/datasets/imb_flower_0.05/train/ruby-lipped_cattleya/956.jpg	The background is dark.
../dataset/datasets/imb_flower_0.05/train/ruby-lipped_cattleya/955.jpg	The background is black.
../dataset/datasets/imb_flower_0.05/train/cape_flower/531.jpg	Green leaves, blurred background.
../dataset/datasets/imb_flower_0.05/train/cape_flower/540.jpg	The background is blurred, with earthy tones and dried leaves.
../dataset/datasets/imb_flower_0.05/train/cape_flower/542.jpg	The background consists of dried leaves and soil.
../dataset/datasets/imb_flower_0.05/train/cape_flower/537.jpg	The background is blurred, with muted earth tones and pebbles.
../dataset/datasets/imb_flower_0.05/train/cape_flower/549.jpg	The background is blurred green foliage.
../dataset/datasets/imb_flower_0.05/train/cape_flower/543.jpg	The background is dark and blurred, with green leaves visible.
../dataset/datasets/imb_flower_0.05/train/cape_flower/534.jpg	The background is blurred, suggesting a natural outdoor setting.
../dataset/datasets/imb_flower_0.05/train/cape_flower/548.jpg	The background is dark and blurred, with green foliage.
../dataset/datasets/imb_flower_0.05/train/cape_flower/538.jpg	The background is soil and green stems.
../dataset/datasets/imb_flower_0.05/train/cape_flower/550.jpg	The background is blurred, with green stems and a neutral wall.
../dataset/datasets/imb_flower_0.05/train/cape_flower/552.jpg	The background is blurred green foliage.
../dataset/datasets/imb_flower_0.05/train/cape_flower/535.jpg	The background is blurred, showing earthy tones.
../dataset/datasets/imb_flower_0.05/train/cape_flower/532.jpg	The background is green and blurred.
../dataset/datasets/imb_flower_0.05/train/cape_flower/546.jpg	The background is blurred green foliage and soil.
../dataset/datasets/imb_flower_0.05/train/cape_flower/541.jpg	The background is blurred, neutral-toned.
../dataset/datasets/imb_flower_0.05/train/cape_flower/536.jpg	The background is blurred, with muted earth tones.
../dataset/datasets/imb_flower_0.05/train/cape_flower/539.jpg	The background is a blurred, textured surface.
../dataset/datasets/imb_flower_0.05/train/cape_flower/553.jpg	The background is blurred green foliage.
../dataset/datasets/imb_flower_0.05/train/cape_flower/547.jpg	The background is soil and green leaves.
../dataset/datasets/imb_flower_0.05/train/cape_flower/551.jpg	The background is green foliage.
../dataset/datasets/imb_flower_0.05/train/cape_flower/533.jpg	The background is blurred with green and brown tones.
../dataset/datasets/imb_flower_0.05/train/cape_flower/545.jpg	Green leaves.
../dataset/datasets/imb_flower_0.05/train/cape_flower/544.jpg	Dark, blurred soil.
../dataset/datasets/imb_flower_0.05/train/great_masterwort/1132.jpg	Green, blurred, natural setting.
../dataset/datasets/imb_flower_0.05/train/great_masterwort/1133.jpg	Green and blurred.
../dataset/datasets/imb_flower_0.05/train/great_masterwort/1134.jpg	Green, blurred background.
../dataset/datasets/imb_flower_0.05/train/great_masterwort/1135.jpg	Dark, blurred background.
../dataset/datasets/imb_flower_0.05/train/great_masterwort/1136.jpg	The background is blurred green foliage.
../dataset/datasets/imb_flower_0.05/train/siam_tulip/1234.jpg	Green leaves.
../dataset/datasets/imb_flower_0.05/train/siam_tulip/1235.jpg	The background is blurred green.
../dataset/datasets/imb_flower_0.05/train/lenten_rose/993.jpg	The background is blurred green foliage.
../dataset/datasets/imb_flower_0.05/train/lenten_rose/995.jpg	The background is blurred green and blue.
../dataset/datasets/imb_flower_0.05/train/lenten_rose/994.jpg	The background is green foliage.
../dataset/datasets/imb_flower_0.05/train/lenten_rose/997.jpg	The background is blurred green foliage.
../dataset/datasets/imb_flower_0.05/train/lenten_rose/988.jpg	The background consists of green leaves and brown soil.
../dataset/datasets/imb_flower_0.05/train/lenten_rose/990.jpg	The background is green foliage.
../dataset/datasets/imb_flower_0.05/train/lenten_rose/991.jpg	The background is blurred greenery.
../dataset/datasets/imb_flower_0.05/train/lenten_rose/989.jpg	Green leaves and blurred background.
../dataset/datasets/imb_flower_0.05/train/lenten_rose/992.jpg	The background is blurred with green foliage and hints of blue sky.
../dataset/datasets/imb_flower_0.05/train/lenten_rose/996.jpg	The background is blurred green foliage.
../dataset/datasets/imb_flower_0.05/train/barbeton_daisy/445.jpg	Green foliage and soil.
../dataset/datasets/imb_flower_0.05/train/barbeton_daisy/444.jpg	The background is blurred, suggesting a soft, out-of-focus setting.
../dataset/datasets/imb_flower_0.05/train/barbeton_daisy/438.jpg	Green leaves and soil.
../dataset/datasets/imb_flower_0.05/train/barbeton_daisy/440.jpg	The background includes wooden slats and other plants.
../dataset/datasets/imb_flower_0.05/train/barbeton_daisy/451.jpg	Green leaves and brown soil.
../dataset/datasets/imb_flower_0.05/train/barbeton_daisy/441.jpg	The background consists of green leaves and a white pot.
../dataset/datasets/imb_flower_0.05/train/barbeton_daisy/453.jpg	The background is blurred green.
../dataset/datasets/imb_flower_0.05/train/barbeton_daisy/443.jpg	Blurred green and brown.
../dataset/datasets/imb_flower_0.05/train/barbeton_daisy/435.jpg	Green leaves.
../dataset/datasets/imb_flower_0.05/train/barbeton_daisy/434.jpg	The background is green foliage and a brick path.
../dataset/datasets/imb_flower_0.05/train/barbeton_daisy/446.jpg	Green leaves and soil.
../dataset/datasets/imb_flower_0.05/train/barbeton_daisy/450.jpg	The background is black.
../dataset/datasets/imb_flower_0.05/train/barbeton_daisy/437.jpg	Green leaves and pot.
../dataset/datasets/imb_flower_0.05/train/barbeton_daisy/455.jpg	Green grass.
../dataset/datasets/imb_flower_0.05/train/barbeton_daisy/439.jpg	Dark green foliage.
../dataset/datasets/imb_flower_0.05/train/barbeton_daisy/448.jpg	The background includes green foliage and a brown pipe.
../dataset/datasets/imb_flower_0.05/train/barbeton_daisy/447.jpg	Dark and blurred.
../dataset/datasets/imb_flower_0.05/train/barbeton_daisy/452.jpg	The background is dark with green leaves.
../dataset/datasets/imb_flower_0.05/train/barbeton_daisy/454.jpg	The background is blurred with greenery and sunlight.
../dataset/datasets/imb_flower_0.05/train/barbeton_daisy/431.jpg	Green leaves and blurred background.
../dataset/datasets/imb_flower_0.05/train/barbeton_daisy/432.jpg	Green grass.
../dataset/datasets/imb_flower_0.05/train/barbeton_daisy/433.jpg	A flower with green leaves and a black metal chair.
../dataset/datasets/imb_flower_0.05/train/barbeton_daisy/430.jpg	Dark, blurred greenery.
../dataset/datasets/imb_flower_0.05/train/barbeton_daisy/436.jpg	The background is dark gray.
../dataset/datasets/imb_flower_0.05/train/barbeton_daisy/449.jpg	The background is plain gray.
../dataset/datasets/imb_flower_0.05/train/barbeton_daisy/429.jpg	Green leaves and blurred background.
../dataset/datasets/imb_flower_0.05/train/barbeton_daisy/442.jpg	Dark green leaves.
../dataset/datasets/imb_flower_0.05/train/daffodil/1108.jpg	The background is blurred with greenery and brown earth tones.
../dataset/datasets/imb_flower_0.05/train/daffodil/1109.jpg	Blurred greenery and soft focus.
../dataset/datasets/imb_flower_0.05/train/daffodil/1105.jpg	A flower with trees and sky.
../dataset/datasets/imb_flower_0.05/train/daffodil/1107.jpg	The background consists of dark, textured gravel and green foliage.
../dataset/datasets/imb_flower_0.05/train/daffodil/1106.jpg	A flower against blue sky, tree trunk, wooden fence.
../dataset/datasets/imb_flower_0.05/train/daffodil/1104.jpg	Dark, blurred background.
../dataset/datasets/imb_flower_0.05/train/sword_lily/346.jpg	Dark and blurred.
../dataset/datasets/imb_flower_0.05/train/sword_lily/373.jpg	Green leaves and blurred background.
../dataset/datasets/imb_flower_0.05/train/sword_lily/368.jpg	Green foliage, blurred background.
../dataset/datasets/imb_flower_0.05/train/sword_lily/359.jpg	A flower against a light gray wooden backdrop.
../dataset/datasets/imb_flower_0.05/train/sword_lily/349.jpg	The background is green foliage.
../dataset/datasets/imb_flower_0.05/train/sword_lily/371.jpg	Green foliage, blurred grass.
../dataset/datasets/imb_flower_0.05/train/sword_lily/356.jpg	Green foliage, blurred background.
../dataset/datasets/imb_flower_0.05/train/sword_lily/360.jpg	The background is blurred with greenery and flowers.
../dataset/datasets/imb_flower_0.05/train/sword_lily/366.jpg	Green leaves.
../dataset/datasets/imb_flower_0.05/train/sword_lily/355.jpg	Green foliage, blurred background.
../dataset/datasets/imb_flower_0.05/train/sword_lily/347.jpg	Green foliage, red flowers.
../dataset/datasets/imb_flower_0.05/train/sword_lily/352.jpg	Dark, blurred greenery.
../dataset/datasets/imb_flower_0.05/train/sword_lily/345.jpg	Dark, textured wall.
../dataset/datasets/imb_flower_0.05/train/sword_lily/372.jpg	Green foliage, blurred background.
../dataset/datasets/imb_flower_0.05/train/sword_lily/364.jpg	The background is black.
../dataset/datasets/imb_flower_0.05/train/sword_lily/362.jpg	The background is blurred, suggesting a natural outdoor setting.
../dataset/datasets/imb_flower_0.05/train/sword_lily/363.jpg	Green foliage, blurred background.
../dataset/datasets/imb_flower_0.05/train/sword_lily/354.jpg	The background is blurred, suggesting a natural outdoor setting.
../dataset/datasets/imb_flower_0.05/train/sword_lily/370.jpg	Green, blurred background.
../dataset/datasets/imb_flower_0.05/train/sword_lily/348.jpg	Green grass, fence, building, trees.
../dataset/datasets/imb_flower_0.05/train/sword_lily/353.jpg	The background is dark and blurred, emphasizing the flower.
../dataset/datasets/imb_flower_0.05/train/sword_lily/369.jpg	The background is black.
../dataset/datasets/imb_flower_0.05/train/sword_lily/367.jpg	Dark green leaves.
../dataset/datasets/imb_flower_0.05/train/sword_lily/357.jpg	The background is blurred greenery.
../dataset/datasets/imb_flower_0.05/train/sword_lily/365.jpg	The background is blurred, with hints of green and gray tones.
../dataset/datasets/imb_flower_0.05/train/sword_lily/361.jpg	The background is blurred, with hints of white and blue.
../dataset/datasets/imb_flower_0.05/train/sword_lily/358.jpg	Green foliage, blurred background.
../dataset/datasets/imb_flower_0.05/train/sword_lily/350.jpg	Dark, blurred greenery.
../dataset/datasets/imb_flower_0.05/train/sword_lily/351.jpg	A flower against a brick wall.
../dataset/datasets/imb_flower_0.05/train/poinsettia/682.jpg	The background is dark and blurred.
../dataset/datasets/imb_flower_0.05/train/poinsettia/689.jpg	Dark green leaves.
../dataset/datasets/imb_flower_0.05/train/poinsettia/684.jpg	The background is dark green foliage.
../dataset/datasets/imb_flower_0.05/train/poinsettia/687.jpg	The background is blurred green foliage.
../dataset/datasets/imb_flower_0.05/train/poinsettia/699.jpg	The background is white.
../dataset/datasets/imb_flower_0.05/train/poinsettia/695.jpg	Snowy, wooden fence.
../dataset/datasets/imb_flower_0.05/train/poinsettia/690.jpg	Dark green leaves.
../dataset/datasets/imb_flower_0.05/train/poinsettia/697.jpg	Dark green leaves.
../dataset/datasets/imb_flower_0.05/train/poinsettia/691.jpg	The background is plain white.
../dataset/datasets/imb_flower_0.05/train/poinsettia/696.jpg	The background is green foliage and sunlight.
../dataset/datasets/imb_flower_0.05/train/poinsettia/694.jpg	Dark, blurred background.
../dataset/datasets/imb_flower_0.05/train/poinsettia/681.jpg	The background is filled with red flowers.
../dataset/datasets/imb_flower_0.05/train/poinsettia/685.jpg	Dark, blurred background.
../dataset/datasets/imb_flower_0.05/train/poinsettia/698.jpg	The background is blurred green foliage.
../dataset/datasets/imb_flower_0.05/train/poinsettia/686.jpg	The background is green foliage.
../dataset/datasets/imb_flower_0.05/train/poinsettia/688.jpg	The background is blurred, with hints of green and brown.
../dataset/datasets/imb_flower_0.05/train/poinsettia/683.jpg	Dark green leaves.
../dataset/datasets/imb_flower_0.05/train/poinsettia/692.jpg	Green leaves.
../dataset/datasets/imb_flower_0.05/train/poinsettia/693.jpg	The background is plain green.
../dataset/datasets/imb_flower_0.05/train/bolero_deep_blue/1236.jpg	The background is soil with scattered white particles and green leaves.
../dataset/datasets/imb_flower_0.05/train/wallflower/102.jpg	Green leaves, blurred background.
../dataset/datasets/imb_flower_0.05/train/wallflower/97.jpg	Green leaves, blurred background.
../dataset/datasets/imb_flower_0.05/train/wallflower/99.jpg	The background is blurred soil and green leaves.
../dataset/datasets/imb_flower_0.05/train/wallflower/96.jpg	Green leaves and blurred flowers.
../dataset/datasets/imb_flower_0.05/train/wallflower/110.jpg	Green leaves and blurred flowers.
../dataset/datasets/imb_flower_0.05/train/wallflower/98.jpg	Blurred green and orange.
../dataset/datasets/imb_flower_0.05/train/wallflower/108.jpg	The background is blurred soil.
../dataset/datasets/imb_flower_0.05/train/wallflower/84.jpg	Blurred greenery.
../dataset/datasets/imb_flower_0.05/train/wallflower/87.jpg	Green leaves.
../dataset/datasets/imb_flower_0.05/train/wallflower/103.jpg	Blurred green leaves.
../dataset/datasets/imb_flower_0.05/train/wallflower/78.jpg	Green leaves and blurred background.
../dataset/datasets/imb_flower_0.05/train/wallflower/82.jpg	Blurred green leaves and grass.
../dataset/datasets/imb_flower_0.05/train/wallflower/83.jpg	The background is blurred green.
../dataset/datasets/imb_flower_0.05/train/wallflower/85.jpg	Blurred green foliage.
../dataset/datasets/imb_flower_0.05/train/wallflower/106.jpg	Green leaves and blurred flowers.
../dataset/datasets/imb_flower_0.05/train/wallflower/101.jpg	Green leaves and blurred background.
../dataset/datasets/imb_flower_0.05/train/wallflower/88.jpg	Green leaves and blurred background.
../dataset/datasets/imb_flower_0.05/train/wallflower/107.jpg	Green foliage.
../dataset/datasets/imb_flower_0.05/train/wallflower/105.jpg	The background is blurred soil and green leaves.
../dataset/datasets/imb_flower_0.05/train/wallflower/95.jpg	Green leaves, blurred background.
../dataset/datasets/imb_flower_0.05/train/wallflower/104.jpg	Blurred green leaves.
../dataset/datasets/imb_flower_0.05/train/wallflower/90.jpg	The background is soil and green leaves.
../dataset/datasets/imb_flower_0.05/train/wallflower/77.jpg	The background is soil and greenery.
../dataset/datasets/imb_flower_0.05/train/wallflower/91.jpg	Green leaves and blurred background.
../dataset/datasets/imb_flower_0.05/train/wallflower/112.jpg	The background is blurred soil.
../dataset/datasets/imb_flower_0.05/train/wallflower/93.jpg	Green grass, blurred leaves.
../dataset/datasets/imb_flower_0.05/train/wallflower/92.jpg	Blurred green foliage.
../dataset/datasets/imb_flower_0.05/train/wallflower/94.jpg	The background is soil and green leaves.
../dataset/datasets/imb_flower_0.05/train/wallflower/81.jpg	Green leaves and soil.
../dataset/datasets/imb_flower_0.05/train/wallflower/109.jpg	The background is blurred, showing green leaves and soil.
../dataset/datasets/imb_flower_0.05/train/wallflower/100.jpg	Blurred green leaves.
../dataset/datasets/imb_flower_0.05/train/wallflower/80.jpg	The background is blurred, with green leaves and soil.
../dataset/datasets/imb_flower_0.05/train/wallflower/111.jpg	Blurred green foliage.
../dataset/datasets/imb_flower_0.05/train/wallflower/113.jpg	Green, blurred leaves.
../dataset/datasets/imb_flower_0.05/train/wallflower/86.jpg	The background is green foliage.
../dataset/datasets/imb_flower_0.05/train/wallflower/79.jpg	Green leaves and blurred background.
../dataset/datasets/imb_flower_0.05/train/wallflower/89.jpg	Green leaves, blurred soil.
../dataset/datasets/imb_flower_0.05/train/marigold/1005.jpg	Dark green leaves.
../dataset/datasets/imb_flower_0.05/train/marigold/1000.jpg	The background is green foliage and soil.
../dataset/datasets/imb_flower_0.05/train/marigold/1002.jpg	Dark soil and green leaves.
../dataset/datasets/imb_flower_0.05/train/marigold/1006.jpg	Green leaves, blurred background.
../dataset/datasets/imb_flower_0.05/train/marigold/1003.jpg	Green leaves.
../dataset/datasets/imb_flower_0.05/train/marigold/999.jpg	The background is green foliage and soil.
../dataset/datasets/imb_flower_0.05/train/marigold/1004.jpg	The background is green foliage with hints of orange flowers.
../dataset/datasets/imb_flower_0.05/train/marigold/1001.jpg	Green leaves.
../dataset/datasets/imb_flower_0.05/train/marigold/998.jpg	Dark green leaves.
../dataset/datasets/imb_flower_0.05/train/buttercup/962.jpg	Blurred green grass.
../dataset/datasets/imb_flower_0.05/train/buttercup/959.jpg	Blurred green foliage.
../dataset/datasets/imb_flower_0.05/train/buttercup/961.jpg	Blurred green grass.
../dataset/datasets/imb_flower_0.05/train/buttercup/957.jpg	The background is dark and blurred.
../dataset/datasets/imb_flower_0.05/train/buttercup/965.jpg	Dark, blurred.
../dataset/datasets/imb_flower_0.05/train/buttercup/963.jpg	The background is blurred green foliage.
../dataset/datasets/imb_flower_0.05/train/buttercup/966.jpg	Green, blurred.
../dataset/datasets/imb_flower_0.05/train/buttercup/960.jpg	Green leaves and stems.
../dataset/datasets/imb_flower_0.05/train/buttercup/967.jpg	A flower with a blurred green background.
../dataset/datasets/imb_flower_0.05/train/buttercup/964.jpg	Green grass.
../dataset/datasets/imb_flower_0.05/train/buttercup/958.jpg	A flower against a blurred blue sky.
../dataset/datasets/imb_flower_0.05/train/oxeye_daisy/1185.jpg	The background is blurred greenery.
../dataset/datasets/imb_flower_0.05/train/oxeye_daisy/1183.jpg	The background is blurred with green and blue hues.
../dataset/datasets/imb_flower_0.05/train/oxeye_daisy/1184.jpg	Green, blurred background.
../dataset/datasets/imb_flower_0.05/train/common_dandelion/705.jpg	The background is blurred greenery.
../dataset/datasets/imb_flower_0.05/train/common_dandelion/713.jpg	Green leaves and blurred background.
../dataset/datasets/imb_flower_0.05/train/common_dandelion/717.jpg	The background is blurred green and brown.
../dataset/datasets/imb_flower_0.05/train/common_dandelion/714.jpg	Green grass, blurred.
../dataset/datasets/imb_flower_0.05/train/common_dandelion/712.jpg	Green grass and leaves.
../dataset/datasets/imb_flower_0.05/train/common_dandelion/710.jpg	Green grass and leaves.
../dataset/datasets/imb_flower_0.05/train/common_dandelion/708.jpg	A flower on concrete.
../dataset/datasets/imb_flower_0.05/train/common_dandelion/703.jpg	The background consists of green leaves and brown stems.
../dataset/datasets/imb_flower_0.05/train/common_dandelion/715.jpg	Green, blurred background.
../dataset/datasets/imb_flower_0.05/train/common_dandelion/704.jpg	The background is blurred green.
../dataset/datasets/imb_flower_0.05/train/common_dandelion/711.jpg	Green leaves and stems.
../dataset/datasets/imb_flower_0.05/train/common_dandelion/700.jpg	Green, blurred background.
../dataset/datasets/imb_flower_0.05/train/common_dandelion/706.jpg	Dark, blurred, natural setting.
../dataset/datasets/imb_flower_0.05/train/common_dandelion/716.jpg	The background is blurred greenery.
../dataset/datasets/imb_flower_0.05/train/common_dandelion/701.jpg	The background is green and blurred.
../dataset/datasets/imb_flower_0.05/train/common_dandelion/707.jpg	Green leaves and grass.
../dataset/datasets/imb_flower_0.05/train/common_dandelion/709.jpg	The background is black.
../dataset/datasets/imb_flower_0.05/train/common_dandelion/702.jpg	Green leaves and blurred background.
../dataset/datasets/imb_flower_0.05/train/petunia/5.jpg	The background is soil and greenery.
../dataset/datasets/imb_flower_0.05/train/petunia/7.jpg	Green leaves.
../dataset/datasets/imb_flower_0.05/train/petunia/17.jpg	Green leaves.
../dataset/datasets/imb_flower_0.05/train/petunia/10.jpg	Green leaves, soil.
../dataset/datasets/imb_flower_0.05/train/petunia/31.jpg	Green leaves and blurred petals.
../dataset/datasets/imb_flower_0.05/train/petunia/18.jpg	The background is green foliage.
../dataset/datasets/imb_flower_0.05/train/petunia/26.jpg	Green foliage, blurred background.
../dataset/datasets/imb_flower_0.05/train/petunia/15.jpg	The background is a brick pavement.
../dataset/datasets/imb_flower_0.05/train/petunia/22.jpg	Green grass, blue sky, trees.
../dataset/datasets/imb_flower_0.05/train/petunia/12.jpg	The background is green foliage.
../dataset/datasets/imb_flower_0.05/train/petunia/13.jpg	Green leaves, brown soil.
../dataset/datasets/imb_flower_0.05/train/petunia/33.jpg	Green leaves and petals.
../dataset/datasets/imb_flower_0.05/train/petunia/32.jpg	A flower is surrounded by green leaves and a red object.
../dataset/datasets/imb_flower_0.05/train/petunia/35.jpg	The background is green foliage with red flowers.
../dataset/datasets/imb_flower_0.05/train/petunia/36.jpg	The background is green foliage.
../dataset/datasets/imb_flower_0.05/train/petunia/27.jpg	Green leaves.
../dataset/datasets/imb_flower_0.05/train/petunia/30.jpg	Green foliage, blurred background.
../dataset/datasets/imb_flower_0.05/train/petunia/2.jpg	White lattice, green grass.
../dataset/datasets/imb_flower_0.05/train/petunia/8.jpg	Green leaves and stems.
../dataset/datasets/imb_flower_0.05/train/petunia/0.jpg	The background is green foliage.
../dataset/datasets/imb_flower_0.05/train/petunia/29.jpg	The background is soil and dried leaves.
../dataset/datasets/imb_flower_0.05/train/petunia/34.jpg	The background consists of soil, grass, and leaves.
../dataset/datasets/imb_flower_0.05/train/petunia/4.jpg	Green leaves.
../dataset/datasets/imb_flower_0.05/train/petunia/3.jpg	Green leaves and stems.
../dataset/datasets/imb_flower_0.05/train/petunia/28.jpg	Dark green foliage.
../dataset/datasets/imb_flower_0.05/train/petunia/16.jpg	Green leaves and stems.
../dataset/datasets/imb_flower_0.05/train/petunia/25.jpg	The background is soil with scattered leaves.
../dataset/datasets/imb_flower_0.05/train/petunia/9.jpg	Green foliage.
../dataset/datasets/imb_flower_0.05/train/petunia/6.jpg	Green leaves and white flowers.
../dataset/datasets/imb_flower_0.05/train/petunia/14.jpg	The background is gray and blurred.
../dataset/datasets/imb_flower_0.05/train/petunia/24.jpg	Green leaves, blurred red flowers.
../dataset/datasets/imb_flower_0.05/train/petunia/11.jpg	The background is green foliage and soil.
../dataset/datasets/imb_flower_0.05/train/petunia/19.jpg	Green foliage.
../dataset/datasets/imb_flower_0.05/train/petunia/21.jpg	The background is green foliage and soil.
../dataset/datasets/imb_flower_0.05/train/petunia/1.jpg	The background is blurred, with green leaves and sandy ground.
../dataset/datasets/imb_flower_0.05/train/petunia/23.jpg	The background is green foliage.
../dataset/datasets/imb_flower_0.05/train/petunia/37.jpg	A flower with purple petals and white edges, surrounded by green leaves.
../dataset/datasets/imb_flower_0.05/train/petunia/38.jpg	Green leaves, blurred background.
../dataset/datasets/imb_flower_0.05/train/petunia/20.jpg	The background is blurred green foliage.
../dataset/datasets/imb_flower_0.05/train/wild_pansy/870.jpg	The background is blurred earth tones.
../dataset/datasets/imb_flower_0.05/train/wild_pansy/867.jpg	Blurred green foliage.
../dataset/datasets/imb_flower_0.05/train/wild_pansy/865.jpg	The background is blurred green.
../dataset/datasets/imb_flower_0.05/train/wild_pansy/871.jpg	The background is dark green.
../dataset/datasets/imb_flower_0.05/train/wild_pansy/869.jpg	Blurred, natural setting.
../dataset/datasets/imb_flower_0.05/train/wild_pansy/860.jpg	Green leaves and blurred flowers.
../dataset/datasets/imb_flower_0.05/train/wild_pansy/872.jpg	The background is green foliage.
../dataset/datasets/imb_flower_0.05/train/wild_pansy/861.jpg	The background is black.
../dataset/datasets/imb_flower_0.05/train/wild_pansy/866.jpg	Blurred green leaves.
../dataset/datasets/imb_flower_0.05/train/wild_pansy/862.jpg	Green foliage.
../dataset/datasets/imb_flower_0.05/train/wild_pansy/868.jpg	Green leaves and blurred flowers.
../dataset/datasets/imb_flower_0.05/train/wild_pansy/863.jpg	Green leaves.
../dataset/datasets/imb_flower_0.05/train/wild_pansy/864.jpg	Green leaves, blurred background.
../dataset/datasets/imb_flower_0.05/train/primula/720.jpg	The background is dark soil with green leaves.
../dataset/datasets/imb_flower_0.05/train/primula/725.jpg	The background is soil and greenery.
../dataset/datasets/imb_flower_0.05/train/primula/731.jpg	The background is green and earthy.
../dataset/datasets/imb_flower_0.05/train/primula/728.jpg	The background is green foliage.
../dataset/datasets/imb_flower_0.05/train/primula/722.jpg	The background consists of green leaves and soil.
../dataset/datasets/imb_flower_0.05/train/primula/719.jpg	Green leaves.
../dataset/datasets/imb_flower_0.05/train/primula/732.jpg	Green leaves, red berries.
../dataset/datasets/imb_flower_0.05/train/primula/727.jpg	A flower is set against a warm, blurred background.
../dataset/datasets/imb_flower_0.05/train/primula/734.jpg	The background is green foliage.
../dataset/datasets/imb_flower_0.05/train/primula/726.jpg	The background is blurred and neutral.
../dataset/datasets/imb_flower_0.05/train/primula/724.jpg	Green leaves.
../dataset/datasets/imb_flower_0.05/train/primula/721.jpg	The background is soil and green leaves.
../dataset/datasets/imb_flower_0.05/train/primula/733.jpg	The background consists of soil and green leaves.
../dataset/datasets/imb_flower_0.05/train/primula/735.jpg	The background is green foliage.
../dataset/datasets/imb_flower_0.05/train/primula/718.jpg	Green leaves and soil.
../dataset/datasets/imb_flower_0.05/train/primula/723.jpg	Green leaves and soil.
../dataset/datasets/imb_flower_0.05/train/primula/730.jpg	The background is green foliage.
../dataset/datasets/imb_flower_0.05/train/primula/729.jpg	The background is soil and green leaves.
../dataset/datasets/imb_flower_0.05/train/sunflower/1088.jpg	A flower with blurred yellow and purple hues.
../dataset/datasets/imb_flower_0.05/train/sunflower/1085.jpg	Green leaves and blurred flowers.
../dataset/datasets/imb_flower_0.05/train/sunflower/1087.jpg	A flower against a blue sky.
../dataset/datasets/imb_flower_0.05/train/sunflower/1091.jpg	Green foliage.
../dataset/datasets/imb_flower_0.05/train/sunflower/1086.jpg	Green leaves surround 'a flower'.
../dataset/datasets/imb_flower_0.05/train/sunflower/1090.jpg	Green, blurred foliage.
../dataset/datasets/imb_flower_0.05/train/sunflower/1089.jpg	A flower is surrounded by green leaves and other sunflowers under a cloudy sky.
../dataset/datasets/imb_flower_0.05/train/pelargonium/975.jpg	Green leaves and buds.
../dataset/datasets/imb_flower_0.05/train/pelargonium/972.jpg	Green foliage.
../dataset/datasets/imb_flower_0.05/train/pelargonium/970.jpg	Green grass and blurred ground.
../dataset/datasets/imb_flower_0.05/train/pelargonium/968.jpg	Green foliage.
../dataset/datasets/imb_flower_0.05/train/pelargonium/971.jpg	The background is blurred green foliage.
../dataset/datasets/imb_flower_0.05/train/pelargonium/973.jpg	Green, blurred foliage.
../dataset/datasets/imb_flower_0.05/train/pelargonium/969.jpg	Green, blurred foliage.
../dataset/datasets/imb_flower_0.05/train/pelargonium/974.jpg	Green foliage.
../dataset/datasets/imb_flower_0.05/train/pelargonium/976.jpg	The background is blurred, with earthy tones and small stones.
../dataset/datasets/imb_flower_0.05/train/pelargonium/977.jpg	Green foliage.
../dataset/datasets/imb_flower_0.05/train/bishop_of_llandaff/557.jpg	Blurred greenery.
../dataset/datasets/imb_flower_0.05/train/bishop_of_llandaff/563.jpg	Dark green leaves.
../dataset/datasets/imb_flower_0.05/train/bishop_of_llandaff/567.jpg	Blurred green leaves.
../dataset/datasets/imb_flower_0.05/train/bishop_of_llandaff/570.jpg	The background is blurred green foliage.
../dataset/datasets/imb_flower_0.05/train/bishop_of_llandaff/576.jpg	Dark green leaves.
../dataset/datasets/imb_flower_0.05/train/bishop_of_llandaff/559.jpg	The background is green foliage.
../dataset/datasets/imb_flower_0.05/train/bishop_of_llandaff/562.jpg	The background is blurred with red and green hues.
../dataset/datasets/imb_flower_0.05/train/bishop_of_llandaff/571.jpg	The background is blurred with green foliage and soft light.
../dataset/datasets/imb_flower_0.05/train/bishop_of_llandaff/569.jpg	Dark, blurred leaves.
../dataset/datasets/imb_flower_0.05/train/bishop_of_llandaff/556.jpg	Blurred green and yellow foliage.
../dataset/datasets/imb_flower_0.05/train/bishop_of_llandaff/575.jpg	Dark, blurred.
../dataset/datasets/imb_flower_0.05/train/bishop_of_llandaff/574.jpg	Dark green leaves.
../dataset/datasets/imb_flower_0.05/train/bishop_of_llandaff/572.jpg	Blurred green leaves.
../dataset/datasets/imb_flower_0.05/train/bishop_of_llandaff/554.jpg	Dark, blurred, out-of-focus.
../dataset/datasets/imb_flower_0.05/train/bishop_of_llandaff/573.jpg	Green leaves and blurred background.
../dataset/datasets/imb_flower_0.05/train/bishop_of_llandaff/564.jpg	The background is blurred with green foliage and other flowers.
../dataset/datasets/imb_flower_0.05/train/bishop_of_llandaff/561.jpg	Dark green leaves.
../dataset/datasets/imb_flower_0.05/train/bishop_of_llandaff/565.jpg	Blurred green leaves.
../dataset/datasets/imb_flower_0.05/train/bishop_of_llandaff/566.jpg	Dark green leaves.
../dataset/datasets/imb_flower_0.05/train/bishop_of_llandaff/568.jpg	Blurred green leaves.
../dataset/datasets/imb_flower_0.05/train/bishop_of_llandaff/558.jpg	Dark green leaves.
../dataset/datasets/imb_flower_0.05/train/bishop_of_llandaff/560.jpg	Blurred greenery.
../dataset/datasets/imb_flower_0.05/train/bishop_of_llandaff/555.jpg	Dark, blurred leaves.
../dataset/datasets/imb_flower_0.05/train/gaura/1007.jpg	Blurred green foliage.
../dataset/datasets/imb_flower_0.05/train/gaura/1008.jpg	Green, blurred background.
../dataset/datasets/imb_flower_0.05/train/gaura/1009.jpg	A flower with a blurred green background.
../dataset/datasets/imb_flower_0.05/train/gaura/1011.jpg	Blurred green foliage.
../dataset/datasets/imb_flower_0.05/train/gaura/1015.jpg	Green, blurred background.
../dataset/datasets/imb_flower_0.05/train/gaura/1012.jpg	Blurred green foliage.
../dataset/datasets/imb_flower_0.05/train/gaura/1014.jpg	Green leaves, blurred background.
../dataset/datasets/imb_flower_0.05/train/gaura/1013.jpg	Blurred green foliage.
../dataset/datasets/imb_flower_0.05/train/gaura/1010.jpg	Blurred green foliage.
../dataset/datasets/imb_flower_0.05/train/geranium/493.jpg	Dark green leaves.
../dataset/datasets/imb_flower_0.05/train/geranium/500.jpg	Dark green leaves.
../dataset/datasets/imb_flower_0.05/train/geranium/486.jpg	Green leaves.
../dataset/datasets/imb_flower_0.05/train/geranium/506.jpg	Dark green leaves.
../dataset/datasets/imb_flower_0.05/train/geranium/502.jpg	The background is green foliage.
../dataset/datasets/imb_flower_0.05/train/geranium/490.jpg	Dark green leaves.
../dataset/datasets/imb_flower_0.05/train/geranium/504.jpg	Dark green leaves.
../dataset/datasets/imb_flower_0.05/train/geranium/492.jpg	Dark green leaves.
../dataset/datasets/imb_flower_0.05/train/geranium/494.jpg	Green leaves.
../dataset/datasets/imb_flower_0.05/train/geranium/483.jpg	Dark green leaves.
../dataset/datasets/imb_flower_0.05/train/geranium/499.jpg	Dark green leaves.
../dataset/datasets/imb_flower_0.05/train/geranium/505.jpg	Green leaves.
../dataset/datasets/imb_flower_0.05/train/geranium/491.jpg	Dark green leaves.
../dataset/datasets/imb_flower_0.05/train/geranium/488.jpg	Dark green leaves.
../dataset/datasets/imb_flower_0.05/train/geranium/498.jpg	Dark green leaves.
../dataset/datasets/imb_flower_0.05/train/geranium/489.jpg	Dark green leaves.
../dataset/datasets/imb_flower_0.05/train/geranium/497.jpg	Dark green foliage.
../dataset/datasets/imb_flower_0.05/train/geranium/501.jpg	Green leaves.
../dataset/datasets/imb_flower_0.05/train/geranium/487.jpg	Dark green leaves.
../dataset/datasets/imb_flower_0.05/train/geranium/495.jpg	Green leaves.
../dataset/datasets/imb_flower_0.05/train/geranium/503.jpg	Dark green foliage.
../dataset/datasets/imb_flower_0.05/train/geranium/496.jpg	Dark green leaves.
../dataset/datasets/imb_flower_0.05/train/geranium/482.jpg	Dark green leaves.
../dataset/datasets/imb_flower_0.05/train/geranium/484.jpg	Dark green leaves.
../dataset/datasets/imb_flower_0.05/train/geranium/485.jpg	Dark green leaves surround 'a flower'.
../dataset/datasets/imb_flower_0.05/train/orange_dahlia/1024.jpg	Dark green leaves.
../dataset/datasets/imb_flower_0.05/train/orange_dahlia/1020.jpg	Green leaves, blurred background.
../dataset/datasets/imb_flower_0.05/train/orange_dahlia/1023.jpg	Green leaves and stems.
../dataset/datasets/imb_flower_0.05/train/orange_dahlia/1019.jpg	Dark green leaves.
../dataset/datasets/imb_flower_0.05/train/orange_dahlia/1022.jpg	The background is green and blurred.
../dataset/datasets/imb_flower_0.05/train/orange_dahlia/1021.jpg	The background is blurred green foliage.
../dataset/datasets/imb_flower_0.05/train/orange_dahlia/1018.jpg	Green leaves and stems.
../dataset/datasets/imb_flower_0.05/train/orange_dahlia/1016.jpg	The background is dark with green foliage and dried stems.
../dataset/datasets/imb_flower_0.05/train/orange_dahlia/1017.jpg	Green leaves, blurred background.
../dataset/datasets/imb_flower_0.05/train/pink-yellow_dahlia/587.jpg	Green leaves.
../dataset/datasets/imb_flower_0.05/train/pink-yellow_dahlia/588.jpg	Green leaves.
../dataset/datasets/imb_flower_0.05/train/pink-yellow_dahlia/584.jpg	Green leaves and blurred background.
../dataset/datasets/imb_flower_0.05/train/pink-yellow_dahlia/596.jpg	The background is green foliage.
../dataset/datasets/imb_flower_0.05/train/pink-yellow_dahlia/581.jpg	The background is green foliage.
../dataset/datasets/imb_flower_0.05/train/pink-yellow_dahlia/592.jpg	Green leaves.
../dataset/datasets/imb_flower_0.05/train/pink-yellow_dahlia/585.jpg	Green leaves, dark background.
../dataset/datasets/imb_flower_0.05/train/pink-yellow_dahlia/597.jpg	Dark green foliage.
../dataset/datasets/imb_flower_0.05/train/pink-yellow_dahlia/593.jpg	Green leaves.
../dataset/datasets/imb_flower_0.05/train/pink-yellow_dahlia/594.jpg	The background is dark green foliage.
../dataset/datasets/imb_flower_0.05/train/pink-yellow_dahlia/582.jpg	Green leaves.
../dataset/datasets/imb_flower_0.05/train/pink-yellow_dahlia/595.jpg	Green leaves.
../dataset/datasets/imb_flower_0.05/train/pink-yellow_dahlia/583.jpg	Blurred green foliage.
../dataset/datasets/imb_flower_0.05/train/pink-yellow_dahlia/578.jpg	Green leaves and buds.
../dataset/datasets/imb_flower_0.05/train/pink-yellow_dahlia/591.jpg	Green leaves and blurred flowers.
../dataset/datasets/imb_flower_0.05/train/pink-yellow_dahlia/580.jpg	Green leaves and blurred background.
../dataset/datasets/imb_flower_0.05/train/pink-yellow_dahlia/590.jpg	Green leaves.
../dataset/datasets/imb_flower_0.05/train/pink-yellow_dahlia/589.jpg	Dark green leaves.
../dataset/datasets/imb_flower_0.05/train/pink-yellow_dahlia/577.jpg	Green leaves surround a flower.
../dataset/datasets/imb_flower_0.05/train/pink-yellow_dahlia/598.jpg	Green leaves, soil.
../dataset/datasets/imb_flower_0.05/train/pink-yellow_dahlia/586.jpg	Green leaves.
../dataset/datasets/imb_flower_0.05/train/pink-yellow_dahlia/579.jpg	Green leaves.
../dataset/datasets/imb_flower_0.05/train/cautleya_spicata/1164.jpg	The background is green foliage.
../dataset/datasets/imb_flower_0.05/train/cautleya_spicata/1167.jpg	The background is green foliage.
../dataset/datasets/imb_flower_0.05/train/cautleya_spicata/1166.jpg	Green leaves.
../dataset/datasets/imb_flower_0.05/train/cautleya_spicata/1165.jpg	The background is green foliage.
../dataset/datasets/imb_flower_0.05/train/japanese_anemone/1139.jpg	A flower with pink petals and yellow center, set against a wooden backdrop.
../dataset/datasets/imb_flower_0.05/train/japanese_anemone/1141.jpg	A flower with a blurred green background.
../dataset/datasets/imb_flower_0.05/train/japanese_anemone/1137.jpg	The background is green foliage.
../dataset/datasets/imb_flower_0.05/train/japanese_anemone/1140.jpg	The background is green foliage.
../dataset/datasets/imb_flower_0.05/train/japanese_anemone/1138.jpg	Blurred green and purple hues.
../dataset/datasets/imb_flower_0.05/train/black-eyed_susan/1142.jpg	Blurred green leaves.
../dataset/datasets/imb_flower_0.05/train/black-eyed_susan/1145.jpg	Blurred green and yellow.
../dataset/datasets/imb_flower_0.05/train/black-eyed_susan/1143.jpg	The background is blurred green foliage.
../dataset/datasets/imb_flower_0.05/train/black-eyed_susan/1146.jpg	The background is blurred green foliage.
../dataset/datasets/imb_flower_0.05/train/black-eyed_susan/1144.jpg	Blurred green grass.
../dataset/datasets/imb_flower_0.05/train/silverbush/1162.jpg	Dark green foliage.
../dataset/datasets/imb_flower_0.05/train/silverbush/1160.jpg	Green leaves.
../dataset/datasets/imb_flower_0.05/train/silverbush/1161.jpg	The background is green foliage.
../dataset/datasets/imb_flower_0.05/train/silverbush/1163.jpg	The background is blurred green foliage.
../dataset/datasets/imb_flower_0.05/train/californian_poppy/645.jpg	Green foliage.
../dataset/datasets/imb_flower_0.05/train/californian_poppy/659.jpg	Green leaves, blurred background.
../dataset/datasets/imb_flower_0.05/train/californian_poppy/648.jpg	Green foliage.
../dataset/datasets/imb_flower_0.05/train/californian_poppy/647.jpg	The background is blurred green foliage.
../dataset/datasets/imb_flower_0.05/train/californian_poppy/649.jpg	Green foliage.
../dataset/datasets/imb_flower_0.05/train/californian_poppy/641.jpg	Green foliage.
../dataset/datasets/imb_flower_0.05/train/californian_poppy/642.jpg	Green foliage.
../dataset/datasets/imb_flower_0.05/train/californian_poppy/654.jpg	Green foliage, blurred background.
../dataset/datasets/imb_flower_0.05/train/californian_poppy/646.jpg	The background is blurred, with green moss and brown earth tones.
../dataset/datasets/imb_flower_0.05/train/californian_poppy/651.jpg	Green, blurred leaves.
../dataset/datasets/imb_flower_0.05/train/californian_poppy/644.jpg	Green leaves and blurred background.
../dataset/datasets/imb_flower_0.05/train/californian_poppy/643.jpg	Blurred green foliage.
../dataset/datasets/imb_flower_0.05/train/californian_poppy/655.jpg	Blurred green foliage.
../dataset/datasets/imb_flower_0.05/train/californian_poppy/657.jpg	Green foliage.
../dataset/datasets/imb_flower_0.05/train/californian_poppy/660.jpg	Blurred green foliage.
../dataset/datasets/imb_flower_0.05/train/californian_poppy/652.jpg	Blurred green foliage.
../dataset/datasets/imb_flower_0.05/train/californian_poppy/650.jpg	Green, blurred foliage.
../dataset/datasets/imb_flower_0.05/train/californian_poppy/658.jpg	Blurred green foliage.
../dataset/datasets/imb_flower_0.05/train/californian_poppy/653.jpg	Green leaves, blurred background.
../dataset/datasets/imb_flower_0.05/train/californian_poppy/656.jpg	Green foliage, blurred.
../dataset/datasets/imb_flower_0.05/train/osteospermum/1095.jpg	The background is blurred, with muted earth tones.
../dataset/datasets/imb_flower_0.05/train/osteospermum/1097.jpg	Green leaves and buds.
../dataset/datasets/imb_flower_0.05/train/osteospermum/1094.jpg	The background is blurred green foliage.
../dataset/datasets/imb_flower_0.05/train/osteospermum/1092.jpg	Green leaves.
../dataset/datasets/imb_flower_0.05/train/osteospermum/1096.jpg	Green leaves and blurred background.
../dataset/datasets/imb_flower_0.05/train/osteospermum/1093.jpg	Blurred green and brown.
../dataset/datasets/imb_flower_0.05/train/spring_crocus/1214.jpg	Blurred grass and leaves.
../dataset/datasets/imb_flower_0.05/train/spring_crocus/1215.jpg	Brown leaves, dark soil.
../dataset/datasets/imb_flower_0.05/train/bearded_iris/1151.jpg	Green grass.
../dataset/datasets/imb_flower_0.05/train/bearded_iris/1150.jpg	Green grass.
../dataset/datasets/imb_flower_0.05/train/bearded_iris/1147.jpg	Green grass.
../dataset/datasets/imb_flower_0.05/train/bearded_iris/1149.jpg	Green grass.
../dataset/datasets/imb_flower_0.05/train/bearded_iris/1148.jpg	Green grass.
../dataset/datasets/imb_flower_0.05/train/windflower/1154.jpg	A flower with a blurred green background.
../dataset/datasets/imb_flower_0.05/train/windflower/1153.jpg	The background consists of green leaves and brown branches.
../dataset/datasets/imb_flower_0.05/train/windflower/1152.jpg	The background is green foliage.
../dataset/datasets/imb_flower_0.05/train/windflower/1155.jpg	The background is green and earthy.
../dataset/datasets/imb_flower_0.05/train/tree_poppy/1049.jpg	Green foliage.
../dataset/datasets/imb_flower_0.05/train/tree_poppy/1053.jpg	Green foliage, blurred.
../dataset/datasets/imb_flower_0.05/train/tree_poppy/1054.jpg	Green leaves and brown soil.
../dataset/datasets/imb_flower_0.05/train/tree_poppy/1056.jpg	The background is green foliage.
../dataset/datasets/imb_flower_0.05/train/tree_poppy/1055.jpg	Green foliage.
../dataset/datasets/imb_flower_0.05/train/tree_poppy/1051.jpg	Blurred green and brown.
../dataset/datasets/imb_flower_0.05/train/tree_poppy/1052.jpg	Green leaves.
../dataset/datasets/imb_flower_0.05/train/tree_poppy/1050.jpg	Green leaves and stems.
../dataset/datasets/imb_flower_0.05/train/gazania/926.jpg	Green leaves, blurred background.
../dataset/datasets/imb_flower_0.05/train/gazania/933.jpg	Green leaves.
../dataset/datasets/imb_flower_0.05/train/gazania/928.jpg	Green leaves and blurred background.
../dataset/datasets/imb_flower_0.05/train/gazania/931.jpg	Green leaves and soil.
../dataset/datasets/imb_flower_0.05/train/gazania/923.jpg	Green leaves and stems.
../dataset/datasets/imb_flower_0.05/train/gazania/924.jpg	Dark green leaves.
../dataset/datasets/imb_flower_0.05/train/gazania/927.jpg	The background is soil and mulch.
../dataset/datasets/imb_flower_0.05/train/gazania/925.jpg	Green leaves, blurred background.
../dataset/datasets/imb_flower_0.05/train/gazania/929.jpg	Green leaves and soil.
../dataset/datasets/imb_flower_0.05/train/gazania/932.jpg	Green leaves.
../dataset/datasets/imb_flower_0.05/train/gazania/934.jpg	Green leaves, soil, pebbles.
../dataset/datasets/imb_flower_0.05/train/gazania/930.jpg	The background is green foliage.
../dataset/datasets/imb_flower_0.05/train/azalea/673.jpg	Dark and blurred.
../dataset/datasets/imb_flower_0.05/train/azalea/668.jpg	The background is blurred with green and purple hues.
../dataset/datasets/imb_flower_0.05/train/azalea/661.jpg	Green leaves and blurred background.
../dataset/datasets/imb_flower_0.05/train/azalea/677.jpg	The background is green foliage.
../dataset/datasets/imb_flower_0.05/train/azalea/674.jpg	The background is blurred green foliage.
../dataset/datasets/imb_flower_0.05/train/azalea/667.jpg	The background is blurred, with green foliage and a hint of brick wall.
../dataset/datasets/imb_flower_0.05/train/azalea/666.jpg	Green foliage.
../dataset/datasets/imb_flower_0.05/train/azalea/671.jpg	Green leaves and blurred background.
../dataset/datasets/imb_flower_0.05/train/azalea/662.jpg	Green leaves, white wall, tree branches.
../dataset/datasets/imb_flower_0.05/train/azalea/679.jpg	The background is filled with more pink flowers and green leaves.
../dataset/datasets/imb_flower_0.05/train/azalea/665.jpg	Green leaves and blurred flowers.
../dataset/datasets/imb_flower_0.05/train/azalea/664.jpg	The background is a mix of soil and small rocks.
../dataset/datasets/imb_flower_0.05/train/azalea/676.jpg	Blurred green and brown.
../dataset/datasets/imb_flower_0.05/train/azalea/669.jpg	The background is blurred with more pink flowers and green leaves.
../dataset/datasets/imb_flower_0.05/train/azalea/672.jpg	The background is blurred, with warm tones.
../dataset/datasets/imb_flower_0.05/train/azalea/675.jpg	The background is blurred green foliage.
../dataset/datasets/imb_flower_0.05/train/azalea/680.jpg	The background is green foliage.
../dataset/datasets/imb_flower_0.05/train/azalea/678.jpg	The background is green foliage.
../dataset/datasets/imb_flower_0.05/train/azalea/670.jpg	The background is green foliage.
../dataset/datasets/imb_flower_0.05/train/azalea/663.jpg	The background is blurred green.
../dataset/datasets/imb_flower_0.05/train/water_lily/147.jpg	Dark, water-like surface.
../dataset/datasets/imb_flower_0.05/train/water_lily/134.jpg	Green leaves and water.
../dataset/datasets/imb_flower_0.05/train/water_lily/127.jpg	Dark water with green leaves.
../dataset/datasets/imb_flower_0.05/train/water_lily/148.jpg	A flower on green leaves, water below.
../dataset/datasets/imb_flower_0.05/train/water_lily/132.jpg	Green leaves and water.
../dataset/datasets/imb_flower_0.05/train/water_lily/145.jpg	Green leaves.
../dataset/datasets/imb_flower_0.05/train/water_lily/130.jpg	The background is dark water with green leaves.
../dataset/datasets/imb_flower_0.05/train/water_lily/139.jpg	Dark water with lily pads.
../dataset/datasets/imb_flower_0.05/train/water_lily/116.jpg	The background is green and water-like.
../dataset/datasets/imb_flower_0.05/train/water_lily/146.jpg	Green leaves and water.
../dataset/datasets/imb_flower_0.05/train/water_lily/125.jpg	Green lily pads and water.
../dataset/datasets/imb_flower_0.05/train/water_lily/121.jpg	Green leaves and water.
../dataset/datasets/imb_flower_0.05/train/water_lily/118.jpg	The background is dark and leafy.
../dataset/datasets/imb_flower_0.05/train/water_lily/133.jpg	Water and leaves.
../dataset/datasets/imb_flower_0.05/train/water_lily/122.jpg	Dark, water-like background.
../dataset/datasets/imb_flower_0.05/train/water_lily/143.jpg	Green water and leaves.
../dataset/datasets/imb_flower_0.05/train/water_lily/141.jpg	The background is dark and water-like.
../dataset/datasets/imb_flower_0.05/train/water_lily/119.jpg	Dark, green leaves.
../dataset/datasets/imb_flower_0.05/train/water_lily/144.jpg	Water and lily pads.
../dataset/datasets/imb_flower_0.05/train/water_lily/124.jpg	Dark green foliage and water.
../dataset/datasets/imb_flower_0.05/train/water_lily/135.jpg	Green leaves and water.
../dataset/datasets/imb_flower_0.05/train/water_lily/149.jpg	Dark water with reflections.
../dataset/datasets/imb_flower_0.05/train/water_lily/136.jpg	Green leaves.
../dataset/datasets/imb_flower_0.05/train/water_lily/114.jpg	Green leaves and water.
../dataset/datasets/imb_flower_0.05/train/water_lily/117.jpg	Green leaves with water droplets.
../dataset/datasets/imb_flower_0.05/train/water_lily/140.jpg	The background is water with green lily pads.
../dataset/datasets/imb_flower_0.05/train/water_lily/115.jpg	The background is dark and out of focus, highlighting the flower.
../dataset/datasets/imb_flower_0.05/train/water_lily/123.jpg	Green leaves, dark water.
../dataset/datasets/imb_flower_0.05/train/water_lily/120.jpg	The background is dark water with green lily pads.
../dataset/datasets/imb_flower_0.05/train/water_lily/129.jpg	Green leaves and water.
../dataset/datasets/imb_flower_0.05/train/water_lily/131.jpg	The background is black.
../dataset/datasets/imb_flower_0.05/train/water_lily/128.jpg	The background is green and leafy.
../dataset/datasets/imb_flower_0.05/train/water_lily/138.jpg	The background consists of green leaves and water.
../dataset/datasets/imb_flower_0.05/train/water_lily/137.jpg	Dark green leaves and black background.
../dataset/datasets/imb_flower_0.05/train/water_lily/142.jpg	Dark green leaves.
../dataset/datasets/imb_flower_0.05/train/water_lily/126.jpg	Green leaves, water.
../dataset/datasets/imb_flower_0.05/train/rose/205.jpg	Green leaves and blurred flowers.
../dataset/datasets/imb_flower_0.05/train/rose/185.jpg	The background is blurred, with soft colors.
../dataset/datasets/imb_flower_0.05/train/rose/214.jpg	Blurred, soft focus.
../dataset/datasets/imb_flower_0.05/train/rose/209.jpg	Green foliage.
../dataset/datasets/imb_flower_0.05/train/rose/200.jpg	Green leaves and blurred background.
../dataset/datasets/imb_flower_0.05/train/rose/206.jpg	The background is blurred, focusing attention on 'a flower'.
../dataset/datasets/imb_flower_0.05/train/rose/210.jpg	The background is green foliage and a blurred sign.
../dataset/datasets/imb_flower_0.05/train/rose/213.jpg	Green leaves, blurred background.
../dataset/datasets/imb_flower_0.05/train/rose/202.jpg	The background is green foliage.
../dataset/datasets/imb_flower_0.05/train/rose/192.jpg	Green leaves, blurred background.
../dataset/datasets/imb_flower_0.05/train/rose/194.jpg	A flower with green leaves and a blurred brick wall.
../dataset/datasets/imb_flower_0.05/train/rose/208.jpg	Dark, blurred leaves.
../dataset/datasets/imb_flower_0.05/train/rose/188.jpg	The background is blurred and dark.
../dataset/datasets/imb_flower_0.05/train/rose/212.jpg	Green leaves and shadows.
../dataset/datasets/imb_flower_0.05/train/rose/187.jpg	Green leaves, blurred background.
../dataset/datasets/imb_flower_0.05/train/rose/199.jpg	A flower against a brick wall with green leaves.
../dataset/datasets/imb_flower_0.05/train/rose/215.jpg	The background is blurred with green and brown tones.
../dataset/datasets/imb_flower_0.05/train/rose/191.jpg	Blurred green and orange.
../dataset/datasets/imb_flower_0.05/train/rose/201.jpg	Dark, blurred.
../dataset/datasets/imb_flower_0.05/train/rose/196.jpg	Dark, blurred leaves.
../dataset/datasets/imb_flower_0.05/train/rose/211.jpg	The background is blurred green foliage.
../dataset/datasets/imb_flower_0.05/train/rose/204.jpg	Blurred, out-of-focus green and brown.
../dataset/datasets/imb_flower_0.05/train/rose/193.jpg	The background is blurred and neutral.
../dataset/datasets/imb_flower_0.05/train/rose/217.jpg	The background is blurred green foliage.
../dataset/datasets/imb_flower_0.05/train/rose/189.jpg	A flower is surrounded by green foliage and blurred pink blossoms.
../dataset/datasets/imb_flower_0.05/train/rose/207.jpg	Blurred greenery.
../dataset/datasets/imb_flower_0.05/train/rose/186.jpg	Dark green leaves.
../dataset/datasets/imb_flower_0.05/train/rose/218.jpg	The background is blurred and dark.
../dataset/datasets/imb_flower_0.05/train/rose/190.jpg	The background is blurred and warm-toned.
../dataset/datasets/imb_flower_0.05/train/rose/197.jpg	The background is dark soil and green leaves.
../dataset/datasets/imb_flower_0.05/train/rose/203.jpg	Green leaves and blurred background.
../dataset/datasets/imb_flower_0.05/train/rose/216.jpg	Dark, blurred leaves.
../dataset/datasets/imb_flower_0.05/train/rose/198.jpg	Dark, blurred leaves.
../dataset/datasets/imb_flower_0.05/train/rose/195.jpg	Blurred green leaves.
../dataset/datasets/imb_flower_0.05/train/thorn_apple/480.jpg	Dark green leaves.
../dataset/datasets/imb_flower_0.05/train/thorn_apple/461.jpg	Dark green leaves.
../dataset/datasets/imb_flower_0.05/train/thorn_apple/468.jpg	Green leaves and sunlight.
../dataset/datasets/imb_flower_0.05/train/thorn_apple/479.jpg	The background is dark.
../dataset/datasets/imb_flower_0.05/train/thorn_apple/474.jpg	A flower against a brick wall.
../dataset/datasets/imb_flower_0.05/train/thorn_apple/477.jpg	Dark green leaves, brown soil.
../dataset/datasets/imb_flower_0.05/train/thorn_apple/458.jpg	Dark green leaves.
../dataset/datasets/imb_flower_0.05/train/thorn_apple/463.jpg	Green foliage and soil.
../dataset/datasets/imb_flower_0.05/train/thorn_apple/459.jpg	Blurred greenery.
../dataset/datasets/imb_flower_0.05/train/thorn_apple/471.jpg	The background is green and earthy, with hints of brown and white.
../dataset/datasets/imb_flower_0.05/train/thorn_apple/465.jpg	The background is dark.
../dataset/datasets/imb_flower_0.05/train/thorn_apple/456.jpg	The background includes a mesh fence and soil.
../dataset/datasets/imb_flower_0.05/train/thorn_apple/466.jpg	The background is green foliage.
../dataset/datasets/imb_flower_0.05/train/thorn_apple/476.jpg	The background is green foliage and soil.
../dataset/datasets/imb_flower_0.05/train/thorn_apple/469.jpg	A flower against a brick wall with green foliage.
../dataset/datasets/imb_flower_0.05/train/thorn_apple/460.jpg	Dark green leaves.
../dataset/datasets/imb_flower_0.05/train/thorn_apple/475.jpg	Dark, leafy background.
../dataset/datasets/imb_flower_0.05/train/thorn_apple/462.jpg	The background is green foliage.
../dataset/datasets/imb_flower_0.05/train/thorn_apple/478.jpg	Dark green leaves.
../dataset/datasets/imb_flower_0.05/train/thorn_apple/467.jpg	Wooden fence.
../dataset/datasets/imb_flower_0.05/train/thorn_apple/481.jpg	Green foliage and sunlight.
../dataset/datasets/imb_flower_0.05/train/thorn_apple/473.jpg	Dark green foliage.
../dataset/datasets/imb_flower_0.05/train/thorn_apple/470.jpg	Green leaves and stems.
../dataset/datasets/imb_flower_0.05/train/thorn_apple/464.jpg	Dark green leaves.
../dataset/datasets/imb_flower_0.05/train/thorn_apple/457.jpg	Green leaves.
../dataset/datasets/imb_flower_0.05/train/thorn_apple/472.jpg	Dark, wooden fence.
../dataset/datasets/imb_flower_0.05/train/morning_glory/610.jpg	Green foliage, blurred background.
../dataset/datasets/imb_flower_0.05/train/morning_glory/604.jpg	A flower against a blurred fence and green leaves.
../dataset/datasets/imb_flower_0.05/train/morning_glory/601.jpg	Green leaves and blurred purple petals.
../dataset/datasets/imb_flower_0.05/train/morning_glory/613.jpg	A flower with a wooden backdrop.
../dataset/datasets/imb_flower_0.05/train/morning_glory/603.jpg	Green leaves and blurred background.
../dataset/datasets/imb_flower_0.05/train/morning_glory/614.jpg	The background consists of green leaves and stems.
../dataset/datasets/imb_flower_0.05/train/morning_glory/602.jpg	Green leaves and stems.
../dataset/datasets/imb_flower_0.05/train/morning_glory/607.jpg	Blurred green leaves.
../dataset/datasets/imb_flower_0.05/train/morning_glory/616.jpg	Green leaves, yellow flowers.
../dataset/datasets/imb_flower_0.05/train/morning_glory/599.jpg	Green leaves and grass.
../dataset/datasets/imb_flower_0.05/train/morning_glory/619.jpg	Green leaves and sunlight.
../dataset/datasets/imb_flower_0.05/train/morning_glory/612.jpg	Green leaves and vines.
../dataset/datasets/imb_flower_0.05/train/morning_glory/611.jpg	Green foliage.
../dataset/datasets/imb_flower_0.05/train/morning_glory/609.jpg	Dark green leaves.
../dataset/datasets/imb_flower_0.05/train/morning_glory/618.jpg	The background is blurred greenery.
../dataset/datasets/imb_flower_0.05/train/morning_glory/617.jpg	Green leaves and stems.
../dataset/datasets/imb_flower_0.05/train/morning_glory/608.jpg	Green leaves and blurred grass.
../dataset/datasets/imb_flower_0.05/train/morning_glory/600.jpg	Clear blue sky.
../dataset/datasets/imb_flower_0.05/train/morning_glory/615.jpg	Green leaves.
../dataset/datasets/imb_flower_0.05/train/morning_glory/606.jpg	Green leaves and stems.
../dataset/datasets/imb_flower_0.05/train/morning_glory/605.jpg	Green foliage, rusty metal.
../dataset/datasets/imb_flower_0.05/train/passion_flower/61.jpg	Green leaves and blurred background.
../dataset/datasets/imb_flower_0.05/train/passion_flower/70.jpg	Green leaves and stems.
../dataset/datasets/imb_flower_0.05/train/passion_flower/51.jpg	The background is blurred greenery.
../dataset/datasets/imb_flower_0.05/train/passion_flower/40.jpg	Green leaves.
../dataset/datasets/imb_flower_0.05/train/passion_flower/41.jpg	The background is green and blurred.
../dataset/datasets/imb_flower_0.05/train/passion_flower/55.jpg	Green leaves and blurred background.
../dataset/datasets/imb_flower_0.05/train/passion_flower/66.jpg	The background is blurred green foliage.
../dataset/datasets/imb_flower_0.05/train/passion_flower/53.jpg	The background is green and earthy.
../dataset/datasets/imb_flower_0.05/train/passion_flower/54.jpg	A flower against a clear blue sky.
../dataset/datasets/imb_flower_0.05/train/passion_flower/52.jpg	Green leaves and vines.
../dataset/datasets/imb_flower_0.05/train/passion_flower/69.jpg	A flower is held in front of a car interior with two people visible.
../dataset/datasets/imb_flower_0.05/train/passion_flower/72.jpg	Green foliage, blurred background.
../dataset/datasets/imb_flower_0.05/train/passion_flower/59.jpg	The background is green foliage with water droplets.
../dataset/datasets/imb_flower_0.05/train/passion_flower/68.jpg	The background is red.
../dataset/datasets/imb_flower_0.05/train/passion_flower/60.jpg	Green leaves, blurred background.
../dataset/datasets/imb_flower_0.05/train/passion_flower/39.jpg	Dark and blurred.
../dataset/datasets/imb_flower_0.05/train/passion_flower/67.jpg	The background is blurred green foliage.
../dataset/datasets/imb_flower_0.05/train/passion_flower/48.jpg	The background is green foliage.
../dataset/datasets/imb_flower_0.05/train/passion_flower/71.jpg	A flower with green leaves and blurred background.
../dataset/datasets/imb_flower_0.05/train/passion_flower/57.jpg	A flower with green leaves and a wooden fence.
../dataset/datasets/imb_flower_0.05/train/passion_flower/49.jpg	Green leaves and blurred background.
../dataset/datasets/imb_flower_0.05/train/passion_flower/62.jpg	Green leaves and blurred background.
../dataset/datasets/imb_flower_0.05/train/passion_flower/42.jpg	The background is green foliage.
../dataset/datasets/imb_flower_0.05/train/passion_flower/47.jpg	Green leaves.
../dataset/datasets/imb_flower_0.05/train/passion_flower/46.jpg	A flower with green leaves and red brick wall.
../dataset/datasets/imb_flower_0.05/train/passion_flower/45.jpg	The background consists of green leaves and stems.
../dataset/datasets/imb_flower_0.05/train/passion_flower/58.jpg	Green leaves.
../dataset/datasets/imb_flower_0.05/train/passion_flower/65.jpg	Green leaves and buds.
../dataset/datasets/imb_flower_0.05/train/passion_flower/76.jpg	Green foliage and support structure.
../dataset/datasets/imb_flower_0.05/train/passion_flower/43.jpg	Green foliage, blurred background.
../dataset/datasets/imb_flower_0.05/train/passion_flower/44.jpg	The background is green and blurred, with leaves visible.
../dataset/datasets/imb_flower_0.05/train/passion_flower/50.jpg	Green leaves.
../dataset/datasets/imb_flower_0.05/train/passion_flower/75.jpg	Green leaves.
../dataset/datasets/imb_flower_0.05/train/passion_flower/63.jpg	Green leaves.
../dataset/datasets/imb_flower_0.05/train/passion_flower/73.jpg	The background is dark and leafy.
../dataset/datasets/imb_flower_0.05/train/passion_flower/74.jpg	The background is green foliage.
../dataset/datasets/imb_flower_0.05/train/passion_flower/64.jpg	The background is green foliage.
../dataset/datasets/imb_flower_0.05/train/passion_flower/56.jpg	Green leaves, soil.
../dataset/datasets/imb_flower_0.05/train/lotus/331.jpg	The background is blurred green foliage.
../dataset/datasets/imb_flower_0.05/train/lotus/325.jpg	Blurred green and brown.
../dataset/datasets/imb_flower_0.05/train/lotus/335.jpg	The background is green and blurred.
../dataset/datasets/imb_flower_0.05/train/lotus/319.jpg	A flower is surrounded by green leaves.
../dataset/datasets/imb_flower_0.05/train/lotus/324.jpg	Blurred green leaves.
../dataset/datasets/imb_flower_0.05/train/lotus/330.jpg	Green foliage and water.
../dataset/datasets/imb_flower_0.05/train/lotus/320.jpg	The background is blurred green foliage.
../dataset/datasets/imb_flower_0.05/train/lotus/315.jpg	Green leaves and blurred background.
../dataset/datasets/imb_flower_0.05/train/lotus/329.jpg	Green leaves and blurred background.
../dataset/datasets/imb_flower_0.05/train/lotus/343.jpg	The background is blurred green foliage.
../dataset/datasets/imb_flower_0.05/train/lotus/336.jpg	A flower with a blurred blue background.
../dataset/datasets/imb_flower_0.05/train/lotus/323.jpg	Blurred green leaves.
../dataset/datasets/imb_flower_0.05/train/lotus/322.jpg	Green grass and leaves.
../dataset/datasets/imb_flower_0.05/train/lotus/342.jpg	The background consists of green leaves and stems.
../dataset/datasets/imb_flower_0.05/train/lotus/338.jpg	Green leaves with water droplets.
../dataset/datasets/imb_flower_0.05/train/lotus/327.jpg	Green leaves and grass.
../dataset/datasets/imb_flower_0.05/train/lotus/340.jpg	Blurred green leaves and soft focus.
../dataset/datasets/imb_flower_0.05/train/lotus/326.jpg	Green leaves.
../dataset/datasets/imb_flower_0.05/train/lotus/339.jpg	A flower with blurred greenery and hills in the background.
../dataset/datasets/imb_flower_0.05/train/lotus/344.jpg	The background is green foliage.
../dataset/datasets/imb_flower_0.05/train/lotus/333.jpg	The background is a soft blue sky with green leaves.
../dataset/datasets/imb_flower_0.05/train/lotus/318.jpg	Green leaves and water.
../dataset/datasets/imb_flower_0.05/train/lotus/337.jpg	The background is blurred green foliage.
../dataset/datasets/imb_flower_0.05/train/lotus/321.jpg	A flower against a blue sky.
../dataset/datasets/imb_flower_0.05/train/lotus/316.jpg	The background consists of green leaves and stems.
../dataset/datasets/imb_flower_0.05/train/lotus/332.jpg	The background consists of green leaves and stems.
../dataset/datasets/imb_flower_0.05/train/lotus/317.jpg	Clear blue sky.
../dataset/datasets/imb_flower_0.05/train/lotus/334.jpg	The background is dark.
../dataset/datasets/imb_flower_0.05/train/lotus/328.jpg	The background is green and blurred.
../dataset/datasets/imb_flower_0.05/train/lotus/341.jpg	Green leaves.
../dataset/datasets/imb_flower_0.05/train/toad_lily/1237.jpg	Green leaves, blurred background.
../dataset/datasets/imb_flower_0.05/train/anthurium/620.jpg	The background is dark and blurred, with green foliage.
../dataset/datasets/imb_flower_0.05/train/anthurium/626.jpg	The background is blurred greenery.
../dataset/datasets/imb_flower_0.05/train/anthurium/634.jpg	The background is green foliage and purple flowers.
../dataset/datasets/imb_flower_0.05/train/anthurium/622.jpg	The background is dark and blurred, possibly metal bars.
../dataset/datasets/imb_flower_0.05/train/anthurium/621.jpg	The background is lush green foliage.
../dataset/datasets/imb_flower_0.05/train/anthurium/630.jpg	A flower is set against a backdrop of trees and foliage, with sunlight filtering through.
../dataset/datasets/imb_flower_0.05/train/anthurium/628.jpg	The background consists of green leaves and a wooden surface.
../dataset/datasets/imb_flower_0.05/train/anthurium/625.jpg	Green leaves and blurred background.
../dataset/datasets/imb_flower_0.05/train/anthurium/637.jpg	The background is green foliage.
../dataset/datasets/imb_flower_0.05/train/anthurium/627.jpg	The background is dark and blurred.
../dataset/datasets/imb_flower_0.05/train/anthurium/629.jpg	The background consists of green leaves and grass.
../dataset/datasets/imb_flower_0.05/train/anthurium/624.jpg	The background is plain white.
../dataset/datasets/imb_flower_0.05/train/anthurium/623.jpg	The background is blurred with green and blue tones.
../dataset/datasets/imb_flower_0.05/train/anthurium/633.jpg	The background is green foliage.
../dataset/datasets/imb_flower_0.05/train/anthurium/639.jpg	Green foliage.
../dataset/datasets/imb_flower_0.05/train/anthurium/632.jpg	The background consists of green leaves and soil.
../dataset/datasets/imb_flower_0.05/train/anthurium/635.jpg	Dark green leaves.
../dataset/datasets/imb_flower_0.05/train/anthurium/631.jpg	The background is green foliage.
../dataset/datasets/imb_flower_0.05/train/anthurium/640.jpg	A flower against a white brick wall.
../dataset/datasets/imb_flower_0.05/train/anthurium/638.jpg	The background is dark green foliage.
../dataset/datasets/imb_flower_0.05/train/anthurium/636.jpg	The background consists of green leaves.
../dataset/datasets/imb_flower_0.05/train/frangipani/251.jpg	Green leaves.
../dataset/datasets/imb_flower_0.05/train/frangipani/234.jpg	Green leaves and blurred sunlight.
../dataset/datasets/imb_flower_0.05/train/frangipani/240.jpg	Green leaves and sunlight.
../dataset/datasets/imb_flower_0.05/train/frangipani/248.jpg	A flower against a clear blue sky.
../dataset/datasets/imb_flower_0.05/train/frangipani/245.jpg	Blurred greenery.
../dataset/datasets/imb_flower_0.05/train/frangipani/242.jpg	Green leaves.
../dataset/datasets/imb_flower_0.05/train/frangipani/224.jpg	The background is blurred with greenery and flowers.
../dataset/datasets/imb_flower_0.05/train/frangipani/241.jpg	Green leaves and dark background.
../dataset/datasets/imb_flower_0.05/train/frangipani/227.jpg	The background consists of green leaves and stems.
../dataset/datasets/imb_flower_0.05/train/frangipani/219.jpg	The background is green foliage.
../dataset/datasets/imb_flower_0.05/train/frangipani/221.jpg	Green leaves with dew.
../dataset/datasets/imb_flower_0.05/train/frangipani/235.jpg	Green grass and blurred foliage.
../dataset/datasets/imb_flower_0.05/train/frangipani/236.jpg	A flower with green leaves and water droplets.
../dataset/datasets/imb_flower_0.05/train/frangipani/250.jpg	Green foliage.
../dataset/datasets/imb_flower_0.05/train/frangipani/244.jpg	Blurred greenery and sky.
../dataset/datasets/imb_flower_0.05/train/frangipani/238.jpg	The background is blurred green foliage.
../dataset/datasets/imb_flower_0.05/train/frangipani/225.jpg	Dark green and blurred.
../dataset/datasets/imb_flower_0.05/train/frangipani/233.jpg	The background is a blue sky with green foliage.
../dataset/datasets/imb_flower_0.05/train/frangipani/247.jpg	Green leaves and blurred background.
../dataset/datasets/imb_flower_0.05/train/frangipani/222.jpg	Green leaves.
../dataset/datasets/imb_flower_0.05/train/frangipani/243.jpg	Green leaves and buds.
../dataset/datasets/imb_flower_0.05/train/frangipani/230.jpg	The background is black.
../dataset/datasets/imb_flower_0.05/train/frangipani/237.jpg	The background consists of green leaves and stems.
../dataset/datasets/imb_flower_0.05/train/frangipani/246.jpg	Green foliage.
../dataset/datasets/imb_flower_0.05/train/frangipani/220.jpg	The background is blurred, dark.
../dataset/datasets/imb_flower_0.05/train/frangipani/231.jpg	Green leaves and blurred foliage.
../dataset/datasets/imb_flower_0.05/train/frangipani/223.jpg	The background is green foliage.
../dataset/datasets/imb_flower_0.05/train/frangipani/229.jpg	Green leaves and stems.
../dataset/datasets/imb_flower_0.05/train/frangipani/226.jpg	Green grass and blurred flowers.
../dataset/datasets/imb_flower_0.05/train/frangipani/232.jpg	Green leaves.
../dataset/datasets/imb_flower_0.05/train/frangipani/249.jpg	The background is blurred green foliage.
../dataset/datasets/imb_flower_0.05/train/frangipani/228.jpg	The background is green foliage.
../dataset/datasets/imb_flower_0.05/train/frangipani/239.jpg	Green leaves, blurred background.
../dataset/datasets/imb_flower_0.05/train/clematis/523.jpg	Green leaves.
../dataset/datasets/imb_flower_0.05/train/clematis/508.jpg	The background is green foliage.
../dataset/datasets/imb_flower_0.05/train/clematis/516.jpg	Dark green leaves.
../dataset/datasets/imb_flower_0.05/train/clematis/521.jpg	Green leaves and wooden sticks.
../dataset/datasets/imb_flower_0.05/train/clematis/512.jpg	A flower against wooden fence.
../dataset/datasets/imb_flower_0.05/train/clematis/526.jpg	Green leaves and blurred background.
../dataset/datasets/imb_flower_0.05/train/clematis/519.jpg	The background is dark and blurred, with green leaves.
../dataset/datasets/imb_flower_0.05/train/clematis/511.jpg	Green leaves and blurred background.
../dataset/datasets/imb_flower_0.05/train/clematis/525.jpg	The background is green foliage and a wooden structure.
../dataset/datasets/imb_flower_0.05/train/clematis/518.jpg	Green leaves and blurred background.
../dataset/datasets/imb_flower_0.05/train/clematis/514.jpg	The background consists of green leaves and wooden surface.
../dataset/datasets/imb_flower_0.05/train/clematis/528.jpg	Green leaves and blurred background.
../dataset/datasets/imb_flower_0.05/train/clematis/513.jpg	Green leaves and buds.
../dataset/datasets/imb_flower_0.05/train/clematis/517.jpg	White wall, green leaves.
../dataset/datasets/imb_flower_0.05/train/clematis/530.jpg	The background is blurred with green leaves and hints of sunlight.
../dataset/datasets/imb_flower_0.05/train/clematis/509.jpg	Green leaves and blurred background.
../dataset/datasets/imb_flower_0.05/train/clematis/524.jpg	Green leaves and blurred background.
../dataset/datasets/imb_flower_0.05/train/clematis/522.jpg	The background is green foliage.
../dataset/datasets/imb_flower_0.05/train/clematis/510.jpg	A flower is set against a wooden lattice backdrop with green leaves.
../dataset/datasets/imb_flower_0.05/train/clematis/507.jpg	The background is green foliage.
../dataset/datasets/imb_flower_0.05/train/clematis/529.jpg	Green leaves and blurred background.
../dataset/datasets/imb_flower_0.05/train/clematis/515.jpg	Green leaves, blurred background.
../dataset/datasets/imb_flower_0.05/train/clematis/520.jpg	Green leaves and grass.
../dataset/datasets/imb_flower_0.05/train/clematis/527.jpg	Green leaves and vines.
../dataset/datasets/imb_flower_0.05/train/hibiscus/394.jpg	Green leaves and blurred background.
../dataset/datasets/imb_flower_0.05/train/hibiscus/390.jpg	The background is dark with green leaves.
../dataset/datasets/imb_flower_0.05/train/hibiscus/378.jpg	Green leaves and red flowers.
../dataset/datasets/imb_flower_0.05/train/hibiscus/401.jpg	Blurred green.
../dataset/datasets/imb_flower_0.05/train/hibiscus/400.jpg	Blurred greenery and flowers.
../dataset/datasets/imb_flower_0.05/train/hibiscus/377.jpg	The background is plain and light-colored.
../dataset/datasets/imb_flower_0.05/train/hibiscus/396.jpg	The background consists of green leaves.
../dataset/datasets/imb_flower_0.05/train/hibiscus/399.jpg	Green leaves, pink wall.
../dataset/datasets/imb_flower_0.05/train/hibiscus/392.jpg	Green leaves, blurred grass.
../dataset/datasets/imb_flower_0.05/train/hibiscus/376.jpg	The background is blurred green foliage.
../dataset/datasets/imb_flower_0.05/train/hibiscus/389.jpg	Dark green leaves.
../dataset/datasets/imb_flower_0.05/train/hibiscus/383.jpg	Green leaves, brown mulch.
../dataset/datasets/imb_flower_0.05/train/hibiscus/385.jpg	Green leaves, brown ground.
../dataset/datasets/imb_flower_0.05/train/hibiscus/379.jpg	The background includes green leaves and other plants.
../dataset/datasets/imb_flower_0.05/train/hibiscus/397.jpg	The background is green foliage and blurred structures.
../dataset/datasets/imb_flower_0.05/train/hibiscus/391.jpg	Dark green leaves.
../dataset/datasets/imb_flower_0.05/train/hibiscus/374.jpg	Green leaves.
../dataset/datasets/imb_flower_0.05/train/hibiscus/380.jpg	Dark green leaves.
../dataset/datasets/imb_flower_0.05/train/hibiscus/395.jpg	The background is green foliage.
../dataset/datasets/imb_flower_0.05/train/hibiscus/382.jpg	The background is green foliage.
../dataset/datasets/imb_flower_0.05/train/hibiscus/388.jpg	Green leaves, blurred background.
../dataset/datasets/imb_flower_0.05/train/hibiscus/393.jpg	Green leaves, blurred background.
../dataset/datasets/imb_flower_0.05/train/hibiscus/386.jpg	The background is green foliage.
../dataset/datasets/imb_flower_0.05/train/hibiscus/384.jpg	Green leaves and blurred background.
../dataset/datasets/imb_flower_0.05/train/hibiscus/381.jpg	Green leaves, soil, fence.
../dataset/datasets/imb_flower_0.05/train/hibiscus/387.jpg	A flower is set against a backdrop of green foliage and white wooden slats.
../dataset/datasets/imb_flower_0.05/train/hibiscus/375.jpg	Green leaves and blurred background.
../dataset/datasets/imb_flower_0.05/train/hibiscus/398.jpg	Green grass, trees, and houses.
../dataset/datasets/imb_flower_0.05/train/columbine/805.jpg	The background is blurred green foliage.
../dataset/datasets/imb_flower_0.05/train/columbine/815.jpg	The background is green foliage.
../dataset/datasets/imb_flower_0.05/train/columbine/802.jpg	Green leaves and blurred flowers.
../dataset/datasets/imb_flower_0.05/train/columbine/811.jpg	The background is blurred with other flowers and greenery.
../dataset/datasets/imb_flower_0.05/train/columbine/806.jpg	Dark, blurred green.
../dataset/datasets/imb_flower_0.05/train/columbine/804.jpg	A flower with a blurred stone backdrop.
../dataset/datasets/imb_flower_0.05/train/columbine/810.jpg	Blurred green foliage.
../dataset/datasets/imb_flower_0.05/train/columbine/803.jpg	A flower with yellow petals and green leaves, set against a blurred background of blue and green hues.
../dataset/datasets/imb_flower_0.05/train/columbine/807.jpg	The background is green and blurred, suggesting foliage.
../dataset/datasets/imb_flower_0.05/train/columbine/816.jpg	Dark leaves and blurred background.
../dataset/datasets/imb_flower_0.05/train/columbine/813.jpg	The background is blurred, dark green.
../dataset/datasets/imb_flower_0.05/train/columbine/814.jpg	The background is green and blurred, with hints of other flowers.
../dataset/datasets/imb_flower_0.05/train/columbine/808.jpg	The background is blurred green foliage.
../dataset/datasets/imb_flower_0.05/train/columbine/809.jpg	Green leaves.
../dataset/datasets/imb_flower_0.05/train/columbine/812.jpg	The background is blurred with earthy tones and greenery.
../dataset/datasets/imb_flower_0.05/train/desert-rose/1061.jpg	Green grass.
../dataset/datasets/imb_flower_0.05/train/desert-rose/1059.jpg	The background consists of soil and green leaves.
../dataset/datasets/imb_flower_0.05/train/desert-rose/1062.jpg	Dark, textured surface.
../dataset/datasets/imb_flower_0.05/train/desert-rose/1063.jpg	The background is blurred with green foliage and hints of pink flowers.
../dataset/datasets/imb_flower_0.05/train/desert-rose/1060.jpg	Green leaves and buds.
../dataset/datasets/imb_flower_0.05/train/desert-rose/1057.jpg	Green leaves and blurred background.
../dataset/datasets/imb_flower_0.05/train/desert-rose/1058.jpg	The background is green foliage.
../dataset/datasets/imb_flower_0.05/train/tree_mallow/1114.jpg	The background is green foliage with other flowers.
../dataset/datasets/imb_flower_0.05/train/tree_mallow/1113.jpg	The background is filled with white flowers.
../dataset/datasets/imb_flower_0.05/train/tree_mallow/1112.jpg	White wall, blurred.
../dataset/datasets/imb_flower_0.05/train/tree_mallow/1111.jpg	Green foliage.
../dataset/datasets/imb_flower_0.05/train/tree_mallow/1115.jpg	Green leaves.
../dataset/datasets/imb_flower_0.05/train/tree_mallow/1110.jpg	Green foliage.
../dataset/datasets/imb_flower_0.05/train/magnolia/1065.jpg	The background is blurred with other flowers and branches.
../dataset/datasets/imb_flower_0.05/train/magnolia/1064.jpg	Brown, dry ground with scattered leaves.
../dataset/datasets/imb_flower_0.05/train/magnolia/1070.jpg	Green foliage, blurred background.
../dataset/datasets/imb_flower_0.05/train/magnolia/1066.jpg	The background is a mix of brown and pink petals on the ground.
../dataset/datasets/imb_flower_0.05/train/magnolia/1067.jpg	A flower with white petals and pink center, set against a backdrop of trees and a pond with a fountain.
../dataset/datasets/imb_flower_0.05/train/magnolia/1068.jpg	A flower with white petals and green center, surrounded by branches and buds.
../dataset/datasets/imb_flower_0.05/train/magnolia/1069.jpg	Green grass and blurred branches.
../dataset/datasets/imb_flower_0.05/train/cyclamen_/294.jpg	The background is black.
../dataset/datasets/imb_flower_0.05/train/cyclamen_/290.jpg	The background consists of dark green leaves with lighter veining.
../dataset/datasets/imb_flower_0.05/train/cyclamen_/293.jpg	The background is blurred, with soft white and green tones.
../dataset/datasets/imb_flower_0.05/train/cyclamen_/313.jpg	A flower against a red backdrop.
../dataset/datasets/imb_flower_0.05/train/cyclamen_/295.jpg	Green, blurred, natural setting.
../dataset/datasets/imb_flower_0.05/train/cyclamen_/305.jpg	A flower with a blurred, light background.
../dataset/datasets/imb_flower_0.05/train/cyclamen_/310.jpg	Blurred green and brown.
../dataset/datasets/imb_flower_0.05/train/cyclamen_/311.jpg	Brick wall.
../dataset/datasets/imb_flower_0.05/train/cyclamen_/287.jpg	Blurred green and brown.
../dataset/datasets/imb_flower_0.05/train/cyclamen_/308.jpg	The background is green foliage.
../dataset/datasets/imb_flower_0.05/train/cyclamen_/291.jpg	The background is green foliage.
../dataset/datasets/imb_flower_0.05/train/cyclamen_/286.jpg	The background is plain white.
../dataset/datasets/imb_flower_0.05/train/cyclamen_/314.jpg	The background is blurred green.
../dataset/datasets/imb_flower_0.05/train/cyclamen_/296.jpg	Dark green leaves.
../dataset/datasets/imb_flower_0.05/train/cyclamen_/306.jpg	The background is a mix of soil and green leaves.
../dataset/datasets/imb_flower_0.05/train/cyclamen_/289.jpg	The background is plain and neutral.
../dataset/datasets/imb_flower_0.05/train/cyclamen_/299.jpg	The background is black.
../dataset/datasets/imb_flower_0.05/train/cyclamen_/302.jpg	The background is blurred, with earthy tones and out-of-focus elements.
../dataset/datasets/imb_flower_0.05/train/cyclamen_/300.jpg	The background is blurred with brown tones.
../dataset/datasets/imb_flower_0.05/train/cyclamen_/303.jpg	The background is blurred greenery.
../dataset/datasets/imb_flower_0.05/train/cyclamen_/284.jpg	The background is blurred, with soft, out-of-focus colors.
../dataset/datasets/imb_flower_0.05/train/cyclamen_/298.jpg	A flower with pink petals and green leaves, set against a wooden and white background.
../dataset/datasets/imb_flower_0.05/train/cyclamen_/304.jpg	The background is green foliage.
../dataset/datasets/imb_flower_0.05/train/cyclamen_/309.jpg	Dark, blurred background.
../dataset/datasets/imb_flower_0.05/train/cyclamen_/307.jpg	The background is green and blurred, suggesting foliage.
../dataset/datasets/imb_flower_0.05/train/cyclamen_/312.jpg	The background is blurred, showing rocks and greenery.
../dataset/datasets/imb_flower_0.05/train/cyclamen_/301.jpg	Green foliage.
../dataset/datasets/imb_flower_0.05/train/cyclamen_/285.jpg	Blurred green foliage.
../dataset/datasets/imb_flower_0.05/train/cyclamen_/297.jpg	Blurred green.
../dataset/datasets/imb_flower_0.05/train/cyclamen_/288.jpg	The background is blurred green foliage.
../dataset/datasets/imb_flower_0.05/train/cyclamen_/292.jpg	Dark, blurred foliage.
../dataset/datasets/imb_flower_0.05/train/watercress/168.jpg	Green leaves and stems.
../dataset/datasets/imb_flower_0.05/train/watercress/172.jpg	Green leaves.
../dataset/datasets/imb_flower_0.05/train/watercress/166.jpg	Green leaves.
../dataset/datasets/imb_flower_0.05/train/watercress/163.jpg	The background is a blurred stone wall.
../dataset/datasets/imb_flower_0.05/train/watercress/170.jpg	The background is blurred with green leaves and a wooden surface.
../dataset/datasets/imb_flower_0.05/train/watercress/161.jpg	Green leaves, brown branches.
../dataset/datasets/imb_flower_0.05/train/watercress/167.jpg	Green leaves.
../dataset/datasets/imb_flower_0.05/train/watercress/181.jpg	Green leaves.
../dataset/datasets/imb_flower_0.05/train/watercress/175.jpg	The background is green foliage.
../dataset/datasets/imb_flower_0.05/train/watercress/154.jpg	Green leaves and sunlight.
../dataset/datasets/imb_flower_0.05/train/watercress/160.jpg	The background consists of green and white leaves.
../dataset/datasets/imb_flower_0.05/train/watercress/152.jpg	Green leaves.
../dataset/datasets/imb_flower_0.05/train/watercress/151.jpg	Green leaves with white veins.
../dataset/datasets/imb_flower_0.05/train/watercress/156.jpg	Green leaves and sunlight.
../dataset/datasets/imb_flower_0.05/train/watercress/174.jpg	The background is blurred, with hints of green leaves and brown woven material.
../dataset/datasets/imb_flower_0.05/train/watercress/171.jpg	The background is blurred green foliage.
../dataset/datasets/imb_flower_0.05/train/watercress/176.jpg	Green leaves.
../dataset/datasets/imb_flower_0.05/train/watercress/184.jpg	Green leaves with white spots.
../dataset/datasets/imb_flower_0.05/train/watercress/179.jpg	The background is blurred with green and brown tones.
../dataset/datasets/imb_flower_0.05/train/watercress/182.jpg	Dark green leaves.
../dataset/datasets/imb_flower_0.05/train/watercress/169.jpg	Green leaves and stems.
../dataset/datasets/imb_flower_0.05/train/watercress/150.jpg	The background is green and yellow.
../dataset/datasets/imb_flower_0.05/train/watercress/162.jpg	Green leaves, white fence.
../dataset/datasets/imb_flower_0.05/train/watercress/158.jpg	Green leaves, blurred background.
../dataset/datasets/imb_flower_0.05/train/watercress/159.jpg	The background consists of green and purple leaves.
../dataset/datasets/imb_flower_0.05/train/watercress/173.jpg	The background consists of green leaves.
../dataset/datasets/imb_flower_0.05/train/watercress/165.jpg	A flower against a blurred, neutral backdrop.
../dataset/datasets/imb_flower_0.05/train/watercress/164.jpg	The background is green foliage.
../dataset/datasets/imb_flower_0.05/train/watercress/177.jpg	Green leaves and stems.
../dataset/datasets/imb_flower_0.05/train/watercress/153.jpg	Blurred green foliage.
../dataset/datasets/imb_flower_0.05/train/watercress/180.jpg	Green leaves and stems.
../dataset/datasets/imb_flower_0.05/train/watercress/183.jpg	Green leaves and blurred background.
../dataset/datasets/imb_flower_0.05/train/watercress/178.jpg	The background is green foliage and soil.
../dataset/datasets/imb_flower_0.05/train/watercress/155.jpg	The background consists of green leaves.
../dataset/datasets/imb_flower_0.05/train/watercress/157.jpg	Green leaves and blurred background.
../dataset/datasets/imb_flower_0.05/train/canna_lily/898.jpg	Blurred green foliage.
../dataset/datasets/imb_flower_0.05/train/canna_lily/894.jpg	Green leaves and blurred background.
../dataset/datasets/imb_flower_0.05/train/canna_lily/897.jpg	Blurred green foliage.
../dataset/datasets/imb_flower_0.05/train/canna_lily/891.jpg	The background is blurred green foliage.
../dataset/datasets/imb_flower_0.05/train/canna_lily/886.jpg	Blue, blurred, water-like.
../dataset/datasets/imb_flower_0.05/train/canna_lily/896.jpg	The background is blurred with green and dark tones.
../dataset/datasets/imb_flower_0.05/train/canna_lily/889.jpg	The background is green and blurred.
../dataset/datasets/imb_flower_0.05/train/canna_lily/888.jpg	The background is blurred and light-colored.
../dataset/datasets/imb_flower_0.05/train/canna_lily/895.jpg	The background is green foliage with blurred flowers.
../dataset/datasets/imb_flower_0.05/train/canna_lily/892.jpg	A flower against a brick wall.
../dataset/datasets/imb_flower_0.05/train/canna_lily/887.jpg	Green foliage, blurred background.
../dataset/datasets/imb_flower_0.05/train/canna_lily/890.jpg	Green leaves, blurred structure.
../dataset/datasets/imb_flower_0.05/train/canna_lily/893.jpg	Blurred green foliage.
../dataset/datasets/imb_flower_0.05/train/hippeastrum_/945.jpg	The background includes greenery and wooden elements.
../dataset/datasets/imb_flower_0.05/train/hippeastrum_/936.jpg	The background is green foliage and a dark fence.
../dataset/datasets/imb_flower_0.05/train/hippeastrum_/941.jpg	The background is blurred greenery.
../dataset/datasets/imb_flower_0.05/train/hippeastrum_/942.jpg	The background is tiled with white and blue patterns.
../dataset/datasets/imb_flower_0.05/train/hippeastrum_/938.jpg	Green grass, wooden fence.
../dataset/datasets/imb_flower_0.05/train/hippeastrum_/944.jpg	The background is plain and neutral.
../dataset/datasets/imb_flower_0.05/train/hippeastrum_/935.jpg	The background is dark and leafy.
../dataset/datasets/imb_flower_0.05/train/hippeastrum_/937.jpg	The background is plain and light-colored.
../dataset/datasets/imb_flower_0.05/train/hippeastrum_/943.jpg	White tile wall.
../dataset/datasets/imb_flower_0.05/train/hippeastrum_/940.jpg	The background is dark.
../dataset/datasets/imb_flower_0.05/train/hippeastrum_/939.jpg	A flower against a light blue, horizontal panel background.
../dataset/datasets/imb_flower_0.05/train/bee_balm/1032.jpg	Green foliage, purple flowers.
../dataset/datasets/imb_flower_0.05/train/bee_balm/1031.jpg	Green leaves and blurred background.
../dataset/datasets/imb_flower_0.05/train/bee_balm/1026.jpg	Green, blurred background.
../dataset/datasets/imb_flower_0.05/train/bee_balm/1030.jpg	Green leaves and stems.
../dataset/datasets/imb_flower_0.05/train/bee_balm/1028.jpg	Blurred greenery.
../dataset/datasets/imb_flower_0.05/train/bee_balm/1029.jpg	Green grass and blurred dirt.
../dataset/datasets/imb_flower_0.05/train/bee_balm/1027.jpg	Green foliage.
../dataset/datasets/imb_flower_0.05/train/bee_balm/1025.jpg	Blurred green foliage.
../dataset/datasets/imb_flower_0.05/train/ball_moss/1198.jpg	The background is blurred green foliage.
../dataset/datasets/imb_flower_0.05/train/ball_moss/1199.jpg	Blurred green foliage.
../dataset/datasets/imb_flower_0.05/train/ball_moss/1200.jpg	The background consists of green foliage and small plants.
../dataset/datasets/imb_flower_0.05/train/foxglove/272.jpg	The background is plain white.
../dataset/datasets/imb_flower_0.05/train/foxglove/262.jpg	A flower with a blurred brick wall and sunlight.
../dataset/datasets/imb_flower_0.05/train/foxglove/269.jpg	The background is blurred green.
../dataset/datasets/imb_flower_0.05/train/foxglove/283.jpg	Green leaves and lattice structure.
../dataset/datasets/imb_flower_0.05/train/foxglove/264.jpg	Green leaves and blurred background.
../dataset/datasets/imb_flower_0.05/train/foxglove/279.jpg	The background is green foliage.
../dataset/datasets/imb_flower_0.05/train/foxglove/266.jpg	Green leaves.
../dataset/datasets/imb_flower_0.05/train/foxglove/282.jpg	Blurred greenery and brick wall.
../dataset/datasets/imb_flower_0.05/train/foxglove/253.jpg	Blurred green.
../dataset/datasets/imb_flower_0.05/train/foxglove/281.jpg	Blurred green foliage.
../dataset/datasets/imb_flower_0.05/train/foxglove/260.jpg	Blurred green foliage.
../dataset/datasets/imb_flower_0.05/train/foxglove/258.jpg	Dark, blurred.
../dataset/datasets/imb_flower_0.05/train/foxglove/263.jpg	Dark, blurred background.
../dataset/datasets/imb_flower_0.05/train/foxglove/268.jpg	A flower with pink petals and red speckles, set against a brick wall backdrop.
../dataset/datasets/imb_flower_0.05/train/foxglove/274.jpg	Green leaves and blurred background.
../dataset/datasets/imb_flower_0.05/train/foxglove/255.jpg	Green grass and blurred foliage.
../dataset/datasets/imb_flower_0.05/train/foxglove/265.jpg	The background consists of green foliage and mulch.
../dataset/datasets/imb_flower_0.05/train/foxglove/278.jpg	Green foliage.
../dataset/datasets/imb_flower_0.05/train/foxglove/271.jpg	A flower against a brick wall.
../dataset/datasets/imb_flower_0.05/train/foxglove/277.jpg	A flower with a wooden fence and greenery behind it.
../dataset/datasets/imb_flower_0.05/train/foxglove/256.jpg	Green, blurred foliage.
../dataset/datasets/imb_flower_0.05/train/foxglove/273.jpg	A flower against a stone wall.
../dataset/datasets/imb_flower_0.05/train/foxglove/261.jpg	Green foliage, blurred background.
../dataset/datasets/imb_flower_0.05/train/foxglove/275.jpg	Green foliage.
../dataset/datasets/imb_flower_0.05/train/foxglove/257.jpg	Green foliage.
../dataset/datasets/imb_flower_0.05/train/foxglove/270.jpg	Green grass and plants.
../dataset/datasets/imb_flower_0.05/train/foxglove/259.jpg	Green foliage.
../dataset/datasets/imb_flower_0.05/train/foxglove/254.jpg	Green foliage.
../dataset/datasets/imb_flower_0.05/train/foxglove/252.jpg	Blurred greenery.
../dataset/datasets/imb_flower_0.05/train/foxglove/267.jpg	The background is green foliage.
../dataset/datasets/imb_flower_0.05/train/foxglove/276.jpg	Green foliage.
../dataset/datasets/imb_flower_0.05/train/foxglove/280.jpg	The background is green foliage and yellow buds.
../dataset/datasets/imb_flower_0.05/train/bougainvillea/405.jpg	A flower surrounded by more flowers.
../dataset/datasets/imb_flower_0.05/train/bougainvillea/419.jpg	Green leaves and sunlight.
../dataset/datasets/imb_flower_0.05/train/bougainvillea/420.jpg	The background is blurred green foliage.
../dataset/datasets/imb_flower_0.05/train/bougainvillea/413.jpg	The background is plain white.
../dataset/datasets/imb_flower_0.05/train/bougainvillea/402.jpg	Green leaves.
../dataset/datasets/imb_flower_0.05/train/bougainvillea/407.jpg	The background is blurred green foliage and blue sky.
../dataset/datasets/imb_flower_0.05/train/bougainvillea/426.jpg	Blurred green leaves and soft focus.
../dataset/datasets/imb_flower_0.05/train/bougainvillea/421.jpg	The background is white and blurred.
../dataset/datasets/imb_flower_0.05/train/bougainvillea/425.jpg	Green leaves.
../dataset/datasets/imb_flower_0.05/train/bougainvillea/422.jpg	The background is dark and blurred.
../dataset/datasets/imb_flower_0.05/train/bougainvillea/403.jpg	The background is blurred, with hints of green and brown.
../dataset/datasets/imb_flower_0.05/train/bougainvillea/416.jpg	The background is blurred, with green leaves and a hint of a stone surface.
../dataset/datasets/imb_flower_0.05/train/bougainvillea/410.jpg	Blurred greenery and wall.
../dataset/datasets/imb_flower_0.05/train/bougainvillea/412.jpg	Green, blurred leaves.
../dataset/datasets/imb_flower_0.05/train/bougainvillea/411.jpg	Green leaves, blurred background.
../dataset/datasets/imb_flower_0.05/train/bougainvillea/404.jpg	The background is blurred green foliage.
../dataset/datasets/imb_flower_0.05/train/bougainvillea/414.jpg	The background is blurred green foliage.
../dataset/datasets/imb_flower_0.05/train/bougainvillea/417.jpg	The background is green foliage.
../dataset/datasets/imb_flower_0.05/train/bougainvillea/406.jpg	Green leaves and blurred background.
../dataset/datasets/imb_flower_0.05/train/bougainvillea/427.jpg	Green leaves.
../dataset/datasets/imb_flower_0.05/train/bougainvillea/408.jpg	The background is green foliage.
../dataset/datasets/imb_flower_0.05/train/bougainvillea/415.jpg	The background is blurred green foliage.
../dataset/datasets/imb_flower_0.05/train/bougainvillea/409.jpg	The background is blurred green foliage.
../dataset/datasets/imb_flower_0.05/train/bougainvillea/428.jpg	Green foliage.
../dataset/datasets/imb_flower_0.05/train/bougainvillea/424.jpg	The background is green foliage.
../dataset/datasets/imb_flower_0.05/train/bougainvillea/423.jpg	The background is bright and blurred, emphasizing the flower.
../dataset/datasets/imb_flower_0.05/train/bougainvillea/418.jpg	The background is blurred green foliage.
../dataset/datasets/imb_flower_0.05/train/camellia/765.jpg	The background is green foliage.
../dataset/datasets/imb_flower_0.05/train/camellia/762.jpg	The background is filled with green leaves and other red flowers.
../dataset/datasets/imb_flower_0.05/train/camellia/768.jpg	The background is green foliage.
../dataset/datasets/imb_flower_0.05/train/camellia/763.jpg	The background is a greenhouse with white walls and metal framing.
../dataset/datasets/imb_flower_0.05/train/camellia/767.jpg	The background is neutral and blurred.
../dataset/datasets/imb_flower_0.05/train/camellia/761.jpg	The background is dark green foliage.
../dataset/datasets/imb_flower_0.05/train/camellia/760.jpg	The background is blurred, with green leaves and wooden structure.
../dataset/datasets/imb_flower_0.05/train/camellia/758.jpg	Green leaves.
../dataset/datasets/imb_flower_0.05/train/camellia/759.jpg	The background is green foliage.
../dataset/datasets/imb_flower_0.05/train/camellia/756.jpg	Green leaves and branches.
../dataset/datasets/imb_flower_0.05/train/camellia/757.jpg	The background is blurred with green leaves and a soft white sky.
../dataset/datasets/imb_flower_0.05/train/camellia/755.jpg	The background is dark and blurred, with green stems visible.
../dataset/datasets/imb_flower_0.05/train/camellia/754.jpg	The background is green foliage and soil.
../dataset/datasets/imb_flower_0.05/train/camellia/766.jpg	The background is blurred green foliage.
../dataset/datasets/imb_flower_0.05/train/camellia/764.jpg	The background is blurred with green foliage and soft pink hues.
../dataset/datasets/imb_flower_0.05/train/camellia/753.jpg	Green leaves, blurred background.
../dataset/datasets/imb_flower_0.05/train/camellia/769.jpg	The background is dark and blurred, with green leaves visible.
../dataset/datasets/imb_flower_0.05/train/mallow/1036.jpg	The background is blurred with green leaves and soft light.
../dataset/datasets/imb_flower_0.05/train/mallow/1040.jpg	The background is green foliage and a wooden pole.
../dataset/datasets/imb_flower_0.05/train/mallow/1034.jpg	A flower against a clear blue sky.
../dataset/datasets/imb_flower_0.05/train/mallow/1038.jpg	Green leaves, blurred background.
../dataset/datasets/imb_flower_0.05/train/mallow/1033.jpg	Green leaves and sunlight.
../dataset/datasets/imb_flower_0.05/train/mallow/1037.jpg	The background is green foliage.
../dataset/datasets/imb_flower_0.05/train/mallow/1035.jpg	A flower is set against a blurred window backdrop.
../dataset/datasets/imb_flower_0.05/train/mallow/1039.jpg	The background is black.
../dataset/datasets/imb_flower_0.05/train/mexican_petunia/900.jpg	Green foliage.
../dataset/datasets/imb_flower_0.05/train/mexican_petunia/902.jpg	Green and blurred.
../dataset/datasets/imb_flower_0.05/train/mexican_petunia/905.jpg	Green foliage and brown stems.
../dataset/datasets/imb_flower_0.05/train/mexican_petunia/908.jpg	Green leaves and stems.
../dataset/datasets/imb_flower_0.05/train/mexican_petunia/904.jpg	Green leaves, brown stems.
../dataset/datasets/imb_flower_0.05/train/mexican_petunia/906.jpg	Green leaves and stems.
../dataset/datasets/imb_flower_0.05/train/mexican_petunia/907.jpg	The background is green foliage.
../dataset/datasets/imb_flower_0.05/train/mexican_petunia/901.jpg	Green, blurred leaves.
../dataset/datasets/imb_flower_0.05/train/mexican_petunia/910.jpg	The background is green foliage.
../dataset/datasets/imb_flower_0.05/train/mexican_petunia/909.jpg	Green foliage.
../dataset/datasets/imb_flower_0.05/train/mexican_petunia/903.jpg	The background is green and brown foliage.
../dataset/datasets/imb_flower_0.05/train/mexican_petunia/899.jpg	Green foliage, blurred background.
../dataset/datasets/imb_flower_0.05/train/bromelia/1077.jpg	Green leaves and soil.
../dataset/datasets/imb_flower_0.05/train/bromelia/1076.jpg	Green leaves, blurred background.
../dataset/datasets/imb_flower_0.05/train/bromelia/1072.jpg	The background is green foliage and light wood.
../dataset/datasets/imb_flower_0.05/train/bromelia/1073.jpg	The background is white and green.
../dataset/datasets/imb_flower_0.05/train/bromelia/1071.jpg	Green leaves.
../dataset/datasets/imb_flower_0.05/train/bromelia/1075.jpg	The background is blurred, with hints of green and brown.
../dataset/datasets/imb_flower_0.05/train/bromelia/1074.jpg	The background consists of green leaves and soil.
../dataset/datasets/imb_flower_0.05/train/blanket_flower/1187.jpg	Green leaves, brown mulch.
../dataset/datasets/imb_flower_0.05/train/blanket_flower/1186.jpg	Green foliage.
../dataset/datasets/imb_flower_0.05/train/blanket_flower/1188.jpg	Green leaves and soil.
../dataset/datasets/imb_flower_0.05/train/trumpet_creeper/1119.jpg	The background is blurred green foliage.
../dataset/datasets/imb_flower_0.05/train/trumpet_creeper/1118.jpg	The background is earthy with a white pipe and some dry leaves.
../dataset/datasets/imb_flower_0.05/train/trumpet_creeper/1116.jpg	Dark green, blurred.
../dataset/datasets/imb_flower_0.05/train/trumpet_creeper/1120.jpg	A flower against a clear blue sky.
../dataset/datasets/imb_flower_0.05/train/trumpet_creeper/1117.jpg	Green leaves and blurred background.
../dataset/datasets/imb_flower_0.05/train/trumpet_creeper/1121.jpg	The background is blurred with greenery and a white pipe.
../dataset/datasets/imb_flower_0.05/train/blackberry_lily/1189.jpg	Green leaves and blurred background.
../dataset/datasets/imb_flower_0.05/train/blackberry_lily/1190.jpg	Green foliage.
../dataset/datasets/imb_flower_0.05/train/blackberry_lily/1191.jpg	Green leaves and stems.