image	response
../dataset/datasets/imb_flower_0.05/train/pink_primrose/1217.jpg	A flower stands upright with petals spread open.
../dataset/datasets/imb_flower_0.05/train/pink_primrose/1216.jpg	A flower stands upright with petals spread open.
../dataset/datasets/imb_flower_0.05/train/hard-leaved_pocket_orchid/1083.jpg	A flower stands upright with petals spread open.
../dataset/datasets/imb_flower_0.05/train/hard-leaved_pocket_orchid/1078.jpg	A flower stands upright with petals spread.
../dataset/datasets/imb_flower_0.05/train/hard-leaved_pocket_orchid/1084.jpg	A flower stands upright with petals spread open.
../dataset/datasets/imb_flower_0.05/train/hard-leaved_pocket_orchid/1082.jpg	A flower hangs downward, petals spread.
../dataset/datasets/imb_flower_0.05/train/hard-leaved_pocket_orchid/1080.jpg	A flower is upright with petals spread open.
../dataset/datasets/imb_flower_0.05/train/hard-leaved_pocket_orchid/1079.jpg	A flower stands upright with petals spread.
../dataset/datasets/imb_flower_0.05/train/hard-leaved_pocket_orchid/1081.jpg	A flower stands upright with petals spread.
../dataset/datasets/imb_flower_0.05/train/canterbury_bells/1218.jpg	A flower stands upright with its petals spread open.
../dataset/datasets/imb_flower_0.05/train/canterbury_bells/1219.jpg	A flower stands upright, slightly tilted.
../dataset/datasets/imb_flower_0.05/train/sweet_pea/1124.jpg	A flower leans slightly to the left.
../dataset/datasets/imb_flower_0.05/train/sweet_pea/1125.jpg	A flower is drooping.
../dataset/datasets/imb_flower_0.05/train/sweet_pea/1122.jpg	A flower stands upright, petals spread wide.
../dataset/datasets/imb_flower_0.05/train/sweet_pea/1126.jpg	A flower is drooping.
../dataset/datasets/imb_flower_0.05/train/sweet_pea/1123.jpg	A flower is slightly tilted, showcasing its delicate petals.
../dataset/datasets/imb_flower_0.05/train/english_marigold/1045.jpg	A flower stands upright with petals fully open.
../dataset/datasets/imb_flower_0.05/train/english_marigold/1041.jpg	A flower stands upright.
../dataset/datasets/imb_flower_0.05/train/english_marigold/1048.jpg	A flower stands upright amidst greenery.
../dataset/datasets/imb_flower_0.05/train/english_marigold/1046.jpg	A flower stands upright with petals fully open.
../dataset/datasets/imb_flower_0.05/train/english_marigold/1044.jpg	A flower stands open, facing forward.
../dataset/datasets/imb_flower_0.05/train/english_marigold/1042.jpg	A flower stands upright with petals spread.
../dataset/datasets/imb_flower_0.05/train/english_marigold/1047.jpg	A flower stands upright with petals spread wide.
../dataset/datasets/imb_flower_0.05/train/english_marigold/1043.jpg	A flower stands upright with petals fully unfurled.
../dataset/datasets/imb_flower_0.05/train/tiger_lily/1203.jpg	A flower stands upright with petals spread.
../dataset/datasets/imb_flower_0.05/train/tiger_lily/1201.jpg	A flower stands upright with petals spread.
../dataset/datasets/imb_flower_0.05/train/tiger_lily/1202.jpg	A flower stands upright with petals spread open.
../dataset/datasets/imb_flower_0.05/train/moon_orchid/1220.jpg	A flower is fully bloomed, facing forward.
../dataset/datasets/imb_flower_0.05/train/moon_orchid/1221.jpg	A flower is drooping.
../dataset/datasets/imb_flower_0.05/train/bird_of_paradise/827.jpg	A flower stands upright with petals spread wide.
../dataset/datasets/imb_flower_0.05/train/bird_of_paradise/817.jpg	A flower stands upright with petals spread.
../dataset/datasets/imb_flower_0.05/train/bird_of_paradise/828.jpg	A flower stands upright with vibrant petals.
../dataset/datasets/imb_flower_0.05/train/bird_of_paradise/825.jpg	A flower stands upright with petals spread wide.
../dataset/datasets/imb_flower_0.05/train/bird_of_paradise/822.jpg	A flower stands upright with vibrant petals spread wide.
../dataset/datasets/imb_flower_0.05/train/bird_of_paradise/820.jpg	A flower stands upright with petals spread wide.
../dataset/datasets/imb_flower_0.05/train/bird_of_paradise/818.jpg	A flower stands upright with vibrant petals spread open.
../dataset/datasets/imb_flower_0.05/train/bird_of_paradise/819.jpg	A flower stands upright with vibrant petals spread wide.
../dataset/datasets/imb_flower_0.05/train/bird_of_paradise/829.jpg	A flower stands upright with petals spread wide.
../dataset/datasets/imb_flower_0.05/train/bird_of_paradise/821.jpg	A flower stands upright, petals spread wide.
../dataset/datasets/imb_flower_0.05/train/bird_of_paradise/826.jpg	A flower stands upright with petals spread wide.
../dataset/datasets/imb_flower_0.05/train/bird_of_paradise/830.jpg	A flower stands gracefully, petals reaching upwards.
../dataset/datasets/imb_flower_0.05/train/bird_of_paradise/824.jpg	A flower stands upright, petals spread wide.
../dataset/datasets/imb_flower_0.05/train/bird_of_paradise/823.jpg	A flower stands upright with vibrant petals spread wide.
../dataset/datasets/imb_flower_0.05/train/bird_of_paradise/831.jpg	A flower stands upright, petals spread.
../dataset/datasets/imb_flower_0.05/train/monkshood/1193.jpg	A flower leans slightly to the right.
../dataset/datasets/imb_flower_0.05/train/monkshood/1192.jpg	A flower stands upright, slightly tilted.
../dataset/datasets/imb_flower_0.05/train/monkshood/1194.jpg	A flower stands upright, slightly drooping petals.
../dataset/datasets/imb_flower_0.05/train/globe_thistle/1204.jpg	A flower stands upright, fully bloomed.
../dataset/datasets/imb_flower_0.05/train/globe_thistle/1205.jpg	A flower stands upright, displaying its spiky petals.
../dataset/datasets/imb_flower_0.05/train/globe_thistle/1206.jpg	A flower stands upright, spherical bloom.
../dataset/datasets/imb_flower_0.05/train/snapdragon/771.jpg	A flower is slightly tilted, showcasing its vibrant petals.
../dataset/datasets/imb_flower_0.05/train/snapdragon/770.jpg	A flower stands upright with petals spread open.
../dataset/datasets/imb_flower_0.05/train/snapdragon/782.jpg	A flower is slightly drooping.
../dataset/datasets/imb_flower_0.05/train/snapdragon/776.jpg	A flower stands upright, slightly curved.
../dataset/datasets/imb_flower_0.05/train/snapdragon/781.jpg	A flower stands upright with its petals spread open.
../dataset/datasets/imb_flower_0.05/train/snapdragon/773.jpg	A flower is slightly drooping.
../dataset/datasets/imb_flower_0.05/train/snapdragon/777.jpg	A flower stands upright with petals slightly spread.
../dataset/datasets/imb_flower_0.05/train/snapdragon/785.jpg	A flower stands upright with petals spread open.
../dataset/datasets/imb_flower_0.05/train/snapdragon/778.jpg	A flower is drooping.
../dataset/datasets/imb_flower_0.05/train/snapdragon/780.jpg	A flower stands upright, slightly curved.
../dataset/datasets/imb_flower_0.05/train/snapdragon/783.jpg	A flower stands upright with droplets on petals.
../dataset/datasets/imb_flower_0.05/train/snapdragon/774.jpg	A flower stands upright, droplets cling to its petals.
../dataset/datasets/imb_flower_0.05/train/snapdragon/772.jpg	A flower is drooping slightly.
../dataset/datasets/imb_flower_0.05/train/snapdragon/779.jpg	A flower stands upright with petals slightly curved.
../dataset/datasets/imb_flower_0.05/train/snapdragon/784.jpg	A flower stands upright with droplets clinging to its petals.
../dataset/datasets/imb_flower_0.05/train/snapdragon/775.jpg	A flower stands upright with petals slightly curled.
../dataset/datasets/imb_flower_0.05/train/colt's_foot/794.jpg	A flower stands upright with its petals fully unfurled.
../dataset/datasets/imb_flower_0.05/train/colt's_foot/800.jpg	A flower stands upright with its petals fully unfurled.
../dataset/datasets/imb_flower_0.05/train/colt's_foot/798.jpg	A flower stands upright, petals spread.
../dataset/datasets/imb_flower_0.05/train/colt's_foot/786.jpg	A flower stands upright with vibrant yellow petals fanning outwards.
../dataset/datasets/imb_flower_0.05/train/colt's_foot/787.jpg	A flower is open and facing upwards.
../dataset/datasets/imb_flower_0.05/train/colt's_foot/789.jpg	A flower stands upright with vibrant yellow petals.
../dataset/datasets/imb_flower_0.05/train/colt's_foot/801.jpg	A flower stands upright with vibrant yellow petals.
../dataset/datasets/imb_flower_0.05/train/colt's_foot/792.jpg	A flower stands upright with petals fully unfurled.
../dataset/datasets/imb_flower_0.05/train/colt's_foot/788.jpg	A flower stands upright with its petals fully unfurled.
../dataset/datasets/imb_flower_0.05/train/colt's_foot/797.jpg	A flower stands upright with its petals spread open.
../dataset/datasets/imb_flower_0.05/train/colt's_foot/791.jpg	A flower stands upright with vibrant yellow petals.
../dataset/datasets/imb_flower_0.05/train/colt's_foot/790.jpg	A flower stands upright with vibrant yellow petals spread wide.
../dataset/datasets/imb_flower_0.05/train/colt's_foot/796.jpg	A flower stands upright, fully bloomed.
../dataset/datasets/imb_flower_0.05/train/colt's_foot/795.jpg	A flower stands upright among rocks.
../dataset/datasets/imb_flower_0.05/train/colt's_foot/793.jpg	A flower stands upright with its petals spread open.
../dataset/datasets/imb_flower_0.05/train/colt's_foot/799.jpg	A flower stands upright with its petals fully spread.
../dataset/datasets/imb_flower_0.05/train/king_protea/1171.jpg	A flower stands upright with petals spread.
../dataset/datasets/imb_flower_0.05/train/king_protea/1169.jpg	A flower stands upright, petals fanned out.
../dataset/datasets/imb_flower_0.05/train/king_protea/1168.jpg	A flower is prominently displayed, with its petals spread wide.
../dataset/datasets/imb_flower_0.05/train/king_protea/1170.jpg	A flower stands upright with petals spread.
../dataset/datasets/imb_flower_0.05/train/spear_thistle/1173.jpg	A flower stands upright with its petals spread open.
../dataset/datasets/imb_flower_0.05/train/spear_thistle/1175.jpg	A flower stands upright, displaying its vibrant bloom.
../dataset/datasets/imb_flower_0.05/train/spear_thistle/1174.jpg	A flower stands upright with spiky green base and pink, feathery petals.
../dataset/datasets/imb_flower_0.05/train/spear_thistle/1172.jpg	A flower stands upright with its spiky stem and vibrant purple bloom.
../dataset/datasets/imb_flower_0.05/train/yellow_iris/1179.jpg	A flower stands upright with petals spread open.
../dataset/datasets/imb_flower_0.05/train/yellow_iris/1177.jpg	A flower stands upright with petals spread open.
../dataset/datasets/imb_flower_0.05/train/yellow_iris/1178.jpg	A flower stands upright, petals spread open.
../dataset/datasets/imb_flower_0.05/train/yellow_iris/1176.jpg	A flower stands upright with petals spread open.
../dataset/datasets/imb_flower_0.05/train/globe-flower/1223.jpg	A flower is slightly tilted.
../dataset/datasets/imb_flower_0.05/train/globe-flower/1222.jpg	A flower is slightly open, revealing its center.
../dataset/datasets/imb_flower_0.05/train/purple_coneflower/841.jpg	A flower stands tall against a blue sky.
../dataset/datasets/imb_flower_0.05/train/purple_coneflower/838.jpg	A flower stands upright with petals spread.
../dataset/datasets/imb_flower_0.05/train/purple_coneflower/836.jpg	A flower stands upright with petals spread open.
../dataset/datasets/imb_flower_0.05/train/purple_coneflower/832.jpg	A flower stands upright with petals spread.
../dataset/datasets/imb_flower_0.05/train/purple_coneflower/844.jpg	A flower stands upright with petals spread.
../dataset/datasets/imb_flower_0.05/train/purple_coneflower/835.jpg	a flower leans slightly to the side.
../dataset/datasets/imb_flower_0.05/train/purple_coneflower/837.jpg	A flower stands upright with petals spread wide.
../dataset/datasets/imb_flower_0.05/train/purple_coneflower/840.jpg	A flower stands upright with petals spread wide.
../dataset/datasets/imb_flower_0.05/train/purple_coneflower/843.jpg	A flower is slightly tilted, with petals spread out.
../dataset/datasets/imb_flower_0.05/train/purple_coneflower/839.jpg	A flower stands upright with petals spread wide.
../dataset/datasets/imb_flower_0.05/train/purple_coneflower/833.jpg	A flower stands upright with petals spread.
../dataset/datasets/imb_flower_0.05/train/purple_coneflower/834.jpg	A flower stands upright with petals spread.
../dataset/datasets/imb_flower_0.05/train/purple_coneflower/845.jpg	A flower stands upright with petals spread.
../dataset/datasets/imb_flower_0.05/train/purple_coneflower/842.jpg	A flower leans slightly to the left.
../dataset/datasets/imb_flower_0.05/train/peruvian_lily/884.jpg	A flower stands upright with petals spread open.
../dataset/datasets/imb_flower_0.05/train/peruvian_lily/878.jpg	A flower stands upright, slightly angled.
../dataset/datasets/imb_flower_0.05/train/peruvian_lily/881.jpg	A flower stands upright with petals spread open.
../dataset/datasets/imb_flower_0.05/train/peruvian_lily/882.jpg	A flower stands upright with petals fully open.
../dataset/datasets/imb_flower_0.05/train/peruvian_lily/879.jpg	A flower is open and facing forward.
../dataset/datasets/imb_flower_0.05/train/peruvian_lily/876.jpg	A flower stands upright with petals spread open.
../dataset/datasets/imb_flower_0.05/train/peruvian_lily/875.jpg	A flower stands upright with petals spread wide.
../dataset/datasets/imb_flower_0.05/train/peruvian_lily/873.jpg	A flower stands upright with petals spread open.
../dataset/datasets/imb_flower_0.05/train/peruvian_lily/883.jpg	A flower stands upright with petals spread open.
../dataset/datasets/imb_flower_0.05/train/peruvian_lily/874.jpg	A flower is slightly drooping.
../dataset/datasets/imb_flower_0.05/train/peruvian_lily/880.jpg	A flower stands upright with petals spread open.
../dataset/datasets/imb_flower_0.05/train/peruvian_lily/885.jpg	A flower stands upright with petals spread open.
../dataset/datasets/imb_flower_0.05/train/peruvian_lily/877.jpg	A flower stands upright with petals spread open.
../dataset/datasets/imb_flower_0.05/train/balloon_flower/1182.jpg	A flower stands upright with petals spread open.
../dataset/datasets/imb_flower_0.05/train/balloon_flower/1181.jpg	A flower stands upright with petals spread open.
../dataset/datasets/imb_flower_0.05/train/balloon_flower/1180.jpg	A flower stands upright with petals slightly unfurled.
../dataset/datasets/imb_flower_0.05/train/giant_white_arum_lily/1129.jpg	A flower stands upright.
../dataset/datasets/imb_flower_0.05/train/giant_white_arum_lily/1130.jpg	A flower is slightly tilted.
../dataset/datasets/imb_flower_0.05/train/giant_white_arum_lily/1128.jpg	A flower stands upright with petals slightly open.
../dataset/datasets/imb_flower_0.05/train/giant_white_arum_lily/1131.jpg	A flower stands upright, slightly curved at the top.
../dataset/datasets/imb_flower_0.05/train/giant_white_arum_lily/1127.jpg	A flower stands upright with petals slightly curved.
../dataset/datasets/imb_flower_0.05/train/fire_lily/1224.jpg	A flower stands upright with vibrant petals spread wide.
../dataset/datasets/imb_flower_0.05/train/fire_lily/1225.jpg	A flower stands upright with vibrant petals spread outward.
../dataset/datasets/imb_flower_0.05/train/pincushion_flower/1099.jpg	A flower is slightly tilted.
../dataset/datasets/imb_flower_0.05/train/pincushion_flower/1101.jpg	A flower stands upright with delicate petals and numerous stamens extending upwards.
../dataset/datasets/imb_flower_0.05/train/pincushion_flower/1103.jpg	A flower is slightly tilted, showcasing its delicate petals and stamens.
../dataset/datasets/imb_flower_0.05/train/pincushion_flower/1100.jpg	A flower stands upright with petals spread.
../dataset/datasets/imb_flower_0.05/train/pincushion_flower/1098.jpg	A flower stands upright with petals spread.
../dataset/datasets/imb_flower_0.05/train/pincushion_flower/1102.jpg	A flower stands upright, facing forward.
../dataset/datasets/imb_flower_0.05/train/fritillary/747.jpg	A flower droops downward.
../dataset/datasets/imb_flower_0.05/train/fritillary/752.jpg	A flower hangs downward.
../dataset/datasets/imb_flower_0.05/train/fritillary/746.jpg	A flower droops downward.
../dataset/datasets/imb_flower_0.05/train/fritillary/743.jpg	A flower droops downward.
../dataset/datasets/imb_flower_0.05/train/fritillary/740.jpg	A flower hangs downward, drooping slightly.
../dataset/datasets/imb_flower_0.05/train/fritillary/744.jpg	A flower hangs downward, drooping slightly.
../dataset/datasets/imb_flower_0.05/train/fritillary/741.jpg	A flower hangs downward, drooping.
../dataset/datasets/imb_flower_0.05/train/fritillary/748.jpg	A flower droops gracefully.
../dataset/datasets/imb_flower_0.05/train/fritillary/750.jpg	A flower droops downward.
../dataset/datasets/imb_flower_0.05/train/fritillary/749.jpg	A flower hangs downward, drooping.
../dataset/datasets/imb_flower_0.05/train/fritillary/739.jpg	A flower droops downward.
../dataset/datasets/imb_flower_0.05/train/fritillary/736.jpg	A flower hangs downward.
../dataset/datasets/imb_flower_0.05/train/fritillary/737.jpg	A flower hangs downward.
../dataset/datasets/imb_flower_0.05/train/fritillary/745.jpg	A flower droops downward.
../dataset/datasets/imb_flower_0.05/train/fritillary/751.jpg	A flower droops gracefully.
../dataset/datasets/imb_flower_0.05/train/fritillary/742.jpg	A flower droops downward.
../dataset/datasets/imb_flower_0.05/train/fritillary/738.jpg	A flower hangs downward, drooping slightly.
../dataset/datasets/imb_flower_0.05/train/red_ginger/1210.jpg	A flower stands upright, petals fanned out.
../dataset/datasets/imb_flower_0.05/train/red_ginger/1211.jpg	A flower stands upright with vibrant red petals.
../dataset/datasets/imb_flower_0.05/train/grape_hyacinth/1227.jpg	A flower stands upright with its petals clustered at the top.
../dataset/datasets/imb_flower_0.05/train/grape_hyacinth/1226.jpg	A flower is hanging downwards with its petals clustered together.
../dataset/datasets/imb_flower_0.05/train/corn_poppy/1228.jpg	A flower stands upright with petals fully open.
../dataset/datasets/imb_flower_0.05/train/corn_poppy/1229.jpg	A flower stands open, facing forward.
../dataset/datasets/imb_flower_0.05/train/prince_of_wales_feathers/1230.jpg	A flower stands upright with vibrant colors.
../dataset/datasets/imb_flower_0.05/train/prince_of_wales_feathers/1231.jpg	A flower stands upright with vibrant yellow blooms.
../dataset/datasets/imb_flower_0.05/train/stemless_gentian/983.jpg	A flower stands upright with petals spread open.
../dataset/datasets/imb_flower_0.05/train/stemless_gentian/985.jpg	A flower stands upright amidst greenery.
../dataset/datasets/imb_flower_0.05/train/stemless_gentian/978.jpg	A flower stands upright, slightly open.
../dataset/datasets/imb_flower_0.05/train/stemless_gentian/979.jpg	A flower stands upright with petals spread open.
../dataset/datasets/imb_flower_0.05/train/stemless_gentian/982.jpg	A flower stands upright with petals spread open.
../dataset/datasets/imb_flower_0.05/train/stemless_gentian/980.jpg	A flower stands upright with petals spread open.
../dataset/datasets/imb_flower_0.05/train/stemless_gentian/981.jpg	A flower stands upright amidst rocks.
../dataset/datasets/imb_flower_0.05/train/stemless_gentian/986.jpg	A flower stands upright, slightly open.
../dataset/datasets/imb_flower_0.05/train/stemless_gentian/984.jpg	A flower stands upright, slightly open.
../dataset/datasets/imb_flower_0.05/train/stemless_gentian/987.jpg	A flower stands upright with petals spread open.
../dataset/datasets/imb_flower_0.05/train/artichoke/919.jpg	A flower stands upright with its petals spread outwards.
../dataset/datasets/imb_flower_0.05/train/artichoke/911.jpg	A flower stands upright with spiky petals.
../dataset/datasets/imb_flower_0.05/train/artichoke/922.jpg	A flower stands upright with its petals spread open.
../dataset/datasets/imb_flower_0.05/train/artichoke/916.jpg	A flower stands upright with its petals spread wide.
../dataset/datasets/imb_flower_0.05/train/artichoke/918.jpg	A flower stands upright with petals spread.
../dataset/datasets/imb_flower_0.05/train/artichoke/917.jpg	A flower stands upright, fully bloomed.
../dataset/datasets/imb_flower_0.05/train/artichoke/915.jpg	A flower stands upright with petals spread.
../dataset/datasets/imb_flower_0.05/train/artichoke/920.jpg	A flower stands upright, held gently.
../dataset/datasets/imb_flower_0.05/train/artichoke/912.jpg	A flower stands upright with its petals spread open.
../dataset/datasets/imb_flower_0.05/train/artichoke/914.jpg	A flower stands upright with spiky petals.
../dataset/datasets/imb_flower_0.05/train/artichoke/921.jpg	A flower stands upright with its petals tightly closed.
../dataset/datasets/imb_flower_0.05/train/artichoke/913.jpg	A flower stands upright with spiky petals.
../dataset/datasets/imb_flower_0.05/train/sweet_william/847.jpg	A flower stands upright with petals spread open.
../dataset/datasets/imb_flower_0.05/train/sweet_william/858.jpg	A flower stands upright with petals fully open.
../dataset/datasets/imb_flower_0.05/train/sweet_william/859.jpg	A flower stands upright, displaying its vibrant petals.
../dataset/datasets/imb_flower_0.05/train/sweet_william/852.jpg	A flower stands upright, petals spread open.
../dataset/datasets/imb_flower_0.05/train/sweet_william/848.jpg	A flower stands upright with petals spread open.
../dataset/datasets/imb_flower_0.05/train/sweet_william/853.jpg	A flower stands upright, fully bloomed.
../dataset/datasets/imb_flower_0.05/train/sweet_william/850.jpg	A flower is slightly tilted, showcasing its delicate petals and vibrant colors.
../dataset/datasets/imb_flower_0.05/train/sweet_william/846.jpg	A flower stands upright with petals spread open.
../dataset/datasets/imb_flower_0.05/train/sweet_william/855.jpg	A flower is slightly drooping.
../dataset/datasets/imb_flower_0.05/train/sweet_william/856.jpg	A flower stands upright, blooming vibrantly.
../dataset/datasets/imb_flower_0.05/train/sweet_william/849.jpg	A flower stands upright with petals spread open.
../dataset/datasets/imb_flower_0.05/train/sweet_william/851.jpg	A flower stands upright, fully bloomed.
../dataset/datasets/imb_flower_0.05/train/sweet_william/854.jpg	A flower stands upright with petals spread open.
../dataset/datasets/imb_flower_0.05/train/sweet_william/857.jpg	A flower stands upright with petals spread open.
../dataset/datasets/imb_flower_0.05/train/carnation/1156.jpg	A flower is slightly tilted.
../dataset/datasets/imb_flower_0.05/train/carnation/1159.jpg	A flower stands upright.
../dataset/datasets/imb_flower_0.05/train/carnation/1158.jpg	A flower is fully bloomed, facing forward.
../dataset/datasets/imb_flower_0.05/train/carnation/1157.jpg	A flower stands upright with petals fully unfurled.
../dataset/datasets/imb_flower_0.05/train/garden_phlox/1208.jpg	A flower stands upright with petals fully open.
../dataset/datasets/imb_flower_0.05/train/garden_phlox/1207.jpg	A flower stands upright with petals fully open.
../dataset/datasets/imb_flower_0.05/train/garden_phlox/1209.jpg	A flower stands upright, slightly leaning forward.
../dataset/datasets/imb_flower_0.05/train/love_in_the_mist/1195.jpg	A flower stands upright with delicate petals and spiky stamens.
../dataset/datasets/imb_flower_0.05/train/love_in_the_mist/1196.jpg	A flower stands upright with spiky petals and green center.
../dataset/datasets/imb_flower_0.05/train/love_in_the_mist/1197.jpg	A flower stands upright with petals spread wide.
../dataset/datasets/imb_flower_0.05/train/mexican_aster/1232.jpg	A flower is fully bloomed, facing forward.
../dataset/datasets/imb_flower_0.05/train/mexican_aster/1233.jpg	A flower stands upright with petals spread wide.
../dataset/datasets/imb_flower_0.05/train/alpine_sea_holly/1213.jpg	A flower stands upright with spiky petals.
../dataset/datasets/imb_flower_0.05/train/alpine_sea_holly/1212.jpg	A flower stands upright with spiky purple petals and a central dark blue bloom.
../dataset/datasets/imb_flower_0.05/train/ruby-lipped_cattleya/946.jpg	A flower is slightly tilted.
../dataset/datasets/imb_flower_0.05/train/ruby-lipped_cattleya/947.jpg	A flower stands upright with petals spread open.
../dataset/datasets/imb_flower_0.05/train/ruby-lipped_cattleya/952.jpg	A flower is displayed in full bloom, with petals spread open.
../dataset/datasets/imb_flower_0.05/train/ruby-lipped_cattleya/948.jpg	A flower stands gracefully, petals slightly curled.
../dataset/datasets/imb_flower_0.05/train/ruby-lipped_cattleya/950.jpg	A flower stands upright with petals spread open.
../dataset/datasets/imb_flower_0.05/train/ruby-lipped_cattleya/949.jpg	A flower stands gracefully, petals unfurled.
../dataset/datasets/imb_flower_0.05/train/ruby-lipped_cattleya/953.jpg	A flower is slightly drooping.
../dataset/datasets/imb_flower_0.05/train/ruby-lipped_cattleya/951.jpg	A flower stands upright with petals spread open.
../dataset/datasets/imb_flower_0.05/train/ruby-lipped_cattleya/954.jpg	A flower is slightly tilted, with petals spread out.
../dataset/datasets/imb_flower_0.05/train/ruby-lipped_cattleya/956.jpg	A flower stands upright with petals spread open.
../dataset/datasets/imb_flower_0.05/train/ruby-lipped_cattleya/955.jpg	A flower is displayed with its petals fully open, showcasing vibrant pink hues and intricate details against a dark background.
../dataset/datasets/imb_flower_0.05/train/cape_flower/531.jpg	A flower stands gracefully, petals unfurled.
../dataset/datasets/imb_flower_0.05/train/cape_flower/540.jpg	A flower is drooping.
../dataset/datasets/imb_flower_0.05/train/cape_flower/542.jpg	A flower leans slightly to the side.
../dataset/datasets/imb_flower_0.05/train/cape_flower/537.jpg	A flower leans gracefully, petals unfurled.
../dataset/datasets/imb_flower_0.05/train/cape_flower/549.jpg	A flower leans gracefully, petals unfurled.
../dataset/datasets/imb_flower_0.05/train/cape_flower/543.jpg	A flower stands gracefully, petals unfurled.
../dataset/datasets/imb_flower_0.05/train/cape_flower/534.jpg	A flower leans gracefully, petals unfurled.
../dataset/datasets/imb_flower_0.05/train/cape_flower/548.jpg	A flower is drooping.
../dataset/datasets/imb_flower_0.05/train/cape_flower/538.jpg	A flower leans slightly to the side.
../dataset/datasets/imb_flower_0.05/train/cape_flower/550.jpg	A flower leans slightly to the side.
../dataset/datasets/imb_flower_0.05/train/cape_flower/552.jpg	A flower droops gracefully.
../dataset/datasets/imb_flower_0.05/train/cape_flower/535.jpg	A flower leans slightly to the side.
../dataset/datasets/imb_flower_0.05/train/cape_flower/532.jpg	A flower droops gracefully.
../dataset/datasets/imb_flower_0.05/train/cape_flower/546.jpg	A flower hangs downward.
../dataset/datasets/imb_flower_0.05/train/cape_flower/541.jpg	A flower leans slightly to the left.
../dataset/datasets/imb_flower_0.05/train/cape_flower/536.jpg	A flower leans gracefully, petals unfurled.
../dataset/datasets/imb_flower_0.05/train/cape_flower/539.jpg	A flower stands upright with petals spread.
../dataset/datasets/imb_flower_0.05/train/cape_flower/553.jpg	A flower leans slightly to the side.
../dataset/datasets/imb_flower_0.05/train/cape_flower/547.jpg	A flower is drooping.
../dataset/datasets/imb_flower_0.05/train/cape_flower/551.jpg	A flower is drooping.
../dataset/datasets/imb_flower_0.05/train/cape_flower/533.jpg	A flower is drooping.
../dataset/datasets/imb_flower_0.05/train/cape_flower/545.jpg	A flower stands gracefully, petals unfurled.
../dataset/datasets/imb_flower_0.05/train/cape_flower/544.jpg	A flower stands upright with petals slightly curved.
../dataset/datasets/imb_flower_0.05/train/great_masterwort/1132.jpg	A flower stands upright with petals spread wide.
../dataset/datasets/imb_flower_0.05/train/great_masterwort/1133.jpg	A flower stands upright with delicate petals spread.
../dataset/datasets/imb_flower_0.05/train/great_masterwort/1134.jpg	A flower stands upright with petals spread wide.
../dataset/datasets/imb_flower_0.05/train/great_masterwort/1135.jpg	A flower stands upright with delicate petals and numerous stamens.
../dataset/datasets/imb_flower_0.05/train/great_masterwort/1136.jpg	A flower stands upright with petals spread open.
../dataset/datasets/imb_flower_0.05/train/siam_tulip/1234.jpg	A flower stands upright with petals slightly unfurled.
../dataset/datasets/imb_flower_0.05/train/siam_tulip/1235.jpg	A flower stands upright, petals unfurled.
../dataset/datasets/imb_flower_0.05/train/lenten_rose/993.jpg	A flower droops slightly.
../dataset/datasets/imb_flower_0.05/train/lenten_rose/995.jpg	A flower is slightly open, revealing its yellow stamens.
../dataset/datasets/imb_flower_0.05/train/lenten_rose/994.jpg	A flower is slightly open, facing forward.
../dataset/datasets/imb_flower_0.05/train/lenten_rose/997.jpg	A flower stands upright with petals slightly spread.
../dataset/datasets/imb_flower_0.05/train/lenten_rose/988.jpg	A flower is held gently in a hand.
../dataset/datasets/imb_flower_0.05/train/lenten_rose/990.jpg	A flower stands upright with petals fully open.
../dataset/datasets/imb_flower_0.05/train/lenten_rose/991.jpg	A flower hangs downward.
../dataset/datasets/imb_flower_0.05/train/lenten_rose/989.jpg	A flower droops slightly, petals slightly curled.
../dataset/datasets/imb_flower_0.05/train/lenten_rose/992.jpg	A flower stands upright with petals spread open.
../dataset/datasets/imb_flower_0.05/train/lenten_rose/996.jpg	A flower is open and facing forward.
../dataset/datasets/imb_flower_0.05/train/barbeton_daisy/445.jpg	A flower stands upright with petals fully open.
../dataset/datasets/imb_flower_0.05/train/barbeton_daisy/444.jpg	A flower stands upright, petals fanned out.
../dataset/datasets/imb_flower_0.05/train/barbeton_daisy/438.jpg	A flower stands upright with petals spread open.
../dataset/datasets/imb_flower_0.05/train/barbeton_daisy/440.jpg	A flower stands upright with petals spread open.
../dataset/datasets/imb_flower_0.05/train/barbeton_daisy/451.jpg	A flower stands upright with petals fully unfurled.
../dataset/datasets/imb_flower_0.05/train/barbeton_daisy/441.jpg	A flower stands upright with vibrant orange petals spread wide.
../dataset/datasets/imb_flower_0.05/train/barbeton_daisy/453.jpg	A flower stands upright with petals fully open.
../dataset/datasets/imb_flower_0.05/train/barbeton_daisy/443.jpg	A flower stands upright with petals spread wide.
../dataset/datasets/imb_flower_0.05/train/barbeton_daisy/435.jpg	A flower stands upright with petals fully spread.
../dataset/datasets/imb_flower_0.05/train/barbeton_daisy/434.jpg	A flower stands upright with petals fully open.
../dataset/datasets/imb_flower_0.05/train/barbeton_daisy/446.jpg	A flower stands upright with petals spread wide.
../dataset/datasets/imb_flower_0.05/train/barbeton_daisy/450.jpg	A flower stands upright, fully bloomed.
../dataset/datasets/imb_flower_0.05/train/barbeton_daisy/437.jpg	A flower stands upright with petals fully open.
../dataset/datasets/imb_flower_0.05/train/barbeton_daisy/455.jpg	A flower stands upright with vibrant red petals spread wide.
../dataset/datasets/imb_flower_0.05/train/barbeton_daisy/439.jpg	A flower stands upright with petals fully open.
../dataset/datasets/imb_flower_0.05/train/barbeton_daisy/448.jpg	A flower stands upright with petals fully unfurled.
../dataset/datasets/imb_flower_0.05/train/barbeton_daisy/447.jpg	A flower stands upright, fully bloomed.
../dataset/datasets/imb_flower_0.05/train/barbeton_daisy/452.jpg	A flower stands upright with petals fully open.
../dataset/datasets/imb_flower_0.05/train/barbeton_daisy/454.jpg	A flower stands upright with petals fully open.
../dataset/datasets/imb_flower_0.05/train/barbeton_daisy/431.jpg	A flower stands upright, fully bloomed.
../dataset/datasets/imb_flower_0.05/train/barbeton_daisy/432.jpg	A flower stands upright with petals spread open.
../dataset/datasets/imb_flower_0.05/train/barbeton_daisy/433.jpg	A flower stands upright with petals spread.
../dataset/datasets/imb_flower_0.05/train/barbeton_daisy/430.jpg	A flower stands upright with petals spread open.
../dataset/datasets/imb_flower_0.05/train/barbeton_daisy/436.jpg	A flower stands upright, facing forward.
../dataset/datasets/imb_flower_0.05/train/barbeton_daisy/449.jpg	A flower stands upright with petals fully open.
../dataset/datasets/imb_flower_0.05/train/barbeton_daisy/429.jpg	A flower stands upright with vibrant orange petals.
../dataset/datasets/imb_flower_0.05/train/barbeton_daisy/442.jpg	A flower stands open, facing forward.
../dataset/datasets/imb_flower_0.05/train/daffodil/1108.jpg	A flower stands upright, fully bloomed.
../dataset/datasets/imb_flower_0.05/train/daffodil/1109.jpg	A flower stands upright with petals slightly spread.
../dataset/datasets/imb_flower_0.05/train/daffodil/1105.jpg	A flower stands upright, facing forward.
../dataset/datasets/imb_flower_0.05/train/daffodil/1107.jpg	A flower stands upright with petals spread open.
../dataset/datasets/imb_flower_0.05/train/daffodil/1106.jpg	A flower stands upright, slightly angled.
../dataset/datasets/imb_flower_0.05/train/daffodil/1104.jpg	A flower stands upright.
../dataset/datasets/imb_flower_0.05/train/sword_lily/346.jpg	A flower is open and facing forward.
../dataset/datasets/imb_flower_0.05/train/sword_lily/373.jpg	A flower stands upright with petals slightly spread.
../dataset/datasets/imb_flower_0.05/train/sword_lily/368.jpg	A flower leans slightly to the side.
../dataset/datasets/imb_flower_0.05/train/sword_lily/359.jpg	A flower stands upright, slightly angled.
../dataset/datasets/imb_flower_0.05/train/sword_lily/349.jpg	A flower stands upright, slightly angled.
../dataset/datasets/imb_flower_0.05/train/sword_lily/371.jpg	A flower stands upright with petals slightly curved.
../dataset/datasets/imb_flower_0.05/train/sword_lily/356.jpg	A flower stands upright with petals spread open.
../dataset/datasets/imb_flower_0.05/train/sword_lily/360.jpg	A flower is drooping.
../dataset/datasets/imb_flower_0.05/train/sword_lily/366.jpg	A flower stands upright with petals slightly spread.
../dataset/datasets/imb_flower_0.05/train/sword_lily/355.jpg	A flower stands upright, slightly curved.
../dataset/datasets/imb_flower_0.05/train/sword_lily/347.jpg	A flower stands upright with petals spread open.
../dataset/datasets/imb_flower_0.05/train/sword_lily/352.jpg	A flower stands upright, petals slightly spread.
../dataset/datasets/imb_flower_0.05/train/sword_lily/345.jpg	A flower stands upright with petals slightly unfurled.
../dataset/datasets/imb_flower_0.05/train/sword_lily/372.jpg	A flower stands upright, slightly open.
../dataset/datasets/imb_flower_0.05/train/sword_lily/364.jpg	A flower stands upright with petals slightly spread.
../dataset/datasets/imb_flower_0.05/train/sword_lily/362.jpg	A flower stands upright with petals spread open.
../dataset/datasets/imb_flower_0.05/train/sword_lily/363.jpg	A flower stands upright with petals spread open.
../dataset/datasets/imb_flower_0.05/train/sword_lily/354.jpg	A flower stands upright, slightly angled.
../dataset/datasets/imb_flower_0.05/train/sword_lily/370.jpg	A flower stands upright with petals spread open.
../dataset/datasets/imb_flower_0.05/train/sword_lily/348.jpg	A flower stands upright, leaning slightly forward.
../dataset/datasets/imb_flower_0.05/train/sword_lily/353.jpg	A flower stands upright with petals spread open.
../dataset/datasets/imb_flower_0.05/train/sword_lily/369.jpg	A flower is open and facing forward.
../dataset/datasets/imb_flower_0.05/train/sword_lily/367.jpg	A flower stands upright with petals slightly curled.
../dataset/datasets/imb_flower_0.05/train/sword_lily/357.jpg	A flower is open and facing forward.
../dataset/datasets/imb_flower_0.05/train/sword_lily/365.jpg	A flower is slightly tilted, with petals spread open.
../dataset/datasets/imb_flower_0.05/train/sword_lily/361.jpg	A flower is drooping downwards.
../dataset/datasets/imb_flower_0.05/train/sword_lily/358.jpg	A flower is drooping.
../dataset/datasets/imb_flower_0.05/train/sword_lily/350.jpg	A flower is slightly open, facing forward.
../dataset/datasets/imb_flower_0.05/train/sword_lily/351.jpg	A flower leans gracefully against a brick wall.
../dataset/datasets/imb_flower_0.05/train/poinsettia/682.jpg	A flower stands upright with vibrant red petals.
../dataset/datasets/imb_flower_0.05/train/poinsettia/689.jpg	A flower stands upright with petals spread open.
../dataset/datasets/imb_flower_0.05/train/poinsettia/684.jpg	A flower stands upright with petals spread open.
../dataset/datasets/imb_flower_0.05/train/poinsettia/687.jpg	A flower stands upright with vibrant red petals.
../dataset/datasets/imb_flower_0.05/train/poinsettia/699.jpg	A flower stands upright with vibrant red petals and green leaves.
../dataset/datasets/imb_flower_0.05/train/poinsettia/695.jpg	A flower stands upright, vibrant red petals facing forward.
../dataset/datasets/imb_flower_0.05/train/poinsettia/690.jpg	A flower stands upright with vibrant red petals and dewdrops glistening on its surface.
../dataset/datasets/imb_flower_0.05/train/poinsettia/697.jpg	A flower stands upright with vibrant red petals and dark green leaves.
../dataset/datasets/imb_flower_0.05/train/poinsettia/691.jpg	A flower stands upright with vibrant red bracts.
../dataset/datasets/imb_flower_0.05/train/poinsettia/696.jpg	A flower stands upright with vibrant red petals.
../dataset/datasets/imb_flower_0.05/train/poinsettia/694.jpg	A flower stands upright with vibrant pink and white leaves.
../dataset/datasets/imb_flower_0.05/train/poinsettia/681.jpg	A flower stands upright with vibrant pink and green leaves.
../dataset/datasets/imb_flower_0.05/train/poinsettia/685.jpg	A flower stands upright with vibrant pink and white leaves.
../dataset/datasets/imb_flower_0.05/train/poinsettia/698.jpg	A flower with vibrant pink and red leaves, slightly overlapping each other.
../dataset/datasets/imb_flower_0.05/train/poinsettia/686.jpg	A flower stands upright with vibrant petals.
../dataset/datasets/imb_flower_0.05/train/poinsettia/688.jpg	A flower stands upright with vibrant red petals and green center.
../dataset/datasets/imb_flower_0.05/train/poinsettia/683.jpg	A flower is drooping.
../dataset/datasets/imb_flower_0.05/train/poinsettia/692.jpg	A flower stands upright with vibrant pink petals and green center.
../dataset/datasets/imb_flower_0.05/train/poinsettia/693.jpg	A flower stands upright with vibrant red petals and green leaves.
../dataset/datasets/imb_flower_0.05/train/bolero_deep_blue/1236.jpg	A flower stands upright with petals slightly spread.
../dataset/datasets/imb_flower_0.05/train/wallflower/102.jpg	A flower stands upright with petals spread open.
../dataset/datasets/imb_flower_0.05/train/wallflower/97.jpg	A flower stands upright with petals spread open.
../dataset/datasets/imb_flower_0.05/train/wallflower/99.jpg	A flower stands upright with vibrant petals.
../dataset/datasets/imb_flower_0.05/train/wallflower/96.jpg	A flower stands upright, vibrant and bold.
../dataset/datasets/imb_flower_0.05/train/wallflower/110.jpg	A flower stands upright with vibrant petals spread open.
../dataset/datasets/imb_flower_0.05/train/wallflower/98.jpg	A flower is open and facing forward.
../dataset/datasets/imb_flower_0.05/train/wallflower/108.jpg	A flower stands upright with vibrant orange petals and a central cluster of buds.
../dataset/datasets/imb_flower_0.05/train/wallflower/84.jpg	A flower stands upright with petals slightly spread.
../dataset/datasets/imb_flower_0.05/train/wallflower/87.jpg	A flower is slightly tilted upwards.
../dataset/datasets/imb_flower_0.05/train/wallflower/103.jpg	A flower stands upright with petals spread open.
../dataset/datasets/imb_flower_0.05/train/wallflower/78.jpg	A flower stands upright with vibrant petals spread open.
../dataset/datasets/imb_flower_0.05/train/wallflower/82.jpg	A flower stands upright with petals spread open.
../dataset/datasets/imb_flower_0.05/train/wallflower/83.jpg	A flower is slightly tilted, showcasing vibrant petals and central stamen.
../dataset/datasets/imb_flower_0.05/train/wallflower/85.jpg	A flower stands upright with petals spread open.
../dataset/datasets/imb_flower_0.05/train/wallflower/106.jpg	A flower stands upright with petals spread open.
../dataset/datasets/imb_flower_0.05/train/wallflower/101.jpg	A flower stands upright with vibrant red petals and a central cluster of buds.
../dataset/datasets/imb_flower_0.05/train/wallflower/88.jpg	A flower stands upright, slightly tilted.
../dataset/datasets/imb_flower_0.05/train/wallflower/107.jpg	A flower stands upright with vibrant red petals.
../dataset/datasets/imb_flower_0.05/train/wallflower/105.jpg	A flower stands upright with petals spread open.
../dataset/datasets/imb_flower_0.05/train/wallflower/95.jpg	A flower stands upright with vibrant petals.
../dataset/datasets/imb_flower_0.05/train/wallflower/104.jpg	A flower stands upright with petals spread open.
../dataset/datasets/imb_flower_0.05/train/wallflower/90.jpg	A flower stands upright with vibrant petals.
../dataset/datasets/imb_flower_0.05/train/wallflower/77.jpg	A flower stands upright with vibrant yellow petals and red centers.
../dataset/datasets/imb_flower_0.05/train/wallflower/91.jpg	A flower stands upright with vibrant petals.
../dataset/datasets/imb_flower_0.05/train/wallflower/112.jpg	A flower stands upright with petals spread open.
../dataset/datasets/imb_flower_0.05/train/wallflower/93.jpg	A flower stands upright with vibrant petals.
../dataset/datasets/imb_flower_0.05/train/wallflower/92.jpg	A flower stands upright with petals spread open.
../dataset/datasets/imb_flower_0.05/train/wallflower/94.jpg	A flower stands upright with vibrant petals.
../dataset/datasets/imb_flower_0.05/train/wallflower/81.jpg	A flower stands upright among greenery.
../dataset/datasets/imb_flower_0.05/train/wallflower/109.jpg	A flower stands upright with vibrant petals.
../dataset/datasets/imb_flower_0.05/train/wallflower/100.jpg	A flower stands upright with vibrant petals.
../dataset/datasets/imb_flower_0.05/train/wallflower/80.jpg	A flower stands upright with vibrant red petals.
../dataset/datasets/imb_flower_0.05/train/wallflower/111.jpg	A flower stands upright with petals spread open.
../dataset/datasets/imb_flower_0.05/train/wallflower/113.jpg	A flower is slightly tilted, showcasing vibrant petals.
../dataset/datasets/imb_flower_0.05/train/wallflower/86.jpg	A flower stands upright with petals spread open.
../dataset/datasets/imb_flower_0.05/train/wallflower/79.jpg	A flower stands upright with vibrant petals.
../dataset/datasets/imb_flower_0.05/train/wallflower/89.jpg	A flower stands upright with vibrant petals spread open.
../dataset/datasets/imb_flower_0.05/train/marigold/1005.jpg	A flower stands upright, fully bloomed.
../dataset/datasets/imb_flower_0.05/train/marigold/1000.jpg	A flower stands upright with petals fully open.
../dataset/datasets/imb_flower_0.05/train/marigold/1002.jpg	A flower stands upright with petals fully unfurled.
../dataset/datasets/imb_flower_0.05/train/marigold/1006.jpg	A flower stands upright, fully bloomed.
../dataset/datasets/imb_flower_0.05/train/marigold/1003.jpg	A flower stands upright, fully bloomed.
../dataset/datasets/imb_flower_0.05/train/marigold/999.jpg	A flower stands upright with petals fully unfurled.
../dataset/datasets/imb_flower_0.05/train/marigold/1004.jpg	A flower stands upright with petals fully unfurled.
../dataset/datasets/imb_flower_0.05/train/marigold/1001.jpg	A flower stands upright with petals fully unfurled.
../dataset/datasets/imb_flower_0.05/train/marigold/998.jpg	A flower stands upright, fully bloomed.
../dataset/datasets/imb_flower_0.05/train/buttercup/962.jpg	A flower stands upright.
../dataset/datasets/imb_flower_0.05/train/buttercup/959.jpg	A flower stands upright, fully bloomed.
../dataset/datasets/imb_flower_0.05/train/buttercup/961.jpg	A flower stands upright, facing forward.
../dataset/datasets/imb_flower_0.05/train/buttercup/957.jpg	A flower is drooping.
../dataset/datasets/imb_flower_0.05/train/buttercup/965.jpg	A flower stands upright.
../dataset/datasets/imb_flower_0.05/train/buttercup/963.jpg	A flower stands upright with petals fully open.
../dataset/datasets/imb_flower_0.05/train/buttercup/966.jpg	A flower stands upright.
../dataset/datasets/imb_flower_0.05/train/buttercup/960.jpg	A flower stands upright with petals spread open.
../dataset/datasets/imb_flower_0.05/train/buttercup/967.jpg	A flower is slightly open, facing forward.
../dataset/datasets/imb_flower_0.05/train/buttercup/964.jpg	A flower stands upright with petals spread open.
../dataset/datasets/imb_flower_0.05/train/buttercup/958.jpg	A flower stands upright, petals spread wide.
../dataset/datasets/imb_flower_0.05/train/oxeye_daisy/1185.jpg	A flower stands upright.
../dataset/datasets/imb_flower_0.05/train/oxeye_daisy/1183.jpg	A flower stands upright with petals spread.
../dataset/datasets/imb_flower_0.05/train/oxeye_daisy/1184.jpg	A flower stands upright with petals fully open.
../dataset/datasets/imb_flower_0.05/train/common_dandelion/705.jpg	A flower stands upright, fully bloomed.
../dataset/datasets/imb_flower_0.05/train/common_dandelion/713.jpg	A flower stands upright, petals fully unfurled.
../dataset/datasets/imb_flower_0.05/train/common_dandelion/717.jpg	A flower stands upright with petals fully open.
../dataset/datasets/imb_flower_0.05/train/common_dandelion/714.jpg	A flower stands upright amidst grass.
../dataset/datasets/imb_flower_0.05/train/common_dandelion/712.jpg	A flower stands upright amidst greenery.
../dataset/datasets/imb_flower_0.05/train/common_dandelion/710.jpg	A flower stands upright amidst greenery.
../dataset/datasets/imb_flower_0.05/train/common_dandelion/708.jpg	A flower is fully bloomed, facing upwards.
../dataset/datasets/imb_flower_0.05/train/common_dandelion/703.jpg	A flower stands upright with petals fully unfurled.
../dataset/datasets/imb_flower_0.05/train/common_dandelion/715.jpg	A flower stands upright, fully bloomed.
../dataset/datasets/imb_flower_0.05/train/common_dandelion/704.jpg	A flower stands upright with its petals fully open.
../dataset/datasets/imb_flower_0.05/train/common_dandelion/711.jpg	A flower stands upright with petals fully open.
../dataset/datasets/imb_flower_0.05/train/common_dandelion/700.jpg	A flower stands upright, fully bloomed.
../dataset/datasets/imb_flower_0.05/train/common_dandelion/706.jpg	A flower stands upright, petals spread wide.
../dataset/datasets/imb_flower_0.05/train/common_dandelion/716.jpg	A flower is open and facing forward.
../dataset/datasets/imb_flower_0.05/train/common_dandelion/701.jpg	A flower stands upright with petals fully open.
../dataset/datasets/imb_flower_0.05/train/common_dandelion/707.jpg	A flower stands upright, fully bloomed.
../dataset/datasets/imb_flower_0.05/train/common_dandelion/709.jpg	A flower stands upright.
../dataset/datasets/imb_flower_0.05/train/common_dandelion/702.jpg	A flower stands upright with petals fully open.
../dataset/datasets/imb_flower_0.05/train/petunia/5.jpg	A flower is drooping.
../dataset/datasets/imb_flower_0.05/train/petunia/7.jpg	A flower is fully open, displaying its petals.
../dataset/datasets/imb_flower_0.05/train/petunia/17.jpg	A flower is drooping slightly.
../dataset/datasets/imb_flower_0.05/train/petunia/10.jpg	A flower is fully bloomed and upright.
../dataset/datasets/imb_flower_0.05/train/petunia/31.jpg	A flower is fully bloomed and upright.
../dataset/datasets/imb_flower_0.05/train/petunia/18.jpg	A flower is fully bloomed and facing forward.
../dataset/datasets/imb_flower_0.05/train/petunia/26.jpg	A flower stands upright.
../dataset/datasets/imb_flower_0.05/train/petunia/15.jpg	A flower is leaning slightly to the side.
../dataset/datasets/imb_flower_0.05/train/petunia/22.jpg	A flower leans slightly to the side.
../dataset/datasets/imb_flower_0.05/train/petunia/12.jpg	A flower is fully bloomed.
../dataset/datasets/imb_flower_0.05/train/petunia/13.jpg	A flower stands upright.
../dataset/datasets/imb_flower_0.05/train/petunia/33.jpg	A flower stands upright with petals spread open.
../dataset/datasets/imb_flower_0.05/train/petunia/32.jpg	A flower stands upright amidst greenery.
../dataset/datasets/imb_flower_0.05/train/petunia/35.jpg	A flower stands upright.
../dataset/datasets/imb_flower_0.05/train/petunia/36.jpg	A flower is slightly drooping.
../dataset/datasets/imb_flower_0.05/train/petunia/27.jpg	A flower stands upright with petals spread open.
../dataset/datasets/imb_flower_0.05/train/petunia/30.jpg	A flower stands upright amidst greenery.
../dataset/datasets/imb_flower_0.05/train/petunia/2.jpg	A flower is fully bloomed and facing forward.
../dataset/datasets/imb_flower_0.05/train/petunia/8.jpg	A flower is slightly tilted.
../dataset/datasets/imb_flower_0.05/train/petunia/0.jpg	A flower is drooping.
../dataset/datasets/imb_flower_0.05/train/petunia/29.jpg	A flower droops slightly.
../dataset/datasets/imb_flower_0.05/train/petunia/34.jpg	A flower stands upright with petals spread open.
../dataset/datasets/imb_flower_0.05/train/petunia/4.jpg	A flower stands upright with petals spread open.
../dataset/datasets/imb_flower_0.05/train/petunia/3.jpg	A flower is open and facing upwards.
../dataset/datasets/imb_flower_0.05/train/petunia/28.jpg	A flower stands upright with petals spread open.
../dataset/datasets/imb_flower_0.05/train/petunia/16.jpg	A flower is slightly drooping.
../dataset/datasets/imb_flower_0.05/train/petunia/25.jpg	A flower stands upright with petals spread open.
../dataset/datasets/imb_flower_0.05/train/petunia/9.jpg	A flower stands upright with petals spread open.
../dataset/datasets/imb_flower_0.05/train/petunia/6.jpg	A flower is fully bloomed and facing forward.
../dataset/datasets/imb_flower_0.05/train/petunia/14.jpg	A flower leans slightly to the right.
../dataset/datasets/imb_flower_0.05/train/petunia/24.jpg	A flower is open and facing forward.
../dataset/datasets/imb_flower_0.05/train/petunia/11.jpg	A flower is slightly drooping.
../dataset/datasets/imb_flower_0.05/train/petunia/19.jpg	A flower is fully open, displaying its petals.
../dataset/datasets/imb_flower_0.05/train/petunia/21.jpg	A flower is fully bloomed and facing forward.
../dataset/datasets/imb_flower_0.05/train/petunia/1.jpg	A flower is slightly tilted upwards.
../dataset/datasets/imb_flower_0.05/train/petunia/23.jpg	A flower is slightly drooping.
../dataset/datasets/imb_flower_0.05/train/petunia/37.jpg	A flower is fully bloomed, facing forward.
../dataset/datasets/imb_flower_0.05/train/petunia/38.jpg	A flower is slightly drooping.
../dataset/datasets/imb_flower_0.05/train/petunia/20.jpg	A flower is fully bloomed.
../dataset/datasets/imb_flower_0.05/train/wild_pansy/870.jpg	A flower stands upright with petals spread open.
../dataset/datasets/imb_flower_0.05/train/wild_pansy/867.jpg	A flower stands upright, slightly angled.
../dataset/datasets/imb_flower_0.05/train/wild_pansy/865.jpg	A flower stands upright, facing forward.
../dataset/datasets/imb_flower_0.05/train/wild_pansy/871.jpg	A flower is slightly tilted.
../dataset/datasets/imb_flower_0.05/train/wild_pansy/869.jpg	A flower stands upright with petals spread open.
../dataset/datasets/imb_flower_0.05/train/wild_pansy/860.jpg	A flower stands upright with petals spread open.
../dataset/datasets/imb_flower_0.05/train/wild_pansy/872.jpg	A flower stands upright with petals spread open.
../dataset/datasets/imb_flower_0.05/train/wild_pansy/861.jpg	A flower is fully bloomed.
../dataset/datasets/imb_flower_0.05/train/wild_pansy/866.jpg	A flower stands upright with petals spread open.
../dataset/datasets/imb_flower_0.05/train/wild_pansy/862.jpg	A flower stands upright with petals spread open.
../dataset/datasets/imb_flower_0.05/train/wild_pansy/868.jpg	A flower stands upright with petals spread open.
../dataset/datasets/imb_flower_0.05/train/wild_pansy/863.jpg	A flower stands upright with petals spread open.
../dataset/datasets/imb_flower_0.05/train/wild_pansy/864.jpg	A flower stands upright with petals spread open.
../dataset/datasets/imb_flower_0.05/train/primula/720.jpg	A flower stands upright with petals fully open.
../dataset/datasets/imb_flower_0.05/train/primula/725.jpg	A flower stands upright, blooming brightly.
../dataset/datasets/imb_flower_0.05/train/primula/731.jpg	A flower stands upright with vibrant petals.
../dataset/datasets/imb_flower_0.05/train/primula/728.jpg	A flower is fully bloomed, facing forward.
../dataset/datasets/imb_flower_0.05/train/primula/722.jpg	A flower stands upright with petals spread open.
../dataset/datasets/imb_flower_0.05/train/primula/719.jpg	A flower is fully bloomed with petals spread open.
../dataset/datasets/imb_flower_0.05/train/primula/732.jpg	A flower stands upright.
../dataset/datasets/imb_flower_0.05/train/primula/727.jpg	A flower stands upright with petals spread open.
../dataset/datasets/imb_flower_0.05/train/primula/734.jpg	A flower is in full bloom, facing upwards.
../dataset/datasets/imb_flower_0.05/train/primula/726.jpg	A flower is fully bloomed with vibrant yellow petals.
../dataset/datasets/imb_flower_0.05/train/primula/724.jpg	A flower is fully bloomed with petals spread open.
../dataset/datasets/imb_flower_0.05/train/primula/721.jpg	A flower stands upright with petals spread open.
../dataset/datasets/imb_flower_0.05/train/primula/733.jpg	A flower stands upright, vibrant yellow petals spread open.
../dataset/datasets/imb_flower_0.05/train/primula/735.jpg	A flower is open and facing forward.
../dataset/datasets/imb_flower_0.05/train/primula/718.jpg	A flower is fully bloomed, facing forward.
../dataset/datasets/imb_flower_0.05/train/primula/723.jpg	A flower stands upright with petals spread open.
../dataset/datasets/imb_flower_0.05/train/primula/730.jpg	A flower is fully bloomed, displaying vibrant petals and a bright yellow center.
../dataset/datasets/imb_flower_0.05/train/primula/729.jpg	A flower stands upright with vibrant yellow petals.
../dataset/datasets/imb_flower_0.05/train/sunflower/1088.jpg	A flower stands upright, facing forward.
../dataset/datasets/imb_flower_0.05/train/sunflower/1085.jpg	A flower stands upright.
../dataset/datasets/imb_flower_0.05/train/sunflower/1087.jpg	A flower stands upright, facing forward.
../dataset/datasets/imb_flower_0.05/train/sunflower/1091.jpg	A flower stands upright.
../dataset/datasets/imb_flower_0.05/train/sunflower/1086.jpg	A flower stands upright with petals fully open.
../dataset/datasets/imb_flower_0.05/train/sunflower/1090.jpg	A flower stands upright with petals fully open.
../dataset/datasets/imb_flower_0.05/train/sunflower/1089.jpg	A flower stands upright, facing forward.
../dataset/datasets/imb_flower_0.05/train/pelargonium/975.jpg	A flower stands upright with petals fully open.
../dataset/datasets/imb_flower_0.05/train/pelargonium/972.jpg	A flower stands upright with petals fully unfurled.
../dataset/datasets/imb_flower_0.05/train/pelargonium/970.jpg	A flower stands upright.
../dataset/datasets/imb_flower_0.05/train/pelargonium/968.jpg	A flower stands upright with petals fully open.
../dataset/datasets/imb_flower_0.05/train/pelargonium/971.jpg	A flower leans slightly to the side.
../dataset/datasets/imb_flower_0.05/train/pelargonium/973.jpg	A flower stands open, facing forward.
../dataset/datasets/imb_flower_0.05/train/pelargonium/969.jpg	A flower stands upright with petals spread open.
../dataset/datasets/imb_flower_0.05/train/pelargonium/974.jpg	A flower is open and facing upwards.
../dataset/datasets/imb_flower_0.05/train/pelargonium/976.jpg	A flower is drooping.
../dataset/datasets/imb_flower_0.05/train/pelargonium/977.jpg	A flower stands upright with petals slightly unfurled.
../dataset/datasets/imb_flower_0.05/train/bishop_of_llandaff/557.jpg	A flower stands upright.
../dataset/datasets/imb_flower_0.05/train/bishop_of_llandaff/563.jpg	A flower stands upright with vibrant red petals and a yellow center.
../dataset/datasets/imb_flower_0.05/train/bishop_of_llandaff/567.jpg	A flower stands upright, fully bloomed.
../dataset/datasets/imb_flower_0.05/train/bishop_of_llandaff/570.jpg	A flower stands upright with petals spread open.
../dataset/datasets/imb_flower_0.05/train/bishop_of_llandaff/576.jpg	A flower stands upright, fully bloomed.
../dataset/datasets/imb_flower_0.05/train/bishop_of_llandaff/559.jpg	A flower stands upright with petals spread open.
../dataset/datasets/imb_flower_0.05/train/bishop_of_llandaff/562.jpg	A flower stands upright, fully bloomed.
../dataset/datasets/imb_flower_0.05/train/bishop_of_llandaff/571.jpg	A flower stands upright with vibrant red petals and a yellow center.
../dataset/datasets/imb_flower_0.05/train/bishop_of_llandaff/569.jpg	A flower stands upright, fully bloomed.
../dataset/datasets/imb_flower_0.05/train/bishop_of_llandaff/556.jpg	A flower stands upright with vibrant red petals and a yellow center.
../dataset/datasets/imb_flower_0.05/train/bishop_of_llandaff/575.jpg	A flower stands upright with petals spread wide.
../dataset/datasets/imb_flower_0.05/train/bishop_of_llandaff/574.jpg	A flower stands upright with petals fully unfurled.
../dataset/datasets/imb_flower_0.05/train/bishop_of_llandaff/572.jpg	A flower stands upright, fully bloomed.
../dataset/datasets/imb_flower_0.05/train/bishop_of_llandaff/554.jpg	A flower stands upright, fully bloomed.
../dataset/datasets/imb_flower_0.05/train/bishop_of_llandaff/573.jpg	A flower stands upright with petals spread wide.
../dataset/datasets/imb_flower_0.05/train/bishop_of_llandaff/564.jpg	A flower stands upright with vibrant petals spread open.
../dataset/datasets/imb_flower_0.05/train/bishop_of_llandaff/561.jpg	A flower stands upright with vibrant red petals and a yellow center.
../dataset/datasets/imb_flower_0.05/train/bishop_of_llandaff/565.jpg	A flower stands upright with petals spread wide.
../dataset/datasets/imb_flower_0.05/train/bishop_of_llandaff/566.jpg	A flower stands upright with petals spread open.
../dataset/datasets/imb_flower_0.05/train/bishop_of_llandaff/568.jpg	A flower stands upright.
../dataset/datasets/imb_flower_0.05/train/bishop_of_llandaff/558.jpg	A flower stands upright with vibrant red petals and a yellow center.
../dataset/datasets/imb_flower_0.05/train/bishop_of_llandaff/560.jpg	A flower stands upright with vibrant red petals and a yellow center.
../dataset/datasets/imb_flower_0.05/train/bishop_of_llandaff/555.jpg	A flower stands upright, petals spread wide.
../dataset/datasets/imb_flower_0.05/train/gaura/1007.jpg	A flower hangs gracefully, drooping slightly.
../dataset/datasets/imb_flower_0.05/train/gaura/1008.jpg	A flower stands upright with delicate petals and prominent stamens.
../dataset/datasets/imb_flower_0.05/train/gaura/1009.jpg	A flower stands upright with petals spread open.
../dataset/datasets/imb_flower_0.05/train/gaura/1011.jpg	A flower leans gracefully, petals unfurled.
../dataset/datasets/imb_flower_0.05/train/gaura/1015.jpg	A flower stands upright with delicate petals and extended stamens.
../dataset/datasets/imb_flower_0.05/train/gaura/1012.jpg	A flower leans gracefully towards the right.
../dataset/datasets/imb_flower_0.05/train/gaura/1014.jpg	A flower stands upright with petals spread open.
../dataset/datasets/imb_flower_0.05/train/gaura/1013.jpg	A flower hangs gracefully, drooping slightly.
../dataset/datasets/imb_flower_0.05/train/gaura/1010.jpg	A flower stands gracefully, slightly tilted.
../dataset/datasets/imb_flower_0.05/train/geranium/493.jpg	A flower stands upright, blooming vibrantly.
../dataset/datasets/imb_flower_0.05/train/geranium/500.jpg	A flower stands upright, slightly leaning forward.
../dataset/datasets/imb_flower_0.05/train/geranium/486.jpg	A flower is slightly tilted, facing left.
../dataset/datasets/imb_flower_0.05/train/geranium/506.jpg	A flower is drooping slightly.
../dataset/datasets/imb_flower_0.05/train/geranium/502.jpg	A flower stands upright among leaves.
../dataset/datasets/imb_flower_0.05/train/geranium/490.jpg	A flower stands upright, slightly drooping at edges.
../dataset/datasets/imb_flower_0.05/train/geranium/504.jpg	A flower stands upright, blooming vibrantly.
../dataset/datasets/imb_flower_0.05/train/geranium/492.jpg	A flower stands upright, slightly tilted.
../dataset/datasets/imb_flower_0.05/train/geranium/494.jpg	A flower is fully bloomed with vibrant red petals.
../dataset/datasets/imb_flower_0.05/train/geranium/483.jpg	A flower is fully bloomed and upright.
../dataset/datasets/imb_flower_0.05/train/geranium/499.jpg	A flower stands upright, slightly drooping at edges.
../dataset/datasets/imb_flower_0.05/train/geranium/505.jpg	A flower is fully bloomed and upright.
../dataset/datasets/imb_flower_0.05/train/geranium/491.jpg	A flower stands upright, slightly tilted.
../dataset/datasets/imb_flower_0.05/train/geranium/488.jpg	A flower is drooping slightly.
../dataset/datasets/imb_flower_0.05/train/geranium/498.jpg	A flower stands upright, slightly tilted.
../dataset/datasets/imb_flower_0.05/train/geranium/489.jpg	A flower stands upright, slightly drooping at edges.
../dataset/datasets/imb_flower_0.05/train/geranium/497.jpg	A flower is drooping.
../dataset/datasets/imb_flower_0.05/train/geranium/501.jpg	A flower stands upright among green leaves.
../dataset/datasets/imb_flower_0.05/train/geranium/487.jpg	A flower is drooping slightly.
../dataset/datasets/imb_flower_0.05/train/geranium/495.jpg	A flower is drooping slightly.
../dataset/datasets/imb_flower_0.05/train/geranium/503.jpg	A flower is drooping slightly.
../dataset/datasets/imb_flower_0.05/train/geranium/496.jpg	A flower stands upright, slightly drooping at edges.
../dataset/datasets/imb_flower_0.05/train/geranium/482.jpg	A flower stands upright with petals spread open.
../dataset/datasets/imb_flower_0.05/train/geranium/484.jpg	A flower is drooping.
../dataset/datasets/imb_flower_0.05/train/geranium/485.jpg	A flower stands upright, slightly drooping at edges.
../dataset/datasets/imb_flower_0.05/train/orange_dahlia/1024.jpg	A flower stands upright with vibrant petals and a bright yellow center.
../dataset/datasets/imb_flower_0.05/train/orange_dahlia/1020.jpg	A flower stands upright with petals spread open.
../dataset/datasets/imb_flower_0.05/train/orange_dahlia/1023.jpg	A flower stands upright.
../dataset/datasets/imb_flower_0.05/train/orange_dahlia/1019.jpg	A flower stands upright with petals fully open.
../dataset/datasets/imb_flower_0.05/train/orange_dahlia/1022.jpg	A flower stands upright with vibrant petals and a bright yellow center.
../dataset/datasets/imb_flower_0.05/train/orange_dahlia/1021.jpg	A flower stands upright with vibrant petals and a bright yellow center.
../dataset/datasets/imb_flower_0.05/train/orange_dahlia/1018.jpg	A flower stands upright.
../dataset/datasets/imb_flower_0.05/train/orange_dahlia/1016.jpg	A flower stands upright with vibrant petals spread open.
../dataset/datasets/imb_flower_0.05/train/orange_dahlia/1017.jpg	A flower stands upright with petals spread open.
../dataset/datasets/imb_flower_0.05/train/pink-yellow_dahlia/587.jpg	A flower stands upright with petals spread open.
../dataset/datasets/imb_flower_0.05/train/pink-yellow_dahlia/588.jpg	A flower stands upright among leaves.
../dataset/datasets/imb_flower_0.05/train/pink-yellow_dahlia/584.jpg	A flower leans slightly to the side.
../dataset/datasets/imb_flower_0.05/train/pink-yellow_dahlia/596.jpg	A flower stands upright with petals spread.
../dataset/datasets/imb_flower_0.05/train/pink-yellow_dahlia/581.jpg	A flower stands upright with petals spread open.
../dataset/datasets/imb_flower_0.05/train/pink-yellow_dahlia/592.jpg	A flower stands upright with petals spread open.
../dataset/datasets/imb_flower_0.05/train/pink-yellow_dahlia/585.jpg	A flower hangs downward.
../dataset/datasets/imb_flower_0.05/train/pink-yellow_dahlia/597.jpg	A flower stands upright with petals spread open.
../dataset/datasets/imb_flower_0.05/train/pink-yellow_dahlia/593.jpg	A flower stands upright with petals spread.
../dataset/datasets/imb_flower_0.05/train/pink-yellow_dahlia/594.jpg	A flower stands upright with petals spread open.
../dataset/datasets/imb_flower_0.05/train/pink-yellow_dahlia/582.jpg	A flower stands upright with petals fully unfurled.
../dataset/datasets/imb_flower_0.05/train/pink-yellow_dahlia/595.jpg	A flower stands upright, slightly leaning forward.
../dataset/datasets/imb_flower_0.05/train/pink-yellow_dahlia/583.jpg	A flower stands upright with petals spread open.
../dataset/datasets/imb_flower_0.05/train/pink-yellow_dahlia/578.jpg	A flower stands upright among green leaves.
../dataset/datasets/imb_flower_0.05/train/pink-yellow_dahlia/591.jpg	A flower stands upright amidst greenery.
../dataset/datasets/imb_flower_0.05/train/pink-yellow_dahlia/580.jpg	A flower hangs downward.
../dataset/datasets/imb_flower_0.05/train/pink-yellow_dahlia/590.jpg	A flower stands upright, fully bloomed.
../dataset/datasets/imb_flower_0.05/train/pink-yellow_dahlia/589.jpg	A flower stands upright with petals spread open.
../dataset/datasets/imb_flower_0.05/train/pink-yellow_dahlia/577.jpg	A flower stands upright among leaves.
../dataset/datasets/imb_flower_0.05/train/pink-yellow_dahlia/598.jpg	A flower stands upright amidst greenery.
../dataset/datasets/imb_flower_0.05/train/pink-yellow_dahlia/586.jpg	A flower stands upright among green leaves.
../dataset/datasets/imb_flower_0.05/train/pink-yellow_dahlia/579.jpg	A flower stands upright with petals spread open.
../dataset/datasets/imb_flower_0.05/train/cautleya_spicata/1164.jpg	A flower stands upright, slightly drooping at the tips.
../dataset/datasets/imb_flower_0.05/train/cautleya_spicata/1167.jpg	A flower stands upright, slightly leaning forward.
../dataset/datasets/imb_flower_0.05/train/cautleya_spicata/1166.jpg	A flower stands upright with vibrant petals.
../dataset/datasets/imb_flower_0.05/train/cautleya_spicata/1165.jpg	A flower stands upright with vibrant blooms.
../dataset/datasets/imb_flower_0.05/train/japanese_anemone/1139.jpg	A flower stands upright with petals spread open.
../dataset/datasets/imb_flower_0.05/train/japanese_anemone/1141.jpg	A flower leans slightly to the right.
../dataset/datasets/imb_flower_0.05/train/japanese_anemone/1137.jpg	A flower stands upright with petals spread open.
../dataset/datasets/imb_flower_0.05/train/japanese_anemone/1140.jpg	A flower stands upright with petals slightly spread.
../dataset/datasets/imb_flower_0.05/train/japanese_anemone/1138.jpg	A flower stands upright with petals spread open.
../dataset/datasets/imb_flower_0.05/train/black-eyed_susan/1142.jpg	A flower stands upright with petals spread wide.
../dataset/datasets/imb_flower_0.05/train/black-eyed_susan/1145.jpg	A flower stands upright with petals spread wide.
../dataset/datasets/imb_flower_0.05/train/black-eyed_susan/1143.jpg	A flower stands upright with petals spread wide.
../dataset/datasets/imb_flower_0.05/train/black-eyed_susan/1146.jpg	A flower stands upright with petals fully spread.
../dataset/datasets/imb_flower_0.05/train/black-eyed_susan/1144.jpg	A flower stands upright with petals slightly drooping.
../dataset/datasets/imb_flower_0.05/train/silverbush/1162.jpg	A flower is drooping.
../dataset/datasets/imb_flower_0.05/train/silverbush/1160.jpg	A flower is slightly tilted.
../dataset/datasets/imb_flower_0.05/train/silverbush/1161.jpg	A flower stands upright with petals fully unfurled.
../dataset/datasets/imb_flower_0.05/train/silverbush/1163.jpg	A flower is slightly drooping.
../dataset/datasets/imb_flower_0.05/train/californian_poppy/645.jpg	A flower stands upright with petals spread open.
../dataset/datasets/imb_flower_0.05/train/californian_poppy/659.jpg	A flower stands upright.
../dataset/datasets/imb_flower_0.05/train/californian_poppy/648.jpg	A flower stands upright with petals spread open.
../dataset/datasets/imb_flower_0.05/train/californian_poppy/647.jpg	A flower stands upright with petals fully open.
../dataset/datasets/imb_flower_0.05/train/californian_poppy/649.jpg	A flower stands upright with petals spread open.
../dataset/datasets/imb_flower_0.05/train/californian_poppy/641.jpg	A flower stands upright.
../dataset/datasets/imb_flower_0.05/train/californian_poppy/642.jpg	A flower stands upright with petals spread open.
../dataset/datasets/imb_flower_0.05/train/californian_poppy/654.jpg	A flower stands upright, slightly angled.
../dataset/datasets/imb_flower_0.05/train/californian_poppy/646.jpg	A flower stands upright.
../dataset/datasets/imb_flower_0.05/train/californian_poppy/651.jpg	A flower stands upright with petals spread open.
../dataset/datasets/imb_flower_0.05/train/californian_poppy/644.jpg	A flower stands upright with petals spread open.
../dataset/datasets/imb_flower_0.05/train/californian_poppy/643.jpg	A flower stands upright, petals fully unfurled.
../dataset/datasets/imb_flower_0.05/train/californian_poppy/655.jpg	A flower stands upright with petals spread open.
../dataset/datasets/imb_flower_0.05/train/californian_poppy/657.jpg	A flower stands upright with petals spread open.
../dataset/datasets/imb_flower_0.05/train/californian_poppy/660.jpg	A flower stands upright with petals slightly spread.
../dataset/datasets/imb_flower_0.05/train/californian_poppy/652.jpg	A flower stands upright, petals fully open.
../dataset/datasets/imb_flower_0.05/train/californian_poppy/650.jpg	A flower stands upright with petals spread open.
../dataset/datasets/imb_flower_0.05/train/californian_poppy/658.jpg	A flower stands upright.
../dataset/datasets/imb_flower_0.05/train/californian_poppy/653.jpg	A flower stands upright with petals spread open.
../dataset/datasets/imb_flower_0.05/train/californian_poppy/656.jpg	A flower stands upright with petals spread open.
../dataset/datasets/imb_flower_0.05/train/osteospermum/1095.jpg	A flower stands upright with petals spread wide.
../dataset/datasets/imb_flower_0.05/train/osteospermum/1097.jpg	A flower stands upright with petals fully open.
../dataset/datasets/imb_flower_0.05/train/osteospermum/1094.jpg	A flower stands upright with petals spread open.
../dataset/datasets/imb_flower_0.05/train/osteospermum/1092.jpg	A flower stands upright with petals fully open.
../dataset/datasets/imb_flower_0.05/train/osteospermum/1096.jpg	A flower stands upright with petals fully open.
../dataset/datasets/imb_flower_0.05/train/osteospermum/1093.jpg	A flower stands upright with petals spread wide.
../dataset/datasets/imb_flower_0.05/train/spring_crocus/1214.jpg	A flower stands upright, slightly angled.
../dataset/datasets/imb_flower_0.05/train/spring_crocus/1215.jpg	A flower stands upright amidst fallen leaves.
../dataset/datasets/imb_flower_0.05/train/bearded_iris/1151.jpg	A flower stands upright with petals spread open.
../dataset/datasets/imb_flower_0.05/train/bearded_iris/1150.jpg	A flower stands upright with petals spread open.
../dataset/datasets/imb_flower_0.05/train/bearded_iris/1147.jpg	A flower stands upright with petals spread.
../dataset/datasets/imb_flower_0.05/train/bearded_iris/1149.jpg	A flower stands upright with petals spread.
../dataset/datasets/imb_flower_0.05/train/bearded_iris/1148.jpg	A flower stands upright with petals spread open.
../dataset/datasets/imb_flower_0.05/train/windflower/1154.jpg	A flower stands upright with petals spread open.
../dataset/datasets/imb_flower_0.05/train/windflower/1153.jpg	A flower stands upright with petals fully open.
../dataset/datasets/imb_flower_0.05/train/windflower/1152.jpg	A flower stands upright with petals spread open.
../dataset/datasets/imb_flower_0.05/train/windflower/1155.jpg	A flower stands upright with petals spread open.
../dataset/datasets/imb_flower_0.05/train/tree_poppy/1049.jpg	A flower stands upright with petals spread open.
../dataset/datasets/imb_flower_0.05/train/tree_poppy/1053.jpg	A flower is drooping slightly.
../dataset/datasets/imb_flower_0.05/train/tree_poppy/1054.jpg	A flower stands upright with petals fully unfurled.
../dataset/datasets/imb_flower_0.05/train/tree_poppy/1056.jpg	A flower stands upright amidst greenery.
../dataset/datasets/imb_flower_0.05/train/tree_poppy/1055.jpg	A flower stands upright with petals fully unfurled.
../dataset/datasets/imb_flower_0.05/train/tree_poppy/1051.jpg	A flower stands upright with petals spread open.
../dataset/datasets/imb_flower_0.05/train/tree_poppy/1052.jpg	A flower stands upright with petals slightly spread.
../dataset/datasets/imb_flower_0.05/train/tree_poppy/1050.jpg	A flower stands upright with petals spread wide.
../dataset/datasets/imb_flower_0.05/train/gazania/926.jpg	A flower stands upright, fully bloomed.
../dataset/datasets/imb_flower_0.05/train/gazania/933.jpg	A flower stands upright with vibrant petals spread wide.
../dataset/datasets/imb_flower_0.05/train/gazania/928.jpg	A flower stands upright with vibrant petals spread wide.
../dataset/datasets/imb_flower_0.05/train/gazania/931.jpg	A flower stands upright with petals fully open.
../dataset/datasets/imb_flower_0.05/train/gazania/923.jpg	A flower stands upright with petals spread wide.
../dataset/datasets/imb_flower_0.05/train/gazania/924.jpg	A flower stands open, displaying vibrant petals.
../dataset/datasets/imb_flower_0.05/train/gazania/927.jpg	A flower stands upright with petals spread wide.
../dataset/datasets/imb_flower_0.05/train/gazania/925.jpg	A flower stands upright with petals spread wide.
../dataset/datasets/imb_flower_0.05/train/gazania/929.jpg	A flower stands upright with petals spread wide.
../dataset/datasets/imb_flower_0.05/train/gazania/932.jpg	A flower stands upright with vibrant petals spread wide.
../dataset/datasets/imb_flower_0.05/train/gazania/934.jpg	A flower stands upright with petals spread wide.
../dataset/datasets/imb_flower_0.05/train/gazania/930.jpg	A flower stands upright, radiating vibrant colors.
../dataset/datasets/imb_flower_0.05/train/azalea/673.jpg	A flower stands open, displaying vibrant petals and delicate stamens.
../dataset/datasets/imb_flower_0.05/train/azalea/668.jpg	A flower stands upright, slightly angled.
../dataset/datasets/imb_flower_0.05/train/azalea/661.jpg	A flower is open and facing forward.
../dataset/datasets/imb_flower_0.05/train/azalea/677.jpg	A flower stands open, facing forward.
../dataset/datasets/imb_flower_0.05/train/azalea/674.jpg	A flower stands open, displaying its delicate petals and stamens.
../dataset/datasets/imb_flower_0.05/train/azalea/667.jpg	A flower stands upright with petals spread open.
../dataset/datasets/imb_flower_0.05/train/azalea/666.jpg	A flower stands upright with petals spread open.
../dataset/datasets/imb_flower_0.05/train/azalea/671.jpg	A flower stands upright, fully bloomed.
../dataset/datasets/imb_flower_0.05/train/azalea/662.jpg	A flower stands upright, fully bloomed.
../dataset/datasets/imb_flower_0.05/train/azalea/679.jpg	A flower stands open, displaying vibrant petals.
../dataset/datasets/imb_flower_0.05/train/azalea/665.jpg	A flower stands open, displaying its delicate petals and stamens.
../dataset/datasets/imb_flower_0.05/train/azalea/664.jpg	A flower stands upright with petals spread open.
../dataset/datasets/imb_flower_0.05/train/azalea/676.jpg	A flower stands upright with petals fully open.
../dataset/datasets/imb_flower_0.05/train/azalea/669.jpg	A flower stands upright, fully bloomed.
../dataset/datasets/imb_flower_0.05/train/azalea/672.jpg	A flower stands upright, slightly angled.
../dataset/datasets/imb_flower_0.05/train/azalea/675.jpg	A flower stands upright, petals spread wide.
../dataset/datasets/imb_flower_0.05/train/azalea/680.jpg	A flower stands open, petals spread wide.
../dataset/datasets/imb_flower_0.05/train/azalea/678.jpg	A flower stands open, displaying vibrant petals and intricate stamens.
../dataset/datasets/imb_flower_0.05/train/azalea/670.jpg	A flower stands upright, fully bloomed.
../dataset/datasets/imb_flower_0.05/train/azalea/663.jpg	A flower stands upright, petals spread wide.
../dataset/datasets/imb_flower_0.05/train/water_lily/147.jpg	A flower floats gracefully on water.
../dataset/datasets/imb_flower_0.05/train/water_lily/134.jpg	A flower is partially open, revealing its vibrant pink petals and yellow center.
../dataset/datasets/imb_flower_0.05/train/water_lily/127.jpg	A flower floats gracefully on water, surrounded by lily pads.
../dataset/datasets/imb_flower_0.05/train/water_lily/148.jpg	A flower floats gracefully on water, surrounded by lily pads.
../dataset/datasets/imb_flower_0.05/train/water_lily/132.jpg	A flower stands upright, petals spread wide.
../dataset/datasets/imb_flower_0.05/train/water_lily/145.jpg	A flower stands upright with petals fully open.
../dataset/datasets/imb_flower_0.05/train/water_lily/130.jpg	A flower floats gracefully on water.
../dataset/datasets/imb_flower_0.05/train/water_lily/139.jpg	A flower floats gracefully on water.
../dataset/datasets/imb_flower_0.05/train/water_lily/116.jpg	A flower stands upright on lily pads.
../dataset/datasets/imb_flower_0.05/train/water_lily/146.jpg	A flower is open and facing forward.
../dataset/datasets/imb_flower_0.05/train/water_lily/125.jpg	A flower floats gracefully on water.
../dataset/datasets/imb_flower_0.05/train/water_lily/121.jpg	A flower stands upright with petals spread wide.
../dataset/datasets/imb_flower_0.05/train/water_lily/118.jpg	A flower is fully bloomed, displaying vibrant petals and a bright center.
../dataset/datasets/imb_flower_0.05/train/water_lily/133.jpg	A flower floats gracefully on water.
../dataset/datasets/imb_flower_0.05/train/water_lily/122.jpg	A flower stands upright, petals fully open.
../dataset/datasets/imb_flower_0.05/train/water_lily/143.jpg	A flower floats gracefully on water.
../dataset/datasets/imb_flower_0.05/train/water_lily/141.jpg	A flower is fully bloomed, facing upwards.
../dataset/datasets/imb_flower_0.05/train/water_lily/119.jpg	A flower stands open, petals spread wide.
../dataset/datasets/imb_flower_0.05/train/water_lily/144.jpg	A flower floats gracefully on water, surrounded by lily pads.
../dataset/datasets/imb_flower_0.05/train/water_lily/124.jpg	A flower is fully bloomed.
../dataset/datasets/imb_flower_0.05/train/water_lily/135.jpg	A flower is open and facing upwards.
../dataset/datasets/imb_flower_0.05/train/water_lily/149.jpg	A flower floats gracefully on water.
../dataset/datasets/imb_flower_0.05/train/water_lily/136.jpg	A flower is fully bloomed.
../dataset/datasets/imb_flower_0.05/train/water_lily/114.jpg	A flower stands upright with petals fully open.
../dataset/datasets/imb_flower_0.05/train/water_lily/117.jpg	A flower floats gracefully among lily pads.
../dataset/datasets/imb_flower_0.05/train/water_lily/140.jpg	A flower is fully bloomed, floating on water.
../dataset/datasets/imb_flower_0.05/train/water_lily/115.jpg	A flower stands upright, petals slightly spread.
../dataset/datasets/imb_flower_0.05/train/water_lily/123.jpg	A flower floats gracefully on water.
../dataset/datasets/imb_flower_0.05/train/water_lily/120.jpg	A flower floats gracefully on water.
../dataset/datasets/imb_flower_0.05/train/water_lily/129.jpg	A flower floats gracefully on water.
../dataset/datasets/imb_flower_0.05/train/water_lily/131.jpg	A flower floats gracefully, petals spread wide.
../dataset/datasets/imb_flower_0.05/train/water_lily/128.jpg	A flower is open and facing upwards.
../dataset/datasets/imb_flower_0.05/train/water_lily/138.jpg	A flower is fully bloomed, floating on water.
../dataset/datasets/imb_flower_0.05/train/water_lily/137.jpg	A flower stands upright with petals spread open.
../dataset/datasets/imb_flower_0.05/train/water_lily/142.jpg	A flower stands upright, petals spread open.
../dataset/datasets/imb_flower_0.05/train/water_lily/126.jpg	A flower is fully bloomed, facing upwards.
../dataset/datasets/imb_flower_0.05/train/rose/205.jpg	A flower stands upright, slightly open.
../dataset/datasets/imb_flower_0.05/train/rose/185.jpg	A flower stands upright, slightly curved.
../dataset/datasets/imb_flower_0.05/train/rose/214.jpg	A flower is in full bloom, slightly open.
../dataset/datasets/imb_flower_0.05/train/rose/209.jpg	A flower stands upright with petals slightly unfurled.
../dataset/datasets/imb_flower_0.05/train/rose/200.jpg	A flower stands upright, slightly open.
../dataset/datasets/imb_flower_0.05/train/rose/206.jpg	A flower is fully bloomed with a bud next to it.
../dataset/datasets/imb_flower_0.05/train/rose/210.jpg	A flower stands upright with petals fully unfurled.
../dataset/datasets/imb_flower_0.05/train/rose/213.jpg	A flower stands upright, slightly open.
../dataset/datasets/imb_flower_0.05/train/rose/202.jpg	A flower stands upright, fully bloomed.
../dataset/datasets/imb_flower_0.05/train/rose/192.jpg	A flower stands upright, petals slightly curled.
../dataset/datasets/imb_flower_0.05/train/rose/194.jpg	A flower stands upright with petals slightly curled.
../dataset/datasets/imb_flower_0.05/train/rose/208.jpg	A flower stands upright, slightly open.
../dataset/datasets/imb_flower_0.05/train/rose/188.jpg	A flower stands upright with dewdrops glistening on its petals.
../dataset/datasets/imb_flower_0.05/train/rose/212.jpg	A flower stands upright, fully bloomed.
../dataset/datasets/imb_flower_0.05/train/rose/187.jpg	A flower stands upright with petals slightly curled.
../dataset/datasets/imb_flower_0.05/train/rose/199.jpg	A flower leans against a brick wall.
../dataset/datasets/imb_flower_0.05/train/rose/215.jpg	A flower is slightly open, facing forward.
../dataset/datasets/imb_flower_0.05/train/rose/191.jpg	A flower stands upright, slightly angled.
../dataset/datasets/imb_flower_0.05/train/rose/201.jpg	A flower is in full bloom, petals unfurled.
../dataset/datasets/imb_flower_0.05/train/rose/196.jpg	A flower is fully bloomed with petals spread open.
../dataset/datasets/imb_flower_0.05/train/rose/211.jpg	A flower is slightly open, leaning to one side.
../dataset/datasets/imb_flower_0.05/train/rose/204.jpg	A flower stands upright, slightly open.
../dataset/datasets/imb_flower_0.05/train/rose/193.jpg	A flower is in full bloom, petals unfurled.
../dataset/datasets/imb_flower_0.05/train/rose/217.jpg	A flower stands upright, slightly open.
../dataset/datasets/imb_flower_0.05/train/rose/189.jpg	A flower stands gracefully, petals unfurled.
../dataset/datasets/imb_flower_0.05/train/rose/207.jpg	A flower is fully bloomed.
../dataset/datasets/imb_flower_0.05/train/rose/186.jpg	A flower is fully bloomed.
../dataset/datasets/imb_flower_0.05/train/rose/218.jpg	A flower stands upright with petals slightly unfurled.
../dataset/datasets/imb_flower_0.05/train/rose/190.jpg	A flower stands upright, slightly curved.
../dataset/datasets/imb_flower_0.05/train/rose/197.jpg	A flower stands upright with petals slightly curled.
../dataset/datasets/imb_flower_0.05/train/rose/203.jpg	A flower stands upright, slightly open.
../dataset/datasets/imb_flower_0.05/train/rose/216.jpg	A flower is fully bloomed.
../dataset/datasets/imb_flower_0.05/train/rose/198.jpg	A flower stands upright, petals unfurled.
../dataset/datasets/imb_flower_0.05/train/rose/195.jpg	A flower is in a closed bud state.
../dataset/datasets/imb_flower_0.05/train/thorn_apple/480.jpg	A flower stands upright with petals spread wide.
../dataset/datasets/imb_flower_0.05/train/thorn_apple/461.jpg	A flower stands upright with petals fully unfurled.
../dataset/datasets/imb_flower_0.05/train/thorn_apple/468.jpg	A flower is drooping.
../dataset/datasets/imb_flower_0.05/train/thorn_apple/479.jpg	A flower is fully open, facing upwards.
../dataset/datasets/imb_flower_0.05/train/thorn_apple/474.jpg	A flower hangs downward, petals spread wide.
../dataset/datasets/imb_flower_0.05/train/thorn_apple/477.jpg	A flower stands open, petals spread wide.
../dataset/datasets/imb_flower_0.05/train/thorn_apple/458.jpg	A flower is open and facing upwards.
../dataset/datasets/imb_flower_0.05/train/thorn_apple/463.jpg	A flower is fully bloomed, facing upwards.
../dataset/datasets/imb_flower_0.05/train/thorn_apple/459.jpg	A flower is drooping.
../dataset/datasets/imb_flower_0.05/train/thorn_apple/471.jpg	A flower stands upright, petals spread wide.
../dataset/datasets/imb_flower_0.05/train/thorn_apple/465.jpg	A flower is open, facing upwards.
../dataset/datasets/imb_flower_0.05/train/thorn_apple/456.jpg	A flower is being held open by a hand.
../dataset/datasets/imb_flower_0.05/train/thorn_apple/466.jpg	A flower stands upright with petals spread open.
../dataset/datasets/imb_flower_0.05/train/thorn_apple/476.jpg	A flower stands upright with petals slightly spread.
../dataset/datasets/imb_flower_0.05/train/thorn_apple/469.jpg	A flower stands upright with petals spread open.
../dataset/datasets/imb_flower_0.05/train/thorn_apple/460.jpg	A flower stands upright with petals slightly spread.
../dataset/datasets/imb_flower_0.05/train/thorn_apple/475.jpg	A flower stands upright with petals spread open.
../dataset/datasets/imb_flower_0.05/train/thorn_apple/462.jpg	A flower is drooping.
../dataset/datasets/imb_flower_0.05/train/thorn_apple/478.jpg	A flower stands open, facing upwards.
../dataset/datasets/imb_flower_0.05/train/thorn_apple/467.jpg	A flower is drooping.
../dataset/datasets/imb_flower_0.05/train/thorn_apple/481.jpg	A flower stands open, facing forward.
../dataset/datasets/imb_flower_0.05/train/thorn_apple/473.jpg	A flower stands upright with petals spread wide.
../dataset/datasets/imb_flower_0.05/train/thorn_apple/470.jpg	A flower is drooping.
../dataset/datasets/imb_flower_0.05/train/thorn_apple/464.jpg	A flower stands upright with petals spread wide.
../dataset/datasets/imb_flower_0.05/train/thorn_apple/457.jpg	A flower stands upright with petals spread wide.
../dataset/datasets/imb_flower_0.05/train/thorn_apple/472.jpg	A flower stands upright with petals spread open.
../dataset/datasets/imb_flower_0.05/train/morning_glory/610.jpg	A flower is open and facing forward.
../dataset/datasets/imb_flower_0.05/train/morning_glory/604.jpg	A flower is open and facing forward.
../dataset/datasets/imb_flower_0.05/train/morning_glory/601.jpg	A flower stands upright with petals spread wide.
../dataset/datasets/imb_flower_0.05/train/morning_glory/613.jpg	A flower is fully bloomed, facing forward.
../dataset/datasets/imb_flower_0.05/train/morning_glory/603.jpg	A flower stands upright with petals spread wide.
../dataset/datasets/imb_flower_0.05/train/morning_glory/614.jpg	A flower is open and facing upwards.
../dataset/datasets/imb_flower_0.05/train/morning_glory/602.jpg	A flower is open and facing forward.
../dataset/datasets/imb_flower_0.05/train/morning_glory/607.jpg	A flower stands upright.
../dataset/datasets/imb_flower_0.05/train/morning_glory/616.jpg	A flower is open and facing forward.
../dataset/datasets/imb_flower_0.05/train/morning_glory/599.jpg	A flower stands upright among green leaves.
../dataset/datasets/imb_flower_0.05/train/morning_glory/619.jpg	A flower stands upright, petals spread wide.
../dataset/datasets/imb_flower_0.05/train/morning_glory/612.jpg	A flower stands upright with petals spread open.
../dataset/datasets/imb_flower_0.05/train/morning_glory/611.jpg	A flower stands open, petals spread wide.
../dataset/datasets/imb_flower_0.05/train/morning_glory/609.jpg	A flower stands upright, slightly open.
../dataset/datasets/imb_flower_0.05/train/morning_glory/618.jpg	A flower stands upright.
../dataset/datasets/imb_flower_0.05/train/morning_glory/617.jpg	A flower stands upright.
../dataset/datasets/imb_flower_0.05/train/morning_glory/608.jpg	A flower is open and facing forward.
../dataset/datasets/imb_flower_0.05/train/morning_glory/600.jpg	A flower stands open, facing skyward.
../dataset/datasets/imb_flower_0.05/train/morning_glory/615.jpg	A flower is open and facing forward.
../dataset/datasets/imb_flower_0.05/train/morning_glory/606.jpg	A flower stands upright among leaves.
../dataset/datasets/imb_flower_0.05/train/morning_glory/605.jpg	A flower stands upright.
../dataset/datasets/imb_flower_0.05/train/passion_flower/61.jpg	A flower stands upright with petals and stamens fully extended.
../dataset/datasets/imb_flower_0.05/train/passion_flower/70.jpg	A flower stands upright with petals spread wide.
../dataset/datasets/imb_flower_0.05/train/passion_flower/51.jpg	A flower hangs gracefully, petals spread.
../dataset/datasets/imb_flower_0.05/train/passion_flower/40.jpg	A flower stands upright with petals and stamens spread out.
../dataset/datasets/imb_flower_0.05/train/passion_flower/41.jpg	A flower stands open, displaying its intricate structure.
../dataset/datasets/imb_flower_0.05/train/passion_flower/55.jpg	A flower stands upright with petals spread wide.
../dataset/datasets/imb_flower_0.05/train/passion_flower/66.jpg	A flower stands open, displaying its intricate stamens and petals.
../dataset/datasets/imb_flower_0.05/train/passion_flower/53.jpg	A flower stands upright with petals and stamens spread out.
../dataset/datasets/imb_flower_0.05/train/passion_flower/54.jpg	A flower stands upright, petals spread wide.
../dataset/datasets/imb_flower_0.05/train/passion_flower/52.jpg	A flower stands upright with petals spread.
../dataset/datasets/imb_flower_0.05/train/passion_flower/69.jpg	A flower is held upright by a hand.
../dataset/datasets/imb_flower_0.05/train/passion_flower/72.jpg	A flower stands upright with petals spread wide.
../dataset/datasets/imb_flower_0.05/train/passion_flower/59.jpg	A flower stands upright with petals spread.
../dataset/datasets/imb_flower_0.05/train/passion_flower/68.jpg	A flower stands upright with petals spread.
../dataset/datasets/imb_flower_0.05/train/passion_flower/60.jpg	A flower is open and facing forward.
../dataset/datasets/imb_flower_0.05/train/passion_flower/39.jpg	A flower stands upright with petals spread.
../dataset/datasets/imb_flower_0.05/train/passion_flower/67.jpg	A flower stands upright with petals spread wide.
../dataset/datasets/imb_flower_0.05/train/passion_flower/48.jpg	A flower stands open, displaying its intricate structure.
../dataset/datasets/imb_flower_0.05/train/passion_flower/71.jpg	A flower is held gently, showcasing its intricate details.
../dataset/datasets/imb_flower_0.05/train/passion_flower/57.jpg	A flower stands upright with petals spread.
../dataset/datasets/imb_flower_0.05/train/passion_flower/49.jpg	A flower stands upright with petals spread.
../dataset/datasets/imb_flower_0.05/train/passion_flower/62.jpg	A flower stands upright with petals spread.
../dataset/datasets/imb_flower_0.05/train/passion_flower/42.jpg	A flower stands upright with petals spread.
../dataset/datasets/imb_flower_0.05/train/passion_flower/47.jpg	A flower stands open, displaying its intricate petals and center.
../dataset/datasets/imb_flower_0.05/train/passion_flower/46.jpg	A flower stands open, displaying its intricate center and vibrant petals.
../dataset/datasets/imb_flower_0.05/train/passion_flower/45.jpg	A flower stands upright with petals spread.
../dataset/datasets/imb_flower_0.05/train/passion_flower/58.jpg	A flower stands upright with petals spread.
../dataset/datasets/imb_flower_0.05/train/passion_flower/65.jpg	A flower stands upright with petals spread wide.
../dataset/datasets/imb_flower_0.05/train/passion_flower/76.jpg	A flower stands upright, petals spread wide.
../dataset/datasets/imb_flower_0.05/train/passion_flower/43.jpg	A flower stands open, displaying its intricate stamens and petals.
../dataset/datasets/imb_flower_0.05/train/passion_flower/44.jpg	A flower stands upright with petals spread wide.
../dataset/datasets/imb_flower_0.05/train/passion_flower/50.jpg	A flower stands upright with its petals spread wide.
../dataset/datasets/imb_flower_0.05/train/passion_flower/75.jpg	A flower stands open, displaying its intricate petals and center.
../dataset/datasets/imb_flower_0.05/train/passion_flower/63.jpg	A flower stands upright with petals spread wide.
../dataset/datasets/imb_flower_0.05/train/passion_flower/73.jpg	A flower stands open, displaying vibrant petals and intricate stamens.
../dataset/datasets/imb_flower_0.05/train/passion_flower/74.jpg	A flower stands upright with petals spread wide.
../dataset/datasets/imb_flower_0.05/train/passion_flower/64.jpg	A flower stands upright with petals spread wide.
../dataset/datasets/imb_flower_0.05/train/passion_flower/56.jpg	A flower stands upright with petals spread wide.
../dataset/datasets/imb_flower_0.05/train/lotus/331.jpg	A flower stands upright with petals spread open.
../dataset/datasets/imb_flower_0.05/train/lotus/325.jpg	A flower stands open, petals spread wide.
../dataset/datasets/imb_flower_0.05/train/lotus/335.jpg	A flower stands upright with petals spread open.
../dataset/datasets/imb_flower_0.05/train/lotus/319.jpg	A flower stands upright with petals spread open.
../dataset/datasets/imb_flower_0.05/train/lotus/324.jpg	A flower stands open, petals spread.
../dataset/datasets/imb_flower_0.05/train/lotus/330.jpg	A flower stands open, displaying its petals and center.
../dataset/datasets/imb_flower_0.05/train/lotus/320.jpg	A flower stands upright with petals spread open.
../dataset/datasets/imb_flower_0.05/train/lotus/315.jpg	A flower stands upright with petals fully open.
../dataset/datasets/imb_flower_0.05/train/lotus/329.jpg	A flower stands upright with petals spread open.
../dataset/datasets/imb_flower_0.05/train/lotus/343.jpg	A flower stands open, displaying its petals and center.
../dataset/datasets/imb_flower_0.05/train/lotus/336.jpg	A flower stands upright.
../dataset/datasets/imb_flower_0.05/train/lotus/323.jpg	A flower stands open, petals spread wide.
../dataset/datasets/imb_flower_0.05/train/lotus/322.jpg	A flower stands upright, petals unfurled.
../dataset/datasets/imb_flower_0.05/train/lotus/342.jpg	A flower stands upright, petals unfurled.
../dataset/datasets/imb_flower_0.05/train/lotus/338.jpg	A flower stands open, displaying its vibrant petals and yellow center.
../dataset/datasets/imb_flower_0.05/train/lotus/327.jpg	A flower stands upright with petals spread open.
../dataset/datasets/imb_flower_0.05/train/lotus/340.jpg	A flower stands open, petals spread wide.
../dataset/datasets/imb_flower_0.05/train/lotus/326.jpg	A flower stands upright with petals slightly spread.
../dataset/datasets/imb_flower_0.05/train/lotus/339.jpg	A flower stands upright, petals spread wide.
../dataset/datasets/imb_flower_0.05/train/lotus/344.jpg	A flower is closed, upright.
../dataset/datasets/imb_flower_0.05/train/lotus/333.jpg	A flower stands upright with petals spread open.
../dataset/datasets/imb_flower_0.05/train/lotus/318.jpg	A flower stands upright, petals fully unfurled.
../dataset/datasets/imb_flower_0.05/train/lotus/337.jpg	A flower stands upright with petals spread open.
../dataset/datasets/imb_flower_0.05/train/lotus/321.jpg	A flower stands upright against a blue sky.
../dataset/datasets/imb_flower_0.05/train/lotus/316.jpg	A flower stands upright among leaves.
../dataset/datasets/imb_flower_0.05/train/lotus/332.jpg	A flower stands upright with petals spread open.
../dataset/datasets/imb_flower_0.05/train/lotus/317.jpg	A flower stands upright against a clear sky.
../dataset/datasets/imb_flower_0.05/train/lotus/334.jpg	A flower is open, facing forward.
../dataset/datasets/imb_flower_0.05/train/lotus/328.jpg	A flower stands open, displaying its petals and center.
../dataset/datasets/imb_flower_0.05/train/lotus/341.jpg	A flower stands upright with petals spread open.
../dataset/datasets/imb_flower_0.05/train/toad_lily/1237.jpg	A flower stands upright with petals spread.
../dataset/datasets/imb_flower_0.05/train/anthurium/620.jpg	A flower stands upright with a curved petal.
../dataset/datasets/imb_flower_0.05/train/anthurium/626.jpg	A flower is upright with a prominent yellow spadix.
../dataset/datasets/imb_flower_0.05/train/anthurium/634.jpg	A flower stands upright with vibrant red leaves and a prominent yellow spadix.
../dataset/datasets/imb_flower_0.05/train/anthurium/622.jpg	A flower stands upright with its petals spread open.
../dataset/datasets/imb_flower_0.05/train/anthurium/621.jpg	A flower stands upright with its petals spread wide.
../dataset/datasets/imb_flower_0.05/train/anthurium/630.jpg	A flower leans against a tree trunk.
../dataset/datasets/imb_flower_0.05/train/anthurium/628.jpg	A flower stands upright with vibrant red petals and a white, yellow-striped spathe.
../dataset/datasets/imb_flower_0.05/train/anthurium/625.jpg	A flower stands upright with a vibrant red spathe and a yellow spadix.
../dataset/datasets/imb_flower_0.05/train/anthurium/637.jpg	A flower stands upright with a curved petal.
../dataset/datasets/imb_flower_0.05/train/anthurium/627.jpg	A flower leans gracefully, stem arched upwards.
../dataset/datasets/imb_flower_0.05/train/anthurium/629.jpg	A flower hangs downward.
../dataset/datasets/imb_flower_0.05/train/anthurium/624.jpg	A flower stands upright with a vibrant red spathe and green spadix.
../dataset/datasets/imb_flower_0.05/train/anthurium/623.jpg	A flower stands upright with its petals spread open.
../dataset/datasets/imb_flower_0.05/train/anthurium/633.jpg	A flower stands upright with petals spread open.
../dataset/datasets/imb_flower_0.05/train/anthurium/639.jpg	A flower stands upright with petals spread open.
../dataset/datasets/imb_flower_0.05/train/anthurium/632.jpg	A flower stands upright with a prominent yellow spadix.
../dataset/datasets/imb_flower_0.05/train/anthurium/635.jpg	A flower is open, displaying its petal and spadix.
../dataset/datasets/imb_flower_0.05/train/anthurium/631.jpg	A flower stands upright with vibrant red petals and a yellow spadix.
../dataset/datasets/imb_flower_0.05/train/anthurium/640.jpg	A flower is drooping.
../dataset/datasets/imb_flower_0.05/train/anthurium/638.jpg	A flower stands upright with a prominent stem.
../dataset/datasets/imb_flower_0.05/train/anthurium/636.jpg	A flower stands upright with a vibrant red petal and a white spathe.
../dataset/datasets/imb_flower_0.05/train/frangipani/251.jpg	A flower is open and facing forward.
../dataset/datasets/imb_flower_0.05/train/frangipani/234.jpg	A flower stands open, facing forward.
../dataset/datasets/imb_flower_0.05/train/frangipani/240.jpg	A flower is fully bloomed with petals spread wide.
../dataset/datasets/imb_flower_0.05/train/frangipani/248.jpg	A flower is open and facing forward.
../dataset/datasets/imb_flower_0.05/train/frangipani/245.jpg	A flower held gently between fingers.
../dataset/datasets/imb_flower_0.05/train/frangipani/242.jpg	A flower is slightly tilted, showcasing its vibrant petals.
../dataset/datasets/imb_flower_0.05/train/frangipani/224.jpg	A flower is held gently, showcasing its delicate petals.
../dataset/datasets/imb_flower_0.05/train/frangipani/241.jpg	A flower stands upright with petals spread open.
../dataset/datasets/imb_flower_0.05/train/frangipani/227.jpg	A flower is slightly drooping.
../dataset/datasets/imb_flower_0.05/train/frangipani/219.jpg	A flower is fully bloomed, displaying its vibrant petals.
../dataset/datasets/imb_flower_0.05/train/frangipani/221.jpg	A flower stands upright with petals spread wide.
../dataset/datasets/imb_flower_0.05/train/frangipani/235.jpg	A flower is leaning slightly to the left.
../dataset/datasets/imb_flower_0.05/train/frangipani/236.jpg	A flower stands upright with petals fully open.
../dataset/datasets/imb_flower_0.05/train/frangipani/250.jpg	A flower is open and facing forward.
../dataset/datasets/imb_flower_0.05/train/frangipani/244.jpg	A flower stands upright, slightly leaning forward.
../dataset/datasets/imb_flower_0.05/train/frangipani/238.jpg	A flower is fully bloomed, displaying vibrant yellow and white petals.
../dataset/datasets/imb_flower_0.05/train/frangipani/225.jpg	A flower is fully bloomed, facing forward.
../dataset/datasets/imb_flower_0.05/train/frangipani/233.jpg	A flower is open and facing forward.
../dataset/datasets/imb_flower_0.05/train/frangipani/247.jpg	A flower is open and droplets are visible on its petals.
../dataset/datasets/imb_flower_0.05/train/frangipani/222.jpg	A flower is drooping slightly.
../dataset/datasets/imb_flower_0.05/train/frangipani/243.jpg	A flower stands upright with petals fully open.
../dataset/datasets/imb_flower_0.05/train/frangipani/230.jpg	A flower is open and facing forward.
../dataset/datasets/imb_flower_0.05/train/frangipani/237.jpg	A flower is open and facing forward.
../dataset/datasets/imb_flower_0.05/train/frangipani/246.jpg	A flower is fully bloomed, displaying its petals outward.
../dataset/datasets/imb_flower_0.05/train/frangipani/220.jpg	A flower lies flat, petals spread.
../dataset/datasets/imb_flower_0.05/train/frangipani/231.jpg	A flower is slightly drooping.
../dataset/datasets/imb_flower_0.05/train/frangipani/223.jpg	A flower is open and facing forward.
../dataset/datasets/imb_flower_0.05/train/frangipani/229.jpg	A flower stands upright with petals fully open.
../dataset/datasets/imb_flower_0.05/train/frangipani/226.jpg	A flower stands upright with petals fully open.
../dataset/datasets/imb_flower_0.05/train/frangipani/232.jpg	A flower is open and facing forward.
../dataset/datasets/imb_flower_0.05/train/frangipani/249.jpg	A flower is fully bloomed, displaying its vibrant yellow and white petals.
../dataset/datasets/imb_flower_0.05/train/frangipani/228.jpg	A flower is fully bloomed with petals spread open.
../dataset/datasets/imb_flower_0.05/train/frangipani/239.jpg	A flower stands open, facing forward.
../dataset/datasets/imb_flower_0.05/train/clematis/523.jpg	A flower stands upright with petals spread open.
../dataset/datasets/imb_flower_0.05/train/clematis/508.jpg	A flower stands upright with petals spread open.
../dataset/datasets/imb_flower_0.05/train/clematis/516.jpg	A flower stands open, petals spread wide.
../dataset/datasets/imb_flower_0.05/train/clematis/521.jpg	A flower is open and facing forward.
../dataset/datasets/imb_flower_0.05/train/clematis/512.jpg	A flower stands upright with petals spread open.
../dataset/datasets/imb_flower_0.05/train/clematis/526.jpg	A flower stands open, displaying vibrant petals and intricate center.
../dataset/datasets/imb_flower_0.05/train/clematis/519.jpg	A flower stands upright with petals spread wide.
../dataset/datasets/imb_flower_0.05/train/clematis/511.jpg	A flower stands upright with petals spread open.
../dataset/datasets/imb_flower_0.05/train/clematis/525.jpg	A flower stands upright with petals fully open.
../dataset/datasets/imb_flower_0.05/train/clematis/518.jpg	A flower is fully bloomed with petals spread wide.
../dataset/datasets/imb_flower_0.05/train/clematis/514.jpg	A flower stands upright with petals fully open.
../dataset/datasets/imb_flower_0.05/train/clematis/528.jpg	A flower stands upright with petals spread wide.
../dataset/datasets/imb_flower_0.05/train/clematis/513.jpg	A flower stands upright with petals fully open.
../dataset/datasets/imb_flower_0.05/train/clematis/517.jpg	A flower is held gently in a hand.
../dataset/datasets/imb_flower_0.05/train/clematis/530.jpg	A flower is open and facing forward.
../dataset/datasets/imb_flower_0.05/train/clematis/509.jpg	A flower stands upright, petals spread wide.
../dataset/datasets/imb_flower_0.05/train/clematis/524.jpg	A flower stands upright with petals spread open.
../dataset/datasets/imb_flower_0.05/train/clematis/522.jpg	A flower is fully bloomed with petals spread wide.
../dataset/datasets/imb_flower_0.05/train/clematis/510.jpg	A flower is hanging from a trellis.
../dataset/datasets/imb_flower_0.05/train/clematis/507.jpg	A flower is fully open, displaying its petals.
../dataset/datasets/imb_flower_0.05/train/clematis/529.jpg	A flower is fully bloomed with petals spread open.
../dataset/datasets/imb_flower_0.05/train/clematis/515.jpg	A flower stands upright with petals spread open.
../dataset/datasets/imb_flower_0.05/train/clematis/520.jpg	A flower stands upright with petals spread open.
../dataset/datasets/imb_flower_0.05/train/clematis/527.jpg	A flower is fully bloomed and facing forward.
../dataset/datasets/imb_flower_0.05/train/hibiscus/394.jpg	A flower stands open, displaying its petals fully.
../dataset/datasets/imb_flower_0.05/train/hibiscus/390.jpg	A flower stands open, facing slightly downward.
../dataset/datasets/imb_flower_0.05/train/hibiscus/378.jpg	A flower stands upright with petals spread wide.
../dataset/datasets/imb_flower_0.05/train/hibiscus/401.jpg	A flower stands open, facing forward.
../dataset/datasets/imb_flower_0.05/train/hibiscus/400.jpg	A flower stands open, displaying its vibrant petals and central stamen.
../dataset/datasets/imb_flower_0.05/train/hibiscus/377.jpg	A flower stands upright with petals spread open.
../dataset/datasets/imb_flower_0.05/train/hibiscus/396.jpg	A flower stands upright, fully bloomed.
../dataset/datasets/imb_flower_0.05/train/hibiscus/399.jpg	A flower stands upright, fully bloomed.
../dataset/datasets/imb_flower_0.05/train/hibiscus/392.jpg	A flower stands upright with petals spread open.
../dataset/datasets/imb_flower_0.05/train/hibiscus/376.jpg	A flower stands upright with petals spread wide.
../dataset/datasets/imb_flower_0.05/train/hibiscus/389.jpg	A flower stands open, displaying its vibrant petals and central stamen.
../dataset/datasets/imb_flower_0.05/train/hibiscus/383.jpg	A flower stands upright with petals fully open.
../dataset/datasets/imb_flower_0.05/train/hibiscus/385.jpg	A flower stands upright with petals spread open.
../dataset/datasets/imb_flower_0.05/train/hibiscus/379.jpg	A flower stands upright, petals spread wide.
../dataset/datasets/imb_flower_0.05/train/hibiscus/397.jpg	A flower stands upright with petals fully open.
../dataset/datasets/imb_flower_0.05/train/hibiscus/391.jpg	A flower stands upright with petals spread open.
../dataset/datasets/imb_flower_0.05/train/hibiscus/374.jpg	A flower stands upright with petals spread wide.
../dataset/datasets/imb_flower_0.05/train/hibiscus/380.jpg	A flower stands open, displaying its vibrant center.
../dataset/datasets/imb_flower_0.05/train/hibiscus/395.jpg	A flower stands upright with petals spread open.
../dataset/datasets/imb_flower_0.05/train/hibiscus/382.jpg	A flower is open and facing forward.
../dataset/datasets/imb_flower_0.05/train/hibiscus/388.jpg	A flower stands open, facing forward.
../dataset/datasets/imb_flower_0.05/train/hibiscus/393.jpg	A flower stands upright with petals spread open.
../dataset/datasets/imb_flower_0.05/train/hibiscus/386.jpg	A flower stands upright with petals spread open.
../dataset/datasets/imb_flower_0.05/train/hibiscus/384.jpg	A flower stands upright with petals spread wide.
../dataset/datasets/imb_flower_0.05/train/hibiscus/381.jpg	A flower stands open, facing forward.
../dataset/datasets/imb_flower_0.05/train/hibiscus/387.jpg	A flower stands upright, facing forward.
../dataset/datasets/imb_flower_0.05/train/hibiscus/375.jpg	A flower stands open, facing forward.
../dataset/datasets/imb_flower_0.05/train/hibiscus/398.jpg	A flower stands open, facing forward.
../dataset/datasets/imb_flower_0.05/train/columbine/805.jpg	A flower stands upright with petals spread open.
../dataset/datasets/imb_flower_0.05/train/columbine/815.jpg	A flower stands upright with petals spread open.
../dataset/datasets/imb_flower_0.05/train/columbine/802.jpg	A flower stands upright with petals spread open.
../dataset/datasets/imb_flower_0.05/train/columbine/811.jpg	A flower stands upright with petals spread open.
../dataset/datasets/imb_flower_0.05/train/columbine/806.jpg	A flower stands upright with vibrant petals.
../dataset/datasets/imb_flower_0.05/train/columbine/804.jpg	A flower stands upright with petals slightly spread.
../dataset/datasets/imb_flower_0.05/train/columbine/810.jpg	A flower stands upright with petals spread open.
../dataset/datasets/imb_flower_0.05/train/columbine/803.jpg	A flower stands upright with petals spread open.
../dataset/datasets/imb_flower_0.05/train/columbine/807.jpg	A flower stands upright with petals spread open.
../dataset/datasets/imb_flower_0.05/train/columbine/816.jpg	A flower stands upright with petals spread open.
../dataset/datasets/imb_flower_0.05/train/columbine/813.jpg	A flower stands upright with petals spread open.
../dataset/datasets/imb_flower_0.05/train/columbine/814.jpg	A flower stands upright with petals spread open.
../dataset/datasets/imb_flower_0.05/train/columbine/808.jpg	A flower stands upright with petals spread open.
../dataset/datasets/imb_flower_0.05/train/columbine/809.jpg	A flower stands upright with petals spread.
../dataset/datasets/imb_flower_0.05/train/columbine/812.jpg	A flower stands upright with petals spread open.
../dataset/datasets/imb_flower_0.05/train/desert-rose/1061.jpg	A flower stands upright, petals slightly spread.
../dataset/datasets/imb_flower_0.05/train/desert-rose/1059.jpg	A flower is leaning slightly to the left.
../dataset/datasets/imb_flower_0.05/train/desert-rose/1062.jpg	A flower stands upright with petals spread open.
../dataset/datasets/imb_flower_0.05/train/desert-rose/1063.jpg	A flower stands open, displaying its petals.
../dataset/datasets/imb_flower_0.05/train/desert-rose/1060.jpg	A flower stands upright with petals fully open.
../dataset/datasets/imb_flower_0.05/train/desert-rose/1057.jpg	A flower stands upright, petals spread wide.
../dataset/datasets/imb_flower_0.05/train/desert-rose/1058.jpg	A flower stands upright with petals spread open.
../dataset/datasets/imb_flower_0.05/train/tree_mallow/1114.jpg	A flower stands upright with petals spread open.
../dataset/datasets/imb_flower_0.05/train/tree_mallow/1113.jpg	A flower stands upright with petals spread open.
../dataset/datasets/imb_flower_0.05/train/tree_mallow/1112.jpg	A flower stands upright with petals spread open.
../dataset/datasets/imb_flower_0.05/train/tree_mallow/1111.jpg	A flower stands upright with petals fully unfurled.
../dataset/datasets/imb_flower_0.05/train/tree_mallow/1115.jpg	A flower stands upright with petals spread open.
../dataset/datasets/imb_flower_0.05/train/tree_mallow/1110.jpg	A flower stands upright with petals spread open.
../dataset/datasets/imb_flower_0.05/train/magnolia/1065.jpg	A flower is fully bloomed, displaying its petals outward.
../dataset/datasets/imb_flower_0.05/train/magnolia/1064.jpg	A flower stands upright with petals spread open.
../dataset/datasets/imb_flower_0.05/train/magnolia/1070.jpg	A flower is open, displaying its petals.
../dataset/datasets/imb_flower_0.05/train/magnolia/1066.jpg	A flower stands open, petals spread wide.
../dataset/datasets/imb_flower_0.05/train/magnolia/1067.jpg	A flower is open and facing forward.
../dataset/datasets/imb_flower_0.05/train/magnolia/1068.jpg	A flower stands open, petals fully spread.
../dataset/datasets/imb_flower_0.05/train/magnolia/1069.jpg	A flower is slightly drooping.
../dataset/datasets/imb_flower_0.05/train/cyclamen_/294.jpg	A flower stands upright with petals spread open.
../dataset/datasets/imb_flower_0.05/train/cyclamen_/290.jpg	A flower is drooping.
../dataset/datasets/imb_flower_0.05/train/cyclamen_/293.jpg	A flower is slightly tilted, showcasing its delicate petals.
../dataset/datasets/imb_flower_0.05/train/cyclamen_/313.jpg	A flower is drooping.
../dataset/datasets/imb_flower_0.05/train/cyclamen_/295.jpg	A flower stands upright with petals slightly spread.
../dataset/datasets/imb_flower_0.05/train/cyclamen_/305.jpg	A flower stands gracefully, petals slightly curled.
../dataset/datasets/imb_flower_0.05/train/cyclamen_/310.jpg	A flower droops downward.
../dataset/datasets/imb_flower_0.05/train/cyclamen_/311.jpg	A flower stands upright with petals slightly curled.
../dataset/datasets/imb_flower_0.05/train/cyclamen_/287.jpg	A flower leans slightly to the side.
../dataset/datasets/imb_flower_0.05/train/cyclamen_/308.jpg	A flower is slightly tilted.
../dataset/datasets/imb_flower_0.05/train/cyclamen_/291.jpg	A flower leans slightly to the side.
../dataset/datasets/imb_flower_0.05/train/cyclamen_/286.jpg	A flower leans slightly to the right.
../dataset/datasets/imb_flower_0.05/train/cyclamen_/314.jpg	A flower stands upright with petals slightly open.
../dataset/datasets/imb_flower_0.05/train/cyclamen_/296.jpg	A flower stands upright with petals slightly spread.
../dataset/datasets/imb_flower_0.05/train/cyclamen_/306.jpg	A flower leans slightly to the side.
../dataset/datasets/imb_flower_0.05/train/cyclamen_/289.jpg	A flower leans slightly to the left.
../dataset/datasets/imb_flower_0.05/train/cyclamen_/299.jpg	A flower is slightly tilted.
../dataset/datasets/imb_flower_0.05/train/cyclamen_/302.jpg	A flower droops downward.
../dataset/datasets/imb_flower_0.05/train/cyclamen_/300.jpg	A flower is drooping.
../dataset/datasets/imb_flower_0.05/train/cyclamen_/303.jpg	A flower stands upright with petals spread open.
../dataset/datasets/imb_flower_0.05/train/cyclamen_/284.jpg	A flower stands upright, petals slightly curved.
../dataset/datasets/imb_flower_0.05/train/cyclamen_/298.jpg	A flower leans slightly, petals spread.
../dataset/datasets/imb_flower_0.05/train/cyclamen_/304.jpg	A flower is drooping.
../dataset/datasets/imb_flower_0.05/train/cyclamen_/309.jpg	A flower is drooping.
../dataset/datasets/imb_flower_0.05/train/cyclamen_/307.jpg	A flower stands upright with petals slightly spread.
../dataset/datasets/imb_flower_0.05/train/cyclamen_/312.jpg	A flower stands upright with petals slightly spread.
../dataset/datasets/imb_flower_0.05/train/cyclamen_/301.jpg	A flower is slightly tilted, with petals spread open.
../dataset/datasets/imb_flower_0.05/train/cyclamen_/285.jpg	A flower leans slightly to the left.
../dataset/datasets/imb_flower_0.05/train/cyclamen_/297.jpg	A flower stands upright with petals slightly spread.
../dataset/datasets/imb_flower_0.05/train/cyclamen_/288.jpg	A flower stands upright with petals slightly curved.
../dataset/datasets/imb_flower_0.05/train/cyclamen_/292.jpg	A flower leans gracefully.
../dataset/datasets/imb_flower_0.05/train/watercress/168.jpg	A flower stands upright with petals spread open.
../dataset/datasets/imb_flower_0.05/train/watercress/172.jpg	A flower is fully open, displaying vibrant petals.
../dataset/datasets/imb_flower_0.05/train/watercress/166.jpg	A flower is fully bloomed, displaying vibrant petals and stamens.
../dataset/datasets/imb_flower_0.05/train/watercress/163.jpg	A flower is open and facing forward.
../dataset/datasets/imb_flower_0.05/train/watercress/170.jpg	A flower stands upright with vibrant red petals and a yellow center.
../dataset/datasets/imb_flower_0.05/train/watercress/161.jpg	A flower is open and facing forward.
../dataset/datasets/imb_flower_0.05/train/watercress/167.jpg	A flower stands upright, facing forward.
../dataset/datasets/imb_flower_0.05/train/watercress/181.jpg	A flower stands upright with petals spread open.
../dataset/datasets/imb_flower_0.05/train/watercress/175.jpg	A flower stands upright with vibrant petals spread open.
../dataset/datasets/imb_flower_0.05/train/watercress/154.jpg	A flower stands upright with petals spread open.
../dataset/datasets/imb_flower_0.05/train/watercress/160.jpg	A flower is fully bloomed, facing forward.
../dataset/datasets/imb_flower_0.05/train/watercress/152.jpg	A flower stands open, displaying vibrant petals and central stamen.
../dataset/datasets/imb_flower_0.05/train/watercress/151.jpg	A flower stands upright with vibrant petals spread open.
../dataset/datasets/imb_flower_0.05/train/watercress/156.jpg	A flower stands upright, facing forward.
../dataset/datasets/imb_flower_0.05/train/watercress/174.jpg	A flower stands upright with vibrant petals spread open.
../dataset/datasets/imb_flower_0.05/train/watercress/171.jpg	A flower is open and facing upwards.
../dataset/datasets/imb_flower_0.05/train/watercress/176.jpg	A flower is open and facing upwards.
../dataset/datasets/imb_flower_0.05/train/watercress/184.jpg	A flower is fully bloomed, facing forward.
../dataset/datasets/imb_flower_0.05/train/watercress/179.jpg	A flower stands upright with petals spread open.
../dataset/datasets/imb_flower_0.05/train/watercress/182.jpg	A flower stands upright, petals fully unfurled.
../dataset/datasets/imb_flower_0.05/train/watercress/169.jpg	A flower stands upright, fully bloomed.
../dataset/datasets/imb_flower_0.05/train/watercress/150.jpg	A flower stands upright, vibrant and open.
../dataset/datasets/imb_flower_0.05/train/watercress/162.jpg	A flower stands upright with vibrant petals spread open.
../dataset/datasets/imb_flower_0.05/train/watercress/158.jpg	A flower stands upright, fully bloomed.
../dataset/datasets/imb_flower_0.05/train/watercress/159.jpg	A flower stands upright with petals spread open.
../dataset/datasets/imb_flower_0.05/train/watercress/173.jpg	A flower is fully bloomed, displaying its petals outward.
../dataset/datasets/imb_flower_0.05/train/watercress/165.jpg	A flower is open and facing upwards.
../dataset/datasets/imb_flower_0.05/train/watercress/164.jpg	A flower stands upright with petals spread open.
../dataset/datasets/imb_flower_0.05/train/watercress/177.jpg	A flower is open and facing forward.
../dataset/datasets/imb_flower_0.05/train/watercress/153.jpg	A flower stands upright with petals spread open.
../dataset/datasets/imb_flower_0.05/train/watercress/180.jpg	A flower stands upright.
../dataset/datasets/imb_flower_0.05/train/watercress/183.jpg	A flower is fully bloomed, displaying vibrant red petals and yellow center.
../dataset/datasets/imb_flower_0.05/train/watercress/178.jpg	A flower stands upright with vibrant red petals and yellow center.
../dataset/datasets/imb_flower_0.05/train/watercress/155.jpg	A flower stands upright with petals spread open.
../dataset/datasets/imb_flower_0.05/train/watercress/157.jpg	A flower stands upright with petals spread open.
../dataset/datasets/imb_flower_0.05/train/canna_lily/898.jpg	A flower stands upright with petals spread open.
../dataset/datasets/imb_flower_0.05/train/canna_lily/894.jpg	A flower is slightly tilted, showcasing its vibrant petals and intricate center.
../dataset/datasets/imb_flower_0.05/train/canna_lily/897.jpg	A flower stands upright with petals slightly curled.
../dataset/datasets/imb_flower_0.05/train/canna_lily/891.jpg	A flower stands upright, petals spread open.
../dataset/datasets/imb_flower_0.05/train/canna_lily/886.jpg	A flower stands upright with petals spread open.
../dataset/datasets/imb_flower_0.05/train/canna_lily/896.jpg	A flower stands upright with petals slightly spread.
../dataset/datasets/imb_flower_0.05/train/canna_lily/889.jpg	A flower stands upright with petals spread open.
../dataset/datasets/imb_flower_0.05/train/canna_lily/888.jpg	A flower is slightly tilted, with petals spread open.
../dataset/datasets/imb_flower_0.05/train/canna_lily/895.jpg	A flower is slightly drooping.
../dataset/datasets/imb_flower_0.05/train/canna_lily/892.jpg	A flower stands upright with petals spread open.
../dataset/datasets/imb_flower_0.05/train/canna_lily/887.jpg	A flower stands upright, slightly tilted forward.
../dataset/datasets/imb_flower_0.05/train/canna_lily/890.jpg	A flower stands upright with petals spread open.
../dataset/datasets/imb_flower_0.05/train/canna_lily/893.jpg	A flower stands upright, petals spread open.
../dataset/datasets/imb_flower_0.05/train/hippeastrum_/945.jpg	A flower stands upright, petals spread wide.
../dataset/datasets/imb_flower_0.05/train/hippeastrum_/936.jpg	A flower stands upright, petals spread wide.
../dataset/datasets/imb_flower_0.05/train/hippeastrum_/941.jpg	A flower is open, displaying its petals and stamens.
../dataset/datasets/imb_flower_0.05/train/hippeastrum_/942.jpg	A flower is drooping slightly.
../dataset/datasets/imb_flower_0.05/train/hippeastrum_/938.jpg	A flower stands upright, petals fully open.
../dataset/datasets/imb_flower_0.05/train/hippeastrum_/944.jpg	A flower stands upright with petals spread open.
../dataset/datasets/imb_flower_0.05/train/hippeastrum_/935.jpg	A flower stands upright with petals spread open.
../dataset/datasets/imb_flower_0.05/train/hippeastrum_/937.jpg	A flower stands upright, petals slightly spread.
../dataset/datasets/imb_flower_0.05/train/hippeastrum_/943.jpg	A flower stands upright with petals slightly open.
../dataset/datasets/imb_flower_0.05/train/hippeastrum_/940.jpg	A flower stands upright with petals spread wide.
../dataset/datasets/imb_flower_0.05/train/hippeastrum_/939.jpg	A flower stands upright with petals spread open.
../dataset/datasets/imb_flower_0.05/train/bee_balm/1032.jpg	A flower stands upright with vibrant red petals spread outward.
../dataset/datasets/imb_flower_0.05/train/bee_balm/1031.jpg	A flower stands upright with petals spread.
../dataset/datasets/imb_flower_0.05/train/bee_balm/1026.jpg	A flower stands upright with vibrant purple petals and slender stamens extending outward.
../dataset/datasets/imb_flower_0.05/train/bee_balm/1030.jpg	A flower stands upright with vibrant red petals spread outward.
../dataset/datasets/imb_flower_0.05/train/bee_balm/1028.jpg	A flower stands upright with vibrant red petals spread outwards.
../dataset/datasets/imb_flower_0.05/train/bee_balm/1029.jpg	A flower stands upright with vibrant red petals spread outward.
../dataset/datasets/imb_flower_0.05/train/bee_balm/1027.jpg	A flower stands upright with delicate petals spread.
../dataset/datasets/imb_flower_0.05/train/bee_balm/1025.jpg	A flower stands upright with delicate petals extending outward.
../dataset/datasets/imb_flower_0.05/train/ball_moss/1198.jpg	A flower leans gracefully, petals unfurled.
../dataset/datasets/imb_flower_0.05/train/ball_moss/1199.jpg	A flower stands upright, slightly tilted.
../dataset/datasets/imb_flower_0.05/train/ball_moss/1200.jpg	A flower stands upright with petals fanned out.
../dataset/datasets/imb_flower_0.05/train/foxglove/272.jpg	A flower hangs downward.
../dataset/datasets/imb_flower_0.05/train/foxglove/262.jpg	A flower hangs downward.
../dataset/datasets/imb_flower_0.05/train/foxglove/269.jpg	A flower stands upright, drooping slightly at the tips.
../dataset/datasets/imb_flower_0.05/train/foxglove/283.jpg	A flower hangs downward, droplets glisten.
../dataset/datasets/imb_flower_0.05/train/foxglove/264.jpg	A flower stands upright, drooping slightly at the tips.
../dataset/datasets/imb_flower_0.05/train/foxglove/279.jpg	A flower is drooping.
../dataset/datasets/imb_flower_0.05/train/foxglove/266.jpg	A flower stands upright, drooping slightly at the bottom.
../dataset/datasets/imb_flower_0.05/train/foxglove/282.jpg	A flower stands upright, drooping slightly at the bottom.
../dataset/datasets/imb_flower_0.05/train/foxglove/253.jpg	A flower stands upright, slightly curved.
../dataset/datasets/imb_flower_0.05/train/foxglove/281.jpg	A flower stands upright, blooming.
../dataset/datasets/imb_flower_0.05/train/foxglove/260.jpg	A flower stands upright, slightly open.
../dataset/datasets/imb_flower_0.05/train/foxglove/258.jpg	A flower stands upright, drooping slightly at the tips.
../dataset/datasets/imb_flower_0.05/train/foxglove/263.jpg	A flower stands upright, drooping slightly at the tips.
../dataset/datasets/imb_flower_0.05/train/foxglove/268.jpg	A flower stands upright, slightly curved.
../dataset/datasets/imb_flower_0.05/train/foxglove/274.jpg	A flower stands upright, slightly drooping at the tips.
../dataset/datasets/imb_flower_0.05/train/foxglove/255.jpg	A flower stands upright, drooping slightly at the edges.
../dataset/datasets/imb_flower_0.05/train/foxglove/265.jpg	A flower stands upright, drooping slightly at the tips.
../dataset/datasets/imb_flower_0.05/train/foxglove/278.jpg	A flower stands upright, drooping slightly at the edges.
../dataset/datasets/imb_flower_0.05/train/foxglove/271.jpg	A flower stands upright, slightly curved.
../dataset/datasets/imb_flower_0.05/train/foxglove/277.jpg	A flower stands upright, drooping slightly at the edges.
../dataset/datasets/imb_flower_0.05/train/foxglove/256.jpg	A flower stands upright, drooping slightly at the bottom.
../dataset/datasets/imb_flower_0.05/train/foxglove/273.jpg	A flower stands upright, drooping slightly at the bottom.
../dataset/datasets/imb_flower_0.05/train/foxglove/261.jpg	A flower stands upright, drooping slightly at the edges.
../dataset/datasets/imb_flower_0.05/train/foxglove/275.jpg	A flower hangs downward, droplets glisten.
../dataset/datasets/imb_flower_0.05/train/foxglove/257.jpg	A flower stands upright, drooping slightly at the bottom.
../dataset/datasets/imb_flower_0.05/train/foxglove/270.jpg	A flower stands upright, drooping slightly at the tips.
../dataset/datasets/imb_flower_0.05/train/foxglove/259.jpg	A flower stands upright, slightly curved.
../dataset/datasets/imb_flower_0.05/train/foxglove/254.jpg	A flower stands upright, slightly curved.
../dataset/datasets/imb_flower_0.05/train/foxglove/252.jpg	A flower stands upright, drooping slightly at the tips.
../dataset/datasets/imb_flower_0.05/train/foxglove/267.jpg	A flower stands upright, petals unfurled.
../dataset/datasets/imb_flower_0.05/train/foxglove/276.jpg	A flower stands upright, drooping slightly at the tips.
../dataset/datasets/imb_flower_0.05/train/foxglove/280.jpg	A flower hangs downward, drooping slightly.
../dataset/datasets/imb_flower_0.05/train/bougainvillea/405.jpg	A flower stands upright with vibrant petals and a yellow center.
../dataset/datasets/imb_flower_0.05/train/bougainvillea/419.jpg	A flower stands upright with petals spread open.
../dataset/datasets/imb_flower_0.05/train/bougainvillea/420.jpg	A flower stands upright with petals spread open.
../dataset/datasets/imb_flower_0.05/train/bougainvillea/413.jpg	A flower is leaning slightly to the right.
../dataset/datasets/imb_flower_0.05/train/bougainvillea/402.jpg	A flower stands upright with petals spread.
../dataset/datasets/imb_flower_0.05/train/bougainvillea/407.jpg	A flower stands upright with petals spread open.
../dataset/datasets/imb_flower_0.05/train/bougainvillea/426.jpg	A flower stands upright with petals spread open.
../dataset/datasets/imb_flower_0.05/train/bougainvillea/421.jpg	A flower leans gracefully.
../dataset/datasets/imb_flower_0.05/train/bougainvillea/425.jpg	A flower stands upright with petals spread open.
../dataset/datasets/imb_flower_0.05/train/bougainvillea/422.jpg	A flower is drooping slightly.
../dataset/datasets/imb_flower_0.05/train/bougainvillea/403.jpg	A flower leans slightly, petals spread.
../dataset/datasets/imb_flower_0.05/train/bougainvillea/416.jpg	A flower is slightly tilted.
../dataset/datasets/imb_flower_0.05/train/bougainvillea/410.jpg	A flower stands upright with petals spread open.
../dataset/datasets/imb_flower_0.05/train/bougainvillea/412.jpg	A flower stands upright with petals spread open.
../dataset/datasets/imb_flower_0.05/train/bougainvillea/411.jpg	A flower leans slightly to the side.
../dataset/datasets/imb_flower_0.05/train/bougainvillea/404.jpg	A flower stands upright with petals spread open.
../dataset/datasets/imb_flower_0.05/train/bougainvillea/414.jpg	A flower stands open, petals spread wide.
../dataset/datasets/imb_flower_0.05/train/bougainvillea/417.jpg	A flower is open and facing upwards.
../dataset/datasets/imb_flower_0.05/train/bougainvillea/406.jpg	A flower is open and vibrant, displaying its petals fully.
../dataset/datasets/imb_flower_0.05/train/bougainvillea/427.jpg	A flower is drooping.
../dataset/datasets/imb_flower_0.05/train/bougainvillea/408.jpg	A flower stands upright with petals spread wide.
../dataset/datasets/imb_flower_0.05/train/bougainvillea/415.jpg	A flower stands upright with petals spread wide.
../dataset/datasets/imb_flower_0.05/train/bougainvillea/409.jpg	A flower is open and facing forward.
../dataset/datasets/imb_flower_0.05/train/bougainvillea/428.jpg	A flower stands upright with petals spread open.
../dataset/datasets/imb_flower_0.05/train/bougainvillea/424.jpg	A flower stands upright with petals spread open.
../dataset/datasets/imb_flower_0.05/train/bougainvillea/423.jpg	A flower is slightly drooping.
../dataset/datasets/imb_flower_0.05/train/bougainvillea/418.jpg	A flower is open with a grasshopper perched on it.
../dataset/datasets/imb_flower_0.05/train/camellia/765.jpg	A flower is fully bloomed, facing slightly upward.
../dataset/datasets/imb_flower_0.05/train/camellia/762.jpg	A flower stands upright, dew-kissed petals spread wide.
../dataset/datasets/imb_flower_0.05/train/camellia/768.jpg	A flower stands upright among leaves.
../dataset/datasets/imb_flower_0.05/train/camellia/763.jpg	A flower is fully bloomed, facing forward.
../dataset/datasets/imb_flower_0.05/train/camellia/767.jpg	A flower is slightly tilted.
../dataset/datasets/imb_flower_0.05/train/camellia/761.jpg	A flower stands upright with petals fully open.
../dataset/datasets/imb_flower_0.05/train/camellia/760.jpg	A flower stands open, displaying its petals.
../dataset/datasets/imb_flower_0.05/train/camellia/758.jpg	A flower is slightly open, facing forward.
../dataset/datasets/imb_flower_0.05/train/camellia/759.jpg	A flower stands open, displaying its petals.
../dataset/datasets/imb_flower_0.05/train/camellia/756.jpg	A flower stands upright with petals slightly spread.
../dataset/datasets/imb_flower_0.05/train/camellia/757.jpg	A flower stands open, displaying vibrant petals and a bright center.
../dataset/datasets/imb_flower_0.05/train/camellia/755.jpg	A flower is in full bloom, facing forward with its petals spread open.
../dataset/datasets/imb_flower_0.05/train/camellia/754.jpg	A flower stands upright with petals fully unfurled.
../dataset/datasets/imb_flower_0.05/train/camellia/766.jpg	A flower is drooping.
../dataset/datasets/imb_flower_0.05/train/camellia/764.jpg	A flower stands upright, blooming brightly.
../dataset/datasets/imb_flower_0.05/train/camellia/753.jpg	A flower is fully bloomed, facing forward.
../dataset/datasets/imb_flower_0.05/train/camellia/769.jpg	A flower stands upright with petals spread open.
../dataset/datasets/imb_flower_0.05/train/mallow/1036.jpg	A flower hangs downward, petals spread.
../dataset/datasets/imb_flower_0.05/train/mallow/1040.jpg	A flower is drooping.
../dataset/datasets/imb_flower_0.05/train/mallow/1034.jpg	A flower hangs downward.
../dataset/datasets/imb_flower_0.05/train/mallow/1038.jpg	A flower stands upright with petals spread open.
../dataset/datasets/imb_flower_0.05/train/mallow/1033.jpg	A flower is open and facing upwards.
../dataset/datasets/imb_flower_0.05/train/mallow/1037.jpg	A flower is open, displaying its vibrant red petals and yellow center.
../dataset/datasets/imb_flower_0.05/train/mallow/1035.jpg	A flower hangs gracefully, slightly tilted.
../dataset/datasets/imb_flower_0.05/train/mallow/1039.jpg	A flower stands upright with petals spread open.
../dataset/datasets/imb_flower_0.05/train/mexican_petunia/900.jpg	A flower stands upright with petals spread open.
../dataset/datasets/imb_flower_0.05/train/mexican_petunia/902.jpg	A flower is slightly tilted.
../dataset/datasets/imb_flower_0.05/train/mexican_petunia/905.jpg	A flower stands upright with petals spread open.
../dataset/datasets/imb_flower_0.05/train/mexican_petunia/908.jpg	A flower stands upright with petals spread open.
../dataset/datasets/imb_flower_0.05/train/mexican_petunia/904.jpg	A flower stands upright amidst greenery.
../dataset/datasets/imb_flower_0.05/train/mexican_petunia/906.jpg	A flower stands upright.
../dataset/datasets/imb_flower_0.05/train/mexican_petunia/907.jpg	A flower stands upright.
../dataset/datasets/imb_flower_0.05/train/mexican_petunia/901.jpg	A flower stands upright with petals spread open.
../dataset/datasets/imb_flower_0.05/train/mexican_petunia/910.jpg	A flower is fully bloomed, facing forward.
../dataset/datasets/imb_flower_0.05/train/mexican_petunia/909.jpg	A flower is leaning slightly to the right.
../dataset/datasets/imb_flower_0.05/train/mexican_petunia/903.jpg	A flower is slightly tilted.
../dataset/datasets/imb_flower_0.05/train/mexican_petunia/899.jpg	A flower is drooping slightly.
../dataset/datasets/imb_flower_0.05/train/bromelia/1077.jpg	A flower stands upright, petals spread wide.
../dataset/datasets/imb_flower_0.05/train/bromelia/1076.jpg	A flower stands upright with petals spread open.
../dataset/datasets/imb_flower_0.05/train/bromelia/1072.jpg	A flower stands upright with petals spread open.
../dataset/datasets/imb_flower_0.05/train/bromelia/1073.jpg	A flower stands upright with vibrant red petals spread outwards.
../dataset/datasets/imb_flower_0.05/train/bromelia/1071.jpg	A flower stands upright, petals spread wide.
../dataset/datasets/imb_flower_0.05/train/bromelia/1075.jpg	A flower stands upright with vibrant petals.
../dataset/datasets/imb_flower_0.05/train/bromelia/1074.jpg	A flower stands upright with vibrant petals.
../dataset/datasets/imb_flower_0.05/train/blanket_flower/1187.jpg	A flower stands upright with vibrant petals.
../dataset/datasets/imb_flower_0.05/train/blanket_flower/1186.jpg	A flower stands upright with petals spread.
../dataset/datasets/imb_flower_0.05/train/blanket_flower/1188.jpg	A flower stands upright with vibrant petals spread open.
../dataset/datasets/imb_flower_0.05/train/trumpet_creeper/1119.jpg	A flower is open and facing forward.
../dataset/datasets/imb_flower_0.05/train/trumpet_creeper/1118.jpg	A flower is open and facing forward.
../dataset/datasets/imb_flower_0.05/train/trumpet_creeper/1116.jpg	A flower stands upright with petals spread open.
../dataset/datasets/imb_flower_0.05/train/trumpet_creeper/1120.jpg	A flower stands upright against a blue sky.
../dataset/datasets/imb_flower_0.05/train/trumpet_creeper/1117.jpg	A flower is hanging downward.
../dataset/datasets/imb_flower_0.05/train/trumpet_creeper/1121.jpg	A flower is open and facing forward.
../dataset/datasets/imb_flower_0.05/train/blackberry_lily/1189.jpg	A flower is drooping slightly.
../dataset/datasets/imb_flower_0.05/train/blackberry_lily/1190.jpg	A flower stands upright with petals spread open.
../dataset/datasets/imb_flower_0.05/train/blackberry_lily/1191.jpg	A flower stands upright with vibrant petals.